"k","variable","param","simulated","estimated","median","q5","q95","bias","abs_bias","covered_90","rhat","ess_bulk","ess_tail"
1,"mu_alpha","alpha",2.95,3.024779504125,3.01671515,2.66653207,3.4077897,0.0747795041249999,0.0747795041249999,TRUE,1.00105621315896,4556.40417933879,7171.4169679901
1,"mu_beta","beta",0.204,0.204788236305867,0.20410547,0.110698402,0.300403983,0.000788236305866691,0.000788236305866691,TRUE,1.00069078994795,3707.36736044055,5639.60849577746
1,"mu_lambda","lambda",0.0191,0.0110881793358714,0.010318907,0.00144574241,0.0237439301,-0.00801182066412856,0.00801182066412856,TRUE,1.00017039829865,11627.6337040179,6810.60261964951
1,"mu_delta","delta",1.18,1.11999591690083,1.11740515,0.9385115415,1.309731375,-0.0600040830991666,0.0600040830991666,TRUE,1.0004467848174,3300.89667042031,5571.53068922383
1,"mu_eta","eta",-0.48,-0.481066184254167,-0.48114307,-0.594509405,-0.3653993865,-0.00106618425416666,0.00106618425416666,TRUE,1.00033023862305,4010.23301562428,6564.60450488111
2,"mu_alpha","alpha",4.12,4.03004970990833,4.02621795,3.647442915,4.442624555,-0.0899502900916671,0.0899502900916671,TRUE,1.000137645633,5277.82760362598,6780.69306817611
2,"mu_beta","beta",0.204,0.251192903222583,0.25049783,0.147830784,0.357301664,0.0471929032225833,0.0471929032225833,TRUE,1.00063383276248,2981.83634745801,4387.60913879109
2,"mu_lambda","lambda",0.0191,0.00570489337367221,0.0047222508,0.0003340963045,0.0142816356,-0.0133951066263278,0.0133951066263278,FALSE,1.00017329658057,10622.3093213038,6845.33975666486
2,"mu_delta","delta",1.18,1.13832150207167,1.13504445,0.971842332,1.32096605,-0.0416784979283333,0.0416784979283333,TRUE,1.00124752959231,2044.13354417456,4013.19649626522
2,"mu_eta","eta",-0.48,-0.2969296988585,-0.296603225,-0.4136732,-0.180740267,0.1830703011415,0.1830703011415,FALSE,1.00176358632559,3125.00453378954,5089.9012365486
3,"mu_alpha","alpha",5.25,5.57224886540833,5.5766053,5.233222015,5.89573904,0.322248865408334,0.322248865408334,TRUE,1.00104874819446,8868.0759470162,5430.13514746924
3,"mu_beta","beta",0.204,0.175385628561243,0.17592815,0.0592535298,0.291062595,-0.0286143714387575,0.0286143714387575,TRUE,1.00060326861231,3245.49557719409,5535.80042359592
3,"mu_lambda","lambda",0.0191,0.0222221975180583,0.0221149415,0.0087862899,0.0358267293,0.00312219751805834,0.00312219751805834,TRUE,1.00342313789053,7010.93638209569,6336.61242150593
3,"mu_delta","delta",1.18,1.2032569766325,1.19120645,1.0224928,1.427251645,0.0232569766325001,0.0232569766325001,TRUE,1.12219221596768,21.3866557513739,69.7619674287622
3,"mu_eta","eta",-0.48,-0.523390272181833,-0.528240985,-0.6477517085,-0.3803556255,-0.0433902721818333,0.0433902721818333,TRUE,1.15081296703334,18.091941520531,39.1144776392135
4,"mu_alpha","alpha",2.95,2.732264626075,2.7271878,2.36194091,3.116845735,-0.217735373925,0.217735373925,TRUE,1.00075359118346,6708.75297423149,7666.84518891397
4,"mu_beta","beta",0.405,0.481746381025833,0.480555175,0.401961013,0.5634868565,0.0767463810258333,0.0767463810258333,TRUE,1.00049079168355,8969.86711230627,8331.77214269825
4,"mu_lambda","lambda",0.0191,0.0270613752549867,0.0269014015,0.009829264905,0.04458859465,0.00796137525498667,0.00796137525498667,TRUE,0.999956647796151,10116.4173059069,7131.64916342945
4,"mu_delta","delta",1.18,1.12607369212167,1.121994,0.9799029925,1.28637686,-0.0539263078783332,0.0539263078783332,TRUE,1.00065093022034,5259.18214895027,6205.17641879783
4,"mu_eta","eta",-0.48,-0.465843492821333,-0.46654846,-0.589220648,-0.3429959345,0.0141565071786666,0.0141565071786666,TRUE,1.00080535589023,5462.49532208186,7081.02217994681
5,"mu_alpha","alpha",4.12,4.25640015111667,4.24542185,3.85858536,4.687331135,0.136400151116667,0.136400151116667,TRUE,1.00034996424831,5086.66731753635,6338.2066397105
5,"mu_beta","beta",0.405,0.419994097554083,0.419294795,0.3198408765,0.522052498,0.0149940975540833,0.0149940975540833,TRUE,1.00094855404072,3809.71454094859,5876.01056965615
5,"mu_lambda","lambda",0.0191,0.031341813058275,0.031428989,0.01920939855,0.0431339088,0.012241813058275,0.012241813058275,FALSE,1.0002877791449,11136.6539123734,7009.58491704586
5,"mu_delta","delta",1.18,1.3147279730875,1.31023775,1.145917415,1.499735425,0.1347279730875,0.1347279730875,TRUE,1.00126333634199,2786.37535211398,3044.43469695906
5,"mu_eta","eta",-0.48,-0.467621905770833,-0.467169905,-0.5798456115,-0.354299208,0.0123780942291666,0.0123780942291666,TRUE,1.0016251980691,2616.21788329319,4712.62540464457
6,"mu_alpha","alpha",5.25,5.47079393309167,5.47425605,5.085610615,5.84363991,0.220793933091667,0.220793933091667,TRUE,1.00029354118043,7850.11281786555,5706.54233846212
6,"mu_beta","beta",0.405,0.443685927159167,0.442582665,0.341669489,0.548054934,0.0386859271591666,0.0386859271591666,TRUE,1.00088240489159,4668.07860181688,6411.84537942246
6,"mu_lambda","lambda",0.0191,0.0303523473581667,0.0302465395,0.0164406339,0.0447206007,0.0112523473581667,0.0112523473581667,TRUE,1.00041654839949,6535.33547829759,6185.08901634706
6,"mu_delta","delta",1.18,1.355984603405,1.3481962,1.152489725,1.58487148,0.175984603405,0.175984603405,TRUE,1.00206147482556,1766.91284545692,3240.45212385392
6,"mu_eta","eta",-0.48,-0.513588420006667,-0.51636082,-0.6236944745,-0.3924267175,-0.0335884200066667,0.0335884200066667,TRUE,1.00243992591246,1956.27471832361,4808.34583798873
7,"mu_alpha","alpha",2.95,2.91472518153333,2.90817475,2.55049624,3.31097965,-0.0352748184666667,0.0352748184666667,TRUE,1.00665384259353,3718.13132098208,6461.74431312228
7,"mu_beta","beta",0.608,0.520792377711667,0.519409525,0.4204915765,0.624394382,-0.0872076222883333,0.0872076222883333,TRUE,1.00173569279162,3396.03960464854,5709.26653972046
7,"mu_lambda","lambda",0.0191,0.0222821156343992,0.022054137,0.007083751175,0.03851240845,0.00318211563439917,0.00318211563439917,TRUE,1.00040690765698,7973.80159698909,6130.54476639515
7,"mu_delta","delta",1.18,1.16521436365333,1.1357102,1.006162835,1.426269245,-0.0147856363466665,0.0147856363466665,TRUE,1.33053360210462,9.59049862842346,32.6633455159026
7,"mu_eta","eta",-0.48,-0.45775128652925,-0.466960685,-0.614804637,-0.2721258455,0.02224871347075,0.02224871347075,TRUE,1.27578498811293,11.0242914578903,36.3053831832179
8,"mu_alpha","alpha",4.12,4.191154338375,4.17705845,3.792555805,4.63748532,0.071154338375,0.071154338375,TRUE,0.999977417208948,6898.05486184849,6509.98869343364
8,"mu_beta","beta",0.608,0.6260439222375,0.624915755,0.5517253725,0.7058472125,0.0180439222375001,0.0180439222375001,TRUE,1.00015909392874,9224.65046488996,8441.88883385821
8,"mu_lambda","lambda",0.0191,0.0159114200652383,0.0156517875,0.00424736667,0.0283693466,-0.00318857993476166,0.00318857993476166,TRUE,1.00047603296067,7336.43364638708,5016.46635030237
8,"mu_delta","delta",1.18,1.18739625436333,1.18398745,1.017105975,1.36184609,0.00739625436333347,0.00739625436333347,TRUE,1.00103102722379,3438.82588615324,4478.08885180146
8,"mu_eta","eta",-0.48,-0.552270145180833,-0.55169238,-0.6668260645,-0.44095085,-0.0722701451808333,0.0722701451808333,TRUE,1.00055074293856,3113.1804379875,5489.92489387304
9,"mu_alpha","alpha",5.25,5.23921794631667,5.2245369,4.814704455,5.701406435,-0.0107820536833332,0.0107820536833332,TRUE,1.00004914531477,6303.83445781709,6096.80493057719
9,"mu_beta","beta",0.608,0.533848981905833,0.532698925,0.434009909,0.638968496,-0.0741510180941667,0.0741510180941667,TRUE,1.00029780769982,6268.6550814848,7955.86875478786
9,"mu_lambda","lambda",0.0191,0.028416458191725,0.0285037165,0.01690877585,0.0393006492,0.009316458191725,0.009316458191725,TRUE,1.0007537201344,10357.1339108707,6378.15225489159
9,"mu_delta","delta",1.18,1.06675693042833,1.0639115,0.9372634565,1.20625705,-0.113243069571667,0.113243069571667,TRUE,1.00188461518331,2720.78014014899,5001.33534474911
9,"mu_eta","eta",-0.48,-0.552168486338333,-0.552010405,-0.6400023435,-0.465554575,-0.0721684863383334,0.0721684863383334,TRUE,1.00097657262947,4140.61303632597,6600.90795731345
10,"mu_alpha","alpha",2.95,2.906985003225,2.9022116,2.575050685,3.257650695,-0.0430149967750002,0.0430149967750002,TRUE,1.00001606139448,5521.37191821579,6892.99972002386
10,"mu_beta","beta",0.204,0.218712580437683,0.217808275,0.1203461295,0.318946745,0.0147125804376833,0.0147125804376833,TRUE,1.00057175846227,3597.55333569894,5569.00970221428
10,"mu_lambda","lambda",0.0431,0.043959026865375,0.043702483,0.02293391,0.06551069555,0.000859026865375,0.000859026865375,TRUE,1.0003945467331,8340.23467352328,6805.88314599912
10,"mu_delta","delta",1.18,1.31666551828333,1.3113783,1.20968294,1.44033672,0.136665518283333,0.136665518283333,FALSE,1.00040109785789,8311.52984623138,7790.66868282044
10,"mu_eta","eta",-0.48,-0.49916831634,-0.502031065,-0.581236587,-0.4093037275,-0.01916831634,0.01916831634,TRUE,1.00004704990939,6544.43587192678,8183.49550524344
11,"mu_alpha","alpha",4.12,4.153880253075,4.14416555,3.763122065,4.58547692,0.033880253075,0.033880253075,TRUE,1.00079396763016,5845.08909223415,7734.63839361926
11,"mu_beta","beta",0.204,0.165348167968525,0.16500569,0.0794341429,0.2535959135,-0.038651832031475,0.038651832031475,TRUE,0.999992378430247,4741.82776577001,6629.9884475346
11,"mu_lambda","lambda",0.0431,0.04159411911745,0.041560758,0.02272112715,0.06080075185,-0.00150588088255,0.00150588088255,TRUE,1.00045116811069,7550.39928392051,5468.57478171573
11,"mu_delta","delta",1.18,1.13398324352833,1.13434665,0.9253759785,1.34257111,-0.0460167564716667,0.0460167564716667,TRUE,1.00072870260077,1457.83132301407,5209.48525909407
11,"mu_eta","eta",-0.48,-0.4601009049525,-0.4611685,-0.6045816225,-0.315389288,0.0198990950475,0.0198990950475,TRUE,1.00117974702748,3077.43575264036,4180.19925677202
12,"mu_alpha","alpha",5.25,5.40055462713333,5.39699675,5.047143335,5.765115755,0.150554627133333,0.150554627133333,TRUE,1.0006797581968,10366.6810016553,6903.382722501
12,"mu_beta","beta",0.204,0.299436083545,0.298589175,0.2252996665,0.376162847,0.095436083545,0.095436083545,FALSE,1.00036303762209,9588.37299386484,8619.20105706099
12,"mu_lambda","lambda",0.0431,0.0426755216021583,0.042692909,0.03093371195,0.05394708705,-0.000424478397841668,0.000424478397841668,TRUE,1.00107166754857,10891.8925317616,7081.75961374448
12,"mu_delta","delta",1.18,1.28339425183083,1.2795206,1.150156865,1.434519965,0.103394251830834,0.103394251830834,TRUE,1.22236876865023,12.7872559270603,59.0649305872034
12,"mu_eta","eta",-0.48,-0.517644981836667,-0.51828445,-0.6676228735,-0.3660506955,-0.0376449818366666,0.0376449818366666,TRUE,1.10969503612249,23.5969406459126,104.686974419261
13,"mu_alpha","alpha",2.95,2.937414417025,2.92986735,2.644414095,3.25071242,-0.0125855829750003,0.0125855829750003,TRUE,1.00038016080066,8724.96387919803,8264.34123772971
13,"mu_beta","beta",0.405,0.387196841651917,0.386806815,0.269573426,0.503951271,-0.0178031583480834,0.0178031583480834,TRUE,1.00035088434084,4660.11979150325,6670.94861624428
13,"mu_lambda","lambda",0.0431,0.06036670029395,0.060331872,0.0403411237,0.08022418805,0.01726670029395,0.01726670029395,TRUE,1.00072098374044,10103.277682728,7277.7979138717
13,"mu_delta","delta",1.18,1.05813240864667,1.05666765,0.956022143,1.162197855,-0.121867591353333,0.121867591353333,FALSE,1.000554390454,4090.76535988643,8002.69254450298
13,"mu_eta","eta",-0.48,-0.564438331501667,-0.56407955,-0.679843751,-0.451157353,-0.0844383315016667,0.0844383315016667,TRUE,1.00036652049043,6177.14187181629,7866.1074408593
14,"mu_alpha","alpha",4.12,4.41492310005833,4.40794145,3.959022895,4.89549252,0.294923100058333,0.294923100058333,TRUE,1.00072089278613,6777.53914525057,7196.57945366385
14,"mu_beta","beta",0.405,0.461592863166667,0.46072537,0.3707936785,0.5550445055,0.0565928631666666,0.0565928631666666,TRUE,1.000023269826,6053.61754870789,6659.94336856566
14,"mu_lambda","lambda",0.0431,0.0422637791355,0.042426313,0.0294100644,0.05457447135,-0.000836220864499998,0.000836220864499998,TRUE,1.00015542318947,10714.7370109304,6653.34773245062
14,"mu_delta","delta",1.18,1.39195404749417,1.3804642,1.183982245,1.634105485,0.211954047494167,0.211954047494167,FALSE,1.0005172622444,2340.4812401514,3840.06598068768
14,"mu_eta","eta",-0.48,-0.4686610906075,-0.468739345,-0.5560400155,-0.382267397,0.0113389093925,0.0113389093925,TRUE,1.00145608323534,2960.40601778905,3749.53423388816
15,"mu_alpha","alpha",5.25,5.40288111864167,5.39706225,5.061326685,5.760850745,0.152881118641667,0.152881118641667,TRUE,1.00005162015067,8387.9588320251,5477.37269319673
15,"mu_beta","beta",0.405,0.342860296284333,0.34222113,0.2237436745,0.465826149,-0.0621397037156667,0.0621397037156667,TRUE,1.00127701481339,3085.07716864571,5110.31937428898
15,"mu_lambda","lambda",0.0431,0.0493695991516583,0.049181527,0.03147584415,0.0678299088,0.00626959915165833,0.00626959915165833,TRUE,1.00045916299573,4121.03618742783,5353.46123101959
15,"mu_delta","delta",1.18,1.187835938425,1.1850579,0.9162010425,1.471973275,0.00783593842499997,0.00783593842499997,TRUE,1.00217454408932,1512.40074106786,2638.29287755705
15,"mu_eta","eta",-0.48,-0.428340965651,-0.428200355,-0.548059714,-0.308602363,0.051659034349,0.051659034349,TRUE,1.00126632180073,2076.31956024393,2741.75087544644
16,"mu_alpha","alpha",2.95,2.80559332325833,2.7993102,2.43441656,3.19862192,-0.144406676741667,0.144406676741667,TRUE,1.00079202869626,4951.15179635935,7238.59458874952
16,"mu_beta","beta",0.608,0.624207661383333,0.623773975,0.509615195,0.7425451875,0.0162076613833333,0.0162076613833333,TRUE,1.00108951530821,3887.04140095551,5824.4999981717
16,"mu_lambda","lambda",0.0431,0.032119536695775,0.03222532,0.0157471133,0.04818120695,-0.010980463304225,0.010980463304225,TRUE,1.00234317848261,7747.42745694762,6743.65867195455
16,"mu_delta","delta",1.18,1.15621503550333,1.1530832,1.00977346,1.312815255,-0.0237849644966666,0.0237849644966666,TRUE,1.25059298595948,12.1994759904698,140.722168284823
16,"mu_eta","eta",-0.48,-0.487893120628917,-0.49545532,-0.621191116,-0.3345646545,-0.00789312062891667,0.00789312062891667,TRUE,1.24389542700831,12.0401963445399,151.455850743932
17,"mu_alpha","alpha",4.12,3.91942934250833,3.9128828,3.524790565,4.341346995,-0.200570657491667,0.200570657491667,TRUE,1.00037983116816,6593.25463607795,7031.29380346532
17,"mu_beta","beta",0.608,0.6365964101625,0.63566799,0.5442000255,0.732162133,0.0285964101625,0.0285964101625,TRUE,1.00055612125568,5685.25289292428,7587.20241897305
17,"mu_lambda","lambda",0.0431,0.051950017297,0.0520081195,0.0355950528,0.0685078743,0.008850017297,0.008850017297,TRUE,1.00023135910677,7198.6632355208,5947.12247083961
17,"mu_delta","delta",1.18,1.17861746002333,1.1667101,0.985652865,1.41588653,-0.00138253997666671,0.00138253997666671,TRUE,1.03723661943215,73.7122255353117,95.4998072526007
17,"mu_eta","eta",-0.48,-0.444803504767,-0.4473325,-0.5775327385,-0.3050311535,0.035196495233,0.035196495233,TRUE,1.04933472176306,61.347548352196,108.022217471851
18,"mu_alpha","alpha",5.25,5.31112168315833,5.3058789,4.955421765,5.68869697,0.0611216831583334,0.0611216831583334,TRUE,1.00029349527692,10302.0315918409,5942.31333241645
18,"mu_beta","beta",0.608,0.577377817641667,0.57645807,0.4726199605,0.685278053,-0.0306221823583334,0.0306221823583334,TRUE,1.00006278153014,5947.40910671341,7965.20715738609
18,"mu_lambda","lambda",0.0431,0.0481603919130833,0.048066314,0.03244048695,0.06389318175,0.00506039191308334,0.00506039191308334,TRUE,1.00119877447744,6879.78558654059,7524.76927692154
18,"mu_delta","delta",1.18,1.11393595318667,1.1063689,1.01728106,1.233915735,-0.0660640468133333,0.0660640468133333,TRUE,1.0004794439421,3062.75383886668,2563.46288343538
18,"mu_eta","eta",-0.48,-0.4563197627225,-0.45506163,-0.5730510875,-0.3462175025,0.0236802372775,0.0236802372775,TRUE,1.00071321883053,3280.68959096854,5063.53511119414
19,"mu_alpha","alpha",2.95,2.750631829325,2.74822695,2.38427186,3.138127445,-0.199368170675,0.199368170675,TRUE,1.00138493565221,4764.30847188872,6940.96585318296
19,"mu_beta","beta",0.204,0.257144927056,0.25640701,0.163524955,0.3535495115,0.053144927056,0.053144927056,TRUE,1.00027003331377,5264.12753493173,7410.53199293069
19,"mu_lambda","lambda",0.0701,0.0681802996353333,0.068331908,0.04675631275,0.0894431107,-0.00191970036466667,0.00191970036466667,TRUE,1.000380362757,9985.20459046047,7820.8943463007
19,"mu_delta","delta",1.18,1.11793973210167,1.1143975,0.949712517,1.2970619,-0.0620602678983333,0.0620602678983333,TRUE,1.00050381360193,3805.86888734349,5411.7981196131
19,"mu_eta","eta",-0.48,-0.377403605444442,-0.37680944,-0.487314911,-0.267712544,0.102596394555558,0.102596394555558,TRUE,1.00050355262074,5615.7832861756,7328.83935003068
20,"mu_alpha","alpha",4.12,4.18381526155,4.17498775,3.87938678,4.525229145,0.0638152615500003,0.0638152615500003,TRUE,1.00008424387865,6984.19444884549,6833.87140064634
20,"mu_beta","beta",0.204,0.24582210792825,0.24505718,0.149841268,0.344732528,0.04182210792825,0.04182210792825,TRUE,1.00056691832005,3668.62885640635,6277.69560691696
20,"mu_lambda","lambda",0.0701,0.06784579903875,0.0673218185,0.0430501846,0.09387256815,-0.00225420096124999,0.00225420096124999,TRUE,1.00087166037029,4076.82329622149,6148.23887847488
20,"mu_delta","delta",1.18,1.24900448031667,1.2433829,1.07553025,1.441931335,0.0690044803166667,0.0690044803166667,TRUE,1.00033158001051,2970.89865412377,5098.55231927961
20,"mu_eta","eta",-0.48,-0.578657078493333,-0.57877359,-0.68532191,-0.469767367,-0.0986570784933334,0.0986570784933334,TRUE,1.00117889581835,3510.25389063061,5689.46750080895
21,"mu_alpha","alpha",5.25,5.2484842165,5.2438885,4.885734925,5.625955915,-0.00151578350000037,0.00151578350000037,TRUE,1.00068199963834,7029.05692645442,4980.31791474714
21,"mu_beta","beta",0.204,0.144312545005583,0.14438771,0.05522307955,0.2338248485,-0.0596874549944165,0.0596874549944165,TRUE,1.00121229195634,4296.21110101397,5744.33401760878
21,"mu_lambda","lambda",0.0701,0.0696712121025,0.0694851885,0.04907017555,0.09047603805,-0.000428787897499991,0.000428787897499991,TRUE,1.00025396301104,4274.87200649517,5529.16144289582
21,"mu_delta","delta",1.18,1.12008838784333,1.1149511,0.98691051,1.268835155,-0.0599116121566665,0.0599116121566665,TRUE,1.00066873017603,2961.82954623497,5122.9079729984
21,"mu_eta","eta",-0.48,-0.544118497239167,-0.54378941,-0.6657753435,-0.4234831965,-0.0641184972391667,0.0641184972391667,TRUE,1.00227047581523,2510.27141137909,4974.16021682881
22,"mu_alpha","alpha",2.95,3.11902875844167,3.11439965,2.67854562,3.5772613,0.169028758441666,0.169028758441666,TRUE,1.00068561357071,3347.29095066932,5516.47126543687
22,"mu_beta","beta",0.405,0.4023749805975,0.40163541,0.3031189935,0.505928728,-0.00262501940250004,0.00262501940250004,TRUE,1.00069118108492,3668.40946151185,5625.2558651719
22,"mu_lambda","lambda",0.0701,0.078970678794,0.0789407755,0.0581632778,0.09951354905,0.008870678794,0.008870678794,TRUE,1.00016339969666,6292.72864456828,6647.09156771027
22,"mu_delta","delta",1.18,1.27575512117,1.2668927,1.148107095,1.431897345,0.0957551211700001,0.0957551211700001,TRUE,1.00206803712262,3251.72440723063,5800.24560413678
22,"mu_eta","eta",-0.48,-0.428645741849167,-0.42741161,-0.5576992455,-0.302905997,0.0513542581508333,0.0513542581508333,TRUE,1.00151504685427,3240.42398800674,5091.81769640678
23,"mu_alpha","alpha",4.12,4.1696552078,4.1619279,3.75875182,4.60805736,0.0496552077999999,0.0496552077999999,TRUE,1.00038524496165,7921.2354788755,8216.38984714001
23,"mu_beta","beta",0.405,0.422591637479167,0.42323006,0.301179652,0.545352772,0.0175916374791666,0.0175916374791666,TRUE,1.00036454156558,4644.15320508994,6284.34565565755
23,"mu_lambda","lambda",0.0701,0.0587156314789667,0.057706836,0.0309202965,0.08959943645,-0.0113843685210333,0.0113843685210333,TRUE,1.00085732994375,4870.22271884118,6491.05808780274
23,"mu_delta","delta",1.18,1.14988415725,1.15328565,0.8179289135,1.47142937,-0.0301158427499999,0.0301158427499999,TRUE,1.0029552309467,2011.29445889465,3084.79321273742
23,"mu_eta","eta",-0.48,-0.513841436955,-0.513270275,-0.594827521,-0.4371489835,-0.033841436955,0.033841436955,TRUE,1.00035302838519,6127.90846572374,7715.94269541197
24,"mu_alpha","alpha",5.25,5.64029199611667,5.6526331,5.304409785,5.935853675,0.390291996116667,0.390291996116667,FALSE,1.00028397933252,9251.57535084399,5671.30140822917
24,"mu_beta","beta",0.405,0.286830579097417,0.28535169,0.1845805465,0.3916561275,-0.118169420902583,0.118169420902583,FALSE,1.00039165365693,4420.91782403566,6491.49999633934
24,"mu_lambda","lambda",0.0701,0.0880369028344167,0.0878893625,0.0694333143,0.1070572765,0.0179369028344167,0.0179369028344167,TRUE,1.0024942928912,5230.823986435,7157.71097124776
24,"mu_delta","delta",1.18,1.15178223887333,1.15026885,0.974520011,1.335364265,-0.0282177611266665,0.0282177611266665,TRUE,1.00285215467608,1604.14776592858,3996.9240693616
24,"mu_eta","eta",-0.48,-0.444352113423333,-0.442858785,-0.555499534,-0.3379520665,0.0356478865766666,0.0356478865766666,TRUE,1.00072300903018,3902.86289081871,6215.15970424405
25,"mu_alpha","alpha",2.95,2.60428216995833,2.5976408,2.232019615,3.000155295,-0.345717830041667,0.345717830041667,TRUE,1.00012545026246,5773.7660944402,7901.85746660356
25,"mu_beta","beta",0.608,0.596514629500833,0.596521445,0.5111942415,0.684236401,-0.0114853704991666,0.0114853704991666,TRUE,1.00057187227473,7652.31797277955,8832.33836394483
25,"mu_lambda","lambda",0.0701,0.0677145600021667,0.06764073,0.0473315023,0.0884297136,-0.00238543999783333,0.00238543999783333,TRUE,1.00025954760103,9559.25831968506,7250.40758784581
25,"mu_delta","delta",1.18,1.18634918649417,1.18393545,1.051936405,1.3308809,0.00634918649416671,0.00634918649416671,TRUE,1.00155939293165,4870.9333374076,7019.21117801216
25,"mu_eta","eta",-0.48,-0.616292327238333,-0.616559605,-0.7266844765,-0.504029742,-0.136292327238333,0.136292327238333,FALSE,1.00115855586559,5647.47188855841,7574.4821598175
26,"mu_alpha","alpha",4.12,4.08795447769167,4.08044155,3.68518707,4.520683395,-0.0320455223083336,0.0320455223083336,TRUE,1.00030017921701,7910.64095958572,8102.40449891403
26,"mu_beta","beta",0.608,0.632624655800833,0.63145276,0.499907767,0.770878544,0.0246246558008334,0.0246246558008334,TRUE,1.00100205456792,3721.26624663714,5983.91156570461
26,"mu_lambda","lambda",0.0701,0.0614461196515,0.061535323,0.04513833835,0.0773181225,-0.0086538803485,0.0086538803485,TRUE,1.00047253471673,8567.87327265795,7666.93349527682
26,"mu_delta","delta",1.18,1.1861790848,1.18491685,1.049343605,1.325258165,0.00617908480000007,0.00617908480000007,TRUE,1.00107100109141,2771.03709343844,5727.79148688655
26,"mu_eta","eta",-0.48,-0.471963544005833,-0.471870845,-0.5440606105,-0.4003656865,0.00803645599416664,0.00803645599416664,TRUE,1.00125646126469,6470.56748464106,8238.34284604448
27,"mu_alpha","alpha",5.25,5.58445599330833,5.58891155,5.22322946,5.91396913,0.334455993308334,0.334455993308334,TRUE,1.00014658007214,10031.9922583941,6348.89370181414
27,"mu_beta","beta",0.608,0.535346139980833,0.534192455,0.4351311005,0.6380295355,-0.0726538600191666,0.0726538600191666,TRUE,1.00053578667487,6913.57071238284,8115.53820796826
27,"mu_lambda","lambda",0.0701,0.0826017463581667,0.0824604495,0.0591519402,0.1065355605,0.0125017463581667,0.0125017463581667,TRUE,1.00060807213814,4196.82744617831,6396.86029662768
27,"mu_delta","delta",1.18,1.10080476392333,1.09884005,0.992172124,1.21561787,-0.0791952360766666,0.0791952360766666,TRUE,1.00169546576414,3391.45324762931,5957.34378504113
27,"mu_eta","eta",-0.48,-0.526154156795833,-0.52568274,-0.624645672,-0.4284249475,-0.0461541567958333,0.0461541567958333,TRUE,1.00054061382467,3791.17947047434,6219.65640580605
28,"mu_alpha","alpha",2.95,3.006662590075,2.99965305,2.62480981,3.409749185,0.0566625900749997,0.0566625900749997,TRUE,1.00043394294558,4755.97970707738,5776.52274881861
28,"mu_beta","beta",0.204,0.20827876725725,0.207887545,0.144508556,0.2742475295,0.00427876725725002,0.00427876725725002,TRUE,1.00039758055327,7116.58515475817,7276.18170774873
28,"mu_lambda","lambda",0.0191,0.0175169543038909,0.017032456,0.00414846179,0.0323844725,-0.00158304569610908,0.00158304569610908,TRUE,1.00028845269129,8784.63910538542,6103.41104795862
28,"mu_delta","delta",1.45,1.352340742775,1.34213255,1.14805347,1.596140755,-0.0976592572249999,0.0976592572249999,TRUE,1.00565904203839,797.265771900572,2190.10178106196
28,"mu_eta","eta",-0.48,-0.518257395744167,-0.5190749,-0.657160505,-0.3771907985,-0.0382573957441666,0.0382573957441666,TRUE,1.00443622848559,1343.45975530119,5561.11087819864
29,"mu_alpha","alpha",4.12,4.01756819995833,4.00899455,3.61075762,4.454412175,-0.102431800041667,0.102431800041667,TRUE,1.0004141391088,6453.11890390776,7481.70472936416
29,"mu_beta","beta",0.204,0.231842406331317,0.232115525,0.122771724,0.3377310025,0.0278424063313167,0.0278424063313167,TRUE,1.00070536860073,3943.86508111306,6103.16049052729
29,"mu_lambda","lambda",0.0191,0.02603217952307,0.02610001,0.0113998271,0.04025237745,0.00693217952307,0.00693217952307,TRUE,1.00066983065262,9033.98617113005,5787.40271731394
29,"mu_delta","delta",1.45,1.36292599594167,1.36031765,1.26384506,1.469006265,-0.0870740040583333,0.0870740040583333,TRUE,1.00053844390468,8027.55427534099,8249.92527155779
29,"mu_eta","eta",-0.48,-0.436397136536667,-0.4363104,-0.550754901,-0.32302605,0.0436028634633333,0.0436028634633333,TRUE,1.00050768207813,4582.15702713736,6723.11913066869
30,"mu_alpha","alpha",5.25,5.20122817928333,5.1949089,4.806472335,5.6208172,-0.0487718207166665,0.0487718207166665,TRUE,1.00067208379738,9115.66725346273,7587.38408498921
30,"mu_beta","beta",0.204,0.257269668301975,0.25646278,0.1548913505,0.3625849025,0.053269668301975,0.053269668301975,TRUE,1.00109746049467,5242.41497629737,7717.05812956384
30,"mu_lambda","lambda",0.0191,0.0177727672818583,0.017780634,0.006530102405,0.02904097205,-0.00132723271814167,0.00132723271814167,TRUE,1.00033075547806,10886.0264185577,5882.80248988274
30,"mu_delta","delta",1.45,1.44265691523333,1.4270657,1.21675315,1.717429505,-0.00734308476666667,0.00734308476666667,TRUE,1.00368991322824,709.430689841557,2704.19434143143
30,"mu_eta","eta",-0.48,-0.497715619415583,-0.49948286,-0.6285759845,-0.3622701015,-0.0177156194155834,0.0177156194155834,TRUE,1.0063330954974,1219.69695385709,1676.2809566326
31,"mu_alpha","alpha",2.95,3.43245335751667,3.42787775,2.956270825,3.9322127,0.482453357516667,0.482453357516667,FALSE,1.00060527286989,4181.40229963384,5945.00281262286
31,"mu_beta","beta",0.405,0.351453218348333,0.351239325,0.2691352145,0.4358202085,-0.0535467816516667,0.0535467816516667,TRUE,1.00070803668115,5494.76711842195,6766.41456272317
31,"mu_lambda","lambda",0.0191,0.0211226632136268,0.0208210425,0.006219528915,0.03727110865,0.00202266321362684,0.00202266321362684,TRUE,1.0001766962977,8585.86107421304,6683.08259963418
31,"mu_delta","delta",1.45,1.57609071059167,1.5800861,1.367119035,1.767654695,0.126090710591667,0.126090710591667,TRUE,1.00790403871125,1000.24592748555,1035.72422114781
31,"mu_eta","eta",-0.48,-0.6274163672025,-0.628831765,-0.7432018835,-0.5070216155,-0.1474163672025,0.1474163672025,FALSE,1.00117669820311,1781.77168901993,3162.09724161554
32,"mu_alpha","alpha",4.12,3.85296136470833,3.84652125,3.587113125,4.142904925,-0.267038635291667,0.267038635291667,TRUE,1.0003388692004,8602.10246499431,7202.72768607831
32,"mu_beta","beta",0.405,0.463784575159417,0.46204979,0.329190437,0.600292513,0.0587845751594167,0.0587845751594167,TRUE,1.0016945283733,2086.76028245683,3940.31213080668
32,"mu_lambda","lambda",0.0191,0.0114228139123066,0.010980436,0.00196988781,0.0223242173,-0.00767718608769342,0.00767718608769342,TRUE,1.00038968777699,6995.31788674012,4764.66430254873
32,"mu_delta","delta",1.45,1.53180727978333,1.52722595,1.35962071,1.725590315,0.0818072797833334,0.0818072797833334,TRUE,1.00076257782286,2603.62650911517,3350.55234649123
32,"mu_eta","eta",-0.48,-0.421495838115083,-0.422663705,-0.5820669075,-0.2601835415,0.0585041618849166,0.0585041618849166,TRUE,1.00611239871355,1527.08963251307,3447.65114764759
33,"mu_alpha","alpha",5.25,5.10943915061667,5.0972889,4.757294305,5.495470765,-0.140560849383333,0.140560849383333,TRUE,0.999959499709244,8324.64090792785,5607.71442369729
33,"mu_beta","beta",0.405,0.409374182705,0.40912624,0.324490097,0.497618449,0.00437418270499995,0.00437418270499995,TRUE,1.00077514275656,5704.36891090461,7698.6096660922
33,"mu_lambda","lambda",0.0191,0.0176377249999917,0.017785521,0.005908598175,0.02891251565,-0.00146227500000833,0.00146227500000833,TRUE,1.00017591226869,8269.32883814411,4896.5573097442
33,"mu_delta","delta",1.45,1.44361573954667,1.4441684,1.2290635,1.658980515,-0.00638426045333329,0.00638426045333329,TRUE,1.00124374336554,3942.15789326421,4557.13825932273
33,"mu_eta","eta",-0.48,-0.418944860876667,-0.421523885,-0.47341957,-0.355101084,0.0610551391233333,0.0610551391233333,FALSE,1.00139615400409,2482.31565081471,5117.06874229319
34,"mu_alpha","alpha",2.95,2.96954014971667,2.963988,2.698055245,3.25723831,0.0195401497166663,0.0195401497166663,TRUE,1.00019510323512,6939.52758359173,7537.23537095613
34,"mu_beta","beta",0.608,0.558362039251667,0.55744622,0.4685206275,0.6531397095,-0.0496379607483333,0.0496379607483333,TRUE,1.00072202677602,5022.82291959507,7240.31562870948
34,"mu_lambda","lambda",0.0191,0.0198607062017925,0.0194463945,0.00547097578,0.03543892925,0.000760706201792503,0.000760706201792503,TRUE,1.00083543195939,7046.70445112698,6253.49677194938
34,"mu_delta","delta",1.45,1.26985286777583,1.25809465,1.08989903,1.47994789,-0.180147132224167,0.180147132224167,TRUE,1.00119270281013,3050.02661637055,4373.08517941535
34,"mu_eta","eta",-0.48,-0.39454796157725,-0.39448833,-0.492497173,-0.2940837155,0.08545203842275,0.08545203842275,TRUE,1.00139222299098,3191.53726117967,5380.81563147011
35,"mu_alpha","alpha",4.12,3.85353168039167,3.8451074,3.485370875,4.25285498,-0.266468319608333,0.266468319608333,TRUE,1.00027389081861,5280.15274358375,6594.91947358345
35,"mu_beta","beta",0.608,0.611556359561667,0.61069604,0.521618488,0.7056570545,0.00355635956166667,0.00355635956166667,TRUE,1.0005931251317,5333.98574665404,6837.31507484051
35,"mu_lambda","lambda",0.0191,0.0160689456489941,0.0154193315,0.00390273671,0.0303763763,-0.00303105435100585,0.00303105435100585,TRUE,1.00093923135473,6972.86074629875,5933.30530630649
35,"mu_delta","delta",1.45,1.7074790124025,1.71753335,1.441257425,1.92958735,0.2574790124025,0.2574790124025,TRUE,1.00011482410021,4614.19523147364,5938.55259356633
35,"mu_eta","eta",-0.48,-0.446874306761667,-0.44508658,-0.559068056,-0.3420995705,0.0331256932383333,0.0331256932383333,TRUE,1.0027449906216,2391.67776835763,4865.46440480599
36,"mu_alpha","alpha",5.25,5.31585718484167,5.30969445,4.917545325,5.730451065,0.0658571848416667,0.0658571848416667,TRUE,1.00009392069443,7077.91174247467,4789.62315993168
36,"mu_beta","beta",0.608,0.582026075953333,0.581190685,0.4746570395,0.691799136,-0.0259739240466667,0.0259739240466667,TRUE,1.0010248941068,4835.55307379543,7061.09332358145
36,"mu_lambda","lambda",0.0191,0.011833655745027,0.011612167,0.002646613265,0.0219725597,-0.00726634425497301,0.00726634425497301,TRUE,1.00031630359781,8104.31584255347,5164.39248912433
36,"mu_delta","delta",1.45,1.60446685553333,1.59882135,1.388615385,1.843130355,0.154466855533333,0.154466855533333,TRUE,1.00109445860119,3829.98711580999,4416.43294870604
36,"mu_eta","eta",-0.48,-0.364038856620667,-0.363961015,-0.4991123075,-0.2292282525,0.115961143379333,0.115961143379333,TRUE,1.00050885136272,2464.43586548188,4045.19742722036
37,"mu_alpha","alpha",2.95,2.84946699198333,2.84591255,2.4652779,3.25480613,-0.100533008016667,0.100533008016667,TRUE,1.00047254333683,3778.63679864213,5779.34291545367
37,"mu_beta","beta",0.204,0.196853775216676,0.1972168,0.08841814065,0.3057753115,-0.00714622478332416,0.00714622478332416,TRUE,1.00073931813003,2338.39704749249,4624.84555044254
37,"mu_lambda","lambda",0.0431,0.049423066288625,0.049459016,0.02654015225,0.0718476933,0.006323066288625,0.006323066288625,TRUE,1.00052971642008,6274.64500911778,6150.18813244394
37,"mu_delta","delta",1.45,1.38784206272167,1.37664965,1.257677225,1.55564764,-0.0621579372783332,0.0621579372783332,TRUE,1.00102462737494,3684.02551682069,3994.21248622063
37,"mu_eta","eta",-0.48,-0.524092266333333,-0.522278365,-0.6515870205,-0.400948786,-0.0440922663333333,0.0440922663333333,TRUE,1.00045365020148,3958.35669599048,6126.41014857798
38,"mu_alpha","alpha",4.12,4.35253014375833,4.34606535,3.93281109,4.7979544,0.232530143758333,0.232530143758333,TRUE,1.00034554155007,7224.40379259839,8134.03606380204
38,"mu_beta","beta",0.204,0.229376927024742,0.229305665,0.1209853785,0.338339794,0.0253769270247417,0.0253769270247417,TRUE,1.00012189486331,3889.33477386952,6168.9676619649
38,"mu_lambda","lambda",0.0431,0.0374347462370667,0.03636039,0.01566474585,0.06257839135,-0.00566525376293333,0.00566525376293333,TRUE,1.00015891544368,6021.67939924649,7045.63244228035
38,"mu_delta","delta",1.45,1.3314528324825,1.32960585,1.17004793,1.500879585,-0.1185471675175,0.1185471675175,TRUE,1.00178956464677,2452.77954203605,2266.94598586404
38,"mu_eta","eta",-0.48,-0.5024823381575,-0.501945475,-0.6337866425,-0.3756838905,-0.0224823381575,0.0224823381575,TRUE,1.0016598032898,3713.42075745749,5848.9458183488
39,"mu_alpha","alpha",5.25,5.59672775909167,5.60850525,5.23572744,5.913877655,0.346727759091666,0.346727759091666,TRUE,1.00042286057099,8418.65235115242,6330.02475287947
39,"mu_beta","beta",0.204,0.191245195478142,0.190494085,0.08248575975,0.301913531,-0.0127548045218583,0.0127548045218583,TRUE,1.00092969729231,3988.24534531895,5976.69585719149
39,"mu_lambda","lambda",0.0431,0.0326574175736583,0.0328669585,0.0196525766,0.04507154405,-0.0104425824263417,0.0104425824263417,TRUE,1.0009010825674,8814.79015973922,5410.65589807849
39,"mu_delta","delta",1.45,1.50732506445,1.5029515,1.360743675,1.670630355,0.0573250644500001,0.0573250644500001,TRUE,1.00064268817644,3454.36904219867,4016.58114376456
39,"mu_eta","eta",-0.48,-0.487530125589167,-0.48539211,-0.5857177165,-0.396256043,-0.00753012558916666,0.00753012558916666,TRUE,1.00101725836872,4168.54786754345,5513.10288840413
40,"mu_alpha","alpha",2.95,2.87899785423333,2.87319495,2.61469787,3.169340855,-0.0710021457666667,0.0710021457666667,TRUE,1.00035869227217,6881.07243742025,7821.99188346635
40,"mu_beta","beta",0.405,0.4331240517125,0.43190599,0.3353017465,0.5343539465,0.0281240517125,0.0281240517125,TRUE,1.00061939156677,4224.16826103271,6632.80475242613
40,"mu_lambda","lambda",0.0431,0.035878467584525,0.036061407,0.020065563,0.05095190905,-0.007221532415475,0.007221532415475,TRUE,1.00007537841678,9412.98273626649,5545.70507146278
40,"mu_delta","delta",1.45,1.6104326313475,1.6081728,1.37360735,1.858628365,0.1604326313475,0.1604326313475,TRUE,1.00033866669351,4540.29003017101,5669.36352997646
40,"mu_eta","eta",-0.48,-0.449643971526667,-0.44977433,-0.5707561895,-0.3282720775,0.0303560284733333,0.0303560284733333,TRUE,1.00107337176246,2815.45263551695,4968.16271050801
41,"mu_alpha","alpha",4.12,4.19420981255,4.18416545,3.886721315,4.52793037,0.0742098125499995,0.0742098125499995,TRUE,0.999945943574305,9124.72666382045,6400.39131988566
41,"mu_beta","beta",0.405,0.354845092838167,0.353353205,0.230052289,0.482644687,-0.0501549071618334,0.0501549071618334,TRUE,1.00026449468841,3631.05692054035,5091.15347756543
41,"mu_lambda","lambda",0.0431,0.04275934864345,0.042528692,0.0246319249,0.06102569595,-0.000340651356550002,0.000340651356550002,TRUE,1.00045903379013,7423.52578480847,6996.57539294278
41,"mu_delta","delta",1.45,1.4334628097,1.42129825,1.24513302,1.6592337,-0.0165371903,0.0165371903,TRUE,1.00520445302868,1998.35463792235,4064.62618665302
41,"mu_eta","eta",-0.48,-0.351578864219142,-0.352221315,-0.499735275,-0.199016313,0.128421135780858,0.128421135780858,TRUE,1.0032025357406,2179.80176890113,4165.71604432046
42,"mu_alpha","alpha",5.25,5.17369661471667,5.16110265,4.81212367,5.58283379,-0.0763033852833335,0.0763033852833335,TRUE,0.999890037560562,10481.5051213414,6406.48896800773
42,"mu_beta","beta",0.405,0.44139212023,0.440552155,0.339781616,0.5454579225,0.03639212023,0.03639212023,TRUE,1.00058012074576,8405.56260934118,9082.0731190878
42,"mu_lambda","lambda",0.0431,0.0460189862343833,0.0461655945,0.0288325788,0.06300929565,0.00291898623438333,0.00291898623438333,TRUE,1.00049390559928,10054.9544662735,8283.37067593207
42,"mu_delta","delta",1.45,1.473081318815,1.462989,1.314564465,1.66591721,0.0230813188150001,0.0230813188150001,TRUE,1.00036064202481,6121.20584081956,5208.02549179105
42,"mu_eta","eta",-0.48,-0.463916402285833,-0.462162695,-0.57376996,-0.356625663,0.0160835977141667,0.0160835977141667,TRUE,1.00102179057067,4235.771358534,6595.46185610754
43,"mu_alpha","alpha",2.95,2.73901311285833,2.7305541,2.41852122,3.084571335,-0.210986887141667,0.210986887141667,TRUE,1.00057049290796,5227.87125557811,5971.70462472318
43,"mu_beta","beta",0.608,0.497664630861667,0.4959804,0.4196691765,0.5817079215,-0.110335369138333,0.110335369138333,FALSE,1.00236370964222,4873.93306117838,6349.31643522983
43,"mu_lambda","lambda",0.0431,0.032688513610825,0.0323907155,0.01355719115,0.05331235515,-0.010411486389175,0.010411486389175,TRUE,1.00007486927591,6820.78356715208,6623.92761036391
43,"mu_delta","delta",1.45,1.38172379847833,1.376856,1.249170595,1.536256935,-0.0682762015216667,0.0682762015216667,TRUE,1.01491993022881,601.886659136935,332.123129737422
43,"mu_eta","eta",-0.48,-0.49761413198375,-0.498975095,-0.6258609085,-0.3627678545,-0.01761413198375,0.01761413198375,TRUE,1.06060651905802,45.3774843311878,218.143674852419
44,"mu_alpha","alpha",4.12,4.08163466895833,4.07340195,3.743710295,4.44455233,-0.0383653310416667,0.0383653310416667,TRUE,1.00033792297985,9735.53051036535,8652.4517168654
44,"mu_beta","beta",0.608,0.6089288567925,0.60756143,0.5072738365,0.71610264,0.000928856792499988,0.000928856792499988,TRUE,1.00051168455347,7124.58006401285,8464.64610630866
44,"mu_lambda","lambda",0.0431,0.037546659257525,0.037452438,0.01969992265,0.0556531541,-0.005553340742475,0.005553340742475,TRUE,1.00060581851779,8032.40383997681,6390.55671151699
44,"mu_delta","delta",1.45,1.54884681061667,1.54105025,1.35205409,1.772049295,0.0988468106166667,0.0988468106166667,TRUE,1.00157150587606,3850.02505607865,5894.72732748931
44,"mu_eta","eta",-0.48,-0.464146293785833,-0.46302847,-0.5794550895,-0.3511983585,0.0158537062141667,0.0158537062141667,TRUE,1.00025736969581,3662.46348664932,5389.82245778698
45,"mu_alpha","alpha",5.25,5.37382729521667,5.36983545,4.97909755,5.776153445,0.123827295216667,0.123827295216667,TRUE,0.999953510012783,5942.40439447409,5255.27671187859
45,"mu_beta","beta",0.608,0.655560125755,0.65456432,0.496793837,0.8226764065,0.047560125755,0.047560125755,TRUE,1.00110523163637,1725.17589540384,2123.07007380197
45,"mu_lambda","lambda",0.0431,0.0253834491647,0.0253840855,0.01246767115,0.03829833435,-0.0177165508353,0.0177165508353,FALSE,1.00039825379392,5976.52194667121,5383.75469474439
45,"mu_delta","delta",1.45,1.470302413975,1.461569,1.341043425,1.62533476,0.0203024139750001,0.0203024139750001,TRUE,1.00112003475812,3233.4140282023,2309.16491842314
45,"mu_eta","eta",-0.48,-0.440450571273333,-0.43791424,-0.5516882305,-0.335497536,0.0395494287266667,0.0395494287266667,TRUE,1.00053810200589,2614.96566134181,4485.60610065502
46,"mu_alpha","alpha",2.95,2.906704267525,2.90443795,2.6874751,3.138161,-0.0432957324750003,0.0432957324750003,TRUE,0.999880872019897,9548.64446300802,7982.26545268487
46,"mu_beta","beta",0.204,0.177737910148911,0.176313495,0.07430270375,0.2843156335,-0.0262620898510891,0.0262620898510891,TRUE,1.0014910801569,2814.80620899694,4985.60403621952
46,"mu_lambda","lambda",0.0701,0.0704198672555,0.0700412225,0.04409251305,0.09796688655,0.000319867255499998,0.000319867255499998,TRUE,1.00077314303965,5030.77452009725,6086.16629550167
46,"mu_delta","delta",1.45,1.4208277451425,1.41515885,1.227671225,1.63119526,-0.0291722548575,0.0291722548575,TRUE,1.00025505655823,2891.82260129707,4958.59176356328
46,"mu_eta","eta",-0.48,-0.50485815005175,-0.50577882,-0.648872397,-0.358560292,-0.0248581500517501,0.0248581500517501,TRUE,1.00100212900135,2595.28088360329,4837.58876860992
47,"mu_alpha","alpha",4.12,3.99453249431667,3.9856776,3.598103395,4.41678219,-0.125467505683333,0.125467505683333,TRUE,1.00049640124813,8276.95844501581,8485.1993693442
47,"mu_beta","beta",0.204,0.0147929144384669,0.014564743,-0.07480236175,0.1054140635,-0.189207085561533,0.189207085561533,FALSE,0.999895978742133,7513.98346323329,8357.54126754632
47,"mu_lambda","lambda",0.0701,0.0774896324303333,0.0771835785,0.05279617815,0.103018005,0.00738963243033333,0.00738963243033333,TRUE,1.00022513593835,7603.40760892986,8224.71541308012
47,"mu_delta","delta",1.45,1.41219614034167,1.4035496,1.29278515,1.56125163,-0.0378038596583332,0.0378038596583332,TRUE,1.00082865149426,5469.46210951213,6368.20074991711
47,"mu_eta","eta",-0.48,-0.342480505841738,-0.34273086,-0.474122312,-0.2138376085,0.137519494158262,0.137519494158262,FALSE,1.0011911309575,6440.81871382106,7540.68019161766
48,"mu_alpha","alpha",5.25,5.10123976753333,5.09351905,4.773341175,5.45165164,-0.148760232466667,0.148760232466667,TRUE,1.00043853982898,10515.4055386816,6216.44107035583
48,"mu_beta","beta",0.204,0.140997934277454,0.14088876,0.0498103852,0.232711932,-0.0630020657225458,0.0630020657225458,TRUE,1.00038275319836,5394.23809232153,6923.06762823347
48,"mu_lambda","lambda",0.0701,0.0783949866374167,0.0781574665,0.0605433288,0.0966567466,0.00829498663741667,0.00829498663741667,TRUE,1.00021652407702,6101.7191451595,7426.94399752049
48,"mu_delta","delta",1.45,1.47886702953333,1.47119285,1.320777125,1.665271745,0.0288670295333333,0.0288670295333333,TRUE,1.00106408466014,5160.85355944152,5959.46028891378
48,"mu_eta","eta",-0.48,-0.415382755045,-0.413217245,-0.519289681,-0.317278263,0.064617244955,0.064617244955,TRUE,1.00080131892096,3783.86356479345,6442.70505994399
49,"mu_alpha","alpha",2.95,2.85984752341667,2.8518531,2.545465275,3.194601395,-0.0901524765833335,0.0901524765833335,TRUE,1.00026393593789,6926.26324853905,7819.46003359733
49,"mu_beta","beta",0.405,0.338066453998333,0.336898885,0.2570459395,0.421938481,-0.0669335460016667,0.0669335460016667,TRUE,0.999905554893176,5925.25633443609,8166.58855321793
49,"mu_lambda","lambda",0.0701,0.0716921041661667,0.0712451815,0.045412079,0.0991136887,0.00159210416616667,0.00159210416616667,TRUE,1.00028272905002,6120.03258119546,7477.39961159686
49,"mu_delta","delta",1.45,1.25864743389083,1.23998665,1.130552535,1.447914775,-0.191352566109167,0.191352566109167,FALSE,1.00336659675797,1943.80981990745,1799.0227902443
49,"mu_eta","eta",-0.48,-0.4635932563825,-0.46168097,-0.5936196165,-0.339908422,0.0164067436175,0.0164067436175,TRUE,1.00096630345334,2890.00793895449,5188.40572882617
50,"mu_alpha","alpha",4.12,3.946940323225,3.9350462,3.506371535,4.43213406,-0.173059676775,0.173059676775,TRUE,1.00035015424599,7190.36490253506,7934.84375989819
50,"mu_beta","beta",0.405,0.5175130205275,0.516733955,0.4495635185,0.587613662,0.1125130205275,0.1125130205275,FALSE,1.00002643228073,13449.74817793,9392.21731313652
50,"mu_lambda","lambda",0.0701,0.06537965040895,0.064930642,0.04192544835,0.09024561335,-0.00472034959105,0.00472034959105,TRUE,1.0003357104518,6417.19786695002,8123.48280513153
50,"mu_delta","delta",1.45,1.522273822,1.515555,1.31459172,1.757077275,0.0722738220000001,0.0722738220000001,TRUE,1.00011636043045,4053.6324097289,5737.93365427571
50,"mu_eta","eta",-0.48,-0.518665174796667,-0.51803859,-0.627150778,-0.414060398,-0.0386651747966666,0.0386651747966666,TRUE,1.00033537644395,5375.38940588869,7043.2510334379
51,"mu_alpha","alpha",5.25,5.35523996715833,5.35180285,4.982672685,5.74274098,0.105239967158333,0.105239967158333,TRUE,1.00031798114723,8051.44834911387,5816.15590223815
51,"mu_beta","beta",0.405,0.434312927218333,0.43322846,0.336146813,0.534457599,0.0293129272183333,0.0293129272183333,TRUE,1.00043868428713,5175.54359677585,7787.53443721408
51,"mu_lambda","lambda",0.0701,0.097282271238,0.096987826,0.0755730909,0.1202209565,0.027182271238,0.027182271238,FALSE,1.00136881798453,4132.21493542305,6023.53085274326
51,"mu_delta","delta",1.45,1.5872539600025,1.5856748,1.362979885,1.816530065,0.1372539600025,0.1372539600025,TRUE,1.00158286392711,1803.51567305414,2918.90233753696
51,"mu_eta","eta",-0.48,-0.453706481665,-0.453128915,-0.5515435255,-0.356487408,0.026293518335,0.026293518335,TRUE,1.00419902023046,1499.96530157461,2835.91996545193
52,"mu_alpha","alpha",2.95,2.90939123591667,2.9048363,2.662243655,3.17316986,-0.0406087640833337,0.0406087640833337,TRUE,1.00000895325452,11191.7194700796,8472.25883173833
52,"mu_beta","beta",0.608,0.595554464983333,0.59531294,0.4559217005,0.736714439,-0.0124455350166667,0.0124455350166667,TRUE,1.00039874830094,4215.53609405052,6227.82417560009
52,"mu_lambda","lambda",0.0701,0.0686644116551667,0.0687297025,0.0507269115,0.08661976875,-0.00143558834483333,0.00143558834483333,TRUE,1.00025761698608,10712.3796089344,8278.09815354627
52,"mu_delta","delta",1.45,1.57251201173333,1.56523165,1.421763355,1.753994585,0.122512011733333,0.122512011733333,TRUE,1.00050321814296,5719.13175174499,5864.11213450477
52,"mu_eta","eta",-0.48,-0.462024373995417,-0.462404955,-0.596682377,-0.325657777,0.0179756260045833,0.0179756260045833,TRUE,1.00031250048376,4070.23607095222,5928.55647097763
53,"mu_alpha","alpha",4.12,4.2660832453,4.258633,3.9556136,4.59837291,0.1460832453,0.1460832453,TRUE,0.999924790002424,11263.1335393502,8145.5480112164
53,"mu_beta","beta",0.608,0.567691620626667,0.56608685,0.4807827405,0.6598011115,-0.0403083793733333,0.0403083793733333,TRUE,1.00064442042867,8338.88318002168,8391.84577586366
53,"mu_lambda","lambda",0.0701,0.10160377530025,0.10162223,0.0824774755,0.12086539,0.03150377530025,0.03150377530025,FALSE,1.00053881252515,7021.65944128065,7657.09577364137
53,"mu_delta","delta",1.45,1.47664816699167,1.4701747,1.337992955,1.638345095,0.0266481669916667,0.0266481669916667,TRUE,1.00103778667194,4085.28213206604,5388.35671042851
53,"mu_eta","eta",-0.48,-0.49453668896275,-0.493517225,-0.6294865795,-0.361065311,-0.01453668896275,0.01453668896275,TRUE,1.00050960872433,3251.11351159202,5879.73823225694
54,"mu_alpha","alpha",5.25,5.26248899064167,5.25921455,4.829268,5.70202012,0.0124889906416668,0.0124889906416668,TRUE,1.00028435080775,7262.55745783629,6126.99743700061
54,"mu_beta","beta",0.608,0.721540320795833,0.719950815,0.611995148,0.836368036,0.113540320795833,0.113540320795833,FALSE,1.00108703713501,5530.29334598246,5977.83816360601
54,"mu_lambda","lambda",0.0701,0.0743507828915,0.074248069,0.0533611363,0.0958585717,0.00425078289150001,0.00425078289150001,TRUE,1.00074257088665,4474.01544006291,6772.0504032722
54,"mu_delta","delta",1.45,1.34899007566917,1.3355817,1.12197839,1.625747005,-0.101009924330833,0.101009924330833,TRUE,1.00109483338248,2266.90853728002,3717.50282438831
54,"mu_eta","eta",-0.48,-0.33804664958375,-0.33848864,-0.4391472625,-0.2373840635,0.14195335041625,0.14195335041625,FALSE,1.0011750146576,2010.00646415764,4790.34571333411
55,"mu_alpha","alpha",2.95,2.745250554425,2.7393009,2.43414628,3.071821745,-0.204749445575,0.204749445575,TRUE,1.00065195024632,4764.15112031907,6611.81492463277
55,"mu_beta","beta",0.204,0.229600867957837,0.22968186,0.140403037,0.3187110465,0.0256008679578367,0.0256008679578367,TRUE,1.00052715703293,3869.51109423315,5647.99521827993
55,"mu_lambda","lambda",0.0191,0.016971450608087,0.016491751,0.003461823245,0.0317047186,-0.00212854939191303,0.00212854939191303,TRUE,1.00046829708976,8887.30317185838,6115.43073912576
55,"mu_delta","delta",1.78,1.78890926260083,1.7978859,1.58641502,1.96032245,0.00890926260083336,0.00890926260083336,TRUE,1.00036685330564,3684.45350389929,4993.06405997802
55,"mu_eta","eta",-0.48,-0.422582871303333,-0.422489745,-0.536393105,-0.306766484,0.0574171286966667,0.0574171286966667,TRUE,1.00056382705296,3432.79512223498,5719.40403557751
56,"mu_alpha","alpha",4.12,4.5145941104,4.5055061,4.10964253,4.95398511,0.3945941104,0.3945941104,TRUE,0.999966099822946,5472.2183599093,5163.72351056735
56,"mu_beta","beta",0.204,0.0852707501653972,0.08425638,-0.02476481485,0.196955698,-0.118729249834603,0.118729249834603,FALSE,1.00071173710178,2800.48382785971,4687.31165826312
56,"mu_lambda","lambda",0.0191,0.0162079754799398,0.0158377705,0.003777844585,0.03016817845,-0.00289202452006025,0.00289202452006025,TRUE,1.00045441229575,7311.25986616517,5332.67073819298
56,"mu_delta","delta",1.78,1.76453252893333,1.76068175,1.646084185,1.89969136,-0.0154674710666667,0.0154674710666667,TRUE,1.00279116203105,4926.49472769051,3356.06569222295
56,"mu_eta","eta",-0.48,-0.568607004468333,-0.568450735,-0.674114372,-0.4644725115,-0.0886070044683334,0.0886070044683334,TRUE,1.00018947939336,3442.68101876097,5848.14617835598
57,"mu_alpha","alpha",5.25,5.11515574264167,5.10985095,4.79790422,5.45545193,-0.134844257358333,0.134844257358333,TRUE,1.00063969281865,8423.94584158617,5468.363685038
57,"mu_beta","beta",0.204,0.174037453552071,0.17264217,0.0893270491,0.263489474,-0.0299625464479291,0.0299625464479291,TRUE,1.00071829682656,5189.05805895812,6359.3625879116
57,"mu_lambda","lambda",0.0191,0.0177033153687122,0.017666229,0.005696609275,0.0295824386,-0.00139668463128775,0.00139668463128775,TRUE,1.00062663724986,7238.68699811741,3966.61528741711
57,"mu_delta","delta",1.78,1.75531470226667,1.75678075,1.575558965,1.93139553,-0.0246852977333334,0.0246852977333334,TRUE,1.08696863177316,28.8678990175125,200.447949787123
57,"mu_eta","eta",-0.48,-0.586267160655833,-0.58940304,-0.7398216895,-0.426743516,-0.106267160655833,0.106267160655833,TRUE,1.1185754090863,24.0085775661899,211.920020676107
58,"mu_alpha","alpha",2.95,2.84878090989167,2.8441403,2.626403985,3.08312114,-0.101219090108334,0.101219090108334,TRUE,1.00054355515598,8835.26325480682,8407.23260019721
58,"mu_beta","beta",0.405,0.402328411253333,0.40191656,0.3008241835,0.502777499,-0.00267158874666668,0.00267158874666668,TRUE,1.00480668286135,3027.58378055888,5603.18424650094
58,"mu_lambda","lambda",0.0191,0.0118973561716769,0.01095816,0.001649566745,0.02536268395,-0.00720264382832308,0.00720264382832308,TRUE,1.00016224288042,10070.0858689844,6773.1879640304
58,"mu_delta","delta",1.78,1.68773654493333,1.6896432,1.518898835,1.854635,-0.0922634550666668,0.0922634550666668,TRUE,1.00909586722783,3352.61440183377,3743.66497504085
58,"mu_eta","eta",-0.48,-0.660338117409167,-0.659240715,-0.8266089855,-0.4962766145,-0.180338117409167,0.180338117409167,FALSE,1.05411517663227,59.0205560143556,89.6260358180861
59,"mu_alpha","alpha",4.12,3.94749397535,3.9364182,3.62241704,4.312575195,-0.17250602465,0.17250602465,TRUE,1.00059676730711,5213.64715763943,6137.06324946431
59,"mu_beta","beta",0.405,0.457857435479167,0.456683725,0.3572597555,0.5606186195,0.0528574354791667,0.0528574354791667,TRUE,1.00047573546072,3335.51301636959,4301.75791908168
59,"mu_lambda","lambda",0.0191,0.0201400270390325,0.020142389,0.00821035795,0.03206883875,0.0010400270390325,0.0010400270390325,TRUE,1.00034576733873,5552.43680516024,3904.54773879425
59,"mu_delta","delta",1.78,1.69944434706667,1.69911875,1.48106538,1.92058024,-0.0805556529333333,0.0805556529333333,TRUE,1.00333631910353,1900.68141016099,3212.05615755838
59,"mu_eta","eta",-0.48,-0.486690318278333,-0.48547542,-0.61908651,-0.3604971255,-0.00669031827833333,0.00669031827833333,TRUE,1.00420539732809,1550.68351372053,3309.91740176447
60,"mu_alpha","alpha",5.25,5.50730037521667,5.50834005,5.15144726,5.857470365,0.257300375216666,0.257300375216666,TRUE,1.00060353829207,7273.38198315425,5300.66799765389
60,"mu_beta","beta",0.405,0.311976399427167,0.31128962,0.2186604215,0.4072427105,-0.0930236005728334,0.0930236005728334,TRUE,1.00126263327758,4358.24276150029,6653.72451373423
60,"mu_lambda","lambda",0.0191,0.0104493457451259,0.0097402473,0.00170712319,0.0219612443,-0.00865065425487408,0.00865065425487408,TRUE,1.0008154750871,5953.51909514002,5585.08323656463
60,"mu_delta","delta",1.78,1.63585623544167,1.6355991,1.43807129,1.83352733,-0.144143764558333,0.144143764558333,TRUE,1.07459993765969,38.4219805584519,54.7136222139223
60,"mu_eta","eta",-0.48,-0.356050918070792,-0.35640117,-0.5047696525,-0.204183701,0.123949081929208,0.123949081929208,TRUE,1.07477597209851,39.1499103531599,76.6830573688113
61,"mu_alpha","alpha",2.95,2.97291157875,2.96390385,2.635820505,3.331516485,0.0229115787499996,0.0229115787499996,TRUE,1.00110222974643,3970.45165589264,5751.81505628052
61,"mu_beta","beta",0.608,0.696200884765833,0.694584635,0.5992576655,0.7974945005,0.0882008847658333,0.0882008847658333,TRUE,1.00218679722911,2981.31670109694,5314.14681594414
61,"mu_lambda","lambda",0.0191,0.0193507414300742,0.0193598885,0.0068326221,0.03194543215,0.000250741430074166,0.000250741430074166,TRUE,1.00026922335181,6229.29246066393,4091.94832042913
61,"mu_delta","delta",1.78,1.64186321504167,1.6334627,1.48448026,1.832486815,-0.138136784958333,0.138136784958333,TRUE,1.00050331875555,2753.77870893229,3535.54820607305
61,"mu_eta","eta",-0.48,-0.537088009695,-0.535023825,-0.6454907365,-0.4363405775,-0.0570880096950001,0.0570880096950001,TRUE,1.00111035608503,2214.66190717502,4032.85552707336
62,"mu_alpha","alpha",4.12,4.13471869326667,4.1258691,3.741573835,4.568248145,0.0147186932666665,0.0147186932666665,TRUE,1.00157343535232,4924.16256408404,5765.24235605748
62,"mu_beta","beta",0.608,0.599576672060833,0.598930965,0.4900755645,0.7105615615,-0.00842332793916667,0.00842332793916667,TRUE,1.0012392831572,3672.69023326087,5947.90435680608
62,"mu_lambda","lambda",0.0191,0.0227475596295533,0.0227922035,0.00956403887,0.03568808475,0.00364755962955333,0.00364755962955333,TRUE,1.00024571714112,5927.03365940383,4972.04841896298
62,"mu_delta","delta",1.78,1.73865670041667,1.7384217,1.58176473,1.895911645,-0.0413432995833334,0.0413432995833334,TRUE,1.00424079104378,1691.86106619549,702.71527087819
62,"mu_eta","eta",-0.48,-0.539823413545,-0.540193445,-0.643038822,-0.4365521205,-0.059823413545,0.059823413545,TRUE,1.00158669173888,2569.93407190124,4656.0734436127
63,"mu_alpha","alpha",5.25,5.09647271248333,5.0863721,4.72661385,5.503647655,-0.153527287516667,0.153527287516667,TRUE,1.00127993349784,8238.07719262302,5941.04311984659
63,"mu_beta","beta",0.608,0.6558763745075,0.654330795,0.5480555375,0.768827734,0.0478763745075,0.0478763745075,TRUE,1.00026442375095,4875.98978410229,7094.37070717716
63,"mu_lambda","lambda",0.0191,0.0144565966867433,0.014024418,0.003960793555,0.0263386774,-0.00464340331325667,0.00464340331325667,TRUE,1.00059565430193,7554.93110316722,5503.96861343369
63,"mu_delta","delta",1.78,1.794703869725,1.79192385,1.641575685,1.95205076,0.0147038697249999,0.0147038697249999,TRUE,1.00050579313942,6000.43681609592,4608.64513443885
63,"mu_eta","eta",-0.48,-0.442490789884167,-0.44121147,-0.5400223485,-0.3478479005,0.0375092101158333,0.0375092101158333,TRUE,1.00102762016325,2780.5715836124,4227.28669847096
64,"mu_alpha","alpha",2.95,2.75958734633333,2.75481425,2.48732292,3.044528275,-0.190412653666667,0.190412653666667,TRUE,1.00302310268447,5746.76331714223,5967.47211139866
64,"mu_beta","beta",0.204,0.1654449621958,0.165781895,0.08688640785,0.2425523655,-0.0385550378042,0.0385550378042,TRUE,1.00076609663513,4943.98266572672,6956.86475953404
64,"mu_lambda","lambda",0.0431,0.0510998701948917,0.051016813,0.028499524,0.07414930415,0.00799987019489166,0.00799987019489166,TRUE,1.00102109405638,6481.2278073797,6351.59388060649
64,"mu_delta","delta",1.78,1.83011247449167,1.8416363,1.64453988,1.975413255,0.0501124744916666,0.0501124744916666,TRUE,1.05544793992267,47.5871798719066,69.7520472265983
64,"mu_eta","eta",-0.48,-0.461598520584167,-0.46784525,-0.5789380925,-0.3233862005,0.0184014794158333,0.0184014794158333,TRUE,1.13385267498564,19.2689555588295,48.2630904738364
65,"mu_alpha","alpha",4.12,4.30600516254167,4.29730085,3.91120628,4.736326985,0.186005162541667,0.186005162541667,TRUE,1.00176240305862,5260.67427969194,6818.12163734892
65,"mu_beta","beta",0.204,0.260394060020583,0.26035007,0.154401556,0.365432025,0.0563940600205834,0.0563940600205834,TRUE,1.00141055850326,2410.70713410543,1990.24594588173
65,"mu_lambda","lambda",0.0431,0.04505673311765,0.045005914,0.02695795245,0.0631116835,0.00195673311765,0.00195673311765,TRUE,1.00046351499581,5503.14726505623,5287.58925859886
65,"mu_delta","delta",1.78,1.7423983599175,1.74841985,1.53414046,1.93434285,-0.0376016400825001,0.0376016400825001,TRUE,1.00087453638141,4327.43361393287,4727.02941623059
65,"mu_eta","eta",-0.48,-0.5017563297525,-0.500324495,-0.603253937,-0.404587482,-0.0217563297525,0.0217563297525,TRUE,1.00035571505751,3420.50127783854,5703.69027598442
66,"mu_alpha","alpha",5.25,5.30391469195,5.30207385,4.91576116,5.71653615,0.0539146919500002,0.0539146919500002,TRUE,1.00046483981989,7985.68628327393,6218.89928138899
66,"mu_beta","beta",0.204,0.266021003594583,0.265097925,0.1871493895,0.349453127,0.0620210035945834,0.0620210035945834,TRUE,1.00027717637351,7415.27163583289,8488.44401515137
66,"mu_lambda","lambda",0.0431,0.03565880912775,0.035851864,0.0225475315,0.0480295716,-0.00744119087225,0.00744119087225,TRUE,1.00048526407873,9605.32396757391,7041.15957849568
66,"mu_delta","delta",1.78,1.74119662695833,1.7354806,1.588996695,1.91343412,-0.0388033730416666,0.0388033730416666,TRUE,1.00183877867304,4652.57880376641,4000.93957829494
66,"mu_eta","eta",-0.48,-0.518898342335833,-0.517341345,-0.6219505145,-0.4199466875,-0.0388983423358333,0.0388983423358333,TRUE,1.00172563955573,3175.57666972363,5105.04390609077
67,"mu_alpha","alpha",2.95,2.95605830775,2.95109955,2.55624978,3.380136695,0.0060583077499996,0.0060583077499996,TRUE,1.00106555681787,2636.86781588741,3953.39219237445
67,"mu_beta","beta",0.405,0.479289853625,0.47798942,0.3486316475,0.6154358385,0.074289853625,0.074289853625,TRUE,1.00069516293988,1800.71377715205,3470.21577942656
67,"mu_lambda","lambda",0.0431,0.0465448785333917,0.0460296395,0.0231185292,0.07168133395,0.00344487853339167,0.00344487853339167,TRUE,1.00036663356151,3659.45645628357,5276.9179458582
67,"mu_delta","delta",1.78,1.81710603220833,1.8250763,1.635320345,1.970779235,0.0371060322083332,0.0371060322083332,TRUE,0.999953090091015,3855.00576054435,4865.59380881487
67,"mu_eta","eta",-0.48,-0.455369981683333,-0.455036725,-0.55598614,-0.35509772,0.0246300183166667,0.0246300183166667,TRUE,1.00089195719831,2635.91218273126,4669.53395652025
68,"mu_alpha","alpha",4.12,3.86334005006667,3.8566152,3.58077183,4.17438997,-0.256659949933333,0.256659949933333,TRUE,1.00025208140964,8029.6939211052,6264.07685202142
68,"mu_beta","beta",0.405,0.380785264883333,0.380050405,0.3079693255,0.456655822,-0.0242147351166667,0.0242147351166667,TRUE,1.00002662239915,7004.10655743097,6502.15205758559
68,"mu_lambda","lambda",0.0431,0.05244572654725,0.052474982,0.03588608385,0.0690559823,0.00934572654725,0.00934572654725,TRUE,1.00095940329912,6774.44750471018,6418.47690052803
68,"mu_delta","delta",1.78,1.754676811275,1.7510489,1.59795249,1.92702836,-0.0253231887250001,0.0253231887250001,TRUE,1.00183226903851,4438.16516590714,2897.87516364891
68,"mu_eta","eta",-0.48,-0.507290823281667,-0.506735515,-0.6058879985,-0.4115515835,-0.0272908232816667,0.0272908232816667,TRUE,1.00038940770681,3684.35740812794,5197.6533608341
69,"mu_alpha","alpha",5.25,5.2052800665,5.19443135,4.81764794,5.622351885,-0.0447199334999997,0.0447199334999997,TRUE,1.00028103341605,7550.76015074527,6351.10756181057
69,"mu_beta","beta",0.405,0.386219762470833,0.38612787,0.260357447,0.511884589,-0.0187802375291667,0.0187802375291667,TRUE,1.00038228751257,3361.09885866163,5769.30996149309
69,"mu_lambda","lambda",0.0431,0.0417791814102583,0.0414163835,0.02288853035,0.06224131505,-0.00132081858974167,0.00132081858974167,TRUE,1.00065870834166,5179.84353764892,5675.01972381305
69,"mu_delta","delta",1.78,1.82690274079167,1.8282643,1.681372605,1.966656385,0.0469027407916667,0.0469027407916667,TRUE,1.00094403813194,5142.5862353663,4896.870002842
69,"mu_eta","eta",-0.48,-0.487526983145833,-0.485734955,-0.6267568225,-0.3530676145,-0.00752698314583333,0.00752698314583333,TRUE,1.00246168445917,2058.89210227529,3286.52862325591
70,"mu_alpha","alpha",2.95,2.893319241375,2.88651585,2.59130124,3.21534436,-0.0566807586250002,0.0566807586250002,TRUE,1.00094060020118,5633.8204946165,6703.77189662915
70,"mu_beta","beta",0.608,0.6686805393075,0.666700205,0.5565751875,0.7853878365,0.0606805393075001,0.0606805393075001,TRUE,1.00030239682347,3766.48949476664,5634.43163527513
70,"mu_lambda","lambda",0.0431,0.038903375160525,0.0390177245,0.02058397,0.0569045383,-0.004196624839475,0.004196624839475,TRUE,1.00017687275923,6678.22277422122,5535.04741454301
70,"mu_delta","delta",1.78,1.76898792540833,1.7635621,1.609421835,1.943621445,-0.0110120745916666,0.0110120745916666,TRUE,1.00032900096822,4064.14401094737,4601.19566781895
70,"mu_eta","eta",-0.48,-0.47617212914,-0.474604995,-0.5796615825,-0.37972102,0.00382787085999997,0.00382787085999997,TRUE,1.00073209936609,2534.20639316634,4246.73629737398
71,"mu_alpha","alpha",4.12,4.25322259078333,4.24122075,3.867316485,4.678357955,0.133222590783333,0.133222590783333,TRUE,1.00035310760348,6987.26681067761,7086.22861994204
71,"mu_beta","beta",0.608,0.55234317796,0.551011305,0.458995508,0.649037643,-0.05565682204,0.05565682204,TRUE,1.0006142597205,5714.53894631269,5817.43237695059
71,"mu_lambda","lambda",0.0431,0.0359959765281333,0.0359237175,0.018872353,0.0532360744,-0.00710402347186666,0.00710402347186666,TRUE,1.00081884163715,5449.22554878758,5595.71481382528
71,"mu_delta","delta",1.78,1.72966508765,1.7246436,1.5954216,1.887604775,-0.0503349123500001,0.0503349123500001,TRUE,1.0004066087692,5724.59589006949,4141.95339527375
71,"mu_eta","eta",-0.48,-0.5491767540175,-0.54889897,-0.664169845,-0.4371565115,-0.0691767540175,0.0691767540175,TRUE,1.00175531692546,2675.66101255712,3969.77455056184
72,"mu_alpha","alpha",5.25,5.19004959405833,5.18051605,4.83751417,5.56962283,-0.0599504059416667,0.0599504059416667,TRUE,1.0030790778085,7612.6630302559,3934.53924067417
72,"mu_beta","beta",0.608,0.6367894847625,0.63481407,0.520974658,0.758732286,0.0287894847625,0.0287894847625,TRUE,1.00174836351531,3644.39719220284,2467.49149896744
72,"mu_lambda","lambda",0.0431,0.0301170161655167,0.0300220295,0.0155448656,0.0452241122,-0.0129829838344833,0.0129829838344833,TRUE,1.00028323568241,5779.41791829146,5466.61801594213
72,"mu_delta","delta",1.78,1.907163550675,1.92876045,1.745714995,1.994415875,0.127163550675,0.127163550675,TRUE,1.06301055163944,41.2172217273241,139.729012192361
72,"mu_eta","eta",-0.48,-0.4167356023475,-0.414596595,-0.523140796,-0.318119767,0.0632643976525,0.0632643976525,TRUE,1.0824859417374,33.8648995264657,205.944091354811
73,"mu_alpha","alpha",2.95,2.92003351879167,2.915812,2.571720665,3.28783246,-0.0299664812083336,0.0299664812083336,TRUE,1.00060859389698,4931.73188692548,6321.63672029255
73,"mu_beta","beta",0.204,0.225820242333417,0.225218645,0.1450373075,0.3057915245,0.0218202423334167,0.0218202423334167,TRUE,1.0000170321364,4965.59821365624,6658.83777481175
73,"mu_lambda","lambda",0.0701,0.0751848416605,0.07458062,0.04854538735,0.103273895,0.00508484166050001,0.00508484166050001,TRUE,1.00041896856196,5942.91220178953,6593.54354470363
73,"mu_delta","delta",1.78,1.750591530675,1.74747775,1.5938272,1.9181058,-0.0294084693250001,0.0294084693250001,TRUE,1.00027491545357,6946.24395969384,5547.00265944826
73,"mu_eta","eta",-0.48,-0.518701641637475,-0.519780285,-0.6484190675,-0.3848287825,-0.038701641637475,0.038701641637475,TRUE,1.00025600323852,3773.41631952706,4751.23899323864
74,"mu_alpha","alpha",4.12,4.56574988401667,4.5523029,4.19134415,4.98192484,0.445749884016666,0.445749884016666,FALSE,1.00067871401833,6339.73419365406,6755.20588689229
74,"mu_beta","beta",0.204,0.277196437919533,0.27644469,0.160516568,0.3978244395,0.0731964379195334,0.0731964379195334,TRUE,1.00320029859496,2708.34578902609,4951.44631794562
74,"mu_lambda","lambda",0.0701,0.08958976471625,0.0894699005,0.07059265135,0.1085747425,0.01948976471625,0.01948976471625,FALSE,1.00107306223889,5721.41811585968,6608.68541747786
74,"mu_delta","delta",1.78,1.84679500016667,1.85056545,1.7014304,1.975532655,0.0667950001666666,0.0667950001666666,TRUE,1.00026099817622,6586.67595669697,5324.29901364348
74,"mu_eta","eta",-0.48,-0.5548532520275,-0.553232175,-0.645172921,-0.4695707085,-0.0748532520275,0.0748532520275,TRUE,1.00139940866867,3443.9670958908,5418.21812790458
75,"mu_alpha","alpha",5.25,5.09768711899167,5.08771305,4.713308415,5.52170626,-0.152312881008333,0.152312881008333,TRUE,1.00027267438902,8157.2178921449,6581.02713273869
75,"mu_beta","beta",0.204,0.267714237987917,0.26713281,0.175585921,0.363369149,0.0637142379879167,0.0637142379879167,TRUE,1.00028173824564,5497.220909659,6566.10609596397
75,"mu_lambda","lambda",0.0701,0.0561584733803333,0.056057544,0.0372399661,0.0756629646,-0.0139415266196667,0.0139415266196667,TRUE,0.999998888704464,6515.1656734881,7266.18869978118
75,"mu_delta","delta",1.78,1.86808935955833,1.87805925,1.71822788,1.98312531,0.0880893595583334,0.0880893595583334,TRUE,1.00023266756479,7733.75642468642,6771.08793094322
75,"mu_eta","eta",-0.48,-0.425193920524167,-0.423499795,-0.498789808,-0.3569595345,0.0548060794758333,0.0548060794758333,TRUE,1.00059381192471,4575.68521738198,5367.94509330115
76,"mu_alpha","alpha",2.95,2.89868336294167,2.89158415,2.487977935,3.32840669,-0.0513166370583336,0.0513166370583336,TRUE,1.00061052293919,4022.04522435804,5924.86175998414
76,"mu_beta","beta",0.405,0.29019712479875,0.289272895,0.208465282,0.3766519655,-0.11480287520125,0.11480287520125,FALSE,1.00052439886702,4455.67916117851,7025.99762078104
76,"mu_lambda","lambda",0.0701,0.104272730427917,0.103886285,0.077284438,0.133393735,0.0341727304279167,0.0341727304279167,FALSE,1.00051802465125,5578.98919193655,7552.36132563481
76,"mu_delta","delta",1.78,1.76953799161833,1.78165645,1.54259038,1.954723045,-0.0104620083816667,0.0104620083816667,TRUE,1.00029704649467,5938.56507516186,5584.81191936828
76,"mu_eta","eta",-0.48,-0.564500952550833,-0.56499147,-0.6688124635,-0.4584825385,-0.0845009525508333,0.0845009525508333,TRUE,1.00170654610324,4119.00060893813,6248.04081786432
77,"mu_alpha","alpha",4.12,4.05240854405,4.0466504,3.583882375,4.54104691,-0.0675914559499997,0.0675914559499997,TRUE,1.00029905033667,4254.02580372472,7024.93451208986
77,"mu_beta","beta",0.405,0.370182177264167,0.36884031,0.2614824845,0.4813922375,-0.0348178227358333,0.0348178227358333,TRUE,1.00102881257083,3054.91932091573,5240.62060095461
77,"mu_lambda","lambda",0.0701,0.0889597419863333,0.088905512,0.07081128905,0.107299418,0.0188597419863333,0.0188597419863333,FALSE,1.00057922284296,6626.88231650034,6539.44265388328
77,"mu_delta","delta",1.78,1.78450542984167,1.78541725,1.62938302,1.937707025,0.00450542984166669,0.00450542984166669,TRUE,1.00100767723211,4570.16328897793,5316.40687421794
77,"mu_eta","eta",-0.48,-0.6501943713575,-0.648659395,-0.7490279995,-0.55574896,-0.1701943713575,0.1701943713575,FALSE,1.00031360220733,3876.99228112782,6116.2210455953
78,"mu_alpha","alpha",5.25,5.38112906539167,5.3758588,5.021449535,5.759447985,0.131129065391667,0.131129065391667,TRUE,1.00030689779513,9261.48268430342,6037.26139611082
78,"mu_beta","beta",0.405,0.374718739555,0.373504045,0.277062133,0.4743425095,-0.030281260445,0.030281260445,TRUE,1.00025484500654,6034.63068795784,7793.19979436065
78,"mu_lambda","lambda",0.0701,0.08533783593625,0.0851966295,0.06251349455,0.1090893175,0.01523783593625,0.01523783593625,TRUE,1.00052504446615,4741.4933096982,6702.27394331592
78,"mu_delta","delta",1.78,1.61879266891833,1.6182944,1.40454372,1.84209893,-0.161207331081667,0.161207331081667,TRUE,1.00091912409378,1894.84410674773,5391.91562508872
78,"mu_eta","eta",-0.48,-0.513412276304167,-0.511311365,-0.64023815,-0.391792672,-0.0334122763041667,0.0334122763041667,TRUE,1.00018237087653,3706.75799242645,5933.42325686017
79,"mu_alpha","alpha",2.95,2.84256363281667,2.83775875,2.48518465,3.216867935,-0.107436367183333,0.107436367183333,TRUE,1.00041712312702,5661.16505546571,6129.21825285798
79,"mu_beta","beta",0.608,0.5631665320375,0.563386215,0.4555081785,0.6700268925,-0.0448334679625,0.0448334679625,TRUE,1.00066664077275,4167.23865401269,6085.04256863642
79,"mu_lambda","lambda",0.0701,0.0599106814113333,0.0595308885,0.03618849735,0.0846983618,-0.0101893185886667,0.0101893185886667,TRUE,1.00026116100715,6092.57729805939,6223.8824661138
79,"mu_delta","delta",1.78,1.81465674231667,1.8243051,1.62777982,1.96921704,0.0346567423166666,0.0346567423166666,TRUE,0.99988742551319,5858.63810354133,5928.27001246307
79,"mu_eta","eta",-0.48,-0.4689137311775,-0.46849894,-0.584493301,-0.3570290365,0.0110862688225,0.0110862688225,TRUE,1.00137096221142,3305.00458081788,5203.01352564739
80,"mu_alpha","alpha",4.12,4.34027217421667,4.3278701,3.9494318,4.77143998,0.220272174216666,0.220272174216666,TRUE,1.00094862150663,8256.75693179092,7563.45935997393
80,"mu_beta","beta",0.608,0.5634984471925,0.56286866,0.4557850965,0.6741195985,-0.0445015528075,0.0445015528075,TRUE,1.00023056042277,6219.55952754209,7616.08374764981
80,"mu_lambda","lambda",0.0701,0.0680211824016667,0.0680510875,0.0552070289,0.08074830545,-0.00207881759833332,0.00207881759833332,TRUE,1.00079784242854,12502.6763833348,8831.02960776089
80,"mu_delta","delta",1.78,1.56840829113333,1.5586581,1.39425079,1.781987235,-0.211591708866667,0.211591708866667,TRUE,1.00051780632864,2808.34165620117,5245.81445541126
80,"mu_eta","eta",-0.48,-0.350336295753765,-0.348279635,-0.516071015,-0.1881630675,0.129663704246235,0.129663704246235,TRUE,1.00121425390957,2669.23667500934,4511.07913804883
81,"mu_alpha","alpha",5.25,5.305223896675,5.29889025,4.95624193,5.67614862,0.0552238966749998,0.0552238966749998,TRUE,1.00178967514482,9910.55579523918,5912.45441104786
81,"mu_beta","beta",0.608,0.630789368985,0.6289565,0.5247849195,0.7417483935,0.0227893689850001,0.0227893689850001,TRUE,1.00666617050002,5839.44958233188,7821.18447823327
81,"mu_lambda","lambda",0.0701,0.050964036902425,0.0505876755,0.03138678785,0.0718081947,-0.019135963097575,0.019135963097575,TRUE,1.00120742435889,4959.62709089146,6570.99006293511
81,"mu_delta","delta",1.78,1.920477975925,1.93573815,1.79103015,1.995596875,0.140477975925,0.140477975925,FALSE,1.04191243081711,63.9557466660282,183.841180025713
81,"mu_eta","eta",-0.48,-0.429696684091583,-0.431852255,-0.5311921495,-0.318412258,0.0503033159084166,0.0503033159084166,TRUE,1.05137988951511,60.2592785930478,59.1283314841832
82,"mu_alpha","alpha",2.95,2.96817175900833,2.9615918,2.70002977,3.249877825,0.0181717590083332,0.0181717590083332,TRUE,1.0001170731535,7578.9981874066,7738.97508101728
82,"mu_beta","beta",0.204,0.23238949674925,0.23180128,0.1411802445,0.3251577945,0.02838949674925,0.02838949674925,TRUE,1.00007762865679,4596.25998951714,6467.53344211294
82,"mu_lambda","lambda",0.0191,0.0293709938674717,0.029545072,0.0144502023,0.04368573805,0.0102709938674717,0.0102709938674717,TRUE,1.00008612215962,11405.2741859932,5917.77186821791
82,"mu_delta","delta",1.18,1.17666975206917,1.1750471,1.056304865,1.30475559,-0.00333024793083325,0.00333024793083325,TRUE,1.00054428014588,4525.23252940706,7171.4556221375
82,"mu_eta","eta",-0.11,-0.0475516791269252,-0.0483386235,-0.1884445235,0.0967510244499998,0.0624483208730748,0.0624483208730748,TRUE,1.00391723768715,3838.38607573174,6074.5965652028
83,"mu_alpha","alpha",4.12,4.44727403701667,4.44249035,3.89719943,5.01536259,0.327274037016666,0.327274037016666,TRUE,1.00132904887716,3965.56182359062,5320.32797972651
83,"mu_beta","beta",0.204,0.248418898872617,0.24742853,0.1400437125,0.360735148,0.0444188988726167,0.0444188988726167,TRUE,1.0020616658719,2552.58772101424,4658.61271615032
83,"mu_lambda","lambda",0.0191,0.0216395540673033,0.021708116,0.00800491418,0.03503220115,0.00253955406730334,0.00253955406730334,TRUE,1.00068644489596,6523.80963141532,5144.73662641601
83,"mu_delta","delta",1.18,1.1118222302,1.1054984,0.870730219,1.372843795,-0.0681777697999999,0.0681777697999999,TRUE,1.00387931916194,1395.09435537693,1486.28224036247
83,"mu_eta","eta",-0.11,-0.148571193976475,-0.147966925,-0.2319947915,-0.06696117365,-0.038571193976475,0.038571193976475,TRUE,1.00489856977638,722.378016474224,687.862211732739
84,"mu_alpha","alpha",5.25,5.019552846875,5.00568825,4.67509648,5.410916635,-0.230447153125,0.230447153125,TRUE,1.00018480069786,8280.37056961188,6756.06950860268
84,"mu_beta","beta",0.204,0.140106490733467,0.139760775,0.08108757955,0.1994704575,-0.0638935092665333,0.0638935092665333,FALSE,0.999945016954935,11162.5097536187,8456.40594236997
84,"mu_lambda","lambda",0.0191,0.0259319308036867,0.0260285745,0.01173134455,0.0399311792,0.00683193080368667,0.00683193080368667,TRUE,0.999997750216557,6948.83269572881,5523.20139439329
84,"mu_delta","delta",1.18,1.16649413715167,1.17038425,1.01037232,1.31286709,-0.0135058628483333,0.0135058628483333,TRUE,1.00158150514654,2877.58879862031,3197.34606415865
84,"mu_eta","eta",-0.11,-0.119101904850353,-0.12089134,-0.219787827,-0.0127871796,-0.0091019048503525,0.0091019048503525,TRUE,1.00102813511778,3566.54228621902,5844.63581636233
85,"mu_alpha","alpha",2.95,3.071980446375,3.06694625,2.72236666,3.443660265,0.121980446375,0.121980446375,TRUE,1.00031767301489,5121.03510709847,7745.31435953428
85,"mu_beta","beta",0.405,0.385531557299167,0.385044775,0.2994047395,0.474597988,-0.0194684427008334,0.0194684427008334,TRUE,1.00074119440673,4918.39372829625,6365.09863503049
85,"mu_lambda","lambda",0.0191,0.0193392438662186,0.019337359,0.00639202419,0.0318962752,0.000239243866218583,0.000239243866218583,TRUE,1.00035239967259,12284.2549386472,5575.33670179637
85,"mu_delta","delta",1.18,1.07724172649083,1.0745684,0.870974734,1.29260971,-0.102758273509167,0.102758273509167,TRUE,1.00253709173753,2533.54314330548,4408.45000479296
85,"mu_eta","eta",-0.11,-0.103707069625626,-0.10270401,-0.182272918,-0.0297187596500001,0.00629293037437409,0.00629293037437409,TRUE,1.00071568466029,3168.27617179187,5862.49118206736
86,"mu_alpha","alpha",4.12,4.51399019974167,4.5026424,4.10147898,4.965333105,0.393990199741666,0.393990199741666,TRUE,1.00022885478606,7329.65870304031,7833.65354656497
86,"mu_beta","beta",0.405,0.442474135031417,0.441698925,0.3165212305,0.5736862145,0.0374741350314167,0.0374741350314167,TRUE,1.00132077872998,3977.96915538237,6152.60914935933
86,"mu_lambda","lambda",0.0191,0.0186970429970025,0.0186671675,0.00659320503,0.03069495065,-0.0004029570029975,0.0004029570029975,TRUE,1.00016169419572,8862.76250799831,5634.22552728737
86,"mu_delta","delta",1.18,1.37385134946083,1.37507845,1.171487655,1.5786005,0.193851349460833,0.193851349460833,TRUE,1.19243394945608,13.9683879940227,27.7143046392982
86,"mu_eta","eta",-0.11,-0.0308797429574309,-0.0315065435,-0.1702263255,0.1098323205,0.0791202570425691,0.0791202570425691,TRUE,1.01429118649397,809.408304157292,2513.8790132357
87,"mu_alpha","alpha",5.25,5.4703351785,5.47035285,5.11591031,5.835344485,0.2203351785,0.2203351785,TRUE,1.00042722402138,10391.7633078226,5771.47338680785
87,"mu_beta","beta",0.405,0.3177351783125,0.31699671,0.225363109,0.4132585685,-0.0872648216875,0.0872648216875,TRUE,1.00065946153973,7111.86220617552,8137.30157213859
87,"mu_lambda","lambda",0.0191,0.0184985191088233,0.0184958515,0.006534299855,0.0300582932,-0.000601480891176665,0.000601480891176665,TRUE,1.000613543741,9531.49570779672,6420.34843742006
87,"mu_delta","delta",1.18,1.09438178482333,1.0876081,0.9774077205,1.238174655,-0.0856182151766667,0.0856182151766667,TRUE,1.00652495311384,510.592448435571,453.374392244793
87,"mu_eta","eta",-0.11,-0.109844909866038,-0.10921868,-0.2296471705,0.0113479394,0.000155090133961838,0.000155090133961838,TRUE,1.00107391782008,2354.46297516535,5456.68163792366
88,"mu_alpha","alpha",2.95,3.22155864155,3.21540685,2.799299785,3.6672975,0.27155864155,0.27155864155,TRUE,1.00097740399788,3565.42010224016,5928.14934507244
88,"mu_beta","beta",0.608,0.633454826850833,0.63239798,0.5297982805,0.740948083,0.0254548268508333,0.0254548268508333,TRUE,1.00040960666039,3553.94934010774,5810.40688864935
88,"mu_lambda","lambda",0.0191,0.0288917429846083,0.0291096105,0.0159981408,0.04112153635,0.00979174298460833,0.00979174298460833,TRUE,1.00025507525026,10387.6419858969,5740.00020720909
88,"mu_delta","delta",1.18,1.3453076647225,1.3292778,1.133428635,1.613631,0.1653076647225,0.1653076647225,TRUE,1.00313499592744,1356.25172487087,2175.50936298768
88,"mu_eta","eta",-0.11,-0.0327525705824524,-0.0326275115,-0.190314116,0.1271003405,0.0772474294175476,0.0772474294175476,TRUE,1.00169292926536,1724.0426193418,4157.54392936618
89,"mu_alpha","alpha",4.12,4.54252122581667,4.5314807,4.07072062,5.051914575,0.422521225816666,0.422521225816666,TRUE,1.0008350031926,4372.15277248935,5429.44376705901
89,"mu_beta","beta",0.608,0.57548312761,0.573768895,0.4689144265,0.687399453,-0.03251687239,0.03251687239,TRUE,1.00056091703335,3666.37873521983,5614.15310680912
89,"mu_lambda","lambda",0.0191,0.011334885033923,0.010508284,0.00213683903,0.0232040796,-0.007765114966077,0.007765114966077,TRUE,1.00014817858203,5994.02408271588,6434.2294736666
89,"mu_delta","delta",1.18,1.32725332141833,1.32570225,0.972602774,1.69309771,0.147253321418333,0.147253321418333,TRUE,1.07053501627824,39.1213243275327,340.010979742132
89,"mu_eta","eta",-0.11,-0.130008786907622,-0.129511725,-0.2500178345,-0.01153369865,-0.0200087869076225,0.0200087869076225,TRUE,1.10432152914215,25.866798770391,617.038933794651
90,"mu_alpha","alpha",5.25,5.39398866485,5.3914326,5.023503955,5.785605305,0.14398866485,0.14398866485,TRUE,1.00367418831434,6908.52407504873,5020.42378124006
90,"mu_beta","beta",0.608,0.616280548275,0.615142485,0.5253394445,0.7130335085,0.00828054827500002,0.00828054827500002,TRUE,1.0009430083414,6084.00772227112,7485.77251257652
90,"mu_lambda","lambda",0.0191,0.0145963205845758,0.0146012935,0.004791762495,0.0242136303,-0.00450367941542417,0.00450367941542417,TRUE,1.00005658086244,9515.38384304457,5150.91744991117
90,"mu_delta","delta",1.18,1.16086678426917,1.15567045,1.00767213,1.33145111,-0.0191332157308333,0.0191332157308333,TRUE,1.04832458400026,56.4179546689803,2521.58873039653
90,"mu_eta","eta",-0.11,-0.130307066911147,-0.13087489,-0.2588609465,-0.00180038615500005,-0.0203070669111467,0.0203070669111467,TRUE,1.04059903312916,87.669516139459,1654.2515424048
91,"mu_alpha","alpha",2.95,2.79859685195833,2.79257655,2.479055155,3.14167734,-0.151403148041667,0.151403148041667,TRUE,1.00060385077224,4243.77566188633,5649.67001779858
91,"mu_beta","beta",0.204,0.199754868406498,0.19875386,0.09347638365,0.307763697,-0.00424513159350165,0.00424513159350165,TRUE,1.00099996320428,2949.73214409166,4364.78928351099
91,"mu_lambda","lambda",0.0431,0.0497249644355667,0.050043742,0.03057321465,0.06750940485,0.00662496443556667,0.00662496443556667,TRUE,1.00026149297194,7946.40094659201,6216.99815387875
91,"mu_delta","delta",1.18,1.18693677986583,1.17786415,1.03443932,1.366724,0.0069367798658333,0.0069367798658333,TRUE,1.0004612365584,3235.26934952682,5250.69550649137
91,"mu_eta","eta",-0.11,-0.218313566889392,-0.21987312,-0.32619678,-0.1058942175,-0.108313566889392,0.108313566889392,TRUE,1.00059487182617,4390.95577031744,6685.10002094178
92,"mu_alpha","alpha",4.12,4.18887920130833,4.1831047,3.88320066,4.520631315,0.0688792013083335,0.0688792013083335,TRUE,0.999931261811309,10184.3990854441,8333.85890765522
92,"mu_beta","beta",0.204,0.112711554284973,0.111691935,0.00253207868,0.2239068505,-0.0912884457150272,0.0912884457150272,TRUE,1.00115762682084,3643.6739286496,5650.57548695249
92,"mu_lambda","lambda",0.0431,0.0609431543235833,0.0611251555,0.0435596613,0.07778432485,0.0178431543235833,0.0178431543235833,FALSE,1.00010864570944,10021.3932528098,8162.45642836215
92,"mu_delta","delta",1.18,1.13990637023167,1.13358705,1.0186506,1.282438475,-0.0400936297683332,0.0400936297683332,TRUE,1.0015655113268,3755.32674604277,5317.39312296258
92,"mu_eta","eta",-0.11,-0.201225381167478,-0.202207855,-0.3461779555,-0.05699183555,-0.0912253811674783,0.0912253811674783,TRUE,1.00053116145743,3563.74839699398,4933.99992434469
93,"mu_alpha","alpha",5.25,5.3528843174,5.3496268,4.95212703,5.766058065,0.1028843174,0.1028843174,TRUE,1.00104327134503,5898.9451949082,5835.68601942339
93,"mu_beta","beta",0.204,0.216503174502158,0.21565951,0.1161769565,0.318503744,0.0125031745021583,0.0125031745021583,TRUE,1.00077461114478,3827.40017295317,6511.67495656448
93,"mu_lambda","lambda",0.0431,0.0408219871815083,0.040993598,0.0252772423,0.05559268505,-0.00227801281849167,0.00227801281849167,TRUE,1.00024648258413,7480.86402152829,6557.76109916738
93,"mu_delta","delta",1.18,1.362924867795,1.3427953,1.194380015,1.60304946,0.182924867795,0.182924867795,FALSE,1.03538118491949,100.385614031325,899.729276409327
93,"mu_eta","eta",-0.11,-0.175833426720094,-0.177279575,-0.304968098,-0.04595170025,-0.0658334267200937,0.0658334267200937,TRUE,1.02413557709024,186.16267088443,1502.55981318337
94,"mu_alpha","alpha",2.95,2.72976875683333,2.7267273,2.416065675,3.061345905,-0.220231243166667,0.220231243166667,TRUE,1.00046849733912,5834.93672363528,6606.48335867073
94,"mu_beta","beta",0.405,0.5408689363475,0.54010929,0.4585731425,0.6279921975,0.1358689363475,0.1358689363475,FALSE,1.00059946464273,6287.12466619653,6658.0091207524
94,"mu_lambda","lambda",0.0431,0.0236890200909842,0.023277904,0.007128014985,0.04164009975,-0.0194109799090158,0.0194109799090158,FALSE,1.00084702592124,7509.11398496309,6078.71901237618
94,"mu_delta","delta",1.18,1.35950319261333,1.34118055,1.069367855,1.72658428,0.179503192613333,0.179503192613333,TRUE,1.19025897183967,14.8004767059506,113.778338603068
94,"mu_eta","eta",-0.11,-0.184740815171492,-0.18391414,-0.3361244495,-0.0394227044,-0.0747408151714917,0.0747408151714917,TRUE,1.07005099029315,36.3076545997076,136.478316565233
95,"mu_alpha","alpha",4.12,3.931471355925,3.92355265,3.595036265,4.29398397,-0.188528644075,0.188528644075,TRUE,1.00095824251234,6558.23978754881,6881.30449910666
95,"mu_beta","beta",0.405,0.38679119340225,0.38645494,0.2663434035,0.506869491,-0.01820880659775,0.01820880659775,TRUE,1.00105665340887,2828.72463278633,5106.11553687061
95,"mu_lambda","lambda",0.0431,0.0435259225952167,0.043618549,0.02708939775,0.0594326924,0.00042592259521667,0.00042592259521667,TRUE,1.00003343809253,7078.91418380544,5823.67655043555
95,"mu_delta","delta",1.18,1.16172714900167,1.1637974,1.05839863,1.25929655,-0.0182728509983332,0.0182728509983332,TRUE,1.0008797824142,2402.72549261629,3657.34584035822
95,"mu_eta","eta",-0.11,-0.115805570232751,-0.117855095,-0.224341094,-0.00207536603000001,-0.005805570232751,0.005805570232751,TRUE,1.00198130278541,2718.34940593314,4893.69673755336
96,"mu_alpha","alpha",5.25,5.626990578375,5.65116915,5.23866912,5.93362533,0.376990578375,0.376990578375,TRUE,1.00027456798393,7301.18585011179,7408.17767151747
96,"mu_beta","beta",0.405,0.440544628346667,0.43979343,0.340935542,0.5418417275,0.0355446283466667,0.0355446283466667,TRUE,1.00012611695615,5337.63937668749,7670.6528457344
96,"mu_lambda","lambda",0.0431,0.0457151205809333,0.045017462,0.0266054195,0.06665256845,0.00261512058093333,0.00261512058093333,TRUE,1.00046004342701,4304.95154314224,5185.17899649554
96,"mu_delta","delta",1.18,1.11010221601,1.11396105,0.9113521395,1.29807848,-0.0698977839899999,0.0698977839899999,TRUE,1.00041678507558,2210.6516431798,3707.13049559732
96,"mu_eta","eta",-0.11,-0.145046866286527,-0.145012685,-0.2503633505,-0.0384250704000001,-0.0350468662865274,0.0350468662865274,TRUE,1.00272856788486,2527.23549137887,4729.61406871541
97,"mu_alpha","alpha",2.95,2.75768016088333,2.75065745,2.383751515,3.154956365,-0.192319839116667,0.192319839116667,TRUE,1.00042396492813,4092.66640238573,6009.92245480145
97,"mu_beta","beta",0.608,0.59655395404,0.59611992,0.530313813,0.6655741545,-0.01144604596,0.01144604596,TRUE,1.00016154109452,10278.8071047517,9002.05933350789
97,"mu_lambda","lambda",0.0431,0.0428848849385833,0.0429815465,0.02774955215,0.0573286204,-0.000215115061416665,0.000215115061416665,TRUE,1.00021776969689,11094.8794052265,6739.77424897505
97,"mu_delta","delta",1.18,1.23358802718167,1.22209255,1.103923205,1.402717805,0.0535880271816667,0.0535880271816667,TRUE,1.00399723073745,1938.80026784566,4695.3401005279
97,"mu_eta","eta",-0.11,-0.198884566944476,-0.200435095,-0.3231305895,-0.0720090753500002,-0.0888845669444758,0.0888845669444758,TRUE,1.00064771099696,3345.64848416709,5638.95538297878
98,"mu_alpha","alpha",4.12,4.37646010408333,4.36833695,3.985065535,4.79603133,0.256460104083334,0.256460104083334,TRUE,0.999987479483591,7626.49632519042,7520.97916555828
98,"mu_beta","beta",0.608,0.5566512543125,0.555241755,0.4397000965,0.675864605,-0.0513487456875,0.0513487456875,TRUE,1.00005486963803,4567.18795907136,6421.14109671767
98,"mu_lambda","lambda",0.0431,0.05536255374025,0.0554999225,0.03856982405,0.0718197783,0.01226255374025,0.01226255374025,TRUE,1.001225604239,6558.31913924941,7319.78326478409
98,"mu_delta","delta",1.18,1.06752718885917,1.0604533,0.878579246,1.28020021,-0.112472811140833,0.112472811140833,TRUE,1.02300420254774,193.303162634419,3231.12368815242
98,"mu_eta","eta",-0.11,-0.086989539541433,-0.0872011695,-0.204999704,0.03324080185,0.023010460458567,0.023010460458567,TRUE,1.0255564469534,138.401248143216,4121.06965075352
99,"mu_alpha","alpha",5.25,5.567682826425,5.5695903,5.222090515,5.89719949,0.317682826425,0.317682826425,TRUE,1.00017801515945,9976.52577894828,5930.01035811632
99,"mu_beta","beta",0.608,0.557919995808333,0.55709223,0.4364292435,0.686026284,-0.0500800041916667,0.0500800041916667,TRUE,1.00090896711384,4046.23989741538,6049.9102703908
99,"mu_lambda","lambda",0.0431,0.0337365524944083,0.0328917255,0.0158782247,0.05421857335,-0.00936344750559166,0.00936344750559166,TRUE,1.00027441317155,5085.87419376621,6636.02908066394
99,"mu_delta","delta",1.18,1.1829930944475,1.17529335,1.00460771,1.393416125,0.00299309444750007,0.00299309444750007,TRUE,1.00198625146052,2911.06885927661,4102.09304770638
99,"mu_eta","eta",-0.11,-0.133160983674873,-0.133920225,-0.2354332775,-0.02856537075,-0.0231609836748733,0.0231609836748733,TRUE,1.00083653102913,4000.77375285812,5687.28968520868
100,"mu_alpha","alpha",2.95,3.15818152055833,3.14957315,2.785767255,3.55493533,0.208181520558333,0.208181520558333,TRUE,1.00031225404836,3957.96542063644,6179.46546453127
100,"mu_beta","beta",0.204,0.23810084024848,0.2383418,0.1288131985,0.3490119975,0.03410084024848,0.03410084024848,TRUE,1.00124778114406,2975.70087922933,4745.92062840832
100,"mu_lambda","lambda",0.0701,0.0815470746516667,0.081402945,0.05340992055,0.11018227,0.0114470746516667,0.0114470746516667,TRUE,1.00077838534321,4857.85807130555,6180.16405233716
100,"mu_delta","delta",1.18,1.11976147927333,1.11987735,0.866831367,1.377477985,-0.0602385207266667,0.0602385207266667,TRUE,1.07415423388374,34.2810892189184,510.410494940008
100,"mu_eta","eta",-0.11,-0.209608167364719,-0.208324735,-0.32308981,-0.101131282,-0.0996081673647192,0.0996081673647192,TRUE,1.02469841695171,158.833213475282,2876.84571983222
101,"mu_alpha","alpha",4.12,4.31800059068333,4.30585935,3.92763056,4.74566593,0.198000590683333,0.198000590683333,TRUE,1.00019540474773,6580.54408117994,7001.54812311021
101,"mu_beta","beta",0.204,0.285574372952,0.28515501,0.170934741,0.4038004765,0.081574372952,0.081574372952,TRUE,1.00182368611956,3188.48363072262,5975.43485813368
101,"mu_lambda","lambda",0.0701,0.0745941237151667,0.074591935,0.053996636,0.09508668885,0.00449412371516666,0.00449412371516666,TRUE,1.00064495655052,6351.22562618745,6983.83008279258
101,"mu_delta","delta",1.18,1.42895189820917,1.4217019,1.25294969,1.625710485,0.248951898209167,0.248951898209167,FALSE,1.00934122532574,361.906885704488,2306.82526307085
101,"mu_eta","eta",-0.11,-0.113904794420415,-0.11334273,-0.229645128,0.000775113556499986,-0.00390479442041509,0.00390479442041509,TRUE,1.009832287009,428.977087223336,3974.37151136614
102,"mu_alpha","alpha",5.25,5.39515834583333,5.39405995,5.03113464,5.759886345,0.145158345833333,0.145158345833333,TRUE,1.00065079445752,8490.96862659144,6318.98075055904
102,"mu_beta","beta",0.204,0.193656025380499,0.193174515,0.07587257425,0.3125598505,-0.0103439746195008,0.0103439746195008,TRUE,1.00157446429072,3177.34030545564,5906.34034373859
102,"mu_lambda","lambda",0.0701,0.06117141377875,0.060999731,0.04351488685,0.07900401715,-0.00892858622124999,0.00892858622124999,TRUE,1.00032922832541,5803.96916658702,7443.49337358787
102,"mu_delta","delta",1.18,1.37510218321667,1.37007275,1.21374891,1.55497497,0.195102183216667,0.195102183216667,FALSE,1.00286521613878,2113.61311793781,3641.04144380623
102,"mu_eta","eta",-0.11,-0.111356731733108,-0.111215435,-0.236438198,0.0105645949999999,-0.00135673173310835,0.00135673173310835,TRUE,1.00360663603946,1926.80926021425,3514.52475493309
103,"mu_alpha","alpha",2.95,3.04692150109167,3.0423459,2.678783065,3.436661705,0.0969215010916664,0.0969215010916664,TRUE,1.00039377451951,4687.89445930464,6941.27506387752
103,"mu_beta","beta",0.405,0.3940581632375,0.392554225,0.3095954425,0.483443734,-0.0109418367625,0.0109418367625,TRUE,1.00021617661084,4363.22117983548,7142.00302845838
103,"mu_lambda","lambda",0.0701,0.0560629089675833,0.0562726775,0.0374990357,0.073906577,-0.0140370910324167,0.0140370910324167,TRUE,1.00026443726104,8125.1809276034,7100.14639258739
103,"mu_delta","delta",1.18,1.24347628930083,1.23829195,1.03994536,1.46538622,0.0634762893008334,0.0634762893008334,TRUE,1.00205456033517,2889.94262161347,5231.50492828859
103,"mu_eta","eta",-0.11,-0.0797208378831556,-0.0802137705,-0.191233844,0.03505728005,0.0302791621168444,0.0302791621168444,TRUE,1.00101936624518,3746.01209010872,6131.81721603829
104,"mu_alpha","alpha",4.12,3.86252296128333,3.8558325,3.523215145,4.226066425,-0.257477038716667,0.257477038716667,TRUE,0.999991171632235,8732.47730495158,8381.51986296163
104,"mu_beta","beta",0.405,0.388219416660833,0.38764593,0.2768992155,0.4985796765,-0.0167805833391667,0.0167805833391667,TRUE,1.00007139274582,4772.24518841973,6635.38762156342
104,"mu_lambda","lambda",0.0701,0.0828152544943333,0.082768644,0.0609336291,0.1045362705,0.0127152544943333,0.0127152544943333,TRUE,1.00021896008629,7686.77492982673,8440.26325842808
104,"mu_delta","delta",1.18,1.0999078306625,1.0900665,0.9845758835,1.24889339,-0.0800921693374999,0.0800921693374999,TRUE,1.00816297213871,851.751565643805,1847.60329913047
104,"mu_eta","eta",-0.11,-0.210444636751734,-0.209543535,-0.335105533,-0.0876536249500001,-0.100444636751734,0.100444636751734,TRUE,1.00577344607054,1379.26013772599,4366.08827917607
105,"mu_alpha","alpha",5.25,5.28962147335,5.28596075,4.874971745,5.7244676,0.0396214733500004,0.0396214733500004,TRUE,1.00630027283347,7191.96224480635,6725.35312145067
105,"mu_beta","beta",0.405,0.462645840978333,0.46084548,0.3510634365,0.579178579,0.0576458409783333,0.0576458409783333,TRUE,1.00048729136912,5515.34887645025,7246.15268157836
105,"mu_lambda","lambda",0.0701,0.0761359851945,0.0760187555,0.0554724664,0.09721350345,0.00603598519450001,0.00603598519450001,TRUE,1.0021504032677,4605.50568505378,6700.64712778285
105,"mu_delta","delta",1.18,1.639699565685,1.656398,1.32302302,1.90744075,0.459699565685,0.459699565685,FALSE,1.11358810659205,22.3846501920013,261.072824519486
105,"mu_eta","eta",-0.11,-0.134982483787339,-0.13080441,-0.280918696,-0.002778751345,-0.0249824837873392,0.0249824837873392,TRUE,1.05404228304291,56.5300223675677,137.342797826985
106,"mu_alpha","alpha",2.95,2.9870543871,2.9826155,2.636079475,3.34432676,0.0370543871,0.0370543871,TRUE,1.00048511850152,7216.35656333603,8024.43739364727
106,"mu_beta","beta",0.608,0.5724621593525,0.572542935,0.4816479245,0.663194324,-0.0355378406475,0.0355378406475,TRUE,1.00007050733971,8386.17464547377,9108.53232978723
106,"mu_lambda","lambda",0.0701,0.0784658023253333,0.078041674,0.05198245425,0.106258576,0.00836580232533334,0.00836580232533334,TRUE,1.00032561725941,5924.06332112291,7296.61474257719
106,"mu_delta","delta",1.18,1.10727988288417,1.1045234,0.9683589535,1.26372671,-0.0727201171158334,0.0727201171158334,TRUE,1.00070007301661,4199.8920935851,3472.05809369291
106,"mu_eta","eta",-0.11,-0.157002728489983,-0.156809595,-0.2349181455,-0.0776351786,-0.0470027284899825,0.0470027284899825,TRUE,1.00022104706141,7300.11548469226,7599.4070829049
107,"mu_alpha","alpha",4.12,4.098401563975,4.0883433,3.70418123,4.52809462,-0.0215984360250001,0.0215984360250001,TRUE,1.00004870154179,7481.94106586854,7634.58156590358
107,"mu_beta","beta",0.608,0.5579716735575,0.55689846,0.454607877,0.6659751595,-0.0500283264425,0.0500283264425,TRUE,1.00001231769782,5807.72120865472,7605.00192923133
107,"mu_lambda","lambda",0.0701,0.0814453295309167,0.0813635115,0.0608601034,0.102381607,0.0113453295309167,0.0113453295309167,TRUE,1.00006395827372,6075.84944590176,6881.21623169964
107,"mu_delta","delta",1.18,1.06558743731417,1.063462,0.878716255,1.25950255,-0.114412562685833,0.114412562685833,TRUE,1.00077204696176,3077.48522730159,4130.12165522917
107,"mu_eta","eta",-0.11,-0.0959336057194544,-0.097721885,-0.1930008415,0.00891262012499999,0.0140663942805456,0.0140663942805456,TRUE,1.00130699822828,4029.21288254119,5384.642598517
108,"mu_alpha","alpha",5.25,5.468866293275,5.4666311,5.114003225,5.829753535,0.218866293275,0.218866293275,TRUE,1.00012337704174,8586.29342867659,6374.19557344672
108,"mu_beta","beta",0.608,0.678337447020833,0.67691315,0.571425643,0.789789288,0.0703374470208333,0.0703374470208333,TRUE,1.00028348023351,4862.30577191467,6704.07015892501
108,"mu_lambda","lambda",0.0701,0.0681064652253333,0.0679573645,0.05072818405,0.08569827825,-0.00199353477466666,0.00199353477466666,TRUE,1.00081675334344,4433.12755218941,5430.88038721214
108,"mu_delta","delta",1.18,1.25413094154083,1.2424747,1.02107536,1.53244463,0.0741309415408333,0.0741309415408333,TRUE,1.0038711667234,1821.18054904579,2727.91079145791
108,"mu_eta","eta",-0.11,-0.101511658578959,-0.10116002,-0.1877612895,-0.0131013524,0.00848834142104142,0.00848834142104142,TRUE,1.00203284911342,1738.9384486666,4079.36166955164
109,"mu_alpha","alpha",2.95,2.74446379184167,2.73615775,2.39680447,3.10315193,-0.205536208158334,0.205536208158334,TRUE,1.00075909709831,3253.37537913345,5088.34568403989
109,"mu_beta","beta",0.204,0.0913780426568375,0.091108727,-0.03561488855,0.220722473,-0.112621957343162,0.112621957343162,TRUE,1.00300095167428,1732.73347969331,3215.42172142471
109,"mu_lambda","lambda",0.0191,0.0264131416442292,0.026121103,0.00848932751,0.0452315085,0.00731314164422917,0.00731314164422917,TRUE,1.00072321867384,7048.29684026774,5551.48355366621
109,"mu_delta","delta",1.45,1.54804716040833,1.5479173,1.41251352,1.681651455,0.0980471604083333,0.0980471604083333,TRUE,1.01627815218756,289.840530985209,1462.86672637907
109,"mu_eta","eta",-0.11,-0.126908997738803,-0.12242418,-0.283967999,0.0171389986999999,-0.0169089977388032,0.0169089977388032,TRUE,1.06920077460069,37.5016808250238,1068.45574221036
110,"mu_alpha","alpha",4.12,3.914629251725,3.9079708,3.59150675,4.25550947,-0.205370748275,0.205370748275,TRUE,1.00015785669351,7205.67501958214,8039.87184675923
110,"mu_beta","beta",0.204,0.249797744477283,0.248593595,0.135374491,0.3696289965,0.0457977444772834,0.0457977444772834,TRUE,1.00062352782516,3004.00964638919,5066.83913556129
110,"mu_lambda","lambda",0.0191,0.0249992103676283,0.025087879,0.0114373821,0.03811858825,0.00589921036762834,0.00589921036762834,TRUE,1.00006754684755,9362.46586090237,5477.41417576607
110,"mu_delta","delta",1.45,1.3664644267,1.3509484,1.26291677,1.5316717,-0.0835355733000001,0.0835355733000001,TRUE,1.00105399544687,2416.6416754888,1826.80552875114
110,"mu_eta","eta",-0.11,-0.105843656682612,-0.10427369,-0.241737703,0.024722606,0.00415634331738816,0.00415634331738816,TRUE,1.00161569435245,2787.91115501322,4470.73426857225
111,"mu_alpha","alpha",5.25,5.57609985829167,5.5852081,5.219490765,5.901097345,0.326099858291666,0.326099858291666,TRUE,1.00032408324228,8774.86255626195,5798.30058790411
111,"mu_beta","beta",0.204,0.163563566973555,0.16331439,0.05160256855,0.277424963,-0.040436433026445,0.040436433026445,TRUE,1.00083807963704,3833.77577855005,5777.71656692183
111,"mu_lambda","lambda",0.0191,0.0261611998721,0.026101339,0.0125215466,0.0398024311,0.0070611998721,0.0070611998721,TRUE,1.00086391945742,7832.61457842352,6620.90898376264
111,"mu_delta","delta",1.45,1.27696400800167,1.2628781,1.09528974,1.50378997,-0.173035991998333,0.173035991998333,TRUE,1.00282592659031,2365.33617245846,2663.27473099983
111,"mu_eta","eta",-0.11,-0.168331043511267,-0.16920505,-0.2549285115,-0.0786645222500001,-0.0583310435112667,0.0583310435112667,TRUE,1.00142827391444,2477.13197230961,4258.49833842785
112,"mu_alpha","alpha",2.95,2.72138171689167,2.7176924,2.399211915,3.05809379,-0.228618283108334,0.228618283108334,TRUE,1.00078646161525,4820.46540215759,7175.43734529427
112,"mu_beta","beta",0.405,0.43098045807475,0.429378185,0.3055649705,0.5623424315,0.02598045807475,0.02598045807475,TRUE,1.00072236993166,2827.95405630121,4708.54856455091
112,"mu_lambda","lambda",0.0191,0.0206890821393158,0.0206164665,0.00690464223,0.03462736725,0.00158908213931584,0.00158908213931584,TRUE,1.00076291688953,9786.10214654046,5525.71218993167
112,"mu_delta","delta",1.45,1.55231135131167,1.54528195,1.33006072,1.8074923,0.102311351311667,0.102311351311667,TRUE,1.00103324616532,2194.75924262558,3680.42891191594
112,"mu_eta","eta",-0.11,-0.137844358520668,-0.140009255,-0.235327842,-0.03401541615,-0.0278443585206684,0.0278443585206684,TRUE,1.00085729285306,4215.51520895242,6668.22018349736
113,"mu_alpha","alpha",4.12,4.15129918741667,4.1415115,3.75562196,4.577317655,0.0312991874166668,0.0312991874166668,TRUE,1.00008144088265,7027.84372657118,7386.18144600717
113,"mu_beta","beta",0.405,0.404674007455,0.403616505,0.3017614145,0.51047913,-0.000325992545000042,0.000325992545000042,TRUE,1.00038369343826,5344.03000867068,7187.74864938724
113,"mu_lambda","lambda",0.0191,0.014537168052008,0.0141811,0.003460151605,0.0266238195,-0.004562831947992,0.004562831947992,TRUE,1.00024382704873,10534.2689703283,5934.08263351916
113,"mu_delta","delta",1.45,1.431695015305,1.4173487,1.230675065,1.68949298,-0.0183049846949999,0.0183049846949999,TRUE,1.00040096936137,3984.7661641173,4054.64163077138
113,"mu_eta","eta",-0.11,-0.12597280205593,-0.127820305,-0.241627711,-0.004839790125,-0.0159728020559299,0.0159728020559299,TRUE,1.00064459400713,4198.72373023152,6344.9916732875
114,"mu_alpha","alpha",5.25,5.03386027779167,5.0211912,4.628012725,5.481410475,-0.216139722208333,0.216139722208333,TRUE,0.999948909133737,6847.32372861831,5341.54676044146
114,"mu_beta","beta",0.405,0.415766460853917,0.414483565,0.304985241,0.5302490895,0.0107664608539166,0.0107664608539166,TRUE,1.00107215337912,3878.80186352948,5775.24406391706
114,"mu_lambda","lambda",0.0191,0.0158237963729258,0.0156758815,0.004986377405,0.02738268885,-0.00327620362707417,0.00327620362707417,TRUE,1.00043020694903,8672.89878420131,5434.2404451407
114,"mu_delta","delta",1.45,1.46801272896667,1.45678225,1.320041975,1.651685495,0.0180127289666667,0.0180127289666667,TRUE,1.00086859234791,3276.71394644179,4195.38432692831
114,"mu_eta","eta",-0.11,-0.124536971330541,-0.125629745,-0.2461840795,0.00232395941999973,-0.0145369713305415,0.0145369713305415,TRUE,1.00139947415116,2284.5500325476,4118.62356621461
115,"mu_alpha","alpha",2.95,2.73368674434167,2.7290458,2.324875795,3.16368004,-0.216313255658334,0.216313255658334,TRUE,1.00593688933612,3494.03047291042,5662.2527415457
115,"mu_beta","beta",0.608,0.6063418786375,0.605485225,0.507392925,0.710591921,-0.00165812136249999,0.00165812136249999,TRUE,1.00035482602104,5752.69648975287,7351.14519488314
115,"mu_lambda","lambda",0.0191,0.0215350546713342,0.021589833,0.007143975565,0.0355746092,0.00243505467133417,0.00243505467133417,TRUE,1.0014149869,7382.79003507731,4956.332957352
115,"mu_delta","delta",1.45,1.40351917221667,1.39161515,1.222326625,1.622331935,-0.0464808277833333,0.0464808277833333,TRUE,1.11569822382514,23.0433853114095,47.7526291272397
115,"mu_eta","eta",-0.11,-0.177620284696046,-0.17453918,-0.363745939,-0.00400603215500021,-0.0676202846960458,0.0676202846960458,TRUE,1.08412914108512,35.6976708471632,87.6481955520075
116,"mu_alpha","alpha",4.12,4.403805270625,4.3909704,4.052301965,4.800384035,0.283805270625,0.283805270625,TRUE,1.00272502444419,7434.11092498349,6967.74713764085
116,"mu_beta","beta",0.608,0.560854999015,0.559233225,0.4382500555,0.688387502,-0.047145000985,0.047145000985,TRUE,1.00140144709316,4370.86740330982,6238.12309300261
116,"mu_lambda","lambda",0.0191,0.0103337153967476,0.0094999667,0.00142882614,0.0221820353,-0.00876628460325245,0.00876628460325245,TRUE,1.00063392992859,8699.80483672958,6663.50918502826
116,"mu_delta","delta",1.45,1.43338323654583,1.4271272,1.210862285,1.68426301,-0.0166167634541665,0.0166167634541665,TRUE,1.02428116921436,225.490849721855,1577.86900143796
116,"mu_eta","eta",-0.11,-0.138563083097282,-0.137665355,-0.2739632735,-0.00998922965500003,-0.0285630830972821,0.0285630830972821,TRUE,1.0589159832968,50.6743855041374,182.940508552094
117,"mu_alpha","alpha",5.25,4.98850124795833,4.9805292,4.659856025,5.350239045,-0.261498752041667,0.261498752041667,TRUE,0.999978131348733,6989.74332733675,4939.62617985201
117,"mu_beta","beta",0.608,0.5151140080575,0.5141799,0.426735388,0.605103431,-0.0928859919425,0.0928859919425,FALSE,1.00071546410085,4989.20896890975,6688.58183143659
117,"mu_lambda","lambda",0.0191,0.019872592983665,0.0199473885,0.00889443766,0.0305225818,0.000772592983665003,0.000772592983665003,TRUE,1.00031096942377,7096.95025269051,4278.44214461555
117,"mu_delta","delta",1.45,1.34016130930417,1.3226313,1.169755885,1.57104208,-0.109838690695833,0.109838690695833,TRUE,1.01088982319215,412.6177706631,412.13443644077
117,"mu_eta","eta",-0.11,-0.128243949416414,-0.12878208,-0.242715575,-0.0150562249,-0.0182439494164145,0.0182439494164145,TRUE,1.00235592348293,1956.79199952151,4261.79867129534
118,"mu_alpha","alpha",2.95,3.026339487625,3.02230915,2.709943735,3.35889257,0.0763394876249999,0.0763394876249999,TRUE,1.00078202741711,7933.90041798054,8717.12626139739
118,"mu_beta","beta",0.204,0.229775310433227,0.22971846,0.121243641,0.3387901685,0.0257753104332275,0.0257753104332275,TRUE,1.00171689620048,4810.54625164124,6651.33676551928
118,"mu_lambda","lambda",0.0431,0.0470590486890583,0.0470886795,0.0241941965,0.0698539438,0.00395904868905833,0.00395904868905833,TRUE,0.999873802600579,9396.01660372975,6984.41979675879
118,"mu_delta","delta",1.45,1.421440959175,1.41399875,1.314095925,1.55444219,-0.028559040825,0.028559040825,TRUE,1.00021880286228,5048.14547644243,3675.01750369743
118,"mu_eta","eta",-0.11,-0.0621601753502119,-0.061801636,-0.2058687395,0.0819807266499999,0.0478398246497881,0.0478398246497881,TRUE,1.00029191326509,4945.75300724524,7265.03457162207
119,"mu_alpha","alpha",4.12,4.30661986161667,4.29780195,3.878516785,4.76443025,0.186619861616666,0.186619861616666,TRUE,1.00006486620099,5771.04415842723,7409.39122551929
119,"mu_beta","beta",0.204,0.18606279497682,0.185756625,0.0777000648,0.2962083435,-0.01793720502318,0.01793720502318,TRUE,1.00020242848458,3659.17687526502,5772.73039459399
119,"mu_lambda","lambda",0.0431,0.0435062233300917,0.0432119595,0.0227288037,0.0654924965,0.000406223330091667,0.000406223330091667,TRUE,1.00078611552065,5863.97308501672,6660.9937732437
119,"mu_delta","delta",1.45,1.34804088621583,1.34356375,1.16628127,1.544757765,-0.101959113784167,0.101959113784167,TRUE,1.00192882482842,3398.77381050901,4125.80313676407
119,"mu_eta","eta",-0.11,-0.0982514742184922,-0.0997179105,-0.211479364,0.0204148745999999,0.0117485257815078,0.0117485257815078,TRUE,1.00053878499626,4044.51962445101,6021.46296301437
120,"mu_alpha","alpha",5.25,5.439182477475,5.45153005,5.00168509,5.834623895,0.189182477475,0.189182477475,TRUE,1.00031235384262,7267.08566669671,6935.62201348344
120,"mu_beta","beta",0.204,0.319424451338,0.31914527,0.214317107,0.425212583,0.115424451338,0.115424451338,FALSE,1.00046890177159,4472.36242797285,6887.45305733312
120,"mu_lambda","lambda",0.0431,0.0397057447346667,0.03974687,0.0263417574,0.052939264,-0.00339425526533333,0.00339425526533333,TRUE,1.00017460561207,8510.20675215727,7696.15380319772
120,"mu_delta","delta",1.45,1.42665732384167,1.41814455,1.317438535,1.568984435,-0.0233426761583333,0.0233426761583333,TRUE,1.00117745253439,3503.02422405332,3386.87859797208
120,"mu_eta","eta",-0.11,-0.177527276789307,-0.176816455,-0.3168065255,-0.0381351833,-0.0675272767893067,0.0675272767893067,TRUE,1.00059899446671,2228.70813700582,3808.35709110286
121,"mu_alpha","alpha",2.95,2.76655358518333,2.7617929,2.40184341,3.149316495,-0.183446414816667,0.183446414816667,TRUE,1.00898888286422,3594.52767552269,5598.28720810031
121,"mu_beta","beta",0.405,0.398647464498333,0.39824171,0.2917349485,0.5081619935,-0.0063525355016667,0.0063525355016667,TRUE,1.00025930437829,3469.14874767936,5529.12693850462
121,"mu_lambda","lambda",0.0431,0.0361764734848667,0.036325222,0.0201537424,0.05197696155,-0.00692352651513333,0.00692352651513333,TRUE,1.00012661964311,10597.955762656,6513.01813784529
121,"mu_delta","delta",1.45,1.22561738780667,1.22369605,1.062827235,1.39298711,-0.224382612193333,0.224382612193333,FALSE,1.1404316242873,19.1728624165139,60.9231359100119
121,"mu_eta","eta",-0.11,-0.0140340169711015,0.0011905016,-0.2241005305,0.132193208,0.0959659830288985,0.0959659830288985,TRUE,1.20483590146686,13.8374114166145,29.7288687299865
122,"mu_alpha","alpha",4.12,3.86545022149167,3.8561622,3.469355995,4.28330413,-0.254549778508333,0.254549778508333,TRUE,1.00024328503433,4300.21490630788,5767.04708946032
122,"mu_beta","beta",0.405,0.376443174545833,0.374964635,0.290403486,0.4644680365,-0.0285568254541667,0.0285568254541667,TRUE,1.00109121720624,3740.16949587243,5912.62577828294
122,"mu_lambda","lambda",0.0431,0.039479477806825,0.0388637205,0.0188003758,0.0618320955,-0.003620522193175,0.003620522193175,TRUE,1.00098745600771,4491.09021667287,5844.8705155667
122,"mu_delta","delta",1.45,1.63529516570833,1.6302469,1.494608095,1.79879272,0.185295165708333,0.185295165708333,FALSE,1.00008373901846,5228.92135960875,4170.01837242599
122,"mu_eta","eta",-0.11,-0.0567154402014531,-0.057257769,-0.15904673,0.0507167864999999,0.0532845597985469,0.0532845597985469,TRUE,1.00129898743074,2862.22647373003,4187.8031492477
123,"mu_alpha","alpha",5.25,5.29325583198333,5.2866802,4.96094643,5.647699185,0.0432558319833332,0.0432558319833332,TRUE,1.00035003399809,11378.530175113,6201.72154603948
123,"mu_beta","beta",0.405,0.44033275888,0.439081385,0.3461779845,0.538742627,0.03533275888,0.03533275888,TRUE,1.00011506732686,6758.79094112554,7172.65502610284
123,"mu_lambda","lambda",0.0431,0.0484515490999167,0.0481844455,0.03207404775,0.0654469348,0.00535154909991667,0.00535154909991667,TRUE,1.00024148211494,6931.45247357903,6832.26041716256
123,"mu_delta","delta",1.45,1.558550418325,1.5502868,1.404158875,1.74560019,0.108550418325,0.108550418325,TRUE,1.00066747533968,6800.2815440327,4139.21020090008
123,"mu_eta","eta",-0.11,-0.0915193275625515,-0.0929208385,-0.1732433745,-0.00502646635500001,0.0184806724374485,0.0184806724374485,TRUE,1.00128996468206,4638.2877833492,6858.42241489233
124,"mu_alpha","alpha",2.95,3.12735542751667,3.12037595,2.71337478,3.566987595,0.177355427516666,0.177355427516666,TRUE,1.00062460405903,5387.14208613806,7152.60301790112
124,"mu_beta","beta",0.608,0.621688445154167,0.620666065,0.5146627485,0.7317625045,0.0136884451541667,0.0136884451541667,TRUE,1.00049380487898,5503.87528385176,6997.88251724111
124,"mu_lambda","lambda",0.0431,0.0288143293476192,0.0287710725,0.01364274525,0.04417395545,-0.0142856706523808,0.0142856706523808,TRUE,1.00107055062508,9471.86215197831,6529.03211222464
124,"mu_delta","delta",1.45,1.54217157189667,1.5398695,1.307276455,1.78321079,0.0921715718966667,0.0921715718966667,TRUE,1.02787781524818,229.712425253894,365.371152171043
124,"mu_eta","eta",-0.11,0.0348025538219571,0.035249903,-0.09816797185,0.1689654465,0.144802553821957,0.144802553821957,FALSE,1.02644056330349,148.432493122145,281.064157748575
125,"mu_alpha","alpha",4.12,4.096916629425,4.08730415,3.800023495,4.43321701,-0.0230833705749998,0.0230833705749998,TRUE,1.00009244030189,10218.337030828,7622.16005881816
125,"mu_beta","beta",0.608,0.658859615365,0.657405455,0.559666017,0.76268527,0.0508596153650001,0.0508596153650001,TRUE,1.00021364760894,5575.83641480674,6867.2866146984
125,"mu_lambda","lambda",0.0431,0.037145673314875,0.0370735935,0.02131968465,0.0531176812,-0.005954326685125,0.005954326685125,TRUE,1.00003324024926,7435.86830794291,7369.36612354419
125,"mu_delta","delta",1.45,1.53702221550833,1.52765935,1.35490588,1.750151575,0.0870222155083333,0.0870222155083333,TRUE,1.01769424294237,205.029123813073,134.833604094339
125,"mu_eta","eta",-0.11,-0.178513283426836,-0.180742765,-0.3079816545,-0.0437194488500001,-0.0685132834268357,0.0685132834268357,TRUE,1.00589692036728,1047.18797558622,3565.49039100265
126,"mu_alpha","alpha",5.25,5.20541959189167,5.2020379,4.74359035,5.68384902,-0.0445804081083336,0.0445804081083336,TRUE,1.00052232415782,10622.4364571498,7643.09797518664
126,"mu_beta","beta",0.608,0.751691981153333,0.75027688,0.632757389,0.8780905545,0.143691981153333,0.143691981153333,FALSE,1.00053317228962,7587.77556296261,8509.31402106896
126,"mu_lambda","lambda",0.0431,0.0466784451861167,0.0464043495,0.0285223774,0.06596595255,0.00357844518611667,0.00357844518611667,TRUE,1.00008375068264,7420.29813358575,7914.32887194961
126,"mu_delta","delta",1.45,1.61102561583333,1.6029314,1.350772335,1.892471515,0.161025615833333,0.161025615833333,TRUE,1.1757010360521,15.6637453189287,63.1764416206984
126,"mu_eta","eta",-0.11,-0.0804037007316833,-0.0811842175,-0.2298923985,0.0733686469999999,0.0295962992683167,0.0295962992683167,TRUE,1.08594730318958,33.681685516402,221.499859369758
127,"mu_alpha","alpha",2.95,3.0128100815,3.006063,2.669888485,3.375292905,0.0628100814999999,0.0628100814999999,TRUE,1.00044338352614,5187.05079762235,6618.14431250027
127,"mu_beta","beta",0.204,0.224304118390917,0.22339811,0.135736874,0.3139672195,0.0203041183909167,0.0203041183909167,TRUE,1.00039076989076,4736.69045394736,6872.12769802489
127,"mu_lambda","lambda",0.0701,0.0779483713428333,0.077279776,0.0513537483,0.1061512635,0.00784837134283334,0.00784837134283334,TRUE,1.00108743116409,5038.81431175198,6754.85744656241
127,"mu_delta","delta",1.45,1.50339062564167,1.4994073,1.298233685,1.725884695,0.0533906256416667,0.0533906256416667,TRUE,1.00035862330506,4881.6603402374,6141.86550639526
127,"mu_eta","eta",-0.11,-0.31948720807,-0.31911813,-0.381483932,-0.2580730005,-0.20948720807,0.20948720807,FALSE,1.00081944149845,7838.12202978471,8089.57397707843
128,"mu_alpha","alpha",4.12,4.151304529775,4.14231395,3.793628605,4.53723952,0.0313045297750003,0.0313045297750003,TRUE,1.00079171745906,7180.0267493303,7371.0104314944
128,"mu_beta","beta",0.204,0.244135348604108,0.243537075,0.1578136565,0.3329208095,0.0401353486041083,0.0401353486041083,TRUE,1.00062263371593,5910.75850106951,7530.8557784701
128,"mu_lambda","lambda",0.0701,0.06470549467225,0.064698631,0.05085987885,0.0783903273,-0.00539450532775,0.00539450532775,TRUE,1.00034579807302,13577.9873462808,8398.22118566168
128,"mu_delta","delta",1.45,1.44454160929,1.4326689,1.2824878,1.646199725,-0.00545839070999987,0.00545839070999987,TRUE,1.00031244819258,4080.34454933633,4645.61093587697
128,"mu_eta","eta",-0.11,-0.178059687064172,-0.17855683,-0.276255545,-0.0757720604,-0.0680596870641725,0.0680596870641725,TRUE,1.00029760764945,3432.94260874782,4768.61901715077
129,"mu_alpha","alpha",5.25,5.2577044157,5.2508268,4.87619328,5.65703791,0.00770441570000013,0.00770441570000013,TRUE,1.00043112731116,6431.21257725528,4512.31476983636
129,"mu_beta","beta",0.204,0.186852468344008,0.18611692,0.0749579779,0.302098695,-0.0171475316559916,0.0171475316559916,TRUE,1.0002234457185,4406.86305247998,6664.84669710364
129,"mu_lambda","lambda",0.0701,0.08648991262225,0.086453982,0.07059922215,0.102710491,0.01638991262225,0.01638991262225,FALSE,1.00043292039282,9269.54114485654,9284.10033269212
129,"mu_delta","delta",1.45,1.514533231175,1.5015211,1.326062515,1.75939466,0.064533231175,0.064533231175,TRUE,1.00105760932498,4860.86532083084,4340.45460109303
129,"mu_eta","eta",-0.11,-0.0809495309501344,-0.08458344,-0.1825515975,0.03273658365,0.0290504690498656,0.0290504690498656,TRUE,1.00037456357807,3686.28959698149,5434.63296007574
130,"mu_alpha","alpha",2.95,2.87066333299167,2.86576055,2.5026421,3.250189345,-0.0793366670083335,0.0793366670083335,TRUE,1.00041019018069,3329.2877304501,5356.32201297228
130,"mu_beta","beta",0.405,0.388069073983417,0.387542445,0.282144291,0.496377675,-0.0169309260165834,0.0169309260165834,TRUE,1.00118954859125,2820.83556508891,5267.422577514
130,"mu_lambda","lambda",0.0701,0.07888809960425,0.078425929,0.05197299705,0.1070366815,0.00878809960425,0.00878809960425,TRUE,1.00012493069933,4207.89095011428,5302.18697280777
130,"mu_delta","delta",1.45,1.37619205825,1.37249005,1.280350495,1.48664622,-0.0738079417499999,0.0738079417499999,TRUE,1.0012786408225,4760.22577740265,5215.40797126807
130,"mu_eta","eta",-0.11,-0.0961337683460587,-0.0963414135,-0.2199115305,0.0274725351,0.0138662316539413,0.0138662316539413,TRUE,1.00071642165193,3171.99760628644,5516.23814072659
131,"mu_alpha","alpha",4.12,4.37152745770833,4.3617825,3.988427145,4.78782897,0.251527457708333,0.251527457708333,TRUE,1.00388948409176,5169.79653576996,5753.04222502257
131,"mu_beta","beta",0.405,0.47687949669,0.47620827,0.3608964455,0.5961570035,0.07187949669,0.07187949669,TRUE,1.00011017529081,3527.19681367574,5469.95356208561
131,"mu_lambda","lambda",0.0701,0.0601440104835833,0.059875664,0.0398458349,0.081737588,-0.00995598951641666,0.00995598951641666,TRUE,1.00123658962094,4426.42387461312,5002.74427576798
131,"mu_delta","delta",1.45,1.42696050146667,1.42572885,1.242056835,1.62046892,-0.0230394985333333,0.0230394985333333,TRUE,1.07780484264425,33.8266255190063,115.687611174407
131,"mu_eta","eta",-0.11,0.0649552984199084,0.064335783,-0.1091217905,0.235217081,0.174955298419908,0.174955298419908,FALSE,1.02476035460407,637.081680325914,684.066424973781
132,"mu_alpha","alpha",5.25,5.62464350814167,5.64366415,5.244579795,5.933092835,0.374643508141666,0.374643508141666,TRUE,0.999959763684609,7679.93494357115,7055.91954238379
132,"mu_beta","beta",0.405,0.374395730801667,0.373159245,0.2698942925,0.482737436,-0.0306042691983334,0.0306042691983334,TRUE,1.00031384563528,4871.90988269043,7234.41838155375
132,"mu_lambda","lambda",0.0701,0.09994959147275,0.0995601695,0.0769156399,0.1238718805,0.02984959147275,0.02984959147275,FALSE,1.0002872937075,4075.60473794247,6661.99348788545
132,"mu_delta","delta",1.45,1.35766579719333,1.35044875,1.20172897,1.539902845,-0.0923342028066667,0.0923342028066667,TRUE,1.01859228510524,231.11852652089,2850.71308680458
132,"mu_eta","eta",-0.11,-0.0907003009228206,-0.0916043475,-0.2165025485,0.0387518125499999,0.0192996990771794,0.0192996990771794,TRUE,1.0080409153943,610.610418253224,3288.73184186896
133,"mu_alpha","alpha",2.95,3.1719830996,3.16448025,2.732664805,3.64480325,0.2219830996,0.2219830996,TRUE,1.00113909257389,3583.20071806192,5857.74994274241
133,"mu_beta","beta",0.608,0.56045754652,0.560191275,0.494983023,0.628040688,-0.04754245348,0.04754245348,TRUE,1.00061734322607,9022.89029275039,8149.51415669861
133,"mu_lambda","lambda",0.0701,0.0794480435930833,0.0792663065,0.054194284,0.1052535095,0.00934804359308333,0.00934804359308333,TRUE,1.00083589006196,4350.47889005542,5854.60845481351
133,"mu_delta","delta",1.45,1.49552330151833,1.4877002,1.25653929,1.765210125,0.0455233015183334,0.0455233015183334,TRUE,1.0042422244465,721.269145734502,974.616975098142
133,"mu_eta","eta",-0.11,-0.134729425199262,-0.13756846,-0.270050692,0.00681250238999998,-0.0247294251992616,0.0247294251992616,TRUE,1.00166214940157,1570.83492988675,2931.24288393692
134,"mu_alpha","alpha",4.12,3.983625866225,3.97715555,3.63788519,4.35183306,-0.136374133775,0.136374133775,TRUE,1.00091110289425,6519.37773030161,6979.42010643121
134,"mu_beta","beta",0.608,0.5278863577275,0.52676334,0.439484266,0.6173219405,-0.0801136422725,0.0801136422725,TRUE,1.00004025222506,7196.0818341285,8396.69285596552
134,"mu_lambda","lambda",0.0701,0.0595446455505833,0.0594251485,0.0397781426,0.0798706557,-0.0105553544494167,0.0105553544494167,TRUE,1.00039111603846,7023.10367555868,8152.13605594694
134,"mu_delta","delta",1.45,1.3151269680325,1.30800215,1.20601021,1.44838578,-0.1348730319675,0.1348730319675,FALSE,1.00146999294095,3337.01570681805,5083.4943121003
134,"mu_eta","eta",-0.11,-0.0593133772750896,-0.059176701,-0.154512985,0.0345172274999999,0.0506866227249104,0.0506866227249104,TRUE,1.00123197854601,3475.60743303372,5751.95085713707
135,"mu_alpha","alpha",5.25,5.44523887753333,5.44263595,5.10149895,5.80998335,0.195238877533333,0.195238877533333,TRUE,1.00013356608423,8060.36535322648,4878.50699912625
135,"mu_beta","beta",0.608,0.662227567085,0.66123482,0.562144869,0.7661644355,0.054227567085,0.054227567085,TRUE,0.999976796673773,6592.53176130648,7314.44140285395
135,"mu_lambda","lambda",0.0701,0.0828137580424167,0.082433263,0.0604806692,0.106438366,0.0127137580424167,0.0127137580424167,TRUE,1.00074081183811,3505.94427661267,5959.06552858253
135,"mu_delta","delta",1.45,1.71779490830833,1.71504065,1.540851665,1.908899145,0.267794908308333,0.267794908308333,FALSE,1.00210755511206,3870.22868905186,4422.37300696772
135,"mu_eta","eta",-0.11,-0.0145285978712198,-0.0138566775,-0.100203884,0.0697024968,0.0954714021287802,0.0954714021287802,FALSE,1.00015950513208,2823.01235348344,5091.0233926544
136,"mu_alpha","alpha",2.95,2.91321164551667,2.90769035,2.596914795,3.242113225,-0.0367883544833334,0.0367883544833334,TRUE,1.00018126727303,5527.01442710928,7503.99611546242
136,"mu_beta","beta",0.204,0.213146947383005,0.212130885,0.1144881915,0.3145051115,0.00914694738300501,0.00914694738300501,TRUE,1.00115429266294,3820.89786402763,5439.49281362964
136,"mu_lambda","lambda",0.0191,0.00810808639764286,0.0068122939,0.000696558846,0.0198476814,-0.0109919136023571,0.0109919136023571,TRUE,0.999976449932087,9187.83511775054,7024.0374889665
136,"mu_delta","delta",1.78,1.87775758004167,1.8861134,1.73776319,1.98836333,0.0977575800416666,0.0977575800416666,TRUE,1.00000590047316,8901.96588681897,5809.47227872807
136,"mu_eta","eta",-0.11,-0.119522675693912,-0.12174377,-0.2043137225,-0.02818793725,-0.00952267569391167,0.00952267569391167,TRUE,1.00023719639541,5287.71487052619,6630.27835453284
137,"mu_alpha","alpha",4.12,4.21723425275,4.20991435,3.87372632,4.58384534,0.0972342527499999,0.0972342527499999,TRUE,1.00582323544393,5414.85704508314,6462.02385405745
137,"mu_beta","beta",0.204,0.28767484007175,0.287067695,0.1930496585,0.384928168,0.08367484007175,0.08367484007175,TRUE,1.00163350290767,3320.03470414157,4485.29429016528
137,"mu_lambda","lambda",0.0191,0.028457477902075,0.028655565,0.0156603584,0.04068855185,0.009357477902075,0.009357477902075,TRUE,1.00021952460446,8270.65178832477,5243.56764413557
137,"mu_delta","delta",1.78,1.874140360675,1.8941103,1.68048481,1.99134405,0.094140360675,0.094140360675,TRUE,1.10992784957402,22.9733947343942,38.286516147844
137,"mu_eta","eta",-0.11,-0.154063170999313,-0.14879199,-0.2944035745,-0.03498571675,-0.0440631709993132,0.0440631709993132,TRUE,1.08413128802562,32.9313418486185,41.3987804743219
138,"mu_alpha","alpha",5.25,5.19641081915,5.18549105,4.848739745,5.587448155,-0.0535891808500004,0.0535891808500004,TRUE,1.00043549407878,7005.83938097416,4966.33383579691
138,"mu_beta","beta",0.204,0.232023973402642,0.232271205,0.133996219,0.3305105775,0.0280239734026417,0.0280239734026417,TRUE,1.0002277089837,4983.08748710717,7055.97592261155
138,"mu_lambda","lambda",0.0191,0.0276744443648167,0.027820912,0.01556603035,0.03909131665,0.00857444436481667,0.00857444436481667,TRUE,1.00157301863307,9732.71146218352,6057.17282365804
138,"mu_delta","delta",1.78,1.8131719688,1.8166355,1.644902545,1.97138156,0.0331719688000001,0.0331719688000001,TRUE,1.00020936953124,5903.60001054448,5662.3209224018
138,"mu_eta","eta",-0.11,-0.0463315296998637,-0.0494777555,-0.1378599745,0.05449155895,0.0636684703001363,0.0636684703001363,TRUE,1.00128186927545,3059.86834301893,5153.86675231271
139,"mu_alpha","alpha",2.95,2.879721068075,2.87567725,2.59778843,3.1776203,-0.0702789319250003,0.0702789319250003,TRUE,1.00030316895743,8958.28074661969,8651.80577344644
139,"mu_beta","beta",0.405,0.403760785460833,0.402987245,0.28601425,0.523483922,-0.0012392145391667,0.0012392145391667,TRUE,1.00064182793162,4735.77940067759,6703.93491534136
139,"mu_lambda","lambda",0.0191,0.0256015956543883,0.0256266015,0.0112603172,0.0399380106,0.00650159565438833,0.00650159565438833,TRUE,1.00004387744481,11004.1064139942,6401.73038483257
139,"mu_delta","delta",1.78,1.78864592255833,1.7901426,1.630653,1.93988345,0.0086459225583333,0.0086459225583333,TRUE,1.00044796620805,7415.85219331679,5903.02592936904
139,"mu_eta","eta",-0.11,-0.140825166687977,-0.14373796,-0.2958636685,0.0221451714,-0.0308251666879768,0.0308251666879768,TRUE,1.00075497837047,3701.24969563183,5490.14100100324
140,"mu_alpha","alpha",4.12,3.98944130871667,3.9776419,3.612032465,4.408358465,-0.130558691283333,0.130558691283333,TRUE,1.00045146333455,5050.39390863292,6300.12669203967
140,"mu_beta","beta",0.405,0.5016789359975,0.500312785,0.393615515,0.6157422015,0.0966789359975,0.0966789359975,TRUE,1.00161089998887,3135.00864188695,5497.37525290679
140,"mu_lambda","lambda",0.0191,0.0198461770624449,0.01938493,0.00642346061,0.0350202047,0.000746177062444918,0.000746177062444918,TRUE,1.00014892184133,5457.41199995795,4834.51359086925
140,"mu_delta","delta",1.78,1.6764539452,1.66468695,1.517743305,1.878725595,-0.1035460548,0.1035460548,TRUE,1.00013686683744,3514.73034945633,3328.94422638485
140,"mu_eta","eta",-0.11,0.0144024778157004,0.0136353715,-0.115415487,0.1509185895,0.1244024778157,0.1244024778157,TRUE,1.00253906929285,2147.96869067941,4242.5293310745
141,"mu_alpha","alpha",5.25,5.037493420575,5.02745475,4.708832275,5.404581215,-0.212506579425,0.212506579425,TRUE,1.00015371022666,9625.26221876871,6343.70287126587
141,"mu_beta","beta",0.405,0.489278551129167,0.488136295,0.373767033,0.6091259005,0.0842785511291667,0.0842785511291667,TRUE,1.00042891714896,3787.03023247644,5740.63354247898
141,"mu_lambda","lambda",0.0191,0.024620651434825,0.0248147395,0.012879205,0.0358336574,0.005520651434825,0.005520651434825,TRUE,1.00056626433024,8090.48021635266,5422.31663551383
141,"mu_delta","delta",1.78,1.83715031148333,1.8569236,1.6268258,1.98280821,0.0571503114833334,0.0571503114833334,TRUE,1.00088882304285,4928.91455851304,6606.54639372679
141,"mu_eta","eta",-0.11,-0.188968310910358,-0.188893715,-0.268262034,-0.109918004,-0.0789683109103583,0.0789683109103583,TRUE,1.00111429601093,2608.47263507388,4719.94105203048
142,"mu_alpha","alpha",2.95,2.94292069605,2.93550515,2.647547805,3.258977825,-0.00707930395000034,0.00707930395000034,TRUE,1.00067151177898,6182.14639035729,7588.53133354698
142,"mu_beta","beta",0.608,0.6081391972825,0.606961655,0.5051845315,0.7148195815,0.000139197282500003,0.000139197282500003,TRUE,1.00079785690986,4755.32333823084,6064.88547827233
142,"mu_lambda","lambda",0.0191,0.0163404026931482,0.015816953,0.003370426555,0.03122727725,-0.00275959730685183,0.00275959730685183,TRUE,1.00054520807101,6812.3009805261,5473.22478449073
142,"mu_delta","delta",1.78,1.6211461675,1.6181929,1.441655405,1.81379861,-0.1588538325,0.1588538325,TRUE,1.00054774790111,3533.61077124205,4898.00768378206
142,"mu_eta","eta",-0.11,-0.126316663345916,-0.12767513,-0.2511800105,0.004386083705,-0.0163166633459163,0.0163166633459163,TRUE,1.00166762473794,2673.50243860602,4807.15325529256
143,"mu_alpha","alpha",4.12,4.111640666675,4.09966,3.70851938,4.56377729,-0.00835933332500005,0.00835933332500005,TRUE,1.00001816127667,8060.90122950151,7444.81180115632
143,"mu_beta","beta",0.608,0.634065784893333,0.633253785,0.540962493,0.7324193115,0.0260657848933333,0.0260657848933333,TRUE,1.0003991641869,6657.13129636835,7720.48489404261
143,"mu_lambda","lambda",0.0191,0.0118652065752608,0.01131485,0.00210093618,0.0234371453,-0.00723479342473925,0.00723479342473925,TRUE,0.999992447967315,8596.32537539545,7076.69117711084
143,"mu_delta","delta",1.78,1.81158582395,1.81499705,1.634150285,1.972516715,0.03158582395,0.03158582395,TRUE,1.00022868179861,6598.21474292362,6432.4247170037
143,"mu_eta","eta",-0.11,-0.0515352349880287,-0.0529360065,-0.159916951,0.06331561035,0.0584647650119713,0.0584647650119713,TRUE,1.00101557422391,3052.12707780012,5422.17842053832
144,"mu_alpha","alpha",5.25,5.11547568978333,5.1064503,4.71934599,5.55950382,-0.134524310216666,0.134524310216666,TRUE,1.00095864982446,5776.45098378832,4858.88652394533
144,"mu_beta","beta",0.608,0.684873848563333,0.683648295,0.592765135,0.7826182485,0.0768738485633333,0.0768738485633333,TRUE,1.00093788162023,5640.75785708731,8133.62912014554
144,"mu_lambda","lambda",0.0191,0.02585585182,0.02527739,0.01169920985,0.04166101285,0.00675585182,0.00675585182,TRUE,1.00170335661298,5113.4651128976,6244.40740346609
144,"mu_delta","delta",1.78,1.56464086985833,1.55630035,1.36842479,1.789148055,-0.215359130141667,0.215359130141667,TRUE,1.00219352436661,2647.76565080208,4088.31649009724
144,"mu_eta","eta",-0.11,-0.00913837780358003,-0.00748263355,-0.1027193535,0.0791613039,0.10086162219642,0.10086162219642,FALSE,1.00457243758815,1013.52336415464,3292.72583221884
145,"mu_alpha","alpha",2.95,3.26960759669167,3.26354375,2.91413789,3.645445445,0.319607596691666,0.319607596691666,TRUE,1.00089755418876,4828.32629066038,5935.99438037151
145,"mu_beta","beta",0.204,0.222886694621,0.222475285,0.1343381745,0.310977536,0.018886694621,0.018886694621,TRUE,1.00024815098271,4409.02354519639,6081.90628428644
145,"mu_lambda","lambda",0.0431,0.0614803360249083,0.0614393955,0.03601989805,0.0869783618,0.0183803360249083,0.0183803360249083,TRUE,1.00072961392424,5562.86379591364,6353.61211465241
145,"mu_delta","delta",1.78,1.772733081675,1.7718012,1.610518085,1.93640195,-0.00726691832500004,0.00726691832500004,TRUE,1.00079170580068,4072.28895457939,3681.59887406407
145,"mu_eta","eta",-0.11,-0.138985551356146,-0.14253635,-0.304697413,0.0368794008,-0.0289855513561457,0.0289855513561457,TRUE,1.00409616261971,2877.6244244967,4715.83389813008
146,"mu_alpha","alpha",4.12,4.013648461475,4.0078325,3.53262127,4.51672689,-0.106351538525,0.106351538525,TRUE,1.00529823664934,4074.98559251533,6125.88880763415
146,"mu_beta","beta",0.204,0.245823199628921,0.24527516,0.1420198705,0.349872295,0.0418231996289208,0.0418231996289208,TRUE,1.00253786209346,2376.75253964779,4954.21999461498
146,"mu_lambda","lambda",0.0431,0.0354689631761083,0.0351056525,0.01631196025,0.05612044895,-0.00763103682389166,0.00763103682389166,TRUE,1.00107573576599,5415.58220909467,6244.73247219235
146,"mu_delta","delta",1.78,1.86095596395,1.88807525,1.64067168,1.990321645,0.0809559639499999,0.0809559639499999,TRUE,1.08651853274184,29.8483503461582,129.397068903908
146,"mu_eta","eta",-0.11,-0.339267487788333,-0.332658365,-0.485446197,-0.212669398,-0.229267487788333,0.229267487788333,FALSE,1.11053418156537,25.2265230145656,52.2943118804106
147,"mu_alpha","alpha",5.25,5.089997208325,5.08690795,4.7769568,5.41631212,-0.160002791675,0.160002791675,TRUE,0.999997403844746,13157.2676019232,6828.83973805371
147,"mu_beta","beta",0.204,0.186314315303167,0.18536472,0.122932783,0.2542339985,-0.0176856846968333,0.0176856846968333,TRUE,1.00048422338536,10391.9756395768,8452.46780391637
147,"mu_lambda","lambda",0.0431,0.0399802099837667,0.0395874445,0.0216297051,0.05909890555,-0.00311979001623333,0.00311979001623333,TRUE,1.0002604596458,7351.18350177967,8431.1119432269
147,"mu_delta","delta",1.78,1.81027277130833,1.81435715,1.63809852,1.968298775,0.0302727713083333,0.0302727713083333,TRUE,1.00106554241623,4812.20283909975,5677.61421644617
147,"mu_eta","eta",-0.11,-0.0798665394689104,-0.081738312,-0.1795892205,0.02602417105,0.0301334605310896,0.0301334605310896,TRUE,1.0008949428864,2918.08336523191,4782.07632571602
148,"mu_alpha","alpha",2.95,2.65351229563333,2.6471117,2.2664356,3.06388227,-0.296487704366667,0.296487704366667,TRUE,1.00648291045839,3444.94881185586,5145.18889637605
148,"mu_beta","beta",0.405,0.374750826475833,0.374470285,0.3027946025,0.449076328,-0.0302491735241667,0.0302491735241667,TRUE,1.00049830371628,7069.74893788013,7993.38864513108
148,"mu_lambda","lambda",0.0431,0.05078341087175,0.050941926,0.03115397025,0.0699486583,0.00768341087175,0.00768341087175,TRUE,0.999893571230637,9344.84911429582,6833.70724180936
148,"mu_delta","delta",1.78,1.66395835099167,1.6733933,1.41119093,1.881929335,-0.116041649008333,0.116041649008333,TRUE,1.28540421310063,10.653783788886,28.8578614891349
148,"mu_eta","eta",-0.11,-0.153341898534024,-0.12902558,-0.4312128135,0.0353329977499999,-0.0433418985340244,0.0433418985340244,TRUE,1.23505919479239,12.7106137600199,30.6077439490991
149,"mu_alpha","alpha",4.12,3.92693299331667,3.9187728,3.61610666,4.263412525,-0.193067006683334,0.193067006683334,TRUE,1.00018702855964,6662.81630355596,7379.13977477793
149,"mu_beta","beta",0.405,0.392036878863333,0.39019665,0.2986600295,0.4893409955,-0.0129631211366667,0.0129631211366667,TRUE,1.00037713636167,4232.17129143741,6793.64068922798
149,"mu_lambda","lambda",0.0431,0.0409472369351,0.040526124,0.0219531268,0.0608023813,-0.0021527630649,0.0021527630649,TRUE,1.00049047153619,5214.02994978793,5094.58217767428
149,"mu_delta","delta",1.78,1.71466702722167,1.70577895,1.54971344,1.911155655,-0.0653329727783334,0.0653329727783334,TRUE,1.0010943651637,3820.16438603625,3549.65044856422
149,"mu_eta","eta",-0.11,-0.114384529660316,-0.116972655,-0.231803618,0.01235005575,-0.00438452966031616,0.00438452966031616,TRUE,1.00187118801169,2005.70178882522,3834.00447220446
150,"mu_alpha","alpha",5.25,4.85733207599167,4.8518565,4.53055376,5.212486545,-0.392667924008333,0.392667924008333,FALSE,1.00755867222779,4945.1040219734,6585.27214466838
150,"mu_beta","beta",0.405,0.3804245392325,0.380528495,0.296794146,0.464663131,-0.0245754607675,0.0245754607675,TRUE,1.00082472398509,7351.50321788665,7622.20485442971
150,"mu_lambda","lambda",0.0431,0.0371560173875417,0.037276002,0.02194311845,0.051904883,-0.00594398261245833,0.00594398261245833,TRUE,1.00048414090616,7913.20334813674,6412.5049308918
150,"mu_delta","delta",1.78,1.72645969908917,1.727977,1.52420974,1.92884889,-0.0535403009108333,0.0535403009108333,TRUE,1.04129769266999,72.1038922560584,143.922264152753
150,"mu_eta","eta",-0.11,-0.172893086686502,-0.170458695,-0.3133394175,-0.0398868403,-0.0628930866865017,0.0628930866865017,TRUE,1.0454694931672,62.4952808720013,135.604035452726
151,"mu_alpha","alpha",2.95,2.89435897881667,2.8879885,2.637702755,3.168105435,-0.0556410211833334,0.0556410211833334,TRUE,0.999989065770763,6742.55007925575,7808.09582952449
151,"mu_beta","beta",0.608,0.6220305626,0.620253055,0.5109520345,0.7399630795,0.0140305626,0.0140305626,TRUE,1.00085317503045,3196.70422329348,5172.91639898895
151,"mu_lambda","lambda",0.0431,0.04807253182725,0.0482159015,0.0299377065,0.06574835825,0.00497253182725,0.00497253182725,TRUE,1.00111589773499,6131.51564659567,5464.99944967247
151,"mu_delta","delta",1.78,1.73688157306667,1.7337024,1.576281235,1.910215865,-0.0431184269333333,0.0431184269333333,TRUE,1.00087811832561,5202.89975390033,4414.29657262069
151,"mu_eta","eta",-0.11,0.0521884024613164,0.0511826075,-0.0697199435,0.180207651,0.162188402461316,0.162188402461316,FALSE,1.00095792175495,2472.20214195951,4619.05426886071
152,"mu_alpha","alpha",4.12,3.83746717275833,3.8295632,3.528424135,4.176834525,-0.282532827241667,0.282532827241667,TRUE,1.00061188225475,7266.28894538093,7458.52199674549
152,"mu_beta","beta",0.608,0.629114302985,0.627607805,0.5033734715,0.7570821835,0.0211143029850001,0.0211143029850001,TRUE,1.00030973016471,3309.16228456376,5356.93174576862
152,"mu_lambda","lambda",0.0431,0.049834667457,0.049995894,0.03452109615,0.06498826725,0.006734667457,0.006734667457,TRUE,1.00076351459325,6552.92389832621,6365.56122464284
152,"mu_delta","delta",1.78,1.746239927375,1.74533675,1.57226445,1.925709775,-0.033760072625,0.033760072625,TRUE,1.0010451683673,4538.81060792597,3810.19802682814
152,"mu_eta","eta",-0.11,0.0209005498103507,0.019805914,-0.0879199602,0.129145136,0.130900549810351,0.130900549810351,FALSE,1.00031556013387,2814.46779407586,4625.27233624266
153,"mu_alpha","alpha",5.25,5.44207491125,5.43835225,5.074933725,5.8208288,0.19207491125,0.19207491125,TRUE,1.00063242727645,9763.32407024799,5873.08268985996
153,"mu_beta","beta",0.608,0.683627157020833,0.682235205,0.56840346,0.801993733,0.0756271570208333,0.0756271570208333,TRUE,1.00053295248271,5933.2620243569,7502.78189597108
153,"mu_lambda","lambda",0.0431,0.044560829462775,0.0444085855,0.02854406385,0.06081511365,0.001460829462775,0.001460829462775,TRUE,1.0001179942314,5884.48445036195,6291.95900976402
153,"mu_delta","delta",1.78,1.842666350025,1.858379,1.64482781,1.98277126,0.062666350025,0.062666350025,TRUE,1.06178168895333,42.4960355264636,89.1214307782605
153,"mu_eta","eta",-0.11,-0.192472022222322,-0.1930858,-0.3025714125,-0.0815403977,-0.0824720222223217,0.0824720222223217,TRUE,1.04212631656469,78.6167131128415,2106.09630171063
154,"mu_alpha","alpha",2.95,2.74067095438333,2.73312105,2.338102445,3.171596615,-0.209329045616667,0.209329045616667,TRUE,1.03302513908138,97.5206385867489,3757.05330676369
154,"mu_beta","beta",0.204,0.205880131638818,0.205263265,0.1034476045,0.3099251495,0.00188013163881834,0.00188013163881834,TRUE,1.00339611660905,3471.18927728893,5586.31627883872
154,"mu_lambda","lambda",0.0701,0.0696517214421667,0.0691289485,0.04065843305,0.0999429997,-0.000448278557833331,0.000448278557833331,TRUE,1.00059492088438,5646.54654127246,7268.18600021384
154,"mu_delta","delta",1.78,1.85811861684167,1.88325275,1.625356595,1.987002795,0.0781186168416665,0.0781186168416665,TRUE,1.15723317993164,17.1190602421619,31.7969973054442
154,"mu_eta","eta",-0.11,-0.094612359219452,-0.080545779,-0.3303715065,0.07669538265,0.015387640780548,0.015387640780548,TRUE,1.10500333383815,25.9120132500525,30.4090322159085
155,"mu_alpha","alpha",4.12,3.88719679485833,3.8743186,3.582227675,4.228954685,-0.232803205141667,0.232803205141667,TRUE,1.00022852061535,6176.33148904072,6421.91525178844
155,"mu_beta","beta",0.204,0.211711508806134,0.211900425,0.08448142435,0.3377763315,0.00771150880613419,0.00771150880613419,TRUE,1.00188476762352,2165.88167082419,4207.30433557491
155,"mu_lambda","lambda",0.0701,0.0523373060328083,0.051639577,0.02751120915,0.0791880304,-0.0177626939671917,0.0177626939671917,TRUE,1.00075052503153,4543.68910571374,6093.30176318994
155,"mu_delta","delta",1.78,1.85438738765833,1.8602164,1.70934247,1.98025404,0.0743873876583334,0.0743873876583334,TRUE,1.00227425794066,5513.03279170342,5249.89348924643
155,"mu_eta","eta",-0.11,-0.0852899033164467,-0.0880505205,-0.1905867795,0.02675615505,0.0247100966835533,0.0247100966835533,TRUE,1.00126501011997,2557.24613649877,5342.06643836249
156,"mu_alpha","alpha",5.25,5.60207080556667,5.60776025,5.267256095,5.912316,0.352070805566667,0.352070805566667,FALSE,1.00005310134435,7713.54716236578,4985.88978012391
156,"mu_beta","beta",0.204,0.189875297963621,0.189165645,0.0964110582,0.2854884255,-0.0141247020363792,0.0141247020363792,TRUE,1.00120645749219,4310.14501532348,7124.44070850678
156,"mu_lambda","lambda",0.0701,0.0761728790421667,0.075839091,0.0548020157,0.0986948238,0.00607287904216668,0.00607287904216668,TRUE,1.00198865881426,3911.11025606319,6336.48274610823
156,"mu_delta","delta",1.78,1.91791619375,1.930901,1.798757105,1.99410103,0.13791619375,0.13791619375,FALSE,1.00011201469363,8369.46151685438,8120.29779104103
156,"mu_eta","eta",-0.11,-0.215979846479357,-0.216812595,-0.340964915,-0.0861656493,-0.105979846479357,0.105979846479357,TRUE,1.00405021520784,1851.20617641625,3532.48646298471
157,"mu_alpha","alpha",2.95,2.9293912126,2.92309555,2.5590634,3.325820855,-0.0206087874000001,0.0206087874000001,TRUE,0.999977713117903,4594.09989852521,6996.55473409088
157,"mu_beta","beta",0.405,0.49065083304,0.48981129,0.391635403,0.5927147865,0.08565083304,0.08565083304,TRUE,1.00097679270353,4953.22023949782,7048.97346289273
157,"mu_lambda","lambda",0.0701,0.0762424178055833,0.0760949015,0.05408049695,0.09946312085,0.00614241780558333,0.00614241780558333,TRUE,1.00020420826977,6391.36252487205,7664.97630364573
157,"mu_delta","delta",1.78,1.801102257125,1.8111326,1.60664369,1.967260885,0.0211022571249999,0.0211022571249999,TRUE,1.00133691147174,6447.18608354468,6272.66844947641
157,"mu_eta","eta",-0.11,-0.198511519923611,-0.19991023,-0.2794440535,-0.1139827685,-0.0885115199236108,0.0885115199236108,FALSE,1.00130009277644,4495.55605641274,6607.28075061449
158,"mu_alpha","alpha",4.12,4.01078410473333,4.00419395,3.722441685,4.32881423,-0.109215895266667,0.109215895266667,TRUE,1.00001708362775,8891.23000898265,7355.99632507651
158,"mu_beta","beta",0.405,0.405920775706667,0.405058815,0.304436226,0.5108755325,0.000920775706666654,0.000920775706666654,TRUE,1.00113222268896,4156.79540458195,6021.36170127429
158,"mu_lambda","lambda",0.0701,0.06815936581825,0.0678823315,0.0467101778,0.0911504443,-0.00194063418175,0.00194063418175,TRUE,1.00022949225226,4341.72123861264,5621.5292869052
158,"mu_delta","delta",1.78,1.85197552696667,1.86732365,1.66722548,1.984467245,0.0719755269666666,0.0719755269666666,TRUE,1.00069735523665,4089.42516086627,5950.28844365945
158,"mu_eta","eta",-0.11,-0.152187900505795,-0.152684345,-0.2395092445,-0.06173297085,-0.042187900505795,0.042187900505795,TRUE,1.00197135723907,2476.03591304403,4538.06736040863
159,"mu_alpha","alpha",5.25,5.31814716693333,5.31220155,4.971154635,5.68742411,0.0681471669333336,0.0681471669333336,TRUE,1.00003904652173,8185.18815637902,5286.73805755319
159,"mu_beta","beta",0.405,0.3534993720875,0.35326411,0.2667026245,0.4408815685,-0.0515006279125,0.0515006279125,TRUE,1.00024712364771,6695.74733556061,7549.12999715631
159,"mu_lambda","lambda",0.0701,0.09479644965575,0.094561837,0.0727830705,0.117833419,0.02469644965575,0.02469644965575,FALSE,1.00507877997653,3458.22178249422,5411.99151641328
159,"mu_delta","delta",1.78,1.759461525175,1.7602401,1.57449526,1.94300247,-0.0205384748249999,0.0205384748249999,TRUE,1.00055553145242,3876.8043552487,4262.87079882
159,"mu_eta","eta",-0.11,-0.14494835717079,-0.146486625,-0.2632340625,-0.0188732233,-0.0349483571707903,0.0349483571707903,TRUE,1.00182756866552,2349.34820867735,3973.24138456222
160,"mu_alpha","alpha",2.95,2.78768174875,2.7814569,2.38419639,3.21465286,-0.16231825125,0.16231825125,TRUE,1.00082762483279,4043.74376277851,6358.86763917599
160,"mu_beta","beta",0.608,0.773333984864167,0.772083365,0.666453132,0.8846369785,0.165333984864167,0.165333984864167,FALSE,1.0005797212345,5020.7018729449,6460.22256336604
160,"mu_lambda","lambda",0.0701,0.0670388428350833,0.0670571765,0.0489955439,0.0847563374,-0.00306115716491666,0.00306115716491666,TRUE,1.00030158003959,7295.77967621311,7291.51499981677
160,"mu_delta","delta",1.78,1.71632671024167,1.7127173,1.523878225,1.920511185,-0.0636732897583334,0.0636732897583334,TRUE,1.00125438763866,1997.12628334566,4462.5835914052
160,"mu_eta","eta",-0.11,-0.0690213108522746,-0.0699284555,-0.2115969705,0.0739010713,0.0409786891477254,0.0409786891477254,TRUE,1.0009744257586,2799.67015835003,4933.67398159132
161,"mu_alpha","alpha",4.12,4.3821972719,4.3714701,3.965247745,4.84172485,0.2621972719,0.2621972719,TRUE,1.00053939275028,5818.77371608574,5187.068884809
161,"mu_beta","beta",0.608,0.6180047736875,0.616755535,0.502090103,0.738296291,0.0100047736875,0.0100047736875,TRUE,1.00009985696968,4079.90641360357,6513.80975372154
161,"mu_lambda","lambda",0.0701,0.0659016996063333,0.0655882605,0.04587645235,0.08689839925,-0.00419830039366666,0.00419830039366666,TRUE,1.00005353889404,5530.99113978167,6597.69409882216
161,"mu_delta","delta",1.78,1.9034174413,1.9223517,1.752454765,1.99332615,0.1234174413,0.1234174413,TRUE,1.00088944514191,2176.12970261923,4112.31617173213
161,"mu_eta","eta",-0.11,-0.0491258524460317,-0.0512557195,-0.151564364,0.0606493844999999,0.0608741475539683,0.0608741475539683,TRUE,1.00126077871704,1934.86919008061,4391.76998540826
162,"mu_alpha","alpha",5.25,5.43132231551667,5.42734455,5.08535241,5.79406109,0.181322315516667,0.181322315516667,TRUE,1.00056726037334,8718.50151792668,5278.92218933133
162,"mu_beta","beta",0.608,0.607253102539167,0.60660234,0.4977876935,0.7201043445,-0.00074689746083334,0.00074689746083334,TRUE,1.00144620663815,5243.50023186197,6559.74747234262
162,"mu_lambda","lambda",0.0701,0.0864079222590833,0.085815063,0.06253564645,0.1121360945,0.0163079222590833,0.0163079222590833,TRUE,1.00064421111339,3299.5342157043,4240.45660440337
162,"mu_delta","delta",1.78,1.725066223375,1.72502485,1.543034425,1.911933945,-0.054933776625,0.054933776625,TRUE,1.00038980085058,5917.19282768588,6321.67214768179
162,"mu_eta","eta",-0.11,-0.0731083193942989,-0.0735849265,-0.191730935,0.04646100315,0.0368916806057011,0.0368916806057011,TRUE,1.00179942980053,2391.56604973141,4172.27375613248
163,"mu_alpha","alpha",2.95,2.60608549260833,2.6010551,2.32883187,2.90376432,-0.343914507391667,0.343914507391667,FALSE,1.00576979788051,4243.11311313676,6825.08881545082
163,"mu_beta","beta",0.204,0.2416120723295,0.24032872,0.1552257775,0.331900688,0.0376120723295,0.0376120723295,TRUE,1.00070801996171,3684.43226724263,5498.05015035874
163,"mu_lambda","lambda",0.0191,0.0206205745129582,0.0204392395,0.00562710001,0.03607891185,0.00152057451295817,0.00152057451295817,TRUE,1.00000097557381,9912.83201765051,5309.75320986581
163,"mu_delta","delta",1.18,1.23369866277333,1.23168135,1.091104355,1.38366941,0.0536986627733333,0.0536986627733333,TRUE,1.00209818750657,1797.54143513862,3582.82722574547
163,"mu_eta","eta",0.278,0.298218368642679,0.30824614,0.130222219,0.42158205,0.0202183686426791,0.0202183686426791,TRUE,1.0960728306143,26.3199588436488,27.5292674416303
164,"mu_alpha","alpha",4.12,4.36666232159167,4.3616323,4.081825835,4.669059395,0.246662321591667,0.246662321591667,TRUE,1.00036834698531,10148.8485630613,7723.07437736922
164,"mu_beta","beta",0.204,0.181675809702317,0.180682435,0.07916433885,0.2863416605,-0.0223241902976833,0.0223241902976833,TRUE,1.00102431368908,4196.13268919642,6365.02415612187
164,"mu_lambda","lambda",0.0191,0.0215519873722233,0.0216827295,0.00789494054,0.03485993985,0.00245198737222333,0.00245198737222333,TRUE,1.00035789259715,8256.01354311368,5826.19161483633
164,"mu_delta","delta",1.18,1.22711354514,1.2238797,1.09504272,1.371561555,0.04711354514,0.04711354514,TRUE,1.00278848123333,3139.51245741799,4930.4111611219
164,"mu_eta","eta",0.278,0.293042750248508,0.29263621,0.1916636435,0.396843212,0.0150427502485083,0.0150427502485083,TRUE,1.00032858869861,4975.5897201688,6382.41393115689
165,"mu_alpha","alpha",5.25,5.3402453958,5.33450195,4.985182775,5.714507295,0.0902453958000002,0.0902453958000002,TRUE,1.00177451616912,11143.5222265772,6652.9833592731
165,"mu_beta","beta",0.204,0.189023101799308,0.188046185,0.106369467,0.2749454745,-0.0149768982006916,0.0149768982006916,TRUE,1.00010493470403,8210.23649686715,8480.73358995314
165,"mu_lambda","lambda",0.0191,0.0222394857303633,0.0222677195,0.010272061,0.03400283435,0.00313948573036333,0.00313948573036333,TRUE,1.00091504585264,10953.2766339283,6114.27130406965
165,"mu_delta","delta",1.18,1.23079785472917,1.1772081,1.089270545,1.56019779,0.0507978547291668,0.0507978547291668,TRUE,1.42686885810949,8.08127658427791,24.940524438654
165,"mu_eta","eta",0.278,0.236253571085131,0.28336632,-0.137341308,0.4474738855,-0.0417464289148692,0.0417464289148692,TRUE,1.4300276965409,8.04833822218346,27.5570941499963
166,"mu_alpha","alpha",2.95,2.964814147925,2.9555828,2.618369635,3.345260295,0.0148141479249997,0.0148141479249997,TRUE,1.00142814052066,4253.1635651121,5996.12460394851
166,"mu_beta","beta",0.405,0.361047605954917,0.36012633,0.255687993,0.470076396,-0.0439523940450834,0.0439523940450834,TRUE,1.00054861547504,3367.13313408429,5759.89381578319
166,"mu_lambda","lambda",0.0191,0.0126494988477779,0.0113006605,0.001653446765,0.027991859,-0.00645050115222206,0.00645050115222206,TRUE,1.00079127203618,7666.820805459,6112.98525934279
166,"mu_delta","delta",1.18,1.19490752053833,1.18234,0.9907542255,1.44517087,0.0149075205383333,0.0149075205383333,TRUE,1.14831152289782,18.4259208744807,40.9717987664497
166,"mu_eta","eta",0.278,0.160255135964312,0.17447317,-0.08815066295,0.356410396,-0.117744864035688,0.117744864035688,TRUE,1.28393342028359,10.5333145300087,35.1764239689677
167,"mu_alpha","alpha",4.12,4.65010329455833,4.63736715,4.217702285,5.12256792,0.530103294558333,0.530103294558333,FALSE,1.00035819179645,6937.29940872905,7102.41443284122
167,"mu_beta","beta",0.405,0.411011114938333,0.41045149,0.33719698,0.48707126,0.00601111493833328,0.00601111493833328,TRUE,0.999945385197056,9755.26065099806,7831.56439998119
167,"mu_lambda","lambda",0.0191,0.0172165239731592,0.0166167995,0.00476152704,0.0315296469,-0.00188347602684083,0.00188347602684083,TRUE,1.00004432233009,8182.43358935588,6902.3647822461
167,"mu_delta","delta",1.18,1.13880518557917,1.13685975,1.022019725,1.264676385,-0.0411948144208332,0.0411948144208332,TRUE,1.00219243156066,1725.26460962979,3356.1516274435
167,"mu_eta","eta",0.278,0.291928690584583,0.29237721,0.190788705,0.3928044275,0.0139286905845833,0.0139286905845833,TRUE,0.999909720899653,3385.04195021199,5265.83227325284
168,"mu_alpha","alpha",5.25,5.43907062616667,5.4378538,5.078554245,5.814835565,0.189070626166667,0.189070626166667,TRUE,1.00219902221842,7186.85816733189,3801.10045162431
168,"mu_beta","beta",0.405,0.482747917496667,0.48170818,0.3652962215,0.605775588,0.0777479174966667,0.0777479174966667,TRUE,1.00080130530776,3356.31203602526,4814.01057694532
168,"mu_lambda","lambda",0.0191,0.0209140768942792,0.020585083,0.00742093989,0.0358297042,0.00181407689427917,0.00181407689427917,TRUE,1.00025486543942,5550.98372079491,5467.49959005127
168,"mu_delta","delta",1.18,1.20043664892417,1.19497655,1.06098691,1.35761869,0.0204366489241667,0.0204366489241667,TRUE,1.01774391847893,1400.60492901776,3008.79422573822
168,"mu_eta","eta",0.278,0.189524507992639,0.190468795,0.043192437,0.332996781,-0.0884754920073607,0.0884754920073607,TRUE,1.06049438409171,50.8534058941958,3165.64645814245
169,"mu_alpha","alpha",2.95,3.01818878145,3.0128787,2.70007408,3.35004002,0.06818878145,0.06818878145,TRUE,1.00063451225566,6544.95495184323,8005.86737150112
169,"mu_beta","beta",0.608,0.545986191621667,0.543664135,0.4380879435,0.6611600205,-0.0620138083783334,0.0620138083783334,TRUE,1.00052946842003,4269.14449525116,6081.05503690216
169,"mu_lambda","lambda",0.0191,0.00441665685421745,0.0033894584,0.0001818742415,0.01217321805,-0.0146833431457825,0.0146833431457825,FALSE,1.00012967332916,14169.8534142718,7029.05255986957
169,"mu_delta","delta",1.18,1.16899579492917,1.1671933,1.050454845,1.292732335,-0.0110042050708332,0.0110042050708332,TRUE,1.00073624520197,2577.48441225954,4834.28106274154
169,"mu_eta","eta",0.278,0.33975059822025,0.34039287,0.2191702365,0.4561430665,0.06175059822025,0.06175059822025,TRUE,1.00207684612584,4163.99681667829,6303.48721006644
170,"mu_alpha","alpha",4.12,3.969668734025,3.96240545,3.588869855,4.378211715,-0.150331265975,0.150331265975,TRUE,1.00009642966371,6904.45650408032,7209.44315526275
170,"mu_beta","beta",0.608,0.6034458306275,0.603218705,0.511140779,0.6960871375,-0.00455416937249997,0.00455416937249997,TRUE,0.999934728247251,6762.1992326283,7749.1170599197
170,"mu_lambda","lambda",0.0191,0.0197847881248323,0.019670027,0.006318189895,0.0335568888,0.000684788124832334,0.000684788124832334,TRUE,1.00034122878001,7560.08768151421,5222.27563870155
170,"mu_delta","delta",1.18,1.2143183822625,1.21248985,1.084266715,1.348201305,0.0343183822625002,0.0343183822625002,TRUE,1.00096506462899,2685.84615865507,4034.11978384486
170,"mu_eta","eta",0.278,0.298642692385167,0.298580355,0.192781555,0.402965148,0.0206426923851666,0.0206426923851666,TRUE,1.00055920815446,4293.13614915047,6663.71927057883
171,"mu_alpha","alpha",5.25,5.02608153685,5.0139926,4.64953094,5.45294339,-0.22391846315,0.22391846315,TRUE,1.00672044878103,4531.16977582254,6501.88452252665
171,"mu_beta","beta",0.608,0.658598554744167,0.65675184,0.5338994325,0.787951563,0.0505985547441666,0.0505985547441666,TRUE,1.00009174185002,4729.75315589096,6354.66198337889
171,"mu_lambda","lambda",0.0191,0.0159863526969493,0.015986123,0.005644811585,0.02601642725,-0.00311364730305075,0.00311364730305075,TRUE,1.00107638341125,9224.92696881409,5257.20182167308
171,"mu_delta","delta",1.18,1.22500760548333,1.22140625,1.05576089,1.406439435,0.0450076054833335,0.0450076054833335,TRUE,1.02116472040185,205.39255512358,4276.24354937956
171,"mu_eta","eta",0.278,0.211312167949374,0.213299815,0.0515532077,0.36372108,-0.0666878320506259,0.0666878320506259,TRUE,1.07253523691361,35.998221017912,545.178105289082
172,"mu_alpha","alpha",2.95,2.847532077425,2.84220885,2.55105909,3.1612555,-0.102467922575,0.102467922575,TRUE,1.00082301355531,6311.82154331479,7754.9893311501
172,"mu_beta","beta",0.204,0.179397998530885,0.17835685,0.0637539317,0.296643726,-0.024602001469115,0.024602001469115,TRUE,1.00138665647977,2962.32190270725,5264.51589157642
172,"mu_lambda","lambda",0.0431,0.0636583402437333,0.0637246755,0.04278263705,0.0840909975,0.0205583402437333,0.0205583402437333,TRUE,1.00004652821067,9730.06232297941,6895.87435683275
172,"mu_delta","delta",1.18,1.15736401725583,1.1547249,1.041876245,1.28104321,-0.0226359827441667,0.0226359827441667,TRUE,1.00075677716816,3254.37490053157,5355.46117562329
172,"mu_eta","eta",0.278,0.303132643546469,0.30107229,0.14215772,0.4694386045,0.0251326435464692,0.0251326435464692,TRUE,1.00115163274306,4501.36361106319,6409.9489739429
173,"mu_alpha","alpha",4.12,4.01400604140833,4.00588485,3.6069313,4.45984908,-0.105993958591667,0.105993958591667,TRUE,1.00041130452259,8078.59567626146,8441.09612420336
173,"mu_beta","beta",0.204,0.235059974331992,0.234093625,0.1263569005,0.3456052635,0.0310599743319917,0.0310599743319917,TRUE,1.00081020887391,5366.37397069303,7193.27757289437
173,"mu_lambda","lambda",0.0431,0.0516324544362,0.0511660815,0.0284295729,0.07665494815,0.0085324544362,0.0085324544362,TRUE,1.00022799394112,7417.70027272006,8232.43943393441
173,"mu_delta","delta",1.18,1.21411257337167,1.2120068,1.111985295,1.320810165,0.0341125733716667,0.0341125733716667,TRUE,1.00121599529127,3907.87766821424,5715.04716193962
173,"mu_eta","eta",0.278,0.35738916326095,0.35490767,0.220924358,0.505275193,0.07938916326095,0.07938916326095,TRUE,1.00133401501154,5988.83670162958,7465.52225154445
174,"mu_alpha","alpha",5.25,5.24826462909167,5.24261895,4.888637,5.641400025,-0.00173537090833342,0.00173537090833342,TRUE,1.00026556926341,9952.29882003983,6988.47861149473
174,"mu_beta","beta",0.204,0.256699957969333,0.25570185,0.167067076,0.351262109,0.0526999579693333,0.0526999579693333,TRUE,1.00042475396928,5844.84090321613,6879.0904932732
174,"mu_lambda","lambda",0.0431,0.0494434203495917,0.0489829005,0.0283727124,0.072511881,0.00634342034959167,0.00634342034959167,TRUE,1.00033581500355,5220.24358698469,6629.28065341098
174,"mu_delta","delta",1.18,1.17596580427083,1.17540565,1.039147355,1.316643795,-0.00403419572916652,0.00403419572916652,TRUE,1.00271991340448,3038.17029620091,4722.87870389851
174,"mu_eta","eta",0.278,0.196837134490491,0.19475128,0.08993569895,0.3094365755,-0.0811628655095087,0.0811628655095087,TRUE,1.00220453854416,4124.46019570818,5661.81638270758
175,"mu_alpha","alpha",2.95,2.96220814564167,2.954623,2.694520145,3.25328596,0.0122081456416665,0.0122081456416665,TRUE,1.00093444386369,6694.8154534242,7041.74436771865
175,"mu_beta","beta",0.405,0.3938835826025,0.39243575,0.2829731495,0.50840598,-0.0111164173975,0.0111164173975,TRUE,1.00119320506698,3169.18459747123,4454.21592753234
175,"mu_lambda","lambda",0.0431,0.0496655875568167,0.0497299535,0.0322743883,0.0666226266,0.00656558755681667,0.00656558755681667,TRUE,1.00047846855662,8924.8799795613,6897.53796749785
175,"mu_delta","delta",1.18,1.18304565794,1.1765409,1.02181167,1.36398477,0.00304565794,0.00304565794,TRUE,1.23484678203127,12.1749730254428,95.6039825082699
175,"mu_eta","eta",0.278,0.114110303004492,0.12131044,-0.06827058775,0.270831968,-0.163889696995508,0.163889696995508,FALSE,1.20908377857377,13.2159062680127,45.9075418116855
176,"mu_alpha","alpha",4.12,4.48861310816667,4.47796095,4.124145525,4.88852222,0.368613108166667,0.368613108166667,FALSE,1.00000612597914,9298.89977645145,7927.97194699447
176,"mu_beta","beta",0.405,0.304183869322333,0.303267065,0.199159792,0.414179808,-0.100816130677667,0.100816130677667,TRUE,1.00081571926656,5254.86912805902,7619.06192307293
176,"mu_lambda","lambda",0.0431,0.03243185860852,0.0317148855,0.0133137717,0.0539825867,-0.01066814139148,0.01066814139148,TRUE,1.00030418527165,6083.16856589403,6194.90185919205
176,"mu_delta","delta",1.18,1.18196503923,1.1809124,1.04024146,1.32377844,0.00196503923000013,0.00196503923000013,TRUE,1.00093498676832,3246.68908457963,4810.79421548301
176,"mu_eta","eta",0.278,0.277134537016667,0.27666425,0.177806159,0.3765735855,-0.000865462983333343,0.000865462983333343,TRUE,1.00061091077031,5901.00732245434,7901.87983267256
177,"mu_alpha","alpha",5.25,5.242922715675,5.2369527,4.913731345,5.595679625,-0.00707728432499977,0.00707728432499977,TRUE,0.999982928175571,12836.3025637074,6712.32789888836
177,"mu_beta","beta",0.405,0.313829234818667,0.31311987,0.222603172,0.408224534,-0.0911707651813334,0.0911707651813334,TRUE,1.0001853872973,7393.8619716556,8367.81933389807
177,"mu_lambda","lambda",0.0431,0.04330084464375,0.0434091455,0.02878008485,0.05695478915,0.000200844643750003,0.000200844643750003,TRUE,1.00070279630156,11206.4359083528,7930.62773888448
177,"mu_delta","delta",1.18,1.22588343975417,1.2237269,1.08632376,1.37467962,0.0458834397541668,0.0458834397541668,TRUE,1.00121967068936,4194.9731146017,6087.65363264278
177,"mu_eta","eta",0.278,0.218535138417042,0.218917095,0.1217590585,0.3148111475,-0.0594648615829584,0.0594648615829584,TRUE,1.00044759603861,5303.89548556807,7242.93762257974
178,"mu_alpha","alpha",2.95,3.08641358146667,3.0770517,2.69050398,3.510040355,0.136413581466666,0.136413581466666,TRUE,1.0005571866717,6164.00332972468,7287.25892394706
178,"mu_beta","beta",0.608,0.573665421536667,0.572148585,0.4408568365,0.7098760565,-0.0343345784633333,0.0343345784633333,TRUE,0.999927724886382,4180.89152735815,6641.35361667547
178,"mu_lambda","lambda",0.0431,0.0337052067009617,0.033763247,0.016179842,0.05079466925,-0.00939479329903833,0.00939479329903833,TRUE,1.0000750649729,9915.57572414124,6896.73937927716
178,"mu_delta","delta",1.18,1.25371039528417,1.2510824,1.133547485,1.385485955,0.0737103952841667,0.0737103952841667,TRUE,1.00030790528121,3969.15965004259,6304.84187034669
178,"mu_eta","eta",0.278,0.257786137665708,0.25848941,0.1579339685,0.357165694,-0.0202138623342917,0.0202138623342917,TRUE,1.00078174305975,6042.07837506107,7019.45788401806
179,"mu_alpha","alpha",4.12,4.26022240415833,4.2485047,3.91352225,4.64001933,0.140222404158333,0.140222404158333,TRUE,1.00040756435217,9435.76504553349,8404.69947244414
179,"mu_beta","beta",0.608,0.6514696807775,0.65018482,0.554112494,0.755070165,0.0434696807775,0.0434696807775,TRUE,1.00025484608268,7683.06788889371,8349.90550200896
179,"mu_lambda","lambda",0.0431,0.0543533630503333,0.0540698005,0.035234859,0.07441733145,0.0112533630503333,0.0112533630503333,TRUE,1.00004650867442,7188.89287042339,7848.09593941436
179,"mu_delta","delta",1.18,1.00157079970833,0.998405505,0.9298550595,1.083001445,-0.178429200291667,0.178429200291667,FALSE,1.00084648915931,4367.63461951688,6291.29561786085
179,"mu_eta","eta",0.278,0.247460227274633,0.245664325,0.1323103465,0.36379025,-0.0305397727253667,0.0305397727253667,TRUE,1.00008495246165,4447.14220845384,6636.72698424037
180,"mu_alpha","alpha",5.25,5.33095835538333,5.32603715,4.97989787,5.701558095,0.0809583553833333,0.0809583553833333,TRUE,1.00035858354608,9197.54011618362,5081.14381856401
180,"mu_beta","beta",0.608,0.546868687206667,0.545791935,0.4701410795,0.6280671125,-0.0611313127933333,0.0611313127933333,TRUE,1.00016914855633,9269.35656266883,8545.41949454784
180,"mu_lambda","lambda",0.0431,0.0499160051261667,0.0500931075,0.03548274565,0.06383147475,0.00681600512616667,0.00681600512616667,TRUE,1.00071018275431,6879.23993604685,6809.61850696597
180,"mu_delta","delta",1.18,1.18699358747833,1.18373115,1.04244357,1.344897315,0.00699358747833334,0.00699358747833334,TRUE,1.00025458062197,2294.29564079455,4226.45192411552
180,"mu_eta","eta",0.278,0.26668791558025,0.26476961,0.157726684,0.384555436,-0.01131208441975,0.01131208441975,TRUE,1.00132125363963,3323.19696900099,5072.82006568018
181,"mu_alpha","alpha",2.95,3.44872738856667,3.4408859,3.095835615,3.82304202,0.498727388566667,0.498727388566667,FALSE,1.00047372562275,7459.33257870357,6983.07659334091
181,"mu_beta","beta",0.204,0.243904749120531,0.243216605,0.12873802,0.36006507,0.0399047491205309,0.0399047491205309,TRUE,1.00106285967471,4778.10086368131,6989.10998650822
181,"mu_lambda","lambda",0.0701,0.0764621264029167,0.076587256,0.0597785467,0.0928401746,0.00636212640291667,0.00636212640291667,TRUE,0.999860038646,13908.5782563306,8718.84442734485
181,"mu_delta","delta",1.18,1.252686806675,1.2471531,1.191777435,1.334322215,0.0726868066750002,0.0726868066750002,FALSE,1.00012407861249,5705.33693490248,5739.1442938309
181,"mu_eta","eta",0.278,0.271411671155005,0.26881036,0.1252669415,0.426932157,-0.00658832884499505,0.00658832884499505,TRUE,1.00042152186517,5676.26467615776,6945.97352987505
182,"mu_alpha","alpha",4.12,4.59653966364167,4.58914945,4.12904468,5.10122293,0.476539663641667,0.476539663641667,FALSE,1.00052632713934,8856.91513465718,7833.72917095555
182,"mu_beta","beta",0.204,0.26253841982125,0.26211859,0.1701138785,0.3580098,0.05853841982125,0.05853841982125,TRUE,1.00065736853845,7228.1044323867,7553.49634142469
182,"mu_lambda","lambda",0.0701,0.05883359610735,0.0585262345,0.03697358445,0.08192212395,-0.01126640389265,0.01126640389265,TRUE,1.00089578287316,7244.99961687598,7523.59026696616
182,"mu_delta","delta",1.18,1.05434617415417,1.0495896,0.976852887,1.14706019,-0.125653825845833,0.125653825845833,FALSE,1.00059618586306,2514.15473834385,5009.14425897903
182,"mu_eta","eta",0.278,0.227496708274741,0.227298275,0.12475432,0.3305949595,-0.0505032917252592,0.0505032917252592,TRUE,1.0005408621423,6058.48400716139,7678.76718187886
183,"mu_alpha","alpha",5.25,5.33268894784167,5.3298109,5.00666475,5.67615443,0.0826889478416666,0.0826889478416666,TRUE,1.00010545098701,10806.1590216551,6001.91603613515
183,"mu_beta","beta",0.204,0.263319686882417,0.26252432,0.167244013,0.3620297715,0.0593196868824167,0.0593196868824167,TRUE,0.999932096860211,5307.56029332743,7221.20059739687
183,"mu_lambda","lambda",0.0701,0.0963060811634167,0.096175377,0.07576867095,0.1174834665,0.0262060811634167,0.0262060811634167,FALSE,1.00043010162276,4571.73273737993,5968.31025788732
183,"mu_delta","delta",1.18,1.226226495385,1.2235624,1.124962205,1.33604843,0.046226495385,0.046226495385,TRUE,1.00052389248341,3012.24830167444,5200.519244209
183,"mu_eta","eta",0.278,0.290746271426833,0.28796887,0.1890406345,0.4010813725,0.0127462714268333,0.0127462714268333,TRUE,1.00124725384402,4627.36010589405,5947.07287544654
184,"mu_alpha","alpha",2.95,2.81297909365,2.80734785,2.50795009,3.143512175,-0.13702090635,0.13702090635,TRUE,0.999849814994724,6586.6499244185,8555.3382594863
184,"mu_beta","beta",0.405,0.356210257245,0.35544897,0.277860454,0.436991574,-0.048789742755,0.048789742755,TRUE,1.00002068377238,6380.26657625874,7104.09916420996
184,"mu_lambda","lambda",0.0701,0.0605046567765,0.06046875,0.0382605842,0.08271250245,-0.0095953432235,0.0095953432235,TRUE,1.00012302068908,7829.76986785872,7484.86173474849
184,"mu_delta","delta",1.18,1.1846511444775,1.1846884,1.06362139,1.305239165,0.00465114447750015,0.00465114447750015,TRUE,1.00074897954974,3053.38757664783,5035.3400733414
184,"mu_eta","eta",0.278,0.206564498254629,0.20455017,0.0816072783,0.338380205,-0.0714355017453709,0.0714355017453709,TRUE,1.00005682610457,5043.95239283702,6491.36799840693
185,"mu_alpha","alpha",4.12,4.39706159393333,4.38709165,4.000058,4.82058286,0.277061593933333,0.277061593933333,TRUE,1.00038210506737,6147.26405988386,7459.56164894929
185,"mu_beta","beta",0.405,0.269403808908917,0.268972155,0.205301331,0.3357599705,-0.135596191091083,0.135596191091083,FALSE,1.0003676602932,8274.99753225459,8520.89433878173
185,"mu_lambda","lambda",0.0701,0.0735924619939167,0.073683451,0.05459795035,0.09252547025,0.00349246199391667,0.00349246199391667,TRUE,1.00011581230431,6386.39623416393,6912.68154790942
185,"mu_delta","delta",1.18,1.224301973425,1.2201489,1.092519525,1.37018303,0.0443019734250001,0.0443019734250001,TRUE,1.00121161340426,2475.12525248179,3667.64107677139
185,"mu_eta","eta",0.278,0.326230476107593,0.32614597,0.170148535,0.480544322,0.0482304761075933,0.0482304761075933,TRUE,1.00056309095832,2612.35447510651,4230.83020398933
186,"mu_alpha","alpha",5.25,5.48301069086667,5.48475185,5.10806162,5.84996861,0.233010690866666,0.233010690866666,TRUE,1.00032355302474,6059.55866835421,5129.8786090373
186,"mu_beta","beta",0.405,0.4094249346525,0.407479655,0.2996582905,0.5237423345,0.00442493465249999,0.00442493465249999,TRUE,1.00028580518872,3497.71093630021,5598.13744019382
186,"mu_lambda","lambda",0.0701,0.06324878218725,0.062448243,0.0402415999,0.0886813874,-0.00685121781275,0.00685121781275,TRUE,1.00098425051544,2745.68191211635,4657.72438725441
186,"mu_delta","delta",1.18,1.21640988816583,1.21189745,1.07855146,1.36662685,0.0364098881658335,0.0364098881658335,TRUE,1.00100117469505,2747.76881150586,4091.57018697221
186,"mu_eta","eta",0.278,0.229149729642642,0.22941951,0.1070658065,0.355077732,-0.0488502703573584,0.0488502703573584,TRUE,1.00014741511952,2911.9911780326,3893.42520846457
187,"mu_alpha","alpha",2.95,2.85758943166667,2.8504781,2.471894505,3.264880945,-0.0924105683333334,0.0924105683333334,TRUE,1.00019654540421,5849.82465208474,7169.03920683958
187,"mu_beta","beta",0.608,0.543287079030833,0.541609805,0.456456821,0.6340738775,-0.0647129209691667,0.0647129209691667,TRUE,1.00031273211521,7489.3345033925,8634.37759997786
187,"mu_lambda","lambda",0.0701,0.06688058133825,0.066675751,0.04201086355,0.09216982275,-0.00321941866174999,0.00321941866174999,TRUE,0.999984617794846,6943.29003599265,7589.73597025492
187,"mu_delta","delta",1.18,1.0873088246,1.0864433,0.957466232,1.222004015,-0.0926911753999999,0.0926911753999999,TRUE,1.00232843743288,2554.24206862797,4045.42888296467
187,"mu_eta","eta",0.278,0.277241512543008,0.27673576,0.157532906,0.397965456,-0.000758487456991697,0.000758487456991697,TRUE,1.00170057151834,4405.16905055174,3930.06861587894
188,"mu_alpha","alpha",4.12,4.428211106575,4.4183716,4.028626965,4.84709855,0.308211106575,0.308211106575,TRUE,0.999932750640854,6211.66475464617,6699.50449781832
188,"mu_beta","beta",0.608,0.5880575539425,0.586786945,0.4982780925,0.681694833,-0.0199424460575,0.0199424460575,TRUE,1.00004737620409,6581.43873453049,7296.96450722514
188,"mu_lambda","lambda",0.0701,0.0916013928396667,0.091609333,0.07648065605,0.1064235455,0.0215013928396667,0.0215013928396667,FALSE,0.999971935746252,7757.52096923882,8025.21092150709
188,"mu_delta","delta",1.18,1.12318745729667,1.1188329,1.01625745,1.245070055,-0.0568125427033332,0.0568125427033332,TRUE,1.00050895671672,2951.89159736075,3502.54860591439
188,"mu_eta","eta",0.278,0.252763023304947,0.252984245,0.1118670315,0.395803263,-0.0252369766950525,0.0252369766950525,TRUE,1.00141540130844,2554.38928670989,4393.07366557932
189,"mu_alpha","alpha",5.25,5.08498808481667,5.07685815,4.741083335,5.46597825,-0.165011915183333,0.165011915183333,TRUE,1.00061504017007,9303.28484959062,6298.35022530784
189,"mu_beta","beta",0.608,0.5473060854425,0.54532713,0.443799181,0.654286372,-0.0606939145575,0.0606939145575,TRUE,1.00034030563124,6291.8941698909,7362.75519668036
189,"mu_lambda","lambda",0.0701,0.06358005125225,0.062948583,0.03881995225,0.09054754045,-0.00651994874775,0.00651994874775,TRUE,1.00096363112215,3591.09481283647,5302.97169502481
189,"mu_delta","delta",1.18,1.25577376796167,1.25293,1.093771365,1.427812985,0.0757737679616668,0.0757737679616668,TRUE,1.00159093371062,1961.99329745698,4527.44822859125
189,"mu_eta","eta",0.278,0.228216331475158,0.229431755,0.1071141145,0.3466829155,-0.0497836685248417,0.0497836685248417,TRUE,1.00111241986584,2799.71018966553,4927.08992348266
190,"mu_alpha","alpha",2.95,3.12224502023333,3.11523095,2.79685997,3.471303335,0.172245020233333,0.172245020233333,TRUE,1.00027523607471,4464.24113824423,6533.86641178991
190,"mu_beta","beta",0.204,0.17190954174741,0.171003495,0.07662724155,0.2695240435,-0.0320904582525901,0.0320904582525901,TRUE,1.0008438748707,2832.56378808375,4650.33733978032
190,"mu_lambda","lambda",0.0191,0.00867318588894367,0.0076053674,0.00069949883,0.02037626945,-0.0104268141110563,0.0104268141110563,TRUE,1.00009129037335,9304.71526824527,6291.32659256159
190,"mu_delta","delta",1.45,1.44359290626667,1.4404552,1.31571728,1.582024015,-0.00640709373333337,0.00640709373333337,TRUE,1.00167579078781,3372.28738431136,5315.07177310897
190,"mu_eta","eta",0.278,0.212239124230201,0.20979609,0.0590370843,0.3750870345,-0.0657608757697992,0.0657608757697992,TRUE,1.00189180990689,3571.45723083702,5909.41105474145
191,"mu_alpha","alpha",4.12,4.04621089349167,4.0367344,3.675278185,4.453800325,-0.0737891065083334,0.0737891065083334,TRUE,1.00086158583482,5477.06769221251,5432.17801298911
191,"mu_beta","beta",0.204,0.255554758183699,0.255535875,0.1448079695,0.366322696,0.0515547581836991,0.0515547581836991,TRUE,1.00060835635888,2791.94118821866,5222.244354159
191,"mu_lambda","lambda",0.0191,0.0179366962273344,0.017625975,0.00566013805,0.03067692,-0.00116330377266558,0.00116330377266558,TRUE,1.00063550439953,8392.54819717004,5104.41606852507
191,"mu_delta","delta",1.45,1.58433824670833,1.58079045,1.45696206,1.71865376,0.134338246708333,0.134338246708333,FALSE,1.00273324937249,2364.41827701561,1328.3891186771
191,"mu_eta","eta",0.278,0.206579942464288,0.20510213,0.09675309885,0.3240575555,-0.0714200575357117,0.0714200575357117,TRUE,1.00097255120231,3654.59606226761,6219.21614301421
192,"mu_alpha","alpha",5.25,5.44288361625,5.43901005,5.081429175,5.81750175,0.19288361625,0.19288361625,TRUE,1.00026475769333,7497.20474370236,4919.4028599797
192,"mu_beta","beta",0.204,0.155704360277508,0.154849665,0.0557732144,0.2564162475,-0.0482956397224925,0.0482956397224925,TRUE,1.00028970637912,4167.17393989185,5357.75759356939
192,"mu_lambda","lambda",0.0191,0.0123244910910919,0.0119426765,0.00274404625,0.02330323465,-0.00677550890890808,0.00677550890890808,TRUE,1.00027046637903,8359.21370681247,5970.81179977523
192,"mu_delta","delta",1.45,1.37010628860833,1.36841005,1.263670605,1.48577718,-0.0798937113916667,0.0798937113916667,TRUE,1.0006904233219,4590.68764546247,6273.41652385705
192,"mu_eta","eta",0.278,0.200723755828725,0.19787548,0.08792487805,0.3211529015,-0.077276244171275,0.077276244171275,TRUE,1.0009492593842,3199.62907261096,5518.70539322498
193,"mu_alpha","alpha",2.95,3.28133349675,3.272995,2.902231825,3.68306714,0.33133349675,0.33133349675,TRUE,1.00103293942304,4635.16637343797,6843.98429219973
193,"mu_beta","beta",0.405,0.373087221759167,0.37171528,0.2777979545,0.473119229,-0.0319127782408334,0.0319127782408334,TRUE,1.00036711883091,4022.7102429706,6819.41821988231
193,"mu_lambda","lambda",0.0191,0.0322503374054667,0.032299586,0.0153105473,0.04842112125,0.0131503374054667,0.0131503374054667,TRUE,0.999949823836595,7673.63288017025,6120.56638411135
193,"mu_delta","delta",1.45,1.64327369199167,1.6458687,1.432157105,1.84690039,0.193273691991667,0.193273691991667,TRUE,1.07045946135428,37.3678879583518,272.684224887942
193,"mu_eta","eta",0.278,0.293500018484763,0.29062961,0.11853891,0.479973343,0.0155000184847633,0.0155000184847633,TRUE,1.00279051852129,2588.08412055757,3494.05283561444
194,"mu_alpha","alpha",4.12,4.03380113439167,4.02329305,3.641998725,4.448733815,-0.086198865608333,0.086198865608333,TRUE,1.00073550506862,4922.86100404249,6614.30500651292
194,"mu_beta","beta",0.405,0.381233043614917,0.380230685,0.259465168,0.505054859,-0.0237669563850834,0.0237669563850834,TRUE,1.00230780322594,2674.94132240639,4236.7944317694
194,"mu_lambda","lambda",0.0191,0.0268443063483225,0.0270607765,0.01386089185,0.0391160017,0.0077443063483225,0.0077443063483225,TRUE,1.00097721720405,8566.3414547997,4852.82447512068
194,"mu_delta","delta",1.45,1.42700821841667,1.42496,1.300970405,1.55798605,-0.0229917815833334,0.0229917815833334,TRUE,1.00166757903383,2265.67711593805,5698.16111693647
194,"mu_eta","eta",0.278,0.331292208121825,0.326515385,0.1893389035,0.490115333,0.053292208121825,0.053292208121825,TRUE,1.00047136965657,3461.60941149678,4722.29031623341
195,"mu_alpha","alpha",5.25,4.88301103869167,4.87628425,4.57261997,5.2152474,-0.366988961308333,0.366988961308333,FALSE,1.00066813806599,10053.4629818252,7009.28657753771
195,"mu_beta","beta",0.405,0.3676233249825,0.36700327,0.257329433,0.478690571,-0.0373766750175,0.0373766750175,TRUE,1.00066652535276,4436.44371308705,6452.88593990262
195,"mu_lambda","lambda",0.0191,0.0167781241555464,0.016763608,0.00525607791,0.0282064723,-0.00232187584445364,0.00232187584445364,TRUE,1.00058700167052,8324.37047126609,5008.46095444864
195,"mu_delta","delta",1.45,1.32140248988333,1.31632665,1.205766355,1.4555288,-0.128597510116667,0.128597510116667,TRUE,1.01472720605537,282.621235888695,155.043298556369
195,"mu_eta","eta",0.278,0.217685835025889,0.21680954,0.100579058,0.3373809235,-0.0603141649741109,0.0603141649741109,TRUE,1.00074331662926,3929.83740440382,5733.86777405145
196,"mu_alpha","alpha",2.95,3.08191794488333,3.0792359,2.710628045,3.460296315,0.131917944883333,0.131917944883333,TRUE,1.00162870600342,6228.69697410296,7515.47068040467
196,"mu_beta","beta",0.608,0.6408093675175,0.640291395,0.5787330725,0.704364434,0.0328093675175,0.0328093675175,TRUE,1.00075754789652,11641.7955262055,8434.28245773636
196,"mu_lambda","lambda",0.0191,0.0166664712950386,0.016121692,0.00418468508,0.0308166035,-0.00243352870496141,0.00243352870496141,TRUE,1.00148087034019,8360.62943253343,6499.0423063679
196,"mu_delta","delta",1.45,1.35250558005917,1.34627455,1.20787156,1.52643674,-0.0974944199408332,0.0974944199408332,TRUE,1.12015483851963,21.6474674858699,40.5217791962185
196,"mu_eta","eta",0.278,0.305293833418839,0.3223104,0.05670644925,0.4952227925,0.0272938334188388,0.0272938334188388,TRUE,1.19636714907912,13.9895677259119,36.1049233608519
197,"mu_alpha","alpha",4.12,4.00641698431667,3.99732345,3.631632335,4.41142195,-0.113583015683333,0.113583015683333,TRUE,1.01432981471691,1079.54399026057,6228.63459381079
197,"mu_beta","beta",0.608,0.498553709948333,0.49747341,0.413480869,0.5882075975,-0.109446290051667,0.109446290051667,FALSE,1.0007720521537,4969.50717642976,6789.93229395476
197,"mu_lambda","lambda",0.0191,0.0189027048497465,0.0181977695,0.00523275088,0.0352461737,-0.000197295150253497,0.000197295150253497,TRUE,1.00030531700661,6418.54627401994,5953.53775368015
197,"mu_delta","delta",1.45,1.55647279756167,1.55249555,1.33944008,1.78897899,0.106472797561667,0.106472797561667,TRUE,1.10048523722005,25.6337850624357,289.396012265459
197,"mu_eta","eta",0.278,0.0241963472774816,0.0282292855,-0.1507415585,0.1885393605,-0.253803652722518,0.253803652722518,FALSE,1.06491883940517,47.1721079598121,495.182893275411
198,"mu_alpha","alpha",5.25,5.3728767597,5.3701709,5.00064324,5.75506448,0.1228767597,0.1228767597,TRUE,1.03837331177023,67.4033644946218,2136.35692849912
198,"mu_beta","beta",0.608,0.605973971388333,0.60431616,0.4846939725,0.731157579,-0.00202602861166667,0.00202602861166667,TRUE,1.00028660665846,5605.42152315966,7350.48600041721
198,"mu_lambda","lambda",0.0191,0.0258242311960333,0.0258564835,0.012513822,0.03882638465,0.00672423119603334,0.00672423119603334,TRUE,1.00016627401519,7137.56431955457,5692.06779359106
198,"mu_delta","delta",1.45,1.38694336684167,1.3756363,1.277635825,1.532471185,-0.0630566331583333,0.0630566331583333,TRUE,1.06422003871116,40.4383399227163,106.177279912
198,"mu_eta","eta",0.278,0.245571455197378,0.249697365,0.07525568375,0.4052750485,-0.0324285448026217,0.0324285448026217,TRUE,1.05570113090401,51.0516202104847,251.063657665034
199,"mu_alpha","alpha",2.95,2.85701659693333,2.8537412,2.52907535,3.200456385,-0.092983403066667,0.092983403066667,TRUE,1.01152551524657,2874.09571572781,6494.06289913812
199,"mu_beta","beta",0.204,0.150782278919528,0.150152585,0.06076592615,0.243872325,-0.0532177210804717,0.0532177210804717,TRUE,1.00280539853492,4413.10372302146,7175.81945302038
199,"mu_lambda","lambda",0.0431,0.0481275333920333,0.048290188,0.02602526365,0.07007488495,0.00502753339203334,0.00502753339203334,TRUE,1.00067165005173,7937.00032923059,6228.52380522676
199,"mu_delta","delta",1.45,1.46191785925833,1.45924265,1.32317901,1.611855855,0.0119178592583333,0.0119178592583333,TRUE,1.0298328812468,109.871003266652,193.60280368391
199,"mu_eta","eta",0.278,0.186305450353187,0.19088377,0.023010481,0.330120244,-0.0916945496468128,0.0916945496468128,TRUE,1.04609376343953,67.3262904916534,47.2917905986731
200,"mu_alpha","alpha",4.12,3.95169248896667,3.9458339,3.59557067,4.334886275,-0.168307511033333,0.168307511033333,TRUE,1.00058153245522,8137.32244014413,8039.04212739776
200,"mu_beta","beta",0.204,0.123792336866153,0.122731325,0.02404029625,0.2252532355,-0.0802076631338467,0.0802076631338467,TRUE,1.00074742063552,5025.55771047775,6999.83595916686
200,"mu_lambda","lambda",0.0431,0.0371777007423333,0.0372216195,0.0194382669,0.05452715855,-0.00592229925766666,0.00592229925766666,TRUE,1.00076900264985,8723.87014114055,5896.46663703499
200,"mu_delta","delta",1.45,1.44203402895,1.41882985,1.29573715,1.667153665,-0.00796597104999996,0.00796597104999996,TRUE,1.29481387795069,10.2015090197323,30.1795948260383
200,"mu_eta","eta",0.278,0.237037176045264,0.259055375,-0.04967010045,0.4418073395,-0.0409628239547361,0.0409628239547361,TRUE,1.290318834272,10.4289450032837,28.4656016831804
201,"mu_alpha","alpha",5.25,5.4450407428,5.44541025,5.064317445,5.822749685,0.1950407428,0.1950407428,TRUE,1.00037401637011,10447.4239178897,7881.15329142185
201,"mu_beta","beta",0.204,0.160013922272436,0.160022025,0.07172199725,0.2483039065,-0.0439860777275637,0.0439860777275637,TRUE,1.00009174466248,7631.82695127372,8010.76571199152
201,"mu_lambda","lambda",0.0431,0.0376888183756167,0.0377379685,0.02069486985,0.05469321585,-0.00541118162438333,0.00541118162438333,TRUE,1.00024684027886,8889.62876639801,7874.872198993
201,"mu_delta","delta",1.45,1.4049966857,1.4010704,1.300564795,1.522242825,-0.0450033142999999,0.0450033142999999,TRUE,1.00126843055518,3507.06200816551,5759.42849031876
201,"mu_eta","eta",0.278,0.278474769046754,0.27615684,0.1477201495,0.41432451,0.000474769046754142,0.000474769046754142,TRUE,1.00098213418487,3654.86065205324,4364.59789946074
202,"mu_alpha","alpha",2.95,3.000895125375,2.99663835,2.642150455,3.380745855,0.0508951253749999,0.0508951253749999,TRUE,1.00018201420503,6500.43207659373,8105.19987060508
202,"mu_beta","beta",0.405,0.418755041580833,0.41802663,0.343575562,0.496907038,0.0137550415808333,0.0137550415808333,TRUE,1.00066310572979,8549.51715325648,8723.72005104119
202,"mu_lambda","lambda",0.0431,0.050306519237525,0.0498015095,0.0247451281,0.077273374,0.007206519237525,0.007206519237525,TRUE,1.00029559371798,6775.18865984069,6578.68524652359
202,"mu_delta","delta",1.45,1.36424988014167,1.3632988,1.229459415,1.499237735,-0.0857501198583333,0.0857501198583333,TRUE,1.00037169493741,4582.71913498103,6312.57382262942
202,"mu_eta","eta",0.278,0.278398075935269,0.27786426,0.152810419,0.404910979,0.000398075935269138,0.000398075935269138,TRUE,1.00022015251245,4935.12981151265,7455.70019700748
203,"mu_alpha","alpha",4.12,4.25703713816667,4.2489046,3.83091578,4.7064222,0.137037138166667,0.137037138166667,TRUE,1.00080612306562,5451.71377827326,4462.69985193783
203,"mu_beta","beta",0.405,0.399862065985,0.397767955,0.2694340295,0.5358858805,-0.00513793401500001,0.00513793401500001,TRUE,1.00150164067112,2747.05054739792,5211.93600416328
203,"mu_lambda","lambda",0.0431,0.0497885953093083,0.0499307355,0.03230018975,0.0669364833,0.00668859530930833,0.00668859530930833,TRUE,1.00208279948813,6946.69518456835,6760.32553496762
203,"mu_delta","delta",1.45,1.39342650516667,1.3872751,1.27362208,1.5386307,-0.0565734948333332,0.0565734948333332,TRUE,1.00555669918965,1711.02905517852,2937.60748151286
203,"mu_eta","eta",0.278,0.271781276137338,0.270014175,0.117846285,0.428503367,-0.0062187238626617,0.0062187238626617,TRUE,1.00089666244697,3454.97855242778,5767.47062898836
204,"mu_alpha","alpha",5.25,5.05372468908333,5.04219725,4.65864354,5.497812925,-0.196275310916667,0.196275310916667,TRUE,1.00065008135654,5748.87188924364,5693.86105198748
204,"mu_beta","beta",0.405,0.410162011395,0.40884985,0.328111322,0.4961123515,0.005162011395,0.005162011395,TRUE,1.00020165549172,6056.21400399476,8212.51187005589
204,"mu_lambda","lambda",0.0431,0.0342935793729,0.033428612,0.0152632963,0.05580398885,-0.0088064206271,0.0088064206271,TRUE,1.00062856118828,4858.84862904645,6249.94616070144
204,"mu_delta","delta",1.45,1.42366025110833,1.42069985,1.30914589,1.55222089,-0.0263397488916666,0.0263397488916666,TRUE,1.00284606745077,3913.56683162358,5579.57939699082
204,"mu_eta","eta",0.278,0.200216670551845,0.196652225,0.102519096,0.3096889505,-0.077783329448155,0.077783329448155,TRUE,1.00066864822586,4793.88136901484,5993.69602061139
205,"mu_alpha","alpha",2.95,3.281939682525,3.2730442,2.821544395,3.777704305,0.331939682525,0.331939682525,TRUE,1.00128437989315,3657.23819000828,5755.63558818552
205,"mu_beta","beta",0.608,0.7170666507625,0.71592472,0.625274364,0.8120092095,0.1090666507625,0.1090666507625,FALSE,1.0003305297402,6066.42915307667,7474.36936751668
205,"mu_lambda","lambda",0.0431,0.0550101061908333,0.0547040625,0.0334053643,0.07805204745,0.0119101061908333,0.0119101061908333,TRUE,1.00031543104616,5292.5781685176,6221.85897237187
205,"mu_delta","delta",1.45,1.30356134324167,1.2945243,1.222416265,1.40964331,-0.146438656758333,0.146438656758333,FALSE,1.1181738018472,21.5240757570797,155.76847945105
205,"mu_eta","eta",0.278,0.439468420852667,0.439538895,0.2912794885,0.5864532045,0.161468420852667,0.161468420852667,FALSE,1.00547998458809,3638.30547951064,3397.47545746772
206,"mu_alpha","alpha",4.12,3.721569345075,3.71642655,3.470806505,3.992027025,-0.398430654925,0.398430654925,FALSE,1.00038385231822,13228.1846005533,8640.22034713081
206,"mu_beta","beta",0.608,0.538075227455833,0.53641505,0.443914153,0.638259232,-0.0699247725441666,0.0699247725441666,TRUE,1.00052406117212,5896.99835743689,8063.90617641468
206,"mu_lambda","lambda",0.0431,0.0495242229062,0.0490668955,0.0288805508,0.07143762,0.0064242229062,0.0064242229062,TRUE,1.00049920251694,6036.31589742868,7389.57900517343
206,"mu_delta","delta",1.45,1.44616146316667,1.44204655,1.31126561,1.5999387,-0.00383853683333335,0.00383853683333335,TRUE,1.0021227386454,3219.09623707623,5151.8675018839
206,"mu_eta","eta",0.278,0.245828111432308,0.244661265,0.135915273,0.360299813,-0.0321718885676917,0.0321718885676917,TRUE,1.00007805440686,5226.50264824992,6540.8752743134
207,"mu_alpha","alpha",5.25,5.10064088495,5.0923494,4.768143795,5.461485305,-0.14935911505,0.14935911505,TRUE,1.00008842854689,10049.3841183628,6479.45663543121
207,"mu_beta","beta",0.608,0.588408539289167,0.587181855,0.4853991885,0.6958740925,-0.0195914607108333,0.0195914607108333,TRUE,1.00047030315112,5388.81746219317,7280.88842770971
207,"mu_lambda","lambda",0.0431,0.0471769878512167,0.0466348585,0.0262348796,0.07011549045,0.00407698785121666,0.00407698785121666,TRUE,1.00061467980208,4132.36096427383,6322.93230642754
207,"mu_delta","delta",1.45,1.39283967665833,1.38897435,1.270071005,1.52622225,-0.0571603233416667,0.0571603233416667,TRUE,1.00142483471966,1651.63765503363,3453.77097065297
207,"mu_eta","eta",0.278,0.339609034069133,0.33654439,0.1964320245,0.488206203,0.0616090340691333,0.0616090340691333,TRUE,1.00024310671637,3035.05656678682,4193.70497665719
208,"mu_alpha","alpha",2.95,2.84289229915833,2.83793545,2.58724654,3.117289295,-0.107107700841667,0.107107700841667,TRUE,0.999961719805308,6873.59515788138,7050.82390904227
208,"mu_beta","beta",0.204,0.174640913360614,0.173726865,0.06854840615,0.282328941,-0.0293590866393858,0.0293590866393858,TRUE,1.00097282535208,3308.30294382099,5137.67296327481
208,"mu_lambda","lambda",0.0701,0.0830598462004167,0.0829117355,0.05946685255,0.1066164555,0.0129598462004167,0.0129598462004167,TRUE,1.00000217938486,7615.8311885394,7587.06926169284
208,"mu_delta","delta",1.45,1.4420802181,1.43867415,1.32576151,1.5676402,-0.00791978189999987,0.00791978189999987,TRUE,1.05756678960008,47.0165691661074,1543.76546169287
208,"mu_eta","eta",0.278,0.334630624478599,0.33677381,0.1474540395,0.511185447,0.0566306244785991,0.0566306244785991,TRUE,1.05148194150171,57.0493697536021,70.6513605730254
209,"mu_alpha","alpha",4.12,4.14305605876667,4.1329025,3.78080702,4.54494101,0.0230560587666666,0.0230560587666666,TRUE,1.01399643556483,365.190379928097,7062.48878417963
209,"mu_beta","beta",0.204,0.164253910713418,0.16296701,0.0663827967,0.266266021,-0.0397460892865817,0.0397460892865817,TRUE,1.00189994987948,3774.25417728434,6682.05371950022
209,"mu_lambda","lambda",0.0701,0.0484433092497833,0.0482424335,0.0261933519,0.07206605815,-0.0216566907502167,0.0216566907502167,TRUE,1.00040404602969,6354.90280650721,6694.88480455813
209,"mu_delta","delta",1.45,1.48691149525833,1.4854147,1.371479425,1.603427445,0.0369114952583334,0.0369114952583334,TRUE,1.07367455364792,34.9897974828496,100.779746141482
209,"mu_eta","eta",0.278,0.162556198357958,0.18033893,-0.0894299664,0.3569430865,-0.115443801642043,0.115443801642043,TRUE,1.22430142329032,12.9172931390563,75.7272243727025
210,"mu_alpha","alpha",5.25,5.25049578655,5.24366465,4.90903125,5.61456991,0.000495786550000155,0.000495786550000155,TRUE,1.00087254293121,7242.28207007397,4861.24983433699
210,"mu_beta","beta",0.204,0.208610684941375,0.20839317,0.111823956,0.306708011,0.00461068494137501,0.00461068494137501,TRUE,1.00059774145126,4212.62400103024,6073.81408128193
210,"mu_lambda","lambda",0.0701,0.0783128857855833,0.0778129505,0.0561321869,0.1020885415,0.00821288578558334,0.00821288578558334,TRUE,1.00100342400916,3744.36020362675,5668.18216651778
210,"mu_delta","delta",1.45,1.51791538266667,1.5172719,1.34922374,1.693059635,0.0679153826666667,0.0679153826666667,TRUE,1.00159454084103,2712.00588112929,4377.43209823525
210,"mu_eta","eta",0.278,0.3298364750045,0.33137821,0.228088226,0.4270089515,0.0518364750044999,0.0518364750044999,TRUE,1.00136796815739,2606.88333999407,4769.77545115978
211,"mu_alpha","alpha",2.95,3.09271743604167,3.0861,2.699682675,3.50551114,0.142717436041667,0.142717436041667,TRUE,1.00213535291466,4336.22658097113,6719.63932134055
211,"mu_beta","beta",0.405,0.368083216963333,0.36727078,0.2998030765,0.437883737,-0.0369167830366667,0.0369167830366667,TRUE,0.999918805222281,7612.0646222465,8541.24370113379
211,"mu_lambda","lambda",0.0701,0.0655621280268333,0.0654905605,0.0463759245,0.0848057652,-0.00453787197316666,0.00453787197316666,TRUE,1.00031448138075,7613.82126844513,6108.14279592393
211,"mu_delta","delta",1.45,1.44510207309167,1.45137385,1.348129835,1.51785621,-0.00489792690833335,0.00489792690833335,TRUE,1.14233970527384,18.7267495098066,32.6202948259509
211,"mu_eta","eta",0.278,0.34337766232532,0.346333225,0.155850077,0.5204033175,0.06537766232532,0.06537766232532,TRUE,1.07260329223808,37.1811365880506,77.0405332252278
212,"mu_alpha","alpha",4.12,4.05542336235833,4.0460524,3.71523307,4.423441415,-0.0645766376416672,0.0645766376416672,TRUE,1.00005347840353,7411.65727806096,7259.87683510092
212,"mu_beta","beta",0.405,0.432120440626667,0.431469595,0.3436347225,0.5261569385,0.0271204406266666,0.0271204406266666,TRUE,1.00030298531739,4851.60127394024,6062.98033214846
212,"mu_lambda","lambda",0.0701,0.0899985045566667,0.0895149625,0.06458231005,0.1171183775,0.0198985045566667,0.0198985045566667,TRUE,1.00088854261815,3489.76002735606,5624.84386029923
212,"mu_delta","delta",1.45,1.5590744414625,1.55387165,1.38826477,1.74886349,0.1090744414625,0.1090744414625,TRUE,1.00050088428542,4235.39674707239,3921.60878681511
212,"mu_eta","eta",0.278,0.0232248506938085,0.022459627,-0.08977623445,0.138937689,-0.254775149306192,0.254775149306192,FALSE,1.00181447820849,2155.78129572506,3416.80076437243
213,"mu_alpha","alpha",5.25,5.267092112175,5.2587515,4.90235267,5.675528135,0.0170921121749998,0.0170921121749998,TRUE,1.00046993020631,7918.14568353787,5038.75164990767
213,"mu_beta","beta",0.405,0.463750378396667,0.46180424,0.372934253,0.5591171075,0.0587503783966666,0.0587503783966666,TRUE,1.00009359088359,7314.04567017004,7973.15411833322
213,"mu_lambda","lambda",0.0701,0.08115991074825,0.080737405,0.05743329865,0.1062285,0.01105991074825,0.01105991074825,TRUE,1.0000022444802,4286.31074307319,5829.00153268493
213,"mu_delta","delta",1.45,1.45389710765,1.45249505,1.31514589,1.60088553,0.00389710765000006,0.00389710765000006,TRUE,1.00511047537342,963.792680254611,3644.95450747341
213,"mu_eta","eta",0.278,0.317842156977158,0.31862467,0.2017134295,0.431132319,0.0398421569771583,0.0398421569771583,TRUE,1.00068988448144,3800.86332890663,4959.32929727096
214,"mu_alpha","alpha",2.95,3.02883437790833,3.0240218,2.636485985,3.438179225,0.0788343779083331,0.0788343779083331,TRUE,1.00265536628177,5900.06049861015,7092.6908422924
214,"mu_beta","beta",0.608,0.615239284864167,0.61374334,0.5250658595,0.7124623005,0.0072392848641667,0.0072392848641667,TRUE,1.00271202145026,6920.89031034591,7195.81982109361
214,"mu_lambda","lambda",0.0701,0.0613711923196583,0.0608272505,0.03666767445,0.08749760125,-0.00872880768034166,0.00872880768034166,TRUE,1.00050517585478,5982.69157441063,7003.42253376915
214,"mu_delta","delta",1.45,1.56460412071667,1.5630947,1.347012475,1.79348572,0.114604120716667,0.114604120716667,TRUE,1.30873163158332,10.0096311231015,32.4630491928288
214,"mu_eta","eta",0.278,0.202973388269427,0.217727535,-0.05143265225,0.398707992,-0.0750266117305726,0.0750266117305726,TRUE,1.2172456327848,13.0220913814815,30.1604446536072
215,"mu_alpha","alpha",4.12,4.39086116604167,4.3787043,3.98530387,4.83543303,0.270861166041667,0.270861166041667,TRUE,1.00087100085017,6863.48064746038,6892.41301658372
215,"mu_beta","beta",0.608,0.565668550690833,0.56428251,0.476263955,0.660143872,-0.0423314493091667,0.0423314493091667,TRUE,1.0009206361404,7629.11980713511,8704.23937825837
215,"mu_lambda","lambda",0.0701,0.0607836074602667,0.0600498405,0.03755623305,0.0860461078,-0.00931639253973333,0.00931639253973333,TRUE,1.00081753809389,4447.14219064472,6430.11442384568
215,"mu_delta","delta",1.45,1.290291604325,1.29041415,1.19620144,1.383707605,-0.159708395675,0.159708395675,FALSE,1.03287295437182,96.7296803067638,2545.73431736208
215,"mu_eta","eta",0.278,0.299936633602008,0.300396685,0.1402823065,0.459838428,0.0219366336020083,0.0219366336020083,TRUE,1.01673567608339,375.784089785932,3344.86583137418
216,"mu_alpha","alpha",5.25,5.78612125945833,5.8107071,5.492509735,5.98544262,0.536121259458334,0.536121259458334,FALSE,1.00070661398878,9645.54198973833,6117.63956760838
216,"mu_beta","beta",0.608,0.6946129747125,0.6931496,0.5724792745,0.8206437855,0.0866129747125001,0.0866129747125001,TRUE,1.00091860192712,5588.57001876807,6906.16685555737
216,"mu_lambda","lambda",0.0701,0.10313227738125,0.102944825,0.08332738375,0.1236199505,0.03303227738125,0.03303227738125,FALSE,1.0014092978528,4068.10068397022,5713.62198276029
216,"mu_delta","delta",1.45,1.40419146749167,1.400597,1.26939533,1.54792796,-0.0458085325083333,0.0458085325083333,TRUE,1.00784881898142,737.710088163125,927.070601840071
216,"mu_eta","eta",0.278,0.300301175375833,0.299998955,0.18730468,0.4159281365,0.0223011753758333,0.0223011753758333,TRUE,1.00499488851391,1818.44445691246,1421.05026028636
217,"mu_alpha","alpha",2.95,2.84728789314167,2.8430453,2.46762359,3.24357373,-0.102712106858334,0.102712106858334,TRUE,1.00027249859328,4810.45871781662,6757.38421016894
217,"mu_beta","beta",0.204,0.285836163415833,0.283875165,0.2082753065,0.3681555785,0.0818361634158334,0.0818361634158334,FALSE,1.00038079246999,5825.07288486809,7821.5523295291
217,"mu_lambda","lambda",0.0191,0.0226472209969487,0.022103967,0.00553910826,0.04163950495,0.00354722099694875,0.00354722099694875,TRUE,1.00066910587429,8672.1035059268,6407.42748839262
217,"mu_delta","delta",1.78,1.72275545889167,1.7228115,1.578997245,1.86937784,-0.0572445411083333,0.0572445411083333,TRUE,1.00075925980103,4744.31480145169,5423.56090759567
217,"mu_eta","eta",0.278,0.223129967751088,0.22139567,0.04718993725,0.404610687,-0.054870032248912,0.054870032248912,TRUE,1.00096428943277,3861.62534379976,6526.2243040793
218,"mu_alpha","alpha",4.12,3.9395609107,3.92900685,3.59481763,4.32600095,-0.1804390893,0.1804390893,TRUE,1.00035232078458,5635.17196589076,6540.56775679596
218,"mu_beta","beta",0.204,0.307907381335,0.30724321,0.215430434,0.40467437,0.103907381335,0.103907381335,FALSE,1.0007056494489,3682.91811917783,6047.56250532538
218,"mu_lambda","lambda",0.0191,0.0211186379257828,0.0210643895,0.005838934295,0.03638272665,0.00201863792578284,0.00201863792578284,TRUE,1.00053754348711,5501.31020332366,4656.38156225005
218,"mu_delta","delta",1.78,1.83083322443333,1.83560965,1.69231495,1.95473241,0.0508332244333334,0.0508332244333334,TRUE,1.05401561928342,52.8630260083042,469.858694624715
218,"mu_eta","eta",0.278,0.304852068215117,0.30774569,0.13631251,0.46383115,0.0268520682151167,0.0268520682151167,TRUE,1.09875100177889,29.4824448209534,147.634016450299
219,"mu_alpha","alpha",5.25,4.62799696981667,4.6230535,4.342022885,4.929135175,-0.622003030183333,0.622003030183333,FALSE,1.00017189127254,13378.7636065118,7683.19318701186
219,"mu_beta","beta",0.204,0.194520702938092,0.19392269,0.103527781,0.287431784,-0.00947929706190831,0.00947929706190831,TRUE,1.00031217909972,6415.21650161313,7460.78511634877
219,"mu_lambda","lambda",0.0191,0.0141334942492678,0.01385067,0.003358815105,0.0258259563,-0.00496650575073221,0.00496650575073221,TRUE,1.00074075628566,8865.48270585104,4667.68426980797
219,"mu_delta","delta",1.78,1.63658024524167,1.63261255,1.526180295,1.761323075,-0.143419754758333,0.143419754758333,FALSE,0.999878619975673,7165.55127392572,5834.48349003037
219,"mu_eta","eta",0.278,0.225507936706216,0.225695555,0.1005766685,0.350841586,-0.0524920632937842,0.0524920632937842,TRUE,1.0001947994052,5193.99075265353,7486.80205834447
220,"mu_alpha","alpha",2.95,2.75662080279167,2.75225445,2.42437455,3.10943011,-0.193379197208333,0.193379197208333,TRUE,1.00150047864513,4013.09995085769,5934.75061681553
220,"mu_beta","beta",0.405,0.409192861476667,0.408370945,0.3186370375,0.5025702505,0.00419286147666664,0.00419286147666664,TRUE,1.00032628928348,3719.41966745701,5876.24342854575
220,"mu_lambda","lambda",0.0191,0.0237257294519417,0.0237293305,0.00826314184,0.03907980365,0.00462572945194167,0.00462572945194167,TRUE,0.999911586678997,7777.3257048759,4760.04815339283
220,"mu_delta","delta",1.78,1.807128862575,1.80487325,1.69541947,1.92862164,0.0271288625749999,0.0271288625749999,TRUE,1.00026166355124,4652.62873247314,3119.51475973233
220,"mu_eta","eta",0.278,0.218078840595558,0.216772845,0.105159639,0.337766974,-0.0599211594044417,0.0599211594044417,TRUE,1.00144152870798,3208.97309966227,4836.30742269999
221,"mu_alpha","alpha",4.12,3.97604787268333,3.9661679,3.680513015,4.302835575,-0.143952127316667,0.143952127316667,TRUE,1.00014436441148,9752.3941724442,8043.05354676054
221,"mu_beta","beta",0.405,0.436190385740833,0.435097275,0.34542307,0.531439043,0.0311903857408333,0.0311903857408333,TRUE,1.0005635779403,4737.43742613019,5392.88562995404
221,"mu_lambda","lambda",0.0191,0.0173625201345102,0.017230961,0.004520307565,0.0304423592,-0.00173747986548979,0.00173747986548979,TRUE,1.00062576090605,7640.36650575064,5916.35377422255
221,"mu_delta","delta",1.78,1.82600659296667,1.82383115,1.72002078,1.94027804,0.0460065929666666,0.0460065929666666,TRUE,1.00066576040645,5345.07711794602,4083.6592440739
221,"mu_eta","eta",0.278,0.276269140797317,0.273931735,0.1689782715,0.39129735,-0.00173085920268334,0.00173085920268334,TRUE,1.00052470277403,3120.46170973073,4746.4967334603
222,"mu_alpha","alpha",5.25,5.29861466894167,5.28808755,4.96230373,5.66528614,0.0486146689416671,0.0486146689416671,TRUE,1.00003490014822,10044.603072853,5410.29127986361
222,"mu_beta","beta",0.405,0.3701012690275,0.36847549,0.271382966,0.4723242245,-0.0348987309725,0.0348987309725,TRUE,1.00014950049955,7042.74974759354,8313.81601405334
222,"mu_lambda","lambda",0.0191,0.0197937571931846,0.0198797485,0.0081150531,0.03137912175,0.000693757193184576,0.000693757193184576,TRUE,0.999959962461844,9551.90664921626,5630.3439966993
222,"mu_delta","delta",1.78,1.89611338558333,1.9018613,1.7823585,1.98825969,0.116113385583333,0.116113385583333,FALSE,1.00021582958742,7394.01555579718,6766.29186502341
222,"mu_eta","eta",0.278,0.231415418010192,0.230347305,0.1240424435,0.340223022,-0.0465845819898084,0.0465845819898084,TRUE,1.00122457796622,3090.69127948352,4914.99087507131
223,"mu_alpha","alpha",2.95,2.91231313916667,2.9065274,2.554369175,3.29367824,-0.0376868608333334,0.0376868608333334,TRUE,1.00122244057523,3998.12938911244,6553.97581519411
223,"mu_beta","beta",0.608,0.492749738989167,0.491906685,0.3787676215,0.610220877,-0.115250261010833,0.115250261010833,TRUE,1.00045747455275,2703.35371180436,4811.17497291321
223,"mu_lambda","lambda",0.0191,0.0179682405091341,0.017824741,0.00516512152,0.0308910131,-0.00113175949086593,0.00113175949086593,TRUE,0.999970980592476,8648.65159528569,4908.26894006772
223,"mu_delta","delta",1.78,1.834769024775,1.844326,1.667312575,1.963798795,0.0547690247749999,0.0547690247749999,TRUE,1.00838555905159,381.679333228892,471.847848582989
223,"mu_eta","eta",0.278,0.25631939188936,0.253947345,0.1132752585,0.4047371935,-0.02168060811064,0.02168060811064,TRUE,1.00160486190883,2800.07367618477,3584.1786528697
224,"mu_alpha","alpha",4.12,3.974301264425,3.96365755,3.631856985,4.35287174,-0.145698735575,0.145698735575,TRUE,1.00015924222213,7978.34311151666,6682.41673836223
224,"mu_beta","beta",0.608,0.66150660324,0.660197195,0.559828763,0.7652770635,0.05350660324,0.05350660324,TRUE,1.0002293875329,5571.04091513424,7027.63243293127
224,"mu_lambda","lambda",0.0191,0.0178802208435483,0.0175961755,0.00499197522,0.032348289,-0.00121977915645166,0.00121977915645166,TRUE,1.00077016719052,7408.14210915124,6522.4537905746
224,"mu_delta","delta",1.78,1.8430896248,1.8456061,1.708623805,1.9678861,0.0630896247999999,0.0630896247999999,TRUE,1.00023243775686,4989.92567921882,5322.12310504926
224,"mu_eta","eta",0.278,0.159704667251894,0.156620775,0.04456823665,0.283138942,-0.118295332748106,0.118295332748106,TRUE,1.00156150154237,2358.4310513777,4396.61536088704
225,"mu_alpha","alpha",5.25,5.57011290495833,5.5846727,5.166452755,5.925110175,0.320112904958333,0.320112904958333,TRUE,1.00019211706705,5260.68838709703,4799.62245626483
225,"mu_beta","beta",0.608,0.678792362896667,0.677139085,0.570256977,0.7937211745,0.0707923628966667,0.0707923628966667,TRUE,1.00054559872124,4130.50305682015,5595.8044217144
225,"mu_lambda","lambda",0.0191,0.0194133905149228,0.0187357555,0.00634896502,0.0348430591,0.000313390514922834,0.000313390514922834,TRUE,1.00018420133972,4908.21987814028,5336.33119511975
225,"mu_delta","delta",1.78,1.79384706940833,1.7903478,1.66520357,1.93429312,0.0138470694083332,0.0138470694083332,TRUE,1.00091111793151,3335.82813993348,2572.45377529463
225,"mu_eta","eta",0.278,0.230124183769862,0.22815007,0.08185608285,0.381369286,-0.0478758162301384,0.0478758162301384,TRUE,1.00123418797945,1502.506610674,3333.34153654093
226,"mu_alpha","alpha",2.95,2.566774291725,2.5627251,2.17383132,2.97330393,-0.383225708275,0.383225708275,TRUE,1.02116424937885,279.046398597394,429.538310149957
226,"mu_beta","beta",0.204,0.0675172989876216,0.0674162745,-0.0347462255,0.1690494425,-0.136482701012378,0.136482701012378,FALSE,1.01439618655706,1849.69410021324,5453.56720111655
226,"mu_lambda","lambda",0.0431,0.0401932851476975,0.038100162,0.0112074479,0.07522165955,-0.0029067148523025,0.0029067148523025,TRUE,1.00738402736035,5246.26408048716,6746.11357689212
226,"mu_delta","delta",1.78,1.83862904658333,1.85320715,1.65916826,1.96957676,0.0586290465833332,0.0586290465833332,TRUE,1.17929868725342,15.297324650005,38.4646248410698
226,"mu_eta","eta",0.278,0.352225868314321,0.318024455,0.1038295725,0.744341553499999,0.0742258683143214,0.0742258683143214,TRUE,1.14352192741362,18.9550714041676,29.3253529836714
227,"mu_alpha","alpha",4.12,3.53350185373333,3.5271631,3.22460953,3.866976685,-0.586498146266667,0.586498146266667,FALSE,1.0095885673635,2439.38972243516,7972.77417086887
227,"mu_beta","beta",0.204,0.123947311793925,0.123199715,0.0338858613,0.2172188435,-0.0800526882060753,0.0800526882060753,TRUE,1.00984659020068,2656.29882017496,6168.49353374438
227,"mu_lambda","lambda",0.0431,0.051650818681525,0.051824092,0.03252899875,0.0700646376,0.008550818681525,0.008550818681525,TRUE,1.00134764521717,7733.89517756628,6772.69248822455
227,"mu_delta","delta",1.78,1.766801484275,1.772738,1.5865639,1.915042875,-0.0131985157250001,0.0131985157250001,TRUE,1.21195236259156,13.1513484598186,29.3212429554741
227,"mu_eta","eta",0.278,0.190168487577698,0.1988173,-0.02391933855,0.362150406,-0.0878315124223016,0.0878315124223016,TRUE,1.09996363392313,26.683526013585,30.0711519640972
228,"mu_alpha","alpha",5.25,5.37382422563333,5.3722212,5.028022785,5.73425653,0.123824225633333,0.123824225633333,TRUE,0.999937460528107,9139.99230737714,6650.73898387334
228,"mu_beta","beta",0.204,0.237554836211225,0.23631477,0.1452520525,0.3339297555,0.033554836211225,0.033554836211225,TRUE,1.00020626645549,4978.80938108697,7279.17098270654
228,"mu_lambda","lambda",0.0431,0.03815310525135,0.038265524,0.0257232485,0.04997188015,-0.00494689474865,0.00494689474865,TRUE,1.00006316103885,10417.6668530242,6595.4971972707
228,"mu_delta","delta",1.78,1.87600786903333,1.8804993,1.759204715,1.97696746,0.0960078690333332,0.0960078690333332,TRUE,1.00023792889008,5130.72490294062,4508.27651213033
228,"mu_eta","eta",0.278,0.269607475784833,0.267906345,0.164309197,0.379784578,-0.00839252421516667,0.00839252421516667,TRUE,1.00064263951698,2986.88873966701,4915.75379672307
229,"mu_alpha","alpha",2.95,3.083153917075,3.0791713,2.776691365,3.40302372,0.133153917075,0.133153917075,TRUE,1.00036104752472,7010.70720987767,8537.23433486509
229,"mu_beta","beta",0.405,0.294022535859917,0.29277418,0.1851318365,0.406171306,-0.110977464140083,0.110977464140083,TRUE,1.00167069889679,3373.01549510239,6048.67444749154
229,"mu_lambda","lambda",0.0431,0.048709270649175,0.0489217555,0.03071159165,0.0658750043,0.005609270649175,0.005609270649175,TRUE,1.00049111662147,10246.7400666316,6304.50627267541
229,"mu_delta","delta",1.78,1.75470417484167,1.7470463,1.6651788,1.874728725,-0.0252958251583333,0.0252958251583333,TRUE,0.999955571550678,5453.45036519902,2953.46113411462
229,"mu_eta","eta",0.278,0.34383409055075,0.34191673,0.218634543,0.477610956,0.06583409055075,0.06583409055075,TRUE,1.00079945787989,4057.21658290882,4710.27739887314
230,"mu_alpha","alpha",4.12,4.33419912365,4.3244627,3.97811372,4.72438886,0.21419912365,0.21419912365,TRUE,1.00006430962513,7681.17217111791,7791.06627943076
230,"mu_beta","beta",0.405,0.405175037103333,0.40471908,0.297432675,0.516331095,0.000175037103333331,0.000175037103333331,TRUE,1.00060268692434,4272.22683826821,6358.69056203368
230,"mu_lambda","lambda",0.0431,0.040745259475525,0.040708495,0.02304802085,0.05849849425,-0.002354740524475,0.002354740524475,TRUE,1.00059045852166,6264.39723998241,5607.48119107414
230,"mu_delta","delta",1.78,1.7171728461,1.71466585,1.625956245,1.81722851,-0.0628271539,0.0628271539,TRUE,1.00105674082763,6091.64890169116,3966.00990765371
230,"mu_eta","eta",0.278,0.214432762105325,0.212979225,0.118082764,0.315484442,-0.063567237894675,0.063567237894675,TRUE,1.00116215363185,3307.34151142748,4772.0265623922
231,"mu_alpha","alpha",5.25,5.20095276135833,5.1884458,4.83582404,5.607121965,-0.0490472386416663,0.0490472386416663,TRUE,1.00020273864054,7605.59978954776,5342.42584460415
231,"mu_beta","beta",0.405,0.368238825669167,0.36722385,0.2816978015,0.456623545,-0.0367611743308334,0.0367611743308334,TRUE,1.00030712098908,6865.162083833,7174.22243461972
231,"mu_lambda","lambda",0.0431,0.046661451553825,0.0463221125,0.02690058385,0.06788164675,0.003561451553825,0.003561451553825,TRUE,1.00037043550826,5768.10187523357,6553.55925297869
231,"mu_delta","delta",1.78,1.91712004784167,1.9260028,1.81074108,1.99233917,0.137120047841667,0.137120047841667,FALSE,1.0000953429079,7053.92423625898,5219.04308640616
231,"mu_eta","eta",0.278,0.17334494757975,0.170210315,0.103269954,0.250720318,-0.10465505242025,0.10465505242025,FALSE,1.00023369825625,4244.56116063853,5623.54864036085
232,"mu_alpha","alpha",2.95,3.16597107034167,3.1649772,2.808908175,3.536479505,0.215971070341666,0.215971070341666,TRUE,1.01434428818956,624.711211298222,7837.42277727559
232,"mu_beta","beta",0.608,0.584359914165,0.58372756,0.463365244,0.7077668325,-0.023640085835,0.023640085835,TRUE,1.00160888064597,3699.17351258942,5970.86404645779
232,"mu_lambda","lambda",0.0431,0.0284667829859008,0.0285627585,0.0151058881,0.0413280117,-0.0146332170140992,0.0146332170140992,FALSE,1.0003728920365,11055.8062478875,6531.47952254099
232,"mu_delta","delta",1.78,1.817013663275,1.82650945,1.64353685,1.947647285,0.037013663275,0.037013663275,TRUE,1.12288289280327,21.063377069575,25.8251641466526
232,"mu_eta","eta",0.278,0.283303489937774,0.29916661,0.0646778997,0.4207136735,0.00530348993777408,0.00530348993777408,TRUE,1.16987207149908,20.6837450277109,25.801853669645
233,"mu_alpha","alpha",4.12,3.83702002183333,3.83101015,3.53972996,4.148448525,-0.282979978166667,0.282979978166667,TRUE,1.00023463623855,5606.03691222934,6327.31024152616
233,"mu_beta","beta",0.608,0.644962284496667,0.64313646,0.5412435155,0.754011715,0.0369622844966667,0.0369622844966667,TRUE,1.0015331730917,3051.97882209165,5182.00765585838
233,"mu_lambda","lambda",0.0431,0.05741417350475,0.057219117,0.04053961305,0.0745830252,0.01431417350475,0.01431417350475,TRUE,1.00078874389969,3668.48881485409,5036.56944131445
233,"mu_delta","delta",1.78,1.87048065051667,1.87119385,1.76058849,1.97675258,0.0904806505166666,0.0904806505166666,TRUE,1.00091944242344,2943.36071152229,3000.62578782624
233,"mu_eta","eta",0.278,0.204218542800608,0.200659155,0.08994530005,0.33131397,-0.0737814571993917,0.0737814571993917,TRUE,1.00405530487166,1448.61836456987,1778.54160130534
234,"mu_alpha","alpha",5.25,4.88235140571667,4.8680503,4.486635375,5.31624072,-0.367648594283334,0.367648594283334,TRUE,1.00074537079591,7209.73738107491,6435.22268076266
234,"mu_beta","beta",0.608,0.560504470814167,0.559371615,0.4725900235,0.6517852615,-0.0474955291858333,0.0474955291858333,TRUE,1.00071225307737,6986.4860229043,7455.16478140614
234,"mu_lambda","lambda",0.0431,0.0379713082411667,0.0377966965,0.0208239301,0.055662632,-0.00512869175883333,0.00512869175883333,TRUE,1.00019241744844,5629.64694872541,6344.44064606989
234,"mu_delta","delta",1.78,1.83281288985,1.8371996,1.69076038,1.95823122,0.05281288985,0.05281288985,TRUE,1.0011119482848,4647.42487660051,5735.65997961568
234,"mu_eta","eta",0.278,0.28378699170925,0.28336249,0.172060912,0.3985026515,0.00578699170924996,0.00578699170924996,TRUE,1.00174996396467,2418.24773652787,4939.10272680488
235,"mu_alpha","alpha",2.95,3.43318545029167,3.4243199,3.06280981,3.83084145,0.483185450291666,0.483185450291666,FALSE,1.00012469545969,7415.51660258942,7877.86183494266
235,"mu_beta","beta",0.204,0.261741416322367,0.2608419,0.148307678,0.374380709,0.0577414163223667,0.0577414163223667,TRUE,1.00043153004015,4088.53779214563,5954.96431144051
235,"mu_lambda","lambda",0.0701,0.071143124142125,0.070648426,0.0451208997,0.09799707045,0.001043124142125,0.001043124142125,TRUE,1.00060829375534,6994.36772280521,7210.31059928981
235,"mu_delta","delta",1.78,1.71016082324167,1.70275425,1.609553655,1.83174295,-0.0698391767583333,0.0698391767583333,TRUE,1.00055626046051,4586.64234677008,3344.77664534508
235,"mu_eta","eta",0.278,0.254490983417156,0.25184869,0.121551387,0.39786851,-0.0235090165828443,0.0235090165828443,TRUE,1.00035969408989,4107.02119783122,5790.68108974825
236,"mu_alpha","alpha",4.12,4.38537015188333,4.37380645,4.04803405,4.753486145,0.265370151883333,0.265370151883333,TRUE,1.00076540763921,6134.75985749186,5836.79718999704
236,"mu_beta","beta",0.204,0.135723546410267,0.135320915,0.03761339695,0.235360848,-0.0682764535897333,0.0682764535897333,TRUE,1.00139160915482,4341.64564753537,6204.87152497276
236,"mu_lambda","lambda",0.0701,0.0738509228124167,0.0738997665,0.0572882135,0.0897203199,0.00375092281241667,0.00375092281241667,TRUE,1.00023099028545,7894.40762629904,6578.28645320052
236,"mu_delta","delta",1.78,1.74371891346667,1.74220705,1.626446375,1.86634872,-0.0362810865333334,0.0362810865333334,TRUE,1.00067487053121,5013.51071648876,5021.74648268165
236,"mu_eta","eta",0.278,0.220920746111807,0.22018148,0.0685865834,0.372355838,-0.0570792538881932,0.0570792538881932,TRUE,1.0014032970694,2547.68200977174,5160.62109544221
237,"mu_alpha","alpha",5.25,5.35301144245,5.35884255,4.91119766,5.781980815,0.10301144245,0.10301144245,TRUE,1.00019325225651,6332.7136673936,5496.52967918211
237,"mu_beta","beta",0.204,0.24788189781555,0.247124005,0.143972114,0.352755395,0.04388189781555,0.04388189781555,TRUE,1.00052038527991,4298.06368442262,5949.47193051955
237,"mu_lambda","lambda",0.0701,0.0719455046253333,0.071827685,0.05227624025,0.0916912926,0.00184550462533334,0.00184550462533334,TRUE,1.0001723541425,5145.1471016421,5518.9345339865
237,"mu_delta","delta",1.78,1.83499404831667,1.8330972,1.721051305,1.95684373,0.0549940483166667,0.0549940483166667,TRUE,1.00019142099098,5499.1793778298,4697.62555343275
237,"mu_eta","eta",0.278,0.248588766081542,0.24740847,0.142589532,0.3583044855,-0.0294112339184583,0.0294112339184583,TRUE,1.00133352080328,3032.18601853352,4972.49827828563
238,"mu_alpha","alpha",2.95,2.7954672632,2.7910465,2.4739131,3.14004066,-0.1545327368,0.1545327368,TRUE,1.00076513384991,4900.01102132926,6320.86238818619
238,"mu_beta","beta",0.405,0.388427853346667,0.387763895,0.295783478,0.4816904115,-0.0165721466533333,0.0165721466533333,TRUE,1.00012335668989,4601.21823576454,6134.59730191252
238,"mu_lambda","lambda",0.0701,0.072499600964,0.072440828,0.05309813835,0.0920950188,0.00239960096400001,0.00239960096400001,TRUE,1.00056797794589,8065.76535765258,8290.56634521443
238,"mu_delta","delta",1.78,1.66295794904167,1.6589779,1.57917039,1.761866525,-0.117042050958333,0.117042050958333,FALSE,1.00104668733865,5134.42897542693,3116.86993932573
238,"mu_eta","eta",0.278,0.249017281844106,0.24681832,0.134617723,0.373975927,-0.0289827181558942,0.0289827181558942,TRUE,1.0008450337438,3920.26957069111,5647.41061429887
239,"mu_alpha","alpha",4.12,4.45447258591667,4.4439678,3.993472925,4.95462398,0.334472585916666,0.334472585916666,TRUE,1.00030529070322,5352.42923056434,6591.52494314698
239,"mu_beta","beta",0.405,0.464991222348333,0.46360354,0.349548121,0.5860066475,0.0599912223483333,0.0599912223483333,TRUE,1.00065573546949,3828.46643765901,6267.16810752129
239,"mu_lambda","lambda",0.0701,0.0690279748835,0.068065231,0.03971425605,0.1014199715,-0.00107202511649999,0.00107202511649999,TRUE,1.00120903367062,3687.12490229072,5072.34370791024
239,"mu_delta","delta",1.78,1.85265148605,1.85582535,1.723714745,1.97186619,0.07265148605,0.07265148605,TRUE,1.00221504458188,2221.24590512094,3479.13574649758
239,"mu_eta","eta",0.278,0.265378483229883,0.26994805,0.1321181795,0.38187587,-0.0126215167701167,0.0126215167701167,TRUE,1.00216883255205,1252.71894873418,2228.82054980945
240,"mu_alpha","alpha",5.25,5.27436739975,5.2686406,4.912236705,5.663271505,0.02436739975,0.02436739975,TRUE,1.00716204108557,5049.0465805451,6333.990642737
240,"mu_beta","beta",0.405,0.492728181506667,0.49215417,0.382344403,0.605696245,0.0877281815066666,0.0877281815066666,TRUE,1.00017455957499,7160.0049949288,7372.57428691261
240,"mu_lambda","lambda",0.0701,0.0708596303415833,0.0705084385,0.04902839085,0.0935997904,0.000759630341583342,0.000759630341583342,TRUE,1.00073054650874,5688.51815376955,7675.54701054335
240,"mu_delta","delta",1.78,1.76380076906667,1.76338075,1.604183115,1.920681075,-0.0161992309333334,0.0161992309333334,TRUE,1.07218987966412,35.7783820936679,55.5435137498404
240,"mu_eta","eta",0.278,0.288734329998323,0.305591605,0.02457151325,0.498318181,0.0107343299983233,0.0107343299983233,TRUE,1.22581569305003,12.6908394885928,53.2555644954959
241,"mu_alpha","alpha",2.95,2.87515907959167,2.8707955,2.473732115,3.2910882,-0.0748409204083336,0.0748409204083336,TRUE,1.00003364003963,4670.12029151261,5651.38590212108
241,"mu_beta","beta",0.608,0.6421810762825,0.64101846,0.5287573905,0.7597643105,0.0341810762825,0.0341810762825,TRUE,1.00040165034429,4963.84095152728,6244.60834200402
241,"mu_lambda","lambda",0.0701,0.074174129606,0.074177194,0.05503225955,0.09359308,0.00407412960600001,0.00407412960600001,TRUE,1.00052051323474,7718.82815673371,6743.68355609615
241,"mu_delta","delta",1.78,1.88161891574167,1.8854484,1.76680911,1.98127563,0.101618915741667,0.101618915741667,TRUE,1.00030346042726,5508.57526664598,5951.20440403844
241,"mu_eta","eta",0.278,0.298454510342317,0.297511085,0.1794612785,0.421342552,0.0204545103423167,0.0204545103423167,TRUE,1.00033218376396,3109.43932958464,5003.31250098846
242,"mu_alpha","alpha",4.12,4.272033031525,4.26530225,3.96530425,4.603480445,0.152033031525,0.152033031525,TRUE,1.00055798963581,9613.72726669385,7474.63465166382
242,"mu_beta","beta",0.608,0.649092836435,0.646959925,0.5062711085,0.794769884,0.0410928364350001,0.0410928364350001,TRUE,1.00124667097978,3765.60545651146,4892.83648620392
242,"mu_lambda","lambda",0.0701,0.0861617488159167,0.0860560845,0.06609434875,0.106307692,0.0160617488159167,0.0160617488159167,TRUE,1.00055111692949,5351.69810456873,6110.84903396539
242,"mu_delta","delta",1.78,1.80791635305833,1.80478105,1.675779175,1.94802196,0.0279163530583333,0.0279163530583333,TRUE,1.00032791358948,4178.83744914891,4838.82847315668
242,"mu_eta","eta",0.278,0.25603627726145,0.25709243,0.1401110355,0.3677633405,-0.02196372273855,0.02196372273855,TRUE,1.00091448968217,3006.00114128467,5089.5099821665
243,"mu_alpha","alpha",5.25,5.50741276855,5.51175405,5.151117895,5.853567015,0.25741276855,0.25741276855,TRUE,1.0007249435608,7283.88517692092,5180.65031211585
243,"mu_beta","beta",0.608,0.603264206211667,0.602383975,0.5058801185,0.701436595,-0.00473579378833333,0.00473579378833333,TRUE,1.0009043819182,6893.94293643063,7832.11040341651
243,"mu_lambda","lambda",0.0701,0.0724848718289167,0.0723102575,0.0532418513,0.09224406555,0.00238487182891667,0.00238487182891667,TRUE,1.00053427145719,4480.22746305294,6076.09553404167
243,"mu_delta","delta",1.78,1.68958924091667,1.68773285,1.610884225,1.77353112,-0.0904107590833334,0.0904107590833334,FALSE,1.0020267636626,2701.94030978279,2211.17790710802
243,"mu_eta","eta",0.278,0.392808998209917,0.39208882,0.277129401,0.510446196,0.114808998209917,0.114808998209917,TRUE,1.00035335657609,2432.03751931529,4156.98383306506
