column_position,group,subject_index,participant_id,trial
1,Explicit Deceptive,1,15938034,1
2,Explicit Deceptive,1,15938034,2
3,Explicit Deceptive,1,15938034,3
4,Explicit Deceptive,1,15938034,4
5,Explicit Deceptive,1,15938034,5
6,Explicit Deceptive,1,15938034,6
7,Explicit Deceptive,1,15938034,7
8,Explicit Deceptive,1,15938034,8
9,Explicit Deceptive,1,15938034,9
10,Explicit Deceptive,1,15938034,10
11,Explicit Deceptive,1,15938034,11
12,Explicit Deceptive,1,15938034,12
13,Explicit Deceptive,1,15938034,13
14,Explicit Deceptive,1,15938034,14
15,Explicit Deceptive,1,15938034,15
16,Explicit Deceptive,1,15938034,16
17,Explicit Deceptive,1,15938034,17
18,Explicit Deceptive,1,15938034,18
19,Explicit Deceptive,1,15938034,19
20,Explicit Deceptive,1,15938034,20
21,Explicit Deceptive,1,15938034,21
22,Explicit Deceptive,1,15938034,22
23,Explicit Deceptive,1,15938034,23
24,Explicit Deceptive,1,15938034,24
25,Explicit Deceptive,1,15938034,25
26,Explicit Deceptive,1,15938034,26
27,Explicit Deceptive,1,15938034,27
28,Explicit Deceptive,1,15938034,28
29,Explicit Deceptive,1,15938034,29
30,Explicit Deceptive,1,15938034,30
31,Explicit Deceptive,1,15938034,31
32,Explicit Deceptive,1,15938034,32
33,Explicit Deceptive,1,15938034,33
34,Explicit Deceptive,1,15938034,34
35,Explicit Deceptive,1,15938034,35
36,Explicit Deceptive,1,15938034,36
37,Explicit Deceptive,1,15938034,37
38,Explicit Deceptive,1,15938034,38
39,Explicit Deceptive,1,15938034,39
40,Explicit Deceptive,1,15938034,40
41,Explicit Deceptive,1,15938034,41
42,Explicit Deceptive,1,15938034,42
43,Explicit Deceptive,1,15938034,43
44,Explicit Deceptive,1,15938034,44
45,Explicit Deceptive,1,15938034,45
46,Explicit Deceptive,1,15938034,46
47,Explicit Deceptive,1,15938034,47
48,Explicit Deceptive,1,15938034,48
49,Explicit Deceptive,1,15938034,49
50,Explicit Deceptive,1,15938034,50
51,Explicit Deceptive,1,15938034,51
52,Explicit Deceptive,1,15938034,52
53,Explicit Deceptive,1,15938034,53
54,Explicit Deceptive,1,15938034,54
55,Explicit Deceptive,1,15938034,55
56,Explicit Deceptive,1,15938034,56
57,Explicit Deceptive,1,15938034,57
58,Explicit Deceptive,1,15938034,58
59,Explicit Deceptive,1,15938034,59
60,Explicit Deceptive,1,15938034,60
61,Explicit Deceptive,1,15938034,61
62,Explicit Deceptive,1,15938034,62
63,Explicit Deceptive,1,15938034,63
64,Explicit Deceptive,1,15938034,64
65,Explicit Deceptive,1,15938034,65
66,Explicit Deceptive,1,15938034,66
67,Explicit Deceptive,1,15938034,67
68,Explicit Deceptive,1,15938034,68
69,Explicit Deceptive,1,15938034,69
70,Explicit Deceptive,1,15938034,70
71,Explicit Deceptive,1,15938034,71
72,Explicit Deceptive,1,15938034,72
73,Explicit Deceptive,1,15938034,73
74,Explicit Deceptive,1,15938034,74
75,Explicit Deceptive,1,15938034,75
76,Explicit Deceptive,1,15938034,76
77,Explicit Deceptive,1,15938034,77
78,Explicit Deceptive,1,15938034,78
79,Explicit Deceptive,1,15938034,79
80,Explicit Deceptive,1,15938034,80
81,Explicit Deceptive,1,15938034,81
82,Explicit Deceptive,1,15938034,82
83,Explicit Deceptive,1,15938034,83
84,Explicit Deceptive,1,15938034,84
85,Explicit Deceptive,1,15938034,85
86,Explicit Deceptive,1,15938034,86
87,Explicit Deceptive,1,15938034,87
88,Explicit Deceptive,1,15938034,88
89,Explicit Deceptive,1,15938034,89
90,Explicit Deceptive,1,15938034,90
91,Explicit Deceptive,1,15938034,91
92,Explicit Deceptive,1,15938034,92
93,Explicit Deceptive,1,15938034,93
94,Explicit Deceptive,1,15938034,94
95,Explicit Deceptive,1,15938034,95
96,Explicit Deceptive,1,15938034,96
97,Explicit Deceptive,1,15938034,97
98,Explicit Deceptive,1,15938034,98
99,Explicit Deceptive,1,15938034,99
100,Explicit Deceptive,1,15938034,100
101,Explicit Deceptive,1,15938034,101
102,Explicit Deceptive,1,15938034,102
103,Explicit Deceptive,1,15938034,103
104,Explicit Deceptive,1,15938034,104
105,Explicit Deceptive,1,15938034,105
106,Explicit Deceptive,1,15938034,106
107,Explicit Deceptive,1,15938034,107
108,Explicit Deceptive,1,15938034,108
109,Explicit Deceptive,1,15938034,109
110,Explicit Deceptive,1,15938034,110
111,Explicit Deceptive,1,15938034,111
112,Explicit Deceptive,1,15938034,112
113,Explicit Deceptive,1,15938034,113
114,Explicit Deceptive,1,15938034,114
115,Explicit Deceptive,1,15938034,115
116,Explicit Deceptive,1,15938034,116
117,Explicit Deceptive,1,15938034,117
118,Explicit Deceptive,1,15938034,118
119,Explicit Deceptive,1,15938034,119
120,Explicit Deceptive,1,15938034,120
121,Explicit Deceptive,1,15938034,121
122,Explicit Deceptive,1,15938034,122
123,Explicit Deceptive,1,15938034,123
124,Explicit Deceptive,1,15938034,124
125,Explicit Deceptive,1,15938034,125
126,Explicit Deceptive,1,15938034,126
127,Explicit Deceptive,1,15938034,127
128,Explicit Deceptive,1,15938034,128
129,Explicit Deceptive,1,15938034,129
130,Explicit Deceptive,1,15938034,130
131,Explicit Deceptive,1,15938034,131
132,Explicit Deceptive,1,15938034,132
133,Explicit Deceptive,1,15938034,133
134,Explicit Deceptive,1,15938034,134
135,Explicit Deceptive,1,15938034,135
136,Explicit Deceptive,1,15938034,136
137,Explicit Deceptive,1,15938034,137
138,Explicit Deceptive,1,15938034,138
139,Explicit Deceptive,1,15938034,139
140,Explicit Deceptive,1,15938034,140
141,Explicit Deceptive,1,15938034,141
142,Explicit Deceptive,1,15938034,142
143,Explicit Deceptive,1,15938034,143
144,Explicit Deceptive,1,15938034,144
145,Explicit Deceptive,1,15938034,145
146,Explicit Deceptive,1,15938034,146
147,Explicit Deceptive,1,15938034,147
148,Explicit Deceptive,1,15938034,148
149,Explicit Deceptive,1,15938034,149
150,Explicit Deceptive,1,15938034,150
151,Explicit Deceptive,1,15938034,151
152,Explicit Deceptive,1,15938034,152
153,Explicit Deceptive,1,15938034,153
154,Explicit Deceptive,1,15938034,154
155,Explicit Deceptive,1,15938034,155
156,Explicit Deceptive,1,15938034,156
157,Explicit Deceptive,1,15938034,157
158,Explicit Deceptive,1,15938034,158
159,Explicit Deceptive,1,15938034,159
160,Explicit Deceptive,1,15938034,160
161,Explicit Deceptive,1,15938034,161
162,Explicit Deceptive,1,15938034,162
163,Explicit Deceptive,1,15938034,163
164,Explicit Deceptive,1,15938034,164
165,Explicit Deceptive,1,15938034,165
166,Explicit Deceptive,1,15938034,166
167,Explicit Deceptive,1,15938034,167
168,Explicit Deceptive,1,15938034,168
169,Explicit Deceptive,1,15938034,169
170,Explicit Deceptive,1,15938034,170
171,Explicit Deceptive,1,15938034,171
172,Explicit Deceptive,1,15938034,172
173,Explicit Deceptive,1,15938034,173
174,Explicit Deceptive,1,15938034,174
175,Explicit Deceptive,1,15938034,175
176,Explicit Deceptive,1,15938034,176
177,Explicit Deceptive,1,15938034,177
178,Explicit Deceptive,1,15938034,178
179,Explicit Deceptive,1,15938034,179
180,Explicit Deceptive,1,15938034,180
181,Explicit Deceptive,1,15938034,181
182,Explicit Deceptive,1,15938034,182
183,Explicit Deceptive,1,15938034,183
184,Explicit Deceptive,1,15938034,184
185,Explicit Deceptive,1,15938034,185
186,Explicit Deceptive,1,15938034,186
187,Explicit Deceptive,1,15938034,187
188,Explicit Deceptive,1,15938034,188
189,Explicit Deceptive,1,15938034,189
190,Explicit Deceptive,1,15938034,190
191,Explicit Deceptive,1,15938034,191
192,Explicit Deceptive,1,15938034,192
193,Explicit Deceptive,1,15938034,193
194,Explicit Deceptive,1,15938034,194
195,Explicit Deceptive,1,15938034,195
196,Explicit Deceptive,1,15938034,196
197,Explicit Deceptive,1,15938034,197
198,Explicit Deceptive,1,15938034,198
199,Explicit Deceptive,1,15938034,199
200,Explicit Deceptive,1,15938034,200
201,Explicit Deceptive,1,15938034,201
202,Explicit Deceptive,1,15938034,202
203,Explicit Deceptive,1,15938034,203
204,Explicit Deceptive,1,15938034,204
205,Explicit Deceptive,1,15938034,205
206,Explicit Deceptive,1,15938034,206
207,Explicit Deceptive,1,15938034,207
208,Explicit Deceptive,1,15938034,208
209,Explicit Deceptive,1,15938034,209
210,Explicit Deceptive,1,15938034,210
211,Explicit Deceptive,1,15938034,211
212,Explicit Deceptive,1,15938034,212
213,Explicit Deceptive,1,15938034,213
214,Explicit Deceptive,1,15938034,214
215,Explicit Deceptive,1,15938034,215
216,Explicit Deceptive,1,15938034,216
217,Explicit Deceptive,1,15938034,217
218,Explicit Deceptive,1,15938034,218
219,Explicit Deceptive,1,15938034,219
220,Explicit Deceptive,1,15938034,220
221,Explicit Deceptive,1,15938034,221
222,Explicit Deceptive,1,15938034,222
223,Explicit Deceptive,1,15938034,223
224,Explicit Deceptive,1,15938034,224
225,Explicit Deceptive,1,15938034,225
226,Explicit Deceptive,1,15938034,226
227,Explicit Deceptive,1,15938034,227
228,Explicit Deceptive,1,15938034,228
229,Explicit Deceptive,1,15938034,229
230,Explicit Deceptive,1,15938034,230
231,Explicit Deceptive,1,15938034,231
232,Explicit Deceptive,1,15938034,232
233,Explicit Deceptive,1,15938034,233
234,Explicit Deceptive,1,15938034,234
235,Explicit Deceptive,1,15938034,235
236,Explicit Deceptive,1,15938034,236
237,Explicit Deceptive,1,15938034,237
238,Explicit Deceptive,1,15938034,238
239,Explicit Deceptive,1,15938034,239
240,Explicit Deceptive,1,15938034,240
241,Explicit Deceptive,2,15938038,1
242,Explicit Deceptive,2,15938038,2
243,Explicit Deceptive,2,15938038,3
244,Explicit Deceptive,2,15938038,4
245,Explicit Deceptive,2,15938038,5
246,Explicit Deceptive,2,15938038,6
247,Explicit Deceptive,2,15938038,7
248,Explicit Deceptive,2,15938038,8
249,Explicit Deceptive,2,15938038,9
250,Explicit Deceptive,2,15938038,10
251,Explicit Deceptive,2,15938038,11
252,Explicit Deceptive,2,15938038,12
253,Explicit Deceptive,2,15938038,13
254,Explicit Deceptive,2,15938038,14
255,Explicit Deceptive,2,15938038,15
256,Explicit Deceptive,2,15938038,16
257,Explicit Deceptive,2,15938038,17
258,Explicit Deceptive,2,15938038,18
259,Explicit Deceptive,2,15938038,19
260,Explicit Deceptive,2,15938038,20
261,Explicit Deceptive,2,15938038,21
262,Explicit Deceptive,2,15938038,22
263,Explicit Deceptive,2,15938038,23
264,Explicit Deceptive,2,15938038,24
265,Explicit Deceptive,2,15938038,25
266,Explicit Deceptive,2,15938038,26
267,Explicit Deceptive,2,15938038,27
268,Explicit Deceptive,2,15938038,28
269,Explicit Deceptive,2,15938038,29
270,Explicit Deceptive,2,15938038,30
271,Explicit Deceptive,2,15938038,31
272,Explicit Deceptive,2,15938038,32
273,Explicit Deceptive,2,15938038,33
274,Explicit Deceptive,2,15938038,34
275,Explicit Deceptive,2,15938038,35
276,Explicit Deceptive,2,15938038,36
277,Explicit Deceptive,2,15938038,37
278,Explicit Deceptive,2,15938038,38
279,Explicit Deceptive,2,15938038,39
280,Explicit Deceptive,2,15938038,40
281,Explicit Deceptive,2,15938038,41
282,Explicit Deceptive,2,15938038,42
283,Explicit Deceptive,2,15938038,43
284,Explicit Deceptive,2,15938038,44
285,Explicit Deceptive,2,15938038,45
286,Explicit Deceptive,2,15938038,46
287,Explicit Deceptive,2,15938038,47
288,Explicit Deceptive,2,15938038,48
289,Explicit Deceptive,2,15938038,49
290,Explicit Deceptive,2,15938038,50
291,Explicit Deceptive,2,15938038,51
292,Explicit Deceptive,2,15938038,52
293,Explicit Deceptive,2,15938038,53
294,Explicit Deceptive,2,15938038,54
295,Explicit Deceptive,2,15938038,55
296,Explicit Deceptive,2,15938038,56
297,Explicit Deceptive,2,15938038,57
298,Explicit Deceptive,2,15938038,58
299,Explicit Deceptive,2,15938038,59
300,Explicit Deceptive,2,15938038,60
301,Explicit Deceptive,2,15938038,61
302,Explicit Deceptive,2,15938038,62
303,Explicit Deceptive,2,15938038,63
304,Explicit Deceptive,2,15938038,64
305,Explicit Deceptive,2,15938038,65
306,Explicit Deceptive,2,15938038,66
307,Explicit Deceptive,2,15938038,67
308,Explicit Deceptive,2,15938038,68
309,Explicit Deceptive,2,15938038,69
310,Explicit Deceptive,2,15938038,70
311,Explicit Deceptive,2,15938038,71
312,Explicit Deceptive,2,15938038,72
313,Explicit Deceptive,2,15938038,73
314,Explicit Deceptive,2,15938038,74
315,Explicit Deceptive,2,15938038,75
316,Explicit Deceptive,2,15938038,76
317,Explicit Deceptive,2,15938038,77
318,Explicit Deceptive,2,15938038,78
319,Explicit Deceptive,2,15938038,79
320,Explicit Deceptive,2,15938038,80
321,Explicit Deceptive,2,15938038,81
322,Explicit Deceptive,2,15938038,82
323,Explicit Deceptive,2,15938038,83
324,Explicit Deceptive,2,15938038,84
325,Explicit Deceptive,2,15938038,85
326,Explicit Deceptive,2,15938038,86
327,Explicit Deceptive,2,15938038,87
328,Explicit Deceptive,2,15938038,88
329,Explicit Deceptive,2,15938038,89
330,Explicit Deceptive,2,15938038,90
331,Explicit Deceptive,2,15938038,91
332,Explicit Deceptive,2,15938038,92
333,Explicit Deceptive,2,15938038,93
334,Explicit Deceptive,2,15938038,94
335,Explicit Deceptive,2,15938038,95
336,Explicit Deceptive,2,15938038,96
337,Explicit Deceptive,2,15938038,97
338,Explicit Deceptive,2,15938038,98
339,Explicit Deceptive,2,15938038,99
340,Explicit Deceptive,2,15938038,100
341,Explicit Deceptive,2,15938038,101
342,Explicit Deceptive,2,15938038,102
343,Explicit Deceptive,2,15938038,103
344,Explicit Deceptive,2,15938038,104
345,Explicit Deceptive,2,15938038,105
346,Explicit Deceptive,2,15938038,106
347,Explicit Deceptive,2,15938038,107
348,Explicit Deceptive,2,15938038,108
349,Explicit Deceptive,2,15938038,109
350,Explicit Deceptive,2,15938038,110
351,Explicit Deceptive,2,15938038,111
352,Explicit Deceptive,2,15938038,112
353,Explicit Deceptive,2,15938038,113
354,Explicit Deceptive,2,15938038,114
355,Explicit Deceptive,2,15938038,115
356,Explicit Deceptive,2,15938038,116
357,Explicit Deceptive,2,15938038,117
358,Explicit Deceptive,2,15938038,118
359,Explicit Deceptive,2,15938038,119
360,Explicit Deceptive,2,15938038,120
361,Explicit Deceptive,2,15938038,121
362,Explicit Deceptive,2,15938038,122
363,Explicit Deceptive,2,15938038,123
364,Explicit Deceptive,2,15938038,124
365,Explicit Deceptive,2,15938038,125
366,Explicit Deceptive,2,15938038,126
367,Explicit Deceptive,2,15938038,127
368,Explicit Deceptive,2,15938038,128
369,Explicit Deceptive,2,15938038,129
370,Explicit Deceptive,2,15938038,130
371,Explicit Deceptive,2,15938038,131
372,Explicit Deceptive,2,15938038,132
373,Explicit Deceptive,2,15938038,133
374,Explicit Deceptive,2,15938038,134
375,Explicit Deceptive,2,15938038,135
376,Explicit Deceptive,2,15938038,136
377,Explicit Deceptive,2,15938038,137
378,Explicit Deceptive,2,15938038,138
379,Explicit Deceptive,2,15938038,139
380,Explicit Deceptive,2,15938038,140
381,Explicit Deceptive,2,15938038,141
382,Explicit Deceptive,2,15938038,142
383,Explicit Deceptive,2,15938038,143
384,Explicit Deceptive,2,15938038,144
385,Explicit Deceptive,2,15938038,145
386,Explicit Deceptive,2,15938038,146
387,Explicit Deceptive,2,15938038,147
388,Explicit Deceptive,2,15938038,148
389,Explicit Deceptive,2,15938038,149
390,Explicit Deceptive,2,15938038,150
391,Explicit Deceptive,2,15938038,151
392,Explicit Deceptive,2,15938038,152
393,Explicit Deceptive,2,15938038,153
394,Explicit Deceptive,2,15938038,154
395,Explicit Deceptive,2,15938038,155
396,Explicit Deceptive,2,15938038,156
397,Explicit Deceptive,2,15938038,157
398,Explicit Deceptive,2,15938038,158
399,Explicit Deceptive,2,15938038,159
400,Explicit Deceptive,2,15938038,160
401,Explicit Deceptive,2,15938038,161
402,Explicit Deceptive,2,15938038,162
403,Explicit Deceptive,2,15938038,163
404,Explicit Deceptive,2,15938038,164
405,Explicit Deceptive,2,15938038,165
406,Explicit Deceptive,2,15938038,166
407,Explicit Deceptive,2,15938038,167
408,Explicit Deceptive,2,15938038,168
409,Explicit Deceptive,2,15938038,169
410,Explicit Deceptive,2,15938038,170
411,Explicit Deceptive,2,15938038,171
412,Explicit Deceptive,2,15938038,172
413,Explicit Deceptive,2,15938038,173
414,Explicit Deceptive,2,15938038,174
415,Explicit Deceptive,2,15938038,175
416,Explicit Deceptive,2,15938038,176
417,Explicit Deceptive,2,15938038,177
418,Explicit Deceptive,2,15938038,178
419,Explicit Deceptive,2,15938038,179
420,Explicit Deceptive,2,15938038,180
421,Explicit Deceptive,2,15938038,181
422,Explicit Deceptive,2,15938038,182
423,Explicit Deceptive,2,15938038,183
424,Explicit Deceptive,2,15938038,184
425,Explicit Deceptive,2,15938038,185
426,Explicit Deceptive,2,15938038,186
427,Explicit Deceptive,2,15938038,187
428,Explicit Deceptive,2,15938038,188
429,Explicit Deceptive,2,15938038,189
430,Explicit Deceptive,2,15938038,190
431,Explicit Deceptive,2,15938038,191
432,Explicit Deceptive,2,15938038,192
433,Explicit Deceptive,2,15938038,193
434,Explicit Deceptive,2,15938038,194
435,Explicit Deceptive,2,15938038,195
436,Explicit Deceptive,2,15938038,196
437,Explicit Deceptive,2,15938038,197
438,Explicit Deceptive,2,15938038,198
439,Explicit Deceptive,2,15938038,199
440,Explicit Deceptive,2,15938038,200
441,Explicit Deceptive,2,15938038,201
442,Explicit Deceptive,2,15938038,202
443,Explicit Deceptive,2,15938038,203
444,Explicit Deceptive,2,15938038,204
445,Explicit Deceptive,2,15938038,205
446,Explicit Deceptive,2,15938038,206
447,Explicit Deceptive,2,15938038,207
448,Explicit Deceptive,2,15938038,208
449,Explicit Deceptive,2,15938038,209
450,Explicit Deceptive,2,15938038,210
451,Explicit Deceptive,2,15938038,211
452,Explicit Deceptive,2,15938038,212
453,Explicit Deceptive,2,15938038,213
454,Explicit Deceptive,2,15938038,214
455,Explicit Deceptive,2,15938038,215
456,Explicit Deceptive,2,15938038,216
457,Explicit Deceptive,2,15938038,217
458,Explicit Deceptive,2,15938038,218
459,Explicit Deceptive,2,15938038,219
460,Explicit Deceptive,2,15938038,220
461,Explicit Deceptive,2,15938038,221
462,Explicit Deceptive,2,15938038,222
463,Explicit Deceptive,2,15938038,223
464,Explicit Deceptive,2,15938038,224
465,Explicit Deceptive,2,15938038,225
466,Explicit Deceptive,2,15938038,226
467,Explicit Deceptive,2,15938038,227
468,Explicit Deceptive,2,15938038,228
469,Explicit Deceptive,2,15938038,229
470,Explicit Deceptive,2,15938038,230
471,Explicit Deceptive,2,15938038,231
472,Explicit Deceptive,2,15938038,232
473,Explicit Deceptive,2,15938038,233
474,Explicit Deceptive,2,15938038,234
475,Explicit Deceptive,2,15938038,235
476,Explicit Deceptive,2,15938038,236
477,Explicit Deceptive,2,15938038,237
478,Explicit Deceptive,2,15938038,238
479,Explicit Deceptive,2,15938038,239
480,Explicit Deceptive,2,15938038,240
481,Explicit Deceptive,3,15938041,1
482,Explicit Deceptive,3,15938041,2
483,Explicit Deceptive,3,15938041,3
484,Explicit Deceptive,3,15938041,4
485,Explicit Deceptive,3,15938041,5
486,Explicit Deceptive,3,15938041,6
487,Explicit Deceptive,3,15938041,7
488,Explicit Deceptive,3,15938041,8
489,Explicit Deceptive,3,15938041,9
490,Explicit Deceptive,3,15938041,10
491,Explicit Deceptive,3,15938041,11
492,Explicit Deceptive,3,15938041,12
493,Explicit Deceptive,3,15938041,13
494,Explicit Deceptive,3,15938041,14
495,Explicit Deceptive,3,15938041,15
496,Explicit Deceptive,3,15938041,16
497,Explicit Deceptive,3,15938041,17
498,Explicit Deceptive,3,15938041,18
499,Explicit Deceptive,3,15938041,19
500,Explicit Deceptive,3,15938041,20
501,Explicit Deceptive,3,15938041,21
502,Explicit Deceptive,3,15938041,22
503,Explicit Deceptive,3,15938041,23
504,Explicit Deceptive,3,15938041,24
505,Explicit Deceptive,3,15938041,25
506,Explicit Deceptive,3,15938041,26
507,Explicit Deceptive,3,15938041,27
508,Explicit Deceptive,3,15938041,28
509,Explicit Deceptive,3,15938041,29
510,Explicit Deceptive,3,15938041,30
511,Explicit Deceptive,3,15938041,31
512,Explicit Deceptive,3,15938041,32
513,Explicit Deceptive,3,15938041,33
514,Explicit Deceptive,3,15938041,34
515,Explicit Deceptive,3,15938041,35
516,Explicit Deceptive,3,15938041,36
517,Explicit Deceptive,3,15938041,37
518,Explicit Deceptive,3,15938041,38
519,Explicit Deceptive,3,15938041,39
520,Explicit Deceptive,3,15938041,40
521,Explicit Deceptive,3,15938041,41
522,Explicit Deceptive,3,15938041,42
523,Explicit Deceptive,3,15938041,43
524,Explicit Deceptive,3,15938041,44
525,Explicit Deceptive,3,15938041,45
526,Explicit Deceptive,3,15938041,46
527,Explicit Deceptive,3,15938041,47
528,Explicit Deceptive,3,15938041,48
529,Explicit Deceptive,3,15938041,49
530,Explicit Deceptive,3,15938041,50
531,Explicit Deceptive,3,15938041,51
532,Explicit Deceptive,3,15938041,52
533,Explicit Deceptive,3,15938041,53
534,Explicit Deceptive,3,15938041,54
535,Explicit Deceptive,3,15938041,55
536,Explicit Deceptive,3,15938041,56
537,Explicit Deceptive,3,15938041,57
538,Explicit Deceptive,3,15938041,58
539,Explicit Deceptive,3,15938041,59
540,Explicit Deceptive,3,15938041,60
541,Explicit Deceptive,3,15938041,61
542,Explicit Deceptive,3,15938041,62
543,Explicit Deceptive,3,15938041,63
544,Explicit Deceptive,3,15938041,64
545,Explicit Deceptive,3,15938041,65
546,Explicit Deceptive,3,15938041,66
547,Explicit Deceptive,3,15938041,67
548,Explicit Deceptive,3,15938041,68
549,Explicit Deceptive,3,15938041,69
550,Explicit Deceptive,3,15938041,70
551,Explicit Deceptive,3,15938041,71
552,Explicit Deceptive,3,15938041,72
553,Explicit Deceptive,3,15938041,73
554,Explicit Deceptive,3,15938041,74
555,Explicit Deceptive,3,15938041,75
556,Explicit Deceptive,3,15938041,76
557,Explicit Deceptive,3,15938041,77
558,Explicit Deceptive,3,15938041,78
559,Explicit Deceptive,3,15938041,79
560,Explicit Deceptive,3,15938041,80
561,Explicit Deceptive,3,15938041,81
562,Explicit Deceptive,3,15938041,82
563,Explicit Deceptive,3,15938041,83
564,Explicit Deceptive,3,15938041,84
565,Explicit Deceptive,3,15938041,85
566,Explicit Deceptive,3,15938041,86
567,Explicit Deceptive,3,15938041,87
568,Explicit Deceptive,3,15938041,88
569,Explicit Deceptive,3,15938041,89
570,Explicit Deceptive,3,15938041,90
571,Explicit Deceptive,3,15938041,91
572,Explicit Deceptive,3,15938041,92
573,Explicit Deceptive,3,15938041,93
574,Explicit Deceptive,3,15938041,94
575,Explicit Deceptive,3,15938041,95
576,Explicit Deceptive,3,15938041,96
577,Explicit Deceptive,3,15938041,97
578,Explicit Deceptive,3,15938041,98
579,Explicit Deceptive,3,15938041,99
580,Explicit Deceptive,3,15938041,100
581,Explicit Deceptive,3,15938041,101
582,Explicit Deceptive,3,15938041,102
583,Explicit Deceptive,3,15938041,103
584,Explicit Deceptive,3,15938041,104
585,Explicit Deceptive,3,15938041,105
586,Explicit Deceptive,3,15938041,106
587,Explicit Deceptive,3,15938041,107
588,Explicit Deceptive,3,15938041,108
589,Explicit Deceptive,3,15938041,109
590,Explicit Deceptive,3,15938041,110
591,Explicit Deceptive,3,15938041,111
592,Explicit Deceptive,3,15938041,112
593,Explicit Deceptive,3,15938041,113
594,Explicit Deceptive,3,15938041,114
595,Explicit Deceptive,3,15938041,115
596,Explicit Deceptive,3,15938041,116
597,Explicit Deceptive,3,15938041,117
598,Explicit Deceptive,3,15938041,118
599,Explicit Deceptive,3,15938041,119
600,Explicit Deceptive,3,15938041,120
601,Explicit Deceptive,3,15938041,121
602,Explicit Deceptive,3,15938041,122
603,Explicit Deceptive,3,15938041,123
604,Explicit Deceptive,3,15938041,124
605,Explicit Deceptive,3,15938041,125
606,Explicit Deceptive,3,15938041,126
607,Explicit Deceptive,3,15938041,127
608,Explicit Deceptive,3,15938041,128
609,Explicit Deceptive,3,15938041,129
610,Explicit Deceptive,3,15938041,130
611,Explicit Deceptive,3,15938041,131
612,Explicit Deceptive,3,15938041,132
613,Explicit Deceptive,3,15938041,133
614,Explicit Deceptive,3,15938041,134
615,Explicit Deceptive,3,15938041,135
616,Explicit Deceptive,3,15938041,136
617,Explicit Deceptive,3,15938041,137
618,Explicit Deceptive,3,15938041,138
619,Explicit Deceptive,3,15938041,139
620,Explicit Deceptive,3,15938041,140
621,Explicit Deceptive,3,15938041,141
622,Explicit Deceptive,3,15938041,142
623,Explicit Deceptive,3,15938041,143
624,Explicit Deceptive,3,15938041,144
625,Explicit Deceptive,3,15938041,145
626,Explicit Deceptive,3,15938041,146
627,Explicit Deceptive,3,15938041,147
628,Explicit Deceptive,3,15938041,148
629,Explicit Deceptive,3,15938041,149
630,Explicit Deceptive,3,15938041,150
631,Explicit Deceptive,3,15938041,151
632,Explicit Deceptive,3,15938041,152
633,Explicit Deceptive,3,15938041,153
634,Explicit Deceptive,3,15938041,154
635,Explicit Deceptive,3,15938041,155
636,Explicit Deceptive,3,15938041,156
637,Explicit Deceptive,3,15938041,157
638,Explicit Deceptive,3,15938041,158
639,Explicit Deceptive,3,15938041,159
640,Explicit Deceptive,3,15938041,160
641,Explicit Deceptive,3,15938041,161
642,Explicit Deceptive,3,15938041,162
643,Explicit Deceptive,3,15938041,163
644,Explicit Deceptive,3,15938041,164
645,Explicit Deceptive,3,15938041,165
646,Explicit Deceptive,3,15938041,166
647,Explicit Deceptive,3,15938041,167
648,Explicit Deceptive,3,15938041,168
649,Explicit Deceptive,3,15938041,169
650,Explicit Deceptive,3,15938041,170
651,Explicit Deceptive,3,15938041,171
652,Explicit Deceptive,3,15938041,172
653,Explicit Deceptive,3,15938041,173
654,Explicit Deceptive,3,15938041,174
655,Explicit Deceptive,3,15938041,175
656,Explicit Deceptive,3,15938041,176
657,Explicit Deceptive,3,15938041,177
658,Explicit Deceptive,3,15938041,178
659,Explicit Deceptive,3,15938041,179
660,Explicit Deceptive,3,15938041,180
661,Explicit Deceptive,3,15938041,181
662,Explicit Deceptive,3,15938041,182
663,Explicit Deceptive,3,15938041,183
664,Explicit Deceptive,3,15938041,184
665,Explicit Deceptive,3,15938041,185
666,Explicit Deceptive,3,15938041,186
667,Explicit Deceptive,3,15938041,187
668,Explicit Deceptive,3,15938041,188
669,Explicit Deceptive,3,15938041,189
670,Explicit Deceptive,3,15938041,190
671,Explicit Deceptive,3,15938041,191
672,Explicit Deceptive,3,15938041,192
673,Explicit Deceptive,3,15938041,193
674,Explicit Deceptive,3,15938041,194
675,Explicit Deceptive,3,15938041,195
676,Explicit Deceptive,3,15938041,196
677,Explicit Deceptive,3,15938041,197
678,Explicit Deceptive,3,15938041,198
679,Explicit Deceptive,3,15938041,199
680,Explicit Deceptive,3,15938041,200
681,Explicit Deceptive,3,15938041,201
682,Explicit Deceptive,3,15938041,202
683,Explicit Deceptive,3,15938041,203
684,Explicit Deceptive,3,15938041,204
685,Explicit Deceptive,3,15938041,205
686,Explicit Deceptive,3,15938041,206
687,Explicit Deceptive,3,15938041,207
688,Explicit Deceptive,3,15938041,208
689,Explicit Deceptive,3,15938041,209
690,Explicit Deceptive,3,15938041,210
691,Explicit Deceptive,3,15938041,211
692,Explicit Deceptive,3,15938041,212
693,Explicit Deceptive,3,15938041,213
694,Explicit Deceptive,3,15938041,214
695,Explicit Deceptive,3,15938041,215
696,Explicit Deceptive,3,15938041,216
697,Explicit Deceptive,3,15938041,217
698,Explicit Deceptive,3,15938041,218
699,Explicit Deceptive,3,15938041,219
700,Explicit Deceptive,3,15938041,220
701,Explicit Deceptive,3,15938041,221
702,Explicit Deceptive,3,15938041,222
703,Explicit Deceptive,3,15938041,223
704,Explicit Deceptive,3,15938041,224
705,Explicit Deceptive,3,15938041,225
706,Explicit Deceptive,3,15938041,226
707,Explicit Deceptive,3,15938041,227
708,Explicit Deceptive,3,15938041,228
709,Explicit Deceptive,3,15938041,229
710,Explicit Deceptive,3,15938041,230
711,Explicit Deceptive,3,15938041,231
712,Explicit Deceptive,3,15938041,232
713,Explicit Deceptive,3,15938041,233
714,Explicit Deceptive,3,15938041,234
715,Explicit Deceptive,3,15938041,235
716,Explicit Deceptive,3,15938041,236
717,Explicit Deceptive,3,15938041,237
718,Explicit Deceptive,3,15938041,238
719,Explicit Deceptive,3,15938041,239
720,Explicit Deceptive,3,15938041,240
721,Explicit Deceptive,4,15938046,1
722,Explicit Deceptive,4,15938046,2
723,Explicit Deceptive,4,15938046,3
724,Explicit Deceptive,4,15938046,4
725,Explicit Deceptive,4,15938046,5
726,Explicit Deceptive,4,15938046,6
727,Explicit Deceptive,4,15938046,7
728,Explicit Deceptive,4,15938046,8
729,Explicit Deceptive,4,15938046,9
730,Explicit Deceptive,4,15938046,10
731,Explicit Deceptive,4,15938046,11
732,Explicit Deceptive,4,15938046,12
733,Explicit Deceptive,4,15938046,13
734,Explicit Deceptive,4,15938046,14
735,Explicit Deceptive,4,15938046,15
736,Explicit Deceptive,4,15938046,16
737,Explicit Deceptive,4,15938046,17
738,Explicit Deceptive,4,15938046,18
739,Explicit Deceptive,4,15938046,19
740,Explicit Deceptive,4,15938046,20
741,Explicit Deceptive,4,15938046,21
742,Explicit Deceptive,4,15938046,22
743,Explicit Deceptive,4,15938046,23
744,Explicit Deceptive,4,15938046,24
745,Explicit Deceptive,4,15938046,25
746,Explicit Deceptive,4,15938046,26
747,Explicit Deceptive,4,15938046,27
748,Explicit Deceptive,4,15938046,28
749,Explicit Deceptive,4,15938046,29
750,Explicit Deceptive,4,15938046,30
751,Explicit Deceptive,4,15938046,31
752,Explicit Deceptive,4,15938046,32
753,Explicit Deceptive,4,15938046,33
754,Explicit Deceptive,4,15938046,34
755,Explicit Deceptive,4,15938046,35
756,Explicit Deceptive,4,15938046,36
757,Explicit Deceptive,4,15938046,37
758,Explicit Deceptive,4,15938046,38
759,Explicit Deceptive,4,15938046,39
760,Explicit Deceptive,4,15938046,40
761,Explicit Deceptive,4,15938046,41
762,Explicit Deceptive,4,15938046,42
763,Explicit Deceptive,4,15938046,43
764,Explicit Deceptive,4,15938046,44
765,Explicit Deceptive,4,15938046,45
766,Explicit Deceptive,4,15938046,46
767,Explicit Deceptive,4,15938046,47
768,Explicit Deceptive,4,15938046,48
769,Explicit Deceptive,4,15938046,49
770,Explicit Deceptive,4,15938046,50
771,Explicit Deceptive,4,15938046,51
772,Explicit Deceptive,4,15938046,52
773,Explicit Deceptive,4,15938046,53
774,Explicit Deceptive,4,15938046,54
775,Explicit Deceptive,4,15938046,55
776,Explicit Deceptive,4,15938046,56
777,Explicit Deceptive,4,15938046,57
778,Explicit Deceptive,4,15938046,58
779,Explicit Deceptive,4,15938046,59
780,Explicit Deceptive,4,15938046,60
781,Explicit Deceptive,4,15938046,61
782,Explicit Deceptive,4,15938046,62
783,Explicit Deceptive,4,15938046,63
784,Explicit Deceptive,4,15938046,64
785,Explicit Deceptive,4,15938046,65
786,Explicit Deceptive,4,15938046,66
787,Explicit Deceptive,4,15938046,67
788,Explicit Deceptive,4,15938046,68
789,Explicit Deceptive,4,15938046,69
790,Explicit Deceptive,4,15938046,70
791,Explicit Deceptive,4,15938046,71
792,Explicit Deceptive,4,15938046,72
793,Explicit Deceptive,4,15938046,73
794,Explicit Deceptive,4,15938046,74
795,Explicit Deceptive,4,15938046,75
796,Explicit Deceptive,4,15938046,76
797,Explicit Deceptive,4,15938046,77
798,Explicit Deceptive,4,15938046,78
799,Explicit Deceptive,4,15938046,79
800,Explicit Deceptive,4,15938046,80
801,Explicit Deceptive,4,15938046,81
802,Explicit Deceptive,4,15938046,82
803,Explicit Deceptive,4,15938046,83
804,Explicit Deceptive,4,15938046,84
805,Explicit Deceptive,4,15938046,85
806,Explicit Deceptive,4,15938046,86
807,Explicit Deceptive,4,15938046,87
808,Explicit Deceptive,4,15938046,88
809,Explicit Deceptive,4,15938046,89
810,Explicit Deceptive,4,15938046,90
811,Explicit Deceptive,4,15938046,91
812,Explicit Deceptive,4,15938046,92
813,Explicit Deceptive,4,15938046,93
814,Explicit Deceptive,4,15938046,94
815,Explicit Deceptive,4,15938046,95
816,Explicit Deceptive,4,15938046,96
817,Explicit Deceptive,4,15938046,97
818,Explicit Deceptive,4,15938046,98
819,Explicit Deceptive,4,15938046,99
820,Explicit Deceptive,4,15938046,100
821,Explicit Deceptive,4,15938046,101
822,Explicit Deceptive,4,15938046,102
823,Explicit Deceptive,4,15938046,103
824,Explicit Deceptive,4,15938046,104
825,Explicit Deceptive,4,15938046,105
826,Explicit Deceptive,4,15938046,106
827,Explicit Deceptive,4,15938046,107
828,Explicit Deceptive,4,15938046,108
829,Explicit Deceptive,4,15938046,109
830,Explicit Deceptive,4,15938046,110
831,Explicit Deceptive,4,15938046,111
832,Explicit Deceptive,4,15938046,112
833,Explicit Deceptive,4,15938046,113
834,Explicit Deceptive,4,15938046,114
835,Explicit Deceptive,4,15938046,115
836,Explicit Deceptive,4,15938046,116
837,Explicit Deceptive,4,15938046,117
838,Explicit Deceptive,4,15938046,118
839,Explicit Deceptive,4,15938046,119
840,Explicit Deceptive,4,15938046,120
841,Explicit Deceptive,4,15938046,121
842,Explicit Deceptive,4,15938046,122
843,Explicit Deceptive,4,15938046,123
844,Explicit Deceptive,4,15938046,124
845,Explicit Deceptive,4,15938046,125
846,Explicit Deceptive,4,15938046,126
847,Explicit Deceptive,4,15938046,127
848,Explicit Deceptive,4,15938046,128
849,Explicit Deceptive,4,15938046,129
850,Explicit Deceptive,4,15938046,130
851,Explicit Deceptive,4,15938046,131
852,Explicit Deceptive,4,15938046,132
853,Explicit Deceptive,4,15938046,133
854,Explicit Deceptive,4,15938046,134
855,Explicit Deceptive,4,15938046,135
856,Explicit Deceptive,4,15938046,136
857,Explicit Deceptive,4,15938046,137
858,Explicit Deceptive,4,15938046,138
859,Explicit Deceptive,4,15938046,139
860,Explicit Deceptive,4,15938046,140
861,Explicit Deceptive,4,15938046,141
862,Explicit Deceptive,4,15938046,142
863,Explicit Deceptive,4,15938046,143
864,Explicit Deceptive,4,15938046,144
865,Explicit Deceptive,4,15938046,145
866,Explicit Deceptive,4,15938046,146
867,Explicit Deceptive,4,15938046,147
868,Explicit Deceptive,4,15938046,148
869,Explicit Deceptive,4,15938046,149
870,Explicit Deceptive,4,15938046,150
871,Explicit Deceptive,4,15938046,151
872,Explicit Deceptive,4,15938046,152
873,Explicit Deceptive,4,15938046,153
874,Explicit Deceptive,4,15938046,154
875,Explicit Deceptive,4,15938046,155
876,Explicit Deceptive,4,15938046,156
877,Explicit Deceptive,4,15938046,157
878,Explicit Deceptive,4,15938046,158
879,Explicit Deceptive,4,15938046,159
880,Explicit Deceptive,4,15938046,160
881,Explicit Deceptive,4,15938046,161
882,Explicit Deceptive,4,15938046,162
883,Explicit Deceptive,4,15938046,163
884,Explicit Deceptive,4,15938046,164
885,Explicit Deceptive,4,15938046,165
886,Explicit Deceptive,4,15938046,166
887,Explicit Deceptive,4,15938046,167
888,Explicit Deceptive,4,15938046,168
889,Explicit Deceptive,4,15938046,169
890,Explicit Deceptive,4,15938046,170
891,Explicit Deceptive,4,15938046,171
892,Explicit Deceptive,4,15938046,172
893,Explicit Deceptive,4,15938046,173
894,Explicit Deceptive,4,15938046,174
895,Explicit Deceptive,4,15938046,175
896,Explicit Deceptive,4,15938046,176
897,Explicit Deceptive,4,15938046,177
898,Explicit Deceptive,4,15938046,178
899,Explicit Deceptive,4,15938046,179
900,Explicit Deceptive,4,15938046,180
901,Explicit Deceptive,4,15938046,181
902,Explicit Deceptive,4,15938046,182
903,Explicit Deceptive,4,15938046,183
904,Explicit Deceptive,4,15938046,184
905,Explicit Deceptive,4,15938046,185
906,Explicit Deceptive,4,15938046,186
907,Explicit Deceptive,4,15938046,187
908,Explicit Deceptive,4,15938046,188
909,Explicit Deceptive,4,15938046,189
910,Explicit Deceptive,4,15938046,190
911,Explicit Deceptive,4,15938046,191
912,Explicit Deceptive,4,15938046,192
913,Explicit Deceptive,4,15938046,193
914,Explicit Deceptive,4,15938046,194
915,Explicit Deceptive,4,15938046,195
916,Explicit Deceptive,4,15938046,196
917,Explicit Deceptive,4,15938046,197
918,Explicit Deceptive,4,15938046,198
919,Explicit Deceptive,4,15938046,199
920,Explicit Deceptive,4,15938046,200
921,Explicit Deceptive,4,15938046,201
922,Explicit Deceptive,4,15938046,202
923,Explicit Deceptive,4,15938046,203
924,Explicit Deceptive,4,15938046,204
925,Explicit Deceptive,4,15938046,205
926,Explicit Deceptive,4,15938046,206
927,Explicit Deceptive,4,15938046,207
928,Explicit Deceptive,4,15938046,208
929,Explicit Deceptive,4,15938046,209
930,Explicit Deceptive,4,15938046,210
931,Explicit Deceptive,4,15938046,211
932,Explicit Deceptive,4,15938046,212
933,Explicit Deceptive,4,15938046,213
934,Explicit Deceptive,4,15938046,214
935,Explicit Deceptive,4,15938046,215
936,Explicit Deceptive,4,15938046,216
937,Explicit Deceptive,4,15938046,217
938,Explicit Deceptive,4,15938046,218
939,Explicit Deceptive,4,15938046,219
940,Explicit Deceptive,4,15938046,220
941,Explicit Deceptive,4,15938046,221
942,Explicit Deceptive,4,15938046,222
943,Explicit Deceptive,4,15938046,223
944,Explicit Deceptive,4,15938046,224
945,Explicit Deceptive,4,15938046,225
946,Explicit Deceptive,4,15938046,226
947,Explicit Deceptive,4,15938046,227
948,Explicit Deceptive,4,15938046,228
949,Explicit Deceptive,4,15938046,229
950,Explicit Deceptive,4,15938046,230
951,Explicit Deceptive,4,15938046,231
952,Explicit Deceptive,4,15938046,232
953,Explicit Deceptive,4,15938046,233
954,Explicit Deceptive,4,15938046,234
955,Explicit Deceptive,4,15938046,235
956,Explicit Deceptive,4,15938046,236
957,Explicit Deceptive,4,15938046,237
958,Explicit Deceptive,4,15938046,238
959,Explicit Deceptive,4,15938046,239
960,Explicit Deceptive,4,15938046,240
961,Explicit Deceptive,5,15938084,1
962,Explicit Deceptive,5,15938084,2
963,Explicit Deceptive,5,15938084,3
964,Explicit Deceptive,5,15938084,4
965,Explicit Deceptive,5,15938084,5
966,Explicit Deceptive,5,15938084,6
967,Explicit Deceptive,5,15938084,7
968,Explicit Deceptive,5,15938084,8
969,Explicit Deceptive,5,15938084,9
970,Explicit Deceptive,5,15938084,10
971,Explicit Deceptive,5,15938084,11
972,Explicit Deceptive,5,15938084,12
973,Explicit Deceptive,5,15938084,13
974,Explicit Deceptive,5,15938084,14
975,Explicit Deceptive,5,15938084,15
976,Explicit Deceptive,5,15938084,16
977,Explicit Deceptive,5,15938084,17
978,Explicit Deceptive,5,15938084,18
979,Explicit Deceptive,5,15938084,19
980,Explicit Deceptive,5,15938084,20
981,Explicit Deceptive,5,15938084,21
982,Explicit Deceptive,5,15938084,22
983,Explicit Deceptive,5,15938084,23
984,Explicit Deceptive,5,15938084,24
985,Explicit Deceptive,5,15938084,25
986,Explicit Deceptive,5,15938084,26
987,Explicit Deceptive,5,15938084,27
988,Explicit Deceptive,5,15938084,28
989,Explicit Deceptive,5,15938084,29
990,Explicit Deceptive,5,15938084,30
991,Explicit Deceptive,5,15938084,31
992,Explicit Deceptive,5,15938084,32
993,Explicit Deceptive,5,15938084,33
994,Explicit Deceptive,5,15938084,34
995,Explicit Deceptive,5,15938084,35
996,Explicit Deceptive,5,15938084,36
997,Explicit Deceptive,5,15938084,37
998,Explicit Deceptive,5,15938084,38
999,Explicit Deceptive,5,15938084,39
1000,Explicit Deceptive,5,15938084,40
1001,Explicit Deceptive,5,15938084,41
1002,Explicit Deceptive,5,15938084,42
1003,Explicit Deceptive,5,15938084,43
1004,Explicit Deceptive,5,15938084,44
1005,Explicit Deceptive,5,15938084,45
1006,Explicit Deceptive,5,15938084,46
1007,Explicit Deceptive,5,15938084,47
1008,Explicit Deceptive,5,15938084,48
1009,Explicit Deceptive,5,15938084,49
1010,Explicit Deceptive,5,15938084,50
1011,Explicit Deceptive,5,15938084,51
1012,Explicit Deceptive,5,15938084,52
1013,Explicit Deceptive,5,15938084,53
1014,Explicit Deceptive,5,15938084,54
1015,Explicit Deceptive,5,15938084,55
1016,Explicit Deceptive,5,15938084,56
1017,Explicit Deceptive,5,15938084,57
1018,Explicit Deceptive,5,15938084,58
1019,Explicit Deceptive,5,15938084,59
1020,Explicit Deceptive,5,15938084,60
1021,Explicit Deceptive,5,15938084,61
1022,Explicit Deceptive,5,15938084,62
1023,Explicit Deceptive,5,15938084,63
1024,Explicit Deceptive,5,15938084,64
1025,Explicit Deceptive,5,15938084,65
1026,Explicit Deceptive,5,15938084,66
1027,Explicit Deceptive,5,15938084,67
1028,Explicit Deceptive,5,15938084,68
1029,Explicit Deceptive,5,15938084,69
1030,Explicit Deceptive,5,15938084,70
1031,Explicit Deceptive,5,15938084,71
1032,Explicit Deceptive,5,15938084,72
1033,Explicit Deceptive,5,15938084,73
1034,Explicit Deceptive,5,15938084,74
1035,Explicit Deceptive,5,15938084,75
1036,Explicit Deceptive,5,15938084,76
1037,Explicit Deceptive,5,15938084,77
1038,Explicit Deceptive,5,15938084,78
1039,Explicit Deceptive,5,15938084,79
1040,Explicit Deceptive,5,15938084,80
1041,Explicit Deceptive,5,15938084,81
1042,Explicit Deceptive,5,15938084,82
1043,Explicit Deceptive,5,15938084,83
1044,Explicit Deceptive,5,15938084,84
1045,Explicit Deceptive,5,15938084,85
1046,Explicit Deceptive,5,15938084,86
1047,Explicit Deceptive,5,15938084,87
1048,Explicit Deceptive,5,15938084,88
1049,Explicit Deceptive,5,15938084,89
1050,Explicit Deceptive,5,15938084,90
1051,Explicit Deceptive,5,15938084,91
1052,Explicit Deceptive,5,15938084,92
1053,Explicit Deceptive,5,15938084,93
1054,Explicit Deceptive,5,15938084,94
1055,Explicit Deceptive,5,15938084,95
1056,Explicit Deceptive,5,15938084,96
1057,Explicit Deceptive,5,15938084,97
1058,Explicit Deceptive,5,15938084,98
1059,Explicit Deceptive,5,15938084,99
1060,Explicit Deceptive,5,15938084,100
1061,Explicit Deceptive,5,15938084,101
1062,Explicit Deceptive,5,15938084,102
1063,Explicit Deceptive,5,15938084,103
1064,Explicit Deceptive,5,15938084,104
1065,Explicit Deceptive,5,15938084,105
1066,Explicit Deceptive,5,15938084,106
1067,Explicit Deceptive,5,15938084,107
1068,Explicit Deceptive,5,15938084,108
1069,Explicit Deceptive,5,15938084,109
1070,Explicit Deceptive,5,15938084,110
1071,Explicit Deceptive,5,15938084,111
1072,Explicit Deceptive,5,15938084,112
1073,Explicit Deceptive,5,15938084,113
1074,Explicit Deceptive,5,15938084,114
1075,Explicit Deceptive,5,15938084,115
1076,Explicit Deceptive,5,15938084,116
1077,Explicit Deceptive,5,15938084,117
1078,Explicit Deceptive,5,15938084,118
1079,Explicit Deceptive,5,15938084,119
1080,Explicit Deceptive,5,15938084,120
1081,Explicit Deceptive,5,15938084,121
1082,Explicit Deceptive,5,15938084,122
1083,Explicit Deceptive,5,15938084,123
1084,Explicit Deceptive,5,15938084,124
1085,Explicit Deceptive,5,15938084,125
1086,Explicit Deceptive,5,15938084,126
1087,Explicit Deceptive,5,15938084,127
1088,Explicit Deceptive,5,15938084,128
1089,Explicit Deceptive,5,15938084,129
1090,Explicit Deceptive,5,15938084,130
1091,Explicit Deceptive,5,15938084,131
1092,Explicit Deceptive,5,15938084,132
1093,Explicit Deceptive,5,15938084,133
1094,Explicit Deceptive,5,15938084,134
1095,Explicit Deceptive,5,15938084,135
1096,Explicit Deceptive,5,15938084,136
1097,Explicit Deceptive,5,15938084,137
1098,Explicit Deceptive,5,15938084,138
1099,Explicit Deceptive,5,15938084,139
1100,Explicit Deceptive,5,15938084,140
1101,Explicit Deceptive,5,15938084,141
1102,Explicit Deceptive,5,15938084,142
1103,Explicit Deceptive,5,15938084,143
1104,Explicit Deceptive,5,15938084,144
1105,Explicit Deceptive,5,15938084,145
1106,Explicit Deceptive,5,15938084,146
1107,Explicit Deceptive,5,15938084,147
1108,Explicit Deceptive,5,15938084,148
1109,Explicit Deceptive,5,15938084,149
1110,Explicit Deceptive,5,15938084,150
1111,Explicit Deceptive,5,15938084,151
1112,Explicit Deceptive,5,15938084,152
1113,Explicit Deceptive,5,15938084,153
1114,Explicit Deceptive,5,15938084,154
1115,Explicit Deceptive,5,15938084,155
1116,Explicit Deceptive,5,15938084,156
1117,Explicit Deceptive,5,15938084,157
1118,Explicit Deceptive,5,15938084,158
1119,Explicit Deceptive,5,15938084,159
1120,Explicit Deceptive,5,15938084,160
1121,Explicit Deceptive,5,15938084,161
1122,Explicit Deceptive,5,15938084,162
1123,Explicit Deceptive,5,15938084,163
1124,Explicit Deceptive,5,15938084,164
1125,Explicit Deceptive,5,15938084,165
1126,Explicit Deceptive,5,15938084,166
1127,Explicit Deceptive,5,15938084,167
1128,Explicit Deceptive,5,15938084,168
1129,Explicit Deceptive,5,15938084,169
1130,Explicit Deceptive,5,15938084,170
1131,Explicit Deceptive,5,15938084,171
1132,Explicit Deceptive,5,15938084,172
1133,Explicit Deceptive,5,15938084,173
1134,Explicit Deceptive,5,15938084,174
1135,Explicit Deceptive,5,15938084,175
1136,Explicit Deceptive,5,15938084,176
1137,Explicit Deceptive,5,15938084,177
1138,Explicit Deceptive,5,15938084,178
1139,Explicit Deceptive,5,15938084,179
1140,Explicit Deceptive,5,15938084,180
1141,Explicit Deceptive,5,15938084,181
1142,Explicit Deceptive,5,15938084,182
1143,Explicit Deceptive,5,15938084,183
1144,Explicit Deceptive,5,15938084,184
1145,Explicit Deceptive,5,15938084,185
1146,Explicit Deceptive,5,15938084,186
1147,Explicit Deceptive,5,15938084,187
1148,Explicit Deceptive,5,15938084,188
1149,Explicit Deceptive,5,15938084,189
1150,Explicit Deceptive,5,15938084,190
1151,Explicit Deceptive,5,15938084,191
1152,Explicit Deceptive,5,15938084,192
1153,Explicit Deceptive,5,15938084,193
1154,Explicit Deceptive,5,15938084,194
1155,Explicit Deceptive,5,15938084,195
1156,Explicit Deceptive,5,15938084,196
1157,Explicit Deceptive,5,15938084,197
1158,Explicit Deceptive,5,15938084,198
1159,Explicit Deceptive,5,15938084,199
1160,Explicit Deceptive,5,15938084,200
1161,Explicit Deceptive,5,15938084,201
1162,Explicit Deceptive,5,15938084,202
1163,Explicit Deceptive,5,15938084,203
1164,Explicit Deceptive,5,15938084,204
1165,Explicit Deceptive,5,15938084,205
1166,Explicit Deceptive,5,15938084,206
1167,Explicit Deceptive,5,15938084,207
1168,Explicit Deceptive,5,15938084,208
1169,Explicit Deceptive,5,15938084,209
1170,Explicit Deceptive,5,15938084,210
1171,Explicit Deceptive,5,15938084,211
1172,Explicit Deceptive,5,15938084,212
1173,Explicit Deceptive,5,15938084,213
1174,Explicit Deceptive,5,15938084,214
1175,Explicit Deceptive,5,15938084,215
1176,Explicit Deceptive,5,15938084,216
1177,Explicit Deceptive,5,15938084,217
1178,Explicit Deceptive,5,15938084,218
1179,Explicit Deceptive,5,15938084,219
1180,Explicit Deceptive,5,15938084,220
1181,Explicit Deceptive,5,15938084,221
1182,Explicit Deceptive,5,15938084,222
1183,Explicit Deceptive,5,15938084,223
1184,Explicit Deceptive,5,15938084,224
1185,Explicit Deceptive,5,15938084,225
1186,Explicit Deceptive,5,15938084,226
1187,Explicit Deceptive,5,15938084,227
1188,Explicit Deceptive,5,15938084,228
1189,Explicit Deceptive,5,15938084,229
1190,Explicit Deceptive,5,15938084,230
1191,Explicit Deceptive,5,15938084,231
1192,Explicit Deceptive,5,15938084,232
1193,Explicit Deceptive,5,15938084,233
1194,Explicit Deceptive,5,15938084,234
1195,Explicit Deceptive,5,15938084,235
1196,Explicit Deceptive,5,15938084,236
1197,Explicit Deceptive,5,15938084,237
1198,Explicit Deceptive,5,15938084,238
1199,Explicit Deceptive,5,15938084,239
1200,Explicit Deceptive,5,15938084,240
1201,Explicit Deceptive,6,16001800,1
1202,Explicit Deceptive,6,16001800,2
1203,Explicit Deceptive,6,16001800,3
1204,Explicit Deceptive,6,16001800,4
1205,Explicit Deceptive,6,16001800,5
1206,Explicit Deceptive,6,16001800,6
1207,Explicit Deceptive,6,16001800,7
1208,Explicit Deceptive,6,16001800,8
1209,Explicit Deceptive,6,16001800,9
1210,Explicit Deceptive,6,16001800,10
1211,Explicit Deceptive,6,16001800,11
1212,Explicit Deceptive,6,16001800,12
1213,Explicit Deceptive,6,16001800,13
1214,Explicit Deceptive,6,16001800,14
1215,Explicit Deceptive,6,16001800,15
1216,Explicit Deceptive,6,16001800,16
1217,Explicit Deceptive,6,16001800,17
1218,Explicit Deceptive,6,16001800,18
1219,Explicit Deceptive,6,16001800,19
1220,Explicit Deceptive,6,16001800,20
1221,Explicit Deceptive,6,16001800,21
1222,Explicit Deceptive,6,16001800,22
1223,Explicit Deceptive,6,16001800,23
1224,Explicit Deceptive,6,16001800,24
1225,Explicit Deceptive,6,16001800,25
1226,Explicit Deceptive,6,16001800,26
1227,Explicit Deceptive,6,16001800,27
1228,Explicit Deceptive,6,16001800,28
1229,Explicit Deceptive,6,16001800,29
1230,Explicit Deceptive,6,16001800,30
1231,Explicit Deceptive,6,16001800,31
1232,Explicit Deceptive,6,16001800,32
1233,Explicit Deceptive,6,16001800,33
1234,Explicit Deceptive,6,16001800,34
1235,Explicit Deceptive,6,16001800,35
1236,Explicit Deceptive,6,16001800,36
1237,Explicit Deceptive,6,16001800,37
1238,Explicit Deceptive,6,16001800,38
1239,Explicit Deceptive,6,16001800,39
1240,Explicit Deceptive,6,16001800,40
1241,Explicit Deceptive,6,16001800,41
1242,Explicit Deceptive,6,16001800,42
1243,Explicit Deceptive,6,16001800,43
1244,Explicit Deceptive,6,16001800,44
1245,Explicit Deceptive,6,16001800,45
1246,Explicit Deceptive,6,16001800,46
1247,Explicit Deceptive,6,16001800,47
1248,Explicit Deceptive,6,16001800,48
1249,Explicit Deceptive,6,16001800,49
1250,Explicit Deceptive,6,16001800,50
1251,Explicit Deceptive,6,16001800,51
1252,Explicit Deceptive,6,16001800,52
1253,Explicit Deceptive,6,16001800,53
1254,Explicit Deceptive,6,16001800,54
1255,Explicit Deceptive,6,16001800,55
1256,Explicit Deceptive,6,16001800,56
1257,Explicit Deceptive,6,16001800,57
1258,Explicit Deceptive,6,16001800,58
1259,Explicit Deceptive,6,16001800,59
1260,Explicit Deceptive,6,16001800,60
1261,Explicit Deceptive,6,16001800,61
1262,Explicit Deceptive,6,16001800,62
1263,Explicit Deceptive,6,16001800,63
1264,Explicit Deceptive,6,16001800,64
1265,Explicit Deceptive,6,16001800,65
1266,Explicit Deceptive,6,16001800,66
1267,Explicit Deceptive,6,16001800,67
1268,Explicit Deceptive,6,16001800,68
1269,Explicit Deceptive,6,16001800,69
1270,Explicit Deceptive,6,16001800,70
1271,Explicit Deceptive,6,16001800,71
1272,Explicit Deceptive,6,16001800,72
1273,Explicit Deceptive,6,16001800,73
1274,Explicit Deceptive,6,16001800,74
1275,Explicit Deceptive,6,16001800,75
1276,Explicit Deceptive,6,16001800,76
1277,Explicit Deceptive,6,16001800,77
1278,Explicit Deceptive,6,16001800,78
1279,Explicit Deceptive,6,16001800,79
1280,Explicit Deceptive,6,16001800,80
1281,Explicit Deceptive,6,16001800,81
1282,Explicit Deceptive,6,16001800,82
1283,Explicit Deceptive,6,16001800,83
1284,Explicit Deceptive,6,16001800,84
1285,Explicit Deceptive,6,16001800,85
1286,Explicit Deceptive,6,16001800,86
1287,Explicit Deceptive,6,16001800,87
1288,Explicit Deceptive,6,16001800,88
1289,Explicit Deceptive,6,16001800,89
1290,Explicit Deceptive,6,16001800,90
1291,Explicit Deceptive,6,16001800,91
1292,Explicit Deceptive,6,16001800,92
1293,Explicit Deceptive,6,16001800,93
1294,Explicit Deceptive,6,16001800,94
1295,Explicit Deceptive,6,16001800,95
1296,Explicit Deceptive,6,16001800,96
1297,Explicit Deceptive,6,16001800,97
1298,Explicit Deceptive,6,16001800,98
1299,Explicit Deceptive,6,16001800,99
1300,Explicit Deceptive,6,16001800,100
1301,Explicit Deceptive,6,16001800,101
1302,Explicit Deceptive,6,16001800,102
1303,Explicit Deceptive,6,16001800,103
1304,Explicit Deceptive,6,16001800,104
1305,Explicit Deceptive,6,16001800,105
1306,Explicit Deceptive,6,16001800,106
1307,Explicit Deceptive,6,16001800,107
1308,Explicit Deceptive,6,16001800,108
1309,Explicit Deceptive,6,16001800,109
1310,Explicit Deceptive,6,16001800,110
1311,Explicit Deceptive,6,16001800,111
1312,Explicit Deceptive,6,16001800,112
1313,Explicit Deceptive,6,16001800,113
1314,Explicit Deceptive,6,16001800,114
1315,Explicit Deceptive,6,16001800,115
1316,Explicit Deceptive,6,16001800,116
1317,Explicit Deceptive,6,16001800,117
1318,Explicit Deceptive,6,16001800,118
1319,Explicit Deceptive,6,16001800,119
1320,Explicit Deceptive,6,16001800,120
1321,Explicit Deceptive,6,16001800,121
1322,Explicit Deceptive,6,16001800,122
1323,Explicit Deceptive,6,16001800,123
1324,Explicit Deceptive,6,16001800,124
1325,Explicit Deceptive,6,16001800,125
1326,Explicit Deceptive,6,16001800,126
1327,Explicit Deceptive,6,16001800,127
1328,Explicit Deceptive,6,16001800,128
1329,Explicit Deceptive,6,16001800,129
1330,Explicit Deceptive,6,16001800,130
1331,Explicit Deceptive,6,16001800,131
1332,Explicit Deceptive,6,16001800,132
1333,Explicit Deceptive,6,16001800,133
1334,Explicit Deceptive,6,16001800,134
1335,Explicit Deceptive,6,16001800,135
1336,Explicit Deceptive,6,16001800,136
1337,Explicit Deceptive,6,16001800,137
1338,Explicit Deceptive,6,16001800,138
1339,Explicit Deceptive,6,16001800,139
1340,Explicit Deceptive,6,16001800,140
1341,Explicit Deceptive,6,16001800,141
1342,Explicit Deceptive,6,16001800,142
1343,Explicit Deceptive,6,16001800,143
1344,Explicit Deceptive,6,16001800,144
1345,Explicit Deceptive,6,16001800,145
1346,Explicit Deceptive,6,16001800,146
1347,Explicit Deceptive,6,16001800,147
1348,Explicit Deceptive,6,16001800,148
1349,Explicit Deceptive,6,16001800,149
1350,Explicit Deceptive,6,16001800,150
1351,Explicit Deceptive,6,16001800,151
1352,Explicit Deceptive,6,16001800,152
1353,Explicit Deceptive,6,16001800,153
1354,Explicit Deceptive,6,16001800,154
1355,Explicit Deceptive,6,16001800,155
1356,Explicit Deceptive,6,16001800,156
1357,Explicit Deceptive,6,16001800,157
1358,Explicit Deceptive,6,16001800,158
1359,Explicit Deceptive,6,16001800,159
1360,Explicit Deceptive,6,16001800,160
1361,Explicit Deceptive,6,16001800,161
1362,Explicit Deceptive,6,16001800,162
1363,Explicit Deceptive,6,16001800,163
1364,Explicit Deceptive,6,16001800,164
1365,Explicit Deceptive,6,16001800,165
1366,Explicit Deceptive,6,16001800,166
1367,Explicit Deceptive,6,16001800,167
1368,Explicit Deceptive,6,16001800,168
1369,Explicit Deceptive,6,16001800,169
1370,Explicit Deceptive,6,16001800,170
1371,Explicit Deceptive,6,16001800,171
1372,Explicit Deceptive,6,16001800,172
1373,Explicit Deceptive,6,16001800,173
1374,Explicit Deceptive,6,16001800,174
1375,Explicit Deceptive,6,16001800,175
1376,Explicit Deceptive,6,16001800,176
1377,Explicit Deceptive,6,16001800,177
1378,Explicit Deceptive,6,16001800,178
1379,Explicit Deceptive,6,16001800,179
1380,Explicit Deceptive,6,16001800,180
1381,Explicit Deceptive,6,16001800,181
1382,Explicit Deceptive,6,16001800,182
1383,Explicit Deceptive,6,16001800,183
1384,Explicit Deceptive,6,16001800,184
1385,Explicit Deceptive,6,16001800,185
1386,Explicit Deceptive,6,16001800,186
1387,Explicit Deceptive,6,16001800,187
1388,Explicit Deceptive,6,16001800,188
1389,Explicit Deceptive,6,16001800,189
1390,Explicit Deceptive,6,16001800,190
1391,Explicit Deceptive,6,16001800,191
1392,Explicit Deceptive,6,16001800,192
1393,Explicit Deceptive,6,16001800,193
1394,Explicit Deceptive,6,16001800,194
1395,Explicit Deceptive,6,16001800,195
1396,Explicit Deceptive,6,16001800,196
1397,Explicit Deceptive,6,16001800,197
1398,Explicit Deceptive,6,16001800,198
1399,Explicit Deceptive,6,16001800,199
1400,Explicit Deceptive,6,16001800,200
1401,Explicit Deceptive,6,16001800,201
1402,Explicit Deceptive,6,16001800,202
1403,Explicit Deceptive,6,16001800,203
1404,Explicit Deceptive,6,16001800,204
1405,Explicit Deceptive,6,16001800,205
1406,Explicit Deceptive,6,16001800,206
1407,Explicit Deceptive,6,16001800,207
1408,Explicit Deceptive,6,16001800,208
1409,Explicit Deceptive,6,16001800,209
1410,Explicit Deceptive,6,16001800,210
1411,Explicit Deceptive,6,16001800,211
1412,Explicit Deceptive,6,16001800,212
1413,Explicit Deceptive,6,16001800,213
1414,Explicit Deceptive,6,16001800,214
1415,Explicit Deceptive,6,16001800,215
1416,Explicit Deceptive,6,16001800,216
1417,Explicit Deceptive,6,16001800,217
1418,Explicit Deceptive,6,16001800,218
1419,Explicit Deceptive,6,16001800,219
1420,Explicit Deceptive,6,16001800,220
1421,Explicit Deceptive,6,16001800,221
1422,Explicit Deceptive,6,16001800,222
1423,Explicit Deceptive,6,16001800,223
1424,Explicit Deceptive,6,16001800,224
1425,Explicit Deceptive,6,16001800,225
1426,Explicit Deceptive,6,16001800,226
1427,Explicit Deceptive,6,16001800,227
1428,Explicit Deceptive,6,16001800,228
1429,Explicit Deceptive,6,16001800,229
1430,Explicit Deceptive,6,16001800,230
1431,Explicit Deceptive,6,16001800,231
1432,Explicit Deceptive,6,16001800,232
1433,Explicit Deceptive,6,16001800,233
1434,Explicit Deceptive,6,16001800,234
1435,Explicit Deceptive,6,16001800,235
1436,Explicit Deceptive,6,16001800,236
1437,Explicit Deceptive,6,16001800,237
1438,Explicit Deceptive,6,16001800,238
1439,Explicit Deceptive,6,16001800,239
1440,Explicit Deceptive,6,16001800,240
1441,Explicit Deceptive,7,16001805,1
1442,Explicit Deceptive,7,16001805,2
1443,Explicit Deceptive,7,16001805,3
1444,Explicit Deceptive,7,16001805,4
1445,Explicit Deceptive,7,16001805,5
1446,Explicit Deceptive,7,16001805,6
1447,Explicit Deceptive,7,16001805,7
1448,Explicit Deceptive,7,16001805,8
1449,Explicit Deceptive,7,16001805,9
1450,Explicit Deceptive,7,16001805,10
1451,Explicit Deceptive,7,16001805,11
1452,Explicit Deceptive,7,16001805,12
1453,Explicit Deceptive,7,16001805,13
1454,Explicit Deceptive,7,16001805,14
1455,Explicit Deceptive,7,16001805,15
1456,Explicit Deceptive,7,16001805,16
1457,Explicit Deceptive,7,16001805,17
1458,Explicit Deceptive,7,16001805,18
1459,Explicit Deceptive,7,16001805,19
1460,Explicit Deceptive,7,16001805,20
1461,Explicit Deceptive,7,16001805,21
1462,Explicit Deceptive,7,16001805,22
1463,Explicit Deceptive,7,16001805,23
1464,Explicit Deceptive,7,16001805,24
1465,Explicit Deceptive,7,16001805,25
1466,Explicit Deceptive,7,16001805,26
1467,Explicit Deceptive,7,16001805,27
1468,Explicit Deceptive,7,16001805,28
1469,Explicit Deceptive,7,16001805,29
1470,Explicit Deceptive,7,16001805,30
1471,Explicit Deceptive,7,16001805,31
1472,Explicit Deceptive,7,16001805,32
1473,Explicit Deceptive,7,16001805,33
1474,Explicit Deceptive,7,16001805,34
1475,Explicit Deceptive,7,16001805,35
1476,Explicit Deceptive,7,16001805,36
1477,Explicit Deceptive,7,16001805,37
1478,Explicit Deceptive,7,16001805,38
1479,Explicit Deceptive,7,16001805,39
1480,Explicit Deceptive,7,16001805,40
1481,Explicit Deceptive,7,16001805,41
1482,Explicit Deceptive,7,16001805,42
1483,Explicit Deceptive,7,16001805,43
1484,Explicit Deceptive,7,16001805,44
1485,Explicit Deceptive,7,16001805,45
1486,Explicit Deceptive,7,16001805,46
1487,Explicit Deceptive,7,16001805,47
1488,Explicit Deceptive,7,16001805,48
1489,Explicit Deceptive,7,16001805,49
1490,Explicit Deceptive,7,16001805,50
1491,Explicit Deceptive,7,16001805,51
1492,Explicit Deceptive,7,16001805,52
1493,Explicit Deceptive,7,16001805,53
1494,Explicit Deceptive,7,16001805,54
1495,Explicit Deceptive,7,16001805,55
1496,Explicit Deceptive,7,16001805,56
1497,Explicit Deceptive,7,16001805,57
1498,Explicit Deceptive,7,16001805,58
1499,Explicit Deceptive,7,16001805,59
1500,Explicit Deceptive,7,16001805,60
1501,Explicit Deceptive,7,16001805,61
1502,Explicit Deceptive,7,16001805,62
1503,Explicit Deceptive,7,16001805,63
1504,Explicit Deceptive,7,16001805,64
1505,Explicit Deceptive,7,16001805,65
1506,Explicit Deceptive,7,16001805,66
1507,Explicit Deceptive,7,16001805,67
1508,Explicit Deceptive,7,16001805,68
1509,Explicit Deceptive,7,16001805,69
1510,Explicit Deceptive,7,16001805,70
1511,Explicit Deceptive,7,16001805,71
1512,Explicit Deceptive,7,16001805,72
1513,Explicit Deceptive,7,16001805,73
1514,Explicit Deceptive,7,16001805,74
1515,Explicit Deceptive,7,16001805,75
1516,Explicit Deceptive,7,16001805,76
1517,Explicit Deceptive,7,16001805,77
1518,Explicit Deceptive,7,16001805,78
1519,Explicit Deceptive,7,16001805,79
1520,Explicit Deceptive,7,16001805,80
1521,Explicit Deceptive,7,16001805,81
1522,Explicit Deceptive,7,16001805,82
1523,Explicit Deceptive,7,16001805,83
1524,Explicit Deceptive,7,16001805,84
1525,Explicit Deceptive,7,16001805,85
1526,Explicit Deceptive,7,16001805,86
1527,Explicit Deceptive,7,16001805,87
1528,Explicit Deceptive,7,16001805,88
1529,Explicit Deceptive,7,16001805,89
1530,Explicit Deceptive,7,16001805,90
1531,Explicit Deceptive,7,16001805,91
1532,Explicit Deceptive,7,16001805,92
1533,Explicit Deceptive,7,16001805,93
1534,Explicit Deceptive,7,16001805,94
1535,Explicit Deceptive,7,16001805,95
1536,Explicit Deceptive,7,16001805,96
1537,Explicit Deceptive,7,16001805,97
1538,Explicit Deceptive,7,16001805,98
1539,Explicit Deceptive,7,16001805,99
1540,Explicit Deceptive,7,16001805,100
1541,Explicit Deceptive,7,16001805,101
1542,Explicit Deceptive,7,16001805,102
1543,Explicit Deceptive,7,16001805,103
1544,Explicit Deceptive,7,16001805,104
1545,Explicit Deceptive,7,16001805,105
1546,Explicit Deceptive,7,16001805,106
1547,Explicit Deceptive,7,16001805,107
1548,Explicit Deceptive,7,16001805,108
1549,Explicit Deceptive,7,16001805,109
1550,Explicit Deceptive,7,16001805,110
1551,Explicit Deceptive,7,16001805,111
1552,Explicit Deceptive,7,16001805,112
1553,Explicit Deceptive,7,16001805,113
1554,Explicit Deceptive,7,16001805,114
1555,Explicit Deceptive,7,16001805,115
1556,Explicit Deceptive,7,16001805,116
1557,Explicit Deceptive,7,16001805,117
1558,Explicit Deceptive,7,16001805,118
1559,Explicit Deceptive,7,16001805,119
1560,Explicit Deceptive,7,16001805,120
1561,Explicit Deceptive,7,16001805,121
1562,Explicit Deceptive,7,16001805,122
1563,Explicit Deceptive,7,16001805,123
1564,Explicit Deceptive,7,16001805,124
1565,Explicit Deceptive,7,16001805,125
1566,Explicit Deceptive,7,16001805,126
1567,Explicit Deceptive,7,16001805,127
1568,Explicit Deceptive,7,16001805,128
1569,Explicit Deceptive,7,16001805,129
1570,Explicit Deceptive,7,16001805,130
1571,Explicit Deceptive,7,16001805,131
1572,Explicit Deceptive,7,16001805,132
1573,Explicit Deceptive,7,16001805,133
1574,Explicit Deceptive,7,16001805,134
1575,Explicit Deceptive,7,16001805,135
1576,Explicit Deceptive,7,16001805,136
1577,Explicit Deceptive,7,16001805,137
1578,Explicit Deceptive,7,16001805,138
1579,Explicit Deceptive,7,16001805,139
1580,Explicit Deceptive,7,16001805,140
1581,Explicit Deceptive,7,16001805,141
1582,Explicit Deceptive,7,16001805,142
1583,Explicit Deceptive,7,16001805,143
1584,Explicit Deceptive,7,16001805,144
1585,Explicit Deceptive,7,16001805,145
1586,Explicit Deceptive,7,16001805,146
1587,Explicit Deceptive,7,16001805,147
1588,Explicit Deceptive,7,16001805,148
1589,Explicit Deceptive,7,16001805,149
1590,Explicit Deceptive,7,16001805,150
1591,Explicit Deceptive,7,16001805,151
1592,Explicit Deceptive,7,16001805,152
1593,Explicit Deceptive,7,16001805,153
1594,Explicit Deceptive,7,16001805,154
1595,Explicit Deceptive,7,16001805,155
1596,Explicit Deceptive,7,16001805,156
1597,Explicit Deceptive,7,16001805,157
1598,Explicit Deceptive,7,16001805,158
1599,Explicit Deceptive,7,16001805,159
1600,Explicit Deceptive,7,16001805,160
1601,Explicit Deceptive,7,16001805,161
1602,Explicit Deceptive,7,16001805,162
1603,Explicit Deceptive,7,16001805,163
1604,Explicit Deceptive,7,16001805,164
1605,Explicit Deceptive,7,16001805,165
1606,Explicit Deceptive,7,16001805,166
1607,Explicit Deceptive,7,16001805,167
1608,Explicit Deceptive,7,16001805,168
1609,Explicit Deceptive,7,16001805,169
1610,Explicit Deceptive,7,16001805,170
1611,Explicit Deceptive,7,16001805,171
1612,Explicit Deceptive,7,16001805,172
1613,Explicit Deceptive,7,16001805,173
1614,Explicit Deceptive,7,16001805,174
1615,Explicit Deceptive,7,16001805,175
1616,Explicit Deceptive,7,16001805,176
1617,Explicit Deceptive,7,16001805,177
1618,Explicit Deceptive,7,16001805,178
1619,Explicit Deceptive,7,16001805,179
1620,Explicit Deceptive,7,16001805,180
1621,Explicit Deceptive,7,16001805,181
1622,Explicit Deceptive,7,16001805,182
1623,Explicit Deceptive,7,16001805,183
1624,Explicit Deceptive,7,16001805,184
1625,Explicit Deceptive,7,16001805,185
1626,Explicit Deceptive,7,16001805,186
1627,Explicit Deceptive,7,16001805,187
1628,Explicit Deceptive,7,16001805,188
1629,Explicit Deceptive,7,16001805,189
1630,Explicit Deceptive,7,16001805,190
1631,Explicit Deceptive,7,16001805,191
1632,Explicit Deceptive,7,16001805,192
1633,Explicit Deceptive,7,16001805,193
1634,Explicit Deceptive,7,16001805,194
1635,Explicit Deceptive,7,16001805,195
1636,Explicit Deceptive,7,16001805,196
1637,Explicit Deceptive,7,16001805,197
1638,Explicit Deceptive,7,16001805,198
1639,Explicit Deceptive,7,16001805,199
1640,Explicit Deceptive,7,16001805,200
1641,Explicit Deceptive,7,16001805,201
1642,Explicit Deceptive,7,16001805,202
1643,Explicit Deceptive,7,16001805,203
1644,Explicit Deceptive,7,16001805,204
1645,Explicit Deceptive,7,16001805,205
1646,Explicit Deceptive,7,16001805,206
1647,Explicit Deceptive,7,16001805,207
1648,Explicit Deceptive,7,16001805,208
1649,Explicit Deceptive,7,16001805,209
1650,Explicit Deceptive,7,16001805,210
1651,Explicit Deceptive,7,16001805,211
1652,Explicit Deceptive,7,16001805,212
1653,Explicit Deceptive,7,16001805,213
1654,Explicit Deceptive,7,16001805,214
1655,Explicit Deceptive,7,16001805,215
1656,Explicit Deceptive,7,16001805,216
1657,Explicit Deceptive,7,16001805,217
1658,Explicit Deceptive,7,16001805,218
1659,Explicit Deceptive,7,16001805,219
1660,Explicit Deceptive,7,16001805,220
1661,Explicit Deceptive,7,16001805,221
1662,Explicit Deceptive,7,16001805,222
1663,Explicit Deceptive,7,16001805,223
1664,Explicit Deceptive,7,16001805,224
1665,Explicit Deceptive,7,16001805,225
1666,Explicit Deceptive,7,16001805,226
1667,Explicit Deceptive,7,16001805,227
1668,Explicit Deceptive,7,16001805,228
1669,Explicit Deceptive,7,16001805,229
1670,Explicit Deceptive,7,16001805,230
1671,Explicit Deceptive,7,16001805,231
1672,Explicit Deceptive,7,16001805,232
1673,Explicit Deceptive,7,16001805,233
1674,Explicit Deceptive,7,16001805,234
1675,Explicit Deceptive,7,16001805,235
1676,Explicit Deceptive,7,16001805,236
1677,Explicit Deceptive,7,16001805,237
1678,Explicit Deceptive,7,16001805,238
1679,Explicit Deceptive,7,16001805,239
1680,Explicit Deceptive,7,16001805,240
1681,Explicit Deceptive,8,16001814,1
1682,Explicit Deceptive,8,16001814,2
1683,Explicit Deceptive,8,16001814,3
1684,Explicit Deceptive,8,16001814,4
1685,Explicit Deceptive,8,16001814,5
1686,Explicit Deceptive,8,16001814,6
1687,Explicit Deceptive,8,16001814,7
1688,Explicit Deceptive,8,16001814,8
1689,Explicit Deceptive,8,16001814,9
1690,Explicit Deceptive,8,16001814,10
1691,Explicit Deceptive,8,16001814,11
1692,Explicit Deceptive,8,16001814,12
1693,Explicit Deceptive,8,16001814,13
1694,Explicit Deceptive,8,16001814,14
1695,Explicit Deceptive,8,16001814,15
1696,Explicit Deceptive,8,16001814,16
1697,Explicit Deceptive,8,16001814,17
1698,Explicit Deceptive,8,16001814,18
1699,Explicit Deceptive,8,16001814,19
1700,Explicit Deceptive,8,16001814,20
1701,Explicit Deceptive,8,16001814,21
1702,Explicit Deceptive,8,16001814,22
1703,Explicit Deceptive,8,16001814,23
1704,Explicit Deceptive,8,16001814,24
1705,Explicit Deceptive,8,16001814,25
1706,Explicit Deceptive,8,16001814,26
1707,Explicit Deceptive,8,16001814,27
1708,Explicit Deceptive,8,16001814,28
1709,Explicit Deceptive,8,16001814,29
1710,Explicit Deceptive,8,16001814,30
1711,Explicit Deceptive,8,16001814,31
1712,Explicit Deceptive,8,16001814,32
1713,Explicit Deceptive,8,16001814,33
1714,Explicit Deceptive,8,16001814,34
1715,Explicit Deceptive,8,16001814,35
1716,Explicit Deceptive,8,16001814,36
1717,Explicit Deceptive,8,16001814,37
1718,Explicit Deceptive,8,16001814,38
1719,Explicit Deceptive,8,16001814,39
1720,Explicit Deceptive,8,16001814,40
1721,Explicit Deceptive,8,16001814,41
1722,Explicit Deceptive,8,16001814,42
1723,Explicit Deceptive,8,16001814,43
1724,Explicit Deceptive,8,16001814,44
1725,Explicit Deceptive,8,16001814,45
1726,Explicit Deceptive,8,16001814,46
1727,Explicit Deceptive,8,16001814,47
1728,Explicit Deceptive,8,16001814,48
1729,Explicit Deceptive,8,16001814,49
1730,Explicit Deceptive,8,16001814,50
1731,Explicit Deceptive,8,16001814,51
1732,Explicit Deceptive,8,16001814,52
1733,Explicit Deceptive,8,16001814,53
1734,Explicit Deceptive,8,16001814,54
1735,Explicit Deceptive,8,16001814,55
1736,Explicit Deceptive,8,16001814,56
1737,Explicit Deceptive,8,16001814,57
1738,Explicit Deceptive,8,16001814,58
1739,Explicit Deceptive,8,16001814,59
1740,Explicit Deceptive,8,16001814,60
1741,Explicit Deceptive,8,16001814,61
1742,Explicit Deceptive,8,16001814,62
1743,Explicit Deceptive,8,16001814,63
1744,Explicit Deceptive,8,16001814,64
1745,Explicit Deceptive,8,16001814,65
1746,Explicit Deceptive,8,16001814,66
1747,Explicit Deceptive,8,16001814,67
1748,Explicit Deceptive,8,16001814,68
1749,Explicit Deceptive,8,16001814,69
1750,Explicit Deceptive,8,16001814,70
1751,Explicit Deceptive,8,16001814,71
1752,Explicit Deceptive,8,16001814,72
1753,Explicit Deceptive,8,16001814,73
1754,Explicit Deceptive,8,16001814,74
1755,Explicit Deceptive,8,16001814,75
1756,Explicit Deceptive,8,16001814,76
1757,Explicit Deceptive,8,16001814,77
1758,Explicit Deceptive,8,16001814,78
1759,Explicit Deceptive,8,16001814,79
1760,Explicit Deceptive,8,16001814,80
1761,Explicit Deceptive,8,16001814,81
1762,Explicit Deceptive,8,16001814,82
1763,Explicit Deceptive,8,16001814,83
1764,Explicit Deceptive,8,16001814,84
1765,Explicit Deceptive,8,16001814,85
1766,Explicit Deceptive,8,16001814,86
1767,Explicit Deceptive,8,16001814,87
1768,Explicit Deceptive,8,16001814,88
1769,Explicit Deceptive,8,16001814,89
1770,Explicit Deceptive,8,16001814,90
1771,Explicit Deceptive,8,16001814,91
1772,Explicit Deceptive,8,16001814,92
1773,Explicit Deceptive,8,16001814,93
1774,Explicit Deceptive,8,16001814,94
1775,Explicit Deceptive,8,16001814,95
1776,Explicit Deceptive,8,16001814,96
1777,Explicit Deceptive,8,16001814,97
1778,Explicit Deceptive,8,16001814,98
1779,Explicit Deceptive,8,16001814,99
1780,Explicit Deceptive,8,16001814,100
1781,Explicit Deceptive,8,16001814,101
1782,Explicit Deceptive,8,16001814,102
1783,Explicit Deceptive,8,16001814,103
1784,Explicit Deceptive,8,16001814,104
1785,Explicit Deceptive,8,16001814,105
1786,Explicit Deceptive,8,16001814,106
1787,Explicit Deceptive,8,16001814,107
1788,Explicit Deceptive,8,16001814,108
1789,Explicit Deceptive,8,16001814,109
1790,Explicit Deceptive,8,16001814,110
1791,Explicit Deceptive,8,16001814,111
1792,Explicit Deceptive,8,16001814,112
1793,Explicit Deceptive,8,16001814,113
1794,Explicit Deceptive,8,16001814,114
1795,Explicit Deceptive,8,16001814,115
1796,Explicit Deceptive,8,16001814,116
1797,Explicit Deceptive,8,16001814,117
1798,Explicit Deceptive,8,16001814,118
1799,Explicit Deceptive,8,16001814,119
1800,Explicit Deceptive,8,16001814,120
1801,Explicit Deceptive,8,16001814,121
1802,Explicit Deceptive,8,16001814,122
1803,Explicit Deceptive,8,16001814,123
1804,Explicit Deceptive,8,16001814,124
1805,Explicit Deceptive,8,16001814,125
1806,Explicit Deceptive,8,16001814,126
1807,Explicit Deceptive,8,16001814,127
1808,Explicit Deceptive,8,16001814,128
1809,Explicit Deceptive,8,16001814,129
1810,Explicit Deceptive,8,16001814,130
1811,Explicit Deceptive,8,16001814,131
1812,Explicit Deceptive,8,16001814,132
1813,Explicit Deceptive,8,16001814,133
1814,Explicit Deceptive,8,16001814,134
1815,Explicit Deceptive,8,16001814,135
1816,Explicit Deceptive,8,16001814,136
1817,Explicit Deceptive,8,16001814,137
1818,Explicit Deceptive,8,16001814,138
1819,Explicit Deceptive,8,16001814,139
1820,Explicit Deceptive,8,16001814,140
1821,Explicit Deceptive,8,16001814,141
1822,Explicit Deceptive,8,16001814,142
1823,Explicit Deceptive,8,16001814,143
1824,Explicit Deceptive,8,16001814,144
1825,Explicit Deceptive,8,16001814,145
1826,Explicit Deceptive,8,16001814,146
1827,Explicit Deceptive,8,16001814,147
1828,Explicit Deceptive,8,16001814,148
1829,Explicit Deceptive,8,16001814,149
1830,Explicit Deceptive,8,16001814,150
1831,Explicit Deceptive,8,16001814,151
1832,Explicit Deceptive,8,16001814,152
1833,Explicit Deceptive,8,16001814,153
1834,Explicit Deceptive,8,16001814,154
1835,Explicit Deceptive,8,16001814,155
1836,Explicit Deceptive,8,16001814,156
1837,Explicit Deceptive,8,16001814,157
1838,Explicit Deceptive,8,16001814,158
1839,Explicit Deceptive,8,16001814,159
1840,Explicit Deceptive,8,16001814,160
1841,Explicit Deceptive,8,16001814,161
1842,Explicit Deceptive,8,16001814,162
1843,Explicit Deceptive,8,16001814,163
1844,Explicit Deceptive,8,16001814,164
1845,Explicit Deceptive,8,16001814,165
1846,Explicit Deceptive,8,16001814,166
1847,Explicit Deceptive,8,16001814,167
1848,Explicit Deceptive,8,16001814,168
1849,Explicit Deceptive,8,16001814,169
1850,Explicit Deceptive,8,16001814,170
1851,Explicit Deceptive,8,16001814,171
1852,Explicit Deceptive,8,16001814,172
1853,Explicit Deceptive,8,16001814,173
1854,Explicit Deceptive,8,16001814,174
1855,Explicit Deceptive,8,16001814,175
1856,Explicit Deceptive,8,16001814,176
1857,Explicit Deceptive,8,16001814,177
1858,Explicit Deceptive,8,16001814,178
1859,Explicit Deceptive,8,16001814,179
1860,Explicit Deceptive,8,16001814,180
1861,Explicit Deceptive,8,16001814,181
1862,Explicit Deceptive,8,16001814,182
1863,Explicit Deceptive,8,16001814,183
1864,Explicit Deceptive,8,16001814,184
1865,Explicit Deceptive,8,16001814,185
1866,Explicit Deceptive,8,16001814,186
1867,Explicit Deceptive,8,16001814,187
1868,Explicit Deceptive,8,16001814,188
1869,Explicit Deceptive,8,16001814,189
1870,Explicit Deceptive,8,16001814,190
1871,Explicit Deceptive,8,16001814,191
1872,Explicit Deceptive,8,16001814,192
1873,Explicit Deceptive,8,16001814,193
1874,Explicit Deceptive,8,16001814,194
1875,Explicit Deceptive,8,16001814,195
1876,Explicit Deceptive,8,16001814,196
1877,Explicit Deceptive,8,16001814,197
1878,Explicit Deceptive,8,16001814,198
1879,Explicit Deceptive,8,16001814,199
1880,Explicit Deceptive,8,16001814,200
1881,Explicit Deceptive,8,16001814,201
1882,Explicit Deceptive,8,16001814,202
1883,Explicit Deceptive,8,16001814,203
1884,Explicit Deceptive,8,16001814,204
1885,Explicit Deceptive,8,16001814,205
1886,Explicit Deceptive,8,16001814,206
1887,Explicit Deceptive,8,16001814,207
1888,Explicit Deceptive,8,16001814,208
1889,Explicit Deceptive,8,16001814,209
1890,Explicit Deceptive,8,16001814,210
1891,Explicit Deceptive,8,16001814,211
1892,Explicit Deceptive,8,16001814,212
1893,Explicit Deceptive,8,16001814,213
1894,Explicit Deceptive,8,16001814,214
1895,Explicit Deceptive,8,16001814,215
1896,Explicit Deceptive,8,16001814,216
1897,Explicit Deceptive,8,16001814,217
1898,Explicit Deceptive,8,16001814,218
1899,Explicit Deceptive,8,16001814,219
1900,Explicit Deceptive,8,16001814,220
1901,Explicit Deceptive,8,16001814,221
1902,Explicit Deceptive,8,16001814,222
1903,Explicit Deceptive,8,16001814,223
1904,Explicit Deceptive,8,16001814,224
1905,Explicit Deceptive,8,16001814,225
1906,Explicit Deceptive,8,16001814,226
1907,Explicit Deceptive,8,16001814,227
1908,Explicit Deceptive,8,16001814,228
1909,Explicit Deceptive,8,16001814,229
1910,Explicit Deceptive,8,16001814,230
1911,Explicit Deceptive,8,16001814,231
1912,Explicit Deceptive,8,16001814,232
1913,Explicit Deceptive,8,16001814,233
1914,Explicit Deceptive,8,16001814,234
1915,Explicit Deceptive,8,16001814,235
1916,Explicit Deceptive,8,16001814,236
1917,Explicit Deceptive,8,16001814,237
1918,Explicit Deceptive,8,16001814,238
1919,Explicit Deceptive,8,16001814,239
1920,Explicit Deceptive,8,16001814,240
1921,Explicit Deceptive,9,16001818,1
1922,Explicit Deceptive,9,16001818,2
1923,Explicit Deceptive,9,16001818,3
1924,Explicit Deceptive,9,16001818,4
1925,Explicit Deceptive,9,16001818,5
1926,Explicit Deceptive,9,16001818,6
1927,Explicit Deceptive,9,16001818,7
1928,Explicit Deceptive,9,16001818,8
1929,Explicit Deceptive,9,16001818,9
1930,Explicit Deceptive,9,16001818,10
1931,Explicit Deceptive,9,16001818,11
1932,Explicit Deceptive,9,16001818,12
1933,Explicit Deceptive,9,16001818,13
1934,Explicit Deceptive,9,16001818,14
1935,Explicit Deceptive,9,16001818,15
1936,Explicit Deceptive,9,16001818,16
1937,Explicit Deceptive,9,16001818,17
1938,Explicit Deceptive,9,16001818,18
1939,Explicit Deceptive,9,16001818,19
1940,Explicit Deceptive,9,16001818,20
1941,Explicit Deceptive,9,16001818,21
1942,Explicit Deceptive,9,16001818,22
1943,Explicit Deceptive,9,16001818,23
1944,Explicit Deceptive,9,16001818,24
1945,Explicit Deceptive,9,16001818,25
1946,Explicit Deceptive,9,16001818,26
1947,Explicit Deceptive,9,16001818,27
1948,Explicit Deceptive,9,16001818,28
1949,Explicit Deceptive,9,16001818,29
1950,Explicit Deceptive,9,16001818,30
1951,Explicit Deceptive,9,16001818,31
1952,Explicit Deceptive,9,16001818,32
1953,Explicit Deceptive,9,16001818,33
1954,Explicit Deceptive,9,16001818,34
1955,Explicit Deceptive,9,16001818,35
1956,Explicit Deceptive,9,16001818,36
1957,Explicit Deceptive,9,16001818,37
1958,Explicit Deceptive,9,16001818,38
1959,Explicit Deceptive,9,16001818,39
1960,Explicit Deceptive,9,16001818,40
1961,Explicit Deceptive,9,16001818,41
1962,Explicit Deceptive,9,16001818,42
1963,Explicit Deceptive,9,16001818,43
1964,Explicit Deceptive,9,16001818,44
1965,Explicit Deceptive,9,16001818,45
1966,Explicit Deceptive,9,16001818,46
1967,Explicit Deceptive,9,16001818,47
1968,Explicit Deceptive,9,16001818,48
1969,Explicit Deceptive,9,16001818,49
1970,Explicit Deceptive,9,16001818,50
1971,Explicit Deceptive,9,16001818,51
1972,Explicit Deceptive,9,16001818,52
1973,Explicit Deceptive,9,16001818,53
1974,Explicit Deceptive,9,16001818,54
1975,Explicit Deceptive,9,16001818,55
1976,Explicit Deceptive,9,16001818,56
1977,Explicit Deceptive,9,16001818,57
1978,Explicit Deceptive,9,16001818,58
1979,Explicit Deceptive,9,16001818,59
1980,Explicit Deceptive,9,16001818,60
1981,Explicit Deceptive,9,16001818,61
1982,Explicit Deceptive,9,16001818,62
1983,Explicit Deceptive,9,16001818,63
1984,Explicit Deceptive,9,16001818,64
1985,Explicit Deceptive,9,16001818,65
1986,Explicit Deceptive,9,16001818,66
1987,Explicit Deceptive,9,16001818,67
1988,Explicit Deceptive,9,16001818,68
1989,Explicit Deceptive,9,16001818,69
1990,Explicit Deceptive,9,16001818,70
1991,Explicit Deceptive,9,16001818,71
1992,Explicit Deceptive,9,16001818,72
1993,Explicit Deceptive,9,16001818,73
1994,Explicit Deceptive,9,16001818,74
1995,Explicit Deceptive,9,16001818,75
1996,Explicit Deceptive,9,16001818,76
1997,Explicit Deceptive,9,16001818,77
1998,Explicit Deceptive,9,16001818,78
1999,Explicit Deceptive,9,16001818,79
2000,Explicit Deceptive,9,16001818,80
2001,Explicit Deceptive,9,16001818,81
2002,Explicit Deceptive,9,16001818,82
2003,Explicit Deceptive,9,16001818,83
2004,Explicit Deceptive,9,16001818,84
2005,Explicit Deceptive,9,16001818,85
2006,Explicit Deceptive,9,16001818,86
2007,Explicit Deceptive,9,16001818,87
2008,Explicit Deceptive,9,16001818,88
2009,Explicit Deceptive,9,16001818,89
2010,Explicit Deceptive,9,16001818,90
2011,Explicit Deceptive,9,16001818,91
2012,Explicit Deceptive,9,16001818,92
2013,Explicit Deceptive,9,16001818,93
2014,Explicit Deceptive,9,16001818,94
2015,Explicit Deceptive,9,16001818,95
2016,Explicit Deceptive,9,16001818,96
2017,Explicit Deceptive,9,16001818,97
2018,Explicit Deceptive,9,16001818,98
2019,Explicit Deceptive,9,16001818,99
2020,Explicit Deceptive,9,16001818,100
2021,Explicit Deceptive,9,16001818,101
2022,Explicit Deceptive,9,16001818,102
2023,Explicit Deceptive,9,16001818,103
2024,Explicit Deceptive,9,16001818,104
2025,Explicit Deceptive,9,16001818,105
2026,Explicit Deceptive,9,16001818,106
2027,Explicit Deceptive,9,16001818,107
2028,Explicit Deceptive,9,16001818,108
2029,Explicit Deceptive,9,16001818,109
2030,Explicit Deceptive,9,16001818,110
2031,Explicit Deceptive,9,16001818,111
2032,Explicit Deceptive,9,16001818,112
2033,Explicit Deceptive,9,16001818,113
2034,Explicit Deceptive,9,16001818,114
2035,Explicit Deceptive,9,16001818,115
2036,Explicit Deceptive,9,16001818,116
2037,Explicit Deceptive,9,16001818,117
2038,Explicit Deceptive,9,16001818,118
2039,Explicit Deceptive,9,16001818,119
2040,Explicit Deceptive,9,16001818,120
2041,Explicit Deceptive,9,16001818,121
2042,Explicit Deceptive,9,16001818,122
2043,Explicit Deceptive,9,16001818,123
2044,Explicit Deceptive,9,16001818,124
2045,Explicit Deceptive,9,16001818,125
2046,Explicit Deceptive,9,16001818,126
2047,Explicit Deceptive,9,16001818,127
2048,Explicit Deceptive,9,16001818,128
2049,Explicit Deceptive,9,16001818,129
2050,Explicit Deceptive,9,16001818,130
2051,Explicit Deceptive,9,16001818,131
2052,Explicit Deceptive,9,16001818,132
2053,Explicit Deceptive,9,16001818,133
2054,Explicit Deceptive,9,16001818,134
2055,Explicit Deceptive,9,16001818,135
2056,Explicit Deceptive,9,16001818,136
2057,Explicit Deceptive,9,16001818,137
2058,Explicit Deceptive,9,16001818,138
2059,Explicit Deceptive,9,16001818,139
2060,Explicit Deceptive,9,16001818,140
2061,Explicit Deceptive,9,16001818,141
2062,Explicit Deceptive,9,16001818,142
2063,Explicit Deceptive,9,16001818,143
2064,Explicit Deceptive,9,16001818,144
2065,Explicit Deceptive,9,16001818,145
2066,Explicit Deceptive,9,16001818,146
2067,Explicit Deceptive,9,16001818,147
2068,Explicit Deceptive,9,16001818,148
2069,Explicit Deceptive,9,16001818,149
2070,Explicit Deceptive,9,16001818,150
2071,Explicit Deceptive,9,16001818,151
2072,Explicit Deceptive,9,16001818,152
2073,Explicit Deceptive,9,16001818,153
2074,Explicit Deceptive,9,16001818,154
2075,Explicit Deceptive,9,16001818,155
2076,Explicit Deceptive,9,16001818,156
2077,Explicit Deceptive,9,16001818,157
2078,Explicit Deceptive,9,16001818,158
2079,Explicit Deceptive,9,16001818,159
2080,Explicit Deceptive,9,16001818,160
2081,Explicit Deceptive,9,16001818,161
2082,Explicit Deceptive,9,16001818,162
2083,Explicit Deceptive,9,16001818,163
2084,Explicit Deceptive,9,16001818,164
2085,Explicit Deceptive,9,16001818,165
2086,Explicit Deceptive,9,16001818,166
2087,Explicit Deceptive,9,16001818,167
2088,Explicit Deceptive,9,16001818,168
2089,Explicit Deceptive,9,16001818,169
2090,Explicit Deceptive,9,16001818,170
2091,Explicit Deceptive,9,16001818,171
2092,Explicit Deceptive,9,16001818,172
2093,Explicit Deceptive,9,16001818,173
2094,Explicit Deceptive,9,16001818,174
2095,Explicit Deceptive,9,16001818,175
2096,Explicit Deceptive,9,16001818,176
2097,Explicit Deceptive,9,16001818,177
2098,Explicit Deceptive,9,16001818,178
2099,Explicit Deceptive,9,16001818,179
2100,Explicit Deceptive,9,16001818,180
2101,Explicit Deceptive,9,16001818,181
2102,Explicit Deceptive,9,16001818,182
2103,Explicit Deceptive,9,16001818,183
2104,Explicit Deceptive,9,16001818,184
2105,Explicit Deceptive,9,16001818,185
2106,Explicit Deceptive,9,16001818,186
2107,Explicit Deceptive,9,16001818,187
2108,Explicit Deceptive,9,16001818,188
2109,Explicit Deceptive,9,16001818,189
2110,Explicit Deceptive,9,16001818,190
2111,Explicit Deceptive,9,16001818,191
2112,Explicit Deceptive,9,16001818,192
2113,Explicit Deceptive,9,16001818,193
2114,Explicit Deceptive,9,16001818,194
2115,Explicit Deceptive,9,16001818,195
2116,Explicit Deceptive,9,16001818,196
2117,Explicit Deceptive,9,16001818,197
2118,Explicit Deceptive,9,16001818,198
2119,Explicit Deceptive,9,16001818,199
2120,Explicit Deceptive,9,16001818,200
2121,Explicit Deceptive,9,16001818,201
2122,Explicit Deceptive,9,16001818,202
2123,Explicit Deceptive,9,16001818,203
2124,Explicit Deceptive,9,16001818,204
2125,Explicit Deceptive,9,16001818,205
2126,Explicit Deceptive,9,16001818,206
2127,Explicit Deceptive,9,16001818,207
2128,Explicit Deceptive,9,16001818,208
2129,Explicit Deceptive,9,16001818,209
2130,Explicit Deceptive,9,16001818,210
2131,Explicit Deceptive,9,16001818,211
2132,Explicit Deceptive,9,16001818,212
2133,Explicit Deceptive,9,16001818,213
2134,Explicit Deceptive,9,16001818,214
2135,Explicit Deceptive,9,16001818,215
2136,Explicit Deceptive,9,16001818,216
2137,Explicit Deceptive,9,16001818,217
2138,Explicit Deceptive,9,16001818,218
2139,Explicit Deceptive,9,16001818,219
2140,Explicit Deceptive,9,16001818,220
2141,Explicit Deceptive,9,16001818,221
2142,Explicit Deceptive,9,16001818,222
2143,Explicit Deceptive,9,16001818,223
2144,Explicit Deceptive,9,16001818,224
2145,Explicit Deceptive,9,16001818,225
2146,Explicit Deceptive,9,16001818,226
2147,Explicit Deceptive,9,16001818,227
2148,Explicit Deceptive,9,16001818,228
2149,Explicit Deceptive,9,16001818,229
2150,Explicit Deceptive,9,16001818,230
2151,Explicit Deceptive,9,16001818,231
2152,Explicit Deceptive,9,16001818,232
2153,Explicit Deceptive,9,16001818,233
2154,Explicit Deceptive,9,16001818,234
2155,Explicit Deceptive,9,16001818,235
2156,Explicit Deceptive,9,16001818,236
2157,Explicit Deceptive,9,16001818,237
2158,Explicit Deceptive,9,16001818,238
2159,Explicit Deceptive,9,16001818,239
2160,Explicit Deceptive,9,16001818,240
2161,Explicit Deceptive,10,16001828,1
2162,Explicit Deceptive,10,16001828,2
2163,Explicit Deceptive,10,16001828,3
2164,Explicit Deceptive,10,16001828,4
2165,Explicit Deceptive,10,16001828,5
2166,Explicit Deceptive,10,16001828,6
2167,Explicit Deceptive,10,16001828,7
2168,Explicit Deceptive,10,16001828,8
2169,Explicit Deceptive,10,16001828,9
2170,Explicit Deceptive,10,16001828,10
2171,Explicit Deceptive,10,16001828,11
2172,Explicit Deceptive,10,16001828,12
2173,Explicit Deceptive,10,16001828,13
2174,Explicit Deceptive,10,16001828,14
2175,Explicit Deceptive,10,16001828,15
2176,Explicit Deceptive,10,16001828,16
2177,Explicit Deceptive,10,16001828,17
2178,Explicit Deceptive,10,16001828,18
2179,Explicit Deceptive,10,16001828,19
2180,Explicit Deceptive,10,16001828,20
2181,Explicit Deceptive,10,16001828,21
2182,Explicit Deceptive,10,16001828,22
2183,Explicit Deceptive,10,16001828,23
2184,Explicit Deceptive,10,16001828,24
2185,Explicit Deceptive,10,16001828,25
2186,Explicit Deceptive,10,16001828,26
2187,Explicit Deceptive,10,16001828,27
2188,Explicit Deceptive,10,16001828,28
2189,Explicit Deceptive,10,16001828,29
2190,Explicit Deceptive,10,16001828,30
2191,Explicit Deceptive,10,16001828,31
2192,Explicit Deceptive,10,16001828,32
2193,Explicit Deceptive,10,16001828,33
2194,Explicit Deceptive,10,16001828,34
2195,Explicit Deceptive,10,16001828,35
2196,Explicit Deceptive,10,16001828,36
2197,Explicit Deceptive,10,16001828,37
2198,Explicit Deceptive,10,16001828,38
2199,Explicit Deceptive,10,16001828,39
2200,Explicit Deceptive,10,16001828,40
2201,Explicit Deceptive,10,16001828,41
2202,Explicit Deceptive,10,16001828,42
2203,Explicit Deceptive,10,16001828,43
2204,Explicit Deceptive,10,16001828,44
2205,Explicit Deceptive,10,16001828,45
2206,Explicit Deceptive,10,16001828,46
2207,Explicit Deceptive,10,16001828,47
2208,Explicit Deceptive,10,16001828,48
2209,Explicit Deceptive,10,16001828,49
2210,Explicit Deceptive,10,16001828,50
2211,Explicit Deceptive,10,16001828,51
2212,Explicit Deceptive,10,16001828,52
2213,Explicit Deceptive,10,16001828,53
2214,Explicit Deceptive,10,16001828,54
2215,Explicit Deceptive,10,16001828,55
2216,Explicit Deceptive,10,16001828,56
2217,Explicit Deceptive,10,16001828,57
2218,Explicit Deceptive,10,16001828,58
2219,Explicit Deceptive,10,16001828,59
2220,Explicit Deceptive,10,16001828,60
2221,Explicit Deceptive,10,16001828,61
2222,Explicit Deceptive,10,16001828,62
2223,Explicit Deceptive,10,16001828,63
2224,Explicit Deceptive,10,16001828,64
2225,Explicit Deceptive,10,16001828,65
2226,Explicit Deceptive,10,16001828,66
2227,Explicit Deceptive,10,16001828,67
2228,Explicit Deceptive,10,16001828,68
2229,Explicit Deceptive,10,16001828,69
2230,Explicit Deceptive,10,16001828,70
2231,Explicit Deceptive,10,16001828,71
2232,Explicit Deceptive,10,16001828,72
2233,Explicit Deceptive,10,16001828,73
2234,Explicit Deceptive,10,16001828,74
2235,Explicit Deceptive,10,16001828,75
2236,Explicit Deceptive,10,16001828,76
2237,Explicit Deceptive,10,16001828,77
2238,Explicit Deceptive,10,16001828,78
2239,Explicit Deceptive,10,16001828,79
2240,Explicit Deceptive,10,16001828,80
2241,Explicit Deceptive,10,16001828,81
2242,Explicit Deceptive,10,16001828,82
2243,Explicit Deceptive,10,16001828,83
2244,Explicit Deceptive,10,16001828,84
2245,Explicit Deceptive,10,16001828,85
2246,Explicit Deceptive,10,16001828,86
2247,Explicit Deceptive,10,16001828,87
2248,Explicit Deceptive,10,16001828,88
2249,Explicit Deceptive,10,16001828,89
2250,Explicit Deceptive,10,16001828,90
2251,Explicit Deceptive,10,16001828,91
2252,Explicit Deceptive,10,16001828,92
2253,Explicit Deceptive,10,16001828,93
2254,Explicit Deceptive,10,16001828,94
2255,Explicit Deceptive,10,16001828,95
2256,Explicit Deceptive,10,16001828,96
2257,Explicit Deceptive,10,16001828,97
2258,Explicit Deceptive,10,16001828,98
2259,Explicit Deceptive,10,16001828,99
2260,Explicit Deceptive,10,16001828,100
2261,Explicit Deceptive,10,16001828,101
2262,Explicit Deceptive,10,16001828,102
2263,Explicit Deceptive,10,16001828,103
2264,Explicit Deceptive,10,16001828,104
2265,Explicit Deceptive,10,16001828,105
2266,Explicit Deceptive,10,16001828,106
2267,Explicit Deceptive,10,16001828,107
2268,Explicit Deceptive,10,16001828,108
2269,Explicit Deceptive,10,16001828,109
2270,Explicit Deceptive,10,16001828,110
2271,Explicit Deceptive,10,16001828,111
2272,Explicit Deceptive,10,16001828,112
2273,Explicit Deceptive,10,16001828,113
2274,Explicit Deceptive,10,16001828,114
2275,Explicit Deceptive,10,16001828,115
2276,Explicit Deceptive,10,16001828,116
2277,Explicit Deceptive,10,16001828,117
2278,Explicit Deceptive,10,16001828,118
2279,Explicit Deceptive,10,16001828,119
2280,Explicit Deceptive,10,16001828,120
2281,Explicit Deceptive,10,16001828,121
2282,Explicit Deceptive,10,16001828,122
2283,Explicit Deceptive,10,16001828,123
2284,Explicit Deceptive,10,16001828,124
2285,Explicit Deceptive,10,16001828,125
2286,Explicit Deceptive,10,16001828,126
2287,Explicit Deceptive,10,16001828,127
2288,Explicit Deceptive,10,16001828,128
2289,Explicit Deceptive,10,16001828,129
2290,Explicit Deceptive,10,16001828,130
2291,Explicit Deceptive,10,16001828,131
2292,Explicit Deceptive,10,16001828,132
2293,Explicit Deceptive,10,16001828,133
2294,Explicit Deceptive,10,16001828,134
2295,Explicit Deceptive,10,16001828,135
2296,Explicit Deceptive,10,16001828,136
2297,Explicit Deceptive,10,16001828,137
2298,Explicit Deceptive,10,16001828,138
2299,Explicit Deceptive,10,16001828,139
2300,Explicit Deceptive,10,16001828,140
2301,Explicit Deceptive,10,16001828,141
2302,Explicit Deceptive,10,16001828,142
2303,Explicit Deceptive,10,16001828,143
2304,Explicit Deceptive,10,16001828,144
2305,Explicit Deceptive,10,16001828,145
2306,Explicit Deceptive,10,16001828,146
2307,Explicit Deceptive,10,16001828,147
2308,Explicit Deceptive,10,16001828,148
2309,Explicit Deceptive,10,16001828,149
2310,Explicit Deceptive,10,16001828,150
2311,Explicit Deceptive,10,16001828,151
2312,Explicit Deceptive,10,16001828,152
2313,Explicit Deceptive,10,16001828,153
2314,Explicit Deceptive,10,16001828,154
2315,Explicit Deceptive,10,16001828,155
2316,Explicit Deceptive,10,16001828,156
2317,Explicit Deceptive,10,16001828,157
2318,Explicit Deceptive,10,16001828,158
2319,Explicit Deceptive,10,16001828,159
2320,Explicit Deceptive,10,16001828,160
2321,Explicit Deceptive,10,16001828,161
2322,Explicit Deceptive,10,16001828,162
2323,Explicit Deceptive,10,16001828,163
2324,Explicit Deceptive,10,16001828,164
2325,Explicit Deceptive,10,16001828,165
2326,Explicit Deceptive,10,16001828,166
2327,Explicit Deceptive,10,16001828,167
2328,Explicit Deceptive,10,16001828,168
2329,Explicit Deceptive,10,16001828,169
2330,Explicit Deceptive,10,16001828,170
2331,Explicit Deceptive,10,16001828,171
2332,Explicit Deceptive,10,16001828,172
2333,Explicit Deceptive,10,16001828,173
2334,Explicit Deceptive,10,16001828,174
2335,Explicit Deceptive,10,16001828,175
2336,Explicit Deceptive,10,16001828,176
2337,Explicit Deceptive,10,16001828,177
2338,Explicit Deceptive,10,16001828,178
2339,Explicit Deceptive,10,16001828,179
2340,Explicit Deceptive,10,16001828,180
2341,Explicit Deceptive,10,16001828,181
2342,Explicit Deceptive,10,16001828,182
2343,Explicit Deceptive,10,16001828,183
2344,Explicit Deceptive,10,16001828,184
2345,Explicit Deceptive,10,16001828,185
2346,Explicit Deceptive,10,16001828,186
2347,Explicit Deceptive,10,16001828,187
2348,Explicit Deceptive,10,16001828,188
2349,Explicit Deceptive,10,16001828,189
2350,Explicit Deceptive,10,16001828,190
2351,Explicit Deceptive,10,16001828,191
2352,Explicit Deceptive,10,16001828,192
2353,Explicit Deceptive,10,16001828,193
2354,Explicit Deceptive,10,16001828,194
2355,Explicit Deceptive,10,16001828,195
2356,Explicit Deceptive,10,16001828,196
2357,Explicit Deceptive,10,16001828,197
2358,Explicit Deceptive,10,16001828,198
2359,Explicit Deceptive,10,16001828,199
2360,Explicit Deceptive,10,16001828,200
2361,Explicit Deceptive,10,16001828,201
2362,Explicit Deceptive,10,16001828,202
2363,Explicit Deceptive,10,16001828,203
2364,Explicit Deceptive,10,16001828,204
2365,Explicit Deceptive,10,16001828,205
2366,Explicit Deceptive,10,16001828,206
2367,Explicit Deceptive,10,16001828,207
2368,Explicit Deceptive,10,16001828,208
2369,Explicit Deceptive,10,16001828,209
2370,Explicit Deceptive,10,16001828,210
2371,Explicit Deceptive,10,16001828,211
2372,Explicit Deceptive,10,16001828,212
2373,Explicit Deceptive,10,16001828,213
2374,Explicit Deceptive,10,16001828,214
2375,Explicit Deceptive,10,16001828,215
2376,Explicit Deceptive,10,16001828,216
2377,Explicit Deceptive,10,16001828,217
2378,Explicit Deceptive,10,16001828,218
2379,Explicit Deceptive,10,16001828,219
2380,Explicit Deceptive,10,16001828,220
2381,Explicit Deceptive,10,16001828,221
2382,Explicit Deceptive,10,16001828,222
2383,Explicit Deceptive,10,16001828,223
2384,Explicit Deceptive,10,16001828,224
2385,Explicit Deceptive,10,16001828,225
2386,Explicit Deceptive,10,16001828,226
2387,Explicit Deceptive,10,16001828,227
2388,Explicit Deceptive,10,16001828,228
2389,Explicit Deceptive,10,16001828,229
2390,Explicit Deceptive,10,16001828,230
2391,Explicit Deceptive,10,16001828,231
2392,Explicit Deceptive,10,16001828,232
2393,Explicit Deceptive,10,16001828,233
2394,Explicit Deceptive,10,16001828,234
2395,Explicit Deceptive,10,16001828,235
2396,Explicit Deceptive,10,16001828,236
2397,Explicit Deceptive,10,16001828,237
2398,Explicit Deceptive,10,16001828,238
2399,Explicit Deceptive,10,16001828,239
2400,Explicit Deceptive,10,16001828,240
2401,Explicit Deceptive,11,16001832,1
2402,Explicit Deceptive,11,16001832,2
2403,Explicit Deceptive,11,16001832,3
2404,Explicit Deceptive,11,16001832,4
2405,Explicit Deceptive,11,16001832,5
2406,Explicit Deceptive,11,16001832,6
2407,Explicit Deceptive,11,16001832,7
2408,Explicit Deceptive,11,16001832,8
2409,Explicit Deceptive,11,16001832,9
2410,Explicit Deceptive,11,16001832,10
2411,Explicit Deceptive,11,16001832,11
2412,Explicit Deceptive,11,16001832,12
2413,Explicit Deceptive,11,16001832,13
2414,Explicit Deceptive,11,16001832,14
2415,Explicit Deceptive,11,16001832,15
2416,Explicit Deceptive,11,16001832,16
2417,Explicit Deceptive,11,16001832,17
2418,Explicit Deceptive,11,16001832,18
2419,Explicit Deceptive,11,16001832,19
2420,Explicit Deceptive,11,16001832,20
2421,Explicit Deceptive,11,16001832,21
2422,Explicit Deceptive,11,16001832,22
2423,Explicit Deceptive,11,16001832,23
2424,Explicit Deceptive,11,16001832,24
2425,Explicit Deceptive,11,16001832,25
2426,Explicit Deceptive,11,16001832,26
2427,Explicit Deceptive,11,16001832,27
2428,Explicit Deceptive,11,16001832,28
2429,Explicit Deceptive,11,16001832,29
2430,Explicit Deceptive,11,16001832,30
2431,Explicit Deceptive,11,16001832,31
2432,Explicit Deceptive,11,16001832,32
2433,Explicit Deceptive,11,16001832,33
2434,Explicit Deceptive,11,16001832,34
2435,Explicit Deceptive,11,16001832,35
2436,Explicit Deceptive,11,16001832,36
2437,Explicit Deceptive,11,16001832,37
2438,Explicit Deceptive,11,16001832,38
2439,Explicit Deceptive,11,16001832,39
2440,Explicit Deceptive,11,16001832,40
2441,Explicit Deceptive,11,16001832,41
2442,Explicit Deceptive,11,16001832,42
2443,Explicit Deceptive,11,16001832,43
2444,Explicit Deceptive,11,16001832,44
2445,Explicit Deceptive,11,16001832,45
2446,Explicit Deceptive,11,16001832,46
2447,Explicit Deceptive,11,16001832,47
2448,Explicit Deceptive,11,16001832,48
2449,Explicit Deceptive,11,16001832,49
2450,Explicit Deceptive,11,16001832,50
2451,Explicit Deceptive,11,16001832,51
2452,Explicit Deceptive,11,16001832,52
2453,Explicit Deceptive,11,16001832,53
2454,Explicit Deceptive,11,16001832,54
2455,Explicit Deceptive,11,16001832,55
2456,Explicit Deceptive,11,16001832,56
2457,Explicit Deceptive,11,16001832,57
2458,Explicit Deceptive,11,16001832,58
2459,Explicit Deceptive,11,16001832,59
2460,Explicit Deceptive,11,16001832,60
2461,Explicit Deceptive,11,16001832,61
2462,Explicit Deceptive,11,16001832,62
2463,Explicit Deceptive,11,16001832,63
2464,Explicit Deceptive,11,16001832,64
2465,Explicit Deceptive,11,16001832,65
2466,Explicit Deceptive,11,16001832,66
2467,Explicit Deceptive,11,16001832,67
2468,Explicit Deceptive,11,16001832,68
2469,Explicit Deceptive,11,16001832,69
2470,Explicit Deceptive,11,16001832,70
2471,Explicit Deceptive,11,16001832,71
2472,Explicit Deceptive,11,16001832,72
2473,Explicit Deceptive,11,16001832,73
2474,Explicit Deceptive,11,16001832,74
2475,Explicit Deceptive,11,16001832,75
2476,Explicit Deceptive,11,16001832,76
2477,Explicit Deceptive,11,16001832,77
2478,Explicit Deceptive,11,16001832,78
2479,Explicit Deceptive,11,16001832,79
2480,Explicit Deceptive,11,16001832,80
2481,Explicit Deceptive,11,16001832,81
2482,Explicit Deceptive,11,16001832,82
2483,Explicit Deceptive,11,16001832,83
2484,Explicit Deceptive,11,16001832,84
2485,Explicit Deceptive,11,16001832,85
2486,Explicit Deceptive,11,16001832,86
2487,Explicit Deceptive,11,16001832,87
2488,Explicit Deceptive,11,16001832,88
2489,Explicit Deceptive,11,16001832,89
2490,Explicit Deceptive,11,16001832,90
2491,Explicit Deceptive,11,16001832,91
2492,Explicit Deceptive,11,16001832,92
2493,Explicit Deceptive,11,16001832,93
2494,Explicit Deceptive,11,16001832,94
2495,Explicit Deceptive,11,16001832,95
2496,Explicit Deceptive,11,16001832,96
2497,Explicit Deceptive,11,16001832,97
2498,Explicit Deceptive,11,16001832,98
2499,Explicit Deceptive,11,16001832,99
2500,Explicit Deceptive,11,16001832,100
2501,Explicit Deceptive,11,16001832,101
2502,Explicit Deceptive,11,16001832,102
2503,Explicit Deceptive,11,16001832,103
2504,Explicit Deceptive,11,16001832,104
2505,Explicit Deceptive,11,16001832,105
2506,Explicit Deceptive,11,16001832,106
2507,Explicit Deceptive,11,16001832,107
2508,Explicit Deceptive,11,16001832,108
2509,Explicit Deceptive,11,16001832,109
2510,Explicit Deceptive,11,16001832,110
2511,Explicit Deceptive,11,16001832,111
2512,Explicit Deceptive,11,16001832,112
2513,Explicit Deceptive,11,16001832,113
2514,Explicit Deceptive,11,16001832,114
2515,Explicit Deceptive,11,16001832,115
2516,Explicit Deceptive,11,16001832,116
2517,Explicit Deceptive,11,16001832,117
2518,Explicit Deceptive,11,16001832,118
2519,Explicit Deceptive,11,16001832,119
2520,Explicit Deceptive,11,16001832,120
2521,Explicit Deceptive,11,16001832,121
2522,Explicit Deceptive,11,16001832,122
2523,Explicit Deceptive,11,16001832,123
2524,Explicit Deceptive,11,16001832,124
2525,Explicit Deceptive,11,16001832,125
2526,Explicit Deceptive,11,16001832,126
2527,Explicit Deceptive,11,16001832,127
2528,Explicit Deceptive,11,16001832,128
2529,Explicit Deceptive,11,16001832,129
2530,Explicit Deceptive,11,16001832,130
2531,Explicit Deceptive,11,16001832,131
2532,Explicit Deceptive,11,16001832,132
2533,Explicit Deceptive,11,16001832,133
2534,Explicit Deceptive,11,16001832,134
2535,Explicit Deceptive,11,16001832,135
2536,Explicit Deceptive,11,16001832,136
2537,Explicit Deceptive,11,16001832,137
2538,Explicit Deceptive,11,16001832,138
2539,Explicit Deceptive,11,16001832,139
2540,Explicit Deceptive,11,16001832,140
2541,Explicit Deceptive,11,16001832,141
2542,Explicit Deceptive,11,16001832,142
2543,Explicit Deceptive,11,16001832,143
2544,Explicit Deceptive,11,16001832,144
2545,Explicit Deceptive,11,16001832,145
2546,Explicit Deceptive,11,16001832,146
2547,Explicit Deceptive,11,16001832,147
2548,Explicit Deceptive,11,16001832,148
2549,Explicit Deceptive,11,16001832,149
2550,Explicit Deceptive,11,16001832,150
2551,Explicit Deceptive,11,16001832,151
2552,Explicit Deceptive,11,16001832,152
2553,Explicit Deceptive,11,16001832,153
2554,Explicit Deceptive,11,16001832,154
2555,Explicit Deceptive,11,16001832,155
2556,Explicit Deceptive,11,16001832,156
2557,Explicit Deceptive,11,16001832,157
2558,Explicit Deceptive,11,16001832,158
2559,Explicit Deceptive,11,16001832,159
2560,Explicit Deceptive,11,16001832,160
2561,Explicit Deceptive,11,16001832,161
2562,Explicit Deceptive,11,16001832,162
2563,Explicit Deceptive,11,16001832,163
2564,Explicit Deceptive,11,16001832,164
2565,Explicit Deceptive,11,16001832,165
2566,Explicit Deceptive,11,16001832,166
2567,Explicit Deceptive,11,16001832,167
2568,Explicit Deceptive,11,16001832,168
2569,Explicit Deceptive,11,16001832,169
2570,Explicit Deceptive,11,16001832,170
2571,Explicit Deceptive,11,16001832,171
2572,Explicit Deceptive,11,16001832,172
2573,Explicit Deceptive,11,16001832,173
2574,Explicit Deceptive,11,16001832,174
2575,Explicit Deceptive,11,16001832,175
2576,Explicit Deceptive,11,16001832,176
2577,Explicit Deceptive,11,16001832,177
2578,Explicit Deceptive,11,16001832,178
2579,Explicit Deceptive,11,16001832,179
2580,Explicit Deceptive,11,16001832,180
2581,Explicit Deceptive,11,16001832,181
2582,Explicit Deceptive,11,16001832,182
2583,Explicit Deceptive,11,16001832,183
2584,Explicit Deceptive,11,16001832,184
2585,Explicit Deceptive,11,16001832,185
2586,Explicit Deceptive,11,16001832,186
2587,Explicit Deceptive,11,16001832,187
2588,Explicit Deceptive,11,16001832,188
2589,Explicit Deceptive,11,16001832,189
2590,Explicit Deceptive,11,16001832,190
2591,Explicit Deceptive,11,16001832,191
2592,Explicit Deceptive,11,16001832,192
2593,Explicit Deceptive,11,16001832,193
2594,Explicit Deceptive,11,16001832,194
2595,Explicit Deceptive,11,16001832,195
2596,Explicit Deceptive,11,16001832,196
2597,Explicit Deceptive,11,16001832,197
2598,Explicit Deceptive,11,16001832,198
2599,Explicit Deceptive,11,16001832,199
2600,Explicit Deceptive,11,16001832,200
2601,Explicit Deceptive,11,16001832,201
2602,Explicit Deceptive,11,16001832,202
2603,Explicit Deceptive,11,16001832,203
2604,Explicit Deceptive,11,16001832,204
2605,Explicit Deceptive,11,16001832,205
2606,Explicit Deceptive,11,16001832,206
2607,Explicit Deceptive,11,16001832,207
2608,Explicit Deceptive,11,16001832,208
2609,Explicit Deceptive,11,16001832,209
2610,Explicit Deceptive,11,16001832,210
2611,Explicit Deceptive,11,16001832,211
2612,Explicit Deceptive,11,16001832,212
2613,Explicit Deceptive,11,16001832,213
2614,Explicit Deceptive,11,16001832,214
2615,Explicit Deceptive,11,16001832,215
2616,Explicit Deceptive,11,16001832,216
2617,Explicit Deceptive,11,16001832,217
2618,Explicit Deceptive,11,16001832,218
2619,Explicit Deceptive,11,16001832,219
2620,Explicit Deceptive,11,16001832,220
2621,Explicit Deceptive,11,16001832,221
2622,Explicit Deceptive,11,16001832,222
2623,Explicit Deceptive,11,16001832,223
2624,Explicit Deceptive,11,16001832,224
2625,Explicit Deceptive,11,16001832,225
2626,Explicit Deceptive,11,16001832,226
2627,Explicit Deceptive,11,16001832,227
2628,Explicit Deceptive,11,16001832,228
2629,Explicit Deceptive,11,16001832,229
2630,Explicit Deceptive,11,16001832,230
2631,Explicit Deceptive,11,16001832,231
2632,Explicit Deceptive,11,16001832,232
2633,Explicit Deceptive,11,16001832,233
2634,Explicit Deceptive,11,16001832,234
2635,Explicit Deceptive,11,16001832,235
2636,Explicit Deceptive,11,16001832,236
2637,Explicit Deceptive,11,16001832,237
2638,Explicit Deceptive,11,16001832,238
2639,Explicit Deceptive,11,16001832,239
2640,Explicit Deceptive,11,16001832,240
2641,Explicit Deceptive,12,16001834,1
2642,Explicit Deceptive,12,16001834,2
2643,Explicit Deceptive,12,16001834,3
2644,Explicit Deceptive,12,16001834,4
2645,Explicit Deceptive,12,16001834,5
2646,Explicit Deceptive,12,16001834,6
2647,Explicit Deceptive,12,16001834,7
2648,Explicit Deceptive,12,16001834,8
2649,Explicit Deceptive,12,16001834,9
2650,Explicit Deceptive,12,16001834,10
2651,Explicit Deceptive,12,16001834,11
2652,Explicit Deceptive,12,16001834,12
2653,Explicit Deceptive,12,16001834,13
2654,Explicit Deceptive,12,16001834,14
2655,Explicit Deceptive,12,16001834,15
2656,Explicit Deceptive,12,16001834,16
2657,Explicit Deceptive,12,16001834,17
2658,Explicit Deceptive,12,16001834,18
2659,Explicit Deceptive,12,16001834,19
2660,Explicit Deceptive,12,16001834,20
2661,Explicit Deceptive,12,16001834,21
2662,Explicit Deceptive,12,16001834,22
2663,Explicit Deceptive,12,16001834,23
2664,Explicit Deceptive,12,16001834,24
2665,Explicit Deceptive,12,16001834,25
2666,Explicit Deceptive,12,16001834,26
2667,Explicit Deceptive,12,16001834,27
2668,Explicit Deceptive,12,16001834,28
2669,Explicit Deceptive,12,16001834,29
2670,Explicit Deceptive,12,16001834,30
2671,Explicit Deceptive,12,16001834,31
2672,Explicit Deceptive,12,16001834,32
2673,Explicit Deceptive,12,16001834,33
2674,Explicit Deceptive,12,16001834,34
2675,Explicit Deceptive,12,16001834,35
2676,Explicit Deceptive,12,16001834,36
2677,Explicit Deceptive,12,16001834,37
2678,Explicit Deceptive,12,16001834,38
2679,Explicit Deceptive,12,16001834,39
2680,Explicit Deceptive,12,16001834,40
2681,Explicit Deceptive,12,16001834,41
2682,Explicit Deceptive,12,16001834,42
2683,Explicit Deceptive,12,16001834,43
2684,Explicit Deceptive,12,16001834,44
2685,Explicit Deceptive,12,16001834,45
2686,Explicit Deceptive,12,16001834,46
2687,Explicit Deceptive,12,16001834,47
2688,Explicit Deceptive,12,16001834,48
2689,Explicit Deceptive,12,16001834,49
2690,Explicit Deceptive,12,16001834,50
2691,Explicit Deceptive,12,16001834,51
2692,Explicit Deceptive,12,16001834,52
2693,Explicit Deceptive,12,16001834,53
2694,Explicit Deceptive,12,16001834,54
2695,Explicit Deceptive,12,16001834,55
2696,Explicit Deceptive,12,16001834,56
2697,Explicit Deceptive,12,16001834,57
2698,Explicit Deceptive,12,16001834,58
2699,Explicit Deceptive,12,16001834,59
2700,Explicit Deceptive,12,16001834,60
2701,Explicit Deceptive,12,16001834,61
2702,Explicit Deceptive,12,16001834,62
2703,Explicit Deceptive,12,16001834,63
2704,Explicit Deceptive,12,16001834,64
2705,Explicit Deceptive,12,16001834,65
2706,Explicit Deceptive,12,16001834,66
2707,Explicit Deceptive,12,16001834,67
2708,Explicit Deceptive,12,16001834,68
2709,Explicit Deceptive,12,16001834,69
2710,Explicit Deceptive,12,16001834,70
2711,Explicit Deceptive,12,16001834,71
2712,Explicit Deceptive,12,16001834,72
2713,Explicit Deceptive,12,16001834,73
2714,Explicit Deceptive,12,16001834,74
2715,Explicit Deceptive,12,16001834,75
2716,Explicit Deceptive,12,16001834,76
2717,Explicit Deceptive,12,16001834,77
2718,Explicit Deceptive,12,16001834,78
2719,Explicit Deceptive,12,16001834,79
2720,Explicit Deceptive,12,16001834,80
2721,Explicit Deceptive,12,16001834,81
2722,Explicit Deceptive,12,16001834,82
2723,Explicit Deceptive,12,16001834,83
2724,Explicit Deceptive,12,16001834,84
2725,Explicit Deceptive,12,16001834,85
2726,Explicit Deceptive,12,16001834,86
2727,Explicit Deceptive,12,16001834,87
2728,Explicit Deceptive,12,16001834,88
2729,Explicit Deceptive,12,16001834,89
2730,Explicit Deceptive,12,16001834,90
2731,Explicit Deceptive,12,16001834,91
2732,Explicit Deceptive,12,16001834,92
2733,Explicit Deceptive,12,16001834,93
2734,Explicit Deceptive,12,16001834,94
2735,Explicit Deceptive,12,16001834,95
2736,Explicit Deceptive,12,16001834,96
2737,Explicit Deceptive,12,16001834,97
2738,Explicit Deceptive,12,16001834,98
2739,Explicit Deceptive,12,16001834,99
2740,Explicit Deceptive,12,16001834,100
2741,Explicit Deceptive,12,16001834,101
2742,Explicit Deceptive,12,16001834,102
2743,Explicit Deceptive,12,16001834,103
2744,Explicit Deceptive,12,16001834,104
2745,Explicit Deceptive,12,16001834,105
2746,Explicit Deceptive,12,16001834,106
2747,Explicit Deceptive,12,16001834,107
2748,Explicit Deceptive,12,16001834,108
2749,Explicit Deceptive,12,16001834,109
2750,Explicit Deceptive,12,16001834,110
2751,Explicit Deceptive,12,16001834,111
2752,Explicit Deceptive,12,16001834,112
2753,Explicit Deceptive,12,16001834,113
2754,Explicit Deceptive,12,16001834,114
2755,Explicit Deceptive,12,16001834,115
2756,Explicit Deceptive,12,16001834,116
2757,Explicit Deceptive,12,16001834,117
2758,Explicit Deceptive,12,16001834,118
2759,Explicit Deceptive,12,16001834,119
2760,Explicit Deceptive,12,16001834,120
2761,Explicit Deceptive,12,16001834,121
2762,Explicit Deceptive,12,16001834,122
2763,Explicit Deceptive,12,16001834,123
2764,Explicit Deceptive,12,16001834,124
2765,Explicit Deceptive,12,16001834,125
2766,Explicit Deceptive,12,16001834,126
2767,Explicit Deceptive,12,16001834,127
2768,Explicit Deceptive,12,16001834,128
2769,Explicit Deceptive,12,16001834,129
2770,Explicit Deceptive,12,16001834,130
2771,Explicit Deceptive,12,16001834,131
2772,Explicit Deceptive,12,16001834,132
2773,Explicit Deceptive,12,16001834,133
2774,Explicit Deceptive,12,16001834,134
2775,Explicit Deceptive,12,16001834,135
2776,Explicit Deceptive,12,16001834,136
2777,Explicit Deceptive,12,16001834,137
2778,Explicit Deceptive,12,16001834,138
2779,Explicit Deceptive,12,16001834,139
2780,Explicit Deceptive,12,16001834,140
2781,Explicit Deceptive,12,16001834,141
2782,Explicit Deceptive,12,16001834,142
2783,Explicit Deceptive,12,16001834,143
2784,Explicit Deceptive,12,16001834,144
2785,Explicit Deceptive,12,16001834,145
2786,Explicit Deceptive,12,16001834,146
2787,Explicit Deceptive,12,16001834,147
2788,Explicit Deceptive,12,16001834,148
2789,Explicit Deceptive,12,16001834,149
2790,Explicit Deceptive,12,16001834,150
2791,Explicit Deceptive,12,16001834,151
2792,Explicit Deceptive,12,16001834,152
2793,Explicit Deceptive,12,16001834,153
2794,Explicit Deceptive,12,16001834,154
2795,Explicit Deceptive,12,16001834,155
2796,Explicit Deceptive,12,16001834,156
2797,Explicit Deceptive,12,16001834,157
2798,Explicit Deceptive,12,16001834,158
2799,Explicit Deceptive,12,16001834,159
2800,Explicit Deceptive,12,16001834,160
2801,Explicit Deceptive,12,16001834,161
2802,Explicit Deceptive,12,16001834,162
2803,Explicit Deceptive,12,16001834,163
2804,Explicit Deceptive,12,16001834,164
2805,Explicit Deceptive,12,16001834,165
2806,Explicit Deceptive,12,16001834,166
2807,Explicit Deceptive,12,16001834,167
2808,Explicit Deceptive,12,16001834,168
2809,Explicit Deceptive,12,16001834,169
2810,Explicit Deceptive,12,16001834,170
2811,Explicit Deceptive,12,16001834,171
2812,Explicit Deceptive,12,16001834,172
2813,Explicit Deceptive,12,16001834,173
2814,Explicit Deceptive,12,16001834,174
2815,Explicit Deceptive,12,16001834,175
2816,Explicit Deceptive,12,16001834,176
2817,Explicit Deceptive,12,16001834,177
2818,Explicit Deceptive,12,16001834,178
2819,Explicit Deceptive,12,16001834,179
2820,Explicit Deceptive,12,16001834,180
2821,Explicit Deceptive,12,16001834,181
2822,Explicit Deceptive,12,16001834,182
2823,Explicit Deceptive,12,16001834,183
2824,Explicit Deceptive,12,16001834,184
2825,Explicit Deceptive,12,16001834,185
2826,Explicit Deceptive,12,16001834,186
2827,Explicit Deceptive,12,16001834,187
2828,Explicit Deceptive,12,16001834,188
2829,Explicit Deceptive,12,16001834,189
2830,Explicit Deceptive,12,16001834,190
2831,Explicit Deceptive,12,16001834,191
2832,Explicit Deceptive,12,16001834,192
2833,Explicit Deceptive,12,16001834,193
2834,Explicit Deceptive,12,16001834,194
2835,Explicit Deceptive,12,16001834,195
2836,Explicit Deceptive,12,16001834,196
2837,Explicit Deceptive,12,16001834,197
2838,Explicit Deceptive,12,16001834,198
2839,Explicit Deceptive,12,16001834,199
2840,Explicit Deceptive,12,16001834,200
2841,Explicit Deceptive,12,16001834,201
2842,Explicit Deceptive,12,16001834,202
2843,Explicit Deceptive,12,16001834,203
2844,Explicit Deceptive,12,16001834,204
2845,Explicit Deceptive,12,16001834,205
2846,Explicit Deceptive,12,16001834,206
2847,Explicit Deceptive,12,16001834,207
2848,Explicit Deceptive,12,16001834,208
2849,Explicit Deceptive,12,16001834,209
2850,Explicit Deceptive,12,16001834,210
2851,Explicit Deceptive,12,16001834,211
2852,Explicit Deceptive,12,16001834,212
2853,Explicit Deceptive,12,16001834,213
2854,Explicit Deceptive,12,16001834,214
2855,Explicit Deceptive,12,16001834,215
2856,Explicit Deceptive,12,16001834,216
2857,Explicit Deceptive,12,16001834,217
2858,Explicit Deceptive,12,16001834,218
2859,Explicit Deceptive,12,16001834,219
2860,Explicit Deceptive,12,16001834,220
2861,Explicit Deceptive,12,16001834,221
2862,Explicit Deceptive,12,16001834,222
2863,Explicit Deceptive,12,16001834,223
2864,Explicit Deceptive,12,16001834,224
2865,Explicit Deceptive,12,16001834,225
2866,Explicit Deceptive,12,16001834,226
2867,Explicit Deceptive,12,16001834,227
2868,Explicit Deceptive,12,16001834,228
2869,Explicit Deceptive,12,16001834,229
2870,Explicit Deceptive,12,16001834,230
2871,Explicit Deceptive,12,16001834,231
2872,Explicit Deceptive,12,16001834,232
2873,Explicit Deceptive,12,16001834,233
2874,Explicit Deceptive,12,16001834,234
2875,Explicit Deceptive,12,16001834,235
2876,Explicit Deceptive,12,16001834,236
2877,Explicit Deceptive,12,16001834,237
2878,Explicit Deceptive,12,16001834,238
2879,Explicit Deceptive,12,16001834,239
2880,Explicit Deceptive,12,16001834,240
2881,Explicit Deceptive,13,16001835,1
2882,Explicit Deceptive,13,16001835,2
2883,Explicit Deceptive,13,16001835,3
2884,Explicit Deceptive,13,16001835,4
2885,Explicit Deceptive,13,16001835,5
2886,Explicit Deceptive,13,16001835,6
2887,Explicit Deceptive,13,16001835,7
2888,Explicit Deceptive,13,16001835,8
2889,Explicit Deceptive,13,16001835,9
2890,Explicit Deceptive,13,16001835,10
2891,Explicit Deceptive,13,16001835,11
2892,Explicit Deceptive,13,16001835,12
2893,Explicit Deceptive,13,16001835,13
2894,Explicit Deceptive,13,16001835,14
2895,Explicit Deceptive,13,16001835,15
2896,Explicit Deceptive,13,16001835,16
2897,Explicit Deceptive,13,16001835,17
2898,Explicit Deceptive,13,16001835,18
2899,Explicit Deceptive,13,16001835,19
2900,Explicit Deceptive,13,16001835,20
2901,Explicit Deceptive,13,16001835,21
2902,Explicit Deceptive,13,16001835,22
2903,Explicit Deceptive,13,16001835,23
2904,Explicit Deceptive,13,16001835,24
2905,Explicit Deceptive,13,16001835,25
2906,Explicit Deceptive,13,16001835,26
2907,Explicit Deceptive,13,16001835,27
2908,Explicit Deceptive,13,16001835,28
2909,Explicit Deceptive,13,16001835,29
2910,Explicit Deceptive,13,16001835,30
2911,Explicit Deceptive,13,16001835,31
2912,Explicit Deceptive,13,16001835,32
2913,Explicit Deceptive,13,16001835,33
2914,Explicit Deceptive,13,16001835,34
2915,Explicit Deceptive,13,16001835,35
2916,Explicit Deceptive,13,16001835,36
2917,Explicit Deceptive,13,16001835,37
2918,Explicit Deceptive,13,16001835,38
2919,Explicit Deceptive,13,16001835,39
2920,Explicit Deceptive,13,16001835,40
2921,Explicit Deceptive,13,16001835,41
2922,Explicit Deceptive,13,16001835,42
2923,Explicit Deceptive,13,16001835,43
2924,Explicit Deceptive,13,16001835,44
2925,Explicit Deceptive,13,16001835,45
2926,Explicit Deceptive,13,16001835,46
2927,Explicit Deceptive,13,16001835,47
2928,Explicit Deceptive,13,16001835,48
2929,Explicit Deceptive,13,16001835,49
2930,Explicit Deceptive,13,16001835,50
2931,Explicit Deceptive,13,16001835,51
2932,Explicit Deceptive,13,16001835,52
2933,Explicit Deceptive,13,16001835,53
2934,Explicit Deceptive,13,16001835,54
2935,Explicit Deceptive,13,16001835,55
2936,Explicit Deceptive,13,16001835,56
2937,Explicit Deceptive,13,16001835,57
2938,Explicit Deceptive,13,16001835,58
2939,Explicit Deceptive,13,16001835,59
2940,Explicit Deceptive,13,16001835,60
2941,Explicit Deceptive,13,16001835,61
2942,Explicit Deceptive,13,16001835,62
2943,Explicit Deceptive,13,16001835,63
2944,Explicit Deceptive,13,16001835,64
2945,Explicit Deceptive,13,16001835,65
2946,Explicit Deceptive,13,16001835,66
2947,Explicit Deceptive,13,16001835,67
2948,Explicit Deceptive,13,16001835,68
2949,Explicit Deceptive,13,16001835,69
2950,Explicit Deceptive,13,16001835,70
2951,Explicit Deceptive,13,16001835,71
2952,Explicit Deceptive,13,16001835,72
2953,Explicit Deceptive,13,16001835,73
2954,Explicit Deceptive,13,16001835,74
2955,Explicit Deceptive,13,16001835,75
2956,Explicit Deceptive,13,16001835,76
2957,Explicit Deceptive,13,16001835,77
2958,Explicit Deceptive,13,16001835,78
2959,Explicit Deceptive,13,16001835,79
2960,Explicit Deceptive,13,16001835,80
2961,Explicit Deceptive,13,16001835,81
2962,Explicit Deceptive,13,16001835,82
2963,Explicit Deceptive,13,16001835,83
2964,Explicit Deceptive,13,16001835,84
2965,Explicit Deceptive,13,16001835,85
2966,Explicit Deceptive,13,16001835,86
2967,Explicit Deceptive,13,16001835,87
2968,Explicit Deceptive,13,16001835,88
2969,Explicit Deceptive,13,16001835,89
2970,Explicit Deceptive,13,16001835,90
2971,Explicit Deceptive,13,16001835,91
2972,Explicit Deceptive,13,16001835,92
2973,Explicit Deceptive,13,16001835,93
2974,Explicit Deceptive,13,16001835,94
2975,Explicit Deceptive,13,16001835,95
2976,Explicit Deceptive,13,16001835,96
2977,Explicit Deceptive,13,16001835,97
2978,Explicit Deceptive,13,16001835,98
2979,Explicit Deceptive,13,16001835,99
2980,Explicit Deceptive,13,16001835,100
2981,Explicit Deceptive,13,16001835,101
2982,Explicit Deceptive,13,16001835,102
2983,Explicit Deceptive,13,16001835,103
2984,Explicit Deceptive,13,16001835,104
2985,Explicit Deceptive,13,16001835,105
2986,Explicit Deceptive,13,16001835,106
2987,Explicit Deceptive,13,16001835,107
2988,Explicit Deceptive,13,16001835,108
2989,Explicit Deceptive,13,16001835,109
2990,Explicit Deceptive,13,16001835,110
2991,Explicit Deceptive,13,16001835,111
2992,Explicit Deceptive,13,16001835,112
2993,Explicit Deceptive,13,16001835,113
2994,Explicit Deceptive,13,16001835,114
2995,Explicit Deceptive,13,16001835,115
2996,Explicit Deceptive,13,16001835,116
2997,Explicit Deceptive,13,16001835,117
2998,Explicit Deceptive,13,16001835,118
2999,Explicit Deceptive,13,16001835,119
3000,Explicit Deceptive,13,16001835,120
3001,Explicit Deceptive,13,16001835,121
3002,Explicit Deceptive,13,16001835,122
3003,Explicit Deceptive,13,16001835,123
3004,Explicit Deceptive,13,16001835,124
3005,Explicit Deceptive,13,16001835,125
3006,Explicit Deceptive,13,16001835,126
3007,Explicit Deceptive,13,16001835,127
3008,Explicit Deceptive,13,16001835,128
3009,Explicit Deceptive,13,16001835,129
3010,Explicit Deceptive,13,16001835,130
3011,Explicit Deceptive,13,16001835,131
3012,Explicit Deceptive,13,16001835,132
3013,Explicit Deceptive,13,16001835,133
3014,Explicit Deceptive,13,16001835,134
3015,Explicit Deceptive,13,16001835,135
3016,Explicit Deceptive,13,16001835,136
3017,Explicit Deceptive,13,16001835,137
3018,Explicit Deceptive,13,16001835,138
3019,Explicit Deceptive,13,16001835,139
3020,Explicit Deceptive,13,16001835,140
3021,Explicit Deceptive,13,16001835,141
3022,Explicit Deceptive,13,16001835,142
3023,Explicit Deceptive,13,16001835,143
3024,Explicit Deceptive,13,16001835,144
3025,Explicit Deceptive,13,16001835,145
3026,Explicit Deceptive,13,16001835,146
3027,Explicit Deceptive,13,16001835,147
3028,Explicit Deceptive,13,16001835,148
3029,Explicit Deceptive,13,16001835,149
3030,Explicit Deceptive,13,16001835,150
3031,Explicit Deceptive,13,16001835,151
3032,Explicit Deceptive,13,16001835,152
3033,Explicit Deceptive,13,16001835,153
3034,Explicit Deceptive,13,16001835,154
3035,Explicit Deceptive,13,16001835,155
3036,Explicit Deceptive,13,16001835,156
3037,Explicit Deceptive,13,16001835,157
3038,Explicit Deceptive,13,16001835,158
3039,Explicit Deceptive,13,16001835,159
3040,Explicit Deceptive,13,16001835,160
3041,Explicit Deceptive,13,16001835,161
3042,Explicit Deceptive,13,16001835,162
3043,Explicit Deceptive,13,16001835,163
3044,Explicit Deceptive,13,16001835,164
3045,Explicit Deceptive,13,16001835,165
3046,Explicit Deceptive,13,16001835,166
3047,Explicit Deceptive,13,16001835,167
3048,Explicit Deceptive,13,16001835,168
3049,Explicit Deceptive,13,16001835,169
3050,Explicit Deceptive,13,16001835,170
3051,Explicit Deceptive,13,16001835,171
3052,Explicit Deceptive,13,16001835,172
3053,Explicit Deceptive,13,16001835,173
3054,Explicit Deceptive,13,16001835,174
3055,Explicit Deceptive,13,16001835,175
3056,Explicit Deceptive,13,16001835,176
3057,Explicit Deceptive,13,16001835,177
3058,Explicit Deceptive,13,16001835,178
3059,Explicit Deceptive,13,16001835,179
3060,Explicit Deceptive,13,16001835,180
3061,Explicit Deceptive,13,16001835,181
3062,Explicit Deceptive,13,16001835,182
3063,Explicit Deceptive,13,16001835,183
3064,Explicit Deceptive,13,16001835,184
3065,Explicit Deceptive,13,16001835,185
3066,Explicit Deceptive,13,16001835,186
3067,Explicit Deceptive,13,16001835,187
3068,Explicit Deceptive,13,16001835,188
3069,Explicit Deceptive,13,16001835,189
3070,Explicit Deceptive,13,16001835,190
3071,Explicit Deceptive,13,16001835,191
3072,Explicit Deceptive,13,16001835,192
3073,Explicit Deceptive,13,16001835,193
3074,Explicit Deceptive,13,16001835,194
3075,Explicit Deceptive,13,16001835,195
3076,Explicit Deceptive,13,16001835,196
3077,Explicit Deceptive,13,16001835,197
3078,Explicit Deceptive,13,16001835,198
3079,Explicit Deceptive,13,16001835,199
3080,Explicit Deceptive,13,16001835,200
3081,Explicit Deceptive,13,16001835,201
3082,Explicit Deceptive,13,16001835,202
3083,Explicit Deceptive,13,16001835,203
3084,Explicit Deceptive,13,16001835,204
3085,Explicit Deceptive,13,16001835,205
3086,Explicit Deceptive,13,16001835,206
3087,Explicit Deceptive,13,16001835,207
3088,Explicit Deceptive,13,16001835,208
3089,Explicit Deceptive,13,16001835,209
3090,Explicit Deceptive,13,16001835,210
3091,Explicit Deceptive,13,16001835,211
3092,Explicit Deceptive,13,16001835,212
3093,Explicit Deceptive,13,16001835,213
3094,Explicit Deceptive,13,16001835,214
3095,Explicit Deceptive,13,16001835,215
3096,Explicit Deceptive,13,16001835,216
3097,Explicit Deceptive,13,16001835,217
3098,Explicit Deceptive,13,16001835,218
3099,Explicit Deceptive,13,16001835,219
3100,Explicit Deceptive,13,16001835,220
3101,Explicit Deceptive,13,16001835,221
3102,Explicit Deceptive,13,16001835,222
3103,Explicit Deceptive,13,16001835,223
3104,Explicit Deceptive,13,16001835,224
3105,Explicit Deceptive,13,16001835,225
3106,Explicit Deceptive,13,16001835,226
3107,Explicit Deceptive,13,16001835,227
3108,Explicit Deceptive,13,16001835,228
3109,Explicit Deceptive,13,16001835,229
3110,Explicit Deceptive,13,16001835,230
3111,Explicit Deceptive,13,16001835,231
3112,Explicit Deceptive,13,16001835,232
3113,Explicit Deceptive,13,16001835,233
3114,Explicit Deceptive,13,16001835,234
3115,Explicit Deceptive,13,16001835,235
3116,Explicit Deceptive,13,16001835,236
3117,Explicit Deceptive,13,16001835,237
3118,Explicit Deceptive,13,16001835,238
3119,Explicit Deceptive,13,16001835,239
3120,Explicit Deceptive,13,16001835,240
3121,Explicit Deceptive,14,16001840,1
3122,Explicit Deceptive,14,16001840,2
3123,Explicit Deceptive,14,16001840,3
3124,Explicit Deceptive,14,16001840,4
3125,Explicit Deceptive,14,16001840,5
3126,Explicit Deceptive,14,16001840,6
3127,Explicit Deceptive,14,16001840,7
3128,Explicit Deceptive,14,16001840,8
3129,Explicit Deceptive,14,16001840,9
3130,Explicit Deceptive,14,16001840,10
3131,Explicit Deceptive,14,16001840,11
3132,Explicit Deceptive,14,16001840,12
3133,Explicit Deceptive,14,16001840,13
3134,Explicit Deceptive,14,16001840,14
3135,Explicit Deceptive,14,16001840,15
3136,Explicit Deceptive,14,16001840,16
3137,Explicit Deceptive,14,16001840,17
3138,Explicit Deceptive,14,16001840,18
3139,Explicit Deceptive,14,16001840,19
3140,Explicit Deceptive,14,16001840,20
3141,Explicit Deceptive,14,16001840,21
3142,Explicit Deceptive,14,16001840,22
3143,Explicit Deceptive,14,16001840,23
3144,Explicit Deceptive,14,16001840,24
3145,Explicit Deceptive,14,16001840,25
3146,Explicit Deceptive,14,16001840,26
3147,Explicit Deceptive,14,16001840,27
3148,Explicit Deceptive,14,16001840,28
3149,Explicit Deceptive,14,16001840,29
3150,Explicit Deceptive,14,16001840,30
3151,Explicit Deceptive,14,16001840,31
3152,Explicit Deceptive,14,16001840,32
3153,Explicit Deceptive,14,16001840,33
3154,Explicit Deceptive,14,16001840,34
3155,Explicit Deceptive,14,16001840,35
3156,Explicit Deceptive,14,16001840,36
3157,Explicit Deceptive,14,16001840,37
3158,Explicit Deceptive,14,16001840,38
3159,Explicit Deceptive,14,16001840,39
3160,Explicit Deceptive,14,16001840,40
3161,Explicit Deceptive,14,16001840,41
3162,Explicit Deceptive,14,16001840,42
3163,Explicit Deceptive,14,16001840,43
3164,Explicit Deceptive,14,16001840,44
3165,Explicit Deceptive,14,16001840,45
3166,Explicit Deceptive,14,16001840,46
3167,Explicit Deceptive,14,16001840,47
3168,Explicit Deceptive,14,16001840,48
3169,Explicit Deceptive,14,16001840,49
3170,Explicit Deceptive,14,16001840,50
3171,Explicit Deceptive,14,16001840,51
3172,Explicit Deceptive,14,16001840,52
3173,Explicit Deceptive,14,16001840,53
3174,Explicit Deceptive,14,16001840,54
3175,Explicit Deceptive,14,16001840,55
3176,Explicit Deceptive,14,16001840,56
3177,Explicit Deceptive,14,16001840,57
3178,Explicit Deceptive,14,16001840,58
3179,Explicit Deceptive,14,16001840,59
3180,Explicit Deceptive,14,16001840,60
3181,Explicit Deceptive,14,16001840,61
3182,Explicit Deceptive,14,16001840,62
3183,Explicit Deceptive,14,16001840,63
3184,Explicit Deceptive,14,16001840,64
3185,Explicit Deceptive,14,16001840,65
3186,Explicit Deceptive,14,16001840,66
3187,Explicit Deceptive,14,16001840,67
3188,Explicit Deceptive,14,16001840,68
3189,Explicit Deceptive,14,16001840,69
3190,Explicit Deceptive,14,16001840,70
3191,Explicit Deceptive,14,16001840,71
3192,Explicit Deceptive,14,16001840,72
3193,Explicit Deceptive,14,16001840,73
3194,Explicit Deceptive,14,16001840,74
3195,Explicit Deceptive,14,16001840,75
3196,Explicit Deceptive,14,16001840,76
3197,Explicit Deceptive,14,16001840,77
3198,Explicit Deceptive,14,16001840,78
3199,Explicit Deceptive,14,16001840,79
3200,Explicit Deceptive,14,16001840,80
3201,Explicit Deceptive,14,16001840,81
3202,Explicit Deceptive,14,16001840,82
3203,Explicit Deceptive,14,16001840,83
3204,Explicit Deceptive,14,16001840,84
3205,Explicit Deceptive,14,16001840,85
3206,Explicit Deceptive,14,16001840,86
3207,Explicit Deceptive,14,16001840,87
3208,Explicit Deceptive,14,16001840,88
3209,Explicit Deceptive,14,16001840,89
3210,Explicit Deceptive,14,16001840,90
3211,Explicit Deceptive,14,16001840,91
3212,Explicit Deceptive,14,16001840,92
3213,Explicit Deceptive,14,16001840,93
3214,Explicit Deceptive,14,16001840,94
3215,Explicit Deceptive,14,16001840,95
3216,Explicit Deceptive,14,16001840,96
3217,Explicit Deceptive,14,16001840,97
3218,Explicit Deceptive,14,16001840,98
3219,Explicit Deceptive,14,16001840,99
3220,Explicit Deceptive,14,16001840,100
3221,Explicit Deceptive,14,16001840,101
3222,Explicit Deceptive,14,16001840,102
3223,Explicit Deceptive,14,16001840,103
3224,Explicit Deceptive,14,16001840,104
3225,Explicit Deceptive,14,16001840,105
3226,Explicit Deceptive,14,16001840,106
3227,Explicit Deceptive,14,16001840,107
3228,Explicit Deceptive,14,16001840,108
3229,Explicit Deceptive,14,16001840,109
3230,Explicit Deceptive,14,16001840,110
3231,Explicit Deceptive,14,16001840,111
3232,Explicit Deceptive,14,16001840,112
3233,Explicit Deceptive,14,16001840,113
3234,Explicit Deceptive,14,16001840,114
3235,Explicit Deceptive,14,16001840,115
3236,Explicit Deceptive,14,16001840,116
3237,Explicit Deceptive,14,16001840,117
3238,Explicit Deceptive,14,16001840,118
3239,Explicit Deceptive,14,16001840,119
3240,Explicit Deceptive,14,16001840,120
3241,Explicit Deceptive,14,16001840,121
3242,Explicit Deceptive,14,16001840,122
3243,Explicit Deceptive,14,16001840,123
3244,Explicit Deceptive,14,16001840,124
3245,Explicit Deceptive,14,16001840,125
3246,Explicit Deceptive,14,16001840,126
3247,Explicit Deceptive,14,16001840,127
3248,Explicit Deceptive,14,16001840,128
3249,Explicit Deceptive,14,16001840,129
3250,Explicit Deceptive,14,16001840,130
3251,Explicit Deceptive,14,16001840,131
3252,Explicit Deceptive,14,16001840,132
3253,Explicit Deceptive,14,16001840,133
3254,Explicit Deceptive,14,16001840,134
3255,Explicit Deceptive,14,16001840,135
3256,Explicit Deceptive,14,16001840,136
3257,Explicit Deceptive,14,16001840,137
3258,Explicit Deceptive,14,16001840,138
3259,Explicit Deceptive,14,16001840,139
3260,Explicit Deceptive,14,16001840,140
3261,Explicit Deceptive,14,16001840,141
3262,Explicit Deceptive,14,16001840,142
3263,Explicit Deceptive,14,16001840,143
3264,Explicit Deceptive,14,16001840,144
3265,Explicit Deceptive,14,16001840,145
3266,Explicit Deceptive,14,16001840,146
3267,Explicit Deceptive,14,16001840,147
3268,Explicit Deceptive,14,16001840,148
3269,Explicit Deceptive,14,16001840,149
3270,Explicit Deceptive,14,16001840,150
3271,Explicit Deceptive,14,16001840,151
3272,Explicit Deceptive,14,16001840,152
3273,Explicit Deceptive,14,16001840,153
3274,Explicit Deceptive,14,16001840,154
3275,Explicit Deceptive,14,16001840,155
3276,Explicit Deceptive,14,16001840,156
3277,Explicit Deceptive,14,16001840,157
3278,Explicit Deceptive,14,16001840,158
3279,Explicit Deceptive,14,16001840,159
3280,Explicit Deceptive,14,16001840,160
3281,Explicit Deceptive,14,16001840,161
3282,Explicit Deceptive,14,16001840,162
3283,Explicit Deceptive,14,16001840,163
3284,Explicit Deceptive,14,16001840,164
3285,Explicit Deceptive,14,16001840,165
3286,Explicit Deceptive,14,16001840,166
3287,Explicit Deceptive,14,16001840,167
3288,Explicit Deceptive,14,16001840,168
3289,Explicit Deceptive,14,16001840,169
3290,Explicit Deceptive,14,16001840,170
3291,Explicit Deceptive,14,16001840,171
3292,Explicit Deceptive,14,16001840,172
3293,Explicit Deceptive,14,16001840,173
3294,Explicit Deceptive,14,16001840,174
3295,Explicit Deceptive,14,16001840,175
3296,Explicit Deceptive,14,16001840,176
3297,Explicit Deceptive,14,16001840,177
3298,Explicit Deceptive,14,16001840,178
3299,Explicit Deceptive,14,16001840,179
3300,Explicit Deceptive,14,16001840,180
3301,Explicit Deceptive,14,16001840,181
3302,Explicit Deceptive,14,16001840,182
3303,Explicit Deceptive,14,16001840,183
3304,Explicit Deceptive,14,16001840,184
3305,Explicit Deceptive,14,16001840,185
3306,Explicit Deceptive,14,16001840,186
3307,Explicit Deceptive,14,16001840,187
3308,Explicit Deceptive,14,16001840,188
3309,Explicit Deceptive,14,16001840,189
3310,Explicit Deceptive,14,16001840,190
3311,Explicit Deceptive,14,16001840,191
3312,Explicit Deceptive,14,16001840,192
3313,Explicit Deceptive,14,16001840,193
3314,Explicit Deceptive,14,16001840,194
3315,Explicit Deceptive,14,16001840,195
3316,Explicit Deceptive,14,16001840,196
3317,Explicit Deceptive,14,16001840,197
3318,Explicit Deceptive,14,16001840,198
3319,Explicit Deceptive,14,16001840,199
3320,Explicit Deceptive,14,16001840,200
3321,Explicit Deceptive,14,16001840,201
3322,Explicit Deceptive,14,16001840,202
3323,Explicit Deceptive,14,16001840,203
3324,Explicit Deceptive,14,16001840,204
3325,Explicit Deceptive,14,16001840,205
3326,Explicit Deceptive,14,16001840,206
3327,Explicit Deceptive,14,16001840,207
3328,Explicit Deceptive,14,16001840,208
3329,Explicit Deceptive,14,16001840,209
3330,Explicit Deceptive,14,16001840,210
3331,Explicit Deceptive,14,16001840,211
3332,Explicit Deceptive,14,16001840,212
3333,Explicit Deceptive,14,16001840,213
3334,Explicit Deceptive,14,16001840,214
3335,Explicit Deceptive,14,16001840,215
3336,Explicit Deceptive,14,16001840,216
3337,Explicit Deceptive,14,16001840,217
3338,Explicit Deceptive,14,16001840,218
3339,Explicit Deceptive,14,16001840,219
3340,Explicit Deceptive,14,16001840,220
3341,Explicit Deceptive,14,16001840,221
3342,Explicit Deceptive,14,16001840,222
3343,Explicit Deceptive,14,16001840,223
3344,Explicit Deceptive,14,16001840,224
3345,Explicit Deceptive,14,16001840,225
3346,Explicit Deceptive,14,16001840,226
3347,Explicit Deceptive,14,16001840,227
3348,Explicit Deceptive,14,16001840,228
3349,Explicit Deceptive,14,16001840,229
3350,Explicit Deceptive,14,16001840,230
3351,Explicit Deceptive,14,16001840,231
3352,Explicit Deceptive,14,16001840,232
3353,Explicit Deceptive,14,16001840,233
3354,Explicit Deceptive,14,16001840,234
3355,Explicit Deceptive,14,16001840,235
3356,Explicit Deceptive,14,16001840,236
3357,Explicit Deceptive,14,16001840,237
3358,Explicit Deceptive,14,16001840,238
3359,Explicit Deceptive,14,16001840,239
3360,Explicit Deceptive,14,16001840,240
3361,Explicit Deceptive,15,16001842,1
3362,Explicit Deceptive,15,16001842,2
3363,Explicit Deceptive,15,16001842,3
3364,Explicit Deceptive,15,16001842,4
3365,Explicit Deceptive,15,16001842,5
3366,Explicit Deceptive,15,16001842,6
3367,Explicit Deceptive,15,16001842,7
3368,Explicit Deceptive,15,16001842,8
3369,Explicit Deceptive,15,16001842,9
3370,Explicit Deceptive,15,16001842,10
3371,Explicit Deceptive,15,16001842,11
3372,Explicit Deceptive,15,16001842,12
3373,Explicit Deceptive,15,16001842,13
3374,Explicit Deceptive,15,16001842,14
3375,Explicit Deceptive,15,16001842,15
3376,Explicit Deceptive,15,16001842,16
3377,Explicit Deceptive,15,16001842,17
3378,Explicit Deceptive,15,16001842,18
3379,Explicit Deceptive,15,16001842,19
3380,Explicit Deceptive,15,16001842,20
3381,Explicit Deceptive,15,16001842,21
3382,Explicit Deceptive,15,16001842,22
3383,Explicit Deceptive,15,16001842,23
3384,Explicit Deceptive,15,16001842,24
3385,Explicit Deceptive,15,16001842,25
3386,Explicit Deceptive,15,16001842,26
3387,Explicit Deceptive,15,16001842,27
3388,Explicit Deceptive,15,16001842,28
3389,Explicit Deceptive,15,16001842,29
3390,Explicit Deceptive,15,16001842,30
3391,Explicit Deceptive,15,16001842,31
3392,Explicit Deceptive,15,16001842,32
3393,Explicit Deceptive,15,16001842,33
3394,Explicit Deceptive,15,16001842,34
3395,Explicit Deceptive,15,16001842,35
3396,Explicit Deceptive,15,16001842,36
3397,Explicit Deceptive,15,16001842,37
3398,Explicit Deceptive,15,16001842,38
3399,Explicit Deceptive,15,16001842,39
3400,Explicit Deceptive,15,16001842,40
3401,Explicit Deceptive,15,16001842,41
3402,Explicit Deceptive,15,16001842,42
3403,Explicit Deceptive,15,16001842,43
3404,Explicit Deceptive,15,16001842,44
3405,Explicit Deceptive,15,16001842,45
3406,Explicit Deceptive,15,16001842,46
3407,Explicit Deceptive,15,16001842,47
3408,Explicit Deceptive,15,16001842,48
3409,Explicit Deceptive,15,16001842,49
3410,Explicit Deceptive,15,16001842,50
3411,Explicit Deceptive,15,16001842,51
3412,Explicit Deceptive,15,16001842,52
3413,Explicit Deceptive,15,16001842,53
3414,Explicit Deceptive,15,16001842,54
3415,Explicit Deceptive,15,16001842,55
3416,Explicit Deceptive,15,16001842,56
3417,Explicit Deceptive,15,16001842,57
3418,Explicit Deceptive,15,16001842,58
3419,Explicit Deceptive,15,16001842,59
3420,Explicit Deceptive,15,16001842,60
3421,Explicit Deceptive,15,16001842,61
3422,Explicit Deceptive,15,16001842,62
3423,Explicit Deceptive,15,16001842,63
3424,Explicit Deceptive,15,16001842,64
3425,Explicit Deceptive,15,16001842,65
3426,Explicit Deceptive,15,16001842,66
3427,Explicit Deceptive,15,16001842,67
3428,Explicit Deceptive,15,16001842,68
3429,Explicit Deceptive,15,16001842,69
3430,Explicit Deceptive,15,16001842,70
3431,Explicit Deceptive,15,16001842,71
3432,Explicit Deceptive,15,16001842,72
3433,Explicit Deceptive,15,16001842,73
3434,Explicit Deceptive,15,16001842,74
3435,Explicit Deceptive,15,16001842,75
3436,Explicit Deceptive,15,16001842,76
3437,Explicit Deceptive,15,16001842,77
3438,Explicit Deceptive,15,16001842,78
3439,Explicit Deceptive,15,16001842,79
3440,Explicit Deceptive,15,16001842,80
3441,Explicit Deceptive,15,16001842,81
3442,Explicit Deceptive,15,16001842,82
3443,Explicit Deceptive,15,16001842,83
3444,Explicit Deceptive,15,16001842,84
3445,Explicit Deceptive,15,16001842,85
3446,Explicit Deceptive,15,16001842,86
3447,Explicit Deceptive,15,16001842,87
3448,Explicit Deceptive,15,16001842,88
3449,Explicit Deceptive,15,16001842,89
3450,Explicit Deceptive,15,16001842,90
3451,Explicit Deceptive,15,16001842,91
3452,Explicit Deceptive,15,16001842,92
3453,Explicit Deceptive,15,16001842,93
3454,Explicit Deceptive,15,16001842,94
3455,Explicit Deceptive,15,16001842,95
3456,Explicit Deceptive,15,16001842,96
3457,Explicit Deceptive,15,16001842,97
3458,Explicit Deceptive,15,16001842,98
3459,Explicit Deceptive,15,16001842,99
3460,Explicit Deceptive,15,16001842,100
3461,Explicit Deceptive,15,16001842,101
3462,Explicit Deceptive,15,16001842,102
3463,Explicit Deceptive,15,16001842,103
3464,Explicit Deceptive,15,16001842,104
3465,Explicit Deceptive,15,16001842,105
3466,Explicit Deceptive,15,16001842,106
3467,Explicit Deceptive,15,16001842,107
3468,Explicit Deceptive,15,16001842,108
3469,Explicit Deceptive,15,16001842,109
3470,Explicit Deceptive,15,16001842,110
3471,Explicit Deceptive,15,16001842,111
3472,Explicit Deceptive,15,16001842,112
3473,Explicit Deceptive,15,16001842,113
3474,Explicit Deceptive,15,16001842,114
3475,Explicit Deceptive,15,16001842,115
3476,Explicit Deceptive,15,16001842,116
3477,Explicit Deceptive,15,16001842,117
3478,Explicit Deceptive,15,16001842,118
3479,Explicit Deceptive,15,16001842,119
3480,Explicit Deceptive,15,16001842,120
3481,Explicit Deceptive,15,16001842,121
3482,Explicit Deceptive,15,16001842,122
3483,Explicit Deceptive,15,16001842,123
3484,Explicit Deceptive,15,16001842,124
3485,Explicit Deceptive,15,16001842,125
3486,Explicit Deceptive,15,16001842,126
3487,Explicit Deceptive,15,16001842,127
3488,Explicit Deceptive,15,16001842,128
3489,Explicit Deceptive,15,16001842,129
3490,Explicit Deceptive,15,16001842,130
3491,Explicit Deceptive,15,16001842,131
3492,Explicit Deceptive,15,16001842,132
3493,Explicit Deceptive,15,16001842,133
3494,Explicit Deceptive,15,16001842,134
3495,Explicit Deceptive,15,16001842,135
3496,Explicit Deceptive,15,16001842,136
3497,Explicit Deceptive,15,16001842,137
3498,Explicit Deceptive,15,16001842,138
3499,Explicit Deceptive,15,16001842,139
3500,Explicit Deceptive,15,16001842,140
3501,Explicit Deceptive,15,16001842,141
3502,Explicit Deceptive,15,16001842,142
3503,Explicit Deceptive,15,16001842,143
3504,Explicit Deceptive,15,16001842,144
3505,Explicit Deceptive,15,16001842,145
3506,Explicit Deceptive,15,16001842,146
3507,Explicit Deceptive,15,16001842,147
3508,Explicit Deceptive,15,16001842,148
3509,Explicit Deceptive,15,16001842,149
3510,Explicit Deceptive,15,16001842,150
3511,Explicit Deceptive,15,16001842,151
3512,Explicit Deceptive,15,16001842,152
3513,Explicit Deceptive,15,16001842,153
3514,Explicit Deceptive,15,16001842,154
3515,Explicit Deceptive,15,16001842,155
3516,Explicit Deceptive,15,16001842,156
3517,Explicit Deceptive,15,16001842,157
3518,Explicit Deceptive,15,16001842,158
3519,Explicit Deceptive,15,16001842,159
3520,Explicit Deceptive,15,16001842,160
3521,Explicit Deceptive,15,16001842,161
3522,Explicit Deceptive,15,16001842,162
3523,Explicit Deceptive,15,16001842,163
3524,Explicit Deceptive,15,16001842,164
3525,Explicit Deceptive,15,16001842,165
3526,Explicit Deceptive,15,16001842,166
3527,Explicit Deceptive,15,16001842,167
3528,Explicit Deceptive,15,16001842,168
3529,Explicit Deceptive,15,16001842,169
3530,Explicit Deceptive,15,16001842,170
3531,Explicit Deceptive,15,16001842,171
3532,Explicit Deceptive,15,16001842,172
3533,Explicit Deceptive,15,16001842,173
3534,Explicit Deceptive,15,16001842,174
3535,Explicit Deceptive,15,16001842,175
3536,Explicit Deceptive,15,16001842,176
3537,Explicit Deceptive,15,16001842,177
3538,Explicit Deceptive,15,16001842,178
3539,Explicit Deceptive,15,16001842,179
3540,Explicit Deceptive,15,16001842,180
3541,Explicit Deceptive,15,16001842,181
3542,Explicit Deceptive,15,16001842,182
3543,Explicit Deceptive,15,16001842,183
3544,Explicit Deceptive,15,16001842,184
3545,Explicit Deceptive,15,16001842,185
3546,Explicit Deceptive,15,16001842,186
3547,Explicit Deceptive,15,16001842,187
3548,Explicit Deceptive,15,16001842,188
3549,Explicit Deceptive,15,16001842,189
3550,Explicit Deceptive,15,16001842,190
3551,Explicit Deceptive,15,16001842,191
3552,Explicit Deceptive,15,16001842,192
3553,Explicit Deceptive,15,16001842,193
3554,Explicit Deceptive,15,16001842,194
3555,Explicit Deceptive,15,16001842,195
3556,Explicit Deceptive,15,16001842,196
3557,Explicit Deceptive,15,16001842,197
3558,Explicit Deceptive,15,16001842,198
3559,Explicit Deceptive,15,16001842,199
3560,Explicit Deceptive,15,16001842,200
3561,Explicit Deceptive,15,16001842,201
3562,Explicit Deceptive,15,16001842,202
3563,Explicit Deceptive,15,16001842,203
3564,Explicit Deceptive,15,16001842,204
3565,Explicit Deceptive,15,16001842,205
3566,Explicit Deceptive,15,16001842,206
3567,Explicit Deceptive,15,16001842,207
3568,Explicit Deceptive,15,16001842,208
3569,Explicit Deceptive,15,16001842,209
3570,Explicit Deceptive,15,16001842,210
3571,Explicit Deceptive,15,16001842,211
3572,Explicit Deceptive,15,16001842,212
3573,Explicit Deceptive,15,16001842,213
3574,Explicit Deceptive,15,16001842,214
3575,Explicit Deceptive,15,16001842,215
3576,Explicit Deceptive,15,16001842,216
3577,Explicit Deceptive,15,16001842,217
3578,Explicit Deceptive,15,16001842,218
3579,Explicit Deceptive,15,16001842,219
3580,Explicit Deceptive,15,16001842,220
3581,Explicit Deceptive,15,16001842,221
3582,Explicit Deceptive,15,16001842,222
3583,Explicit Deceptive,15,16001842,223
3584,Explicit Deceptive,15,16001842,224
3585,Explicit Deceptive,15,16001842,225
3586,Explicit Deceptive,15,16001842,226
3587,Explicit Deceptive,15,16001842,227
3588,Explicit Deceptive,15,16001842,228
3589,Explicit Deceptive,15,16001842,229
3590,Explicit Deceptive,15,16001842,230
3591,Explicit Deceptive,15,16001842,231
3592,Explicit Deceptive,15,16001842,232
3593,Explicit Deceptive,15,16001842,233
3594,Explicit Deceptive,15,16001842,234
3595,Explicit Deceptive,15,16001842,235
3596,Explicit Deceptive,15,16001842,236
3597,Explicit Deceptive,15,16001842,237
3598,Explicit Deceptive,15,16001842,238
3599,Explicit Deceptive,15,16001842,239
3600,Explicit Deceptive,15,16001842,240
3601,Explicit Deceptive,16,16001847,1
3602,Explicit Deceptive,16,16001847,2
3603,Explicit Deceptive,16,16001847,3
3604,Explicit Deceptive,16,16001847,4
3605,Explicit Deceptive,16,16001847,5
3606,Explicit Deceptive,16,16001847,6
3607,Explicit Deceptive,16,16001847,7
3608,Explicit Deceptive,16,16001847,8
3609,Explicit Deceptive,16,16001847,9
3610,Explicit Deceptive,16,16001847,10
3611,Explicit Deceptive,16,16001847,11
3612,Explicit Deceptive,16,16001847,12
3613,Explicit Deceptive,16,16001847,13
3614,Explicit Deceptive,16,16001847,14
3615,Explicit Deceptive,16,16001847,15
3616,Explicit Deceptive,16,16001847,16
3617,Explicit Deceptive,16,16001847,17
3618,Explicit Deceptive,16,16001847,18
3619,Explicit Deceptive,16,16001847,19
3620,Explicit Deceptive,16,16001847,20
3621,Explicit Deceptive,16,16001847,21
3622,Explicit Deceptive,16,16001847,22
3623,Explicit Deceptive,16,16001847,23
3624,Explicit Deceptive,16,16001847,24
3625,Explicit Deceptive,16,16001847,25
3626,Explicit Deceptive,16,16001847,26
3627,Explicit Deceptive,16,16001847,27
3628,Explicit Deceptive,16,16001847,28
3629,Explicit Deceptive,16,16001847,29
3630,Explicit Deceptive,16,16001847,30
3631,Explicit Deceptive,16,16001847,31
3632,Explicit Deceptive,16,16001847,32
3633,Explicit Deceptive,16,16001847,33
3634,Explicit Deceptive,16,16001847,34
3635,Explicit Deceptive,16,16001847,35
3636,Explicit Deceptive,16,16001847,36
3637,Explicit Deceptive,16,16001847,37
3638,Explicit Deceptive,16,16001847,38
3639,Explicit Deceptive,16,16001847,39
3640,Explicit Deceptive,16,16001847,40
3641,Explicit Deceptive,16,16001847,41
3642,Explicit Deceptive,16,16001847,42
3643,Explicit Deceptive,16,16001847,43
3644,Explicit Deceptive,16,16001847,44
3645,Explicit Deceptive,16,16001847,45
3646,Explicit Deceptive,16,16001847,46
3647,Explicit Deceptive,16,16001847,47
3648,Explicit Deceptive,16,16001847,48
3649,Explicit Deceptive,16,16001847,49
3650,Explicit Deceptive,16,16001847,50
3651,Explicit Deceptive,16,16001847,51
3652,Explicit Deceptive,16,16001847,52
3653,Explicit Deceptive,16,16001847,53
3654,Explicit Deceptive,16,16001847,54
3655,Explicit Deceptive,16,16001847,55
3656,Explicit Deceptive,16,16001847,56
3657,Explicit Deceptive,16,16001847,57
3658,Explicit Deceptive,16,16001847,58
3659,Explicit Deceptive,16,16001847,59
3660,Explicit Deceptive,16,16001847,60
3661,Explicit Deceptive,16,16001847,61
3662,Explicit Deceptive,16,16001847,62
3663,Explicit Deceptive,16,16001847,63
3664,Explicit Deceptive,16,16001847,64
3665,Explicit Deceptive,16,16001847,65
3666,Explicit Deceptive,16,16001847,66
3667,Explicit Deceptive,16,16001847,67
3668,Explicit Deceptive,16,16001847,68
3669,Explicit Deceptive,16,16001847,69
3670,Explicit Deceptive,16,16001847,70
3671,Explicit Deceptive,16,16001847,71
3672,Explicit Deceptive,16,16001847,72
3673,Explicit Deceptive,16,16001847,73
3674,Explicit Deceptive,16,16001847,74
3675,Explicit Deceptive,16,16001847,75
3676,Explicit Deceptive,16,16001847,76
3677,Explicit Deceptive,16,16001847,77
3678,Explicit Deceptive,16,16001847,78
3679,Explicit Deceptive,16,16001847,79
3680,Explicit Deceptive,16,16001847,80
3681,Explicit Deceptive,16,16001847,81
3682,Explicit Deceptive,16,16001847,82
3683,Explicit Deceptive,16,16001847,83
3684,Explicit Deceptive,16,16001847,84
3685,Explicit Deceptive,16,16001847,85
3686,Explicit Deceptive,16,16001847,86
3687,Explicit Deceptive,16,16001847,87
3688,Explicit Deceptive,16,16001847,88
3689,Explicit Deceptive,16,16001847,89
3690,Explicit Deceptive,16,16001847,90
3691,Explicit Deceptive,16,16001847,91
3692,Explicit Deceptive,16,16001847,92
3693,Explicit Deceptive,16,16001847,93
3694,Explicit Deceptive,16,16001847,94
3695,Explicit Deceptive,16,16001847,95
3696,Explicit Deceptive,16,16001847,96
3697,Explicit Deceptive,16,16001847,97
3698,Explicit Deceptive,16,16001847,98
3699,Explicit Deceptive,16,16001847,99
3700,Explicit Deceptive,16,16001847,100
3701,Explicit Deceptive,16,16001847,101
3702,Explicit Deceptive,16,16001847,102
3703,Explicit Deceptive,16,16001847,103
3704,Explicit Deceptive,16,16001847,104
3705,Explicit Deceptive,16,16001847,105
3706,Explicit Deceptive,16,16001847,106
3707,Explicit Deceptive,16,16001847,107
3708,Explicit Deceptive,16,16001847,108
3709,Explicit Deceptive,16,16001847,109
3710,Explicit Deceptive,16,16001847,110
3711,Explicit Deceptive,16,16001847,111
3712,Explicit Deceptive,16,16001847,112
3713,Explicit Deceptive,16,16001847,113
3714,Explicit Deceptive,16,16001847,114
3715,Explicit Deceptive,16,16001847,115
3716,Explicit Deceptive,16,16001847,116
3717,Explicit Deceptive,16,16001847,117
3718,Explicit Deceptive,16,16001847,118
3719,Explicit Deceptive,16,16001847,119
3720,Explicit Deceptive,16,16001847,120
3721,Explicit Deceptive,16,16001847,121
3722,Explicit Deceptive,16,16001847,122
3723,Explicit Deceptive,16,16001847,123
3724,Explicit Deceptive,16,16001847,124
3725,Explicit Deceptive,16,16001847,125
3726,Explicit Deceptive,16,16001847,126
3727,Explicit Deceptive,16,16001847,127
3728,Explicit Deceptive,16,16001847,128
3729,Explicit Deceptive,16,16001847,129
3730,Explicit Deceptive,16,16001847,130
3731,Explicit Deceptive,16,16001847,131
3732,Explicit Deceptive,16,16001847,132
3733,Explicit Deceptive,16,16001847,133
3734,Explicit Deceptive,16,16001847,134
3735,Explicit Deceptive,16,16001847,135
3736,Explicit Deceptive,16,16001847,136
3737,Explicit Deceptive,16,16001847,137
3738,Explicit Deceptive,16,16001847,138
3739,Explicit Deceptive,16,16001847,139
3740,Explicit Deceptive,16,16001847,140
3741,Explicit Deceptive,16,16001847,141
3742,Explicit Deceptive,16,16001847,142
3743,Explicit Deceptive,16,16001847,143
3744,Explicit Deceptive,16,16001847,144
3745,Explicit Deceptive,16,16001847,145
3746,Explicit Deceptive,16,16001847,146
3747,Explicit Deceptive,16,16001847,147
3748,Explicit Deceptive,16,16001847,148
3749,Explicit Deceptive,16,16001847,149
3750,Explicit Deceptive,16,16001847,150
3751,Explicit Deceptive,16,16001847,151
3752,Explicit Deceptive,16,16001847,152
3753,Explicit Deceptive,16,16001847,153
3754,Explicit Deceptive,16,16001847,154
3755,Explicit Deceptive,16,16001847,155
3756,Explicit Deceptive,16,16001847,156
3757,Explicit Deceptive,16,16001847,157
3758,Explicit Deceptive,16,16001847,158
3759,Explicit Deceptive,16,16001847,159
3760,Explicit Deceptive,16,16001847,160
3761,Explicit Deceptive,16,16001847,161
3762,Explicit Deceptive,16,16001847,162
3763,Explicit Deceptive,16,16001847,163
3764,Explicit Deceptive,16,16001847,164
3765,Explicit Deceptive,16,16001847,165
3766,Explicit Deceptive,16,16001847,166
3767,Explicit Deceptive,16,16001847,167
3768,Explicit Deceptive,16,16001847,168
3769,Explicit Deceptive,16,16001847,169
3770,Explicit Deceptive,16,16001847,170
3771,Explicit Deceptive,16,16001847,171
3772,Explicit Deceptive,16,16001847,172
3773,Explicit Deceptive,16,16001847,173
3774,Explicit Deceptive,16,16001847,174
3775,Explicit Deceptive,16,16001847,175
3776,Explicit Deceptive,16,16001847,176
3777,Explicit Deceptive,16,16001847,177
3778,Explicit Deceptive,16,16001847,178
3779,Explicit Deceptive,16,16001847,179
3780,Explicit Deceptive,16,16001847,180
3781,Explicit Deceptive,16,16001847,181
3782,Explicit Deceptive,16,16001847,182
3783,Explicit Deceptive,16,16001847,183
3784,Explicit Deceptive,16,16001847,184
3785,Explicit Deceptive,16,16001847,185
3786,Explicit Deceptive,16,16001847,186
3787,Explicit Deceptive,16,16001847,187
3788,Explicit Deceptive,16,16001847,188
3789,Explicit Deceptive,16,16001847,189
3790,Explicit Deceptive,16,16001847,190
3791,Explicit Deceptive,16,16001847,191
3792,Explicit Deceptive,16,16001847,192
3793,Explicit Deceptive,16,16001847,193
3794,Explicit Deceptive,16,16001847,194
3795,Explicit Deceptive,16,16001847,195
3796,Explicit Deceptive,16,16001847,196
3797,Explicit Deceptive,16,16001847,197
3798,Explicit Deceptive,16,16001847,198
3799,Explicit Deceptive,16,16001847,199
3800,Explicit Deceptive,16,16001847,200
3801,Explicit Deceptive,16,16001847,201
3802,Explicit Deceptive,16,16001847,202
3803,Explicit Deceptive,16,16001847,203
3804,Explicit Deceptive,16,16001847,204
3805,Explicit Deceptive,16,16001847,205
3806,Explicit Deceptive,16,16001847,206
3807,Explicit Deceptive,16,16001847,207
3808,Explicit Deceptive,16,16001847,208
3809,Explicit Deceptive,16,16001847,209
3810,Explicit Deceptive,16,16001847,210
3811,Explicit Deceptive,16,16001847,211
3812,Explicit Deceptive,16,16001847,212
3813,Explicit Deceptive,16,16001847,213
3814,Explicit Deceptive,16,16001847,214
3815,Explicit Deceptive,16,16001847,215
3816,Explicit Deceptive,16,16001847,216
3817,Explicit Deceptive,16,16001847,217
3818,Explicit Deceptive,16,16001847,218
3819,Explicit Deceptive,16,16001847,219
3820,Explicit Deceptive,16,16001847,220
3821,Explicit Deceptive,16,16001847,221
3822,Explicit Deceptive,16,16001847,222
3823,Explicit Deceptive,16,16001847,223
3824,Explicit Deceptive,16,16001847,224
3825,Explicit Deceptive,16,16001847,225
3826,Explicit Deceptive,16,16001847,226
3827,Explicit Deceptive,16,16001847,227
3828,Explicit Deceptive,16,16001847,228
3829,Explicit Deceptive,16,16001847,229
3830,Explicit Deceptive,16,16001847,230
3831,Explicit Deceptive,16,16001847,231
3832,Explicit Deceptive,16,16001847,232
3833,Explicit Deceptive,16,16001847,233
3834,Explicit Deceptive,16,16001847,234
3835,Explicit Deceptive,16,16001847,235
3836,Explicit Deceptive,16,16001847,236
3837,Explicit Deceptive,16,16001847,237
3838,Explicit Deceptive,16,16001847,238
3839,Explicit Deceptive,16,16001847,239
3840,Explicit Deceptive,16,16001847,240
3841,Explicit Deceptive,17,16003018,1
3842,Explicit Deceptive,17,16003018,2
3843,Explicit Deceptive,17,16003018,3
3844,Explicit Deceptive,17,16003018,4
3845,Explicit Deceptive,17,16003018,5
3846,Explicit Deceptive,17,16003018,6
3847,Explicit Deceptive,17,16003018,7
3848,Explicit Deceptive,17,16003018,8
3849,Explicit Deceptive,17,16003018,9
3850,Explicit Deceptive,17,16003018,10
3851,Explicit Deceptive,17,16003018,11
3852,Explicit Deceptive,17,16003018,12
3853,Explicit Deceptive,17,16003018,13
3854,Explicit Deceptive,17,16003018,14
3855,Explicit Deceptive,17,16003018,15
3856,Explicit Deceptive,17,16003018,16
3857,Explicit Deceptive,17,16003018,17
3858,Explicit Deceptive,17,16003018,18
3859,Explicit Deceptive,17,16003018,19
3860,Explicit Deceptive,17,16003018,20
3861,Explicit Deceptive,17,16003018,21
3862,Explicit Deceptive,17,16003018,22
3863,Explicit Deceptive,17,16003018,23
3864,Explicit Deceptive,17,16003018,24
3865,Explicit Deceptive,17,16003018,25
3866,Explicit Deceptive,17,16003018,26
3867,Explicit Deceptive,17,16003018,27
3868,Explicit Deceptive,17,16003018,28
3869,Explicit Deceptive,17,16003018,29
3870,Explicit Deceptive,17,16003018,30
3871,Explicit Deceptive,17,16003018,31
3872,Explicit Deceptive,17,16003018,32
3873,Explicit Deceptive,17,16003018,33
3874,Explicit Deceptive,17,16003018,34
3875,Explicit Deceptive,17,16003018,35
3876,Explicit Deceptive,17,16003018,36
3877,Explicit Deceptive,17,16003018,37
3878,Explicit Deceptive,17,16003018,38
3879,Explicit Deceptive,17,16003018,39
3880,Explicit Deceptive,17,16003018,40
3881,Explicit Deceptive,17,16003018,41
3882,Explicit Deceptive,17,16003018,42
3883,Explicit Deceptive,17,16003018,43
3884,Explicit Deceptive,17,16003018,44
3885,Explicit Deceptive,17,16003018,45
3886,Explicit Deceptive,17,16003018,46
3887,Explicit Deceptive,17,16003018,47
3888,Explicit Deceptive,17,16003018,48
3889,Explicit Deceptive,17,16003018,49
3890,Explicit Deceptive,17,16003018,50
3891,Explicit Deceptive,17,16003018,51
3892,Explicit Deceptive,17,16003018,52
3893,Explicit Deceptive,17,16003018,53
3894,Explicit Deceptive,17,16003018,54
3895,Explicit Deceptive,17,16003018,55
3896,Explicit Deceptive,17,16003018,56
3897,Explicit Deceptive,17,16003018,57
3898,Explicit Deceptive,17,16003018,58
3899,Explicit Deceptive,17,16003018,59
3900,Explicit Deceptive,17,16003018,60
3901,Explicit Deceptive,17,16003018,61
3902,Explicit Deceptive,17,16003018,62
3903,Explicit Deceptive,17,16003018,63
3904,Explicit Deceptive,17,16003018,64
3905,Explicit Deceptive,17,16003018,65
3906,Explicit Deceptive,17,16003018,66
3907,Explicit Deceptive,17,16003018,67
3908,Explicit Deceptive,17,16003018,68
3909,Explicit Deceptive,17,16003018,69
3910,Explicit Deceptive,17,16003018,70
3911,Explicit Deceptive,17,16003018,71
3912,Explicit Deceptive,17,16003018,72
3913,Explicit Deceptive,17,16003018,73
3914,Explicit Deceptive,17,16003018,74
3915,Explicit Deceptive,17,16003018,75
3916,Explicit Deceptive,17,16003018,76
3917,Explicit Deceptive,17,16003018,77
3918,Explicit Deceptive,17,16003018,78
3919,Explicit Deceptive,17,16003018,79
3920,Explicit Deceptive,17,16003018,80
3921,Explicit Deceptive,17,16003018,81
3922,Explicit Deceptive,17,16003018,82
3923,Explicit Deceptive,17,16003018,83
3924,Explicit Deceptive,17,16003018,84
3925,Explicit Deceptive,17,16003018,85
3926,Explicit Deceptive,17,16003018,86
3927,Explicit Deceptive,17,16003018,87
3928,Explicit Deceptive,17,16003018,88
3929,Explicit Deceptive,17,16003018,89
3930,Explicit Deceptive,17,16003018,90
3931,Explicit Deceptive,17,16003018,91
3932,Explicit Deceptive,17,16003018,92
3933,Explicit Deceptive,17,16003018,93
3934,Explicit Deceptive,17,16003018,94
3935,Explicit Deceptive,17,16003018,95
3936,Explicit Deceptive,17,16003018,96
3937,Explicit Deceptive,17,16003018,97
3938,Explicit Deceptive,17,16003018,98
3939,Explicit Deceptive,17,16003018,99
3940,Explicit Deceptive,17,16003018,100
3941,Explicit Deceptive,17,16003018,101
3942,Explicit Deceptive,17,16003018,102
3943,Explicit Deceptive,17,16003018,103
3944,Explicit Deceptive,17,16003018,104
3945,Explicit Deceptive,17,16003018,105
3946,Explicit Deceptive,17,16003018,106
3947,Explicit Deceptive,17,16003018,107
3948,Explicit Deceptive,17,16003018,108
3949,Explicit Deceptive,17,16003018,109
3950,Explicit Deceptive,17,16003018,110
3951,Explicit Deceptive,17,16003018,111
3952,Explicit Deceptive,17,16003018,112
3953,Explicit Deceptive,17,16003018,113
3954,Explicit Deceptive,17,16003018,114
3955,Explicit Deceptive,17,16003018,115
3956,Explicit Deceptive,17,16003018,116
3957,Explicit Deceptive,17,16003018,117
3958,Explicit Deceptive,17,16003018,118
3959,Explicit Deceptive,17,16003018,119
3960,Explicit Deceptive,17,16003018,120
3961,Explicit Deceptive,17,16003018,121
3962,Explicit Deceptive,17,16003018,122
3963,Explicit Deceptive,17,16003018,123
3964,Explicit Deceptive,17,16003018,124
3965,Explicit Deceptive,17,16003018,125
3966,Explicit Deceptive,17,16003018,126
3967,Explicit Deceptive,17,16003018,127
3968,Explicit Deceptive,17,16003018,128
3969,Explicit Deceptive,17,16003018,129
3970,Explicit Deceptive,17,16003018,130
3971,Explicit Deceptive,17,16003018,131
3972,Explicit Deceptive,17,16003018,132
3973,Explicit Deceptive,17,16003018,133
3974,Explicit Deceptive,17,16003018,134
3975,Explicit Deceptive,17,16003018,135
3976,Explicit Deceptive,17,16003018,136
3977,Explicit Deceptive,17,16003018,137
3978,Explicit Deceptive,17,16003018,138
3979,Explicit Deceptive,17,16003018,139
3980,Explicit Deceptive,17,16003018,140
3981,Explicit Deceptive,17,16003018,141
3982,Explicit Deceptive,17,16003018,142
3983,Explicit Deceptive,17,16003018,143
3984,Explicit Deceptive,17,16003018,144
3985,Explicit Deceptive,17,16003018,145
3986,Explicit Deceptive,17,16003018,146
3987,Explicit Deceptive,17,16003018,147
3988,Explicit Deceptive,17,16003018,148
3989,Explicit Deceptive,17,16003018,149
3990,Explicit Deceptive,17,16003018,150
3991,Explicit Deceptive,17,16003018,151
3992,Explicit Deceptive,17,16003018,152
3993,Explicit Deceptive,17,16003018,153
3994,Explicit Deceptive,17,16003018,154
3995,Explicit Deceptive,17,16003018,155
3996,Explicit Deceptive,17,16003018,156
3997,Explicit Deceptive,17,16003018,157
3998,Explicit Deceptive,17,16003018,158
3999,Explicit Deceptive,17,16003018,159
4000,Explicit Deceptive,17,16003018,160
4001,Explicit Deceptive,17,16003018,161
4002,Explicit Deceptive,17,16003018,162
4003,Explicit Deceptive,17,16003018,163
4004,Explicit Deceptive,17,16003018,164
4005,Explicit Deceptive,17,16003018,165
4006,Explicit Deceptive,17,16003018,166
4007,Explicit Deceptive,17,16003018,167
4008,Explicit Deceptive,17,16003018,168
4009,Explicit Deceptive,17,16003018,169
4010,Explicit Deceptive,17,16003018,170
4011,Explicit Deceptive,17,16003018,171
4012,Explicit Deceptive,17,16003018,172
4013,Explicit Deceptive,17,16003018,173
4014,Explicit Deceptive,17,16003018,174
4015,Explicit Deceptive,17,16003018,175
4016,Explicit Deceptive,17,16003018,176
4017,Explicit Deceptive,17,16003018,177
4018,Explicit Deceptive,17,16003018,178
4019,Explicit Deceptive,17,16003018,179
4020,Explicit Deceptive,17,16003018,180
4021,Explicit Deceptive,17,16003018,181
4022,Explicit Deceptive,17,16003018,182
4023,Explicit Deceptive,17,16003018,183
4024,Explicit Deceptive,17,16003018,184
4025,Explicit Deceptive,17,16003018,185
4026,Explicit Deceptive,17,16003018,186
4027,Explicit Deceptive,17,16003018,187
4028,Explicit Deceptive,17,16003018,188
4029,Explicit Deceptive,17,16003018,189
4030,Explicit Deceptive,17,16003018,190
4031,Explicit Deceptive,17,16003018,191
4032,Explicit Deceptive,17,16003018,192
4033,Explicit Deceptive,17,16003018,193
4034,Explicit Deceptive,17,16003018,194
4035,Explicit Deceptive,17,16003018,195
4036,Explicit Deceptive,17,16003018,196
4037,Explicit Deceptive,17,16003018,197
4038,Explicit Deceptive,17,16003018,198
4039,Explicit Deceptive,17,16003018,199
4040,Explicit Deceptive,17,16003018,200
4041,Explicit Deceptive,17,16003018,201
4042,Explicit Deceptive,17,16003018,202
4043,Explicit Deceptive,17,16003018,203
4044,Explicit Deceptive,17,16003018,204
4045,Explicit Deceptive,17,16003018,205
4046,Explicit Deceptive,17,16003018,206
4047,Explicit Deceptive,17,16003018,207
4048,Explicit Deceptive,17,16003018,208
4049,Explicit Deceptive,17,16003018,209
4050,Explicit Deceptive,17,16003018,210
4051,Explicit Deceptive,17,16003018,211
4052,Explicit Deceptive,17,16003018,212
4053,Explicit Deceptive,17,16003018,213
4054,Explicit Deceptive,17,16003018,214
4055,Explicit Deceptive,17,16003018,215
4056,Explicit Deceptive,17,16003018,216
4057,Explicit Deceptive,17,16003018,217
4058,Explicit Deceptive,17,16003018,218
4059,Explicit Deceptive,17,16003018,219
4060,Explicit Deceptive,17,16003018,220
4061,Explicit Deceptive,17,16003018,221
4062,Explicit Deceptive,17,16003018,222
4063,Explicit Deceptive,17,16003018,223
4064,Explicit Deceptive,17,16003018,224
4065,Explicit Deceptive,17,16003018,225
4066,Explicit Deceptive,17,16003018,226
4067,Explicit Deceptive,17,16003018,227
4068,Explicit Deceptive,17,16003018,228
4069,Explicit Deceptive,17,16003018,229
4070,Explicit Deceptive,17,16003018,230
4071,Explicit Deceptive,17,16003018,231
4072,Explicit Deceptive,17,16003018,232
4073,Explicit Deceptive,17,16003018,233
4074,Explicit Deceptive,17,16003018,234
4075,Explicit Deceptive,17,16003018,235
4076,Explicit Deceptive,17,16003018,236
4077,Explicit Deceptive,17,16003018,237
4078,Explicit Deceptive,17,16003018,238
4079,Explicit Deceptive,17,16003018,239
4080,Explicit Deceptive,17,16003018,240
4081,Explicit Deceptive,18,16023151,1
4082,Explicit Deceptive,18,16023151,2
4083,Explicit Deceptive,18,16023151,3
4084,Explicit Deceptive,18,16023151,4
4085,Explicit Deceptive,18,16023151,5
4086,Explicit Deceptive,18,16023151,6
4087,Explicit Deceptive,18,16023151,7
4088,Explicit Deceptive,18,16023151,8
4089,Explicit Deceptive,18,16023151,9
4090,Explicit Deceptive,18,16023151,10
4091,Explicit Deceptive,18,16023151,11
4092,Explicit Deceptive,18,16023151,12
4093,Explicit Deceptive,18,16023151,13
4094,Explicit Deceptive,18,16023151,14
4095,Explicit Deceptive,18,16023151,15
4096,Explicit Deceptive,18,16023151,16
4097,Explicit Deceptive,18,16023151,17
4098,Explicit Deceptive,18,16023151,18
4099,Explicit Deceptive,18,16023151,19
4100,Explicit Deceptive,18,16023151,20
4101,Explicit Deceptive,18,16023151,21
4102,Explicit Deceptive,18,16023151,22
4103,Explicit Deceptive,18,16023151,23
4104,Explicit Deceptive,18,16023151,24
4105,Explicit Deceptive,18,16023151,25
4106,Explicit Deceptive,18,16023151,26
4107,Explicit Deceptive,18,16023151,27
4108,Explicit Deceptive,18,16023151,28
4109,Explicit Deceptive,18,16023151,29
4110,Explicit Deceptive,18,16023151,30
4111,Explicit Deceptive,18,16023151,31
4112,Explicit Deceptive,18,16023151,32
4113,Explicit Deceptive,18,16023151,33
4114,Explicit Deceptive,18,16023151,34
4115,Explicit Deceptive,18,16023151,35
4116,Explicit Deceptive,18,16023151,36
4117,Explicit Deceptive,18,16023151,37
4118,Explicit Deceptive,18,16023151,38
4119,Explicit Deceptive,18,16023151,39
4120,Explicit Deceptive,18,16023151,40
4121,Explicit Deceptive,18,16023151,41
4122,Explicit Deceptive,18,16023151,42
4123,Explicit Deceptive,18,16023151,43
4124,Explicit Deceptive,18,16023151,44
4125,Explicit Deceptive,18,16023151,45
4126,Explicit Deceptive,18,16023151,46
4127,Explicit Deceptive,18,16023151,47
4128,Explicit Deceptive,18,16023151,48
4129,Explicit Deceptive,18,16023151,49
4130,Explicit Deceptive,18,16023151,50
4131,Explicit Deceptive,18,16023151,51
4132,Explicit Deceptive,18,16023151,52
4133,Explicit Deceptive,18,16023151,53
4134,Explicit Deceptive,18,16023151,54
4135,Explicit Deceptive,18,16023151,55
4136,Explicit Deceptive,18,16023151,56
4137,Explicit Deceptive,18,16023151,57
4138,Explicit Deceptive,18,16023151,58
4139,Explicit Deceptive,18,16023151,59
4140,Explicit Deceptive,18,16023151,60
4141,Explicit Deceptive,18,16023151,61
4142,Explicit Deceptive,18,16023151,62
4143,Explicit Deceptive,18,16023151,63
4144,Explicit Deceptive,18,16023151,64
4145,Explicit Deceptive,18,16023151,65
4146,Explicit Deceptive,18,16023151,66
4147,Explicit Deceptive,18,16023151,67
4148,Explicit Deceptive,18,16023151,68
4149,Explicit Deceptive,18,16023151,69
4150,Explicit Deceptive,18,16023151,70
4151,Explicit Deceptive,18,16023151,71
4152,Explicit Deceptive,18,16023151,72
4153,Explicit Deceptive,18,16023151,73
4154,Explicit Deceptive,18,16023151,74
4155,Explicit Deceptive,18,16023151,75
4156,Explicit Deceptive,18,16023151,76
4157,Explicit Deceptive,18,16023151,77
4158,Explicit Deceptive,18,16023151,78
4159,Explicit Deceptive,18,16023151,79
4160,Explicit Deceptive,18,16023151,80
4161,Explicit Deceptive,18,16023151,81
4162,Explicit Deceptive,18,16023151,82
4163,Explicit Deceptive,18,16023151,83
4164,Explicit Deceptive,18,16023151,84
4165,Explicit Deceptive,18,16023151,85
4166,Explicit Deceptive,18,16023151,86
4167,Explicit Deceptive,18,16023151,87
4168,Explicit Deceptive,18,16023151,88
4169,Explicit Deceptive,18,16023151,89
4170,Explicit Deceptive,18,16023151,90
4171,Explicit Deceptive,18,16023151,91
4172,Explicit Deceptive,18,16023151,92
4173,Explicit Deceptive,18,16023151,93
4174,Explicit Deceptive,18,16023151,94
4175,Explicit Deceptive,18,16023151,95
4176,Explicit Deceptive,18,16023151,96
4177,Explicit Deceptive,18,16023151,97
4178,Explicit Deceptive,18,16023151,98
4179,Explicit Deceptive,18,16023151,99
4180,Explicit Deceptive,18,16023151,100
4181,Explicit Deceptive,18,16023151,101
4182,Explicit Deceptive,18,16023151,102
4183,Explicit Deceptive,18,16023151,103
4184,Explicit Deceptive,18,16023151,104
4185,Explicit Deceptive,18,16023151,105
4186,Explicit Deceptive,18,16023151,106
4187,Explicit Deceptive,18,16023151,107
4188,Explicit Deceptive,18,16023151,108
4189,Explicit Deceptive,18,16023151,109
4190,Explicit Deceptive,18,16023151,110
4191,Explicit Deceptive,18,16023151,111
4192,Explicit Deceptive,18,16023151,112
4193,Explicit Deceptive,18,16023151,113
4194,Explicit Deceptive,18,16023151,114
4195,Explicit Deceptive,18,16023151,115
4196,Explicit Deceptive,18,16023151,116
4197,Explicit Deceptive,18,16023151,117
4198,Explicit Deceptive,18,16023151,118
4199,Explicit Deceptive,18,16023151,119
4200,Explicit Deceptive,18,16023151,120
4201,Explicit Deceptive,18,16023151,121
4202,Explicit Deceptive,18,16023151,122
4203,Explicit Deceptive,18,16023151,123
4204,Explicit Deceptive,18,16023151,124
4205,Explicit Deceptive,18,16023151,125
4206,Explicit Deceptive,18,16023151,126
4207,Explicit Deceptive,18,16023151,127
4208,Explicit Deceptive,18,16023151,128
4209,Explicit Deceptive,18,16023151,129
4210,Explicit Deceptive,18,16023151,130
4211,Explicit Deceptive,18,16023151,131
4212,Explicit Deceptive,18,16023151,132
4213,Explicit Deceptive,18,16023151,133
4214,Explicit Deceptive,18,16023151,134
4215,Explicit Deceptive,18,16023151,135
4216,Explicit Deceptive,18,16023151,136
4217,Explicit Deceptive,18,16023151,137
4218,Explicit Deceptive,18,16023151,138
4219,Explicit Deceptive,18,16023151,139
4220,Explicit Deceptive,18,16023151,140
4221,Explicit Deceptive,18,16023151,141
4222,Explicit Deceptive,18,16023151,142
4223,Explicit Deceptive,18,16023151,143
4224,Explicit Deceptive,18,16023151,144
4225,Explicit Deceptive,18,16023151,145
4226,Explicit Deceptive,18,16023151,146
4227,Explicit Deceptive,18,16023151,147
4228,Explicit Deceptive,18,16023151,148
4229,Explicit Deceptive,18,16023151,149
4230,Explicit Deceptive,18,16023151,150
4231,Explicit Deceptive,18,16023151,151
4232,Explicit Deceptive,18,16023151,152
4233,Explicit Deceptive,18,16023151,153
4234,Explicit Deceptive,18,16023151,154
4235,Explicit Deceptive,18,16023151,155
4236,Explicit Deceptive,18,16023151,156
4237,Explicit Deceptive,18,16023151,157
4238,Explicit Deceptive,18,16023151,158
4239,Explicit Deceptive,18,16023151,159
4240,Explicit Deceptive,18,16023151,160
4241,Explicit Deceptive,18,16023151,161
4242,Explicit Deceptive,18,16023151,162
4243,Explicit Deceptive,18,16023151,163
4244,Explicit Deceptive,18,16023151,164
4245,Explicit Deceptive,18,16023151,165
4246,Explicit Deceptive,18,16023151,166
4247,Explicit Deceptive,18,16023151,167
4248,Explicit Deceptive,18,16023151,168
4249,Explicit Deceptive,18,16023151,169
4250,Explicit Deceptive,18,16023151,170
4251,Explicit Deceptive,18,16023151,171
4252,Explicit Deceptive,18,16023151,172
4253,Explicit Deceptive,18,16023151,173
4254,Explicit Deceptive,18,16023151,174
4255,Explicit Deceptive,18,16023151,175
4256,Explicit Deceptive,18,16023151,176
4257,Explicit Deceptive,18,16023151,177
4258,Explicit Deceptive,18,16023151,178
4259,Explicit Deceptive,18,16023151,179
4260,Explicit Deceptive,18,16023151,180
4261,Explicit Deceptive,18,16023151,181
4262,Explicit Deceptive,18,16023151,182
4263,Explicit Deceptive,18,16023151,183
4264,Explicit Deceptive,18,16023151,184
4265,Explicit Deceptive,18,16023151,185
4266,Explicit Deceptive,18,16023151,186
4267,Explicit Deceptive,18,16023151,187
4268,Explicit Deceptive,18,16023151,188
4269,Explicit Deceptive,18,16023151,189
4270,Explicit Deceptive,18,16023151,190
4271,Explicit Deceptive,18,16023151,191
4272,Explicit Deceptive,18,16023151,192
4273,Explicit Deceptive,18,16023151,193
4274,Explicit Deceptive,18,16023151,194
4275,Explicit Deceptive,18,16023151,195
4276,Explicit Deceptive,18,16023151,196
4277,Explicit Deceptive,18,16023151,197
4278,Explicit Deceptive,18,16023151,198
4279,Explicit Deceptive,18,16023151,199
4280,Explicit Deceptive,18,16023151,200
4281,Explicit Deceptive,18,16023151,201
4282,Explicit Deceptive,18,16023151,202
4283,Explicit Deceptive,18,16023151,203
4284,Explicit Deceptive,18,16023151,204
4285,Explicit Deceptive,18,16023151,205
4286,Explicit Deceptive,18,16023151,206
4287,Explicit Deceptive,18,16023151,207
4288,Explicit Deceptive,18,16023151,208
4289,Explicit Deceptive,18,16023151,209
4290,Explicit Deceptive,18,16023151,210
4291,Explicit Deceptive,18,16023151,211
4292,Explicit Deceptive,18,16023151,212
4293,Explicit Deceptive,18,16023151,213
4294,Explicit Deceptive,18,16023151,214
4295,Explicit Deceptive,18,16023151,215
4296,Explicit Deceptive,18,16023151,216
4297,Explicit Deceptive,18,16023151,217
4298,Explicit Deceptive,18,16023151,218
4299,Explicit Deceptive,18,16023151,219
4300,Explicit Deceptive,18,16023151,220
4301,Explicit Deceptive,18,16023151,221
4302,Explicit Deceptive,18,16023151,222
4303,Explicit Deceptive,18,16023151,223
4304,Explicit Deceptive,18,16023151,224
4305,Explicit Deceptive,18,16023151,225
4306,Explicit Deceptive,18,16023151,226
4307,Explicit Deceptive,18,16023151,227
4308,Explicit Deceptive,18,16023151,228
4309,Explicit Deceptive,18,16023151,229
4310,Explicit Deceptive,18,16023151,230
4311,Explicit Deceptive,18,16023151,231
4312,Explicit Deceptive,18,16023151,232
4313,Explicit Deceptive,18,16023151,233
4314,Explicit Deceptive,18,16023151,234
4315,Explicit Deceptive,18,16023151,235
4316,Explicit Deceptive,18,16023151,236
4317,Explicit Deceptive,18,16023151,237
4318,Explicit Deceptive,18,16023151,238
4319,Explicit Deceptive,18,16023151,239
4320,Explicit Deceptive,18,16023151,240
4321,Explicit Deceptive,19,16023171,1
4322,Explicit Deceptive,19,16023171,2
4323,Explicit Deceptive,19,16023171,3
4324,Explicit Deceptive,19,16023171,4
4325,Explicit Deceptive,19,16023171,5
4326,Explicit Deceptive,19,16023171,6
4327,Explicit Deceptive,19,16023171,7
4328,Explicit Deceptive,19,16023171,8
4329,Explicit Deceptive,19,16023171,9
4330,Explicit Deceptive,19,16023171,10
4331,Explicit Deceptive,19,16023171,11
4332,Explicit Deceptive,19,16023171,12
4333,Explicit Deceptive,19,16023171,13
4334,Explicit Deceptive,19,16023171,14
4335,Explicit Deceptive,19,16023171,15
4336,Explicit Deceptive,19,16023171,16
4337,Explicit Deceptive,19,16023171,17
4338,Explicit Deceptive,19,16023171,18
4339,Explicit Deceptive,19,16023171,19
4340,Explicit Deceptive,19,16023171,20
4341,Explicit Deceptive,19,16023171,21
4342,Explicit Deceptive,19,16023171,22
4343,Explicit Deceptive,19,16023171,23
4344,Explicit Deceptive,19,16023171,24
4345,Explicit Deceptive,19,16023171,25
4346,Explicit Deceptive,19,16023171,26
4347,Explicit Deceptive,19,16023171,27
4348,Explicit Deceptive,19,16023171,28
4349,Explicit Deceptive,19,16023171,29
4350,Explicit Deceptive,19,16023171,30
4351,Explicit Deceptive,19,16023171,31
4352,Explicit Deceptive,19,16023171,32
4353,Explicit Deceptive,19,16023171,33
4354,Explicit Deceptive,19,16023171,34
4355,Explicit Deceptive,19,16023171,35
4356,Explicit Deceptive,19,16023171,36
4357,Explicit Deceptive,19,16023171,37
4358,Explicit Deceptive,19,16023171,38
4359,Explicit Deceptive,19,16023171,39
4360,Explicit Deceptive,19,16023171,40
4361,Explicit Deceptive,19,16023171,41
4362,Explicit Deceptive,19,16023171,42
4363,Explicit Deceptive,19,16023171,43
4364,Explicit Deceptive,19,16023171,44
4365,Explicit Deceptive,19,16023171,45
4366,Explicit Deceptive,19,16023171,46
4367,Explicit Deceptive,19,16023171,47
4368,Explicit Deceptive,19,16023171,48
4369,Explicit Deceptive,19,16023171,49
4370,Explicit Deceptive,19,16023171,50
4371,Explicit Deceptive,19,16023171,51
4372,Explicit Deceptive,19,16023171,52
4373,Explicit Deceptive,19,16023171,53
4374,Explicit Deceptive,19,16023171,54
4375,Explicit Deceptive,19,16023171,55
4376,Explicit Deceptive,19,16023171,56
4377,Explicit Deceptive,19,16023171,57
4378,Explicit Deceptive,19,16023171,58
4379,Explicit Deceptive,19,16023171,59
4380,Explicit Deceptive,19,16023171,60
4381,Explicit Deceptive,19,16023171,61
4382,Explicit Deceptive,19,16023171,62
4383,Explicit Deceptive,19,16023171,63
4384,Explicit Deceptive,19,16023171,64
4385,Explicit Deceptive,19,16023171,65
4386,Explicit Deceptive,19,16023171,66
4387,Explicit Deceptive,19,16023171,67
4388,Explicit Deceptive,19,16023171,68
4389,Explicit Deceptive,19,16023171,69
4390,Explicit Deceptive,19,16023171,70
4391,Explicit Deceptive,19,16023171,71
4392,Explicit Deceptive,19,16023171,72
4393,Explicit Deceptive,19,16023171,73
4394,Explicit Deceptive,19,16023171,74
4395,Explicit Deceptive,19,16023171,75
4396,Explicit Deceptive,19,16023171,76
4397,Explicit Deceptive,19,16023171,77
4398,Explicit Deceptive,19,16023171,78
4399,Explicit Deceptive,19,16023171,79
4400,Explicit Deceptive,19,16023171,80
4401,Explicit Deceptive,19,16023171,81
4402,Explicit Deceptive,19,16023171,82
4403,Explicit Deceptive,19,16023171,83
4404,Explicit Deceptive,19,16023171,84
4405,Explicit Deceptive,19,16023171,85
4406,Explicit Deceptive,19,16023171,86
4407,Explicit Deceptive,19,16023171,87
4408,Explicit Deceptive,19,16023171,88
4409,Explicit Deceptive,19,16023171,89
4410,Explicit Deceptive,19,16023171,90
4411,Explicit Deceptive,19,16023171,91
4412,Explicit Deceptive,19,16023171,92
4413,Explicit Deceptive,19,16023171,93
4414,Explicit Deceptive,19,16023171,94
4415,Explicit Deceptive,19,16023171,95
4416,Explicit Deceptive,19,16023171,96
4417,Explicit Deceptive,19,16023171,97
4418,Explicit Deceptive,19,16023171,98
4419,Explicit Deceptive,19,16023171,99
4420,Explicit Deceptive,19,16023171,100
4421,Explicit Deceptive,19,16023171,101
4422,Explicit Deceptive,19,16023171,102
4423,Explicit Deceptive,19,16023171,103
4424,Explicit Deceptive,19,16023171,104
4425,Explicit Deceptive,19,16023171,105
4426,Explicit Deceptive,19,16023171,106
4427,Explicit Deceptive,19,16023171,107
4428,Explicit Deceptive,19,16023171,108
4429,Explicit Deceptive,19,16023171,109
4430,Explicit Deceptive,19,16023171,110
4431,Explicit Deceptive,19,16023171,111
4432,Explicit Deceptive,19,16023171,112
4433,Explicit Deceptive,19,16023171,113
4434,Explicit Deceptive,19,16023171,114
4435,Explicit Deceptive,19,16023171,115
4436,Explicit Deceptive,19,16023171,116
4437,Explicit Deceptive,19,16023171,117
4438,Explicit Deceptive,19,16023171,118
4439,Explicit Deceptive,19,16023171,119
4440,Explicit Deceptive,19,16023171,120
4441,Explicit Deceptive,19,16023171,121
4442,Explicit Deceptive,19,16023171,122
4443,Explicit Deceptive,19,16023171,123
4444,Explicit Deceptive,19,16023171,124
4445,Explicit Deceptive,19,16023171,125
4446,Explicit Deceptive,19,16023171,126
4447,Explicit Deceptive,19,16023171,127
4448,Explicit Deceptive,19,16023171,128
4449,Explicit Deceptive,19,16023171,129
4450,Explicit Deceptive,19,16023171,130
4451,Explicit Deceptive,19,16023171,131
4452,Explicit Deceptive,19,16023171,132
4453,Explicit Deceptive,19,16023171,133
4454,Explicit Deceptive,19,16023171,134
4455,Explicit Deceptive,19,16023171,135
4456,Explicit Deceptive,19,16023171,136
4457,Explicit Deceptive,19,16023171,137
4458,Explicit Deceptive,19,16023171,138
4459,Explicit Deceptive,19,16023171,139
4460,Explicit Deceptive,19,16023171,140
4461,Explicit Deceptive,19,16023171,141
4462,Explicit Deceptive,19,16023171,142
4463,Explicit Deceptive,19,16023171,143
4464,Explicit Deceptive,19,16023171,144
4465,Explicit Deceptive,19,16023171,145
4466,Explicit Deceptive,19,16023171,146
4467,Explicit Deceptive,19,16023171,147
4468,Explicit Deceptive,19,16023171,148
4469,Explicit Deceptive,19,16023171,149
4470,Explicit Deceptive,19,16023171,150
4471,Explicit Deceptive,19,16023171,151
4472,Explicit Deceptive,19,16023171,152
4473,Explicit Deceptive,19,16023171,153
4474,Explicit Deceptive,19,16023171,154
4475,Explicit Deceptive,19,16023171,155
4476,Explicit Deceptive,19,16023171,156
4477,Explicit Deceptive,19,16023171,157
4478,Explicit Deceptive,19,16023171,158
4479,Explicit Deceptive,19,16023171,159
4480,Explicit Deceptive,19,16023171,160
4481,Explicit Deceptive,19,16023171,161
4482,Explicit Deceptive,19,16023171,162
4483,Explicit Deceptive,19,16023171,163
4484,Explicit Deceptive,19,16023171,164
4485,Explicit Deceptive,19,16023171,165
4486,Explicit Deceptive,19,16023171,166
4487,Explicit Deceptive,19,16023171,167
4488,Explicit Deceptive,19,16023171,168
4489,Explicit Deceptive,19,16023171,169
4490,Explicit Deceptive,19,16023171,170
4491,Explicit Deceptive,19,16023171,171
4492,Explicit Deceptive,19,16023171,172
4493,Explicit Deceptive,19,16023171,173
4494,Explicit Deceptive,19,16023171,174
4495,Explicit Deceptive,19,16023171,175
4496,Explicit Deceptive,19,16023171,176
4497,Explicit Deceptive,19,16023171,177
4498,Explicit Deceptive,19,16023171,178
4499,Explicit Deceptive,19,16023171,179
4500,Explicit Deceptive,19,16023171,180
4501,Explicit Deceptive,19,16023171,181
4502,Explicit Deceptive,19,16023171,182
4503,Explicit Deceptive,19,16023171,183
4504,Explicit Deceptive,19,16023171,184
4505,Explicit Deceptive,19,16023171,185
4506,Explicit Deceptive,19,16023171,186
4507,Explicit Deceptive,19,16023171,187
4508,Explicit Deceptive,19,16023171,188
4509,Explicit Deceptive,19,16023171,189
4510,Explicit Deceptive,19,16023171,190
4511,Explicit Deceptive,19,16023171,191
4512,Explicit Deceptive,19,16023171,192
4513,Explicit Deceptive,19,16023171,193
4514,Explicit Deceptive,19,16023171,194
4515,Explicit Deceptive,19,16023171,195
4516,Explicit Deceptive,19,16023171,196
4517,Explicit Deceptive,19,16023171,197
4518,Explicit Deceptive,19,16023171,198
4519,Explicit Deceptive,19,16023171,199
4520,Explicit Deceptive,19,16023171,200
4521,Explicit Deceptive,19,16023171,201
4522,Explicit Deceptive,19,16023171,202
4523,Explicit Deceptive,19,16023171,203
4524,Explicit Deceptive,19,16023171,204
4525,Explicit Deceptive,19,16023171,205
4526,Explicit Deceptive,19,16023171,206
4527,Explicit Deceptive,19,16023171,207
4528,Explicit Deceptive,19,16023171,208
4529,Explicit Deceptive,19,16023171,209
4530,Explicit Deceptive,19,16023171,210
4531,Explicit Deceptive,19,16023171,211
4532,Explicit Deceptive,19,16023171,212
4533,Explicit Deceptive,19,16023171,213
4534,Explicit Deceptive,19,16023171,214
4535,Explicit Deceptive,19,16023171,215
4536,Explicit Deceptive,19,16023171,216
4537,Explicit Deceptive,19,16023171,217
4538,Explicit Deceptive,19,16023171,218
4539,Explicit Deceptive,19,16023171,219
4540,Explicit Deceptive,19,16023171,220
4541,Explicit Deceptive,19,16023171,221
4542,Explicit Deceptive,19,16023171,222
4543,Explicit Deceptive,19,16023171,223
4544,Explicit Deceptive,19,16023171,224
4545,Explicit Deceptive,19,16023171,225
4546,Explicit Deceptive,19,16023171,226
4547,Explicit Deceptive,19,16023171,227
4548,Explicit Deceptive,19,16023171,228
4549,Explicit Deceptive,19,16023171,229
4550,Explicit Deceptive,19,16023171,230
4551,Explicit Deceptive,19,16023171,231
4552,Explicit Deceptive,19,16023171,232
4553,Explicit Deceptive,19,16023171,233
4554,Explicit Deceptive,19,16023171,234
4555,Explicit Deceptive,19,16023171,235
4556,Explicit Deceptive,19,16023171,236
4557,Explicit Deceptive,19,16023171,237
4558,Explicit Deceptive,19,16023171,238
4559,Explicit Deceptive,19,16023171,239
4560,Explicit Deceptive,19,16023171,240
4561,Explicit Deceptive,20,16023209,1
4562,Explicit Deceptive,20,16023209,2
4563,Explicit Deceptive,20,16023209,3
4564,Explicit Deceptive,20,16023209,4
4565,Explicit Deceptive,20,16023209,5
4566,Explicit Deceptive,20,16023209,6
4567,Explicit Deceptive,20,16023209,7
4568,Explicit Deceptive,20,16023209,8
4569,Explicit Deceptive,20,16023209,9
4570,Explicit Deceptive,20,16023209,10
4571,Explicit Deceptive,20,16023209,11
4572,Explicit Deceptive,20,16023209,12
4573,Explicit Deceptive,20,16023209,13
4574,Explicit Deceptive,20,16023209,14
4575,Explicit Deceptive,20,16023209,15
4576,Explicit Deceptive,20,16023209,16
4577,Explicit Deceptive,20,16023209,17
4578,Explicit Deceptive,20,16023209,18
4579,Explicit Deceptive,20,16023209,19
4580,Explicit Deceptive,20,16023209,20
4581,Explicit Deceptive,20,16023209,21
4582,Explicit Deceptive,20,16023209,22
4583,Explicit Deceptive,20,16023209,23
4584,Explicit Deceptive,20,16023209,24
4585,Explicit Deceptive,20,16023209,25
4586,Explicit Deceptive,20,16023209,26
4587,Explicit Deceptive,20,16023209,27
4588,Explicit Deceptive,20,16023209,28
4589,Explicit Deceptive,20,16023209,29
4590,Explicit Deceptive,20,16023209,30
4591,Explicit Deceptive,20,16023209,31
4592,Explicit Deceptive,20,16023209,32
4593,Explicit Deceptive,20,16023209,33
4594,Explicit Deceptive,20,16023209,34
4595,Explicit Deceptive,20,16023209,35
4596,Explicit Deceptive,20,16023209,36
4597,Explicit Deceptive,20,16023209,37
4598,Explicit Deceptive,20,16023209,38
4599,Explicit Deceptive,20,16023209,39
4600,Explicit Deceptive,20,16023209,40
4601,Explicit Deceptive,20,16023209,41
4602,Explicit Deceptive,20,16023209,42
4603,Explicit Deceptive,20,16023209,43
4604,Explicit Deceptive,20,16023209,44
4605,Explicit Deceptive,20,16023209,45
4606,Explicit Deceptive,20,16023209,46
4607,Explicit Deceptive,20,16023209,47
4608,Explicit Deceptive,20,16023209,48
4609,Explicit Deceptive,20,16023209,49
4610,Explicit Deceptive,20,16023209,50
4611,Explicit Deceptive,20,16023209,51
4612,Explicit Deceptive,20,16023209,52
4613,Explicit Deceptive,20,16023209,53
4614,Explicit Deceptive,20,16023209,54
4615,Explicit Deceptive,20,16023209,55
4616,Explicit Deceptive,20,16023209,56
4617,Explicit Deceptive,20,16023209,57
4618,Explicit Deceptive,20,16023209,58
4619,Explicit Deceptive,20,16023209,59
4620,Explicit Deceptive,20,16023209,60
4621,Explicit Deceptive,20,16023209,61
4622,Explicit Deceptive,20,16023209,62
4623,Explicit Deceptive,20,16023209,63
4624,Explicit Deceptive,20,16023209,64
4625,Explicit Deceptive,20,16023209,65
4626,Explicit Deceptive,20,16023209,66
4627,Explicit Deceptive,20,16023209,67
4628,Explicit Deceptive,20,16023209,68
4629,Explicit Deceptive,20,16023209,69
4630,Explicit Deceptive,20,16023209,70
4631,Explicit Deceptive,20,16023209,71
4632,Explicit Deceptive,20,16023209,72
4633,Explicit Deceptive,20,16023209,73
4634,Explicit Deceptive,20,16023209,74
4635,Explicit Deceptive,20,16023209,75
4636,Explicit Deceptive,20,16023209,76
4637,Explicit Deceptive,20,16023209,77
4638,Explicit Deceptive,20,16023209,78
4639,Explicit Deceptive,20,16023209,79
4640,Explicit Deceptive,20,16023209,80
4641,Explicit Deceptive,20,16023209,81
4642,Explicit Deceptive,20,16023209,82
4643,Explicit Deceptive,20,16023209,83
4644,Explicit Deceptive,20,16023209,84
4645,Explicit Deceptive,20,16023209,85
4646,Explicit Deceptive,20,16023209,86
4647,Explicit Deceptive,20,16023209,87
4648,Explicit Deceptive,20,16023209,88
4649,Explicit Deceptive,20,16023209,89
4650,Explicit Deceptive,20,16023209,90
4651,Explicit Deceptive,20,16023209,91
4652,Explicit Deceptive,20,16023209,92
4653,Explicit Deceptive,20,16023209,93
4654,Explicit Deceptive,20,16023209,94
4655,Explicit Deceptive,20,16023209,95
4656,Explicit Deceptive,20,16023209,96
4657,Explicit Deceptive,20,16023209,97
4658,Explicit Deceptive,20,16023209,98
4659,Explicit Deceptive,20,16023209,99
4660,Explicit Deceptive,20,16023209,100
4661,Explicit Deceptive,20,16023209,101
4662,Explicit Deceptive,20,16023209,102
4663,Explicit Deceptive,20,16023209,103
4664,Explicit Deceptive,20,16023209,104
4665,Explicit Deceptive,20,16023209,105
4666,Explicit Deceptive,20,16023209,106
4667,Explicit Deceptive,20,16023209,107
4668,Explicit Deceptive,20,16023209,108
4669,Explicit Deceptive,20,16023209,109
4670,Explicit Deceptive,20,16023209,110
4671,Explicit Deceptive,20,16023209,111
4672,Explicit Deceptive,20,16023209,112
4673,Explicit Deceptive,20,16023209,113
4674,Explicit Deceptive,20,16023209,114
4675,Explicit Deceptive,20,16023209,115
4676,Explicit Deceptive,20,16023209,116
4677,Explicit Deceptive,20,16023209,117
4678,Explicit Deceptive,20,16023209,118
4679,Explicit Deceptive,20,16023209,119
4680,Explicit Deceptive,20,16023209,120
4681,Explicit Deceptive,20,16023209,121
4682,Explicit Deceptive,20,16023209,122
4683,Explicit Deceptive,20,16023209,123
4684,Explicit Deceptive,20,16023209,124
4685,Explicit Deceptive,20,16023209,125
4686,Explicit Deceptive,20,16023209,126
4687,Explicit Deceptive,20,16023209,127
4688,Explicit Deceptive,20,16023209,128
4689,Explicit Deceptive,20,16023209,129
4690,Explicit Deceptive,20,16023209,130
4691,Explicit Deceptive,20,16023209,131
4692,Explicit Deceptive,20,16023209,132
4693,Explicit Deceptive,20,16023209,133
4694,Explicit Deceptive,20,16023209,134
4695,Explicit Deceptive,20,16023209,135
4696,Explicit Deceptive,20,16023209,136
4697,Explicit Deceptive,20,16023209,137
4698,Explicit Deceptive,20,16023209,138
4699,Explicit Deceptive,20,16023209,139
4700,Explicit Deceptive,20,16023209,140
4701,Explicit Deceptive,20,16023209,141
4702,Explicit Deceptive,20,16023209,142
4703,Explicit Deceptive,20,16023209,143
4704,Explicit Deceptive,20,16023209,144
4705,Explicit Deceptive,20,16023209,145
4706,Explicit Deceptive,20,16023209,146
4707,Explicit Deceptive,20,16023209,147
4708,Explicit Deceptive,20,16023209,148
4709,Explicit Deceptive,20,16023209,149
4710,Explicit Deceptive,20,16023209,150
4711,Explicit Deceptive,20,16023209,151
4712,Explicit Deceptive,20,16023209,152
4713,Explicit Deceptive,20,16023209,153
4714,Explicit Deceptive,20,16023209,154
4715,Explicit Deceptive,20,16023209,155
4716,Explicit Deceptive,20,16023209,156
4717,Explicit Deceptive,20,16023209,157
4718,Explicit Deceptive,20,16023209,158
4719,Explicit Deceptive,20,16023209,159
4720,Explicit Deceptive,20,16023209,160
4721,Explicit Deceptive,20,16023209,161
4722,Explicit Deceptive,20,16023209,162
4723,Explicit Deceptive,20,16023209,163
4724,Explicit Deceptive,20,16023209,164
4725,Explicit Deceptive,20,16023209,165
4726,Explicit Deceptive,20,16023209,166
4727,Explicit Deceptive,20,16023209,167
4728,Explicit Deceptive,20,16023209,168
4729,Explicit Deceptive,20,16023209,169
4730,Explicit Deceptive,20,16023209,170
4731,Explicit Deceptive,20,16023209,171
4732,Explicit Deceptive,20,16023209,172
4733,Explicit Deceptive,20,16023209,173
4734,Explicit Deceptive,20,16023209,174
4735,Explicit Deceptive,20,16023209,175
4736,Explicit Deceptive,20,16023209,176
4737,Explicit Deceptive,20,16023209,177
4738,Explicit Deceptive,20,16023209,178
4739,Explicit Deceptive,20,16023209,179
4740,Explicit Deceptive,20,16023209,180
4741,Explicit Deceptive,20,16023209,181
4742,Explicit Deceptive,20,16023209,182
4743,Explicit Deceptive,20,16023209,183
4744,Explicit Deceptive,20,16023209,184
4745,Explicit Deceptive,20,16023209,185
4746,Explicit Deceptive,20,16023209,186
4747,Explicit Deceptive,20,16023209,187
4748,Explicit Deceptive,20,16023209,188
4749,Explicit Deceptive,20,16023209,189
4750,Explicit Deceptive,20,16023209,190
4751,Explicit Deceptive,20,16023209,191
4752,Explicit Deceptive,20,16023209,192
4753,Explicit Deceptive,20,16023209,193
4754,Explicit Deceptive,20,16023209,194
4755,Explicit Deceptive,20,16023209,195
4756,Explicit Deceptive,20,16023209,196
4757,Explicit Deceptive,20,16023209,197
4758,Explicit Deceptive,20,16023209,198
4759,Explicit Deceptive,20,16023209,199
4760,Explicit Deceptive,20,16023209,200
4761,Explicit Deceptive,20,16023209,201
4762,Explicit Deceptive,20,16023209,202
4763,Explicit Deceptive,20,16023209,203
4764,Explicit Deceptive,20,16023209,204
4765,Explicit Deceptive,20,16023209,205
4766,Explicit Deceptive,20,16023209,206
4767,Explicit Deceptive,20,16023209,207
4768,Explicit Deceptive,20,16023209,208
4769,Explicit Deceptive,20,16023209,209
4770,Explicit Deceptive,20,16023209,210
4771,Explicit Deceptive,20,16023209,211
4772,Explicit Deceptive,20,16023209,212
4773,Explicit Deceptive,20,16023209,213
4774,Explicit Deceptive,20,16023209,214
4775,Explicit Deceptive,20,16023209,215
4776,Explicit Deceptive,20,16023209,216
4777,Explicit Deceptive,20,16023209,217
4778,Explicit Deceptive,20,16023209,218
4779,Explicit Deceptive,20,16023209,219
4780,Explicit Deceptive,20,16023209,220
4781,Explicit Deceptive,20,16023209,221
4782,Explicit Deceptive,20,16023209,222
4783,Explicit Deceptive,20,16023209,223
4784,Explicit Deceptive,20,16023209,224
4785,Explicit Deceptive,20,16023209,225
4786,Explicit Deceptive,20,16023209,226
4787,Explicit Deceptive,20,16023209,227
4788,Explicit Deceptive,20,16023209,228
4789,Explicit Deceptive,20,16023209,229
4790,Explicit Deceptive,20,16023209,230
4791,Explicit Deceptive,20,16023209,231
4792,Explicit Deceptive,20,16023209,232
4793,Explicit Deceptive,20,16023209,233
4794,Explicit Deceptive,20,16023209,234
4795,Explicit Deceptive,20,16023209,235
4796,Explicit Deceptive,20,16023209,236
4797,Explicit Deceptive,20,16023209,237
4798,Explicit Deceptive,20,16023209,238
4799,Explicit Deceptive,20,16023209,239
4800,Explicit Deceptive,20,16023209,240
4801,Explicit Deceptive,21,16029770,1
4802,Explicit Deceptive,21,16029770,2
4803,Explicit Deceptive,21,16029770,3
4804,Explicit Deceptive,21,16029770,4
4805,Explicit Deceptive,21,16029770,5
4806,Explicit Deceptive,21,16029770,6
4807,Explicit Deceptive,21,16029770,7
4808,Explicit Deceptive,21,16029770,8
4809,Explicit Deceptive,21,16029770,9
4810,Explicit Deceptive,21,16029770,10
4811,Explicit Deceptive,21,16029770,11
4812,Explicit Deceptive,21,16029770,12
4813,Explicit Deceptive,21,16029770,13
4814,Explicit Deceptive,21,16029770,14
4815,Explicit Deceptive,21,16029770,15
4816,Explicit Deceptive,21,16029770,16
4817,Explicit Deceptive,21,16029770,17
4818,Explicit Deceptive,21,16029770,18
4819,Explicit Deceptive,21,16029770,19
4820,Explicit Deceptive,21,16029770,20
4821,Explicit Deceptive,21,16029770,21
4822,Explicit Deceptive,21,16029770,22
4823,Explicit Deceptive,21,16029770,23
4824,Explicit Deceptive,21,16029770,24
4825,Explicit Deceptive,21,16029770,25
4826,Explicit Deceptive,21,16029770,26
4827,Explicit Deceptive,21,16029770,27
4828,Explicit Deceptive,21,16029770,28
4829,Explicit Deceptive,21,16029770,29
4830,Explicit Deceptive,21,16029770,30
4831,Explicit Deceptive,21,16029770,31
4832,Explicit Deceptive,21,16029770,32
4833,Explicit Deceptive,21,16029770,33
4834,Explicit Deceptive,21,16029770,34
4835,Explicit Deceptive,21,16029770,35
4836,Explicit Deceptive,21,16029770,36
4837,Explicit Deceptive,21,16029770,37
4838,Explicit Deceptive,21,16029770,38
4839,Explicit Deceptive,21,16029770,39
4840,Explicit Deceptive,21,16029770,40
4841,Explicit Deceptive,21,16029770,41
4842,Explicit Deceptive,21,16029770,42
4843,Explicit Deceptive,21,16029770,43
4844,Explicit Deceptive,21,16029770,44
4845,Explicit Deceptive,21,16029770,45
4846,Explicit Deceptive,21,16029770,46
4847,Explicit Deceptive,21,16029770,47
4848,Explicit Deceptive,21,16029770,48
4849,Explicit Deceptive,21,16029770,49
4850,Explicit Deceptive,21,16029770,50
4851,Explicit Deceptive,21,16029770,51
4852,Explicit Deceptive,21,16029770,52
4853,Explicit Deceptive,21,16029770,53
4854,Explicit Deceptive,21,16029770,54
4855,Explicit Deceptive,21,16029770,55
4856,Explicit Deceptive,21,16029770,56
4857,Explicit Deceptive,21,16029770,57
4858,Explicit Deceptive,21,16029770,58
4859,Explicit Deceptive,21,16029770,59
4860,Explicit Deceptive,21,16029770,60
4861,Explicit Deceptive,21,16029770,61
4862,Explicit Deceptive,21,16029770,62
4863,Explicit Deceptive,21,16029770,63
4864,Explicit Deceptive,21,16029770,64
4865,Explicit Deceptive,21,16029770,65
4866,Explicit Deceptive,21,16029770,66
4867,Explicit Deceptive,21,16029770,67
4868,Explicit Deceptive,21,16029770,68
4869,Explicit Deceptive,21,16029770,69
4870,Explicit Deceptive,21,16029770,70
4871,Explicit Deceptive,21,16029770,71
4872,Explicit Deceptive,21,16029770,72
4873,Explicit Deceptive,21,16029770,73
4874,Explicit Deceptive,21,16029770,74
4875,Explicit Deceptive,21,16029770,75
4876,Explicit Deceptive,21,16029770,76
4877,Explicit Deceptive,21,16029770,77
4878,Explicit Deceptive,21,16029770,78
4879,Explicit Deceptive,21,16029770,79
4880,Explicit Deceptive,21,16029770,80
4881,Explicit Deceptive,21,16029770,81
4882,Explicit Deceptive,21,16029770,82
4883,Explicit Deceptive,21,16029770,83
4884,Explicit Deceptive,21,16029770,84
4885,Explicit Deceptive,21,16029770,85
4886,Explicit Deceptive,21,16029770,86
4887,Explicit Deceptive,21,16029770,87
4888,Explicit Deceptive,21,16029770,88
4889,Explicit Deceptive,21,16029770,89
4890,Explicit Deceptive,21,16029770,90
4891,Explicit Deceptive,21,16029770,91
4892,Explicit Deceptive,21,16029770,92
4893,Explicit Deceptive,21,16029770,93
4894,Explicit Deceptive,21,16029770,94
4895,Explicit Deceptive,21,16029770,95
4896,Explicit Deceptive,21,16029770,96
4897,Explicit Deceptive,21,16029770,97
4898,Explicit Deceptive,21,16029770,98
4899,Explicit Deceptive,21,16029770,99
4900,Explicit Deceptive,21,16029770,100
4901,Explicit Deceptive,21,16029770,101
4902,Explicit Deceptive,21,16029770,102
4903,Explicit Deceptive,21,16029770,103
4904,Explicit Deceptive,21,16029770,104
4905,Explicit Deceptive,21,16029770,105
4906,Explicit Deceptive,21,16029770,106
4907,Explicit Deceptive,21,16029770,107
4908,Explicit Deceptive,21,16029770,108
4909,Explicit Deceptive,21,16029770,109
4910,Explicit Deceptive,21,16029770,110
4911,Explicit Deceptive,21,16029770,111
4912,Explicit Deceptive,21,16029770,112
4913,Explicit Deceptive,21,16029770,113
4914,Explicit Deceptive,21,16029770,114
4915,Explicit Deceptive,21,16029770,115
4916,Explicit Deceptive,21,16029770,116
4917,Explicit Deceptive,21,16029770,117
4918,Explicit Deceptive,21,16029770,118
4919,Explicit Deceptive,21,16029770,119
4920,Explicit Deceptive,21,16029770,120
4921,Explicit Deceptive,21,16029770,121
4922,Explicit Deceptive,21,16029770,122
4923,Explicit Deceptive,21,16029770,123
4924,Explicit Deceptive,21,16029770,124
4925,Explicit Deceptive,21,16029770,125
4926,Explicit Deceptive,21,16029770,126
4927,Explicit Deceptive,21,16029770,127
4928,Explicit Deceptive,21,16029770,128
4929,Explicit Deceptive,21,16029770,129
4930,Explicit Deceptive,21,16029770,130
4931,Explicit Deceptive,21,16029770,131
4932,Explicit Deceptive,21,16029770,132
4933,Explicit Deceptive,21,16029770,133
4934,Explicit Deceptive,21,16029770,134
4935,Explicit Deceptive,21,16029770,135
4936,Explicit Deceptive,21,16029770,136
4937,Explicit Deceptive,21,16029770,137
4938,Explicit Deceptive,21,16029770,138
4939,Explicit Deceptive,21,16029770,139
4940,Explicit Deceptive,21,16029770,140
4941,Explicit Deceptive,21,16029770,141
4942,Explicit Deceptive,21,16029770,142
4943,Explicit Deceptive,21,16029770,143
4944,Explicit Deceptive,21,16029770,144
4945,Explicit Deceptive,21,16029770,145
4946,Explicit Deceptive,21,16029770,146
4947,Explicit Deceptive,21,16029770,147
4948,Explicit Deceptive,21,16029770,148
4949,Explicit Deceptive,21,16029770,149
4950,Explicit Deceptive,21,16029770,150
4951,Explicit Deceptive,21,16029770,151
4952,Explicit Deceptive,21,16029770,152
4953,Explicit Deceptive,21,16029770,153
4954,Explicit Deceptive,21,16029770,154
4955,Explicit Deceptive,21,16029770,155
4956,Explicit Deceptive,21,16029770,156
4957,Explicit Deceptive,21,16029770,157
4958,Explicit Deceptive,21,16029770,158
4959,Explicit Deceptive,21,16029770,159
4960,Explicit Deceptive,21,16029770,160
4961,Explicit Deceptive,21,16029770,161
4962,Explicit Deceptive,21,16029770,162
4963,Explicit Deceptive,21,16029770,163
4964,Explicit Deceptive,21,16029770,164
4965,Explicit Deceptive,21,16029770,165
4966,Explicit Deceptive,21,16029770,166
4967,Explicit Deceptive,21,16029770,167
4968,Explicit Deceptive,21,16029770,168
4969,Explicit Deceptive,21,16029770,169
4970,Explicit Deceptive,21,16029770,170
4971,Explicit Deceptive,21,16029770,171
4972,Explicit Deceptive,21,16029770,172
4973,Explicit Deceptive,21,16029770,173
4974,Explicit Deceptive,21,16029770,174
4975,Explicit Deceptive,21,16029770,175
4976,Explicit Deceptive,21,16029770,176
4977,Explicit Deceptive,21,16029770,177
4978,Explicit Deceptive,21,16029770,178
4979,Explicit Deceptive,21,16029770,179
4980,Explicit Deceptive,21,16029770,180
4981,Explicit Deceptive,21,16029770,181
4982,Explicit Deceptive,21,16029770,182
4983,Explicit Deceptive,21,16029770,183
4984,Explicit Deceptive,21,16029770,184
4985,Explicit Deceptive,21,16029770,185
4986,Explicit Deceptive,21,16029770,186
4987,Explicit Deceptive,21,16029770,187
4988,Explicit Deceptive,21,16029770,188
4989,Explicit Deceptive,21,16029770,189
4990,Explicit Deceptive,21,16029770,190
4991,Explicit Deceptive,21,16029770,191
4992,Explicit Deceptive,21,16029770,192
4993,Explicit Deceptive,21,16029770,193
4994,Explicit Deceptive,21,16029770,194
4995,Explicit Deceptive,21,16029770,195
4996,Explicit Deceptive,21,16029770,196
4997,Explicit Deceptive,21,16029770,197
4998,Explicit Deceptive,21,16029770,198
4999,Explicit Deceptive,21,16029770,199
5000,Explicit Deceptive,21,16029770,200
5001,Explicit Deceptive,21,16029770,201
5002,Explicit Deceptive,21,16029770,202
5003,Explicit Deceptive,21,16029770,203
5004,Explicit Deceptive,21,16029770,204
5005,Explicit Deceptive,21,16029770,205
5006,Explicit Deceptive,21,16029770,206
5007,Explicit Deceptive,21,16029770,207
5008,Explicit Deceptive,21,16029770,208
5009,Explicit Deceptive,21,16029770,209
5010,Explicit Deceptive,21,16029770,210
5011,Explicit Deceptive,21,16029770,211
5012,Explicit Deceptive,21,16029770,212
5013,Explicit Deceptive,21,16029770,213
5014,Explicit Deceptive,21,16029770,214
5015,Explicit Deceptive,21,16029770,215
5016,Explicit Deceptive,21,16029770,216
5017,Explicit Deceptive,21,16029770,217
5018,Explicit Deceptive,21,16029770,218
5019,Explicit Deceptive,21,16029770,219
5020,Explicit Deceptive,21,16029770,220
5021,Explicit Deceptive,21,16029770,221
5022,Explicit Deceptive,21,16029770,222
5023,Explicit Deceptive,21,16029770,223
5024,Explicit Deceptive,21,16029770,224
5025,Explicit Deceptive,21,16029770,225
5026,Explicit Deceptive,21,16029770,226
5027,Explicit Deceptive,21,16029770,227
5028,Explicit Deceptive,21,16029770,228
5029,Explicit Deceptive,21,16029770,229
5030,Explicit Deceptive,21,16029770,230
5031,Explicit Deceptive,21,16029770,231
5032,Explicit Deceptive,21,16029770,232
5033,Explicit Deceptive,21,16029770,233
5034,Explicit Deceptive,21,16029770,234
5035,Explicit Deceptive,21,16029770,235
5036,Explicit Deceptive,21,16029770,236
5037,Explicit Deceptive,21,16029770,237
5038,Explicit Deceptive,21,16029770,238
5039,Explicit Deceptive,21,16029770,239
5040,Explicit Deceptive,21,16029770,240
5041,Explicit Deceptive,22,16029774,1
5042,Explicit Deceptive,22,16029774,2
5043,Explicit Deceptive,22,16029774,3
5044,Explicit Deceptive,22,16029774,4
5045,Explicit Deceptive,22,16029774,5
5046,Explicit Deceptive,22,16029774,6
5047,Explicit Deceptive,22,16029774,7
5048,Explicit Deceptive,22,16029774,8
5049,Explicit Deceptive,22,16029774,9
5050,Explicit Deceptive,22,16029774,10
5051,Explicit Deceptive,22,16029774,11
5052,Explicit Deceptive,22,16029774,12
5053,Explicit Deceptive,22,16029774,13
5054,Explicit Deceptive,22,16029774,14
5055,Explicit Deceptive,22,16029774,15
5056,Explicit Deceptive,22,16029774,16
5057,Explicit Deceptive,22,16029774,17
5058,Explicit Deceptive,22,16029774,18
5059,Explicit Deceptive,22,16029774,19
5060,Explicit Deceptive,22,16029774,20
5061,Explicit Deceptive,22,16029774,21
5062,Explicit Deceptive,22,16029774,22
5063,Explicit Deceptive,22,16029774,23
5064,Explicit Deceptive,22,16029774,24
5065,Explicit Deceptive,22,16029774,25
5066,Explicit Deceptive,22,16029774,26
5067,Explicit Deceptive,22,16029774,27
5068,Explicit Deceptive,22,16029774,28
5069,Explicit Deceptive,22,16029774,29
5070,Explicit Deceptive,22,16029774,30
5071,Explicit Deceptive,22,16029774,31
5072,Explicit Deceptive,22,16029774,32
5073,Explicit Deceptive,22,16029774,33
5074,Explicit Deceptive,22,16029774,34
5075,Explicit Deceptive,22,16029774,35
5076,Explicit Deceptive,22,16029774,36
5077,Explicit Deceptive,22,16029774,37
5078,Explicit Deceptive,22,16029774,38
5079,Explicit Deceptive,22,16029774,39
5080,Explicit Deceptive,22,16029774,40
5081,Explicit Deceptive,22,16029774,41
5082,Explicit Deceptive,22,16029774,42
5083,Explicit Deceptive,22,16029774,43
5084,Explicit Deceptive,22,16029774,44
5085,Explicit Deceptive,22,16029774,45
5086,Explicit Deceptive,22,16029774,46
5087,Explicit Deceptive,22,16029774,47
5088,Explicit Deceptive,22,16029774,48
5089,Explicit Deceptive,22,16029774,49
5090,Explicit Deceptive,22,16029774,50
5091,Explicit Deceptive,22,16029774,51
5092,Explicit Deceptive,22,16029774,52
5093,Explicit Deceptive,22,16029774,53
5094,Explicit Deceptive,22,16029774,54
5095,Explicit Deceptive,22,16029774,55
5096,Explicit Deceptive,22,16029774,56
5097,Explicit Deceptive,22,16029774,57
5098,Explicit Deceptive,22,16029774,58
5099,Explicit Deceptive,22,16029774,59
5100,Explicit Deceptive,22,16029774,60
5101,Explicit Deceptive,22,16029774,61
5102,Explicit Deceptive,22,16029774,62
5103,Explicit Deceptive,22,16029774,63
5104,Explicit Deceptive,22,16029774,64
5105,Explicit Deceptive,22,16029774,65
5106,Explicit Deceptive,22,16029774,66
5107,Explicit Deceptive,22,16029774,67
5108,Explicit Deceptive,22,16029774,68
5109,Explicit Deceptive,22,16029774,69
5110,Explicit Deceptive,22,16029774,70
5111,Explicit Deceptive,22,16029774,71
5112,Explicit Deceptive,22,16029774,72
5113,Explicit Deceptive,22,16029774,73
5114,Explicit Deceptive,22,16029774,74
5115,Explicit Deceptive,22,16029774,75
5116,Explicit Deceptive,22,16029774,76
5117,Explicit Deceptive,22,16029774,77
5118,Explicit Deceptive,22,16029774,78
5119,Explicit Deceptive,22,16029774,79
5120,Explicit Deceptive,22,16029774,80
5121,Explicit Deceptive,22,16029774,81
5122,Explicit Deceptive,22,16029774,82
5123,Explicit Deceptive,22,16029774,83
5124,Explicit Deceptive,22,16029774,84
5125,Explicit Deceptive,22,16029774,85
5126,Explicit Deceptive,22,16029774,86
5127,Explicit Deceptive,22,16029774,87
5128,Explicit Deceptive,22,16029774,88
5129,Explicit Deceptive,22,16029774,89
5130,Explicit Deceptive,22,16029774,90
5131,Explicit Deceptive,22,16029774,91
5132,Explicit Deceptive,22,16029774,92
5133,Explicit Deceptive,22,16029774,93
5134,Explicit Deceptive,22,16029774,94
5135,Explicit Deceptive,22,16029774,95
5136,Explicit Deceptive,22,16029774,96
5137,Explicit Deceptive,22,16029774,97
5138,Explicit Deceptive,22,16029774,98
5139,Explicit Deceptive,22,16029774,99
5140,Explicit Deceptive,22,16029774,100
5141,Explicit Deceptive,22,16029774,101
5142,Explicit Deceptive,22,16029774,102
5143,Explicit Deceptive,22,16029774,103
5144,Explicit Deceptive,22,16029774,104
5145,Explicit Deceptive,22,16029774,105
5146,Explicit Deceptive,22,16029774,106
5147,Explicit Deceptive,22,16029774,107
5148,Explicit Deceptive,22,16029774,108
5149,Explicit Deceptive,22,16029774,109
5150,Explicit Deceptive,22,16029774,110
5151,Explicit Deceptive,22,16029774,111
5152,Explicit Deceptive,22,16029774,112
5153,Explicit Deceptive,22,16029774,113
5154,Explicit Deceptive,22,16029774,114
5155,Explicit Deceptive,22,16029774,115
5156,Explicit Deceptive,22,16029774,116
5157,Explicit Deceptive,22,16029774,117
5158,Explicit Deceptive,22,16029774,118
5159,Explicit Deceptive,22,16029774,119
5160,Explicit Deceptive,22,16029774,120
5161,Explicit Deceptive,22,16029774,121
5162,Explicit Deceptive,22,16029774,122
5163,Explicit Deceptive,22,16029774,123
5164,Explicit Deceptive,22,16029774,124
5165,Explicit Deceptive,22,16029774,125
5166,Explicit Deceptive,22,16029774,126
5167,Explicit Deceptive,22,16029774,127
5168,Explicit Deceptive,22,16029774,128
5169,Explicit Deceptive,22,16029774,129
5170,Explicit Deceptive,22,16029774,130
5171,Explicit Deceptive,22,16029774,131
5172,Explicit Deceptive,22,16029774,132
5173,Explicit Deceptive,22,16029774,133
5174,Explicit Deceptive,22,16029774,134
5175,Explicit Deceptive,22,16029774,135
5176,Explicit Deceptive,22,16029774,136
5177,Explicit Deceptive,22,16029774,137
5178,Explicit Deceptive,22,16029774,138
5179,Explicit Deceptive,22,16029774,139
5180,Explicit Deceptive,22,16029774,140
5181,Explicit Deceptive,22,16029774,141
5182,Explicit Deceptive,22,16029774,142
5183,Explicit Deceptive,22,16029774,143
5184,Explicit Deceptive,22,16029774,144
5185,Explicit Deceptive,22,16029774,145
5186,Explicit Deceptive,22,16029774,146
5187,Explicit Deceptive,22,16029774,147
5188,Explicit Deceptive,22,16029774,148
5189,Explicit Deceptive,22,16029774,149
5190,Explicit Deceptive,22,16029774,150
5191,Explicit Deceptive,22,16029774,151
5192,Explicit Deceptive,22,16029774,152
5193,Explicit Deceptive,22,16029774,153
5194,Explicit Deceptive,22,16029774,154
5195,Explicit Deceptive,22,16029774,155
5196,Explicit Deceptive,22,16029774,156
5197,Explicit Deceptive,22,16029774,157
5198,Explicit Deceptive,22,16029774,158
5199,Explicit Deceptive,22,16029774,159
5200,Explicit Deceptive,22,16029774,160
5201,Explicit Deceptive,22,16029774,161
5202,Explicit Deceptive,22,16029774,162
5203,Explicit Deceptive,22,16029774,163
5204,Explicit Deceptive,22,16029774,164
5205,Explicit Deceptive,22,16029774,165
5206,Explicit Deceptive,22,16029774,166
5207,Explicit Deceptive,22,16029774,167
5208,Explicit Deceptive,22,16029774,168
5209,Explicit Deceptive,22,16029774,169
5210,Explicit Deceptive,22,16029774,170
5211,Explicit Deceptive,22,16029774,171
5212,Explicit Deceptive,22,16029774,172
5213,Explicit Deceptive,22,16029774,173
5214,Explicit Deceptive,22,16029774,174
5215,Explicit Deceptive,22,16029774,175
5216,Explicit Deceptive,22,16029774,176
5217,Explicit Deceptive,22,16029774,177
5218,Explicit Deceptive,22,16029774,178
5219,Explicit Deceptive,22,16029774,179
5220,Explicit Deceptive,22,16029774,180
5221,Explicit Deceptive,22,16029774,181
5222,Explicit Deceptive,22,16029774,182
5223,Explicit Deceptive,22,16029774,183
5224,Explicit Deceptive,22,16029774,184
5225,Explicit Deceptive,22,16029774,185
5226,Explicit Deceptive,22,16029774,186
5227,Explicit Deceptive,22,16029774,187
5228,Explicit Deceptive,22,16029774,188
5229,Explicit Deceptive,22,16029774,189
5230,Explicit Deceptive,22,16029774,190
5231,Explicit Deceptive,22,16029774,191
5232,Explicit Deceptive,22,16029774,192
5233,Explicit Deceptive,22,16029774,193
5234,Explicit Deceptive,22,16029774,194
5235,Explicit Deceptive,22,16029774,195
5236,Explicit Deceptive,22,16029774,196
5237,Explicit Deceptive,22,16029774,197
5238,Explicit Deceptive,22,16029774,198
5239,Explicit Deceptive,22,16029774,199
5240,Explicit Deceptive,22,16029774,200
5241,Explicit Deceptive,22,16029774,201
5242,Explicit Deceptive,22,16029774,202
5243,Explicit Deceptive,22,16029774,203
5244,Explicit Deceptive,22,16029774,204
5245,Explicit Deceptive,22,16029774,205
5246,Explicit Deceptive,22,16029774,206
5247,Explicit Deceptive,22,16029774,207
5248,Explicit Deceptive,22,16029774,208
5249,Explicit Deceptive,22,16029774,209
5250,Explicit Deceptive,22,16029774,210
5251,Explicit Deceptive,22,16029774,211
5252,Explicit Deceptive,22,16029774,212
5253,Explicit Deceptive,22,16029774,213
5254,Explicit Deceptive,22,16029774,214
5255,Explicit Deceptive,22,16029774,215
5256,Explicit Deceptive,22,16029774,216
5257,Explicit Deceptive,22,16029774,217
5258,Explicit Deceptive,22,16029774,218
5259,Explicit Deceptive,22,16029774,219
5260,Explicit Deceptive,22,16029774,220
5261,Explicit Deceptive,22,16029774,221
5262,Explicit Deceptive,22,16029774,222
5263,Explicit Deceptive,22,16029774,223
5264,Explicit Deceptive,22,16029774,224
5265,Explicit Deceptive,22,16029774,225
5266,Explicit Deceptive,22,16029774,226
5267,Explicit Deceptive,22,16029774,227
5268,Explicit Deceptive,22,16029774,228
5269,Explicit Deceptive,22,16029774,229
5270,Explicit Deceptive,22,16029774,230
5271,Explicit Deceptive,22,16029774,231
5272,Explicit Deceptive,22,16029774,232
5273,Explicit Deceptive,22,16029774,233
5274,Explicit Deceptive,22,16029774,234
5275,Explicit Deceptive,22,16029774,235
5276,Explicit Deceptive,22,16029774,236
5277,Explicit Deceptive,22,16029774,237
5278,Explicit Deceptive,22,16029774,238
5279,Explicit Deceptive,22,16029774,239
5280,Explicit Deceptive,22,16029774,240
5281,Explicit Deceptive,23,16029776,1
5282,Explicit Deceptive,23,16029776,2
5283,Explicit Deceptive,23,16029776,3
5284,Explicit Deceptive,23,16029776,4
5285,Explicit Deceptive,23,16029776,5
5286,Explicit Deceptive,23,16029776,6
5287,Explicit Deceptive,23,16029776,7
5288,Explicit Deceptive,23,16029776,8
5289,Explicit Deceptive,23,16029776,9
5290,Explicit Deceptive,23,16029776,10
5291,Explicit Deceptive,23,16029776,11
5292,Explicit Deceptive,23,16029776,12
5293,Explicit Deceptive,23,16029776,13
5294,Explicit Deceptive,23,16029776,14
5295,Explicit Deceptive,23,16029776,15
5296,Explicit Deceptive,23,16029776,16
5297,Explicit Deceptive,23,16029776,17
5298,Explicit Deceptive,23,16029776,18
5299,Explicit Deceptive,23,16029776,19
5300,Explicit Deceptive,23,16029776,20
5301,Explicit Deceptive,23,16029776,21
5302,Explicit Deceptive,23,16029776,22
5303,Explicit Deceptive,23,16029776,23
5304,Explicit Deceptive,23,16029776,24
5305,Explicit Deceptive,23,16029776,25
5306,Explicit Deceptive,23,16029776,26
5307,Explicit Deceptive,23,16029776,27
5308,Explicit Deceptive,23,16029776,28
5309,Explicit Deceptive,23,16029776,29
5310,Explicit Deceptive,23,16029776,30
5311,Explicit Deceptive,23,16029776,31
5312,Explicit Deceptive,23,16029776,32
5313,Explicit Deceptive,23,16029776,33
5314,Explicit Deceptive,23,16029776,34
5315,Explicit Deceptive,23,16029776,35
5316,Explicit Deceptive,23,16029776,36
5317,Explicit Deceptive,23,16029776,37
5318,Explicit Deceptive,23,16029776,38
5319,Explicit Deceptive,23,16029776,39
5320,Explicit Deceptive,23,16029776,40
5321,Explicit Deceptive,23,16029776,41
5322,Explicit Deceptive,23,16029776,42
5323,Explicit Deceptive,23,16029776,43
5324,Explicit Deceptive,23,16029776,44
5325,Explicit Deceptive,23,16029776,45
5326,Explicit Deceptive,23,16029776,46
5327,Explicit Deceptive,23,16029776,47
5328,Explicit Deceptive,23,16029776,48
5329,Explicit Deceptive,23,16029776,49
5330,Explicit Deceptive,23,16029776,50
5331,Explicit Deceptive,23,16029776,51
5332,Explicit Deceptive,23,16029776,52
5333,Explicit Deceptive,23,16029776,53
5334,Explicit Deceptive,23,16029776,54
5335,Explicit Deceptive,23,16029776,55
5336,Explicit Deceptive,23,16029776,56
5337,Explicit Deceptive,23,16029776,57
5338,Explicit Deceptive,23,16029776,58
5339,Explicit Deceptive,23,16029776,59
5340,Explicit Deceptive,23,16029776,60
5341,Explicit Deceptive,23,16029776,61
5342,Explicit Deceptive,23,16029776,62
5343,Explicit Deceptive,23,16029776,63
5344,Explicit Deceptive,23,16029776,64
5345,Explicit Deceptive,23,16029776,65
5346,Explicit Deceptive,23,16029776,66
5347,Explicit Deceptive,23,16029776,67
5348,Explicit Deceptive,23,16029776,68
5349,Explicit Deceptive,23,16029776,69
5350,Explicit Deceptive,23,16029776,70
5351,Explicit Deceptive,23,16029776,71
5352,Explicit Deceptive,23,16029776,72
5353,Explicit Deceptive,23,16029776,73
5354,Explicit Deceptive,23,16029776,74
5355,Explicit Deceptive,23,16029776,75
5356,Explicit Deceptive,23,16029776,76
5357,Explicit Deceptive,23,16029776,77
5358,Explicit Deceptive,23,16029776,78
5359,Explicit Deceptive,23,16029776,79
5360,Explicit Deceptive,23,16029776,80
5361,Explicit Deceptive,23,16029776,81
5362,Explicit Deceptive,23,16029776,82
5363,Explicit Deceptive,23,16029776,83
5364,Explicit Deceptive,23,16029776,84
5365,Explicit Deceptive,23,16029776,85
5366,Explicit Deceptive,23,16029776,86
5367,Explicit Deceptive,23,16029776,87
5368,Explicit Deceptive,23,16029776,88
5369,Explicit Deceptive,23,16029776,89
5370,Explicit Deceptive,23,16029776,90
5371,Explicit Deceptive,23,16029776,91
5372,Explicit Deceptive,23,16029776,92
5373,Explicit Deceptive,23,16029776,93
5374,Explicit Deceptive,23,16029776,94
5375,Explicit Deceptive,23,16029776,95
5376,Explicit Deceptive,23,16029776,96
5377,Explicit Deceptive,23,16029776,97
5378,Explicit Deceptive,23,16029776,98
5379,Explicit Deceptive,23,16029776,99
5380,Explicit Deceptive,23,16029776,100
5381,Explicit Deceptive,23,16029776,101
5382,Explicit Deceptive,23,16029776,102
5383,Explicit Deceptive,23,16029776,103
5384,Explicit Deceptive,23,16029776,104
5385,Explicit Deceptive,23,16029776,105
5386,Explicit Deceptive,23,16029776,106
5387,Explicit Deceptive,23,16029776,107
5388,Explicit Deceptive,23,16029776,108
5389,Explicit Deceptive,23,16029776,109
5390,Explicit Deceptive,23,16029776,110
5391,Explicit Deceptive,23,16029776,111
5392,Explicit Deceptive,23,16029776,112
5393,Explicit Deceptive,23,16029776,113
5394,Explicit Deceptive,23,16029776,114
5395,Explicit Deceptive,23,16029776,115
5396,Explicit Deceptive,23,16029776,116
5397,Explicit Deceptive,23,16029776,117
5398,Explicit Deceptive,23,16029776,118
5399,Explicit Deceptive,23,16029776,119
5400,Explicit Deceptive,23,16029776,120
5401,Explicit Deceptive,23,16029776,121
5402,Explicit Deceptive,23,16029776,122
5403,Explicit Deceptive,23,16029776,123
5404,Explicit Deceptive,23,16029776,124
5405,Explicit Deceptive,23,16029776,125
5406,Explicit Deceptive,23,16029776,126
5407,Explicit Deceptive,23,16029776,127
5408,Explicit Deceptive,23,16029776,128
5409,Explicit Deceptive,23,16029776,129
5410,Explicit Deceptive,23,16029776,130
5411,Explicit Deceptive,23,16029776,131
5412,Explicit Deceptive,23,16029776,132
5413,Explicit Deceptive,23,16029776,133
5414,Explicit Deceptive,23,16029776,134
5415,Explicit Deceptive,23,16029776,135
5416,Explicit Deceptive,23,16029776,136
5417,Explicit Deceptive,23,16029776,137
5418,Explicit Deceptive,23,16029776,138
5419,Explicit Deceptive,23,16029776,139
5420,Explicit Deceptive,23,16029776,140
5421,Explicit Deceptive,23,16029776,141
5422,Explicit Deceptive,23,16029776,142
5423,Explicit Deceptive,23,16029776,143
5424,Explicit Deceptive,23,16029776,144
5425,Explicit Deceptive,23,16029776,145
5426,Explicit Deceptive,23,16029776,146
5427,Explicit Deceptive,23,16029776,147
5428,Explicit Deceptive,23,16029776,148
5429,Explicit Deceptive,23,16029776,149
5430,Explicit Deceptive,23,16029776,150
5431,Explicit Deceptive,23,16029776,151
5432,Explicit Deceptive,23,16029776,152
5433,Explicit Deceptive,23,16029776,153
5434,Explicit Deceptive,23,16029776,154
5435,Explicit Deceptive,23,16029776,155
5436,Explicit Deceptive,23,16029776,156
5437,Explicit Deceptive,23,16029776,157
5438,Explicit Deceptive,23,16029776,158
5439,Explicit Deceptive,23,16029776,159
5440,Explicit Deceptive,23,16029776,160
5441,Explicit Deceptive,23,16029776,161
5442,Explicit Deceptive,23,16029776,162
5443,Explicit Deceptive,23,16029776,163
5444,Explicit Deceptive,23,16029776,164
5445,Explicit Deceptive,23,16029776,165
5446,Explicit Deceptive,23,16029776,166
5447,Explicit Deceptive,23,16029776,167
5448,Explicit Deceptive,23,16029776,168
5449,Explicit Deceptive,23,16029776,169
5450,Explicit Deceptive,23,16029776,170
5451,Explicit Deceptive,23,16029776,171
5452,Explicit Deceptive,23,16029776,172
5453,Explicit Deceptive,23,16029776,173
5454,Explicit Deceptive,23,16029776,174
5455,Explicit Deceptive,23,16029776,175
5456,Explicit Deceptive,23,16029776,176
5457,Explicit Deceptive,23,16029776,177
5458,Explicit Deceptive,23,16029776,178
5459,Explicit Deceptive,23,16029776,179
5460,Explicit Deceptive,23,16029776,180
5461,Explicit Deceptive,23,16029776,181
5462,Explicit Deceptive,23,16029776,182
5463,Explicit Deceptive,23,16029776,183
5464,Explicit Deceptive,23,16029776,184
5465,Explicit Deceptive,23,16029776,185
5466,Explicit Deceptive,23,16029776,186
5467,Explicit Deceptive,23,16029776,187
5468,Explicit Deceptive,23,16029776,188
5469,Explicit Deceptive,23,16029776,189
5470,Explicit Deceptive,23,16029776,190
5471,Explicit Deceptive,23,16029776,191
5472,Explicit Deceptive,23,16029776,192
5473,Explicit Deceptive,23,16029776,193
5474,Explicit Deceptive,23,16029776,194
5475,Explicit Deceptive,23,16029776,195
5476,Explicit Deceptive,23,16029776,196
5477,Explicit Deceptive,23,16029776,197
5478,Explicit Deceptive,23,16029776,198
5479,Explicit Deceptive,23,16029776,199
5480,Explicit Deceptive,23,16029776,200
5481,Explicit Deceptive,23,16029776,201
5482,Explicit Deceptive,23,16029776,202
5483,Explicit Deceptive,23,16029776,203
5484,Explicit Deceptive,23,16029776,204
5485,Explicit Deceptive,23,16029776,205
5486,Explicit Deceptive,23,16029776,206
5487,Explicit Deceptive,23,16029776,207
5488,Explicit Deceptive,23,16029776,208
5489,Explicit Deceptive,23,16029776,209
5490,Explicit Deceptive,23,16029776,210
5491,Explicit Deceptive,23,16029776,211
5492,Explicit Deceptive,23,16029776,212
5493,Explicit Deceptive,23,16029776,213
5494,Explicit Deceptive,23,16029776,214
5495,Explicit Deceptive,23,16029776,215
5496,Explicit Deceptive,23,16029776,216
5497,Explicit Deceptive,23,16029776,217
5498,Explicit Deceptive,23,16029776,218
5499,Explicit Deceptive,23,16029776,219
5500,Explicit Deceptive,23,16029776,220
5501,Explicit Deceptive,23,16029776,221
5502,Explicit Deceptive,23,16029776,222
5503,Explicit Deceptive,23,16029776,223
5504,Explicit Deceptive,23,16029776,224
5505,Explicit Deceptive,23,16029776,225
5506,Explicit Deceptive,23,16029776,226
5507,Explicit Deceptive,23,16029776,227
5508,Explicit Deceptive,23,16029776,228
5509,Explicit Deceptive,23,16029776,229
5510,Explicit Deceptive,23,16029776,230
5511,Explicit Deceptive,23,16029776,231
5512,Explicit Deceptive,23,16029776,232
5513,Explicit Deceptive,23,16029776,233
5514,Explicit Deceptive,23,16029776,234
5515,Explicit Deceptive,23,16029776,235
5516,Explicit Deceptive,23,16029776,236
5517,Explicit Deceptive,23,16029776,237
5518,Explicit Deceptive,23,16029776,238
5519,Explicit Deceptive,23,16029776,239
5520,Explicit Deceptive,23,16029776,240
