column_position,group,subject_index,participant_id,trial
1,Implicit Aware,1,11696534,1
2,Implicit Aware,1,11696534,2
3,Implicit Aware,1,11696534,3
4,Implicit Aware,1,11696534,4
5,Implicit Aware,1,11696534,5
6,Implicit Aware,1,11696534,6
7,Implicit Aware,1,11696534,7
8,Implicit Aware,1,11696534,8
9,Implicit Aware,1,11696534,9
10,Implicit Aware,1,11696534,10
11,Implicit Aware,1,11696534,11
12,Implicit Aware,1,11696534,12
13,Implicit Aware,1,11696534,13
14,Implicit Aware,1,11696534,14
15,Implicit Aware,1,11696534,15
16,Implicit Aware,1,11696534,16
17,Implicit Aware,1,11696534,17
18,Implicit Aware,1,11696534,18
19,Implicit Aware,1,11696534,19
20,Implicit Aware,1,11696534,20
21,Implicit Aware,1,11696534,21
22,Implicit Aware,1,11696534,22
23,Implicit Aware,1,11696534,23
24,Implicit Aware,1,11696534,24
25,Implicit Aware,1,11696534,25
26,Implicit Aware,1,11696534,26
27,Implicit Aware,1,11696534,27
28,Implicit Aware,1,11696534,28
29,Implicit Aware,1,11696534,29
30,Implicit Aware,1,11696534,30
31,Implicit Aware,1,11696534,31
32,Implicit Aware,1,11696534,32
33,Implicit Aware,1,11696534,33
34,Implicit Aware,1,11696534,34
35,Implicit Aware,1,11696534,35
36,Implicit Aware,1,11696534,36
37,Implicit Aware,1,11696534,37
38,Implicit Aware,1,11696534,38
39,Implicit Aware,1,11696534,39
40,Implicit Aware,1,11696534,40
41,Implicit Aware,1,11696534,41
42,Implicit Aware,1,11696534,42
43,Implicit Aware,1,11696534,43
44,Implicit Aware,1,11696534,44
45,Implicit Aware,1,11696534,45
46,Implicit Aware,1,11696534,46
47,Implicit Aware,1,11696534,47
48,Implicit Aware,1,11696534,48
49,Implicit Aware,1,11696534,49
50,Implicit Aware,1,11696534,50
51,Implicit Aware,1,11696534,51
52,Implicit Aware,1,11696534,52
53,Implicit Aware,1,11696534,53
54,Implicit Aware,1,11696534,54
55,Implicit Aware,1,11696534,55
56,Implicit Aware,1,11696534,56
57,Implicit Aware,1,11696534,57
58,Implicit Aware,1,11696534,58
59,Implicit Aware,1,11696534,59
60,Implicit Aware,1,11696534,60
61,Implicit Aware,1,11696534,61
62,Implicit Aware,1,11696534,62
63,Implicit Aware,1,11696534,63
64,Implicit Aware,1,11696534,64
65,Implicit Aware,1,11696534,65
66,Implicit Aware,1,11696534,66
67,Implicit Aware,1,11696534,67
68,Implicit Aware,1,11696534,68
69,Implicit Aware,1,11696534,69
70,Implicit Aware,1,11696534,70
71,Implicit Aware,1,11696534,71
72,Implicit Aware,1,11696534,72
73,Implicit Aware,1,11696534,73
74,Implicit Aware,1,11696534,74
75,Implicit Aware,1,11696534,75
76,Implicit Aware,1,11696534,76
77,Implicit Aware,1,11696534,77
78,Implicit Aware,1,11696534,78
79,Implicit Aware,1,11696534,79
80,Implicit Aware,1,11696534,80
81,Implicit Aware,1,11696534,81
82,Implicit Aware,1,11696534,82
83,Implicit Aware,1,11696534,83
84,Implicit Aware,1,11696534,84
85,Implicit Aware,1,11696534,85
86,Implicit Aware,1,11696534,86
87,Implicit Aware,1,11696534,87
88,Implicit Aware,1,11696534,88
89,Implicit Aware,1,11696534,89
90,Implicit Aware,1,11696534,90
91,Implicit Aware,1,11696534,91
92,Implicit Aware,1,11696534,92
93,Implicit Aware,1,11696534,93
94,Implicit Aware,1,11696534,94
95,Implicit Aware,1,11696534,95
96,Implicit Aware,1,11696534,96
97,Implicit Aware,1,11696534,97
98,Implicit Aware,1,11696534,98
99,Implicit Aware,1,11696534,99
100,Implicit Aware,1,11696534,100
101,Implicit Aware,1,11696534,101
102,Implicit Aware,1,11696534,102
103,Implicit Aware,1,11696534,103
104,Implicit Aware,1,11696534,104
105,Implicit Aware,1,11696534,105
106,Implicit Aware,1,11696534,106
107,Implicit Aware,1,11696534,107
108,Implicit Aware,1,11696534,108
109,Implicit Aware,1,11696534,109
110,Implicit Aware,1,11696534,110
111,Implicit Aware,1,11696534,111
112,Implicit Aware,1,11696534,112
113,Implicit Aware,1,11696534,113
114,Implicit Aware,1,11696534,114
115,Implicit Aware,1,11696534,115
116,Implicit Aware,1,11696534,116
117,Implicit Aware,1,11696534,117
118,Implicit Aware,1,11696534,118
119,Implicit Aware,1,11696534,119
120,Implicit Aware,1,11696534,120
121,Implicit Aware,1,11696534,121
122,Implicit Aware,1,11696534,122
123,Implicit Aware,1,11696534,123
124,Implicit Aware,1,11696534,124
125,Implicit Aware,1,11696534,125
126,Implicit Aware,1,11696534,126
127,Implicit Aware,1,11696534,127
128,Implicit Aware,1,11696534,128
129,Implicit Aware,1,11696534,129
130,Implicit Aware,1,11696534,130
131,Implicit Aware,1,11696534,131
132,Implicit Aware,1,11696534,132
133,Implicit Aware,1,11696534,133
134,Implicit Aware,1,11696534,134
135,Implicit Aware,1,11696534,135
136,Implicit Aware,1,11696534,136
137,Implicit Aware,1,11696534,137
138,Implicit Aware,1,11696534,138
139,Implicit Aware,1,11696534,139
140,Implicit Aware,1,11696534,140
141,Implicit Aware,1,11696534,141
142,Implicit Aware,1,11696534,142
143,Implicit Aware,1,11696534,143
144,Implicit Aware,1,11696534,144
145,Implicit Aware,1,11696534,145
146,Implicit Aware,1,11696534,146
147,Implicit Aware,1,11696534,147
148,Implicit Aware,1,11696534,148
149,Implicit Aware,1,11696534,149
150,Implicit Aware,1,11696534,150
151,Implicit Aware,1,11696534,151
152,Implicit Aware,1,11696534,152
153,Implicit Aware,1,11696534,153
154,Implicit Aware,1,11696534,154
155,Implicit Aware,1,11696534,155
156,Implicit Aware,1,11696534,156
157,Implicit Aware,1,11696534,157
158,Implicit Aware,1,11696534,158
159,Implicit Aware,1,11696534,159
160,Implicit Aware,1,11696534,160
161,Implicit Aware,1,11696534,161
162,Implicit Aware,1,11696534,162
163,Implicit Aware,1,11696534,163
164,Implicit Aware,1,11696534,164
165,Implicit Aware,1,11696534,165
166,Implicit Aware,1,11696534,166
167,Implicit Aware,1,11696534,167
168,Implicit Aware,1,11696534,168
169,Implicit Aware,1,11696534,169
170,Implicit Aware,1,11696534,170
171,Implicit Aware,1,11696534,171
172,Implicit Aware,1,11696534,172
173,Implicit Aware,1,11696534,173
174,Implicit Aware,1,11696534,174
175,Implicit Aware,1,11696534,175
176,Implicit Aware,1,11696534,176
177,Implicit Aware,1,11696534,177
178,Implicit Aware,1,11696534,178
179,Implicit Aware,1,11696534,179
180,Implicit Aware,1,11696534,180
181,Implicit Aware,1,11696534,181
182,Implicit Aware,1,11696534,182
183,Implicit Aware,1,11696534,183
184,Implicit Aware,1,11696534,184
185,Implicit Aware,1,11696534,185
186,Implicit Aware,1,11696534,186
187,Implicit Aware,1,11696534,187
188,Implicit Aware,1,11696534,188
189,Implicit Aware,1,11696534,189
190,Implicit Aware,1,11696534,190
191,Implicit Aware,1,11696534,191
192,Implicit Aware,1,11696534,192
193,Implicit Aware,1,11696534,193
194,Implicit Aware,1,11696534,194
195,Implicit Aware,1,11696534,195
196,Implicit Aware,1,11696534,196
197,Implicit Aware,1,11696534,197
198,Implicit Aware,1,11696534,198
199,Implicit Aware,1,11696534,199
200,Implicit Aware,1,11696534,200
201,Implicit Aware,1,11696534,201
202,Implicit Aware,1,11696534,202
203,Implicit Aware,1,11696534,203
204,Implicit Aware,1,11696534,204
205,Implicit Aware,1,11696534,205
206,Implicit Aware,1,11696534,206
207,Implicit Aware,1,11696534,207
208,Implicit Aware,1,11696534,208
209,Implicit Aware,1,11696534,209
210,Implicit Aware,1,11696534,210
211,Implicit Aware,1,11696534,211
212,Implicit Aware,1,11696534,212
213,Implicit Aware,1,11696534,213
214,Implicit Aware,1,11696534,214
215,Implicit Aware,1,11696534,215
216,Implicit Aware,1,11696534,216
217,Implicit Aware,1,11696534,217
218,Implicit Aware,1,11696534,218
219,Implicit Aware,1,11696534,219
220,Implicit Aware,1,11696534,220
221,Implicit Aware,1,11696534,221
222,Implicit Aware,1,11696534,222
223,Implicit Aware,1,11696534,223
224,Implicit Aware,1,11696534,224
225,Implicit Aware,1,11696534,225
226,Implicit Aware,1,11696534,226
227,Implicit Aware,1,11696534,227
228,Implicit Aware,1,11696534,228
229,Implicit Aware,1,11696534,229
230,Implicit Aware,1,11696534,230
231,Implicit Aware,1,11696534,231
232,Implicit Aware,1,11696534,232
233,Implicit Aware,1,11696534,233
234,Implicit Aware,1,11696534,234
235,Implicit Aware,1,11696534,235
236,Implicit Aware,1,11696534,236
237,Implicit Aware,1,11696534,237
238,Implicit Aware,1,11696534,238
239,Implicit Aware,1,11696534,239
240,Implicit Aware,1,11696534,240
241,Implicit Aware,2,11696594,1
242,Implicit Aware,2,11696594,2
243,Implicit Aware,2,11696594,3
244,Implicit Aware,2,11696594,4
245,Implicit Aware,2,11696594,5
246,Implicit Aware,2,11696594,6
247,Implicit Aware,2,11696594,7
248,Implicit Aware,2,11696594,8
249,Implicit Aware,2,11696594,9
250,Implicit Aware,2,11696594,10
251,Implicit Aware,2,11696594,11
252,Implicit Aware,2,11696594,12
253,Implicit Aware,2,11696594,13
254,Implicit Aware,2,11696594,14
255,Implicit Aware,2,11696594,15
256,Implicit Aware,2,11696594,16
257,Implicit Aware,2,11696594,17
258,Implicit Aware,2,11696594,18
259,Implicit Aware,2,11696594,19
260,Implicit Aware,2,11696594,20
261,Implicit Aware,2,11696594,21
262,Implicit Aware,2,11696594,22
263,Implicit Aware,2,11696594,23
264,Implicit Aware,2,11696594,24
265,Implicit Aware,2,11696594,25
266,Implicit Aware,2,11696594,26
267,Implicit Aware,2,11696594,27
268,Implicit Aware,2,11696594,28
269,Implicit Aware,2,11696594,29
270,Implicit Aware,2,11696594,30
271,Implicit Aware,2,11696594,31
272,Implicit Aware,2,11696594,32
273,Implicit Aware,2,11696594,33
274,Implicit Aware,2,11696594,34
275,Implicit Aware,2,11696594,35
276,Implicit Aware,2,11696594,36
277,Implicit Aware,2,11696594,37
278,Implicit Aware,2,11696594,38
279,Implicit Aware,2,11696594,39
280,Implicit Aware,2,11696594,40
281,Implicit Aware,2,11696594,41
282,Implicit Aware,2,11696594,42
283,Implicit Aware,2,11696594,43
284,Implicit Aware,2,11696594,44
285,Implicit Aware,2,11696594,45
286,Implicit Aware,2,11696594,46
287,Implicit Aware,2,11696594,47
288,Implicit Aware,2,11696594,48
289,Implicit Aware,2,11696594,49
290,Implicit Aware,2,11696594,50
291,Implicit Aware,2,11696594,51
292,Implicit Aware,2,11696594,52
293,Implicit Aware,2,11696594,53
294,Implicit Aware,2,11696594,54
295,Implicit Aware,2,11696594,55
296,Implicit Aware,2,11696594,56
297,Implicit Aware,2,11696594,57
298,Implicit Aware,2,11696594,58
299,Implicit Aware,2,11696594,59
300,Implicit Aware,2,11696594,60
301,Implicit Aware,2,11696594,61
302,Implicit Aware,2,11696594,62
303,Implicit Aware,2,11696594,63
304,Implicit Aware,2,11696594,64
305,Implicit Aware,2,11696594,65
306,Implicit Aware,2,11696594,66
307,Implicit Aware,2,11696594,67
308,Implicit Aware,2,11696594,68
309,Implicit Aware,2,11696594,69
310,Implicit Aware,2,11696594,70
311,Implicit Aware,2,11696594,71
312,Implicit Aware,2,11696594,72
313,Implicit Aware,2,11696594,73
314,Implicit Aware,2,11696594,74
315,Implicit Aware,2,11696594,75
316,Implicit Aware,2,11696594,76
317,Implicit Aware,2,11696594,77
318,Implicit Aware,2,11696594,78
319,Implicit Aware,2,11696594,79
320,Implicit Aware,2,11696594,80
321,Implicit Aware,2,11696594,81
322,Implicit Aware,2,11696594,82
323,Implicit Aware,2,11696594,83
324,Implicit Aware,2,11696594,84
325,Implicit Aware,2,11696594,85
326,Implicit Aware,2,11696594,86
327,Implicit Aware,2,11696594,87
328,Implicit Aware,2,11696594,88
329,Implicit Aware,2,11696594,89
330,Implicit Aware,2,11696594,90
331,Implicit Aware,2,11696594,91
332,Implicit Aware,2,11696594,92
333,Implicit Aware,2,11696594,93
334,Implicit Aware,2,11696594,94
335,Implicit Aware,2,11696594,95
336,Implicit Aware,2,11696594,96
337,Implicit Aware,2,11696594,97
338,Implicit Aware,2,11696594,98
339,Implicit Aware,2,11696594,99
340,Implicit Aware,2,11696594,100
341,Implicit Aware,2,11696594,101
342,Implicit Aware,2,11696594,102
343,Implicit Aware,2,11696594,103
344,Implicit Aware,2,11696594,104
345,Implicit Aware,2,11696594,105
346,Implicit Aware,2,11696594,106
347,Implicit Aware,2,11696594,107
348,Implicit Aware,2,11696594,108
349,Implicit Aware,2,11696594,109
350,Implicit Aware,2,11696594,110
351,Implicit Aware,2,11696594,111
352,Implicit Aware,2,11696594,112
353,Implicit Aware,2,11696594,113
354,Implicit Aware,2,11696594,114
355,Implicit Aware,2,11696594,115
356,Implicit Aware,2,11696594,116
357,Implicit Aware,2,11696594,117
358,Implicit Aware,2,11696594,118
359,Implicit Aware,2,11696594,119
360,Implicit Aware,2,11696594,120
361,Implicit Aware,2,11696594,121
362,Implicit Aware,2,11696594,122
363,Implicit Aware,2,11696594,123
364,Implicit Aware,2,11696594,124
365,Implicit Aware,2,11696594,125
366,Implicit Aware,2,11696594,126
367,Implicit Aware,2,11696594,127
368,Implicit Aware,2,11696594,128
369,Implicit Aware,2,11696594,129
370,Implicit Aware,2,11696594,130
371,Implicit Aware,2,11696594,131
372,Implicit Aware,2,11696594,132
373,Implicit Aware,2,11696594,133
374,Implicit Aware,2,11696594,134
375,Implicit Aware,2,11696594,135
376,Implicit Aware,2,11696594,136
377,Implicit Aware,2,11696594,137
378,Implicit Aware,2,11696594,138
379,Implicit Aware,2,11696594,139
380,Implicit Aware,2,11696594,140
381,Implicit Aware,2,11696594,141
382,Implicit Aware,2,11696594,142
383,Implicit Aware,2,11696594,143
384,Implicit Aware,2,11696594,144
385,Implicit Aware,2,11696594,145
386,Implicit Aware,2,11696594,146
387,Implicit Aware,2,11696594,147
388,Implicit Aware,2,11696594,148
389,Implicit Aware,2,11696594,149
390,Implicit Aware,2,11696594,150
391,Implicit Aware,2,11696594,151
392,Implicit Aware,2,11696594,152
393,Implicit Aware,2,11696594,153
394,Implicit Aware,2,11696594,154
395,Implicit Aware,2,11696594,155
396,Implicit Aware,2,11696594,156
397,Implicit Aware,2,11696594,157
398,Implicit Aware,2,11696594,158
399,Implicit Aware,2,11696594,159
400,Implicit Aware,2,11696594,160
401,Implicit Aware,2,11696594,161
402,Implicit Aware,2,11696594,162
403,Implicit Aware,2,11696594,163
404,Implicit Aware,2,11696594,164
405,Implicit Aware,2,11696594,165
406,Implicit Aware,2,11696594,166
407,Implicit Aware,2,11696594,167
408,Implicit Aware,2,11696594,168
409,Implicit Aware,2,11696594,169
410,Implicit Aware,2,11696594,170
411,Implicit Aware,2,11696594,171
412,Implicit Aware,2,11696594,172
413,Implicit Aware,2,11696594,173
414,Implicit Aware,2,11696594,174
415,Implicit Aware,2,11696594,175
416,Implicit Aware,2,11696594,176
417,Implicit Aware,2,11696594,177
418,Implicit Aware,2,11696594,178
419,Implicit Aware,2,11696594,179
420,Implicit Aware,2,11696594,180
421,Implicit Aware,2,11696594,181
422,Implicit Aware,2,11696594,182
423,Implicit Aware,2,11696594,183
424,Implicit Aware,2,11696594,184
425,Implicit Aware,2,11696594,185
426,Implicit Aware,2,11696594,186
427,Implicit Aware,2,11696594,187
428,Implicit Aware,2,11696594,188
429,Implicit Aware,2,11696594,189
430,Implicit Aware,2,11696594,190
431,Implicit Aware,2,11696594,191
432,Implicit Aware,2,11696594,192
433,Implicit Aware,2,11696594,193
434,Implicit Aware,2,11696594,194
435,Implicit Aware,2,11696594,195
436,Implicit Aware,2,11696594,196
437,Implicit Aware,2,11696594,197
438,Implicit Aware,2,11696594,198
439,Implicit Aware,2,11696594,199
440,Implicit Aware,2,11696594,200
441,Implicit Aware,2,11696594,201
442,Implicit Aware,2,11696594,202
443,Implicit Aware,2,11696594,203
444,Implicit Aware,2,11696594,204
445,Implicit Aware,2,11696594,205
446,Implicit Aware,2,11696594,206
447,Implicit Aware,2,11696594,207
448,Implicit Aware,2,11696594,208
449,Implicit Aware,2,11696594,209
450,Implicit Aware,2,11696594,210
451,Implicit Aware,2,11696594,211
452,Implicit Aware,2,11696594,212
453,Implicit Aware,2,11696594,213
454,Implicit Aware,2,11696594,214
455,Implicit Aware,2,11696594,215
456,Implicit Aware,2,11696594,216
457,Implicit Aware,2,11696594,217
458,Implicit Aware,2,11696594,218
459,Implicit Aware,2,11696594,219
460,Implicit Aware,2,11696594,220
461,Implicit Aware,2,11696594,221
462,Implicit Aware,2,11696594,222
463,Implicit Aware,2,11696594,223
464,Implicit Aware,2,11696594,224
465,Implicit Aware,2,11696594,225
466,Implicit Aware,2,11696594,226
467,Implicit Aware,2,11696594,227
468,Implicit Aware,2,11696594,228
469,Implicit Aware,2,11696594,229
470,Implicit Aware,2,11696594,230
471,Implicit Aware,2,11696594,231
472,Implicit Aware,2,11696594,232
473,Implicit Aware,2,11696594,233
474,Implicit Aware,2,11696594,234
475,Implicit Aware,2,11696594,235
476,Implicit Aware,2,11696594,236
477,Implicit Aware,2,11696594,237
478,Implicit Aware,2,11696594,238
479,Implicit Aware,2,11696594,239
480,Implicit Aware,2,11696594,240
481,Implicit Aware,3,11710204,1
482,Implicit Aware,3,11710204,2
483,Implicit Aware,3,11710204,3
484,Implicit Aware,3,11710204,4
485,Implicit Aware,3,11710204,5
486,Implicit Aware,3,11710204,6
487,Implicit Aware,3,11710204,7
488,Implicit Aware,3,11710204,8
489,Implicit Aware,3,11710204,9
490,Implicit Aware,3,11710204,10
491,Implicit Aware,3,11710204,11
492,Implicit Aware,3,11710204,12
493,Implicit Aware,3,11710204,13
494,Implicit Aware,3,11710204,14
495,Implicit Aware,3,11710204,15
496,Implicit Aware,3,11710204,16
497,Implicit Aware,3,11710204,17
498,Implicit Aware,3,11710204,18
499,Implicit Aware,3,11710204,19
500,Implicit Aware,3,11710204,20
501,Implicit Aware,3,11710204,21
502,Implicit Aware,3,11710204,22
503,Implicit Aware,3,11710204,23
504,Implicit Aware,3,11710204,24
505,Implicit Aware,3,11710204,25
506,Implicit Aware,3,11710204,26
507,Implicit Aware,3,11710204,27
508,Implicit Aware,3,11710204,28
509,Implicit Aware,3,11710204,29
510,Implicit Aware,3,11710204,30
511,Implicit Aware,3,11710204,31
512,Implicit Aware,3,11710204,32
513,Implicit Aware,3,11710204,33
514,Implicit Aware,3,11710204,34
515,Implicit Aware,3,11710204,35
516,Implicit Aware,3,11710204,36
517,Implicit Aware,3,11710204,37
518,Implicit Aware,3,11710204,38
519,Implicit Aware,3,11710204,39
520,Implicit Aware,3,11710204,40
521,Implicit Aware,3,11710204,41
522,Implicit Aware,3,11710204,42
523,Implicit Aware,3,11710204,43
524,Implicit Aware,3,11710204,44
525,Implicit Aware,3,11710204,45
526,Implicit Aware,3,11710204,46
527,Implicit Aware,3,11710204,47
528,Implicit Aware,3,11710204,48
529,Implicit Aware,3,11710204,49
530,Implicit Aware,3,11710204,50
531,Implicit Aware,3,11710204,51
532,Implicit Aware,3,11710204,52
533,Implicit Aware,3,11710204,53
534,Implicit Aware,3,11710204,54
535,Implicit Aware,3,11710204,55
536,Implicit Aware,3,11710204,56
537,Implicit Aware,3,11710204,57
538,Implicit Aware,3,11710204,58
539,Implicit Aware,3,11710204,59
540,Implicit Aware,3,11710204,60
541,Implicit Aware,3,11710204,61
542,Implicit Aware,3,11710204,62
543,Implicit Aware,3,11710204,63
544,Implicit Aware,3,11710204,64
545,Implicit Aware,3,11710204,65
546,Implicit Aware,3,11710204,66
547,Implicit Aware,3,11710204,67
548,Implicit Aware,3,11710204,68
549,Implicit Aware,3,11710204,69
550,Implicit Aware,3,11710204,70
551,Implicit Aware,3,11710204,71
552,Implicit Aware,3,11710204,72
553,Implicit Aware,3,11710204,73
554,Implicit Aware,3,11710204,74
555,Implicit Aware,3,11710204,75
556,Implicit Aware,3,11710204,76
557,Implicit Aware,3,11710204,77
558,Implicit Aware,3,11710204,78
559,Implicit Aware,3,11710204,79
560,Implicit Aware,3,11710204,80
561,Implicit Aware,3,11710204,81
562,Implicit Aware,3,11710204,82
563,Implicit Aware,3,11710204,83
564,Implicit Aware,3,11710204,84
565,Implicit Aware,3,11710204,85
566,Implicit Aware,3,11710204,86
567,Implicit Aware,3,11710204,87
568,Implicit Aware,3,11710204,88
569,Implicit Aware,3,11710204,89
570,Implicit Aware,3,11710204,90
571,Implicit Aware,3,11710204,91
572,Implicit Aware,3,11710204,92
573,Implicit Aware,3,11710204,93
574,Implicit Aware,3,11710204,94
575,Implicit Aware,3,11710204,95
576,Implicit Aware,3,11710204,96
577,Implicit Aware,3,11710204,97
578,Implicit Aware,3,11710204,98
579,Implicit Aware,3,11710204,99
580,Implicit Aware,3,11710204,100
581,Implicit Aware,3,11710204,101
582,Implicit Aware,3,11710204,102
583,Implicit Aware,3,11710204,103
584,Implicit Aware,3,11710204,104
585,Implicit Aware,3,11710204,105
586,Implicit Aware,3,11710204,106
587,Implicit Aware,3,11710204,107
588,Implicit Aware,3,11710204,108
589,Implicit Aware,3,11710204,109
590,Implicit Aware,3,11710204,110
591,Implicit Aware,3,11710204,111
592,Implicit Aware,3,11710204,112
593,Implicit Aware,3,11710204,113
594,Implicit Aware,3,11710204,114
595,Implicit Aware,3,11710204,115
596,Implicit Aware,3,11710204,116
597,Implicit Aware,3,11710204,117
598,Implicit Aware,3,11710204,118
599,Implicit Aware,3,11710204,119
600,Implicit Aware,3,11710204,120
601,Implicit Aware,3,11710204,121
602,Implicit Aware,3,11710204,122
603,Implicit Aware,3,11710204,123
604,Implicit Aware,3,11710204,124
605,Implicit Aware,3,11710204,125
606,Implicit Aware,3,11710204,126
607,Implicit Aware,3,11710204,127
608,Implicit Aware,3,11710204,128
609,Implicit Aware,3,11710204,129
610,Implicit Aware,3,11710204,130
611,Implicit Aware,3,11710204,131
612,Implicit Aware,3,11710204,132
613,Implicit Aware,3,11710204,133
614,Implicit Aware,3,11710204,134
615,Implicit Aware,3,11710204,135
616,Implicit Aware,3,11710204,136
617,Implicit Aware,3,11710204,137
618,Implicit Aware,3,11710204,138
619,Implicit Aware,3,11710204,139
620,Implicit Aware,3,11710204,140
621,Implicit Aware,3,11710204,141
622,Implicit Aware,3,11710204,142
623,Implicit Aware,3,11710204,143
624,Implicit Aware,3,11710204,144
625,Implicit Aware,3,11710204,145
626,Implicit Aware,3,11710204,146
627,Implicit Aware,3,11710204,147
628,Implicit Aware,3,11710204,148
629,Implicit Aware,3,11710204,149
630,Implicit Aware,3,11710204,150
631,Implicit Aware,3,11710204,151
632,Implicit Aware,3,11710204,152
633,Implicit Aware,3,11710204,153
634,Implicit Aware,3,11710204,154
635,Implicit Aware,3,11710204,155
636,Implicit Aware,3,11710204,156
637,Implicit Aware,3,11710204,157
638,Implicit Aware,3,11710204,158
639,Implicit Aware,3,11710204,159
640,Implicit Aware,3,11710204,160
641,Implicit Aware,3,11710204,161
642,Implicit Aware,3,11710204,162
643,Implicit Aware,3,11710204,163
644,Implicit Aware,3,11710204,164
645,Implicit Aware,3,11710204,165
646,Implicit Aware,3,11710204,166
647,Implicit Aware,3,11710204,167
648,Implicit Aware,3,11710204,168
649,Implicit Aware,3,11710204,169
650,Implicit Aware,3,11710204,170
651,Implicit Aware,3,11710204,171
652,Implicit Aware,3,11710204,172
653,Implicit Aware,3,11710204,173
654,Implicit Aware,3,11710204,174
655,Implicit Aware,3,11710204,175
656,Implicit Aware,3,11710204,176
657,Implicit Aware,3,11710204,177
658,Implicit Aware,3,11710204,178
659,Implicit Aware,3,11710204,179
660,Implicit Aware,3,11710204,180
661,Implicit Aware,3,11710204,181
662,Implicit Aware,3,11710204,182
663,Implicit Aware,3,11710204,183
664,Implicit Aware,3,11710204,184
665,Implicit Aware,3,11710204,185
666,Implicit Aware,3,11710204,186
667,Implicit Aware,3,11710204,187
668,Implicit Aware,3,11710204,188
669,Implicit Aware,3,11710204,189
670,Implicit Aware,3,11710204,190
671,Implicit Aware,3,11710204,191
672,Implicit Aware,3,11710204,192
673,Implicit Aware,3,11710204,193
674,Implicit Aware,3,11710204,194
675,Implicit Aware,3,11710204,195
676,Implicit Aware,3,11710204,196
677,Implicit Aware,3,11710204,197
678,Implicit Aware,3,11710204,198
679,Implicit Aware,3,11710204,199
680,Implicit Aware,3,11710204,200
681,Implicit Aware,3,11710204,201
682,Implicit Aware,3,11710204,202
683,Implicit Aware,3,11710204,203
684,Implicit Aware,3,11710204,204
685,Implicit Aware,3,11710204,205
686,Implicit Aware,3,11710204,206
687,Implicit Aware,3,11710204,207
688,Implicit Aware,3,11710204,208
689,Implicit Aware,3,11710204,209
690,Implicit Aware,3,11710204,210
691,Implicit Aware,3,11710204,211
692,Implicit Aware,3,11710204,212
693,Implicit Aware,3,11710204,213
694,Implicit Aware,3,11710204,214
695,Implicit Aware,3,11710204,215
696,Implicit Aware,3,11710204,216
697,Implicit Aware,3,11710204,217
698,Implicit Aware,3,11710204,218
699,Implicit Aware,3,11710204,219
700,Implicit Aware,3,11710204,220
701,Implicit Aware,3,11710204,221
702,Implicit Aware,3,11710204,222
703,Implicit Aware,3,11710204,223
704,Implicit Aware,3,11710204,224
705,Implicit Aware,3,11710204,225
706,Implicit Aware,3,11710204,226
707,Implicit Aware,3,11710204,227
708,Implicit Aware,3,11710204,228
709,Implicit Aware,3,11710204,229
710,Implicit Aware,3,11710204,230
711,Implicit Aware,3,11710204,231
712,Implicit Aware,3,11710204,232
713,Implicit Aware,3,11710204,233
714,Implicit Aware,3,11710204,234
715,Implicit Aware,3,11710204,235
716,Implicit Aware,3,11710204,236
717,Implicit Aware,3,11710204,237
718,Implicit Aware,3,11710204,238
719,Implicit Aware,3,11710204,239
720,Implicit Aware,3,11710204,240
721,Implicit Aware,4,11710205,1
722,Implicit Aware,4,11710205,2
723,Implicit Aware,4,11710205,3
724,Implicit Aware,4,11710205,4
725,Implicit Aware,4,11710205,5
726,Implicit Aware,4,11710205,6
727,Implicit Aware,4,11710205,7
728,Implicit Aware,4,11710205,8
729,Implicit Aware,4,11710205,9
730,Implicit Aware,4,11710205,10
731,Implicit Aware,4,11710205,11
732,Implicit Aware,4,11710205,12
733,Implicit Aware,4,11710205,13
734,Implicit Aware,4,11710205,14
735,Implicit Aware,4,11710205,15
736,Implicit Aware,4,11710205,16
737,Implicit Aware,4,11710205,17
738,Implicit Aware,4,11710205,18
739,Implicit Aware,4,11710205,19
740,Implicit Aware,4,11710205,20
741,Implicit Aware,4,11710205,21
742,Implicit Aware,4,11710205,22
743,Implicit Aware,4,11710205,23
744,Implicit Aware,4,11710205,24
745,Implicit Aware,4,11710205,25
746,Implicit Aware,4,11710205,26
747,Implicit Aware,4,11710205,27
748,Implicit Aware,4,11710205,28
749,Implicit Aware,4,11710205,29
750,Implicit Aware,4,11710205,30
751,Implicit Aware,4,11710205,31
752,Implicit Aware,4,11710205,32
753,Implicit Aware,4,11710205,33
754,Implicit Aware,4,11710205,34
755,Implicit Aware,4,11710205,35
756,Implicit Aware,4,11710205,36
757,Implicit Aware,4,11710205,37
758,Implicit Aware,4,11710205,38
759,Implicit Aware,4,11710205,39
760,Implicit Aware,4,11710205,40
761,Implicit Aware,4,11710205,41
762,Implicit Aware,4,11710205,42
763,Implicit Aware,4,11710205,43
764,Implicit Aware,4,11710205,44
765,Implicit Aware,4,11710205,45
766,Implicit Aware,4,11710205,46
767,Implicit Aware,4,11710205,47
768,Implicit Aware,4,11710205,48
769,Implicit Aware,4,11710205,49
770,Implicit Aware,4,11710205,50
771,Implicit Aware,4,11710205,51
772,Implicit Aware,4,11710205,52
773,Implicit Aware,4,11710205,53
774,Implicit Aware,4,11710205,54
775,Implicit Aware,4,11710205,55
776,Implicit Aware,4,11710205,56
777,Implicit Aware,4,11710205,57
778,Implicit Aware,4,11710205,58
779,Implicit Aware,4,11710205,59
780,Implicit Aware,4,11710205,60
781,Implicit Aware,4,11710205,61
782,Implicit Aware,4,11710205,62
783,Implicit Aware,4,11710205,63
784,Implicit Aware,4,11710205,64
785,Implicit Aware,4,11710205,65
786,Implicit Aware,4,11710205,66
787,Implicit Aware,4,11710205,67
788,Implicit Aware,4,11710205,68
789,Implicit Aware,4,11710205,69
790,Implicit Aware,4,11710205,70
791,Implicit Aware,4,11710205,71
792,Implicit Aware,4,11710205,72
793,Implicit Aware,4,11710205,73
794,Implicit Aware,4,11710205,74
795,Implicit Aware,4,11710205,75
796,Implicit Aware,4,11710205,76
797,Implicit Aware,4,11710205,77
798,Implicit Aware,4,11710205,78
799,Implicit Aware,4,11710205,79
800,Implicit Aware,4,11710205,80
801,Implicit Aware,4,11710205,81
802,Implicit Aware,4,11710205,82
803,Implicit Aware,4,11710205,83
804,Implicit Aware,4,11710205,84
805,Implicit Aware,4,11710205,85
806,Implicit Aware,4,11710205,86
807,Implicit Aware,4,11710205,87
808,Implicit Aware,4,11710205,88
809,Implicit Aware,4,11710205,89
810,Implicit Aware,4,11710205,90
811,Implicit Aware,4,11710205,91
812,Implicit Aware,4,11710205,92
813,Implicit Aware,4,11710205,93
814,Implicit Aware,4,11710205,94
815,Implicit Aware,4,11710205,95
816,Implicit Aware,4,11710205,96
817,Implicit Aware,4,11710205,97
818,Implicit Aware,4,11710205,98
819,Implicit Aware,4,11710205,99
820,Implicit Aware,4,11710205,100
821,Implicit Aware,4,11710205,101
822,Implicit Aware,4,11710205,102
823,Implicit Aware,4,11710205,103
824,Implicit Aware,4,11710205,104
825,Implicit Aware,4,11710205,105
826,Implicit Aware,4,11710205,106
827,Implicit Aware,4,11710205,107
828,Implicit Aware,4,11710205,108
829,Implicit Aware,4,11710205,109
830,Implicit Aware,4,11710205,110
831,Implicit Aware,4,11710205,111
832,Implicit Aware,4,11710205,112
833,Implicit Aware,4,11710205,113
834,Implicit Aware,4,11710205,114
835,Implicit Aware,4,11710205,115
836,Implicit Aware,4,11710205,116
837,Implicit Aware,4,11710205,117
838,Implicit Aware,4,11710205,118
839,Implicit Aware,4,11710205,119
840,Implicit Aware,4,11710205,120
841,Implicit Aware,4,11710205,121
842,Implicit Aware,4,11710205,122
843,Implicit Aware,4,11710205,123
844,Implicit Aware,4,11710205,124
845,Implicit Aware,4,11710205,125
846,Implicit Aware,4,11710205,126
847,Implicit Aware,4,11710205,127
848,Implicit Aware,4,11710205,128
849,Implicit Aware,4,11710205,129
850,Implicit Aware,4,11710205,130
851,Implicit Aware,4,11710205,131
852,Implicit Aware,4,11710205,132
853,Implicit Aware,4,11710205,133
854,Implicit Aware,4,11710205,134
855,Implicit Aware,4,11710205,135
856,Implicit Aware,4,11710205,136
857,Implicit Aware,4,11710205,137
858,Implicit Aware,4,11710205,138
859,Implicit Aware,4,11710205,139
860,Implicit Aware,4,11710205,140
861,Implicit Aware,4,11710205,141
862,Implicit Aware,4,11710205,142
863,Implicit Aware,4,11710205,143
864,Implicit Aware,4,11710205,144
865,Implicit Aware,4,11710205,145
866,Implicit Aware,4,11710205,146
867,Implicit Aware,4,11710205,147
868,Implicit Aware,4,11710205,148
869,Implicit Aware,4,11710205,149
870,Implicit Aware,4,11710205,150
871,Implicit Aware,4,11710205,151
872,Implicit Aware,4,11710205,152
873,Implicit Aware,4,11710205,153
874,Implicit Aware,4,11710205,154
875,Implicit Aware,4,11710205,155
876,Implicit Aware,4,11710205,156
877,Implicit Aware,4,11710205,157
878,Implicit Aware,4,11710205,158
879,Implicit Aware,4,11710205,159
880,Implicit Aware,4,11710205,160
881,Implicit Aware,4,11710205,161
882,Implicit Aware,4,11710205,162
883,Implicit Aware,4,11710205,163
884,Implicit Aware,4,11710205,164
885,Implicit Aware,4,11710205,165
886,Implicit Aware,4,11710205,166
887,Implicit Aware,4,11710205,167
888,Implicit Aware,4,11710205,168
889,Implicit Aware,4,11710205,169
890,Implicit Aware,4,11710205,170
891,Implicit Aware,4,11710205,171
892,Implicit Aware,4,11710205,172
893,Implicit Aware,4,11710205,173
894,Implicit Aware,4,11710205,174
895,Implicit Aware,4,11710205,175
896,Implicit Aware,4,11710205,176
897,Implicit Aware,4,11710205,177
898,Implicit Aware,4,11710205,178
899,Implicit Aware,4,11710205,179
900,Implicit Aware,4,11710205,180
901,Implicit Aware,4,11710205,181
902,Implicit Aware,4,11710205,182
903,Implicit Aware,4,11710205,183
904,Implicit Aware,4,11710205,184
905,Implicit Aware,4,11710205,185
906,Implicit Aware,4,11710205,186
907,Implicit Aware,4,11710205,187
908,Implicit Aware,4,11710205,188
909,Implicit Aware,4,11710205,189
910,Implicit Aware,4,11710205,190
911,Implicit Aware,4,11710205,191
912,Implicit Aware,4,11710205,192
913,Implicit Aware,4,11710205,193
914,Implicit Aware,4,11710205,194
915,Implicit Aware,4,11710205,195
916,Implicit Aware,4,11710205,196
917,Implicit Aware,4,11710205,197
918,Implicit Aware,4,11710205,198
919,Implicit Aware,4,11710205,199
920,Implicit Aware,4,11710205,200
921,Implicit Aware,4,11710205,201
922,Implicit Aware,4,11710205,202
923,Implicit Aware,4,11710205,203
924,Implicit Aware,4,11710205,204
925,Implicit Aware,4,11710205,205
926,Implicit Aware,4,11710205,206
927,Implicit Aware,4,11710205,207
928,Implicit Aware,4,11710205,208
929,Implicit Aware,4,11710205,209
930,Implicit Aware,4,11710205,210
931,Implicit Aware,4,11710205,211
932,Implicit Aware,4,11710205,212
933,Implicit Aware,4,11710205,213
934,Implicit Aware,4,11710205,214
935,Implicit Aware,4,11710205,215
936,Implicit Aware,4,11710205,216
937,Implicit Aware,4,11710205,217
938,Implicit Aware,4,11710205,218
939,Implicit Aware,4,11710205,219
940,Implicit Aware,4,11710205,220
941,Implicit Aware,4,11710205,221
942,Implicit Aware,4,11710205,222
943,Implicit Aware,4,11710205,223
944,Implicit Aware,4,11710205,224
945,Implicit Aware,4,11710205,225
946,Implicit Aware,4,11710205,226
947,Implicit Aware,4,11710205,227
948,Implicit Aware,4,11710205,228
949,Implicit Aware,4,11710205,229
950,Implicit Aware,4,11710205,230
951,Implicit Aware,4,11710205,231
952,Implicit Aware,4,11710205,232
953,Implicit Aware,4,11710205,233
954,Implicit Aware,4,11710205,234
955,Implicit Aware,4,11710205,235
956,Implicit Aware,4,11710205,236
957,Implicit Aware,4,11710205,237
958,Implicit Aware,4,11710205,238
959,Implicit Aware,4,11710205,239
960,Implicit Aware,4,11710205,240
961,Implicit Aware,5,11710206,1
962,Implicit Aware,5,11710206,2
963,Implicit Aware,5,11710206,3
964,Implicit Aware,5,11710206,4
965,Implicit Aware,5,11710206,5
966,Implicit Aware,5,11710206,6
967,Implicit Aware,5,11710206,7
968,Implicit Aware,5,11710206,8
969,Implicit Aware,5,11710206,9
970,Implicit Aware,5,11710206,10
971,Implicit Aware,5,11710206,11
972,Implicit Aware,5,11710206,12
973,Implicit Aware,5,11710206,13
974,Implicit Aware,5,11710206,14
975,Implicit Aware,5,11710206,15
976,Implicit Aware,5,11710206,16
977,Implicit Aware,5,11710206,17
978,Implicit Aware,5,11710206,18
979,Implicit Aware,5,11710206,19
980,Implicit Aware,5,11710206,20
981,Implicit Aware,5,11710206,21
982,Implicit Aware,5,11710206,22
983,Implicit Aware,5,11710206,23
984,Implicit Aware,5,11710206,24
985,Implicit Aware,5,11710206,25
986,Implicit Aware,5,11710206,26
987,Implicit Aware,5,11710206,27
988,Implicit Aware,5,11710206,28
989,Implicit Aware,5,11710206,29
990,Implicit Aware,5,11710206,30
991,Implicit Aware,5,11710206,31
992,Implicit Aware,5,11710206,32
993,Implicit Aware,5,11710206,33
994,Implicit Aware,5,11710206,34
995,Implicit Aware,5,11710206,35
996,Implicit Aware,5,11710206,36
997,Implicit Aware,5,11710206,37
998,Implicit Aware,5,11710206,38
999,Implicit Aware,5,11710206,39
1000,Implicit Aware,5,11710206,40
1001,Implicit Aware,5,11710206,41
1002,Implicit Aware,5,11710206,42
1003,Implicit Aware,5,11710206,43
1004,Implicit Aware,5,11710206,44
1005,Implicit Aware,5,11710206,45
1006,Implicit Aware,5,11710206,46
1007,Implicit Aware,5,11710206,47
1008,Implicit Aware,5,11710206,48
1009,Implicit Aware,5,11710206,49
1010,Implicit Aware,5,11710206,50
1011,Implicit Aware,5,11710206,51
1012,Implicit Aware,5,11710206,52
1013,Implicit Aware,5,11710206,53
1014,Implicit Aware,5,11710206,54
1015,Implicit Aware,5,11710206,55
1016,Implicit Aware,5,11710206,56
1017,Implicit Aware,5,11710206,57
1018,Implicit Aware,5,11710206,58
1019,Implicit Aware,5,11710206,59
1020,Implicit Aware,5,11710206,60
1021,Implicit Aware,5,11710206,61
1022,Implicit Aware,5,11710206,62
1023,Implicit Aware,5,11710206,63
1024,Implicit Aware,5,11710206,64
1025,Implicit Aware,5,11710206,65
1026,Implicit Aware,5,11710206,66
1027,Implicit Aware,5,11710206,67
1028,Implicit Aware,5,11710206,68
1029,Implicit Aware,5,11710206,69
1030,Implicit Aware,5,11710206,70
1031,Implicit Aware,5,11710206,71
1032,Implicit Aware,5,11710206,72
1033,Implicit Aware,5,11710206,73
1034,Implicit Aware,5,11710206,74
1035,Implicit Aware,5,11710206,75
1036,Implicit Aware,5,11710206,76
1037,Implicit Aware,5,11710206,77
1038,Implicit Aware,5,11710206,78
1039,Implicit Aware,5,11710206,79
1040,Implicit Aware,5,11710206,80
1041,Implicit Aware,5,11710206,81
1042,Implicit Aware,5,11710206,82
1043,Implicit Aware,5,11710206,83
1044,Implicit Aware,5,11710206,84
1045,Implicit Aware,5,11710206,85
1046,Implicit Aware,5,11710206,86
1047,Implicit Aware,5,11710206,87
1048,Implicit Aware,5,11710206,88
1049,Implicit Aware,5,11710206,89
1050,Implicit Aware,5,11710206,90
1051,Implicit Aware,5,11710206,91
1052,Implicit Aware,5,11710206,92
1053,Implicit Aware,5,11710206,93
1054,Implicit Aware,5,11710206,94
1055,Implicit Aware,5,11710206,95
1056,Implicit Aware,5,11710206,96
1057,Implicit Aware,5,11710206,97
1058,Implicit Aware,5,11710206,98
1059,Implicit Aware,5,11710206,99
1060,Implicit Aware,5,11710206,100
1061,Implicit Aware,5,11710206,101
1062,Implicit Aware,5,11710206,102
1063,Implicit Aware,5,11710206,103
1064,Implicit Aware,5,11710206,104
1065,Implicit Aware,5,11710206,105
1066,Implicit Aware,5,11710206,106
1067,Implicit Aware,5,11710206,107
1068,Implicit Aware,5,11710206,108
1069,Implicit Aware,5,11710206,109
1070,Implicit Aware,5,11710206,110
1071,Implicit Aware,5,11710206,111
1072,Implicit Aware,5,11710206,112
1073,Implicit Aware,5,11710206,113
1074,Implicit Aware,5,11710206,114
1075,Implicit Aware,5,11710206,115
1076,Implicit Aware,5,11710206,116
1077,Implicit Aware,5,11710206,117
1078,Implicit Aware,5,11710206,118
1079,Implicit Aware,5,11710206,119
1080,Implicit Aware,5,11710206,120
1081,Implicit Aware,5,11710206,121
1082,Implicit Aware,5,11710206,122
1083,Implicit Aware,5,11710206,123
1084,Implicit Aware,5,11710206,124
1085,Implicit Aware,5,11710206,125
1086,Implicit Aware,5,11710206,126
1087,Implicit Aware,5,11710206,127
1088,Implicit Aware,5,11710206,128
1089,Implicit Aware,5,11710206,129
1090,Implicit Aware,5,11710206,130
1091,Implicit Aware,5,11710206,131
1092,Implicit Aware,5,11710206,132
1093,Implicit Aware,5,11710206,133
1094,Implicit Aware,5,11710206,134
1095,Implicit Aware,5,11710206,135
1096,Implicit Aware,5,11710206,136
1097,Implicit Aware,5,11710206,137
1098,Implicit Aware,5,11710206,138
1099,Implicit Aware,5,11710206,139
1100,Implicit Aware,5,11710206,140
1101,Implicit Aware,5,11710206,141
1102,Implicit Aware,5,11710206,142
1103,Implicit Aware,5,11710206,143
1104,Implicit Aware,5,11710206,144
1105,Implicit Aware,5,11710206,145
1106,Implicit Aware,5,11710206,146
1107,Implicit Aware,5,11710206,147
1108,Implicit Aware,5,11710206,148
1109,Implicit Aware,5,11710206,149
1110,Implicit Aware,5,11710206,150
1111,Implicit Aware,5,11710206,151
1112,Implicit Aware,5,11710206,152
1113,Implicit Aware,5,11710206,153
1114,Implicit Aware,5,11710206,154
1115,Implicit Aware,5,11710206,155
1116,Implicit Aware,5,11710206,156
1117,Implicit Aware,5,11710206,157
1118,Implicit Aware,5,11710206,158
1119,Implicit Aware,5,11710206,159
1120,Implicit Aware,5,11710206,160
1121,Implicit Aware,5,11710206,161
1122,Implicit Aware,5,11710206,162
1123,Implicit Aware,5,11710206,163
1124,Implicit Aware,5,11710206,164
1125,Implicit Aware,5,11710206,165
1126,Implicit Aware,5,11710206,166
1127,Implicit Aware,5,11710206,167
1128,Implicit Aware,5,11710206,168
1129,Implicit Aware,5,11710206,169
1130,Implicit Aware,5,11710206,170
1131,Implicit Aware,5,11710206,171
1132,Implicit Aware,5,11710206,172
1133,Implicit Aware,5,11710206,173
1134,Implicit Aware,5,11710206,174
1135,Implicit Aware,5,11710206,175
1136,Implicit Aware,5,11710206,176
1137,Implicit Aware,5,11710206,177
1138,Implicit Aware,5,11710206,178
1139,Implicit Aware,5,11710206,179
1140,Implicit Aware,5,11710206,180
1141,Implicit Aware,5,11710206,181
1142,Implicit Aware,5,11710206,182
1143,Implicit Aware,5,11710206,183
1144,Implicit Aware,5,11710206,184
1145,Implicit Aware,5,11710206,185
1146,Implicit Aware,5,11710206,186
1147,Implicit Aware,5,11710206,187
1148,Implicit Aware,5,11710206,188
1149,Implicit Aware,5,11710206,189
1150,Implicit Aware,5,11710206,190
1151,Implicit Aware,5,11710206,191
1152,Implicit Aware,5,11710206,192
1153,Implicit Aware,5,11710206,193
1154,Implicit Aware,5,11710206,194
1155,Implicit Aware,5,11710206,195
1156,Implicit Aware,5,11710206,196
1157,Implicit Aware,5,11710206,197
1158,Implicit Aware,5,11710206,198
1159,Implicit Aware,5,11710206,199
1160,Implicit Aware,5,11710206,200
1161,Implicit Aware,5,11710206,201
1162,Implicit Aware,5,11710206,202
1163,Implicit Aware,5,11710206,203
1164,Implicit Aware,5,11710206,204
1165,Implicit Aware,5,11710206,205
1166,Implicit Aware,5,11710206,206
1167,Implicit Aware,5,11710206,207
1168,Implicit Aware,5,11710206,208
1169,Implicit Aware,5,11710206,209
1170,Implicit Aware,5,11710206,210
1171,Implicit Aware,5,11710206,211
1172,Implicit Aware,5,11710206,212
1173,Implicit Aware,5,11710206,213
1174,Implicit Aware,5,11710206,214
1175,Implicit Aware,5,11710206,215
1176,Implicit Aware,5,11710206,216
1177,Implicit Aware,5,11710206,217
1178,Implicit Aware,5,11710206,218
1179,Implicit Aware,5,11710206,219
1180,Implicit Aware,5,11710206,220
1181,Implicit Aware,5,11710206,221
1182,Implicit Aware,5,11710206,222
1183,Implicit Aware,5,11710206,223
1184,Implicit Aware,5,11710206,224
1185,Implicit Aware,5,11710206,225
1186,Implicit Aware,5,11710206,226
1187,Implicit Aware,5,11710206,227
1188,Implicit Aware,5,11710206,228
1189,Implicit Aware,5,11710206,229
1190,Implicit Aware,5,11710206,230
1191,Implicit Aware,5,11710206,231
1192,Implicit Aware,5,11710206,232
1193,Implicit Aware,5,11710206,233
1194,Implicit Aware,5,11710206,234
1195,Implicit Aware,5,11710206,235
1196,Implicit Aware,5,11710206,236
1197,Implicit Aware,5,11710206,237
1198,Implicit Aware,5,11710206,238
1199,Implicit Aware,5,11710206,239
1200,Implicit Aware,5,11710206,240
1201,Implicit Aware,6,11710209,1
1202,Implicit Aware,6,11710209,2
1203,Implicit Aware,6,11710209,3
1204,Implicit Aware,6,11710209,4
1205,Implicit Aware,6,11710209,5
1206,Implicit Aware,6,11710209,6
1207,Implicit Aware,6,11710209,7
1208,Implicit Aware,6,11710209,8
1209,Implicit Aware,6,11710209,9
1210,Implicit Aware,6,11710209,10
1211,Implicit Aware,6,11710209,11
1212,Implicit Aware,6,11710209,12
1213,Implicit Aware,6,11710209,13
1214,Implicit Aware,6,11710209,14
1215,Implicit Aware,6,11710209,15
1216,Implicit Aware,6,11710209,16
1217,Implicit Aware,6,11710209,17
1218,Implicit Aware,6,11710209,18
1219,Implicit Aware,6,11710209,19
1220,Implicit Aware,6,11710209,20
1221,Implicit Aware,6,11710209,21
1222,Implicit Aware,6,11710209,22
1223,Implicit Aware,6,11710209,23
1224,Implicit Aware,6,11710209,24
1225,Implicit Aware,6,11710209,25
1226,Implicit Aware,6,11710209,26
1227,Implicit Aware,6,11710209,27
1228,Implicit Aware,6,11710209,28
1229,Implicit Aware,6,11710209,29
1230,Implicit Aware,6,11710209,30
1231,Implicit Aware,6,11710209,31
1232,Implicit Aware,6,11710209,32
1233,Implicit Aware,6,11710209,33
1234,Implicit Aware,6,11710209,34
1235,Implicit Aware,6,11710209,35
1236,Implicit Aware,6,11710209,36
1237,Implicit Aware,6,11710209,37
1238,Implicit Aware,6,11710209,38
1239,Implicit Aware,6,11710209,39
1240,Implicit Aware,6,11710209,40
1241,Implicit Aware,6,11710209,41
1242,Implicit Aware,6,11710209,42
1243,Implicit Aware,6,11710209,43
1244,Implicit Aware,6,11710209,44
1245,Implicit Aware,6,11710209,45
1246,Implicit Aware,6,11710209,46
1247,Implicit Aware,6,11710209,47
1248,Implicit Aware,6,11710209,48
1249,Implicit Aware,6,11710209,49
1250,Implicit Aware,6,11710209,50
1251,Implicit Aware,6,11710209,51
1252,Implicit Aware,6,11710209,52
1253,Implicit Aware,6,11710209,53
1254,Implicit Aware,6,11710209,54
1255,Implicit Aware,6,11710209,55
1256,Implicit Aware,6,11710209,56
1257,Implicit Aware,6,11710209,57
1258,Implicit Aware,6,11710209,58
1259,Implicit Aware,6,11710209,59
1260,Implicit Aware,6,11710209,60
1261,Implicit Aware,6,11710209,61
1262,Implicit Aware,6,11710209,62
1263,Implicit Aware,6,11710209,63
1264,Implicit Aware,6,11710209,64
1265,Implicit Aware,6,11710209,65
1266,Implicit Aware,6,11710209,66
1267,Implicit Aware,6,11710209,67
1268,Implicit Aware,6,11710209,68
1269,Implicit Aware,6,11710209,69
1270,Implicit Aware,6,11710209,70
1271,Implicit Aware,6,11710209,71
1272,Implicit Aware,6,11710209,72
1273,Implicit Aware,6,11710209,73
1274,Implicit Aware,6,11710209,74
1275,Implicit Aware,6,11710209,75
1276,Implicit Aware,6,11710209,76
1277,Implicit Aware,6,11710209,77
1278,Implicit Aware,6,11710209,78
1279,Implicit Aware,6,11710209,79
1280,Implicit Aware,6,11710209,80
1281,Implicit Aware,6,11710209,81
1282,Implicit Aware,6,11710209,82
1283,Implicit Aware,6,11710209,83
1284,Implicit Aware,6,11710209,84
1285,Implicit Aware,6,11710209,85
1286,Implicit Aware,6,11710209,86
1287,Implicit Aware,6,11710209,87
1288,Implicit Aware,6,11710209,88
1289,Implicit Aware,6,11710209,89
1290,Implicit Aware,6,11710209,90
1291,Implicit Aware,6,11710209,91
1292,Implicit Aware,6,11710209,92
1293,Implicit Aware,6,11710209,93
1294,Implicit Aware,6,11710209,94
1295,Implicit Aware,6,11710209,95
1296,Implicit Aware,6,11710209,96
1297,Implicit Aware,6,11710209,97
1298,Implicit Aware,6,11710209,98
1299,Implicit Aware,6,11710209,99
1300,Implicit Aware,6,11710209,100
1301,Implicit Aware,6,11710209,101
1302,Implicit Aware,6,11710209,102
1303,Implicit Aware,6,11710209,103
1304,Implicit Aware,6,11710209,104
1305,Implicit Aware,6,11710209,105
1306,Implicit Aware,6,11710209,106
1307,Implicit Aware,6,11710209,107
1308,Implicit Aware,6,11710209,108
1309,Implicit Aware,6,11710209,109
1310,Implicit Aware,6,11710209,110
1311,Implicit Aware,6,11710209,111
1312,Implicit Aware,6,11710209,112
1313,Implicit Aware,6,11710209,113
1314,Implicit Aware,6,11710209,114
1315,Implicit Aware,6,11710209,115
1316,Implicit Aware,6,11710209,116
1317,Implicit Aware,6,11710209,117
1318,Implicit Aware,6,11710209,118
1319,Implicit Aware,6,11710209,119
1320,Implicit Aware,6,11710209,120
1321,Implicit Aware,6,11710209,121
1322,Implicit Aware,6,11710209,122
1323,Implicit Aware,6,11710209,123
1324,Implicit Aware,6,11710209,124
1325,Implicit Aware,6,11710209,125
1326,Implicit Aware,6,11710209,126
1327,Implicit Aware,6,11710209,127
1328,Implicit Aware,6,11710209,128
1329,Implicit Aware,6,11710209,129
1330,Implicit Aware,6,11710209,130
1331,Implicit Aware,6,11710209,131
1332,Implicit Aware,6,11710209,132
1333,Implicit Aware,6,11710209,133
1334,Implicit Aware,6,11710209,134
1335,Implicit Aware,6,11710209,135
1336,Implicit Aware,6,11710209,136
1337,Implicit Aware,6,11710209,137
1338,Implicit Aware,6,11710209,138
1339,Implicit Aware,6,11710209,139
1340,Implicit Aware,6,11710209,140
1341,Implicit Aware,6,11710209,141
1342,Implicit Aware,6,11710209,142
1343,Implicit Aware,6,11710209,143
1344,Implicit Aware,6,11710209,144
1345,Implicit Aware,6,11710209,145
1346,Implicit Aware,6,11710209,146
1347,Implicit Aware,6,11710209,147
1348,Implicit Aware,6,11710209,148
1349,Implicit Aware,6,11710209,149
1350,Implicit Aware,6,11710209,150
1351,Implicit Aware,6,11710209,151
1352,Implicit Aware,6,11710209,152
1353,Implicit Aware,6,11710209,153
1354,Implicit Aware,6,11710209,154
1355,Implicit Aware,6,11710209,155
1356,Implicit Aware,6,11710209,156
1357,Implicit Aware,6,11710209,157
1358,Implicit Aware,6,11710209,158
1359,Implicit Aware,6,11710209,159
1360,Implicit Aware,6,11710209,160
1361,Implicit Aware,6,11710209,161
1362,Implicit Aware,6,11710209,162
1363,Implicit Aware,6,11710209,163
1364,Implicit Aware,6,11710209,164
1365,Implicit Aware,6,11710209,165
1366,Implicit Aware,6,11710209,166
1367,Implicit Aware,6,11710209,167
1368,Implicit Aware,6,11710209,168
1369,Implicit Aware,6,11710209,169
1370,Implicit Aware,6,11710209,170
1371,Implicit Aware,6,11710209,171
1372,Implicit Aware,6,11710209,172
1373,Implicit Aware,6,11710209,173
1374,Implicit Aware,6,11710209,174
1375,Implicit Aware,6,11710209,175
1376,Implicit Aware,6,11710209,176
1377,Implicit Aware,6,11710209,177
1378,Implicit Aware,6,11710209,178
1379,Implicit Aware,6,11710209,179
1380,Implicit Aware,6,11710209,180
1381,Implicit Aware,6,11710209,181
1382,Implicit Aware,6,11710209,182
1383,Implicit Aware,6,11710209,183
1384,Implicit Aware,6,11710209,184
1385,Implicit Aware,6,11710209,185
1386,Implicit Aware,6,11710209,186
1387,Implicit Aware,6,11710209,187
1388,Implicit Aware,6,11710209,188
1389,Implicit Aware,6,11710209,189
1390,Implicit Aware,6,11710209,190
1391,Implicit Aware,6,11710209,191
1392,Implicit Aware,6,11710209,192
1393,Implicit Aware,6,11710209,193
1394,Implicit Aware,6,11710209,194
1395,Implicit Aware,6,11710209,195
1396,Implicit Aware,6,11710209,196
1397,Implicit Aware,6,11710209,197
1398,Implicit Aware,6,11710209,198
1399,Implicit Aware,6,11710209,199
1400,Implicit Aware,6,11710209,200
1401,Implicit Aware,6,11710209,201
1402,Implicit Aware,6,11710209,202
1403,Implicit Aware,6,11710209,203
1404,Implicit Aware,6,11710209,204
1405,Implicit Aware,6,11710209,205
1406,Implicit Aware,6,11710209,206
1407,Implicit Aware,6,11710209,207
1408,Implicit Aware,6,11710209,208
1409,Implicit Aware,6,11710209,209
1410,Implicit Aware,6,11710209,210
1411,Implicit Aware,6,11710209,211
1412,Implicit Aware,6,11710209,212
1413,Implicit Aware,6,11710209,213
1414,Implicit Aware,6,11710209,214
1415,Implicit Aware,6,11710209,215
1416,Implicit Aware,6,11710209,216
1417,Implicit Aware,6,11710209,217
1418,Implicit Aware,6,11710209,218
1419,Implicit Aware,6,11710209,219
1420,Implicit Aware,6,11710209,220
1421,Implicit Aware,6,11710209,221
1422,Implicit Aware,6,11710209,222
1423,Implicit Aware,6,11710209,223
1424,Implicit Aware,6,11710209,224
1425,Implicit Aware,6,11710209,225
1426,Implicit Aware,6,11710209,226
1427,Implicit Aware,6,11710209,227
1428,Implicit Aware,6,11710209,228
1429,Implicit Aware,6,11710209,229
1430,Implicit Aware,6,11710209,230
1431,Implicit Aware,6,11710209,231
1432,Implicit Aware,6,11710209,232
1433,Implicit Aware,6,11710209,233
1434,Implicit Aware,6,11710209,234
1435,Implicit Aware,6,11710209,235
1436,Implicit Aware,6,11710209,236
1437,Implicit Aware,6,11710209,237
1438,Implicit Aware,6,11710209,238
1439,Implicit Aware,6,11710209,239
1440,Implicit Aware,6,11710209,240
1441,Implicit Aware,7,11710211,1
1442,Implicit Aware,7,11710211,2
1443,Implicit Aware,7,11710211,3
1444,Implicit Aware,7,11710211,4
1445,Implicit Aware,7,11710211,5
1446,Implicit Aware,7,11710211,6
1447,Implicit Aware,7,11710211,7
1448,Implicit Aware,7,11710211,8
1449,Implicit Aware,7,11710211,9
1450,Implicit Aware,7,11710211,10
1451,Implicit Aware,7,11710211,11
1452,Implicit Aware,7,11710211,12
1453,Implicit Aware,7,11710211,13
1454,Implicit Aware,7,11710211,14
1455,Implicit Aware,7,11710211,15
1456,Implicit Aware,7,11710211,16
1457,Implicit Aware,7,11710211,17
1458,Implicit Aware,7,11710211,18
1459,Implicit Aware,7,11710211,19
1460,Implicit Aware,7,11710211,20
1461,Implicit Aware,7,11710211,21
1462,Implicit Aware,7,11710211,22
1463,Implicit Aware,7,11710211,23
1464,Implicit Aware,7,11710211,24
1465,Implicit Aware,7,11710211,25
1466,Implicit Aware,7,11710211,26
1467,Implicit Aware,7,11710211,27
1468,Implicit Aware,7,11710211,28
1469,Implicit Aware,7,11710211,29
1470,Implicit Aware,7,11710211,30
1471,Implicit Aware,7,11710211,31
1472,Implicit Aware,7,11710211,32
1473,Implicit Aware,7,11710211,33
1474,Implicit Aware,7,11710211,34
1475,Implicit Aware,7,11710211,35
1476,Implicit Aware,7,11710211,36
1477,Implicit Aware,7,11710211,37
1478,Implicit Aware,7,11710211,38
1479,Implicit Aware,7,11710211,39
1480,Implicit Aware,7,11710211,40
1481,Implicit Aware,7,11710211,41
1482,Implicit Aware,7,11710211,42
1483,Implicit Aware,7,11710211,43
1484,Implicit Aware,7,11710211,44
1485,Implicit Aware,7,11710211,45
1486,Implicit Aware,7,11710211,46
1487,Implicit Aware,7,11710211,47
1488,Implicit Aware,7,11710211,48
1489,Implicit Aware,7,11710211,49
1490,Implicit Aware,7,11710211,50
1491,Implicit Aware,7,11710211,51
1492,Implicit Aware,7,11710211,52
1493,Implicit Aware,7,11710211,53
1494,Implicit Aware,7,11710211,54
1495,Implicit Aware,7,11710211,55
1496,Implicit Aware,7,11710211,56
1497,Implicit Aware,7,11710211,57
1498,Implicit Aware,7,11710211,58
1499,Implicit Aware,7,11710211,59
1500,Implicit Aware,7,11710211,60
1501,Implicit Aware,7,11710211,61
1502,Implicit Aware,7,11710211,62
1503,Implicit Aware,7,11710211,63
1504,Implicit Aware,7,11710211,64
1505,Implicit Aware,7,11710211,65
1506,Implicit Aware,7,11710211,66
1507,Implicit Aware,7,11710211,67
1508,Implicit Aware,7,11710211,68
1509,Implicit Aware,7,11710211,69
1510,Implicit Aware,7,11710211,70
1511,Implicit Aware,7,11710211,71
1512,Implicit Aware,7,11710211,72
1513,Implicit Aware,7,11710211,73
1514,Implicit Aware,7,11710211,74
1515,Implicit Aware,7,11710211,75
1516,Implicit Aware,7,11710211,76
1517,Implicit Aware,7,11710211,77
1518,Implicit Aware,7,11710211,78
1519,Implicit Aware,7,11710211,79
1520,Implicit Aware,7,11710211,80
1521,Implicit Aware,7,11710211,81
1522,Implicit Aware,7,11710211,82
1523,Implicit Aware,7,11710211,83
1524,Implicit Aware,7,11710211,84
1525,Implicit Aware,7,11710211,85
1526,Implicit Aware,7,11710211,86
1527,Implicit Aware,7,11710211,87
1528,Implicit Aware,7,11710211,88
1529,Implicit Aware,7,11710211,89
1530,Implicit Aware,7,11710211,90
1531,Implicit Aware,7,11710211,91
1532,Implicit Aware,7,11710211,92
1533,Implicit Aware,7,11710211,93
1534,Implicit Aware,7,11710211,94
1535,Implicit Aware,7,11710211,95
1536,Implicit Aware,7,11710211,96
1537,Implicit Aware,7,11710211,97
1538,Implicit Aware,7,11710211,98
1539,Implicit Aware,7,11710211,99
1540,Implicit Aware,7,11710211,100
1541,Implicit Aware,7,11710211,101
1542,Implicit Aware,7,11710211,102
1543,Implicit Aware,7,11710211,103
1544,Implicit Aware,7,11710211,104
1545,Implicit Aware,7,11710211,105
1546,Implicit Aware,7,11710211,106
1547,Implicit Aware,7,11710211,107
1548,Implicit Aware,7,11710211,108
1549,Implicit Aware,7,11710211,109
1550,Implicit Aware,7,11710211,110
1551,Implicit Aware,7,11710211,111
1552,Implicit Aware,7,11710211,112
1553,Implicit Aware,7,11710211,113
1554,Implicit Aware,7,11710211,114
1555,Implicit Aware,7,11710211,115
1556,Implicit Aware,7,11710211,116
1557,Implicit Aware,7,11710211,117
1558,Implicit Aware,7,11710211,118
1559,Implicit Aware,7,11710211,119
1560,Implicit Aware,7,11710211,120
1561,Implicit Aware,7,11710211,121
1562,Implicit Aware,7,11710211,122
1563,Implicit Aware,7,11710211,123
1564,Implicit Aware,7,11710211,124
1565,Implicit Aware,7,11710211,125
1566,Implicit Aware,7,11710211,126
1567,Implicit Aware,7,11710211,127
1568,Implicit Aware,7,11710211,128
1569,Implicit Aware,7,11710211,129
1570,Implicit Aware,7,11710211,130
1571,Implicit Aware,7,11710211,131
1572,Implicit Aware,7,11710211,132
1573,Implicit Aware,7,11710211,133
1574,Implicit Aware,7,11710211,134
1575,Implicit Aware,7,11710211,135
1576,Implicit Aware,7,11710211,136
1577,Implicit Aware,7,11710211,137
1578,Implicit Aware,7,11710211,138
1579,Implicit Aware,7,11710211,139
1580,Implicit Aware,7,11710211,140
1581,Implicit Aware,7,11710211,141
1582,Implicit Aware,7,11710211,142
1583,Implicit Aware,7,11710211,143
1584,Implicit Aware,7,11710211,144
1585,Implicit Aware,7,11710211,145
1586,Implicit Aware,7,11710211,146
1587,Implicit Aware,7,11710211,147
1588,Implicit Aware,7,11710211,148
1589,Implicit Aware,7,11710211,149
1590,Implicit Aware,7,11710211,150
1591,Implicit Aware,7,11710211,151
1592,Implicit Aware,7,11710211,152
1593,Implicit Aware,7,11710211,153
1594,Implicit Aware,7,11710211,154
1595,Implicit Aware,7,11710211,155
1596,Implicit Aware,7,11710211,156
1597,Implicit Aware,7,11710211,157
1598,Implicit Aware,7,11710211,158
1599,Implicit Aware,7,11710211,159
1600,Implicit Aware,7,11710211,160
1601,Implicit Aware,7,11710211,161
1602,Implicit Aware,7,11710211,162
1603,Implicit Aware,7,11710211,163
1604,Implicit Aware,7,11710211,164
1605,Implicit Aware,7,11710211,165
1606,Implicit Aware,7,11710211,166
1607,Implicit Aware,7,11710211,167
1608,Implicit Aware,7,11710211,168
1609,Implicit Aware,7,11710211,169
1610,Implicit Aware,7,11710211,170
1611,Implicit Aware,7,11710211,171
1612,Implicit Aware,7,11710211,172
1613,Implicit Aware,7,11710211,173
1614,Implicit Aware,7,11710211,174
1615,Implicit Aware,7,11710211,175
1616,Implicit Aware,7,11710211,176
1617,Implicit Aware,7,11710211,177
1618,Implicit Aware,7,11710211,178
1619,Implicit Aware,7,11710211,179
1620,Implicit Aware,7,11710211,180
1621,Implicit Aware,7,11710211,181
1622,Implicit Aware,7,11710211,182
1623,Implicit Aware,7,11710211,183
1624,Implicit Aware,7,11710211,184
1625,Implicit Aware,7,11710211,185
1626,Implicit Aware,7,11710211,186
1627,Implicit Aware,7,11710211,187
1628,Implicit Aware,7,11710211,188
1629,Implicit Aware,7,11710211,189
1630,Implicit Aware,7,11710211,190
1631,Implicit Aware,7,11710211,191
1632,Implicit Aware,7,11710211,192
1633,Implicit Aware,7,11710211,193
1634,Implicit Aware,7,11710211,194
1635,Implicit Aware,7,11710211,195
1636,Implicit Aware,7,11710211,196
1637,Implicit Aware,7,11710211,197
1638,Implicit Aware,7,11710211,198
1639,Implicit Aware,7,11710211,199
1640,Implicit Aware,7,11710211,200
1641,Implicit Aware,7,11710211,201
1642,Implicit Aware,7,11710211,202
1643,Implicit Aware,7,11710211,203
1644,Implicit Aware,7,11710211,204
1645,Implicit Aware,7,11710211,205
1646,Implicit Aware,7,11710211,206
1647,Implicit Aware,7,11710211,207
1648,Implicit Aware,7,11710211,208
1649,Implicit Aware,7,11710211,209
1650,Implicit Aware,7,11710211,210
1651,Implicit Aware,7,11710211,211
1652,Implicit Aware,7,11710211,212
1653,Implicit Aware,7,11710211,213
1654,Implicit Aware,7,11710211,214
1655,Implicit Aware,7,11710211,215
1656,Implicit Aware,7,11710211,216
1657,Implicit Aware,7,11710211,217
1658,Implicit Aware,7,11710211,218
1659,Implicit Aware,7,11710211,219
1660,Implicit Aware,7,11710211,220
1661,Implicit Aware,7,11710211,221
1662,Implicit Aware,7,11710211,222
1663,Implicit Aware,7,11710211,223
1664,Implicit Aware,7,11710211,224
1665,Implicit Aware,7,11710211,225
1666,Implicit Aware,7,11710211,226
1667,Implicit Aware,7,11710211,227
1668,Implicit Aware,7,11710211,228
1669,Implicit Aware,7,11710211,229
1670,Implicit Aware,7,11710211,230
1671,Implicit Aware,7,11710211,231
1672,Implicit Aware,7,11710211,232
1673,Implicit Aware,7,11710211,233
1674,Implicit Aware,7,11710211,234
1675,Implicit Aware,7,11710211,235
1676,Implicit Aware,7,11710211,236
1677,Implicit Aware,7,11710211,237
1678,Implicit Aware,7,11710211,238
1679,Implicit Aware,7,11710211,239
1680,Implicit Aware,7,11710211,240
1681,Implicit Aware,8,11710214,1
1682,Implicit Aware,8,11710214,2
1683,Implicit Aware,8,11710214,3
1684,Implicit Aware,8,11710214,4
1685,Implicit Aware,8,11710214,5
1686,Implicit Aware,8,11710214,6
1687,Implicit Aware,8,11710214,7
1688,Implicit Aware,8,11710214,8
1689,Implicit Aware,8,11710214,9
1690,Implicit Aware,8,11710214,10
1691,Implicit Aware,8,11710214,11
1692,Implicit Aware,8,11710214,12
1693,Implicit Aware,8,11710214,13
1694,Implicit Aware,8,11710214,14
1695,Implicit Aware,8,11710214,15
1696,Implicit Aware,8,11710214,16
1697,Implicit Aware,8,11710214,17
1698,Implicit Aware,8,11710214,18
1699,Implicit Aware,8,11710214,19
1700,Implicit Aware,8,11710214,20
1701,Implicit Aware,8,11710214,21
1702,Implicit Aware,8,11710214,22
1703,Implicit Aware,8,11710214,23
1704,Implicit Aware,8,11710214,24
1705,Implicit Aware,8,11710214,25
1706,Implicit Aware,8,11710214,26
1707,Implicit Aware,8,11710214,27
1708,Implicit Aware,8,11710214,28
1709,Implicit Aware,8,11710214,29
1710,Implicit Aware,8,11710214,30
1711,Implicit Aware,8,11710214,31
1712,Implicit Aware,8,11710214,32
1713,Implicit Aware,8,11710214,33
1714,Implicit Aware,8,11710214,34
1715,Implicit Aware,8,11710214,35
1716,Implicit Aware,8,11710214,36
1717,Implicit Aware,8,11710214,37
1718,Implicit Aware,8,11710214,38
1719,Implicit Aware,8,11710214,39
1720,Implicit Aware,8,11710214,40
1721,Implicit Aware,8,11710214,41
1722,Implicit Aware,8,11710214,42
1723,Implicit Aware,8,11710214,43
1724,Implicit Aware,8,11710214,44
1725,Implicit Aware,8,11710214,45
1726,Implicit Aware,8,11710214,46
1727,Implicit Aware,8,11710214,47
1728,Implicit Aware,8,11710214,48
1729,Implicit Aware,8,11710214,49
1730,Implicit Aware,8,11710214,50
1731,Implicit Aware,8,11710214,51
1732,Implicit Aware,8,11710214,52
1733,Implicit Aware,8,11710214,53
1734,Implicit Aware,8,11710214,54
1735,Implicit Aware,8,11710214,55
1736,Implicit Aware,8,11710214,56
1737,Implicit Aware,8,11710214,57
1738,Implicit Aware,8,11710214,58
1739,Implicit Aware,8,11710214,59
1740,Implicit Aware,8,11710214,60
1741,Implicit Aware,8,11710214,61
1742,Implicit Aware,8,11710214,62
1743,Implicit Aware,8,11710214,63
1744,Implicit Aware,8,11710214,64
1745,Implicit Aware,8,11710214,65
1746,Implicit Aware,8,11710214,66
1747,Implicit Aware,8,11710214,67
1748,Implicit Aware,8,11710214,68
1749,Implicit Aware,8,11710214,69
1750,Implicit Aware,8,11710214,70
1751,Implicit Aware,8,11710214,71
1752,Implicit Aware,8,11710214,72
1753,Implicit Aware,8,11710214,73
1754,Implicit Aware,8,11710214,74
1755,Implicit Aware,8,11710214,75
1756,Implicit Aware,8,11710214,76
1757,Implicit Aware,8,11710214,77
1758,Implicit Aware,8,11710214,78
1759,Implicit Aware,8,11710214,79
1760,Implicit Aware,8,11710214,80
1761,Implicit Aware,8,11710214,81
1762,Implicit Aware,8,11710214,82
1763,Implicit Aware,8,11710214,83
1764,Implicit Aware,8,11710214,84
1765,Implicit Aware,8,11710214,85
1766,Implicit Aware,8,11710214,86
1767,Implicit Aware,8,11710214,87
1768,Implicit Aware,8,11710214,88
1769,Implicit Aware,8,11710214,89
1770,Implicit Aware,8,11710214,90
1771,Implicit Aware,8,11710214,91
1772,Implicit Aware,8,11710214,92
1773,Implicit Aware,8,11710214,93
1774,Implicit Aware,8,11710214,94
1775,Implicit Aware,8,11710214,95
1776,Implicit Aware,8,11710214,96
1777,Implicit Aware,8,11710214,97
1778,Implicit Aware,8,11710214,98
1779,Implicit Aware,8,11710214,99
1780,Implicit Aware,8,11710214,100
1781,Implicit Aware,8,11710214,101
1782,Implicit Aware,8,11710214,102
1783,Implicit Aware,8,11710214,103
1784,Implicit Aware,8,11710214,104
1785,Implicit Aware,8,11710214,105
1786,Implicit Aware,8,11710214,106
1787,Implicit Aware,8,11710214,107
1788,Implicit Aware,8,11710214,108
1789,Implicit Aware,8,11710214,109
1790,Implicit Aware,8,11710214,110
1791,Implicit Aware,8,11710214,111
1792,Implicit Aware,8,11710214,112
1793,Implicit Aware,8,11710214,113
1794,Implicit Aware,8,11710214,114
1795,Implicit Aware,8,11710214,115
1796,Implicit Aware,8,11710214,116
1797,Implicit Aware,8,11710214,117
1798,Implicit Aware,8,11710214,118
1799,Implicit Aware,8,11710214,119
1800,Implicit Aware,8,11710214,120
1801,Implicit Aware,8,11710214,121
1802,Implicit Aware,8,11710214,122
1803,Implicit Aware,8,11710214,123
1804,Implicit Aware,8,11710214,124
1805,Implicit Aware,8,11710214,125
1806,Implicit Aware,8,11710214,126
1807,Implicit Aware,8,11710214,127
1808,Implicit Aware,8,11710214,128
1809,Implicit Aware,8,11710214,129
1810,Implicit Aware,8,11710214,130
1811,Implicit Aware,8,11710214,131
1812,Implicit Aware,8,11710214,132
1813,Implicit Aware,8,11710214,133
1814,Implicit Aware,8,11710214,134
1815,Implicit Aware,8,11710214,135
1816,Implicit Aware,8,11710214,136
1817,Implicit Aware,8,11710214,137
1818,Implicit Aware,8,11710214,138
1819,Implicit Aware,8,11710214,139
1820,Implicit Aware,8,11710214,140
1821,Implicit Aware,8,11710214,141
1822,Implicit Aware,8,11710214,142
1823,Implicit Aware,8,11710214,143
1824,Implicit Aware,8,11710214,144
1825,Implicit Aware,8,11710214,145
1826,Implicit Aware,8,11710214,146
1827,Implicit Aware,8,11710214,147
1828,Implicit Aware,8,11710214,148
1829,Implicit Aware,8,11710214,149
1830,Implicit Aware,8,11710214,150
1831,Implicit Aware,8,11710214,151
1832,Implicit Aware,8,11710214,152
1833,Implicit Aware,8,11710214,153
1834,Implicit Aware,8,11710214,154
1835,Implicit Aware,8,11710214,155
1836,Implicit Aware,8,11710214,156
1837,Implicit Aware,8,11710214,157
1838,Implicit Aware,8,11710214,158
1839,Implicit Aware,8,11710214,159
1840,Implicit Aware,8,11710214,160
1841,Implicit Aware,8,11710214,161
1842,Implicit Aware,8,11710214,162
1843,Implicit Aware,8,11710214,163
1844,Implicit Aware,8,11710214,164
1845,Implicit Aware,8,11710214,165
1846,Implicit Aware,8,11710214,166
1847,Implicit Aware,8,11710214,167
1848,Implicit Aware,8,11710214,168
1849,Implicit Aware,8,11710214,169
1850,Implicit Aware,8,11710214,170
1851,Implicit Aware,8,11710214,171
1852,Implicit Aware,8,11710214,172
1853,Implicit Aware,8,11710214,173
1854,Implicit Aware,8,11710214,174
1855,Implicit Aware,8,11710214,175
1856,Implicit Aware,8,11710214,176
1857,Implicit Aware,8,11710214,177
1858,Implicit Aware,8,11710214,178
1859,Implicit Aware,8,11710214,179
1860,Implicit Aware,8,11710214,180
1861,Implicit Aware,8,11710214,181
1862,Implicit Aware,8,11710214,182
1863,Implicit Aware,8,11710214,183
1864,Implicit Aware,8,11710214,184
1865,Implicit Aware,8,11710214,185
1866,Implicit Aware,8,11710214,186
1867,Implicit Aware,8,11710214,187
1868,Implicit Aware,8,11710214,188
1869,Implicit Aware,8,11710214,189
1870,Implicit Aware,8,11710214,190
1871,Implicit Aware,8,11710214,191
1872,Implicit Aware,8,11710214,192
1873,Implicit Aware,8,11710214,193
1874,Implicit Aware,8,11710214,194
1875,Implicit Aware,8,11710214,195
1876,Implicit Aware,8,11710214,196
1877,Implicit Aware,8,11710214,197
1878,Implicit Aware,8,11710214,198
1879,Implicit Aware,8,11710214,199
1880,Implicit Aware,8,11710214,200
1881,Implicit Aware,8,11710214,201
1882,Implicit Aware,8,11710214,202
1883,Implicit Aware,8,11710214,203
1884,Implicit Aware,8,11710214,204
1885,Implicit Aware,8,11710214,205
1886,Implicit Aware,8,11710214,206
1887,Implicit Aware,8,11710214,207
1888,Implicit Aware,8,11710214,208
1889,Implicit Aware,8,11710214,209
1890,Implicit Aware,8,11710214,210
1891,Implicit Aware,8,11710214,211
1892,Implicit Aware,8,11710214,212
1893,Implicit Aware,8,11710214,213
1894,Implicit Aware,8,11710214,214
1895,Implicit Aware,8,11710214,215
1896,Implicit Aware,8,11710214,216
1897,Implicit Aware,8,11710214,217
1898,Implicit Aware,8,11710214,218
1899,Implicit Aware,8,11710214,219
1900,Implicit Aware,8,11710214,220
1901,Implicit Aware,8,11710214,221
1902,Implicit Aware,8,11710214,222
1903,Implicit Aware,8,11710214,223
1904,Implicit Aware,8,11710214,224
1905,Implicit Aware,8,11710214,225
1906,Implicit Aware,8,11710214,226
1907,Implicit Aware,8,11710214,227
1908,Implicit Aware,8,11710214,228
1909,Implicit Aware,8,11710214,229
1910,Implicit Aware,8,11710214,230
1911,Implicit Aware,8,11710214,231
1912,Implicit Aware,8,11710214,232
1913,Implicit Aware,8,11710214,233
1914,Implicit Aware,8,11710214,234
1915,Implicit Aware,8,11710214,235
1916,Implicit Aware,8,11710214,236
1917,Implicit Aware,8,11710214,237
1918,Implicit Aware,8,11710214,238
1919,Implicit Aware,8,11710214,239
1920,Implicit Aware,8,11710214,240
1921,Implicit Aware,9,11710215,1
1922,Implicit Aware,9,11710215,2
1923,Implicit Aware,9,11710215,3
1924,Implicit Aware,9,11710215,4
1925,Implicit Aware,9,11710215,5
1926,Implicit Aware,9,11710215,6
1927,Implicit Aware,9,11710215,7
1928,Implicit Aware,9,11710215,8
1929,Implicit Aware,9,11710215,9
1930,Implicit Aware,9,11710215,10
1931,Implicit Aware,9,11710215,11
1932,Implicit Aware,9,11710215,12
1933,Implicit Aware,9,11710215,13
1934,Implicit Aware,9,11710215,14
1935,Implicit Aware,9,11710215,15
1936,Implicit Aware,9,11710215,16
1937,Implicit Aware,9,11710215,17
1938,Implicit Aware,9,11710215,18
1939,Implicit Aware,9,11710215,19
1940,Implicit Aware,9,11710215,20
1941,Implicit Aware,9,11710215,21
1942,Implicit Aware,9,11710215,22
1943,Implicit Aware,9,11710215,23
1944,Implicit Aware,9,11710215,24
1945,Implicit Aware,9,11710215,25
1946,Implicit Aware,9,11710215,26
1947,Implicit Aware,9,11710215,27
1948,Implicit Aware,9,11710215,28
1949,Implicit Aware,9,11710215,29
1950,Implicit Aware,9,11710215,30
1951,Implicit Aware,9,11710215,31
1952,Implicit Aware,9,11710215,32
1953,Implicit Aware,9,11710215,33
1954,Implicit Aware,9,11710215,34
1955,Implicit Aware,9,11710215,35
1956,Implicit Aware,9,11710215,36
1957,Implicit Aware,9,11710215,37
1958,Implicit Aware,9,11710215,38
1959,Implicit Aware,9,11710215,39
1960,Implicit Aware,9,11710215,40
1961,Implicit Aware,9,11710215,41
1962,Implicit Aware,9,11710215,42
1963,Implicit Aware,9,11710215,43
1964,Implicit Aware,9,11710215,44
1965,Implicit Aware,9,11710215,45
1966,Implicit Aware,9,11710215,46
1967,Implicit Aware,9,11710215,47
1968,Implicit Aware,9,11710215,48
1969,Implicit Aware,9,11710215,49
1970,Implicit Aware,9,11710215,50
1971,Implicit Aware,9,11710215,51
1972,Implicit Aware,9,11710215,52
1973,Implicit Aware,9,11710215,53
1974,Implicit Aware,9,11710215,54
1975,Implicit Aware,9,11710215,55
1976,Implicit Aware,9,11710215,56
1977,Implicit Aware,9,11710215,57
1978,Implicit Aware,9,11710215,58
1979,Implicit Aware,9,11710215,59
1980,Implicit Aware,9,11710215,60
1981,Implicit Aware,9,11710215,61
1982,Implicit Aware,9,11710215,62
1983,Implicit Aware,9,11710215,63
1984,Implicit Aware,9,11710215,64
1985,Implicit Aware,9,11710215,65
1986,Implicit Aware,9,11710215,66
1987,Implicit Aware,9,11710215,67
1988,Implicit Aware,9,11710215,68
1989,Implicit Aware,9,11710215,69
1990,Implicit Aware,9,11710215,70
1991,Implicit Aware,9,11710215,71
1992,Implicit Aware,9,11710215,72
1993,Implicit Aware,9,11710215,73
1994,Implicit Aware,9,11710215,74
1995,Implicit Aware,9,11710215,75
1996,Implicit Aware,9,11710215,76
1997,Implicit Aware,9,11710215,77
1998,Implicit Aware,9,11710215,78
1999,Implicit Aware,9,11710215,79
2000,Implicit Aware,9,11710215,80
2001,Implicit Aware,9,11710215,81
2002,Implicit Aware,9,11710215,82
2003,Implicit Aware,9,11710215,83
2004,Implicit Aware,9,11710215,84
2005,Implicit Aware,9,11710215,85
2006,Implicit Aware,9,11710215,86
2007,Implicit Aware,9,11710215,87
2008,Implicit Aware,9,11710215,88
2009,Implicit Aware,9,11710215,89
2010,Implicit Aware,9,11710215,90
2011,Implicit Aware,9,11710215,91
2012,Implicit Aware,9,11710215,92
2013,Implicit Aware,9,11710215,93
2014,Implicit Aware,9,11710215,94
2015,Implicit Aware,9,11710215,95
2016,Implicit Aware,9,11710215,96
2017,Implicit Aware,9,11710215,97
2018,Implicit Aware,9,11710215,98
2019,Implicit Aware,9,11710215,99
2020,Implicit Aware,9,11710215,100
2021,Implicit Aware,9,11710215,101
2022,Implicit Aware,9,11710215,102
2023,Implicit Aware,9,11710215,103
2024,Implicit Aware,9,11710215,104
2025,Implicit Aware,9,11710215,105
2026,Implicit Aware,9,11710215,106
2027,Implicit Aware,9,11710215,107
2028,Implicit Aware,9,11710215,108
2029,Implicit Aware,9,11710215,109
2030,Implicit Aware,9,11710215,110
2031,Implicit Aware,9,11710215,111
2032,Implicit Aware,9,11710215,112
2033,Implicit Aware,9,11710215,113
2034,Implicit Aware,9,11710215,114
2035,Implicit Aware,9,11710215,115
2036,Implicit Aware,9,11710215,116
2037,Implicit Aware,9,11710215,117
2038,Implicit Aware,9,11710215,118
2039,Implicit Aware,9,11710215,119
2040,Implicit Aware,9,11710215,120
2041,Implicit Aware,9,11710215,121
2042,Implicit Aware,9,11710215,122
2043,Implicit Aware,9,11710215,123
2044,Implicit Aware,9,11710215,124
2045,Implicit Aware,9,11710215,125
2046,Implicit Aware,9,11710215,126
2047,Implicit Aware,9,11710215,127
2048,Implicit Aware,9,11710215,128
2049,Implicit Aware,9,11710215,129
2050,Implicit Aware,9,11710215,130
2051,Implicit Aware,9,11710215,131
2052,Implicit Aware,9,11710215,132
2053,Implicit Aware,9,11710215,133
2054,Implicit Aware,9,11710215,134
2055,Implicit Aware,9,11710215,135
2056,Implicit Aware,9,11710215,136
2057,Implicit Aware,9,11710215,137
2058,Implicit Aware,9,11710215,138
2059,Implicit Aware,9,11710215,139
2060,Implicit Aware,9,11710215,140
2061,Implicit Aware,9,11710215,141
2062,Implicit Aware,9,11710215,142
2063,Implicit Aware,9,11710215,143
2064,Implicit Aware,9,11710215,144
2065,Implicit Aware,9,11710215,145
2066,Implicit Aware,9,11710215,146
2067,Implicit Aware,9,11710215,147
2068,Implicit Aware,9,11710215,148
2069,Implicit Aware,9,11710215,149
2070,Implicit Aware,9,11710215,150
2071,Implicit Aware,9,11710215,151
2072,Implicit Aware,9,11710215,152
2073,Implicit Aware,9,11710215,153
2074,Implicit Aware,9,11710215,154
2075,Implicit Aware,9,11710215,155
2076,Implicit Aware,9,11710215,156
2077,Implicit Aware,9,11710215,157
2078,Implicit Aware,9,11710215,158
2079,Implicit Aware,9,11710215,159
2080,Implicit Aware,9,11710215,160
2081,Implicit Aware,9,11710215,161
2082,Implicit Aware,9,11710215,162
2083,Implicit Aware,9,11710215,163
2084,Implicit Aware,9,11710215,164
2085,Implicit Aware,9,11710215,165
2086,Implicit Aware,9,11710215,166
2087,Implicit Aware,9,11710215,167
2088,Implicit Aware,9,11710215,168
2089,Implicit Aware,9,11710215,169
2090,Implicit Aware,9,11710215,170
2091,Implicit Aware,9,11710215,171
2092,Implicit Aware,9,11710215,172
2093,Implicit Aware,9,11710215,173
2094,Implicit Aware,9,11710215,174
2095,Implicit Aware,9,11710215,175
2096,Implicit Aware,9,11710215,176
2097,Implicit Aware,9,11710215,177
2098,Implicit Aware,9,11710215,178
2099,Implicit Aware,9,11710215,179
2100,Implicit Aware,9,11710215,180
2101,Implicit Aware,9,11710215,181
2102,Implicit Aware,9,11710215,182
2103,Implicit Aware,9,11710215,183
2104,Implicit Aware,9,11710215,184
2105,Implicit Aware,9,11710215,185
2106,Implicit Aware,9,11710215,186
2107,Implicit Aware,9,11710215,187
2108,Implicit Aware,9,11710215,188
2109,Implicit Aware,9,11710215,189
2110,Implicit Aware,9,11710215,190
2111,Implicit Aware,9,11710215,191
2112,Implicit Aware,9,11710215,192
2113,Implicit Aware,9,11710215,193
2114,Implicit Aware,9,11710215,194
2115,Implicit Aware,9,11710215,195
2116,Implicit Aware,9,11710215,196
2117,Implicit Aware,9,11710215,197
2118,Implicit Aware,9,11710215,198
2119,Implicit Aware,9,11710215,199
2120,Implicit Aware,9,11710215,200
2121,Implicit Aware,9,11710215,201
2122,Implicit Aware,9,11710215,202
2123,Implicit Aware,9,11710215,203
2124,Implicit Aware,9,11710215,204
2125,Implicit Aware,9,11710215,205
2126,Implicit Aware,9,11710215,206
2127,Implicit Aware,9,11710215,207
2128,Implicit Aware,9,11710215,208
2129,Implicit Aware,9,11710215,209
2130,Implicit Aware,9,11710215,210
2131,Implicit Aware,9,11710215,211
2132,Implicit Aware,9,11710215,212
2133,Implicit Aware,9,11710215,213
2134,Implicit Aware,9,11710215,214
2135,Implicit Aware,9,11710215,215
2136,Implicit Aware,9,11710215,216
2137,Implicit Aware,9,11710215,217
2138,Implicit Aware,9,11710215,218
2139,Implicit Aware,9,11710215,219
2140,Implicit Aware,9,11710215,220
2141,Implicit Aware,9,11710215,221
2142,Implicit Aware,9,11710215,222
2143,Implicit Aware,9,11710215,223
2144,Implicit Aware,9,11710215,224
2145,Implicit Aware,9,11710215,225
2146,Implicit Aware,9,11710215,226
2147,Implicit Aware,9,11710215,227
2148,Implicit Aware,9,11710215,228
2149,Implicit Aware,9,11710215,229
2150,Implicit Aware,9,11710215,230
2151,Implicit Aware,9,11710215,231
2152,Implicit Aware,9,11710215,232
2153,Implicit Aware,9,11710215,233
2154,Implicit Aware,9,11710215,234
2155,Implicit Aware,9,11710215,235
2156,Implicit Aware,9,11710215,236
2157,Implicit Aware,9,11710215,237
2158,Implicit Aware,9,11710215,238
2159,Implicit Aware,9,11710215,239
2160,Implicit Aware,9,11710215,240
2161,Implicit Aware,10,11710223,1
2162,Implicit Aware,10,11710223,2
2163,Implicit Aware,10,11710223,3
2164,Implicit Aware,10,11710223,4
2165,Implicit Aware,10,11710223,5
2166,Implicit Aware,10,11710223,6
2167,Implicit Aware,10,11710223,7
2168,Implicit Aware,10,11710223,8
2169,Implicit Aware,10,11710223,9
2170,Implicit Aware,10,11710223,10
2171,Implicit Aware,10,11710223,11
2172,Implicit Aware,10,11710223,12
2173,Implicit Aware,10,11710223,13
2174,Implicit Aware,10,11710223,14
2175,Implicit Aware,10,11710223,15
2176,Implicit Aware,10,11710223,16
2177,Implicit Aware,10,11710223,17
2178,Implicit Aware,10,11710223,18
2179,Implicit Aware,10,11710223,19
2180,Implicit Aware,10,11710223,20
2181,Implicit Aware,10,11710223,21
2182,Implicit Aware,10,11710223,22
2183,Implicit Aware,10,11710223,23
2184,Implicit Aware,10,11710223,24
2185,Implicit Aware,10,11710223,25
2186,Implicit Aware,10,11710223,26
2187,Implicit Aware,10,11710223,27
2188,Implicit Aware,10,11710223,28
2189,Implicit Aware,10,11710223,29
2190,Implicit Aware,10,11710223,30
2191,Implicit Aware,10,11710223,31
2192,Implicit Aware,10,11710223,32
2193,Implicit Aware,10,11710223,33
2194,Implicit Aware,10,11710223,34
2195,Implicit Aware,10,11710223,35
2196,Implicit Aware,10,11710223,36
2197,Implicit Aware,10,11710223,37
2198,Implicit Aware,10,11710223,38
2199,Implicit Aware,10,11710223,39
2200,Implicit Aware,10,11710223,40
2201,Implicit Aware,10,11710223,41
2202,Implicit Aware,10,11710223,42
2203,Implicit Aware,10,11710223,43
2204,Implicit Aware,10,11710223,44
2205,Implicit Aware,10,11710223,45
2206,Implicit Aware,10,11710223,46
2207,Implicit Aware,10,11710223,47
2208,Implicit Aware,10,11710223,48
2209,Implicit Aware,10,11710223,49
2210,Implicit Aware,10,11710223,50
2211,Implicit Aware,10,11710223,51
2212,Implicit Aware,10,11710223,52
2213,Implicit Aware,10,11710223,53
2214,Implicit Aware,10,11710223,54
2215,Implicit Aware,10,11710223,55
2216,Implicit Aware,10,11710223,56
2217,Implicit Aware,10,11710223,57
2218,Implicit Aware,10,11710223,58
2219,Implicit Aware,10,11710223,59
2220,Implicit Aware,10,11710223,60
2221,Implicit Aware,10,11710223,61
2222,Implicit Aware,10,11710223,62
2223,Implicit Aware,10,11710223,63
2224,Implicit Aware,10,11710223,64
2225,Implicit Aware,10,11710223,65
2226,Implicit Aware,10,11710223,66
2227,Implicit Aware,10,11710223,67
2228,Implicit Aware,10,11710223,68
2229,Implicit Aware,10,11710223,69
2230,Implicit Aware,10,11710223,70
2231,Implicit Aware,10,11710223,71
2232,Implicit Aware,10,11710223,72
2233,Implicit Aware,10,11710223,73
2234,Implicit Aware,10,11710223,74
2235,Implicit Aware,10,11710223,75
2236,Implicit Aware,10,11710223,76
2237,Implicit Aware,10,11710223,77
2238,Implicit Aware,10,11710223,78
2239,Implicit Aware,10,11710223,79
2240,Implicit Aware,10,11710223,80
2241,Implicit Aware,10,11710223,81
2242,Implicit Aware,10,11710223,82
2243,Implicit Aware,10,11710223,83
2244,Implicit Aware,10,11710223,84
2245,Implicit Aware,10,11710223,85
2246,Implicit Aware,10,11710223,86
2247,Implicit Aware,10,11710223,87
2248,Implicit Aware,10,11710223,88
2249,Implicit Aware,10,11710223,89
2250,Implicit Aware,10,11710223,90
2251,Implicit Aware,10,11710223,91
2252,Implicit Aware,10,11710223,92
2253,Implicit Aware,10,11710223,93
2254,Implicit Aware,10,11710223,94
2255,Implicit Aware,10,11710223,95
2256,Implicit Aware,10,11710223,96
2257,Implicit Aware,10,11710223,97
2258,Implicit Aware,10,11710223,98
2259,Implicit Aware,10,11710223,99
2260,Implicit Aware,10,11710223,100
2261,Implicit Aware,10,11710223,101
2262,Implicit Aware,10,11710223,102
2263,Implicit Aware,10,11710223,103
2264,Implicit Aware,10,11710223,104
2265,Implicit Aware,10,11710223,105
2266,Implicit Aware,10,11710223,106
2267,Implicit Aware,10,11710223,107
2268,Implicit Aware,10,11710223,108
2269,Implicit Aware,10,11710223,109
2270,Implicit Aware,10,11710223,110
2271,Implicit Aware,10,11710223,111
2272,Implicit Aware,10,11710223,112
2273,Implicit Aware,10,11710223,113
2274,Implicit Aware,10,11710223,114
2275,Implicit Aware,10,11710223,115
2276,Implicit Aware,10,11710223,116
2277,Implicit Aware,10,11710223,117
2278,Implicit Aware,10,11710223,118
2279,Implicit Aware,10,11710223,119
2280,Implicit Aware,10,11710223,120
2281,Implicit Aware,10,11710223,121
2282,Implicit Aware,10,11710223,122
2283,Implicit Aware,10,11710223,123
2284,Implicit Aware,10,11710223,124
2285,Implicit Aware,10,11710223,125
2286,Implicit Aware,10,11710223,126
2287,Implicit Aware,10,11710223,127
2288,Implicit Aware,10,11710223,128
2289,Implicit Aware,10,11710223,129
2290,Implicit Aware,10,11710223,130
2291,Implicit Aware,10,11710223,131
2292,Implicit Aware,10,11710223,132
2293,Implicit Aware,10,11710223,133
2294,Implicit Aware,10,11710223,134
2295,Implicit Aware,10,11710223,135
2296,Implicit Aware,10,11710223,136
2297,Implicit Aware,10,11710223,137
2298,Implicit Aware,10,11710223,138
2299,Implicit Aware,10,11710223,139
2300,Implicit Aware,10,11710223,140
2301,Implicit Aware,10,11710223,141
2302,Implicit Aware,10,11710223,142
2303,Implicit Aware,10,11710223,143
2304,Implicit Aware,10,11710223,144
2305,Implicit Aware,10,11710223,145
2306,Implicit Aware,10,11710223,146
2307,Implicit Aware,10,11710223,147
2308,Implicit Aware,10,11710223,148
2309,Implicit Aware,10,11710223,149
2310,Implicit Aware,10,11710223,150
2311,Implicit Aware,10,11710223,151
2312,Implicit Aware,10,11710223,152
2313,Implicit Aware,10,11710223,153
2314,Implicit Aware,10,11710223,154
2315,Implicit Aware,10,11710223,155
2316,Implicit Aware,10,11710223,156
2317,Implicit Aware,10,11710223,157
2318,Implicit Aware,10,11710223,158
2319,Implicit Aware,10,11710223,159
2320,Implicit Aware,10,11710223,160
2321,Implicit Aware,10,11710223,161
2322,Implicit Aware,10,11710223,162
2323,Implicit Aware,10,11710223,163
2324,Implicit Aware,10,11710223,164
2325,Implicit Aware,10,11710223,165
2326,Implicit Aware,10,11710223,166
2327,Implicit Aware,10,11710223,167
2328,Implicit Aware,10,11710223,168
2329,Implicit Aware,10,11710223,169
2330,Implicit Aware,10,11710223,170
2331,Implicit Aware,10,11710223,171
2332,Implicit Aware,10,11710223,172
2333,Implicit Aware,10,11710223,173
2334,Implicit Aware,10,11710223,174
2335,Implicit Aware,10,11710223,175
2336,Implicit Aware,10,11710223,176
2337,Implicit Aware,10,11710223,177
2338,Implicit Aware,10,11710223,178
2339,Implicit Aware,10,11710223,179
2340,Implicit Aware,10,11710223,180
2341,Implicit Aware,10,11710223,181
2342,Implicit Aware,10,11710223,182
2343,Implicit Aware,10,11710223,183
2344,Implicit Aware,10,11710223,184
2345,Implicit Aware,10,11710223,185
2346,Implicit Aware,10,11710223,186
2347,Implicit Aware,10,11710223,187
2348,Implicit Aware,10,11710223,188
2349,Implicit Aware,10,11710223,189
2350,Implicit Aware,10,11710223,190
2351,Implicit Aware,10,11710223,191
2352,Implicit Aware,10,11710223,192
2353,Implicit Aware,10,11710223,193
2354,Implicit Aware,10,11710223,194
2355,Implicit Aware,10,11710223,195
2356,Implicit Aware,10,11710223,196
2357,Implicit Aware,10,11710223,197
2358,Implicit Aware,10,11710223,198
2359,Implicit Aware,10,11710223,199
2360,Implicit Aware,10,11710223,200
2361,Implicit Aware,10,11710223,201
2362,Implicit Aware,10,11710223,202
2363,Implicit Aware,10,11710223,203
2364,Implicit Aware,10,11710223,204
2365,Implicit Aware,10,11710223,205
2366,Implicit Aware,10,11710223,206
2367,Implicit Aware,10,11710223,207
2368,Implicit Aware,10,11710223,208
2369,Implicit Aware,10,11710223,209
2370,Implicit Aware,10,11710223,210
2371,Implicit Aware,10,11710223,211
2372,Implicit Aware,10,11710223,212
2373,Implicit Aware,10,11710223,213
2374,Implicit Aware,10,11710223,214
2375,Implicit Aware,10,11710223,215
2376,Implicit Aware,10,11710223,216
2377,Implicit Aware,10,11710223,217
2378,Implicit Aware,10,11710223,218
2379,Implicit Aware,10,11710223,219
2380,Implicit Aware,10,11710223,220
2381,Implicit Aware,10,11710223,221
2382,Implicit Aware,10,11710223,222
2383,Implicit Aware,10,11710223,223
2384,Implicit Aware,10,11710223,224
2385,Implicit Aware,10,11710223,225
2386,Implicit Aware,10,11710223,226
2387,Implicit Aware,10,11710223,227
2388,Implicit Aware,10,11710223,228
2389,Implicit Aware,10,11710223,229
2390,Implicit Aware,10,11710223,230
2391,Implicit Aware,10,11710223,231
2392,Implicit Aware,10,11710223,232
2393,Implicit Aware,10,11710223,233
2394,Implicit Aware,10,11710223,234
2395,Implicit Aware,10,11710223,235
2396,Implicit Aware,10,11710223,236
2397,Implicit Aware,10,11710223,237
2398,Implicit Aware,10,11710223,238
2399,Implicit Aware,10,11710223,239
2400,Implicit Aware,10,11710223,240
2401,Implicit Aware,11,11710225,1
2402,Implicit Aware,11,11710225,2
2403,Implicit Aware,11,11710225,3
2404,Implicit Aware,11,11710225,4
2405,Implicit Aware,11,11710225,5
2406,Implicit Aware,11,11710225,6
2407,Implicit Aware,11,11710225,7
2408,Implicit Aware,11,11710225,8
2409,Implicit Aware,11,11710225,9
2410,Implicit Aware,11,11710225,10
2411,Implicit Aware,11,11710225,11
2412,Implicit Aware,11,11710225,12
2413,Implicit Aware,11,11710225,13
2414,Implicit Aware,11,11710225,14
2415,Implicit Aware,11,11710225,15
2416,Implicit Aware,11,11710225,16
2417,Implicit Aware,11,11710225,17
2418,Implicit Aware,11,11710225,18
2419,Implicit Aware,11,11710225,19
2420,Implicit Aware,11,11710225,20
2421,Implicit Aware,11,11710225,21
2422,Implicit Aware,11,11710225,22
2423,Implicit Aware,11,11710225,23
2424,Implicit Aware,11,11710225,24
2425,Implicit Aware,11,11710225,25
2426,Implicit Aware,11,11710225,26
2427,Implicit Aware,11,11710225,27
2428,Implicit Aware,11,11710225,28
2429,Implicit Aware,11,11710225,29
2430,Implicit Aware,11,11710225,30
2431,Implicit Aware,11,11710225,31
2432,Implicit Aware,11,11710225,32
2433,Implicit Aware,11,11710225,33
2434,Implicit Aware,11,11710225,34
2435,Implicit Aware,11,11710225,35
2436,Implicit Aware,11,11710225,36
2437,Implicit Aware,11,11710225,37
2438,Implicit Aware,11,11710225,38
2439,Implicit Aware,11,11710225,39
2440,Implicit Aware,11,11710225,40
2441,Implicit Aware,11,11710225,41
2442,Implicit Aware,11,11710225,42
2443,Implicit Aware,11,11710225,43
2444,Implicit Aware,11,11710225,44
2445,Implicit Aware,11,11710225,45
2446,Implicit Aware,11,11710225,46
2447,Implicit Aware,11,11710225,47
2448,Implicit Aware,11,11710225,48
2449,Implicit Aware,11,11710225,49
2450,Implicit Aware,11,11710225,50
2451,Implicit Aware,11,11710225,51
2452,Implicit Aware,11,11710225,52
2453,Implicit Aware,11,11710225,53
2454,Implicit Aware,11,11710225,54
2455,Implicit Aware,11,11710225,55
2456,Implicit Aware,11,11710225,56
2457,Implicit Aware,11,11710225,57
2458,Implicit Aware,11,11710225,58
2459,Implicit Aware,11,11710225,59
2460,Implicit Aware,11,11710225,60
2461,Implicit Aware,11,11710225,61
2462,Implicit Aware,11,11710225,62
2463,Implicit Aware,11,11710225,63
2464,Implicit Aware,11,11710225,64
2465,Implicit Aware,11,11710225,65
2466,Implicit Aware,11,11710225,66
2467,Implicit Aware,11,11710225,67
2468,Implicit Aware,11,11710225,68
2469,Implicit Aware,11,11710225,69
2470,Implicit Aware,11,11710225,70
2471,Implicit Aware,11,11710225,71
2472,Implicit Aware,11,11710225,72
2473,Implicit Aware,11,11710225,73
2474,Implicit Aware,11,11710225,74
2475,Implicit Aware,11,11710225,75
2476,Implicit Aware,11,11710225,76
2477,Implicit Aware,11,11710225,77
2478,Implicit Aware,11,11710225,78
2479,Implicit Aware,11,11710225,79
2480,Implicit Aware,11,11710225,80
2481,Implicit Aware,11,11710225,81
2482,Implicit Aware,11,11710225,82
2483,Implicit Aware,11,11710225,83
2484,Implicit Aware,11,11710225,84
2485,Implicit Aware,11,11710225,85
2486,Implicit Aware,11,11710225,86
2487,Implicit Aware,11,11710225,87
2488,Implicit Aware,11,11710225,88
2489,Implicit Aware,11,11710225,89
2490,Implicit Aware,11,11710225,90
2491,Implicit Aware,11,11710225,91
2492,Implicit Aware,11,11710225,92
2493,Implicit Aware,11,11710225,93
2494,Implicit Aware,11,11710225,94
2495,Implicit Aware,11,11710225,95
2496,Implicit Aware,11,11710225,96
2497,Implicit Aware,11,11710225,97
2498,Implicit Aware,11,11710225,98
2499,Implicit Aware,11,11710225,99
2500,Implicit Aware,11,11710225,100
2501,Implicit Aware,11,11710225,101
2502,Implicit Aware,11,11710225,102
2503,Implicit Aware,11,11710225,103
2504,Implicit Aware,11,11710225,104
2505,Implicit Aware,11,11710225,105
2506,Implicit Aware,11,11710225,106
2507,Implicit Aware,11,11710225,107
2508,Implicit Aware,11,11710225,108
2509,Implicit Aware,11,11710225,109
2510,Implicit Aware,11,11710225,110
2511,Implicit Aware,11,11710225,111
2512,Implicit Aware,11,11710225,112
2513,Implicit Aware,11,11710225,113
2514,Implicit Aware,11,11710225,114
2515,Implicit Aware,11,11710225,115
2516,Implicit Aware,11,11710225,116
2517,Implicit Aware,11,11710225,117
2518,Implicit Aware,11,11710225,118
2519,Implicit Aware,11,11710225,119
2520,Implicit Aware,11,11710225,120
2521,Implicit Aware,11,11710225,121
2522,Implicit Aware,11,11710225,122
2523,Implicit Aware,11,11710225,123
2524,Implicit Aware,11,11710225,124
2525,Implicit Aware,11,11710225,125
2526,Implicit Aware,11,11710225,126
2527,Implicit Aware,11,11710225,127
2528,Implicit Aware,11,11710225,128
2529,Implicit Aware,11,11710225,129
2530,Implicit Aware,11,11710225,130
2531,Implicit Aware,11,11710225,131
2532,Implicit Aware,11,11710225,132
2533,Implicit Aware,11,11710225,133
2534,Implicit Aware,11,11710225,134
2535,Implicit Aware,11,11710225,135
2536,Implicit Aware,11,11710225,136
2537,Implicit Aware,11,11710225,137
2538,Implicit Aware,11,11710225,138
2539,Implicit Aware,11,11710225,139
2540,Implicit Aware,11,11710225,140
2541,Implicit Aware,11,11710225,141
2542,Implicit Aware,11,11710225,142
2543,Implicit Aware,11,11710225,143
2544,Implicit Aware,11,11710225,144
2545,Implicit Aware,11,11710225,145
2546,Implicit Aware,11,11710225,146
2547,Implicit Aware,11,11710225,147
2548,Implicit Aware,11,11710225,148
2549,Implicit Aware,11,11710225,149
2550,Implicit Aware,11,11710225,150
2551,Implicit Aware,11,11710225,151
2552,Implicit Aware,11,11710225,152
2553,Implicit Aware,11,11710225,153
2554,Implicit Aware,11,11710225,154
2555,Implicit Aware,11,11710225,155
2556,Implicit Aware,11,11710225,156
2557,Implicit Aware,11,11710225,157
2558,Implicit Aware,11,11710225,158
2559,Implicit Aware,11,11710225,159
2560,Implicit Aware,11,11710225,160
2561,Implicit Aware,11,11710225,161
2562,Implicit Aware,11,11710225,162
2563,Implicit Aware,11,11710225,163
2564,Implicit Aware,11,11710225,164
2565,Implicit Aware,11,11710225,165
2566,Implicit Aware,11,11710225,166
2567,Implicit Aware,11,11710225,167
2568,Implicit Aware,11,11710225,168
2569,Implicit Aware,11,11710225,169
2570,Implicit Aware,11,11710225,170
2571,Implicit Aware,11,11710225,171
2572,Implicit Aware,11,11710225,172
2573,Implicit Aware,11,11710225,173
2574,Implicit Aware,11,11710225,174
2575,Implicit Aware,11,11710225,175
2576,Implicit Aware,11,11710225,176
2577,Implicit Aware,11,11710225,177
2578,Implicit Aware,11,11710225,178
2579,Implicit Aware,11,11710225,179
2580,Implicit Aware,11,11710225,180
2581,Implicit Aware,11,11710225,181
2582,Implicit Aware,11,11710225,182
2583,Implicit Aware,11,11710225,183
2584,Implicit Aware,11,11710225,184
2585,Implicit Aware,11,11710225,185
2586,Implicit Aware,11,11710225,186
2587,Implicit Aware,11,11710225,187
2588,Implicit Aware,11,11710225,188
2589,Implicit Aware,11,11710225,189
2590,Implicit Aware,11,11710225,190
2591,Implicit Aware,11,11710225,191
2592,Implicit Aware,11,11710225,192
2593,Implicit Aware,11,11710225,193
2594,Implicit Aware,11,11710225,194
2595,Implicit Aware,11,11710225,195
2596,Implicit Aware,11,11710225,196
2597,Implicit Aware,11,11710225,197
2598,Implicit Aware,11,11710225,198
2599,Implicit Aware,11,11710225,199
2600,Implicit Aware,11,11710225,200
2601,Implicit Aware,11,11710225,201
2602,Implicit Aware,11,11710225,202
2603,Implicit Aware,11,11710225,203
2604,Implicit Aware,11,11710225,204
2605,Implicit Aware,11,11710225,205
2606,Implicit Aware,11,11710225,206
2607,Implicit Aware,11,11710225,207
2608,Implicit Aware,11,11710225,208
2609,Implicit Aware,11,11710225,209
2610,Implicit Aware,11,11710225,210
2611,Implicit Aware,11,11710225,211
2612,Implicit Aware,11,11710225,212
2613,Implicit Aware,11,11710225,213
2614,Implicit Aware,11,11710225,214
2615,Implicit Aware,11,11710225,215
2616,Implicit Aware,11,11710225,216
2617,Implicit Aware,11,11710225,217
2618,Implicit Aware,11,11710225,218
2619,Implicit Aware,11,11710225,219
2620,Implicit Aware,11,11710225,220
2621,Implicit Aware,11,11710225,221
2622,Implicit Aware,11,11710225,222
2623,Implicit Aware,11,11710225,223
2624,Implicit Aware,11,11710225,224
2625,Implicit Aware,11,11710225,225
2626,Implicit Aware,11,11710225,226
2627,Implicit Aware,11,11710225,227
2628,Implicit Aware,11,11710225,228
2629,Implicit Aware,11,11710225,229
2630,Implicit Aware,11,11710225,230
2631,Implicit Aware,11,11710225,231
2632,Implicit Aware,11,11710225,232
2633,Implicit Aware,11,11710225,233
2634,Implicit Aware,11,11710225,234
2635,Implicit Aware,11,11710225,235
2636,Implicit Aware,11,11710225,236
2637,Implicit Aware,11,11710225,237
2638,Implicit Aware,11,11710225,238
2639,Implicit Aware,11,11710225,239
2640,Implicit Aware,11,11710225,240
2641,Implicit Aware,12,11710234,1
2642,Implicit Aware,12,11710234,2
2643,Implicit Aware,12,11710234,3
2644,Implicit Aware,12,11710234,4
2645,Implicit Aware,12,11710234,5
2646,Implicit Aware,12,11710234,6
2647,Implicit Aware,12,11710234,7
2648,Implicit Aware,12,11710234,8
2649,Implicit Aware,12,11710234,9
2650,Implicit Aware,12,11710234,10
2651,Implicit Aware,12,11710234,11
2652,Implicit Aware,12,11710234,12
2653,Implicit Aware,12,11710234,13
2654,Implicit Aware,12,11710234,14
2655,Implicit Aware,12,11710234,15
2656,Implicit Aware,12,11710234,16
2657,Implicit Aware,12,11710234,17
2658,Implicit Aware,12,11710234,18
2659,Implicit Aware,12,11710234,19
2660,Implicit Aware,12,11710234,20
2661,Implicit Aware,12,11710234,21
2662,Implicit Aware,12,11710234,22
2663,Implicit Aware,12,11710234,23
2664,Implicit Aware,12,11710234,24
2665,Implicit Aware,12,11710234,25
2666,Implicit Aware,12,11710234,26
2667,Implicit Aware,12,11710234,27
2668,Implicit Aware,12,11710234,28
2669,Implicit Aware,12,11710234,29
2670,Implicit Aware,12,11710234,30
2671,Implicit Aware,12,11710234,31
2672,Implicit Aware,12,11710234,32
2673,Implicit Aware,12,11710234,33
2674,Implicit Aware,12,11710234,34
2675,Implicit Aware,12,11710234,35
2676,Implicit Aware,12,11710234,36
2677,Implicit Aware,12,11710234,37
2678,Implicit Aware,12,11710234,38
2679,Implicit Aware,12,11710234,39
2680,Implicit Aware,12,11710234,40
2681,Implicit Aware,12,11710234,41
2682,Implicit Aware,12,11710234,42
2683,Implicit Aware,12,11710234,43
2684,Implicit Aware,12,11710234,44
2685,Implicit Aware,12,11710234,45
2686,Implicit Aware,12,11710234,46
2687,Implicit Aware,12,11710234,47
2688,Implicit Aware,12,11710234,48
2689,Implicit Aware,12,11710234,49
2690,Implicit Aware,12,11710234,50
2691,Implicit Aware,12,11710234,51
2692,Implicit Aware,12,11710234,52
2693,Implicit Aware,12,11710234,53
2694,Implicit Aware,12,11710234,54
2695,Implicit Aware,12,11710234,55
2696,Implicit Aware,12,11710234,56
2697,Implicit Aware,12,11710234,57
2698,Implicit Aware,12,11710234,58
2699,Implicit Aware,12,11710234,59
2700,Implicit Aware,12,11710234,60
2701,Implicit Aware,12,11710234,61
2702,Implicit Aware,12,11710234,62
2703,Implicit Aware,12,11710234,63
2704,Implicit Aware,12,11710234,64
2705,Implicit Aware,12,11710234,65
2706,Implicit Aware,12,11710234,66
2707,Implicit Aware,12,11710234,67
2708,Implicit Aware,12,11710234,68
2709,Implicit Aware,12,11710234,69
2710,Implicit Aware,12,11710234,70
2711,Implicit Aware,12,11710234,71
2712,Implicit Aware,12,11710234,72
2713,Implicit Aware,12,11710234,73
2714,Implicit Aware,12,11710234,74
2715,Implicit Aware,12,11710234,75
2716,Implicit Aware,12,11710234,76
2717,Implicit Aware,12,11710234,77
2718,Implicit Aware,12,11710234,78
2719,Implicit Aware,12,11710234,79
2720,Implicit Aware,12,11710234,80
2721,Implicit Aware,12,11710234,81
2722,Implicit Aware,12,11710234,82
2723,Implicit Aware,12,11710234,83
2724,Implicit Aware,12,11710234,84
2725,Implicit Aware,12,11710234,85
2726,Implicit Aware,12,11710234,86
2727,Implicit Aware,12,11710234,87
2728,Implicit Aware,12,11710234,88
2729,Implicit Aware,12,11710234,89
2730,Implicit Aware,12,11710234,90
2731,Implicit Aware,12,11710234,91
2732,Implicit Aware,12,11710234,92
2733,Implicit Aware,12,11710234,93
2734,Implicit Aware,12,11710234,94
2735,Implicit Aware,12,11710234,95
2736,Implicit Aware,12,11710234,96
2737,Implicit Aware,12,11710234,97
2738,Implicit Aware,12,11710234,98
2739,Implicit Aware,12,11710234,99
2740,Implicit Aware,12,11710234,100
2741,Implicit Aware,12,11710234,101
2742,Implicit Aware,12,11710234,102
2743,Implicit Aware,12,11710234,103
2744,Implicit Aware,12,11710234,104
2745,Implicit Aware,12,11710234,105
2746,Implicit Aware,12,11710234,106
2747,Implicit Aware,12,11710234,107
2748,Implicit Aware,12,11710234,108
2749,Implicit Aware,12,11710234,109
2750,Implicit Aware,12,11710234,110
2751,Implicit Aware,12,11710234,111
2752,Implicit Aware,12,11710234,112
2753,Implicit Aware,12,11710234,113
2754,Implicit Aware,12,11710234,114
2755,Implicit Aware,12,11710234,115
2756,Implicit Aware,12,11710234,116
2757,Implicit Aware,12,11710234,117
2758,Implicit Aware,12,11710234,118
2759,Implicit Aware,12,11710234,119
2760,Implicit Aware,12,11710234,120
2761,Implicit Aware,12,11710234,121
2762,Implicit Aware,12,11710234,122
2763,Implicit Aware,12,11710234,123
2764,Implicit Aware,12,11710234,124
2765,Implicit Aware,12,11710234,125
2766,Implicit Aware,12,11710234,126
2767,Implicit Aware,12,11710234,127
2768,Implicit Aware,12,11710234,128
2769,Implicit Aware,12,11710234,129
2770,Implicit Aware,12,11710234,130
2771,Implicit Aware,12,11710234,131
2772,Implicit Aware,12,11710234,132
2773,Implicit Aware,12,11710234,133
2774,Implicit Aware,12,11710234,134
2775,Implicit Aware,12,11710234,135
2776,Implicit Aware,12,11710234,136
2777,Implicit Aware,12,11710234,137
2778,Implicit Aware,12,11710234,138
2779,Implicit Aware,12,11710234,139
2780,Implicit Aware,12,11710234,140
2781,Implicit Aware,12,11710234,141
2782,Implicit Aware,12,11710234,142
2783,Implicit Aware,12,11710234,143
2784,Implicit Aware,12,11710234,144
2785,Implicit Aware,12,11710234,145
2786,Implicit Aware,12,11710234,146
2787,Implicit Aware,12,11710234,147
2788,Implicit Aware,12,11710234,148
2789,Implicit Aware,12,11710234,149
2790,Implicit Aware,12,11710234,150
2791,Implicit Aware,12,11710234,151
2792,Implicit Aware,12,11710234,152
2793,Implicit Aware,12,11710234,153
2794,Implicit Aware,12,11710234,154
2795,Implicit Aware,12,11710234,155
2796,Implicit Aware,12,11710234,156
2797,Implicit Aware,12,11710234,157
2798,Implicit Aware,12,11710234,158
2799,Implicit Aware,12,11710234,159
2800,Implicit Aware,12,11710234,160
2801,Implicit Aware,12,11710234,161
2802,Implicit Aware,12,11710234,162
2803,Implicit Aware,12,11710234,163
2804,Implicit Aware,12,11710234,164
2805,Implicit Aware,12,11710234,165
2806,Implicit Aware,12,11710234,166
2807,Implicit Aware,12,11710234,167
2808,Implicit Aware,12,11710234,168
2809,Implicit Aware,12,11710234,169
2810,Implicit Aware,12,11710234,170
2811,Implicit Aware,12,11710234,171
2812,Implicit Aware,12,11710234,172
2813,Implicit Aware,12,11710234,173
2814,Implicit Aware,12,11710234,174
2815,Implicit Aware,12,11710234,175
2816,Implicit Aware,12,11710234,176
2817,Implicit Aware,12,11710234,177
2818,Implicit Aware,12,11710234,178
2819,Implicit Aware,12,11710234,179
2820,Implicit Aware,12,11710234,180
2821,Implicit Aware,12,11710234,181
2822,Implicit Aware,12,11710234,182
2823,Implicit Aware,12,11710234,183
2824,Implicit Aware,12,11710234,184
2825,Implicit Aware,12,11710234,185
2826,Implicit Aware,12,11710234,186
2827,Implicit Aware,12,11710234,187
2828,Implicit Aware,12,11710234,188
2829,Implicit Aware,12,11710234,189
2830,Implicit Aware,12,11710234,190
2831,Implicit Aware,12,11710234,191
2832,Implicit Aware,12,11710234,192
2833,Implicit Aware,12,11710234,193
2834,Implicit Aware,12,11710234,194
2835,Implicit Aware,12,11710234,195
2836,Implicit Aware,12,11710234,196
2837,Implicit Aware,12,11710234,197
2838,Implicit Aware,12,11710234,198
2839,Implicit Aware,12,11710234,199
2840,Implicit Aware,12,11710234,200
2841,Implicit Aware,12,11710234,201
2842,Implicit Aware,12,11710234,202
2843,Implicit Aware,12,11710234,203
2844,Implicit Aware,12,11710234,204
2845,Implicit Aware,12,11710234,205
2846,Implicit Aware,12,11710234,206
2847,Implicit Aware,12,11710234,207
2848,Implicit Aware,12,11710234,208
2849,Implicit Aware,12,11710234,209
2850,Implicit Aware,12,11710234,210
2851,Implicit Aware,12,11710234,211
2852,Implicit Aware,12,11710234,212
2853,Implicit Aware,12,11710234,213
2854,Implicit Aware,12,11710234,214
2855,Implicit Aware,12,11710234,215
2856,Implicit Aware,12,11710234,216
2857,Implicit Aware,12,11710234,217
2858,Implicit Aware,12,11710234,218
2859,Implicit Aware,12,11710234,219
2860,Implicit Aware,12,11710234,220
2861,Implicit Aware,12,11710234,221
2862,Implicit Aware,12,11710234,222
2863,Implicit Aware,12,11710234,223
2864,Implicit Aware,12,11710234,224
2865,Implicit Aware,12,11710234,225
2866,Implicit Aware,12,11710234,226
2867,Implicit Aware,12,11710234,227
2868,Implicit Aware,12,11710234,228
2869,Implicit Aware,12,11710234,229
2870,Implicit Aware,12,11710234,230
2871,Implicit Aware,12,11710234,231
2872,Implicit Aware,12,11710234,232
2873,Implicit Aware,12,11710234,233
2874,Implicit Aware,12,11710234,234
2875,Implicit Aware,12,11710234,235
2876,Implicit Aware,12,11710234,236
2877,Implicit Aware,12,11710234,237
2878,Implicit Aware,12,11710234,238
2879,Implicit Aware,12,11710234,239
2880,Implicit Aware,12,11710234,240
2881,Implicit Aware,13,11710244,1
2882,Implicit Aware,13,11710244,2
2883,Implicit Aware,13,11710244,3
2884,Implicit Aware,13,11710244,4
2885,Implicit Aware,13,11710244,5
2886,Implicit Aware,13,11710244,6
2887,Implicit Aware,13,11710244,7
2888,Implicit Aware,13,11710244,8
2889,Implicit Aware,13,11710244,9
2890,Implicit Aware,13,11710244,10
2891,Implicit Aware,13,11710244,11
2892,Implicit Aware,13,11710244,12
2893,Implicit Aware,13,11710244,13
2894,Implicit Aware,13,11710244,14
2895,Implicit Aware,13,11710244,15
2896,Implicit Aware,13,11710244,16
2897,Implicit Aware,13,11710244,17
2898,Implicit Aware,13,11710244,18
2899,Implicit Aware,13,11710244,19
2900,Implicit Aware,13,11710244,20
2901,Implicit Aware,13,11710244,21
2902,Implicit Aware,13,11710244,22
2903,Implicit Aware,13,11710244,23
2904,Implicit Aware,13,11710244,24
2905,Implicit Aware,13,11710244,25
2906,Implicit Aware,13,11710244,26
2907,Implicit Aware,13,11710244,27
2908,Implicit Aware,13,11710244,28
2909,Implicit Aware,13,11710244,29
2910,Implicit Aware,13,11710244,30
2911,Implicit Aware,13,11710244,31
2912,Implicit Aware,13,11710244,32
2913,Implicit Aware,13,11710244,33
2914,Implicit Aware,13,11710244,34
2915,Implicit Aware,13,11710244,35
2916,Implicit Aware,13,11710244,36
2917,Implicit Aware,13,11710244,37
2918,Implicit Aware,13,11710244,38
2919,Implicit Aware,13,11710244,39
2920,Implicit Aware,13,11710244,40
2921,Implicit Aware,13,11710244,41
2922,Implicit Aware,13,11710244,42
2923,Implicit Aware,13,11710244,43
2924,Implicit Aware,13,11710244,44
2925,Implicit Aware,13,11710244,45
2926,Implicit Aware,13,11710244,46
2927,Implicit Aware,13,11710244,47
2928,Implicit Aware,13,11710244,48
2929,Implicit Aware,13,11710244,49
2930,Implicit Aware,13,11710244,50
2931,Implicit Aware,13,11710244,51
2932,Implicit Aware,13,11710244,52
2933,Implicit Aware,13,11710244,53
2934,Implicit Aware,13,11710244,54
2935,Implicit Aware,13,11710244,55
2936,Implicit Aware,13,11710244,56
2937,Implicit Aware,13,11710244,57
2938,Implicit Aware,13,11710244,58
2939,Implicit Aware,13,11710244,59
2940,Implicit Aware,13,11710244,60
2941,Implicit Aware,13,11710244,61
2942,Implicit Aware,13,11710244,62
2943,Implicit Aware,13,11710244,63
2944,Implicit Aware,13,11710244,64
2945,Implicit Aware,13,11710244,65
2946,Implicit Aware,13,11710244,66
2947,Implicit Aware,13,11710244,67
2948,Implicit Aware,13,11710244,68
2949,Implicit Aware,13,11710244,69
2950,Implicit Aware,13,11710244,70
2951,Implicit Aware,13,11710244,71
2952,Implicit Aware,13,11710244,72
2953,Implicit Aware,13,11710244,73
2954,Implicit Aware,13,11710244,74
2955,Implicit Aware,13,11710244,75
2956,Implicit Aware,13,11710244,76
2957,Implicit Aware,13,11710244,77
2958,Implicit Aware,13,11710244,78
2959,Implicit Aware,13,11710244,79
2960,Implicit Aware,13,11710244,80
2961,Implicit Aware,13,11710244,81
2962,Implicit Aware,13,11710244,82
2963,Implicit Aware,13,11710244,83
2964,Implicit Aware,13,11710244,84
2965,Implicit Aware,13,11710244,85
2966,Implicit Aware,13,11710244,86
2967,Implicit Aware,13,11710244,87
2968,Implicit Aware,13,11710244,88
2969,Implicit Aware,13,11710244,89
2970,Implicit Aware,13,11710244,90
2971,Implicit Aware,13,11710244,91
2972,Implicit Aware,13,11710244,92
2973,Implicit Aware,13,11710244,93
2974,Implicit Aware,13,11710244,94
2975,Implicit Aware,13,11710244,95
2976,Implicit Aware,13,11710244,96
2977,Implicit Aware,13,11710244,97
2978,Implicit Aware,13,11710244,98
2979,Implicit Aware,13,11710244,99
2980,Implicit Aware,13,11710244,100
2981,Implicit Aware,13,11710244,101
2982,Implicit Aware,13,11710244,102
2983,Implicit Aware,13,11710244,103
2984,Implicit Aware,13,11710244,104
2985,Implicit Aware,13,11710244,105
2986,Implicit Aware,13,11710244,106
2987,Implicit Aware,13,11710244,107
2988,Implicit Aware,13,11710244,108
2989,Implicit Aware,13,11710244,109
2990,Implicit Aware,13,11710244,110
2991,Implicit Aware,13,11710244,111
2992,Implicit Aware,13,11710244,112
2993,Implicit Aware,13,11710244,113
2994,Implicit Aware,13,11710244,114
2995,Implicit Aware,13,11710244,115
2996,Implicit Aware,13,11710244,116
2997,Implicit Aware,13,11710244,117
2998,Implicit Aware,13,11710244,118
2999,Implicit Aware,13,11710244,119
3000,Implicit Aware,13,11710244,120
3001,Implicit Aware,13,11710244,121
3002,Implicit Aware,13,11710244,122
3003,Implicit Aware,13,11710244,123
3004,Implicit Aware,13,11710244,124
3005,Implicit Aware,13,11710244,125
3006,Implicit Aware,13,11710244,126
3007,Implicit Aware,13,11710244,127
3008,Implicit Aware,13,11710244,128
3009,Implicit Aware,13,11710244,129
3010,Implicit Aware,13,11710244,130
3011,Implicit Aware,13,11710244,131
3012,Implicit Aware,13,11710244,132
3013,Implicit Aware,13,11710244,133
3014,Implicit Aware,13,11710244,134
3015,Implicit Aware,13,11710244,135
3016,Implicit Aware,13,11710244,136
3017,Implicit Aware,13,11710244,137
3018,Implicit Aware,13,11710244,138
3019,Implicit Aware,13,11710244,139
3020,Implicit Aware,13,11710244,140
3021,Implicit Aware,13,11710244,141
3022,Implicit Aware,13,11710244,142
3023,Implicit Aware,13,11710244,143
3024,Implicit Aware,13,11710244,144
3025,Implicit Aware,13,11710244,145
3026,Implicit Aware,13,11710244,146
3027,Implicit Aware,13,11710244,147
3028,Implicit Aware,13,11710244,148
3029,Implicit Aware,13,11710244,149
3030,Implicit Aware,13,11710244,150
3031,Implicit Aware,13,11710244,151
3032,Implicit Aware,13,11710244,152
3033,Implicit Aware,13,11710244,153
3034,Implicit Aware,13,11710244,154
3035,Implicit Aware,13,11710244,155
3036,Implicit Aware,13,11710244,156
3037,Implicit Aware,13,11710244,157
3038,Implicit Aware,13,11710244,158
3039,Implicit Aware,13,11710244,159
3040,Implicit Aware,13,11710244,160
3041,Implicit Aware,13,11710244,161
3042,Implicit Aware,13,11710244,162
3043,Implicit Aware,13,11710244,163
3044,Implicit Aware,13,11710244,164
3045,Implicit Aware,13,11710244,165
3046,Implicit Aware,13,11710244,166
3047,Implicit Aware,13,11710244,167
3048,Implicit Aware,13,11710244,168
3049,Implicit Aware,13,11710244,169
3050,Implicit Aware,13,11710244,170
3051,Implicit Aware,13,11710244,171
3052,Implicit Aware,13,11710244,172
3053,Implicit Aware,13,11710244,173
3054,Implicit Aware,13,11710244,174
3055,Implicit Aware,13,11710244,175
3056,Implicit Aware,13,11710244,176
3057,Implicit Aware,13,11710244,177
3058,Implicit Aware,13,11710244,178
3059,Implicit Aware,13,11710244,179
3060,Implicit Aware,13,11710244,180
3061,Implicit Aware,13,11710244,181
3062,Implicit Aware,13,11710244,182
3063,Implicit Aware,13,11710244,183
3064,Implicit Aware,13,11710244,184
3065,Implicit Aware,13,11710244,185
3066,Implicit Aware,13,11710244,186
3067,Implicit Aware,13,11710244,187
3068,Implicit Aware,13,11710244,188
3069,Implicit Aware,13,11710244,189
3070,Implicit Aware,13,11710244,190
3071,Implicit Aware,13,11710244,191
3072,Implicit Aware,13,11710244,192
3073,Implicit Aware,13,11710244,193
3074,Implicit Aware,13,11710244,194
3075,Implicit Aware,13,11710244,195
3076,Implicit Aware,13,11710244,196
3077,Implicit Aware,13,11710244,197
3078,Implicit Aware,13,11710244,198
3079,Implicit Aware,13,11710244,199
3080,Implicit Aware,13,11710244,200
3081,Implicit Aware,13,11710244,201
3082,Implicit Aware,13,11710244,202
3083,Implicit Aware,13,11710244,203
3084,Implicit Aware,13,11710244,204
3085,Implicit Aware,13,11710244,205
3086,Implicit Aware,13,11710244,206
3087,Implicit Aware,13,11710244,207
3088,Implicit Aware,13,11710244,208
3089,Implicit Aware,13,11710244,209
3090,Implicit Aware,13,11710244,210
3091,Implicit Aware,13,11710244,211
3092,Implicit Aware,13,11710244,212
3093,Implicit Aware,13,11710244,213
3094,Implicit Aware,13,11710244,214
3095,Implicit Aware,13,11710244,215
3096,Implicit Aware,13,11710244,216
3097,Implicit Aware,13,11710244,217
3098,Implicit Aware,13,11710244,218
3099,Implicit Aware,13,11710244,219
3100,Implicit Aware,13,11710244,220
3101,Implicit Aware,13,11710244,221
3102,Implicit Aware,13,11710244,222
3103,Implicit Aware,13,11710244,223
3104,Implicit Aware,13,11710244,224
3105,Implicit Aware,13,11710244,225
3106,Implicit Aware,13,11710244,226
3107,Implicit Aware,13,11710244,227
3108,Implicit Aware,13,11710244,228
3109,Implicit Aware,13,11710244,229
3110,Implicit Aware,13,11710244,230
3111,Implicit Aware,13,11710244,231
3112,Implicit Aware,13,11710244,232
3113,Implicit Aware,13,11710244,233
3114,Implicit Aware,13,11710244,234
3115,Implicit Aware,13,11710244,235
3116,Implicit Aware,13,11710244,236
3117,Implicit Aware,13,11710244,237
3118,Implicit Aware,13,11710244,238
3119,Implicit Aware,13,11710244,239
3120,Implicit Aware,13,11710244,240
3121,Implicit Aware,14,11710247,1
3122,Implicit Aware,14,11710247,2
3123,Implicit Aware,14,11710247,3
3124,Implicit Aware,14,11710247,4
3125,Implicit Aware,14,11710247,5
3126,Implicit Aware,14,11710247,6
3127,Implicit Aware,14,11710247,7
3128,Implicit Aware,14,11710247,8
3129,Implicit Aware,14,11710247,9
3130,Implicit Aware,14,11710247,10
3131,Implicit Aware,14,11710247,11
3132,Implicit Aware,14,11710247,12
3133,Implicit Aware,14,11710247,13
3134,Implicit Aware,14,11710247,14
3135,Implicit Aware,14,11710247,15
3136,Implicit Aware,14,11710247,16
3137,Implicit Aware,14,11710247,17
3138,Implicit Aware,14,11710247,18
3139,Implicit Aware,14,11710247,19
3140,Implicit Aware,14,11710247,20
3141,Implicit Aware,14,11710247,21
3142,Implicit Aware,14,11710247,22
3143,Implicit Aware,14,11710247,23
3144,Implicit Aware,14,11710247,24
3145,Implicit Aware,14,11710247,25
3146,Implicit Aware,14,11710247,26
3147,Implicit Aware,14,11710247,27
3148,Implicit Aware,14,11710247,28
3149,Implicit Aware,14,11710247,29
3150,Implicit Aware,14,11710247,30
3151,Implicit Aware,14,11710247,31
3152,Implicit Aware,14,11710247,32
3153,Implicit Aware,14,11710247,33
3154,Implicit Aware,14,11710247,34
3155,Implicit Aware,14,11710247,35
3156,Implicit Aware,14,11710247,36
3157,Implicit Aware,14,11710247,37
3158,Implicit Aware,14,11710247,38
3159,Implicit Aware,14,11710247,39
3160,Implicit Aware,14,11710247,40
3161,Implicit Aware,14,11710247,41
3162,Implicit Aware,14,11710247,42
3163,Implicit Aware,14,11710247,43
3164,Implicit Aware,14,11710247,44
3165,Implicit Aware,14,11710247,45
3166,Implicit Aware,14,11710247,46
3167,Implicit Aware,14,11710247,47
3168,Implicit Aware,14,11710247,48
3169,Implicit Aware,14,11710247,49
3170,Implicit Aware,14,11710247,50
3171,Implicit Aware,14,11710247,51
3172,Implicit Aware,14,11710247,52
3173,Implicit Aware,14,11710247,53
3174,Implicit Aware,14,11710247,54
3175,Implicit Aware,14,11710247,55
3176,Implicit Aware,14,11710247,56
3177,Implicit Aware,14,11710247,57
3178,Implicit Aware,14,11710247,58
3179,Implicit Aware,14,11710247,59
3180,Implicit Aware,14,11710247,60
3181,Implicit Aware,14,11710247,61
3182,Implicit Aware,14,11710247,62
3183,Implicit Aware,14,11710247,63
3184,Implicit Aware,14,11710247,64
3185,Implicit Aware,14,11710247,65
3186,Implicit Aware,14,11710247,66
3187,Implicit Aware,14,11710247,67
3188,Implicit Aware,14,11710247,68
3189,Implicit Aware,14,11710247,69
3190,Implicit Aware,14,11710247,70
3191,Implicit Aware,14,11710247,71
3192,Implicit Aware,14,11710247,72
3193,Implicit Aware,14,11710247,73
3194,Implicit Aware,14,11710247,74
3195,Implicit Aware,14,11710247,75
3196,Implicit Aware,14,11710247,76
3197,Implicit Aware,14,11710247,77
3198,Implicit Aware,14,11710247,78
3199,Implicit Aware,14,11710247,79
3200,Implicit Aware,14,11710247,80
3201,Implicit Aware,14,11710247,81
3202,Implicit Aware,14,11710247,82
3203,Implicit Aware,14,11710247,83
3204,Implicit Aware,14,11710247,84
3205,Implicit Aware,14,11710247,85
3206,Implicit Aware,14,11710247,86
3207,Implicit Aware,14,11710247,87
3208,Implicit Aware,14,11710247,88
3209,Implicit Aware,14,11710247,89
3210,Implicit Aware,14,11710247,90
3211,Implicit Aware,14,11710247,91
3212,Implicit Aware,14,11710247,92
3213,Implicit Aware,14,11710247,93
3214,Implicit Aware,14,11710247,94
3215,Implicit Aware,14,11710247,95
3216,Implicit Aware,14,11710247,96
3217,Implicit Aware,14,11710247,97
3218,Implicit Aware,14,11710247,98
3219,Implicit Aware,14,11710247,99
3220,Implicit Aware,14,11710247,100
3221,Implicit Aware,14,11710247,101
3222,Implicit Aware,14,11710247,102
3223,Implicit Aware,14,11710247,103
3224,Implicit Aware,14,11710247,104
3225,Implicit Aware,14,11710247,105
3226,Implicit Aware,14,11710247,106
3227,Implicit Aware,14,11710247,107
3228,Implicit Aware,14,11710247,108
3229,Implicit Aware,14,11710247,109
3230,Implicit Aware,14,11710247,110
3231,Implicit Aware,14,11710247,111
3232,Implicit Aware,14,11710247,112
3233,Implicit Aware,14,11710247,113
3234,Implicit Aware,14,11710247,114
3235,Implicit Aware,14,11710247,115
3236,Implicit Aware,14,11710247,116
3237,Implicit Aware,14,11710247,117
3238,Implicit Aware,14,11710247,118
3239,Implicit Aware,14,11710247,119
3240,Implicit Aware,14,11710247,120
3241,Implicit Aware,14,11710247,121
3242,Implicit Aware,14,11710247,122
3243,Implicit Aware,14,11710247,123
3244,Implicit Aware,14,11710247,124
3245,Implicit Aware,14,11710247,125
3246,Implicit Aware,14,11710247,126
3247,Implicit Aware,14,11710247,127
3248,Implicit Aware,14,11710247,128
3249,Implicit Aware,14,11710247,129
3250,Implicit Aware,14,11710247,130
3251,Implicit Aware,14,11710247,131
3252,Implicit Aware,14,11710247,132
3253,Implicit Aware,14,11710247,133
3254,Implicit Aware,14,11710247,134
3255,Implicit Aware,14,11710247,135
3256,Implicit Aware,14,11710247,136
3257,Implicit Aware,14,11710247,137
3258,Implicit Aware,14,11710247,138
3259,Implicit Aware,14,11710247,139
3260,Implicit Aware,14,11710247,140
3261,Implicit Aware,14,11710247,141
3262,Implicit Aware,14,11710247,142
3263,Implicit Aware,14,11710247,143
3264,Implicit Aware,14,11710247,144
3265,Implicit Aware,14,11710247,145
3266,Implicit Aware,14,11710247,146
3267,Implicit Aware,14,11710247,147
3268,Implicit Aware,14,11710247,148
3269,Implicit Aware,14,11710247,149
3270,Implicit Aware,14,11710247,150
3271,Implicit Aware,14,11710247,151
3272,Implicit Aware,14,11710247,152
3273,Implicit Aware,14,11710247,153
3274,Implicit Aware,14,11710247,154
3275,Implicit Aware,14,11710247,155
3276,Implicit Aware,14,11710247,156
3277,Implicit Aware,14,11710247,157
3278,Implicit Aware,14,11710247,158
3279,Implicit Aware,14,11710247,159
3280,Implicit Aware,14,11710247,160
3281,Implicit Aware,14,11710247,161
3282,Implicit Aware,14,11710247,162
3283,Implicit Aware,14,11710247,163
3284,Implicit Aware,14,11710247,164
3285,Implicit Aware,14,11710247,165
3286,Implicit Aware,14,11710247,166
3287,Implicit Aware,14,11710247,167
3288,Implicit Aware,14,11710247,168
3289,Implicit Aware,14,11710247,169
3290,Implicit Aware,14,11710247,170
3291,Implicit Aware,14,11710247,171
3292,Implicit Aware,14,11710247,172
3293,Implicit Aware,14,11710247,173
3294,Implicit Aware,14,11710247,174
3295,Implicit Aware,14,11710247,175
3296,Implicit Aware,14,11710247,176
3297,Implicit Aware,14,11710247,177
3298,Implicit Aware,14,11710247,178
3299,Implicit Aware,14,11710247,179
3300,Implicit Aware,14,11710247,180
3301,Implicit Aware,14,11710247,181
3302,Implicit Aware,14,11710247,182
3303,Implicit Aware,14,11710247,183
3304,Implicit Aware,14,11710247,184
3305,Implicit Aware,14,11710247,185
3306,Implicit Aware,14,11710247,186
3307,Implicit Aware,14,11710247,187
3308,Implicit Aware,14,11710247,188
3309,Implicit Aware,14,11710247,189
3310,Implicit Aware,14,11710247,190
3311,Implicit Aware,14,11710247,191
3312,Implicit Aware,14,11710247,192
3313,Implicit Aware,14,11710247,193
3314,Implicit Aware,14,11710247,194
3315,Implicit Aware,14,11710247,195
3316,Implicit Aware,14,11710247,196
3317,Implicit Aware,14,11710247,197
3318,Implicit Aware,14,11710247,198
3319,Implicit Aware,14,11710247,199
3320,Implicit Aware,14,11710247,200
3321,Implicit Aware,14,11710247,201
3322,Implicit Aware,14,11710247,202
3323,Implicit Aware,14,11710247,203
3324,Implicit Aware,14,11710247,204
3325,Implicit Aware,14,11710247,205
3326,Implicit Aware,14,11710247,206
3327,Implicit Aware,14,11710247,207
3328,Implicit Aware,14,11710247,208
3329,Implicit Aware,14,11710247,209
3330,Implicit Aware,14,11710247,210
3331,Implicit Aware,14,11710247,211
3332,Implicit Aware,14,11710247,212
3333,Implicit Aware,14,11710247,213
3334,Implicit Aware,14,11710247,214
3335,Implicit Aware,14,11710247,215
3336,Implicit Aware,14,11710247,216
3337,Implicit Aware,14,11710247,217
3338,Implicit Aware,14,11710247,218
3339,Implicit Aware,14,11710247,219
3340,Implicit Aware,14,11710247,220
3341,Implicit Aware,14,11710247,221
3342,Implicit Aware,14,11710247,222
3343,Implicit Aware,14,11710247,223
3344,Implicit Aware,14,11710247,224
3345,Implicit Aware,14,11710247,225
3346,Implicit Aware,14,11710247,226
3347,Implicit Aware,14,11710247,227
3348,Implicit Aware,14,11710247,228
3349,Implicit Aware,14,11710247,229
3350,Implicit Aware,14,11710247,230
3351,Implicit Aware,14,11710247,231
3352,Implicit Aware,14,11710247,232
3353,Implicit Aware,14,11710247,233
3354,Implicit Aware,14,11710247,234
3355,Implicit Aware,14,11710247,235
3356,Implicit Aware,14,11710247,236
3357,Implicit Aware,14,11710247,237
3358,Implicit Aware,14,11710247,238
3359,Implicit Aware,14,11710247,239
3360,Implicit Aware,14,11710247,240
3361,Implicit Aware,15,11710250,1
3362,Implicit Aware,15,11710250,2
3363,Implicit Aware,15,11710250,3
3364,Implicit Aware,15,11710250,4
3365,Implicit Aware,15,11710250,5
3366,Implicit Aware,15,11710250,6
3367,Implicit Aware,15,11710250,7
3368,Implicit Aware,15,11710250,8
3369,Implicit Aware,15,11710250,9
3370,Implicit Aware,15,11710250,10
3371,Implicit Aware,15,11710250,11
3372,Implicit Aware,15,11710250,12
3373,Implicit Aware,15,11710250,13
3374,Implicit Aware,15,11710250,14
3375,Implicit Aware,15,11710250,15
3376,Implicit Aware,15,11710250,16
3377,Implicit Aware,15,11710250,17
3378,Implicit Aware,15,11710250,18
3379,Implicit Aware,15,11710250,19
3380,Implicit Aware,15,11710250,20
3381,Implicit Aware,15,11710250,21
3382,Implicit Aware,15,11710250,22
3383,Implicit Aware,15,11710250,23
3384,Implicit Aware,15,11710250,24
3385,Implicit Aware,15,11710250,25
3386,Implicit Aware,15,11710250,26
3387,Implicit Aware,15,11710250,27
3388,Implicit Aware,15,11710250,28
3389,Implicit Aware,15,11710250,29
3390,Implicit Aware,15,11710250,30
3391,Implicit Aware,15,11710250,31
3392,Implicit Aware,15,11710250,32
3393,Implicit Aware,15,11710250,33
3394,Implicit Aware,15,11710250,34
3395,Implicit Aware,15,11710250,35
3396,Implicit Aware,15,11710250,36
3397,Implicit Aware,15,11710250,37
3398,Implicit Aware,15,11710250,38
3399,Implicit Aware,15,11710250,39
3400,Implicit Aware,15,11710250,40
3401,Implicit Aware,15,11710250,41
3402,Implicit Aware,15,11710250,42
3403,Implicit Aware,15,11710250,43
3404,Implicit Aware,15,11710250,44
3405,Implicit Aware,15,11710250,45
3406,Implicit Aware,15,11710250,46
3407,Implicit Aware,15,11710250,47
3408,Implicit Aware,15,11710250,48
3409,Implicit Aware,15,11710250,49
3410,Implicit Aware,15,11710250,50
3411,Implicit Aware,15,11710250,51
3412,Implicit Aware,15,11710250,52
3413,Implicit Aware,15,11710250,53
3414,Implicit Aware,15,11710250,54
3415,Implicit Aware,15,11710250,55
3416,Implicit Aware,15,11710250,56
3417,Implicit Aware,15,11710250,57
3418,Implicit Aware,15,11710250,58
3419,Implicit Aware,15,11710250,59
3420,Implicit Aware,15,11710250,60
3421,Implicit Aware,15,11710250,61
3422,Implicit Aware,15,11710250,62
3423,Implicit Aware,15,11710250,63
3424,Implicit Aware,15,11710250,64
3425,Implicit Aware,15,11710250,65
3426,Implicit Aware,15,11710250,66
3427,Implicit Aware,15,11710250,67
3428,Implicit Aware,15,11710250,68
3429,Implicit Aware,15,11710250,69
3430,Implicit Aware,15,11710250,70
3431,Implicit Aware,15,11710250,71
3432,Implicit Aware,15,11710250,72
3433,Implicit Aware,15,11710250,73
3434,Implicit Aware,15,11710250,74
3435,Implicit Aware,15,11710250,75
3436,Implicit Aware,15,11710250,76
3437,Implicit Aware,15,11710250,77
3438,Implicit Aware,15,11710250,78
3439,Implicit Aware,15,11710250,79
3440,Implicit Aware,15,11710250,80
3441,Implicit Aware,15,11710250,81
3442,Implicit Aware,15,11710250,82
3443,Implicit Aware,15,11710250,83
3444,Implicit Aware,15,11710250,84
3445,Implicit Aware,15,11710250,85
3446,Implicit Aware,15,11710250,86
3447,Implicit Aware,15,11710250,87
3448,Implicit Aware,15,11710250,88
3449,Implicit Aware,15,11710250,89
3450,Implicit Aware,15,11710250,90
3451,Implicit Aware,15,11710250,91
3452,Implicit Aware,15,11710250,92
3453,Implicit Aware,15,11710250,93
3454,Implicit Aware,15,11710250,94
3455,Implicit Aware,15,11710250,95
3456,Implicit Aware,15,11710250,96
3457,Implicit Aware,15,11710250,97
3458,Implicit Aware,15,11710250,98
3459,Implicit Aware,15,11710250,99
3460,Implicit Aware,15,11710250,100
3461,Implicit Aware,15,11710250,101
3462,Implicit Aware,15,11710250,102
3463,Implicit Aware,15,11710250,103
3464,Implicit Aware,15,11710250,104
3465,Implicit Aware,15,11710250,105
3466,Implicit Aware,15,11710250,106
3467,Implicit Aware,15,11710250,107
3468,Implicit Aware,15,11710250,108
3469,Implicit Aware,15,11710250,109
3470,Implicit Aware,15,11710250,110
3471,Implicit Aware,15,11710250,111
3472,Implicit Aware,15,11710250,112
3473,Implicit Aware,15,11710250,113
3474,Implicit Aware,15,11710250,114
3475,Implicit Aware,15,11710250,115
3476,Implicit Aware,15,11710250,116
3477,Implicit Aware,15,11710250,117
3478,Implicit Aware,15,11710250,118
3479,Implicit Aware,15,11710250,119
3480,Implicit Aware,15,11710250,120
3481,Implicit Aware,15,11710250,121
3482,Implicit Aware,15,11710250,122
3483,Implicit Aware,15,11710250,123
3484,Implicit Aware,15,11710250,124
3485,Implicit Aware,15,11710250,125
3486,Implicit Aware,15,11710250,126
3487,Implicit Aware,15,11710250,127
3488,Implicit Aware,15,11710250,128
3489,Implicit Aware,15,11710250,129
3490,Implicit Aware,15,11710250,130
3491,Implicit Aware,15,11710250,131
3492,Implicit Aware,15,11710250,132
3493,Implicit Aware,15,11710250,133
3494,Implicit Aware,15,11710250,134
3495,Implicit Aware,15,11710250,135
3496,Implicit Aware,15,11710250,136
3497,Implicit Aware,15,11710250,137
3498,Implicit Aware,15,11710250,138
3499,Implicit Aware,15,11710250,139
3500,Implicit Aware,15,11710250,140
3501,Implicit Aware,15,11710250,141
3502,Implicit Aware,15,11710250,142
3503,Implicit Aware,15,11710250,143
3504,Implicit Aware,15,11710250,144
3505,Implicit Aware,15,11710250,145
3506,Implicit Aware,15,11710250,146
3507,Implicit Aware,15,11710250,147
3508,Implicit Aware,15,11710250,148
3509,Implicit Aware,15,11710250,149
3510,Implicit Aware,15,11710250,150
3511,Implicit Aware,15,11710250,151
3512,Implicit Aware,15,11710250,152
3513,Implicit Aware,15,11710250,153
3514,Implicit Aware,15,11710250,154
3515,Implicit Aware,15,11710250,155
3516,Implicit Aware,15,11710250,156
3517,Implicit Aware,15,11710250,157
3518,Implicit Aware,15,11710250,158
3519,Implicit Aware,15,11710250,159
3520,Implicit Aware,15,11710250,160
3521,Implicit Aware,15,11710250,161
3522,Implicit Aware,15,11710250,162
3523,Implicit Aware,15,11710250,163
3524,Implicit Aware,15,11710250,164
3525,Implicit Aware,15,11710250,165
3526,Implicit Aware,15,11710250,166
3527,Implicit Aware,15,11710250,167
3528,Implicit Aware,15,11710250,168
3529,Implicit Aware,15,11710250,169
3530,Implicit Aware,15,11710250,170
3531,Implicit Aware,15,11710250,171
3532,Implicit Aware,15,11710250,172
3533,Implicit Aware,15,11710250,173
3534,Implicit Aware,15,11710250,174
3535,Implicit Aware,15,11710250,175
3536,Implicit Aware,15,11710250,176
3537,Implicit Aware,15,11710250,177
3538,Implicit Aware,15,11710250,178
3539,Implicit Aware,15,11710250,179
3540,Implicit Aware,15,11710250,180
3541,Implicit Aware,15,11710250,181
3542,Implicit Aware,15,11710250,182
3543,Implicit Aware,15,11710250,183
3544,Implicit Aware,15,11710250,184
3545,Implicit Aware,15,11710250,185
3546,Implicit Aware,15,11710250,186
3547,Implicit Aware,15,11710250,187
3548,Implicit Aware,15,11710250,188
3549,Implicit Aware,15,11710250,189
3550,Implicit Aware,15,11710250,190
3551,Implicit Aware,15,11710250,191
3552,Implicit Aware,15,11710250,192
3553,Implicit Aware,15,11710250,193
3554,Implicit Aware,15,11710250,194
3555,Implicit Aware,15,11710250,195
3556,Implicit Aware,15,11710250,196
3557,Implicit Aware,15,11710250,197
3558,Implicit Aware,15,11710250,198
3559,Implicit Aware,15,11710250,199
3560,Implicit Aware,15,11710250,200
3561,Implicit Aware,15,11710250,201
3562,Implicit Aware,15,11710250,202
3563,Implicit Aware,15,11710250,203
3564,Implicit Aware,15,11710250,204
3565,Implicit Aware,15,11710250,205
3566,Implicit Aware,15,11710250,206
3567,Implicit Aware,15,11710250,207
3568,Implicit Aware,15,11710250,208
3569,Implicit Aware,15,11710250,209
3570,Implicit Aware,15,11710250,210
3571,Implicit Aware,15,11710250,211
3572,Implicit Aware,15,11710250,212
3573,Implicit Aware,15,11710250,213
3574,Implicit Aware,15,11710250,214
3575,Implicit Aware,15,11710250,215
3576,Implicit Aware,15,11710250,216
3577,Implicit Aware,15,11710250,217
3578,Implicit Aware,15,11710250,218
3579,Implicit Aware,15,11710250,219
3580,Implicit Aware,15,11710250,220
3581,Implicit Aware,15,11710250,221
3582,Implicit Aware,15,11710250,222
3583,Implicit Aware,15,11710250,223
3584,Implicit Aware,15,11710250,224
3585,Implicit Aware,15,11710250,225
3586,Implicit Aware,15,11710250,226
3587,Implicit Aware,15,11710250,227
3588,Implicit Aware,15,11710250,228
3589,Implicit Aware,15,11710250,229
3590,Implicit Aware,15,11710250,230
3591,Implicit Aware,15,11710250,231
3592,Implicit Aware,15,11710250,232
3593,Implicit Aware,15,11710250,233
3594,Implicit Aware,15,11710250,234
3595,Implicit Aware,15,11710250,235
3596,Implicit Aware,15,11710250,236
3597,Implicit Aware,15,11710250,237
3598,Implicit Aware,15,11710250,238
3599,Implicit Aware,15,11710250,239
3600,Implicit Aware,15,11710250,240
3601,Implicit Aware,16,12075645,1
3602,Implicit Aware,16,12075645,2
3603,Implicit Aware,16,12075645,3
3604,Implicit Aware,16,12075645,4
3605,Implicit Aware,16,12075645,5
3606,Implicit Aware,16,12075645,6
3607,Implicit Aware,16,12075645,7
3608,Implicit Aware,16,12075645,8
3609,Implicit Aware,16,12075645,9
3610,Implicit Aware,16,12075645,10
3611,Implicit Aware,16,12075645,11
3612,Implicit Aware,16,12075645,12
3613,Implicit Aware,16,12075645,13
3614,Implicit Aware,16,12075645,14
3615,Implicit Aware,16,12075645,15
3616,Implicit Aware,16,12075645,16
3617,Implicit Aware,16,12075645,17
3618,Implicit Aware,16,12075645,18
3619,Implicit Aware,16,12075645,19
3620,Implicit Aware,16,12075645,20
3621,Implicit Aware,16,12075645,21
3622,Implicit Aware,16,12075645,22
3623,Implicit Aware,16,12075645,23
3624,Implicit Aware,16,12075645,24
3625,Implicit Aware,16,12075645,25
3626,Implicit Aware,16,12075645,26
3627,Implicit Aware,16,12075645,27
3628,Implicit Aware,16,12075645,28
3629,Implicit Aware,16,12075645,29
3630,Implicit Aware,16,12075645,30
3631,Implicit Aware,16,12075645,31
3632,Implicit Aware,16,12075645,32
3633,Implicit Aware,16,12075645,33
3634,Implicit Aware,16,12075645,34
3635,Implicit Aware,16,12075645,35
3636,Implicit Aware,16,12075645,36
3637,Implicit Aware,16,12075645,37
3638,Implicit Aware,16,12075645,38
3639,Implicit Aware,16,12075645,39
3640,Implicit Aware,16,12075645,40
3641,Implicit Aware,16,12075645,41
3642,Implicit Aware,16,12075645,42
3643,Implicit Aware,16,12075645,43
3644,Implicit Aware,16,12075645,44
3645,Implicit Aware,16,12075645,45
3646,Implicit Aware,16,12075645,46
3647,Implicit Aware,16,12075645,47
3648,Implicit Aware,16,12075645,48
3649,Implicit Aware,16,12075645,49
3650,Implicit Aware,16,12075645,50
3651,Implicit Aware,16,12075645,51
3652,Implicit Aware,16,12075645,52
3653,Implicit Aware,16,12075645,53
3654,Implicit Aware,16,12075645,54
3655,Implicit Aware,16,12075645,55
3656,Implicit Aware,16,12075645,56
3657,Implicit Aware,16,12075645,57
3658,Implicit Aware,16,12075645,58
3659,Implicit Aware,16,12075645,59
3660,Implicit Aware,16,12075645,60
3661,Implicit Aware,16,12075645,61
3662,Implicit Aware,16,12075645,62
3663,Implicit Aware,16,12075645,63
3664,Implicit Aware,16,12075645,64
3665,Implicit Aware,16,12075645,65
3666,Implicit Aware,16,12075645,66
3667,Implicit Aware,16,12075645,67
3668,Implicit Aware,16,12075645,68
3669,Implicit Aware,16,12075645,69
3670,Implicit Aware,16,12075645,70
3671,Implicit Aware,16,12075645,71
3672,Implicit Aware,16,12075645,72
3673,Implicit Aware,16,12075645,73
3674,Implicit Aware,16,12075645,74
3675,Implicit Aware,16,12075645,75
3676,Implicit Aware,16,12075645,76
3677,Implicit Aware,16,12075645,77
3678,Implicit Aware,16,12075645,78
3679,Implicit Aware,16,12075645,79
3680,Implicit Aware,16,12075645,80
3681,Implicit Aware,16,12075645,81
3682,Implicit Aware,16,12075645,82
3683,Implicit Aware,16,12075645,83
3684,Implicit Aware,16,12075645,84
3685,Implicit Aware,16,12075645,85
3686,Implicit Aware,16,12075645,86
3687,Implicit Aware,16,12075645,87
3688,Implicit Aware,16,12075645,88
3689,Implicit Aware,16,12075645,89
3690,Implicit Aware,16,12075645,90
3691,Implicit Aware,16,12075645,91
3692,Implicit Aware,16,12075645,92
3693,Implicit Aware,16,12075645,93
3694,Implicit Aware,16,12075645,94
3695,Implicit Aware,16,12075645,95
3696,Implicit Aware,16,12075645,96
3697,Implicit Aware,16,12075645,97
3698,Implicit Aware,16,12075645,98
3699,Implicit Aware,16,12075645,99
3700,Implicit Aware,16,12075645,100
3701,Implicit Aware,16,12075645,101
3702,Implicit Aware,16,12075645,102
3703,Implicit Aware,16,12075645,103
3704,Implicit Aware,16,12075645,104
3705,Implicit Aware,16,12075645,105
3706,Implicit Aware,16,12075645,106
3707,Implicit Aware,16,12075645,107
3708,Implicit Aware,16,12075645,108
3709,Implicit Aware,16,12075645,109
3710,Implicit Aware,16,12075645,110
3711,Implicit Aware,16,12075645,111
3712,Implicit Aware,16,12075645,112
3713,Implicit Aware,16,12075645,113
3714,Implicit Aware,16,12075645,114
3715,Implicit Aware,16,12075645,115
3716,Implicit Aware,16,12075645,116
3717,Implicit Aware,16,12075645,117
3718,Implicit Aware,16,12075645,118
3719,Implicit Aware,16,12075645,119
3720,Implicit Aware,16,12075645,120
3721,Implicit Aware,16,12075645,121
3722,Implicit Aware,16,12075645,122
3723,Implicit Aware,16,12075645,123
3724,Implicit Aware,16,12075645,124
3725,Implicit Aware,16,12075645,125
3726,Implicit Aware,16,12075645,126
3727,Implicit Aware,16,12075645,127
3728,Implicit Aware,16,12075645,128
3729,Implicit Aware,16,12075645,129
3730,Implicit Aware,16,12075645,130
3731,Implicit Aware,16,12075645,131
3732,Implicit Aware,16,12075645,132
3733,Implicit Aware,16,12075645,133
3734,Implicit Aware,16,12075645,134
3735,Implicit Aware,16,12075645,135
3736,Implicit Aware,16,12075645,136
3737,Implicit Aware,16,12075645,137
3738,Implicit Aware,16,12075645,138
3739,Implicit Aware,16,12075645,139
3740,Implicit Aware,16,12075645,140
3741,Implicit Aware,16,12075645,141
3742,Implicit Aware,16,12075645,142
3743,Implicit Aware,16,12075645,143
3744,Implicit Aware,16,12075645,144
3745,Implicit Aware,16,12075645,145
3746,Implicit Aware,16,12075645,146
3747,Implicit Aware,16,12075645,147
3748,Implicit Aware,16,12075645,148
3749,Implicit Aware,16,12075645,149
3750,Implicit Aware,16,12075645,150
3751,Implicit Aware,16,12075645,151
3752,Implicit Aware,16,12075645,152
3753,Implicit Aware,16,12075645,153
3754,Implicit Aware,16,12075645,154
3755,Implicit Aware,16,12075645,155
3756,Implicit Aware,16,12075645,156
3757,Implicit Aware,16,12075645,157
3758,Implicit Aware,16,12075645,158
3759,Implicit Aware,16,12075645,159
3760,Implicit Aware,16,12075645,160
3761,Implicit Aware,16,12075645,161
3762,Implicit Aware,16,12075645,162
3763,Implicit Aware,16,12075645,163
3764,Implicit Aware,16,12075645,164
3765,Implicit Aware,16,12075645,165
3766,Implicit Aware,16,12075645,166
3767,Implicit Aware,16,12075645,167
3768,Implicit Aware,16,12075645,168
3769,Implicit Aware,16,12075645,169
3770,Implicit Aware,16,12075645,170
3771,Implicit Aware,16,12075645,171
3772,Implicit Aware,16,12075645,172
3773,Implicit Aware,16,12075645,173
3774,Implicit Aware,16,12075645,174
3775,Implicit Aware,16,12075645,175
3776,Implicit Aware,16,12075645,176
3777,Implicit Aware,16,12075645,177
3778,Implicit Aware,16,12075645,178
3779,Implicit Aware,16,12075645,179
3780,Implicit Aware,16,12075645,180
3781,Implicit Aware,16,12075645,181
3782,Implicit Aware,16,12075645,182
3783,Implicit Aware,16,12075645,183
3784,Implicit Aware,16,12075645,184
3785,Implicit Aware,16,12075645,185
3786,Implicit Aware,16,12075645,186
3787,Implicit Aware,16,12075645,187
3788,Implicit Aware,16,12075645,188
3789,Implicit Aware,16,12075645,189
3790,Implicit Aware,16,12075645,190
3791,Implicit Aware,16,12075645,191
3792,Implicit Aware,16,12075645,192
3793,Implicit Aware,16,12075645,193
3794,Implicit Aware,16,12075645,194
3795,Implicit Aware,16,12075645,195
3796,Implicit Aware,16,12075645,196
3797,Implicit Aware,16,12075645,197
3798,Implicit Aware,16,12075645,198
3799,Implicit Aware,16,12075645,199
3800,Implicit Aware,16,12075645,200
3801,Implicit Aware,16,12075645,201
3802,Implicit Aware,16,12075645,202
3803,Implicit Aware,16,12075645,203
3804,Implicit Aware,16,12075645,204
3805,Implicit Aware,16,12075645,205
3806,Implicit Aware,16,12075645,206
3807,Implicit Aware,16,12075645,207
3808,Implicit Aware,16,12075645,208
3809,Implicit Aware,16,12075645,209
3810,Implicit Aware,16,12075645,210
3811,Implicit Aware,16,12075645,211
3812,Implicit Aware,16,12075645,212
3813,Implicit Aware,16,12075645,213
3814,Implicit Aware,16,12075645,214
3815,Implicit Aware,16,12075645,215
3816,Implicit Aware,16,12075645,216
3817,Implicit Aware,16,12075645,217
3818,Implicit Aware,16,12075645,218
3819,Implicit Aware,16,12075645,219
3820,Implicit Aware,16,12075645,220
3821,Implicit Aware,16,12075645,221
3822,Implicit Aware,16,12075645,222
3823,Implicit Aware,16,12075645,223
3824,Implicit Aware,16,12075645,224
3825,Implicit Aware,16,12075645,225
3826,Implicit Aware,16,12075645,226
3827,Implicit Aware,16,12075645,227
3828,Implicit Aware,16,12075645,228
3829,Implicit Aware,16,12075645,229
3830,Implicit Aware,16,12075645,230
3831,Implicit Aware,16,12075645,231
3832,Implicit Aware,16,12075645,232
3833,Implicit Aware,16,12075645,233
3834,Implicit Aware,16,12075645,234
3835,Implicit Aware,16,12075645,235
3836,Implicit Aware,16,12075645,236
3837,Implicit Aware,16,12075645,237
3838,Implicit Aware,16,12075645,238
3839,Implicit Aware,16,12075645,239
3840,Implicit Aware,16,12075645,240
3841,Implicit Aware,17,12075654,1
3842,Implicit Aware,17,12075654,2
3843,Implicit Aware,17,12075654,3
3844,Implicit Aware,17,12075654,4
3845,Implicit Aware,17,12075654,5
3846,Implicit Aware,17,12075654,6
3847,Implicit Aware,17,12075654,7
3848,Implicit Aware,17,12075654,8
3849,Implicit Aware,17,12075654,9
3850,Implicit Aware,17,12075654,10
3851,Implicit Aware,17,12075654,11
3852,Implicit Aware,17,12075654,12
3853,Implicit Aware,17,12075654,13
3854,Implicit Aware,17,12075654,14
3855,Implicit Aware,17,12075654,15
3856,Implicit Aware,17,12075654,16
3857,Implicit Aware,17,12075654,17
3858,Implicit Aware,17,12075654,18
3859,Implicit Aware,17,12075654,19
3860,Implicit Aware,17,12075654,20
3861,Implicit Aware,17,12075654,21
3862,Implicit Aware,17,12075654,22
3863,Implicit Aware,17,12075654,23
3864,Implicit Aware,17,12075654,24
3865,Implicit Aware,17,12075654,25
3866,Implicit Aware,17,12075654,26
3867,Implicit Aware,17,12075654,27
3868,Implicit Aware,17,12075654,28
3869,Implicit Aware,17,12075654,29
3870,Implicit Aware,17,12075654,30
3871,Implicit Aware,17,12075654,31
3872,Implicit Aware,17,12075654,32
3873,Implicit Aware,17,12075654,33
3874,Implicit Aware,17,12075654,34
3875,Implicit Aware,17,12075654,35
3876,Implicit Aware,17,12075654,36
3877,Implicit Aware,17,12075654,37
3878,Implicit Aware,17,12075654,38
3879,Implicit Aware,17,12075654,39
3880,Implicit Aware,17,12075654,40
3881,Implicit Aware,17,12075654,41
3882,Implicit Aware,17,12075654,42
3883,Implicit Aware,17,12075654,43
3884,Implicit Aware,17,12075654,44
3885,Implicit Aware,17,12075654,45
3886,Implicit Aware,17,12075654,46
3887,Implicit Aware,17,12075654,47
3888,Implicit Aware,17,12075654,48
3889,Implicit Aware,17,12075654,49
3890,Implicit Aware,17,12075654,50
3891,Implicit Aware,17,12075654,51
3892,Implicit Aware,17,12075654,52
3893,Implicit Aware,17,12075654,53
3894,Implicit Aware,17,12075654,54
3895,Implicit Aware,17,12075654,55
3896,Implicit Aware,17,12075654,56
3897,Implicit Aware,17,12075654,57
3898,Implicit Aware,17,12075654,58
3899,Implicit Aware,17,12075654,59
3900,Implicit Aware,17,12075654,60
3901,Implicit Aware,17,12075654,61
3902,Implicit Aware,17,12075654,62
3903,Implicit Aware,17,12075654,63
3904,Implicit Aware,17,12075654,64
3905,Implicit Aware,17,12075654,65
3906,Implicit Aware,17,12075654,66
3907,Implicit Aware,17,12075654,67
3908,Implicit Aware,17,12075654,68
3909,Implicit Aware,17,12075654,69
3910,Implicit Aware,17,12075654,70
3911,Implicit Aware,17,12075654,71
3912,Implicit Aware,17,12075654,72
3913,Implicit Aware,17,12075654,73
3914,Implicit Aware,17,12075654,74
3915,Implicit Aware,17,12075654,75
3916,Implicit Aware,17,12075654,76
3917,Implicit Aware,17,12075654,77
3918,Implicit Aware,17,12075654,78
3919,Implicit Aware,17,12075654,79
3920,Implicit Aware,17,12075654,80
3921,Implicit Aware,17,12075654,81
3922,Implicit Aware,17,12075654,82
3923,Implicit Aware,17,12075654,83
3924,Implicit Aware,17,12075654,84
3925,Implicit Aware,17,12075654,85
3926,Implicit Aware,17,12075654,86
3927,Implicit Aware,17,12075654,87
3928,Implicit Aware,17,12075654,88
3929,Implicit Aware,17,12075654,89
3930,Implicit Aware,17,12075654,90
3931,Implicit Aware,17,12075654,91
3932,Implicit Aware,17,12075654,92
3933,Implicit Aware,17,12075654,93
3934,Implicit Aware,17,12075654,94
3935,Implicit Aware,17,12075654,95
3936,Implicit Aware,17,12075654,96
3937,Implicit Aware,17,12075654,97
3938,Implicit Aware,17,12075654,98
3939,Implicit Aware,17,12075654,99
3940,Implicit Aware,17,12075654,100
3941,Implicit Aware,17,12075654,101
3942,Implicit Aware,17,12075654,102
3943,Implicit Aware,17,12075654,103
3944,Implicit Aware,17,12075654,104
3945,Implicit Aware,17,12075654,105
3946,Implicit Aware,17,12075654,106
3947,Implicit Aware,17,12075654,107
3948,Implicit Aware,17,12075654,108
3949,Implicit Aware,17,12075654,109
3950,Implicit Aware,17,12075654,110
3951,Implicit Aware,17,12075654,111
3952,Implicit Aware,17,12075654,112
3953,Implicit Aware,17,12075654,113
3954,Implicit Aware,17,12075654,114
3955,Implicit Aware,17,12075654,115
3956,Implicit Aware,17,12075654,116
3957,Implicit Aware,17,12075654,117
3958,Implicit Aware,17,12075654,118
3959,Implicit Aware,17,12075654,119
3960,Implicit Aware,17,12075654,120
3961,Implicit Aware,17,12075654,121
3962,Implicit Aware,17,12075654,122
3963,Implicit Aware,17,12075654,123
3964,Implicit Aware,17,12075654,124
3965,Implicit Aware,17,12075654,125
3966,Implicit Aware,17,12075654,126
3967,Implicit Aware,17,12075654,127
3968,Implicit Aware,17,12075654,128
3969,Implicit Aware,17,12075654,129
3970,Implicit Aware,17,12075654,130
3971,Implicit Aware,17,12075654,131
3972,Implicit Aware,17,12075654,132
3973,Implicit Aware,17,12075654,133
3974,Implicit Aware,17,12075654,134
3975,Implicit Aware,17,12075654,135
3976,Implicit Aware,17,12075654,136
3977,Implicit Aware,17,12075654,137
3978,Implicit Aware,17,12075654,138
3979,Implicit Aware,17,12075654,139
3980,Implicit Aware,17,12075654,140
3981,Implicit Aware,17,12075654,141
3982,Implicit Aware,17,12075654,142
3983,Implicit Aware,17,12075654,143
3984,Implicit Aware,17,12075654,144
3985,Implicit Aware,17,12075654,145
3986,Implicit Aware,17,12075654,146
3987,Implicit Aware,17,12075654,147
3988,Implicit Aware,17,12075654,148
3989,Implicit Aware,17,12075654,149
3990,Implicit Aware,17,12075654,150
3991,Implicit Aware,17,12075654,151
3992,Implicit Aware,17,12075654,152
3993,Implicit Aware,17,12075654,153
3994,Implicit Aware,17,12075654,154
3995,Implicit Aware,17,12075654,155
3996,Implicit Aware,17,12075654,156
3997,Implicit Aware,17,12075654,157
3998,Implicit Aware,17,12075654,158
3999,Implicit Aware,17,12075654,159
4000,Implicit Aware,17,12075654,160
4001,Implicit Aware,17,12075654,161
4002,Implicit Aware,17,12075654,162
4003,Implicit Aware,17,12075654,163
4004,Implicit Aware,17,12075654,164
4005,Implicit Aware,17,12075654,165
4006,Implicit Aware,17,12075654,166
4007,Implicit Aware,17,12075654,167
4008,Implicit Aware,17,12075654,168
4009,Implicit Aware,17,12075654,169
4010,Implicit Aware,17,12075654,170
4011,Implicit Aware,17,12075654,171
4012,Implicit Aware,17,12075654,172
4013,Implicit Aware,17,12075654,173
4014,Implicit Aware,17,12075654,174
4015,Implicit Aware,17,12075654,175
4016,Implicit Aware,17,12075654,176
4017,Implicit Aware,17,12075654,177
4018,Implicit Aware,17,12075654,178
4019,Implicit Aware,17,12075654,179
4020,Implicit Aware,17,12075654,180
4021,Implicit Aware,17,12075654,181
4022,Implicit Aware,17,12075654,182
4023,Implicit Aware,17,12075654,183
4024,Implicit Aware,17,12075654,184
4025,Implicit Aware,17,12075654,185
4026,Implicit Aware,17,12075654,186
4027,Implicit Aware,17,12075654,187
4028,Implicit Aware,17,12075654,188
4029,Implicit Aware,17,12075654,189
4030,Implicit Aware,17,12075654,190
4031,Implicit Aware,17,12075654,191
4032,Implicit Aware,17,12075654,192
4033,Implicit Aware,17,12075654,193
4034,Implicit Aware,17,12075654,194
4035,Implicit Aware,17,12075654,195
4036,Implicit Aware,17,12075654,196
4037,Implicit Aware,17,12075654,197
4038,Implicit Aware,17,12075654,198
4039,Implicit Aware,17,12075654,199
4040,Implicit Aware,17,12075654,200
4041,Implicit Aware,17,12075654,201
4042,Implicit Aware,17,12075654,202
4043,Implicit Aware,17,12075654,203
4044,Implicit Aware,17,12075654,204
4045,Implicit Aware,17,12075654,205
4046,Implicit Aware,17,12075654,206
4047,Implicit Aware,17,12075654,207
4048,Implicit Aware,17,12075654,208
4049,Implicit Aware,17,12075654,209
4050,Implicit Aware,17,12075654,210
4051,Implicit Aware,17,12075654,211
4052,Implicit Aware,17,12075654,212
4053,Implicit Aware,17,12075654,213
4054,Implicit Aware,17,12075654,214
4055,Implicit Aware,17,12075654,215
4056,Implicit Aware,17,12075654,216
4057,Implicit Aware,17,12075654,217
4058,Implicit Aware,17,12075654,218
4059,Implicit Aware,17,12075654,219
4060,Implicit Aware,17,12075654,220
4061,Implicit Aware,17,12075654,221
4062,Implicit Aware,17,12075654,222
4063,Implicit Aware,17,12075654,223
4064,Implicit Aware,17,12075654,224
4065,Implicit Aware,17,12075654,225
4066,Implicit Aware,17,12075654,226
4067,Implicit Aware,17,12075654,227
4068,Implicit Aware,17,12075654,228
4069,Implicit Aware,17,12075654,229
4070,Implicit Aware,17,12075654,230
4071,Implicit Aware,17,12075654,231
4072,Implicit Aware,17,12075654,232
4073,Implicit Aware,17,12075654,233
4074,Implicit Aware,17,12075654,234
4075,Implicit Aware,17,12075654,235
4076,Implicit Aware,17,12075654,236
4077,Implicit Aware,17,12075654,237
4078,Implicit Aware,17,12075654,238
4079,Implicit Aware,17,12075654,239
4080,Implicit Aware,17,12075654,240
4081,Implicit Aware,18,12075666,1
4082,Implicit Aware,18,12075666,2
4083,Implicit Aware,18,12075666,3
4084,Implicit Aware,18,12075666,4
4085,Implicit Aware,18,12075666,5
4086,Implicit Aware,18,12075666,6
4087,Implicit Aware,18,12075666,7
4088,Implicit Aware,18,12075666,8
4089,Implicit Aware,18,12075666,9
4090,Implicit Aware,18,12075666,10
4091,Implicit Aware,18,12075666,11
4092,Implicit Aware,18,12075666,12
4093,Implicit Aware,18,12075666,13
4094,Implicit Aware,18,12075666,14
4095,Implicit Aware,18,12075666,15
4096,Implicit Aware,18,12075666,16
4097,Implicit Aware,18,12075666,17
4098,Implicit Aware,18,12075666,18
4099,Implicit Aware,18,12075666,19
4100,Implicit Aware,18,12075666,20
4101,Implicit Aware,18,12075666,21
4102,Implicit Aware,18,12075666,22
4103,Implicit Aware,18,12075666,23
4104,Implicit Aware,18,12075666,24
4105,Implicit Aware,18,12075666,25
4106,Implicit Aware,18,12075666,26
4107,Implicit Aware,18,12075666,27
4108,Implicit Aware,18,12075666,28
4109,Implicit Aware,18,12075666,29
4110,Implicit Aware,18,12075666,30
4111,Implicit Aware,18,12075666,31
4112,Implicit Aware,18,12075666,32
4113,Implicit Aware,18,12075666,33
4114,Implicit Aware,18,12075666,34
4115,Implicit Aware,18,12075666,35
4116,Implicit Aware,18,12075666,36
4117,Implicit Aware,18,12075666,37
4118,Implicit Aware,18,12075666,38
4119,Implicit Aware,18,12075666,39
4120,Implicit Aware,18,12075666,40
4121,Implicit Aware,18,12075666,41
4122,Implicit Aware,18,12075666,42
4123,Implicit Aware,18,12075666,43
4124,Implicit Aware,18,12075666,44
4125,Implicit Aware,18,12075666,45
4126,Implicit Aware,18,12075666,46
4127,Implicit Aware,18,12075666,47
4128,Implicit Aware,18,12075666,48
4129,Implicit Aware,18,12075666,49
4130,Implicit Aware,18,12075666,50
4131,Implicit Aware,18,12075666,51
4132,Implicit Aware,18,12075666,52
4133,Implicit Aware,18,12075666,53
4134,Implicit Aware,18,12075666,54
4135,Implicit Aware,18,12075666,55
4136,Implicit Aware,18,12075666,56
4137,Implicit Aware,18,12075666,57
4138,Implicit Aware,18,12075666,58
4139,Implicit Aware,18,12075666,59
4140,Implicit Aware,18,12075666,60
4141,Implicit Aware,18,12075666,61
4142,Implicit Aware,18,12075666,62
4143,Implicit Aware,18,12075666,63
4144,Implicit Aware,18,12075666,64
4145,Implicit Aware,18,12075666,65
4146,Implicit Aware,18,12075666,66
4147,Implicit Aware,18,12075666,67
4148,Implicit Aware,18,12075666,68
4149,Implicit Aware,18,12075666,69
4150,Implicit Aware,18,12075666,70
4151,Implicit Aware,18,12075666,71
4152,Implicit Aware,18,12075666,72
4153,Implicit Aware,18,12075666,73
4154,Implicit Aware,18,12075666,74
4155,Implicit Aware,18,12075666,75
4156,Implicit Aware,18,12075666,76
4157,Implicit Aware,18,12075666,77
4158,Implicit Aware,18,12075666,78
4159,Implicit Aware,18,12075666,79
4160,Implicit Aware,18,12075666,80
4161,Implicit Aware,18,12075666,81
4162,Implicit Aware,18,12075666,82
4163,Implicit Aware,18,12075666,83
4164,Implicit Aware,18,12075666,84
4165,Implicit Aware,18,12075666,85
4166,Implicit Aware,18,12075666,86
4167,Implicit Aware,18,12075666,87
4168,Implicit Aware,18,12075666,88
4169,Implicit Aware,18,12075666,89
4170,Implicit Aware,18,12075666,90
4171,Implicit Aware,18,12075666,91
4172,Implicit Aware,18,12075666,92
4173,Implicit Aware,18,12075666,93
4174,Implicit Aware,18,12075666,94
4175,Implicit Aware,18,12075666,95
4176,Implicit Aware,18,12075666,96
4177,Implicit Aware,18,12075666,97
4178,Implicit Aware,18,12075666,98
4179,Implicit Aware,18,12075666,99
4180,Implicit Aware,18,12075666,100
4181,Implicit Aware,18,12075666,101
4182,Implicit Aware,18,12075666,102
4183,Implicit Aware,18,12075666,103
4184,Implicit Aware,18,12075666,104
4185,Implicit Aware,18,12075666,105
4186,Implicit Aware,18,12075666,106
4187,Implicit Aware,18,12075666,107
4188,Implicit Aware,18,12075666,108
4189,Implicit Aware,18,12075666,109
4190,Implicit Aware,18,12075666,110
4191,Implicit Aware,18,12075666,111
4192,Implicit Aware,18,12075666,112
4193,Implicit Aware,18,12075666,113
4194,Implicit Aware,18,12075666,114
4195,Implicit Aware,18,12075666,115
4196,Implicit Aware,18,12075666,116
4197,Implicit Aware,18,12075666,117
4198,Implicit Aware,18,12075666,118
4199,Implicit Aware,18,12075666,119
4200,Implicit Aware,18,12075666,120
4201,Implicit Aware,18,12075666,121
4202,Implicit Aware,18,12075666,122
4203,Implicit Aware,18,12075666,123
4204,Implicit Aware,18,12075666,124
4205,Implicit Aware,18,12075666,125
4206,Implicit Aware,18,12075666,126
4207,Implicit Aware,18,12075666,127
4208,Implicit Aware,18,12075666,128
4209,Implicit Aware,18,12075666,129
4210,Implicit Aware,18,12075666,130
4211,Implicit Aware,18,12075666,131
4212,Implicit Aware,18,12075666,132
4213,Implicit Aware,18,12075666,133
4214,Implicit Aware,18,12075666,134
4215,Implicit Aware,18,12075666,135
4216,Implicit Aware,18,12075666,136
4217,Implicit Aware,18,12075666,137
4218,Implicit Aware,18,12075666,138
4219,Implicit Aware,18,12075666,139
4220,Implicit Aware,18,12075666,140
4221,Implicit Aware,18,12075666,141
4222,Implicit Aware,18,12075666,142
4223,Implicit Aware,18,12075666,143
4224,Implicit Aware,18,12075666,144
4225,Implicit Aware,18,12075666,145
4226,Implicit Aware,18,12075666,146
4227,Implicit Aware,18,12075666,147
4228,Implicit Aware,18,12075666,148
4229,Implicit Aware,18,12075666,149
4230,Implicit Aware,18,12075666,150
4231,Implicit Aware,18,12075666,151
4232,Implicit Aware,18,12075666,152
4233,Implicit Aware,18,12075666,153
4234,Implicit Aware,18,12075666,154
4235,Implicit Aware,18,12075666,155
4236,Implicit Aware,18,12075666,156
4237,Implicit Aware,18,12075666,157
4238,Implicit Aware,18,12075666,158
4239,Implicit Aware,18,12075666,159
4240,Implicit Aware,18,12075666,160
4241,Implicit Aware,18,12075666,161
4242,Implicit Aware,18,12075666,162
4243,Implicit Aware,18,12075666,163
4244,Implicit Aware,18,12075666,164
4245,Implicit Aware,18,12075666,165
4246,Implicit Aware,18,12075666,166
4247,Implicit Aware,18,12075666,167
4248,Implicit Aware,18,12075666,168
4249,Implicit Aware,18,12075666,169
4250,Implicit Aware,18,12075666,170
4251,Implicit Aware,18,12075666,171
4252,Implicit Aware,18,12075666,172
4253,Implicit Aware,18,12075666,173
4254,Implicit Aware,18,12075666,174
4255,Implicit Aware,18,12075666,175
4256,Implicit Aware,18,12075666,176
4257,Implicit Aware,18,12075666,177
4258,Implicit Aware,18,12075666,178
4259,Implicit Aware,18,12075666,179
4260,Implicit Aware,18,12075666,180
4261,Implicit Aware,18,12075666,181
4262,Implicit Aware,18,12075666,182
4263,Implicit Aware,18,12075666,183
4264,Implicit Aware,18,12075666,184
4265,Implicit Aware,18,12075666,185
4266,Implicit Aware,18,12075666,186
4267,Implicit Aware,18,12075666,187
4268,Implicit Aware,18,12075666,188
4269,Implicit Aware,18,12075666,189
4270,Implicit Aware,18,12075666,190
4271,Implicit Aware,18,12075666,191
4272,Implicit Aware,18,12075666,192
4273,Implicit Aware,18,12075666,193
4274,Implicit Aware,18,12075666,194
4275,Implicit Aware,18,12075666,195
4276,Implicit Aware,18,12075666,196
4277,Implicit Aware,18,12075666,197
4278,Implicit Aware,18,12075666,198
4279,Implicit Aware,18,12075666,199
4280,Implicit Aware,18,12075666,200
4281,Implicit Aware,18,12075666,201
4282,Implicit Aware,18,12075666,202
4283,Implicit Aware,18,12075666,203
4284,Implicit Aware,18,12075666,204
4285,Implicit Aware,18,12075666,205
4286,Implicit Aware,18,12075666,206
4287,Implicit Aware,18,12075666,207
4288,Implicit Aware,18,12075666,208
4289,Implicit Aware,18,12075666,209
4290,Implicit Aware,18,12075666,210
4291,Implicit Aware,18,12075666,211
4292,Implicit Aware,18,12075666,212
4293,Implicit Aware,18,12075666,213
4294,Implicit Aware,18,12075666,214
4295,Implicit Aware,18,12075666,215
4296,Implicit Aware,18,12075666,216
4297,Implicit Aware,18,12075666,217
4298,Implicit Aware,18,12075666,218
4299,Implicit Aware,18,12075666,219
4300,Implicit Aware,18,12075666,220
4301,Implicit Aware,18,12075666,221
4302,Implicit Aware,18,12075666,222
4303,Implicit Aware,18,12075666,223
4304,Implicit Aware,18,12075666,224
4305,Implicit Aware,18,12075666,225
4306,Implicit Aware,18,12075666,226
4307,Implicit Aware,18,12075666,227
4308,Implicit Aware,18,12075666,228
4309,Implicit Aware,18,12075666,229
4310,Implicit Aware,18,12075666,230
4311,Implicit Aware,18,12075666,231
4312,Implicit Aware,18,12075666,232
4313,Implicit Aware,18,12075666,233
4314,Implicit Aware,18,12075666,234
4315,Implicit Aware,18,12075666,235
4316,Implicit Aware,18,12075666,236
4317,Implicit Aware,18,12075666,237
4318,Implicit Aware,18,12075666,238
4319,Implicit Aware,18,12075666,239
4320,Implicit Aware,18,12075666,240
4321,Implicit Aware,19,12075667,1
4322,Implicit Aware,19,12075667,2
4323,Implicit Aware,19,12075667,3
4324,Implicit Aware,19,12075667,4
4325,Implicit Aware,19,12075667,5
4326,Implicit Aware,19,12075667,6
4327,Implicit Aware,19,12075667,7
4328,Implicit Aware,19,12075667,8
4329,Implicit Aware,19,12075667,9
4330,Implicit Aware,19,12075667,10
4331,Implicit Aware,19,12075667,11
4332,Implicit Aware,19,12075667,12
4333,Implicit Aware,19,12075667,13
4334,Implicit Aware,19,12075667,14
4335,Implicit Aware,19,12075667,15
4336,Implicit Aware,19,12075667,16
4337,Implicit Aware,19,12075667,17
4338,Implicit Aware,19,12075667,18
4339,Implicit Aware,19,12075667,19
4340,Implicit Aware,19,12075667,20
4341,Implicit Aware,19,12075667,21
4342,Implicit Aware,19,12075667,22
4343,Implicit Aware,19,12075667,23
4344,Implicit Aware,19,12075667,24
4345,Implicit Aware,19,12075667,25
4346,Implicit Aware,19,12075667,26
4347,Implicit Aware,19,12075667,27
4348,Implicit Aware,19,12075667,28
4349,Implicit Aware,19,12075667,29
4350,Implicit Aware,19,12075667,30
4351,Implicit Aware,19,12075667,31
4352,Implicit Aware,19,12075667,32
4353,Implicit Aware,19,12075667,33
4354,Implicit Aware,19,12075667,34
4355,Implicit Aware,19,12075667,35
4356,Implicit Aware,19,12075667,36
4357,Implicit Aware,19,12075667,37
4358,Implicit Aware,19,12075667,38
4359,Implicit Aware,19,12075667,39
4360,Implicit Aware,19,12075667,40
4361,Implicit Aware,19,12075667,41
4362,Implicit Aware,19,12075667,42
4363,Implicit Aware,19,12075667,43
4364,Implicit Aware,19,12075667,44
4365,Implicit Aware,19,12075667,45
4366,Implicit Aware,19,12075667,46
4367,Implicit Aware,19,12075667,47
4368,Implicit Aware,19,12075667,48
4369,Implicit Aware,19,12075667,49
4370,Implicit Aware,19,12075667,50
4371,Implicit Aware,19,12075667,51
4372,Implicit Aware,19,12075667,52
4373,Implicit Aware,19,12075667,53
4374,Implicit Aware,19,12075667,54
4375,Implicit Aware,19,12075667,55
4376,Implicit Aware,19,12075667,56
4377,Implicit Aware,19,12075667,57
4378,Implicit Aware,19,12075667,58
4379,Implicit Aware,19,12075667,59
4380,Implicit Aware,19,12075667,60
4381,Implicit Aware,19,12075667,61
4382,Implicit Aware,19,12075667,62
4383,Implicit Aware,19,12075667,63
4384,Implicit Aware,19,12075667,64
4385,Implicit Aware,19,12075667,65
4386,Implicit Aware,19,12075667,66
4387,Implicit Aware,19,12075667,67
4388,Implicit Aware,19,12075667,68
4389,Implicit Aware,19,12075667,69
4390,Implicit Aware,19,12075667,70
4391,Implicit Aware,19,12075667,71
4392,Implicit Aware,19,12075667,72
4393,Implicit Aware,19,12075667,73
4394,Implicit Aware,19,12075667,74
4395,Implicit Aware,19,12075667,75
4396,Implicit Aware,19,12075667,76
4397,Implicit Aware,19,12075667,77
4398,Implicit Aware,19,12075667,78
4399,Implicit Aware,19,12075667,79
4400,Implicit Aware,19,12075667,80
4401,Implicit Aware,19,12075667,81
4402,Implicit Aware,19,12075667,82
4403,Implicit Aware,19,12075667,83
4404,Implicit Aware,19,12075667,84
4405,Implicit Aware,19,12075667,85
4406,Implicit Aware,19,12075667,86
4407,Implicit Aware,19,12075667,87
4408,Implicit Aware,19,12075667,88
4409,Implicit Aware,19,12075667,89
4410,Implicit Aware,19,12075667,90
4411,Implicit Aware,19,12075667,91
4412,Implicit Aware,19,12075667,92
4413,Implicit Aware,19,12075667,93
4414,Implicit Aware,19,12075667,94
4415,Implicit Aware,19,12075667,95
4416,Implicit Aware,19,12075667,96
4417,Implicit Aware,19,12075667,97
4418,Implicit Aware,19,12075667,98
4419,Implicit Aware,19,12075667,99
4420,Implicit Aware,19,12075667,100
4421,Implicit Aware,19,12075667,101
4422,Implicit Aware,19,12075667,102
4423,Implicit Aware,19,12075667,103
4424,Implicit Aware,19,12075667,104
4425,Implicit Aware,19,12075667,105
4426,Implicit Aware,19,12075667,106
4427,Implicit Aware,19,12075667,107
4428,Implicit Aware,19,12075667,108
4429,Implicit Aware,19,12075667,109
4430,Implicit Aware,19,12075667,110
4431,Implicit Aware,19,12075667,111
4432,Implicit Aware,19,12075667,112
4433,Implicit Aware,19,12075667,113
4434,Implicit Aware,19,12075667,114
4435,Implicit Aware,19,12075667,115
4436,Implicit Aware,19,12075667,116
4437,Implicit Aware,19,12075667,117
4438,Implicit Aware,19,12075667,118
4439,Implicit Aware,19,12075667,119
4440,Implicit Aware,19,12075667,120
4441,Implicit Aware,19,12075667,121
4442,Implicit Aware,19,12075667,122
4443,Implicit Aware,19,12075667,123
4444,Implicit Aware,19,12075667,124
4445,Implicit Aware,19,12075667,125
4446,Implicit Aware,19,12075667,126
4447,Implicit Aware,19,12075667,127
4448,Implicit Aware,19,12075667,128
4449,Implicit Aware,19,12075667,129
4450,Implicit Aware,19,12075667,130
4451,Implicit Aware,19,12075667,131
4452,Implicit Aware,19,12075667,132
4453,Implicit Aware,19,12075667,133
4454,Implicit Aware,19,12075667,134
4455,Implicit Aware,19,12075667,135
4456,Implicit Aware,19,12075667,136
4457,Implicit Aware,19,12075667,137
4458,Implicit Aware,19,12075667,138
4459,Implicit Aware,19,12075667,139
4460,Implicit Aware,19,12075667,140
4461,Implicit Aware,19,12075667,141
4462,Implicit Aware,19,12075667,142
4463,Implicit Aware,19,12075667,143
4464,Implicit Aware,19,12075667,144
4465,Implicit Aware,19,12075667,145
4466,Implicit Aware,19,12075667,146
4467,Implicit Aware,19,12075667,147
4468,Implicit Aware,19,12075667,148
4469,Implicit Aware,19,12075667,149
4470,Implicit Aware,19,12075667,150
4471,Implicit Aware,19,12075667,151
4472,Implicit Aware,19,12075667,152
4473,Implicit Aware,19,12075667,153
4474,Implicit Aware,19,12075667,154
4475,Implicit Aware,19,12075667,155
4476,Implicit Aware,19,12075667,156
4477,Implicit Aware,19,12075667,157
4478,Implicit Aware,19,12075667,158
4479,Implicit Aware,19,12075667,159
4480,Implicit Aware,19,12075667,160
4481,Implicit Aware,19,12075667,161
4482,Implicit Aware,19,12075667,162
4483,Implicit Aware,19,12075667,163
4484,Implicit Aware,19,12075667,164
4485,Implicit Aware,19,12075667,165
4486,Implicit Aware,19,12075667,166
4487,Implicit Aware,19,12075667,167
4488,Implicit Aware,19,12075667,168
4489,Implicit Aware,19,12075667,169
4490,Implicit Aware,19,12075667,170
4491,Implicit Aware,19,12075667,171
4492,Implicit Aware,19,12075667,172
4493,Implicit Aware,19,12075667,173
4494,Implicit Aware,19,12075667,174
4495,Implicit Aware,19,12075667,175
4496,Implicit Aware,19,12075667,176
4497,Implicit Aware,19,12075667,177
4498,Implicit Aware,19,12075667,178
4499,Implicit Aware,19,12075667,179
4500,Implicit Aware,19,12075667,180
4501,Implicit Aware,19,12075667,181
4502,Implicit Aware,19,12075667,182
4503,Implicit Aware,19,12075667,183
4504,Implicit Aware,19,12075667,184
4505,Implicit Aware,19,12075667,185
4506,Implicit Aware,19,12075667,186
4507,Implicit Aware,19,12075667,187
4508,Implicit Aware,19,12075667,188
4509,Implicit Aware,19,12075667,189
4510,Implicit Aware,19,12075667,190
4511,Implicit Aware,19,12075667,191
4512,Implicit Aware,19,12075667,192
4513,Implicit Aware,19,12075667,193
4514,Implicit Aware,19,12075667,194
4515,Implicit Aware,19,12075667,195
4516,Implicit Aware,19,12075667,196
4517,Implicit Aware,19,12075667,197
4518,Implicit Aware,19,12075667,198
4519,Implicit Aware,19,12075667,199
4520,Implicit Aware,19,12075667,200
4521,Implicit Aware,19,12075667,201
4522,Implicit Aware,19,12075667,202
4523,Implicit Aware,19,12075667,203
4524,Implicit Aware,19,12075667,204
4525,Implicit Aware,19,12075667,205
4526,Implicit Aware,19,12075667,206
4527,Implicit Aware,19,12075667,207
4528,Implicit Aware,19,12075667,208
4529,Implicit Aware,19,12075667,209
4530,Implicit Aware,19,12075667,210
4531,Implicit Aware,19,12075667,211
4532,Implicit Aware,19,12075667,212
4533,Implicit Aware,19,12075667,213
4534,Implicit Aware,19,12075667,214
4535,Implicit Aware,19,12075667,215
4536,Implicit Aware,19,12075667,216
4537,Implicit Aware,19,12075667,217
4538,Implicit Aware,19,12075667,218
4539,Implicit Aware,19,12075667,219
4540,Implicit Aware,19,12075667,220
4541,Implicit Aware,19,12075667,221
4542,Implicit Aware,19,12075667,222
4543,Implicit Aware,19,12075667,223
4544,Implicit Aware,19,12075667,224
4545,Implicit Aware,19,12075667,225
4546,Implicit Aware,19,12075667,226
4547,Implicit Aware,19,12075667,227
4548,Implicit Aware,19,12075667,228
4549,Implicit Aware,19,12075667,229
4550,Implicit Aware,19,12075667,230
4551,Implicit Aware,19,12075667,231
4552,Implicit Aware,19,12075667,232
4553,Implicit Aware,19,12075667,233
4554,Implicit Aware,19,12075667,234
4555,Implicit Aware,19,12075667,235
4556,Implicit Aware,19,12075667,236
4557,Implicit Aware,19,12075667,237
4558,Implicit Aware,19,12075667,238
4559,Implicit Aware,19,12075667,239
4560,Implicit Aware,19,12075667,240
4561,Implicit Aware,20,12075673,1
4562,Implicit Aware,20,12075673,2
4563,Implicit Aware,20,12075673,3
4564,Implicit Aware,20,12075673,4
4565,Implicit Aware,20,12075673,5
4566,Implicit Aware,20,12075673,6
4567,Implicit Aware,20,12075673,7
4568,Implicit Aware,20,12075673,8
4569,Implicit Aware,20,12075673,9
4570,Implicit Aware,20,12075673,10
4571,Implicit Aware,20,12075673,11
4572,Implicit Aware,20,12075673,12
4573,Implicit Aware,20,12075673,13
4574,Implicit Aware,20,12075673,14
4575,Implicit Aware,20,12075673,15
4576,Implicit Aware,20,12075673,16
4577,Implicit Aware,20,12075673,17
4578,Implicit Aware,20,12075673,18
4579,Implicit Aware,20,12075673,19
4580,Implicit Aware,20,12075673,20
4581,Implicit Aware,20,12075673,21
4582,Implicit Aware,20,12075673,22
4583,Implicit Aware,20,12075673,23
4584,Implicit Aware,20,12075673,24
4585,Implicit Aware,20,12075673,25
4586,Implicit Aware,20,12075673,26
4587,Implicit Aware,20,12075673,27
4588,Implicit Aware,20,12075673,28
4589,Implicit Aware,20,12075673,29
4590,Implicit Aware,20,12075673,30
4591,Implicit Aware,20,12075673,31
4592,Implicit Aware,20,12075673,32
4593,Implicit Aware,20,12075673,33
4594,Implicit Aware,20,12075673,34
4595,Implicit Aware,20,12075673,35
4596,Implicit Aware,20,12075673,36
4597,Implicit Aware,20,12075673,37
4598,Implicit Aware,20,12075673,38
4599,Implicit Aware,20,12075673,39
4600,Implicit Aware,20,12075673,40
4601,Implicit Aware,20,12075673,41
4602,Implicit Aware,20,12075673,42
4603,Implicit Aware,20,12075673,43
4604,Implicit Aware,20,12075673,44
4605,Implicit Aware,20,12075673,45
4606,Implicit Aware,20,12075673,46
4607,Implicit Aware,20,12075673,47
4608,Implicit Aware,20,12075673,48
4609,Implicit Aware,20,12075673,49
4610,Implicit Aware,20,12075673,50
4611,Implicit Aware,20,12075673,51
4612,Implicit Aware,20,12075673,52
4613,Implicit Aware,20,12075673,53
4614,Implicit Aware,20,12075673,54
4615,Implicit Aware,20,12075673,55
4616,Implicit Aware,20,12075673,56
4617,Implicit Aware,20,12075673,57
4618,Implicit Aware,20,12075673,58
4619,Implicit Aware,20,12075673,59
4620,Implicit Aware,20,12075673,60
4621,Implicit Aware,20,12075673,61
4622,Implicit Aware,20,12075673,62
4623,Implicit Aware,20,12075673,63
4624,Implicit Aware,20,12075673,64
4625,Implicit Aware,20,12075673,65
4626,Implicit Aware,20,12075673,66
4627,Implicit Aware,20,12075673,67
4628,Implicit Aware,20,12075673,68
4629,Implicit Aware,20,12075673,69
4630,Implicit Aware,20,12075673,70
4631,Implicit Aware,20,12075673,71
4632,Implicit Aware,20,12075673,72
4633,Implicit Aware,20,12075673,73
4634,Implicit Aware,20,12075673,74
4635,Implicit Aware,20,12075673,75
4636,Implicit Aware,20,12075673,76
4637,Implicit Aware,20,12075673,77
4638,Implicit Aware,20,12075673,78
4639,Implicit Aware,20,12075673,79
4640,Implicit Aware,20,12075673,80
4641,Implicit Aware,20,12075673,81
4642,Implicit Aware,20,12075673,82
4643,Implicit Aware,20,12075673,83
4644,Implicit Aware,20,12075673,84
4645,Implicit Aware,20,12075673,85
4646,Implicit Aware,20,12075673,86
4647,Implicit Aware,20,12075673,87
4648,Implicit Aware,20,12075673,88
4649,Implicit Aware,20,12075673,89
4650,Implicit Aware,20,12075673,90
4651,Implicit Aware,20,12075673,91
4652,Implicit Aware,20,12075673,92
4653,Implicit Aware,20,12075673,93
4654,Implicit Aware,20,12075673,94
4655,Implicit Aware,20,12075673,95
4656,Implicit Aware,20,12075673,96
4657,Implicit Aware,20,12075673,97
4658,Implicit Aware,20,12075673,98
4659,Implicit Aware,20,12075673,99
4660,Implicit Aware,20,12075673,100
4661,Implicit Aware,20,12075673,101
4662,Implicit Aware,20,12075673,102
4663,Implicit Aware,20,12075673,103
4664,Implicit Aware,20,12075673,104
4665,Implicit Aware,20,12075673,105
4666,Implicit Aware,20,12075673,106
4667,Implicit Aware,20,12075673,107
4668,Implicit Aware,20,12075673,108
4669,Implicit Aware,20,12075673,109
4670,Implicit Aware,20,12075673,110
4671,Implicit Aware,20,12075673,111
4672,Implicit Aware,20,12075673,112
4673,Implicit Aware,20,12075673,113
4674,Implicit Aware,20,12075673,114
4675,Implicit Aware,20,12075673,115
4676,Implicit Aware,20,12075673,116
4677,Implicit Aware,20,12075673,117
4678,Implicit Aware,20,12075673,118
4679,Implicit Aware,20,12075673,119
4680,Implicit Aware,20,12075673,120
4681,Implicit Aware,20,12075673,121
4682,Implicit Aware,20,12075673,122
4683,Implicit Aware,20,12075673,123
4684,Implicit Aware,20,12075673,124
4685,Implicit Aware,20,12075673,125
4686,Implicit Aware,20,12075673,126
4687,Implicit Aware,20,12075673,127
4688,Implicit Aware,20,12075673,128
4689,Implicit Aware,20,12075673,129
4690,Implicit Aware,20,12075673,130
4691,Implicit Aware,20,12075673,131
4692,Implicit Aware,20,12075673,132
4693,Implicit Aware,20,12075673,133
4694,Implicit Aware,20,12075673,134
4695,Implicit Aware,20,12075673,135
4696,Implicit Aware,20,12075673,136
4697,Implicit Aware,20,12075673,137
4698,Implicit Aware,20,12075673,138
4699,Implicit Aware,20,12075673,139
4700,Implicit Aware,20,12075673,140
4701,Implicit Aware,20,12075673,141
4702,Implicit Aware,20,12075673,142
4703,Implicit Aware,20,12075673,143
4704,Implicit Aware,20,12075673,144
4705,Implicit Aware,20,12075673,145
4706,Implicit Aware,20,12075673,146
4707,Implicit Aware,20,12075673,147
4708,Implicit Aware,20,12075673,148
4709,Implicit Aware,20,12075673,149
4710,Implicit Aware,20,12075673,150
4711,Implicit Aware,20,12075673,151
4712,Implicit Aware,20,12075673,152
4713,Implicit Aware,20,12075673,153
4714,Implicit Aware,20,12075673,154
4715,Implicit Aware,20,12075673,155
4716,Implicit Aware,20,12075673,156
4717,Implicit Aware,20,12075673,157
4718,Implicit Aware,20,12075673,158
4719,Implicit Aware,20,12075673,159
4720,Implicit Aware,20,12075673,160
4721,Implicit Aware,20,12075673,161
4722,Implicit Aware,20,12075673,162
4723,Implicit Aware,20,12075673,163
4724,Implicit Aware,20,12075673,164
4725,Implicit Aware,20,12075673,165
4726,Implicit Aware,20,12075673,166
4727,Implicit Aware,20,12075673,167
4728,Implicit Aware,20,12075673,168
4729,Implicit Aware,20,12075673,169
4730,Implicit Aware,20,12075673,170
4731,Implicit Aware,20,12075673,171
4732,Implicit Aware,20,12075673,172
4733,Implicit Aware,20,12075673,173
4734,Implicit Aware,20,12075673,174
4735,Implicit Aware,20,12075673,175
4736,Implicit Aware,20,12075673,176
4737,Implicit Aware,20,12075673,177
4738,Implicit Aware,20,12075673,178
4739,Implicit Aware,20,12075673,179
4740,Implicit Aware,20,12075673,180
4741,Implicit Aware,20,12075673,181
4742,Implicit Aware,20,12075673,182
4743,Implicit Aware,20,12075673,183
4744,Implicit Aware,20,12075673,184
4745,Implicit Aware,20,12075673,185
4746,Implicit Aware,20,12075673,186
4747,Implicit Aware,20,12075673,187
4748,Implicit Aware,20,12075673,188
4749,Implicit Aware,20,12075673,189
4750,Implicit Aware,20,12075673,190
4751,Implicit Aware,20,12075673,191
4752,Implicit Aware,20,12075673,192
4753,Implicit Aware,20,12075673,193
4754,Implicit Aware,20,12075673,194
4755,Implicit Aware,20,12075673,195
4756,Implicit Aware,20,12075673,196
4757,Implicit Aware,20,12075673,197
4758,Implicit Aware,20,12075673,198
4759,Implicit Aware,20,12075673,199
4760,Implicit Aware,20,12075673,200
4761,Implicit Aware,20,12075673,201
4762,Implicit Aware,20,12075673,202
4763,Implicit Aware,20,12075673,203
4764,Implicit Aware,20,12075673,204
4765,Implicit Aware,20,12075673,205
4766,Implicit Aware,20,12075673,206
4767,Implicit Aware,20,12075673,207
4768,Implicit Aware,20,12075673,208
4769,Implicit Aware,20,12075673,209
4770,Implicit Aware,20,12075673,210
4771,Implicit Aware,20,12075673,211
4772,Implicit Aware,20,12075673,212
4773,Implicit Aware,20,12075673,213
4774,Implicit Aware,20,12075673,214
4775,Implicit Aware,20,12075673,215
4776,Implicit Aware,20,12075673,216
4777,Implicit Aware,20,12075673,217
4778,Implicit Aware,20,12075673,218
4779,Implicit Aware,20,12075673,219
4780,Implicit Aware,20,12075673,220
4781,Implicit Aware,20,12075673,221
4782,Implicit Aware,20,12075673,222
4783,Implicit Aware,20,12075673,223
4784,Implicit Aware,20,12075673,224
4785,Implicit Aware,20,12075673,225
4786,Implicit Aware,20,12075673,226
4787,Implicit Aware,20,12075673,227
4788,Implicit Aware,20,12075673,228
4789,Implicit Aware,20,12075673,229
4790,Implicit Aware,20,12075673,230
4791,Implicit Aware,20,12075673,231
4792,Implicit Aware,20,12075673,232
4793,Implicit Aware,20,12075673,233
4794,Implicit Aware,20,12075673,234
4795,Implicit Aware,20,12075673,235
4796,Implicit Aware,20,12075673,236
4797,Implicit Aware,20,12075673,237
4798,Implicit Aware,20,12075673,238
4799,Implicit Aware,20,12075673,239
4800,Implicit Aware,20,12075673,240
4801,Implicit Aware,21,12075676,1
4802,Implicit Aware,21,12075676,2
4803,Implicit Aware,21,12075676,3
4804,Implicit Aware,21,12075676,4
4805,Implicit Aware,21,12075676,5
4806,Implicit Aware,21,12075676,6
4807,Implicit Aware,21,12075676,7
4808,Implicit Aware,21,12075676,8
4809,Implicit Aware,21,12075676,9
4810,Implicit Aware,21,12075676,10
4811,Implicit Aware,21,12075676,11
4812,Implicit Aware,21,12075676,12
4813,Implicit Aware,21,12075676,13
4814,Implicit Aware,21,12075676,14
4815,Implicit Aware,21,12075676,15
4816,Implicit Aware,21,12075676,16
4817,Implicit Aware,21,12075676,17
4818,Implicit Aware,21,12075676,18
4819,Implicit Aware,21,12075676,19
4820,Implicit Aware,21,12075676,20
4821,Implicit Aware,21,12075676,21
4822,Implicit Aware,21,12075676,22
4823,Implicit Aware,21,12075676,23
4824,Implicit Aware,21,12075676,24
4825,Implicit Aware,21,12075676,25
4826,Implicit Aware,21,12075676,26
4827,Implicit Aware,21,12075676,27
4828,Implicit Aware,21,12075676,28
4829,Implicit Aware,21,12075676,29
4830,Implicit Aware,21,12075676,30
4831,Implicit Aware,21,12075676,31
4832,Implicit Aware,21,12075676,32
4833,Implicit Aware,21,12075676,33
4834,Implicit Aware,21,12075676,34
4835,Implicit Aware,21,12075676,35
4836,Implicit Aware,21,12075676,36
4837,Implicit Aware,21,12075676,37
4838,Implicit Aware,21,12075676,38
4839,Implicit Aware,21,12075676,39
4840,Implicit Aware,21,12075676,40
4841,Implicit Aware,21,12075676,41
4842,Implicit Aware,21,12075676,42
4843,Implicit Aware,21,12075676,43
4844,Implicit Aware,21,12075676,44
4845,Implicit Aware,21,12075676,45
4846,Implicit Aware,21,12075676,46
4847,Implicit Aware,21,12075676,47
4848,Implicit Aware,21,12075676,48
4849,Implicit Aware,21,12075676,49
4850,Implicit Aware,21,12075676,50
4851,Implicit Aware,21,12075676,51
4852,Implicit Aware,21,12075676,52
4853,Implicit Aware,21,12075676,53
4854,Implicit Aware,21,12075676,54
4855,Implicit Aware,21,12075676,55
4856,Implicit Aware,21,12075676,56
4857,Implicit Aware,21,12075676,57
4858,Implicit Aware,21,12075676,58
4859,Implicit Aware,21,12075676,59
4860,Implicit Aware,21,12075676,60
4861,Implicit Aware,21,12075676,61
4862,Implicit Aware,21,12075676,62
4863,Implicit Aware,21,12075676,63
4864,Implicit Aware,21,12075676,64
4865,Implicit Aware,21,12075676,65
4866,Implicit Aware,21,12075676,66
4867,Implicit Aware,21,12075676,67
4868,Implicit Aware,21,12075676,68
4869,Implicit Aware,21,12075676,69
4870,Implicit Aware,21,12075676,70
4871,Implicit Aware,21,12075676,71
4872,Implicit Aware,21,12075676,72
4873,Implicit Aware,21,12075676,73
4874,Implicit Aware,21,12075676,74
4875,Implicit Aware,21,12075676,75
4876,Implicit Aware,21,12075676,76
4877,Implicit Aware,21,12075676,77
4878,Implicit Aware,21,12075676,78
4879,Implicit Aware,21,12075676,79
4880,Implicit Aware,21,12075676,80
4881,Implicit Aware,21,12075676,81
4882,Implicit Aware,21,12075676,82
4883,Implicit Aware,21,12075676,83
4884,Implicit Aware,21,12075676,84
4885,Implicit Aware,21,12075676,85
4886,Implicit Aware,21,12075676,86
4887,Implicit Aware,21,12075676,87
4888,Implicit Aware,21,12075676,88
4889,Implicit Aware,21,12075676,89
4890,Implicit Aware,21,12075676,90
4891,Implicit Aware,21,12075676,91
4892,Implicit Aware,21,12075676,92
4893,Implicit Aware,21,12075676,93
4894,Implicit Aware,21,12075676,94
4895,Implicit Aware,21,12075676,95
4896,Implicit Aware,21,12075676,96
4897,Implicit Aware,21,12075676,97
4898,Implicit Aware,21,12075676,98
4899,Implicit Aware,21,12075676,99
4900,Implicit Aware,21,12075676,100
4901,Implicit Aware,21,12075676,101
4902,Implicit Aware,21,12075676,102
4903,Implicit Aware,21,12075676,103
4904,Implicit Aware,21,12075676,104
4905,Implicit Aware,21,12075676,105
4906,Implicit Aware,21,12075676,106
4907,Implicit Aware,21,12075676,107
4908,Implicit Aware,21,12075676,108
4909,Implicit Aware,21,12075676,109
4910,Implicit Aware,21,12075676,110
4911,Implicit Aware,21,12075676,111
4912,Implicit Aware,21,12075676,112
4913,Implicit Aware,21,12075676,113
4914,Implicit Aware,21,12075676,114
4915,Implicit Aware,21,12075676,115
4916,Implicit Aware,21,12075676,116
4917,Implicit Aware,21,12075676,117
4918,Implicit Aware,21,12075676,118
4919,Implicit Aware,21,12075676,119
4920,Implicit Aware,21,12075676,120
4921,Implicit Aware,21,12075676,121
4922,Implicit Aware,21,12075676,122
4923,Implicit Aware,21,12075676,123
4924,Implicit Aware,21,12075676,124
4925,Implicit Aware,21,12075676,125
4926,Implicit Aware,21,12075676,126
4927,Implicit Aware,21,12075676,127
4928,Implicit Aware,21,12075676,128
4929,Implicit Aware,21,12075676,129
4930,Implicit Aware,21,12075676,130
4931,Implicit Aware,21,12075676,131
4932,Implicit Aware,21,12075676,132
4933,Implicit Aware,21,12075676,133
4934,Implicit Aware,21,12075676,134
4935,Implicit Aware,21,12075676,135
4936,Implicit Aware,21,12075676,136
4937,Implicit Aware,21,12075676,137
4938,Implicit Aware,21,12075676,138
4939,Implicit Aware,21,12075676,139
4940,Implicit Aware,21,12075676,140
4941,Implicit Aware,21,12075676,141
4942,Implicit Aware,21,12075676,142
4943,Implicit Aware,21,12075676,143
4944,Implicit Aware,21,12075676,144
4945,Implicit Aware,21,12075676,145
4946,Implicit Aware,21,12075676,146
4947,Implicit Aware,21,12075676,147
4948,Implicit Aware,21,12075676,148
4949,Implicit Aware,21,12075676,149
4950,Implicit Aware,21,12075676,150
4951,Implicit Aware,21,12075676,151
4952,Implicit Aware,21,12075676,152
4953,Implicit Aware,21,12075676,153
4954,Implicit Aware,21,12075676,154
4955,Implicit Aware,21,12075676,155
4956,Implicit Aware,21,12075676,156
4957,Implicit Aware,21,12075676,157
4958,Implicit Aware,21,12075676,158
4959,Implicit Aware,21,12075676,159
4960,Implicit Aware,21,12075676,160
4961,Implicit Aware,21,12075676,161
4962,Implicit Aware,21,12075676,162
4963,Implicit Aware,21,12075676,163
4964,Implicit Aware,21,12075676,164
4965,Implicit Aware,21,12075676,165
4966,Implicit Aware,21,12075676,166
4967,Implicit Aware,21,12075676,167
4968,Implicit Aware,21,12075676,168
4969,Implicit Aware,21,12075676,169
4970,Implicit Aware,21,12075676,170
4971,Implicit Aware,21,12075676,171
4972,Implicit Aware,21,12075676,172
4973,Implicit Aware,21,12075676,173
4974,Implicit Aware,21,12075676,174
4975,Implicit Aware,21,12075676,175
4976,Implicit Aware,21,12075676,176
4977,Implicit Aware,21,12075676,177
4978,Implicit Aware,21,12075676,178
4979,Implicit Aware,21,12075676,179
4980,Implicit Aware,21,12075676,180
4981,Implicit Aware,21,12075676,181
4982,Implicit Aware,21,12075676,182
4983,Implicit Aware,21,12075676,183
4984,Implicit Aware,21,12075676,184
4985,Implicit Aware,21,12075676,185
4986,Implicit Aware,21,12075676,186
4987,Implicit Aware,21,12075676,187
4988,Implicit Aware,21,12075676,188
4989,Implicit Aware,21,12075676,189
4990,Implicit Aware,21,12075676,190
4991,Implicit Aware,21,12075676,191
4992,Implicit Aware,21,12075676,192
4993,Implicit Aware,21,12075676,193
4994,Implicit Aware,21,12075676,194
4995,Implicit Aware,21,12075676,195
4996,Implicit Aware,21,12075676,196
4997,Implicit Aware,21,12075676,197
4998,Implicit Aware,21,12075676,198
4999,Implicit Aware,21,12075676,199
5000,Implicit Aware,21,12075676,200
5001,Implicit Aware,21,12075676,201
5002,Implicit Aware,21,12075676,202
5003,Implicit Aware,21,12075676,203
5004,Implicit Aware,21,12075676,204
5005,Implicit Aware,21,12075676,205
5006,Implicit Aware,21,12075676,206
5007,Implicit Aware,21,12075676,207
5008,Implicit Aware,21,12075676,208
5009,Implicit Aware,21,12075676,209
5010,Implicit Aware,21,12075676,210
5011,Implicit Aware,21,12075676,211
5012,Implicit Aware,21,12075676,212
5013,Implicit Aware,21,12075676,213
5014,Implicit Aware,21,12075676,214
5015,Implicit Aware,21,12075676,215
5016,Implicit Aware,21,12075676,216
5017,Implicit Aware,21,12075676,217
5018,Implicit Aware,21,12075676,218
5019,Implicit Aware,21,12075676,219
5020,Implicit Aware,21,12075676,220
5021,Implicit Aware,21,12075676,221
5022,Implicit Aware,21,12075676,222
5023,Implicit Aware,21,12075676,223
5024,Implicit Aware,21,12075676,224
5025,Implicit Aware,21,12075676,225
5026,Implicit Aware,21,12075676,226
5027,Implicit Aware,21,12075676,227
5028,Implicit Aware,21,12075676,228
5029,Implicit Aware,21,12075676,229
5030,Implicit Aware,21,12075676,230
5031,Implicit Aware,21,12075676,231
5032,Implicit Aware,21,12075676,232
5033,Implicit Aware,21,12075676,233
5034,Implicit Aware,21,12075676,234
5035,Implicit Aware,21,12075676,235
5036,Implicit Aware,21,12075676,236
5037,Implicit Aware,21,12075676,237
5038,Implicit Aware,21,12075676,238
5039,Implicit Aware,21,12075676,239
5040,Implicit Aware,21,12075676,240
5041,Implicit Aware,22,12075678,1
5042,Implicit Aware,22,12075678,2
5043,Implicit Aware,22,12075678,3
5044,Implicit Aware,22,12075678,4
5045,Implicit Aware,22,12075678,5
5046,Implicit Aware,22,12075678,6
5047,Implicit Aware,22,12075678,7
5048,Implicit Aware,22,12075678,8
5049,Implicit Aware,22,12075678,9
5050,Implicit Aware,22,12075678,10
5051,Implicit Aware,22,12075678,11
5052,Implicit Aware,22,12075678,12
5053,Implicit Aware,22,12075678,13
5054,Implicit Aware,22,12075678,14
5055,Implicit Aware,22,12075678,15
5056,Implicit Aware,22,12075678,16
5057,Implicit Aware,22,12075678,17
5058,Implicit Aware,22,12075678,18
5059,Implicit Aware,22,12075678,19
5060,Implicit Aware,22,12075678,20
5061,Implicit Aware,22,12075678,21
5062,Implicit Aware,22,12075678,22
5063,Implicit Aware,22,12075678,23
5064,Implicit Aware,22,12075678,24
5065,Implicit Aware,22,12075678,25
5066,Implicit Aware,22,12075678,26
5067,Implicit Aware,22,12075678,27
5068,Implicit Aware,22,12075678,28
5069,Implicit Aware,22,12075678,29
5070,Implicit Aware,22,12075678,30
5071,Implicit Aware,22,12075678,31
5072,Implicit Aware,22,12075678,32
5073,Implicit Aware,22,12075678,33
5074,Implicit Aware,22,12075678,34
5075,Implicit Aware,22,12075678,35
5076,Implicit Aware,22,12075678,36
5077,Implicit Aware,22,12075678,37
5078,Implicit Aware,22,12075678,38
5079,Implicit Aware,22,12075678,39
5080,Implicit Aware,22,12075678,40
5081,Implicit Aware,22,12075678,41
5082,Implicit Aware,22,12075678,42
5083,Implicit Aware,22,12075678,43
5084,Implicit Aware,22,12075678,44
5085,Implicit Aware,22,12075678,45
5086,Implicit Aware,22,12075678,46
5087,Implicit Aware,22,12075678,47
5088,Implicit Aware,22,12075678,48
5089,Implicit Aware,22,12075678,49
5090,Implicit Aware,22,12075678,50
5091,Implicit Aware,22,12075678,51
5092,Implicit Aware,22,12075678,52
5093,Implicit Aware,22,12075678,53
5094,Implicit Aware,22,12075678,54
5095,Implicit Aware,22,12075678,55
5096,Implicit Aware,22,12075678,56
5097,Implicit Aware,22,12075678,57
5098,Implicit Aware,22,12075678,58
5099,Implicit Aware,22,12075678,59
5100,Implicit Aware,22,12075678,60
5101,Implicit Aware,22,12075678,61
5102,Implicit Aware,22,12075678,62
5103,Implicit Aware,22,12075678,63
5104,Implicit Aware,22,12075678,64
5105,Implicit Aware,22,12075678,65
5106,Implicit Aware,22,12075678,66
5107,Implicit Aware,22,12075678,67
5108,Implicit Aware,22,12075678,68
5109,Implicit Aware,22,12075678,69
5110,Implicit Aware,22,12075678,70
5111,Implicit Aware,22,12075678,71
5112,Implicit Aware,22,12075678,72
5113,Implicit Aware,22,12075678,73
5114,Implicit Aware,22,12075678,74
5115,Implicit Aware,22,12075678,75
5116,Implicit Aware,22,12075678,76
5117,Implicit Aware,22,12075678,77
5118,Implicit Aware,22,12075678,78
5119,Implicit Aware,22,12075678,79
5120,Implicit Aware,22,12075678,80
5121,Implicit Aware,22,12075678,81
5122,Implicit Aware,22,12075678,82
5123,Implicit Aware,22,12075678,83
5124,Implicit Aware,22,12075678,84
5125,Implicit Aware,22,12075678,85
5126,Implicit Aware,22,12075678,86
5127,Implicit Aware,22,12075678,87
5128,Implicit Aware,22,12075678,88
5129,Implicit Aware,22,12075678,89
5130,Implicit Aware,22,12075678,90
5131,Implicit Aware,22,12075678,91
5132,Implicit Aware,22,12075678,92
5133,Implicit Aware,22,12075678,93
5134,Implicit Aware,22,12075678,94
5135,Implicit Aware,22,12075678,95
5136,Implicit Aware,22,12075678,96
5137,Implicit Aware,22,12075678,97
5138,Implicit Aware,22,12075678,98
5139,Implicit Aware,22,12075678,99
5140,Implicit Aware,22,12075678,100
5141,Implicit Aware,22,12075678,101
5142,Implicit Aware,22,12075678,102
5143,Implicit Aware,22,12075678,103
5144,Implicit Aware,22,12075678,104
5145,Implicit Aware,22,12075678,105
5146,Implicit Aware,22,12075678,106
5147,Implicit Aware,22,12075678,107
5148,Implicit Aware,22,12075678,108
5149,Implicit Aware,22,12075678,109
5150,Implicit Aware,22,12075678,110
5151,Implicit Aware,22,12075678,111
5152,Implicit Aware,22,12075678,112
5153,Implicit Aware,22,12075678,113
5154,Implicit Aware,22,12075678,114
5155,Implicit Aware,22,12075678,115
5156,Implicit Aware,22,12075678,116
5157,Implicit Aware,22,12075678,117
5158,Implicit Aware,22,12075678,118
5159,Implicit Aware,22,12075678,119
5160,Implicit Aware,22,12075678,120
5161,Implicit Aware,22,12075678,121
5162,Implicit Aware,22,12075678,122
5163,Implicit Aware,22,12075678,123
5164,Implicit Aware,22,12075678,124
5165,Implicit Aware,22,12075678,125
5166,Implicit Aware,22,12075678,126
5167,Implicit Aware,22,12075678,127
5168,Implicit Aware,22,12075678,128
5169,Implicit Aware,22,12075678,129
5170,Implicit Aware,22,12075678,130
5171,Implicit Aware,22,12075678,131
5172,Implicit Aware,22,12075678,132
5173,Implicit Aware,22,12075678,133
5174,Implicit Aware,22,12075678,134
5175,Implicit Aware,22,12075678,135
5176,Implicit Aware,22,12075678,136
5177,Implicit Aware,22,12075678,137
5178,Implicit Aware,22,12075678,138
5179,Implicit Aware,22,12075678,139
5180,Implicit Aware,22,12075678,140
5181,Implicit Aware,22,12075678,141
5182,Implicit Aware,22,12075678,142
5183,Implicit Aware,22,12075678,143
5184,Implicit Aware,22,12075678,144
5185,Implicit Aware,22,12075678,145
5186,Implicit Aware,22,12075678,146
5187,Implicit Aware,22,12075678,147
5188,Implicit Aware,22,12075678,148
5189,Implicit Aware,22,12075678,149
5190,Implicit Aware,22,12075678,150
5191,Implicit Aware,22,12075678,151
5192,Implicit Aware,22,12075678,152
5193,Implicit Aware,22,12075678,153
5194,Implicit Aware,22,12075678,154
5195,Implicit Aware,22,12075678,155
5196,Implicit Aware,22,12075678,156
5197,Implicit Aware,22,12075678,157
5198,Implicit Aware,22,12075678,158
5199,Implicit Aware,22,12075678,159
5200,Implicit Aware,22,12075678,160
5201,Implicit Aware,22,12075678,161
5202,Implicit Aware,22,12075678,162
5203,Implicit Aware,22,12075678,163
5204,Implicit Aware,22,12075678,164
5205,Implicit Aware,22,12075678,165
5206,Implicit Aware,22,12075678,166
5207,Implicit Aware,22,12075678,167
5208,Implicit Aware,22,12075678,168
5209,Implicit Aware,22,12075678,169
5210,Implicit Aware,22,12075678,170
5211,Implicit Aware,22,12075678,171
5212,Implicit Aware,22,12075678,172
5213,Implicit Aware,22,12075678,173
5214,Implicit Aware,22,12075678,174
5215,Implicit Aware,22,12075678,175
5216,Implicit Aware,22,12075678,176
5217,Implicit Aware,22,12075678,177
5218,Implicit Aware,22,12075678,178
5219,Implicit Aware,22,12075678,179
5220,Implicit Aware,22,12075678,180
5221,Implicit Aware,22,12075678,181
5222,Implicit Aware,22,12075678,182
5223,Implicit Aware,22,12075678,183
5224,Implicit Aware,22,12075678,184
5225,Implicit Aware,22,12075678,185
5226,Implicit Aware,22,12075678,186
5227,Implicit Aware,22,12075678,187
5228,Implicit Aware,22,12075678,188
5229,Implicit Aware,22,12075678,189
5230,Implicit Aware,22,12075678,190
5231,Implicit Aware,22,12075678,191
5232,Implicit Aware,22,12075678,192
5233,Implicit Aware,22,12075678,193
5234,Implicit Aware,22,12075678,194
5235,Implicit Aware,22,12075678,195
5236,Implicit Aware,22,12075678,196
5237,Implicit Aware,22,12075678,197
5238,Implicit Aware,22,12075678,198
5239,Implicit Aware,22,12075678,199
5240,Implicit Aware,22,12075678,200
5241,Implicit Aware,22,12075678,201
5242,Implicit Aware,22,12075678,202
5243,Implicit Aware,22,12075678,203
5244,Implicit Aware,22,12075678,204
5245,Implicit Aware,22,12075678,205
5246,Implicit Aware,22,12075678,206
5247,Implicit Aware,22,12075678,207
5248,Implicit Aware,22,12075678,208
5249,Implicit Aware,22,12075678,209
5250,Implicit Aware,22,12075678,210
5251,Implicit Aware,22,12075678,211
5252,Implicit Aware,22,12075678,212
5253,Implicit Aware,22,12075678,213
5254,Implicit Aware,22,12075678,214
5255,Implicit Aware,22,12075678,215
5256,Implicit Aware,22,12075678,216
5257,Implicit Aware,22,12075678,217
5258,Implicit Aware,22,12075678,218
5259,Implicit Aware,22,12075678,219
5260,Implicit Aware,22,12075678,220
5261,Implicit Aware,22,12075678,221
5262,Implicit Aware,22,12075678,222
5263,Implicit Aware,22,12075678,223
5264,Implicit Aware,22,12075678,224
5265,Implicit Aware,22,12075678,225
5266,Implicit Aware,22,12075678,226
5267,Implicit Aware,22,12075678,227
5268,Implicit Aware,22,12075678,228
5269,Implicit Aware,22,12075678,229
5270,Implicit Aware,22,12075678,230
5271,Implicit Aware,22,12075678,231
5272,Implicit Aware,22,12075678,232
5273,Implicit Aware,22,12075678,233
5274,Implicit Aware,22,12075678,234
5275,Implicit Aware,22,12075678,235
5276,Implicit Aware,22,12075678,236
5277,Implicit Aware,22,12075678,237
5278,Implicit Aware,22,12075678,238
5279,Implicit Aware,22,12075678,239
5280,Implicit Aware,22,12075678,240
5281,Implicit Aware,23,12075679,1
5282,Implicit Aware,23,12075679,2
5283,Implicit Aware,23,12075679,3
5284,Implicit Aware,23,12075679,4
5285,Implicit Aware,23,12075679,5
5286,Implicit Aware,23,12075679,6
5287,Implicit Aware,23,12075679,7
5288,Implicit Aware,23,12075679,8
5289,Implicit Aware,23,12075679,9
5290,Implicit Aware,23,12075679,10
5291,Implicit Aware,23,12075679,11
5292,Implicit Aware,23,12075679,12
5293,Implicit Aware,23,12075679,13
5294,Implicit Aware,23,12075679,14
5295,Implicit Aware,23,12075679,15
5296,Implicit Aware,23,12075679,16
5297,Implicit Aware,23,12075679,17
5298,Implicit Aware,23,12075679,18
5299,Implicit Aware,23,12075679,19
5300,Implicit Aware,23,12075679,20
5301,Implicit Aware,23,12075679,21
5302,Implicit Aware,23,12075679,22
5303,Implicit Aware,23,12075679,23
5304,Implicit Aware,23,12075679,24
5305,Implicit Aware,23,12075679,25
5306,Implicit Aware,23,12075679,26
5307,Implicit Aware,23,12075679,27
5308,Implicit Aware,23,12075679,28
5309,Implicit Aware,23,12075679,29
5310,Implicit Aware,23,12075679,30
5311,Implicit Aware,23,12075679,31
5312,Implicit Aware,23,12075679,32
5313,Implicit Aware,23,12075679,33
5314,Implicit Aware,23,12075679,34
5315,Implicit Aware,23,12075679,35
5316,Implicit Aware,23,12075679,36
5317,Implicit Aware,23,12075679,37
5318,Implicit Aware,23,12075679,38
5319,Implicit Aware,23,12075679,39
5320,Implicit Aware,23,12075679,40
5321,Implicit Aware,23,12075679,41
5322,Implicit Aware,23,12075679,42
5323,Implicit Aware,23,12075679,43
5324,Implicit Aware,23,12075679,44
5325,Implicit Aware,23,12075679,45
5326,Implicit Aware,23,12075679,46
5327,Implicit Aware,23,12075679,47
5328,Implicit Aware,23,12075679,48
5329,Implicit Aware,23,12075679,49
5330,Implicit Aware,23,12075679,50
5331,Implicit Aware,23,12075679,51
5332,Implicit Aware,23,12075679,52
5333,Implicit Aware,23,12075679,53
5334,Implicit Aware,23,12075679,54
5335,Implicit Aware,23,12075679,55
5336,Implicit Aware,23,12075679,56
5337,Implicit Aware,23,12075679,57
5338,Implicit Aware,23,12075679,58
5339,Implicit Aware,23,12075679,59
5340,Implicit Aware,23,12075679,60
5341,Implicit Aware,23,12075679,61
5342,Implicit Aware,23,12075679,62
5343,Implicit Aware,23,12075679,63
5344,Implicit Aware,23,12075679,64
5345,Implicit Aware,23,12075679,65
5346,Implicit Aware,23,12075679,66
5347,Implicit Aware,23,12075679,67
5348,Implicit Aware,23,12075679,68
5349,Implicit Aware,23,12075679,69
5350,Implicit Aware,23,12075679,70
5351,Implicit Aware,23,12075679,71
5352,Implicit Aware,23,12075679,72
5353,Implicit Aware,23,12075679,73
5354,Implicit Aware,23,12075679,74
5355,Implicit Aware,23,12075679,75
5356,Implicit Aware,23,12075679,76
5357,Implicit Aware,23,12075679,77
5358,Implicit Aware,23,12075679,78
5359,Implicit Aware,23,12075679,79
5360,Implicit Aware,23,12075679,80
5361,Implicit Aware,23,12075679,81
5362,Implicit Aware,23,12075679,82
5363,Implicit Aware,23,12075679,83
5364,Implicit Aware,23,12075679,84
5365,Implicit Aware,23,12075679,85
5366,Implicit Aware,23,12075679,86
5367,Implicit Aware,23,12075679,87
5368,Implicit Aware,23,12075679,88
5369,Implicit Aware,23,12075679,89
5370,Implicit Aware,23,12075679,90
5371,Implicit Aware,23,12075679,91
5372,Implicit Aware,23,12075679,92
5373,Implicit Aware,23,12075679,93
5374,Implicit Aware,23,12075679,94
5375,Implicit Aware,23,12075679,95
5376,Implicit Aware,23,12075679,96
5377,Implicit Aware,23,12075679,97
5378,Implicit Aware,23,12075679,98
5379,Implicit Aware,23,12075679,99
5380,Implicit Aware,23,12075679,100
5381,Implicit Aware,23,12075679,101
5382,Implicit Aware,23,12075679,102
5383,Implicit Aware,23,12075679,103
5384,Implicit Aware,23,12075679,104
5385,Implicit Aware,23,12075679,105
5386,Implicit Aware,23,12075679,106
5387,Implicit Aware,23,12075679,107
5388,Implicit Aware,23,12075679,108
5389,Implicit Aware,23,12075679,109
5390,Implicit Aware,23,12075679,110
5391,Implicit Aware,23,12075679,111
5392,Implicit Aware,23,12075679,112
5393,Implicit Aware,23,12075679,113
5394,Implicit Aware,23,12075679,114
5395,Implicit Aware,23,12075679,115
5396,Implicit Aware,23,12075679,116
5397,Implicit Aware,23,12075679,117
5398,Implicit Aware,23,12075679,118
5399,Implicit Aware,23,12075679,119
5400,Implicit Aware,23,12075679,120
5401,Implicit Aware,23,12075679,121
5402,Implicit Aware,23,12075679,122
5403,Implicit Aware,23,12075679,123
5404,Implicit Aware,23,12075679,124
5405,Implicit Aware,23,12075679,125
5406,Implicit Aware,23,12075679,126
5407,Implicit Aware,23,12075679,127
5408,Implicit Aware,23,12075679,128
5409,Implicit Aware,23,12075679,129
5410,Implicit Aware,23,12075679,130
5411,Implicit Aware,23,12075679,131
5412,Implicit Aware,23,12075679,132
5413,Implicit Aware,23,12075679,133
5414,Implicit Aware,23,12075679,134
5415,Implicit Aware,23,12075679,135
5416,Implicit Aware,23,12075679,136
5417,Implicit Aware,23,12075679,137
5418,Implicit Aware,23,12075679,138
5419,Implicit Aware,23,12075679,139
5420,Implicit Aware,23,12075679,140
5421,Implicit Aware,23,12075679,141
5422,Implicit Aware,23,12075679,142
5423,Implicit Aware,23,12075679,143
5424,Implicit Aware,23,12075679,144
5425,Implicit Aware,23,12075679,145
5426,Implicit Aware,23,12075679,146
5427,Implicit Aware,23,12075679,147
5428,Implicit Aware,23,12075679,148
5429,Implicit Aware,23,12075679,149
5430,Implicit Aware,23,12075679,150
5431,Implicit Aware,23,12075679,151
5432,Implicit Aware,23,12075679,152
5433,Implicit Aware,23,12075679,153
5434,Implicit Aware,23,12075679,154
5435,Implicit Aware,23,12075679,155
5436,Implicit Aware,23,12075679,156
5437,Implicit Aware,23,12075679,157
5438,Implicit Aware,23,12075679,158
5439,Implicit Aware,23,12075679,159
5440,Implicit Aware,23,12075679,160
5441,Implicit Aware,23,12075679,161
5442,Implicit Aware,23,12075679,162
5443,Implicit Aware,23,12075679,163
5444,Implicit Aware,23,12075679,164
5445,Implicit Aware,23,12075679,165
5446,Implicit Aware,23,12075679,166
5447,Implicit Aware,23,12075679,167
5448,Implicit Aware,23,12075679,168
5449,Implicit Aware,23,12075679,169
5450,Implicit Aware,23,12075679,170
5451,Implicit Aware,23,12075679,171
5452,Implicit Aware,23,12075679,172
5453,Implicit Aware,23,12075679,173
5454,Implicit Aware,23,12075679,174
5455,Implicit Aware,23,12075679,175
5456,Implicit Aware,23,12075679,176
5457,Implicit Aware,23,12075679,177
5458,Implicit Aware,23,12075679,178
5459,Implicit Aware,23,12075679,179
5460,Implicit Aware,23,12075679,180
5461,Implicit Aware,23,12075679,181
5462,Implicit Aware,23,12075679,182
5463,Implicit Aware,23,12075679,183
5464,Implicit Aware,23,12075679,184
5465,Implicit Aware,23,12075679,185
5466,Implicit Aware,23,12075679,186
5467,Implicit Aware,23,12075679,187
5468,Implicit Aware,23,12075679,188
5469,Implicit Aware,23,12075679,189
5470,Implicit Aware,23,12075679,190
5471,Implicit Aware,23,12075679,191
5472,Implicit Aware,23,12075679,192
5473,Implicit Aware,23,12075679,193
5474,Implicit Aware,23,12075679,194
5475,Implicit Aware,23,12075679,195
5476,Implicit Aware,23,12075679,196
5477,Implicit Aware,23,12075679,197
5478,Implicit Aware,23,12075679,198
5479,Implicit Aware,23,12075679,199
5480,Implicit Aware,23,12075679,200
5481,Implicit Aware,23,12075679,201
5482,Implicit Aware,23,12075679,202
5483,Implicit Aware,23,12075679,203
5484,Implicit Aware,23,12075679,204
5485,Implicit Aware,23,12075679,205
5486,Implicit Aware,23,12075679,206
5487,Implicit Aware,23,12075679,207
5488,Implicit Aware,23,12075679,208
5489,Implicit Aware,23,12075679,209
5490,Implicit Aware,23,12075679,210
5491,Implicit Aware,23,12075679,211
5492,Implicit Aware,23,12075679,212
5493,Implicit Aware,23,12075679,213
5494,Implicit Aware,23,12075679,214
5495,Implicit Aware,23,12075679,215
5496,Implicit Aware,23,12075679,216
5497,Implicit Aware,23,12075679,217
5498,Implicit Aware,23,12075679,218
5499,Implicit Aware,23,12075679,219
5500,Implicit Aware,23,12075679,220
5501,Implicit Aware,23,12075679,221
5502,Implicit Aware,23,12075679,222
5503,Implicit Aware,23,12075679,223
5504,Implicit Aware,23,12075679,224
5505,Implicit Aware,23,12075679,225
5506,Implicit Aware,23,12075679,226
5507,Implicit Aware,23,12075679,227
5508,Implicit Aware,23,12075679,228
5509,Implicit Aware,23,12075679,229
5510,Implicit Aware,23,12075679,230
5511,Implicit Aware,23,12075679,231
5512,Implicit Aware,23,12075679,232
5513,Implicit Aware,23,12075679,233
5514,Implicit Aware,23,12075679,234
5515,Implicit Aware,23,12075679,235
5516,Implicit Aware,23,12075679,236
5517,Implicit Aware,23,12075679,237
5518,Implicit Aware,23,12075679,238
5519,Implicit Aware,23,12075679,239
5520,Implicit Aware,23,12075679,240
5521,Implicit Aware,24,12075682,1
5522,Implicit Aware,24,12075682,2
5523,Implicit Aware,24,12075682,3
5524,Implicit Aware,24,12075682,4
5525,Implicit Aware,24,12075682,5
5526,Implicit Aware,24,12075682,6
5527,Implicit Aware,24,12075682,7
5528,Implicit Aware,24,12075682,8
5529,Implicit Aware,24,12075682,9
5530,Implicit Aware,24,12075682,10
5531,Implicit Aware,24,12075682,11
5532,Implicit Aware,24,12075682,12
5533,Implicit Aware,24,12075682,13
5534,Implicit Aware,24,12075682,14
5535,Implicit Aware,24,12075682,15
5536,Implicit Aware,24,12075682,16
5537,Implicit Aware,24,12075682,17
5538,Implicit Aware,24,12075682,18
5539,Implicit Aware,24,12075682,19
5540,Implicit Aware,24,12075682,20
5541,Implicit Aware,24,12075682,21
5542,Implicit Aware,24,12075682,22
5543,Implicit Aware,24,12075682,23
5544,Implicit Aware,24,12075682,24
5545,Implicit Aware,24,12075682,25
5546,Implicit Aware,24,12075682,26
5547,Implicit Aware,24,12075682,27
5548,Implicit Aware,24,12075682,28
5549,Implicit Aware,24,12075682,29
5550,Implicit Aware,24,12075682,30
5551,Implicit Aware,24,12075682,31
5552,Implicit Aware,24,12075682,32
5553,Implicit Aware,24,12075682,33
5554,Implicit Aware,24,12075682,34
5555,Implicit Aware,24,12075682,35
5556,Implicit Aware,24,12075682,36
5557,Implicit Aware,24,12075682,37
5558,Implicit Aware,24,12075682,38
5559,Implicit Aware,24,12075682,39
5560,Implicit Aware,24,12075682,40
5561,Implicit Aware,24,12075682,41
5562,Implicit Aware,24,12075682,42
5563,Implicit Aware,24,12075682,43
5564,Implicit Aware,24,12075682,44
5565,Implicit Aware,24,12075682,45
5566,Implicit Aware,24,12075682,46
5567,Implicit Aware,24,12075682,47
5568,Implicit Aware,24,12075682,48
5569,Implicit Aware,24,12075682,49
5570,Implicit Aware,24,12075682,50
5571,Implicit Aware,24,12075682,51
5572,Implicit Aware,24,12075682,52
5573,Implicit Aware,24,12075682,53
5574,Implicit Aware,24,12075682,54
5575,Implicit Aware,24,12075682,55
5576,Implicit Aware,24,12075682,56
5577,Implicit Aware,24,12075682,57
5578,Implicit Aware,24,12075682,58
5579,Implicit Aware,24,12075682,59
5580,Implicit Aware,24,12075682,60
5581,Implicit Aware,24,12075682,61
5582,Implicit Aware,24,12075682,62
5583,Implicit Aware,24,12075682,63
5584,Implicit Aware,24,12075682,64
5585,Implicit Aware,24,12075682,65
5586,Implicit Aware,24,12075682,66
5587,Implicit Aware,24,12075682,67
5588,Implicit Aware,24,12075682,68
5589,Implicit Aware,24,12075682,69
5590,Implicit Aware,24,12075682,70
5591,Implicit Aware,24,12075682,71
5592,Implicit Aware,24,12075682,72
5593,Implicit Aware,24,12075682,73
5594,Implicit Aware,24,12075682,74
5595,Implicit Aware,24,12075682,75
5596,Implicit Aware,24,12075682,76
5597,Implicit Aware,24,12075682,77
5598,Implicit Aware,24,12075682,78
5599,Implicit Aware,24,12075682,79
5600,Implicit Aware,24,12075682,80
5601,Implicit Aware,24,12075682,81
5602,Implicit Aware,24,12075682,82
5603,Implicit Aware,24,12075682,83
5604,Implicit Aware,24,12075682,84
5605,Implicit Aware,24,12075682,85
5606,Implicit Aware,24,12075682,86
5607,Implicit Aware,24,12075682,87
5608,Implicit Aware,24,12075682,88
5609,Implicit Aware,24,12075682,89
5610,Implicit Aware,24,12075682,90
5611,Implicit Aware,24,12075682,91
5612,Implicit Aware,24,12075682,92
5613,Implicit Aware,24,12075682,93
5614,Implicit Aware,24,12075682,94
5615,Implicit Aware,24,12075682,95
5616,Implicit Aware,24,12075682,96
5617,Implicit Aware,24,12075682,97
5618,Implicit Aware,24,12075682,98
5619,Implicit Aware,24,12075682,99
5620,Implicit Aware,24,12075682,100
5621,Implicit Aware,24,12075682,101
5622,Implicit Aware,24,12075682,102
5623,Implicit Aware,24,12075682,103
5624,Implicit Aware,24,12075682,104
5625,Implicit Aware,24,12075682,105
5626,Implicit Aware,24,12075682,106
5627,Implicit Aware,24,12075682,107
5628,Implicit Aware,24,12075682,108
5629,Implicit Aware,24,12075682,109
5630,Implicit Aware,24,12075682,110
5631,Implicit Aware,24,12075682,111
5632,Implicit Aware,24,12075682,112
5633,Implicit Aware,24,12075682,113
5634,Implicit Aware,24,12075682,114
5635,Implicit Aware,24,12075682,115
5636,Implicit Aware,24,12075682,116
5637,Implicit Aware,24,12075682,117
5638,Implicit Aware,24,12075682,118
5639,Implicit Aware,24,12075682,119
5640,Implicit Aware,24,12075682,120
5641,Implicit Aware,24,12075682,121
5642,Implicit Aware,24,12075682,122
5643,Implicit Aware,24,12075682,123
5644,Implicit Aware,24,12075682,124
5645,Implicit Aware,24,12075682,125
5646,Implicit Aware,24,12075682,126
5647,Implicit Aware,24,12075682,127
5648,Implicit Aware,24,12075682,128
5649,Implicit Aware,24,12075682,129
5650,Implicit Aware,24,12075682,130
5651,Implicit Aware,24,12075682,131
5652,Implicit Aware,24,12075682,132
5653,Implicit Aware,24,12075682,133
5654,Implicit Aware,24,12075682,134
5655,Implicit Aware,24,12075682,135
5656,Implicit Aware,24,12075682,136
5657,Implicit Aware,24,12075682,137
5658,Implicit Aware,24,12075682,138
5659,Implicit Aware,24,12075682,139
5660,Implicit Aware,24,12075682,140
5661,Implicit Aware,24,12075682,141
5662,Implicit Aware,24,12075682,142
5663,Implicit Aware,24,12075682,143
5664,Implicit Aware,24,12075682,144
5665,Implicit Aware,24,12075682,145
5666,Implicit Aware,24,12075682,146
5667,Implicit Aware,24,12075682,147
5668,Implicit Aware,24,12075682,148
5669,Implicit Aware,24,12075682,149
5670,Implicit Aware,24,12075682,150
5671,Implicit Aware,24,12075682,151
5672,Implicit Aware,24,12075682,152
5673,Implicit Aware,24,12075682,153
5674,Implicit Aware,24,12075682,154
5675,Implicit Aware,24,12075682,155
5676,Implicit Aware,24,12075682,156
5677,Implicit Aware,24,12075682,157
5678,Implicit Aware,24,12075682,158
5679,Implicit Aware,24,12075682,159
5680,Implicit Aware,24,12075682,160
5681,Implicit Aware,24,12075682,161
5682,Implicit Aware,24,12075682,162
5683,Implicit Aware,24,12075682,163
5684,Implicit Aware,24,12075682,164
5685,Implicit Aware,24,12075682,165
5686,Implicit Aware,24,12075682,166
5687,Implicit Aware,24,12075682,167
5688,Implicit Aware,24,12075682,168
5689,Implicit Aware,24,12075682,169
5690,Implicit Aware,24,12075682,170
5691,Implicit Aware,24,12075682,171
5692,Implicit Aware,24,12075682,172
5693,Implicit Aware,24,12075682,173
5694,Implicit Aware,24,12075682,174
5695,Implicit Aware,24,12075682,175
5696,Implicit Aware,24,12075682,176
5697,Implicit Aware,24,12075682,177
5698,Implicit Aware,24,12075682,178
5699,Implicit Aware,24,12075682,179
5700,Implicit Aware,24,12075682,180
5701,Implicit Aware,24,12075682,181
5702,Implicit Aware,24,12075682,182
5703,Implicit Aware,24,12075682,183
5704,Implicit Aware,24,12075682,184
5705,Implicit Aware,24,12075682,185
5706,Implicit Aware,24,12075682,186
5707,Implicit Aware,24,12075682,187
5708,Implicit Aware,24,12075682,188
5709,Implicit Aware,24,12075682,189
5710,Implicit Aware,24,12075682,190
5711,Implicit Aware,24,12075682,191
5712,Implicit Aware,24,12075682,192
5713,Implicit Aware,24,12075682,193
5714,Implicit Aware,24,12075682,194
5715,Implicit Aware,24,12075682,195
5716,Implicit Aware,24,12075682,196
5717,Implicit Aware,24,12075682,197
5718,Implicit Aware,24,12075682,198
5719,Implicit Aware,24,12075682,199
5720,Implicit Aware,24,12075682,200
5721,Implicit Aware,24,12075682,201
5722,Implicit Aware,24,12075682,202
5723,Implicit Aware,24,12075682,203
5724,Implicit Aware,24,12075682,204
5725,Implicit Aware,24,12075682,205
5726,Implicit Aware,24,12075682,206
5727,Implicit Aware,24,12075682,207
5728,Implicit Aware,24,12075682,208
5729,Implicit Aware,24,12075682,209
5730,Implicit Aware,24,12075682,210
5731,Implicit Aware,24,12075682,211
5732,Implicit Aware,24,12075682,212
5733,Implicit Aware,24,12075682,213
5734,Implicit Aware,24,12075682,214
5735,Implicit Aware,24,12075682,215
5736,Implicit Aware,24,12075682,216
5737,Implicit Aware,24,12075682,217
5738,Implicit Aware,24,12075682,218
5739,Implicit Aware,24,12075682,219
5740,Implicit Aware,24,12075682,220
5741,Implicit Aware,24,12075682,221
5742,Implicit Aware,24,12075682,222
5743,Implicit Aware,24,12075682,223
5744,Implicit Aware,24,12075682,224
5745,Implicit Aware,24,12075682,225
5746,Implicit Aware,24,12075682,226
5747,Implicit Aware,24,12075682,227
5748,Implicit Aware,24,12075682,228
5749,Implicit Aware,24,12075682,229
5750,Implicit Aware,24,12075682,230
5751,Implicit Aware,24,12075682,231
5752,Implicit Aware,24,12075682,232
5753,Implicit Aware,24,12075682,233
5754,Implicit Aware,24,12075682,234
5755,Implicit Aware,24,12075682,235
5756,Implicit Aware,24,12075682,236
5757,Implicit Aware,24,12075682,237
5758,Implicit Aware,24,12075682,238
5759,Implicit Aware,24,12075682,239
5760,Implicit Aware,24,12075682,240
5761,Implicit Aware,25,12075683,1
5762,Implicit Aware,25,12075683,2
5763,Implicit Aware,25,12075683,3
5764,Implicit Aware,25,12075683,4
5765,Implicit Aware,25,12075683,5
5766,Implicit Aware,25,12075683,6
5767,Implicit Aware,25,12075683,7
5768,Implicit Aware,25,12075683,8
5769,Implicit Aware,25,12075683,9
5770,Implicit Aware,25,12075683,10
5771,Implicit Aware,25,12075683,11
5772,Implicit Aware,25,12075683,12
5773,Implicit Aware,25,12075683,13
5774,Implicit Aware,25,12075683,14
5775,Implicit Aware,25,12075683,15
5776,Implicit Aware,25,12075683,16
5777,Implicit Aware,25,12075683,17
5778,Implicit Aware,25,12075683,18
5779,Implicit Aware,25,12075683,19
5780,Implicit Aware,25,12075683,20
5781,Implicit Aware,25,12075683,21
5782,Implicit Aware,25,12075683,22
5783,Implicit Aware,25,12075683,23
5784,Implicit Aware,25,12075683,24
5785,Implicit Aware,25,12075683,25
5786,Implicit Aware,25,12075683,26
5787,Implicit Aware,25,12075683,27
5788,Implicit Aware,25,12075683,28
5789,Implicit Aware,25,12075683,29
5790,Implicit Aware,25,12075683,30
5791,Implicit Aware,25,12075683,31
5792,Implicit Aware,25,12075683,32
5793,Implicit Aware,25,12075683,33
5794,Implicit Aware,25,12075683,34
5795,Implicit Aware,25,12075683,35
5796,Implicit Aware,25,12075683,36
5797,Implicit Aware,25,12075683,37
5798,Implicit Aware,25,12075683,38
5799,Implicit Aware,25,12075683,39
5800,Implicit Aware,25,12075683,40
5801,Implicit Aware,25,12075683,41
5802,Implicit Aware,25,12075683,42
5803,Implicit Aware,25,12075683,43
5804,Implicit Aware,25,12075683,44
5805,Implicit Aware,25,12075683,45
5806,Implicit Aware,25,12075683,46
5807,Implicit Aware,25,12075683,47
5808,Implicit Aware,25,12075683,48
5809,Implicit Aware,25,12075683,49
5810,Implicit Aware,25,12075683,50
5811,Implicit Aware,25,12075683,51
5812,Implicit Aware,25,12075683,52
5813,Implicit Aware,25,12075683,53
5814,Implicit Aware,25,12075683,54
5815,Implicit Aware,25,12075683,55
5816,Implicit Aware,25,12075683,56
5817,Implicit Aware,25,12075683,57
5818,Implicit Aware,25,12075683,58
5819,Implicit Aware,25,12075683,59
5820,Implicit Aware,25,12075683,60
5821,Implicit Aware,25,12075683,61
5822,Implicit Aware,25,12075683,62
5823,Implicit Aware,25,12075683,63
5824,Implicit Aware,25,12075683,64
5825,Implicit Aware,25,12075683,65
5826,Implicit Aware,25,12075683,66
5827,Implicit Aware,25,12075683,67
5828,Implicit Aware,25,12075683,68
5829,Implicit Aware,25,12075683,69
5830,Implicit Aware,25,12075683,70
5831,Implicit Aware,25,12075683,71
5832,Implicit Aware,25,12075683,72
5833,Implicit Aware,25,12075683,73
5834,Implicit Aware,25,12075683,74
5835,Implicit Aware,25,12075683,75
5836,Implicit Aware,25,12075683,76
5837,Implicit Aware,25,12075683,77
5838,Implicit Aware,25,12075683,78
5839,Implicit Aware,25,12075683,79
5840,Implicit Aware,25,12075683,80
5841,Implicit Aware,25,12075683,81
5842,Implicit Aware,25,12075683,82
5843,Implicit Aware,25,12075683,83
5844,Implicit Aware,25,12075683,84
5845,Implicit Aware,25,12075683,85
5846,Implicit Aware,25,12075683,86
5847,Implicit Aware,25,12075683,87
5848,Implicit Aware,25,12075683,88
5849,Implicit Aware,25,12075683,89
5850,Implicit Aware,25,12075683,90
5851,Implicit Aware,25,12075683,91
5852,Implicit Aware,25,12075683,92
5853,Implicit Aware,25,12075683,93
5854,Implicit Aware,25,12075683,94
5855,Implicit Aware,25,12075683,95
5856,Implicit Aware,25,12075683,96
5857,Implicit Aware,25,12075683,97
5858,Implicit Aware,25,12075683,98
5859,Implicit Aware,25,12075683,99
5860,Implicit Aware,25,12075683,100
5861,Implicit Aware,25,12075683,101
5862,Implicit Aware,25,12075683,102
5863,Implicit Aware,25,12075683,103
5864,Implicit Aware,25,12075683,104
5865,Implicit Aware,25,12075683,105
5866,Implicit Aware,25,12075683,106
5867,Implicit Aware,25,12075683,107
5868,Implicit Aware,25,12075683,108
5869,Implicit Aware,25,12075683,109
5870,Implicit Aware,25,12075683,110
5871,Implicit Aware,25,12075683,111
5872,Implicit Aware,25,12075683,112
5873,Implicit Aware,25,12075683,113
5874,Implicit Aware,25,12075683,114
5875,Implicit Aware,25,12075683,115
5876,Implicit Aware,25,12075683,116
5877,Implicit Aware,25,12075683,117
5878,Implicit Aware,25,12075683,118
5879,Implicit Aware,25,12075683,119
5880,Implicit Aware,25,12075683,120
5881,Implicit Aware,25,12075683,121
5882,Implicit Aware,25,12075683,122
5883,Implicit Aware,25,12075683,123
5884,Implicit Aware,25,12075683,124
5885,Implicit Aware,25,12075683,125
5886,Implicit Aware,25,12075683,126
5887,Implicit Aware,25,12075683,127
5888,Implicit Aware,25,12075683,128
5889,Implicit Aware,25,12075683,129
5890,Implicit Aware,25,12075683,130
5891,Implicit Aware,25,12075683,131
5892,Implicit Aware,25,12075683,132
5893,Implicit Aware,25,12075683,133
5894,Implicit Aware,25,12075683,134
5895,Implicit Aware,25,12075683,135
5896,Implicit Aware,25,12075683,136
5897,Implicit Aware,25,12075683,137
5898,Implicit Aware,25,12075683,138
5899,Implicit Aware,25,12075683,139
5900,Implicit Aware,25,12075683,140
5901,Implicit Aware,25,12075683,141
5902,Implicit Aware,25,12075683,142
5903,Implicit Aware,25,12075683,143
5904,Implicit Aware,25,12075683,144
5905,Implicit Aware,25,12075683,145
5906,Implicit Aware,25,12075683,146
5907,Implicit Aware,25,12075683,147
5908,Implicit Aware,25,12075683,148
5909,Implicit Aware,25,12075683,149
5910,Implicit Aware,25,12075683,150
5911,Implicit Aware,25,12075683,151
5912,Implicit Aware,25,12075683,152
5913,Implicit Aware,25,12075683,153
5914,Implicit Aware,25,12075683,154
5915,Implicit Aware,25,12075683,155
5916,Implicit Aware,25,12075683,156
5917,Implicit Aware,25,12075683,157
5918,Implicit Aware,25,12075683,158
5919,Implicit Aware,25,12075683,159
5920,Implicit Aware,25,12075683,160
5921,Implicit Aware,25,12075683,161
5922,Implicit Aware,25,12075683,162
5923,Implicit Aware,25,12075683,163
5924,Implicit Aware,25,12075683,164
5925,Implicit Aware,25,12075683,165
5926,Implicit Aware,25,12075683,166
5927,Implicit Aware,25,12075683,167
5928,Implicit Aware,25,12075683,168
5929,Implicit Aware,25,12075683,169
5930,Implicit Aware,25,12075683,170
5931,Implicit Aware,25,12075683,171
5932,Implicit Aware,25,12075683,172
5933,Implicit Aware,25,12075683,173
5934,Implicit Aware,25,12075683,174
5935,Implicit Aware,25,12075683,175
5936,Implicit Aware,25,12075683,176
5937,Implicit Aware,25,12075683,177
5938,Implicit Aware,25,12075683,178
5939,Implicit Aware,25,12075683,179
5940,Implicit Aware,25,12075683,180
5941,Implicit Aware,25,12075683,181
5942,Implicit Aware,25,12075683,182
5943,Implicit Aware,25,12075683,183
5944,Implicit Aware,25,12075683,184
5945,Implicit Aware,25,12075683,185
5946,Implicit Aware,25,12075683,186
5947,Implicit Aware,25,12075683,187
5948,Implicit Aware,25,12075683,188
5949,Implicit Aware,25,12075683,189
5950,Implicit Aware,25,12075683,190
5951,Implicit Aware,25,12075683,191
5952,Implicit Aware,25,12075683,192
5953,Implicit Aware,25,12075683,193
5954,Implicit Aware,25,12075683,194
5955,Implicit Aware,25,12075683,195
5956,Implicit Aware,25,12075683,196
5957,Implicit Aware,25,12075683,197
5958,Implicit Aware,25,12075683,198
5959,Implicit Aware,25,12075683,199
5960,Implicit Aware,25,12075683,200
5961,Implicit Aware,25,12075683,201
5962,Implicit Aware,25,12075683,202
5963,Implicit Aware,25,12075683,203
5964,Implicit Aware,25,12075683,204
5965,Implicit Aware,25,12075683,205
5966,Implicit Aware,25,12075683,206
5967,Implicit Aware,25,12075683,207
5968,Implicit Aware,25,12075683,208
5969,Implicit Aware,25,12075683,209
5970,Implicit Aware,25,12075683,210
5971,Implicit Aware,25,12075683,211
5972,Implicit Aware,25,12075683,212
5973,Implicit Aware,25,12075683,213
5974,Implicit Aware,25,12075683,214
5975,Implicit Aware,25,12075683,215
5976,Implicit Aware,25,12075683,216
5977,Implicit Aware,25,12075683,217
5978,Implicit Aware,25,12075683,218
5979,Implicit Aware,25,12075683,219
5980,Implicit Aware,25,12075683,220
5981,Implicit Aware,25,12075683,221
5982,Implicit Aware,25,12075683,222
5983,Implicit Aware,25,12075683,223
5984,Implicit Aware,25,12075683,224
5985,Implicit Aware,25,12075683,225
5986,Implicit Aware,25,12075683,226
5987,Implicit Aware,25,12075683,227
5988,Implicit Aware,25,12075683,228
5989,Implicit Aware,25,12075683,229
5990,Implicit Aware,25,12075683,230
5991,Implicit Aware,25,12075683,231
5992,Implicit Aware,25,12075683,232
5993,Implicit Aware,25,12075683,233
5994,Implicit Aware,25,12075683,234
5995,Implicit Aware,25,12075683,235
5996,Implicit Aware,25,12075683,236
5997,Implicit Aware,25,12075683,237
5998,Implicit Aware,25,12075683,238
5999,Implicit Aware,25,12075683,239
6000,Implicit Aware,25,12075683,240
6001,Implicit Aware,26,12075685,1
6002,Implicit Aware,26,12075685,2
6003,Implicit Aware,26,12075685,3
6004,Implicit Aware,26,12075685,4
6005,Implicit Aware,26,12075685,5
6006,Implicit Aware,26,12075685,6
6007,Implicit Aware,26,12075685,7
6008,Implicit Aware,26,12075685,8
6009,Implicit Aware,26,12075685,9
6010,Implicit Aware,26,12075685,10
6011,Implicit Aware,26,12075685,11
6012,Implicit Aware,26,12075685,12
6013,Implicit Aware,26,12075685,13
6014,Implicit Aware,26,12075685,14
6015,Implicit Aware,26,12075685,15
6016,Implicit Aware,26,12075685,16
6017,Implicit Aware,26,12075685,17
6018,Implicit Aware,26,12075685,18
6019,Implicit Aware,26,12075685,19
6020,Implicit Aware,26,12075685,20
6021,Implicit Aware,26,12075685,21
6022,Implicit Aware,26,12075685,22
6023,Implicit Aware,26,12075685,23
6024,Implicit Aware,26,12075685,24
6025,Implicit Aware,26,12075685,25
6026,Implicit Aware,26,12075685,26
6027,Implicit Aware,26,12075685,27
6028,Implicit Aware,26,12075685,28
6029,Implicit Aware,26,12075685,29
6030,Implicit Aware,26,12075685,30
6031,Implicit Aware,26,12075685,31
6032,Implicit Aware,26,12075685,32
6033,Implicit Aware,26,12075685,33
6034,Implicit Aware,26,12075685,34
6035,Implicit Aware,26,12075685,35
6036,Implicit Aware,26,12075685,36
6037,Implicit Aware,26,12075685,37
6038,Implicit Aware,26,12075685,38
6039,Implicit Aware,26,12075685,39
6040,Implicit Aware,26,12075685,40
6041,Implicit Aware,26,12075685,41
6042,Implicit Aware,26,12075685,42
6043,Implicit Aware,26,12075685,43
6044,Implicit Aware,26,12075685,44
6045,Implicit Aware,26,12075685,45
6046,Implicit Aware,26,12075685,46
6047,Implicit Aware,26,12075685,47
6048,Implicit Aware,26,12075685,48
6049,Implicit Aware,26,12075685,49
6050,Implicit Aware,26,12075685,50
6051,Implicit Aware,26,12075685,51
6052,Implicit Aware,26,12075685,52
6053,Implicit Aware,26,12075685,53
6054,Implicit Aware,26,12075685,54
6055,Implicit Aware,26,12075685,55
6056,Implicit Aware,26,12075685,56
6057,Implicit Aware,26,12075685,57
6058,Implicit Aware,26,12075685,58
6059,Implicit Aware,26,12075685,59
6060,Implicit Aware,26,12075685,60
6061,Implicit Aware,26,12075685,61
6062,Implicit Aware,26,12075685,62
6063,Implicit Aware,26,12075685,63
6064,Implicit Aware,26,12075685,64
6065,Implicit Aware,26,12075685,65
6066,Implicit Aware,26,12075685,66
6067,Implicit Aware,26,12075685,67
6068,Implicit Aware,26,12075685,68
6069,Implicit Aware,26,12075685,69
6070,Implicit Aware,26,12075685,70
6071,Implicit Aware,26,12075685,71
6072,Implicit Aware,26,12075685,72
6073,Implicit Aware,26,12075685,73
6074,Implicit Aware,26,12075685,74
6075,Implicit Aware,26,12075685,75
6076,Implicit Aware,26,12075685,76
6077,Implicit Aware,26,12075685,77
6078,Implicit Aware,26,12075685,78
6079,Implicit Aware,26,12075685,79
6080,Implicit Aware,26,12075685,80
6081,Implicit Aware,26,12075685,81
6082,Implicit Aware,26,12075685,82
6083,Implicit Aware,26,12075685,83
6084,Implicit Aware,26,12075685,84
6085,Implicit Aware,26,12075685,85
6086,Implicit Aware,26,12075685,86
6087,Implicit Aware,26,12075685,87
6088,Implicit Aware,26,12075685,88
6089,Implicit Aware,26,12075685,89
6090,Implicit Aware,26,12075685,90
6091,Implicit Aware,26,12075685,91
6092,Implicit Aware,26,12075685,92
6093,Implicit Aware,26,12075685,93
6094,Implicit Aware,26,12075685,94
6095,Implicit Aware,26,12075685,95
6096,Implicit Aware,26,12075685,96
6097,Implicit Aware,26,12075685,97
6098,Implicit Aware,26,12075685,98
6099,Implicit Aware,26,12075685,99
6100,Implicit Aware,26,12075685,100
6101,Implicit Aware,26,12075685,101
6102,Implicit Aware,26,12075685,102
6103,Implicit Aware,26,12075685,103
6104,Implicit Aware,26,12075685,104
6105,Implicit Aware,26,12075685,105
6106,Implicit Aware,26,12075685,106
6107,Implicit Aware,26,12075685,107
6108,Implicit Aware,26,12075685,108
6109,Implicit Aware,26,12075685,109
6110,Implicit Aware,26,12075685,110
6111,Implicit Aware,26,12075685,111
6112,Implicit Aware,26,12075685,112
6113,Implicit Aware,26,12075685,113
6114,Implicit Aware,26,12075685,114
6115,Implicit Aware,26,12075685,115
6116,Implicit Aware,26,12075685,116
6117,Implicit Aware,26,12075685,117
6118,Implicit Aware,26,12075685,118
6119,Implicit Aware,26,12075685,119
6120,Implicit Aware,26,12075685,120
6121,Implicit Aware,26,12075685,121
6122,Implicit Aware,26,12075685,122
6123,Implicit Aware,26,12075685,123
6124,Implicit Aware,26,12075685,124
6125,Implicit Aware,26,12075685,125
6126,Implicit Aware,26,12075685,126
6127,Implicit Aware,26,12075685,127
6128,Implicit Aware,26,12075685,128
6129,Implicit Aware,26,12075685,129
6130,Implicit Aware,26,12075685,130
6131,Implicit Aware,26,12075685,131
6132,Implicit Aware,26,12075685,132
6133,Implicit Aware,26,12075685,133
6134,Implicit Aware,26,12075685,134
6135,Implicit Aware,26,12075685,135
6136,Implicit Aware,26,12075685,136
6137,Implicit Aware,26,12075685,137
6138,Implicit Aware,26,12075685,138
6139,Implicit Aware,26,12075685,139
6140,Implicit Aware,26,12075685,140
6141,Implicit Aware,26,12075685,141
6142,Implicit Aware,26,12075685,142
6143,Implicit Aware,26,12075685,143
6144,Implicit Aware,26,12075685,144
6145,Implicit Aware,26,12075685,145
6146,Implicit Aware,26,12075685,146
6147,Implicit Aware,26,12075685,147
6148,Implicit Aware,26,12075685,148
6149,Implicit Aware,26,12075685,149
6150,Implicit Aware,26,12075685,150
6151,Implicit Aware,26,12075685,151
6152,Implicit Aware,26,12075685,152
6153,Implicit Aware,26,12075685,153
6154,Implicit Aware,26,12075685,154
6155,Implicit Aware,26,12075685,155
6156,Implicit Aware,26,12075685,156
6157,Implicit Aware,26,12075685,157
6158,Implicit Aware,26,12075685,158
6159,Implicit Aware,26,12075685,159
6160,Implicit Aware,26,12075685,160
6161,Implicit Aware,26,12075685,161
6162,Implicit Aware,26,12075685,162
6163,Implicit Aware,26,12075685,163
6164,Implicit Aware,26,12075685,164
6165,Implicit Aware,26,12075685,165
6166,Implicit Aware,26,12075685,166
6167,Implicit Aware,26,12075685,167
6168,Implicit Aware,26,12075685,168
6169,Implicit Aware,26,12075685,169
6170,Implicit Aware,26,12075685,170
6171,Implicit Aware,26,12075685,171
6172,Implicit Aware,26,12075685,172
6173,Implicit Aware,26,12075685,173
6174,Implicit Aware,26,12075685,174
6175,Implicit Aware,26,12075685,175
6176,Implicit Aware,26,12075685,176
6177,Implicit Aware,26,12075685,177
6178,Implicit Aware,26,12075685,178
6179,Implicit Aware,26,12075685,179
6180,Implicit Aware,26,12075685,180
6181,Implicit Aware,26,12075685,181
6182,Implicit Aware,26,12075685,182
6183,Implicit Aware,26,12075685,183
6184,Implicit Aware,26,12075685,184
6185,Implicit Aware,26,12075685,185
6186,Implicit Aware,26,12075685,186
6187,Implicit Aware,26,12075685,187
6188,Implicit Aware,26,12075685,188
6189,Implicit Aware,26,12075685,189
6190,Implicit Aware,26,12075685,190
6191,Implicit Aware,26,12075685,191
6192,Implicit Aware,26,12075685,192
6193,Implicit Aware,26,12075685,193
6194,Implicit Aware,26,12075685,194
6195,Implicit Aware,26,12075685,195
6196,Implicit Aware,26,12075685,196
6197,Implicit Aware,26,12075685,197
6198,Implicit Aware,26,12075685,198
6199,Implicit Aware,26,12075685,199
6200,Implicit Aware,26,12075685,200
6201,Implicit Aware,26,12075685,201
6202,Implicit Aware,26,12075685,202
6203,Implicit Aware,26,12075685,203
6204,Implicit Aware,26,12075685,204
6205,Implicit Aware,26,12075685,205
6206,Implicit Aware,26,12075685,206
6207,Implicit Aware,26,12075685,207
6208,Implicit Aware,26,12075685,208
6209,Implicit Aware,26,12075685,209
6210,Implicit Aware,26,12075685,210
6211,Implicit Aware,26,12075685,211
6212,Implicit Aware,26,12075685,212
6213,Implicit Aware,26,12075685,213
6214,Implicit Aware,26,12075685,214
6215,Implicit Aware,26,12075685,215
6216,Implicit Aware,26,12075685,216
6217,Implicit Aware,26,12075685,217
6218,Implicit Aware,26,12075685,218
6219,Implicit Aware,26,12075685,219
6220,Implicit Aware,26,12075685,220
6221,Implicit Aware,26,12075685,221
6222,Implicit Aware,26,12075685,222
6223,Implicit Aware,26,12075685,223
6224,Implicit Aware,26,12075685,224
6225,Implicit Aware,26,12075685,225
6226,Implicit Aware,26,12075685,226
6227,Implicit Aware,26,12075685,227
6228,Implicit Aware,26,12075685,228
6229,Implicit Aware,26,12075685,229
6230,Implicit Aware,26,12075685,230
6231,Implicit Aware,26,12075685,231
6232,Implicit Aware,26,12075685,232
6233,Implicit Aware,26,12075685,233
6234,Implicit Aware,26,12075685,234
6235,Implicit Aware,26,12075685,235
6236,Implicit Aware,26,12075685,236
6237,Implicit Aware,26,12075685,237
6238,Implicit Aware,26,12075685,238
6239,Implicit Aware,26,12075685,239
6240,Implicit Aware,26,12075685,240
6241,Implicit Aware,27,12075687,1
6242,Implicit Aware,27,12075687,2
6243,Implicit Aware,27,12075687,3
6244,Implicit Aware,27,12075687,4
6245,Implicit Aware,27,12075687,5
6246,Implicit Aware,27,12075687,6
6247,Implicit Aware,27,12075687,7
6248,Implicit Aware,27,12075687,8
6249,Implicit Aware,27,12075687,9
6250,Implicit Aware,27,12075687,10
6251,Implicit Aware,27,12075687,11
6252,Implicit Aware,27,12075687,12
6253,Implicit Aware,27,12075687,13
6254,Implicit Aware,27,12075687,14
6255,Implicit Aware,27,12075687,15
6256,Implicit Aware,27,12075687,16
6257,Implicit Aware,27,12075687,17
6258,Implicit Aware,27,12075687,18
6259,Implicit Aware,27,12075687,19
6260,Implicit Aware,27,12075687,20
6261,Implicit Aware,27,12075687,21
6262,Implicit Aware,27,12075687,22
6263,Implicit Aware,27,12075687,23
6264,Implicit Aware,27,12075687,24
6265,Implicit Aware,27,12075687,25
6266,Implicit Aware,27,12075687,26
6267,Implicit Aware,27,12075687,27
6268,Implicit Aware,27,12075687,28
6269,Implicit Aware,27,12075687,29
6270,Implicit Aware,27,12075687,30
6271,Implicit Aware,27,12075687,31
6272,Implicit Aware,27,12075687,32
6273,Implicit Aware,27,12075687,33
6274,Implicit Aware,27,12075687,34
6275,Implicit Aware,27,12075687,35
6276,Implicit Aware,27,12075687,36
6277,Implicit Aware,27,12075687,37
6278,Implicit Aware,27,12075687,38
6279,Implicit Aware,27,12075687,39
6280,Implicit Aware,27,12075687,40
6281,Implicit Aware,27,12075687,41
6282,Implicit Aware,27,12075687,42
6283,Implicit Aware,27,12075687,43
6284,Implicit Aware,27,12075687,44
6285,Implicit Aware,27,12075687,45
6286,Implicit Aware,27,12075687,46
6287,Implicit Aware,27,12075687,47
6288,Implicit Aware,27,12075687,48
6289,Implicit Aware,27,12075687,49
6290,Implicit Aware,27,12075687,50
6291,Implicit Aware,27,12075687,51
6292,Implicit Aware,27,12075687,52
6293,Implicit Aware,27,12075687,53
6294,Implicit Aware,27,12075687,54
6295,Implicit Aware,27,12075687,55
6296,Implicit Aware,27,12075687,56
6297,Implicit Aware,27,12075687,57
6298,Implicit Aware,27,12075687,58
6299,Implicit Aware,27,12075687,59
6300,Implicit Aware,27,12075687,60
6301,Implicit Aware,27,12075687,61
6302,Implicit Aware,27,12075687,62
6303,Implicit Aware,27,12075687,63
6304,Implicit Aware,27,12075687,64
6305,Implicit Aware,27,12075687,65
6306,Implicit Aware,27,12075687,66
6307,Implicit Aware,27,12075687,67
6308,Implicit Aware,27,12075687,68
6309,Implicit Aware,27,12075687,69
6310,Implicit Aware,27,12075687,70
6311,Implicit Aware,27,12075687,71
6312,Implicit Aware,27,12075687,72
6313,Implicit Aware,27,12075687,73
6314,Implicit Aware,27,12075687,74
6315,Implicit Aware,27,12075687,75
6316,Implicit Aware,27,12075687,76
6317,Implicit Aware,27,12075687,77
6318,Implicit Aware,27,12075687,78
6319,Implicit Aware,27,12075687,79
6320,Implicit Aware,27,12075687,80
6321,Implicit Aware,27,12075687,81
6322,Implicit Aware,27,12075687,82
6323,Implicit Aware,27,12075687,83
6324,Implicit Aware,27,12075687,84
6325,Implicit Aware,27,12075687,85
6326,Implicit Aware,27,12075687,86
6327,Implicit Aware,27,12075687,87
6328,Implicit Aware,27,12075687,88
6329,Implicit Aware,27,12075687,89
6330,Implicit Aware,27,12075687,90
6331,Implicit Aware,27,12075687,91
6332,Implicit Aware,27,12075687,92
6333,Implicit Aware,27,12075687,93
6334,Implicit Aware,27,12075687,94
6335,Implicit Aware,27,12075687,95
6336,Implicit Aware,27,12075687,96
6337,Implicit Aware,27,12075687,97
6338,Implicit Aware,27,12075687,98
6339,Implicit Aware,27,12075687,99
6340,Implicit Aware,27,12075687,100
6341,Implicit Aware,27,12075687,101
6342,Implicit Aware,27,12075687,102
6343,Implicit Aware,27,12075687,103
6344,Implicit Aware,27,12075687,104
6345,Implicit Aware,27,12075687,105
6346,Implicit Aware,27,12075687,106
6347,Implicit Aware,27,12075687,107
6348,Implicit Aware,27,12075687,108
6349,Implicit Aware,27,12075687,109
6350,Implicit Aware,27,12075687,110
6351,Implicit Aware,27,12075687,111
6352,Implicit Aware,27,12075687,112
6353,Implicit Aware,27,12075687,113
6354,Implicit Aware,27,12075687,114
6355,Implicit Aware,27,12075687,115
6356,Implicit Aware,27,12075687,116
6357,Implicit Aware,27,12075687,117
6358,Implicit Aware,27,12075687,118
6359,Implicit Aware,27,12075687,119
6360,Implicit Aware,27,12075687,120
6361,Implicit Aware,27,12075687,121
6362,Implicit Aware,27,12075687,122
6363,Implicit Aware,27,12075687,123
6364,Implicit Aware,27,12075687,124
6365,Implicit Aware,27,12075687,125
6366,Implicit Aware,27,12075687,126
6367,Implicit Aware,27,12075687,127
6368,Implicit Aware,27,12075687,128
6369,Implicit Aware,27,12075687,129
6370,Implicit Aware,27,12075687,130
6371,Implicit Aware,27,12075687,131
6372,Implicit Aware,27,12075687,132
6373,Implicit Aware,27,12075687,133
6374,Implicit Aware,27,12075687,134
6375,Implicit Aware,27,12075687,135
6376,Implicit Aware,27,12075687,136
6377,Implicit Aware,27,12075687,137
6378,Implicit Aware,27,12075687,138
6379,Implicit Aware,27,12075687,139
6380,Implicit Aware,27,12075687,140
6381,Implicit Aware,27,12075687,141
6382,Implicit Aware,27,12075687,142
6383,Implicit Aware,27,12075687,143
6384,Implicit Aware,27,12075687,144
6385,Implicit Aware,27,12075687,145
6386,Implicit Aware,27,12075687,146
6387,Implicit Aware,27,12075687,147
6388,Implicit Aware,27,12075687,148
6389,Implicit Aware,27,12075687,149
6390,Implicit Aware,27,12075687,150
6391,Implicit Aware,27,12075687,151
6392,Implicit Aware,27,12075687,152
6393,Implicit Aware,27,12075687,153
6394,Implicit Aware,27,12075687,154
6395,Implicit Aware,27,12075687,155
6396,Implicit Aware,27,12075687,156
6397,Implicit Aware,27,12075687,157
6398,Implicit Aware,27,12075687,158
6399,Implicit Aware,27,12075687,159
6400,Implicit Aware,27,12075687,160
6401,Implicit Aware,27,12075687,161
6402,Implicit Aware,27,12075687,162
6403,Implicit Aware,27,12075687,163
6404,Implicit Aware,27,12075687,164
6405,Implicit Aware,27,12075687,165
6406,Implicit Aware,27,12075687,166
6407,Implicit Aware,27,12075687,167
6408,Implicit Aware,27,12075687,168
6409,Implicit Aware,27,12075687,169
6410,Implicit Aware,27,12075687,170
6411,Implicit Aware,27,12075687,171
6412,Implicit Aware,27,12075687,172
6413,Implicit Aware,27,12075687,173
6414,Implicit Aware,27,12075687,174
6415,Implicit Aware,27,12075687,175
6416,Implicit Aware,27,12075687,176
6417,Implicit Aware,27,12075687,177
6418,Implicit Aware,27,12075687,178
6419,Implicit Aware,27,12075687,179
6420,Implicit Aware,27,12075687,180
6421,Implicit Aware,27,12075687,181
6422,Implicit Aware,27,12075687,182
6423,Implicit Aware,27,12075687,183
6424,Implicit Aware,27,12075687,184
6425,Implicit Aware,27,12075687,185
6426,Implicit Aware,27,12075687,186
6427,Implicit Aware,27,12075687,187
6428,Implicit Aware,27,12075687,188
6429,Implicit Aware,27,12075687,189
6430,Implicit Aware,27,12075687,190
6431,Implicit Aware,27,12075687,191
6432,Implicit Aware,27,12075687,192
6433,Implicit Aware,27,12075687,193
6434,Implicit Aware,27,12075687,194
6435,Implicit Aware,27,12075687,195
6436,Implicit Aware,27,12075687,196
6437,Implicit Aware,27,12075687,197
6438,Implicit Aware,27,12075687,198
6439,Implicit Aware,27,12075687,199
6440,Implicit Aware,27,12075687,200
6441,Implicit Aware,27,12075687,201
6442,Implicit Aware,27,12075687,202
6443,Implicit Aware,27,12075687,203
6444,Implicit Aware,27,12075687,204
6445,Implicit Aware,27,12075687,205
6446,Implicit Aware,27,12075687,206
6447,Implicit Aware,27,12075687,207
6448,Implicit Aware,27,12075687,208
6449,Implicit Aware,27,12075687,209
6450,Implicit Aware,27,12075687,210
6451,Implicit Aware,27,12075687,211
6452,Implicit Aware,27,12075687,212
6453,Implicit Aware,27,12075687,213
6454,Implicit Aware,27,12075687,214
6455,Implicit Aware,27,12075687,215
6456,Implicit Aware,27,12075687,216
6457,Implicit Aware,27,12075687,217
6458,Implicit Aware,27,12075687,218
6459,Implicit Aware,27,12075687,219
6460,Implicit Aware,27,12075687,220
6461,Implicit Aware,27,12075687,221
6462,Implicit Aware,27,12075687,222
6463,Implicit Aware,27,12075687,223
6464,Implicit Aware,27,12075687,224
6465,Implicit Aware,27,12075687,225
6466,Implicit Aware,27,12075687,226
6467,Implicit Aware,27,12075687,227
6468,Implicit Aware,27,12075687,228
6469,Implicit Aware,27,12075687,229
6470,Implicit Aware,27,12075687,230
6471,Implicit Aware,27,12075687,231
6472,Implicit Aware,27,12075687,232
6473,Implicit Aware,27,12075687,233
6474,Implicit Aware,27,12075687,234
6475,Implicit Aware,27,12075687,235
6476,Implicit Aware,27,12075687,236
6477,Implicit Aware,27,12075687,237
6478,Implicit Aware,27,12075687,238
6479,Implicit Aware,27,12075687,239
6480,Implicit Aware,27,12075687,240
6481,Implicit Aware,28,12075691,1
6482,Implicit Aware,28,12075691,2
6483,Implicit Aware,28,12075691,3
6484,Implicit Aware,28,12075691,4
6485,Implicit Aware,28,12075691,5
6486,Implicit Aware,28,12075691,6
6487,Implicit Aware,28,12075691,7
6488,Implicit Aware,28,12075691,8
6489,Implicit Aware,28,12075691,9
6490,Implicit Aware,28,12075691,10
6491,Implicit Aware,28,12075691,11
6492,Implicit Aware,28,12075691,12
6493,Implicit Aware,28,12075691,13
6494,Implicit Aware,28,12075691,14
6495,Implicit Aware,28,12075691,15
6496,Implicit Aware,28,12075691,16
6497,Implicit Aware,28,12075691,17
6498,Implicit Aware,28,12075691,18
6499,Implicit Aware,28,12075691,19
6500,Implicit Aware,28,12075691,20
6501,Implicit Aware,28,12075691,21
6502,Implicit Aware,28,12075691,22
6503,Implicit Aware,28,12075691,23
6504,Implicit Aware,28,12075691,24
6505,Implicit Aware,28,12075691,25
6506,Implicit Aware,28,12075691,26
6507,Implicit Aware,28,12075691,27
6508,Implicit Aware,28,12075691,28
6509,Implicit Aware,28,12075691,29
6510,Implicit Aware,28,12075691,30
6511,Implicit Aware,28,12075691,31
6512,Implicit Aware,28,12075691,32
6513,Implicit Aware,28,12075691,33
6514,Implicit Aware,28,12075691,34
6515,Implicit Aware,28,12075691,35
6516,Implicit Aware,28,12075691,36
6517,Implicit Aware,28,12075691,37
6518,Implicit Aware,28,12075691,38
6519,Implicit Aware,28,12075691,39
6520,Implicit Aware,28,12075691,40
6521,Implicit Aware,28,12075691,41
6522,Implicit Aware,28,12075691,42
6523,Implicit Aware,28,12075691,43
6524,Implicit Aware,28,12075691,44
6525,Implicit Aware,28,12075691,45
6526,Implicit Aware,28,12075691,46
6527,Implicit Aware,28,12075691,47
6528,Implicit Aware,28,12075691,48
6529,Implicit Aware,28,12075691,49
6530,Implicit Aware,28,12075691,50
6531,Implicit Aware,28,12075691,51
6532,Implicit Aware,28,12075691,52
6533,Implicit Aware,28,12075691,53
6534,Implicit Aware,28,12075691,54
6535,Implicit Aware,28,12075691,55
6536,Implicit Aware,28,12075691,56
6537,Implicit Aware,28,12075691,57
6538,Implicit Aware,28,12075691,58
6539,Implicit Aware,28,12075691,59
6540,Implicit Aware,28,12075691,60
6541,Implicit Aware,28,12075691,61
6542,Implicit Aware,28,12075691,62
6543,Implicit Aware,28,12075691,63
6544,Implicit Aware,28,12075691,64
6545,Implicit Aware,28,12075691,65
6546,Implicit Aware,28,12075691,66
6547,Implicit Aware,28,12075691,67
6548,Implicit Aware,28,12075691,68
6549,Implicit Aware,28,12075691,69
6550,Implicit Aware,28,12075691,70
6551,Implicit Aware,28,12075691,71
6552,Implicit Aware,28,12075691,72
6553,Implicit Aware,28,12075691,73
6554,Implicit Aware,28,12075691,74
6555,Implicit Aware,28,12075691,75
6556,Implicit Aware,28,12075691,76
6557,Implicit Aware,28,12075691,77
6558,Implicit Aware,28,12075691,78
6559,Implicit Aware,28,12075691,79
6560,Implicit Aware,28,12075691,80
6561,Implicit Aware,28,12075691,81
6562,Implicit Aware,28,12075691,82
6563,Implicit Aware,28,12075691,83
6564,Implicit Aware,28,12075691,84
6565,Implicit Aware,28,12075691,85
6566,Implicit Aware,28,12075691,86
6567,Implicit Aware,28,12075691,87
6568,Implicit Aware,28,12075691,88
6569,Implicit Aware,28,12075691,89
6570,Implicit Aware,28,12075691,90
6571,Implicit Aware,28,12075691,91
6572,Implicit Aware,28,12075691,92
6573,Implicit Aware,28,12075691,93
6574,Implicit Aware,28,12075691,94
6575,Implicit Aware,28,12075691,95
6576,Implicit Aware,28,12075691,96
6577,Implicit Aware,28,12075691,97
6578,Implicit Aware,28,12075691,98
6579,Implicit Aware,28,12075691,99
6580,Implicit Aware,28,12075691,100
6581,Implicit Aware,28,12075691,101
6582,Implicit Aware,28,12075691,102
6583,Implicit Aware,28,12075691,103
6584,Implicit Aware,28,12075691,104
6585,Implicit Aware,28,12075691,105
6586,Implicit Aware,28,12075691,106
6587,Implicit Aware,28,12075691,107
6588,Implicit Aware,28,12075691,108
6589,Implicit Aware,28,12075691,109
6590,Implicit Aware,28,12075691,110
6591,Implicit Aware,28,12075691,111
6592,Implicit Aware,28,12075691,112
6593,Implicit Aware,28,12075691,113
6594,Implicit Aware,28,12075691,114
6595,Implicit Aware,28,12075691,115
6596,Implicit Aware,28,12075691,116
6597,Implicit Aware,28,12075691,117
6598,Implicit Aware,28,12075691,118
6599,Implicit Aware,28,12075691,119
6600,Implicit Aware,28,12075691,120
6601,Implicit Aware,28,12075691,121
6602,Implicit Aware,28,12075691,122
6603,Implicit Aware,28,12075691,123
6604,Implicit Aware,28,12075691,124
6605,Implicit Aware,28,12075691,125
6606,Implicit Aware,28,12075691,126
6607,Implicit Aware,28,12075691,127
6608,Implicit Aware,28,12075691,128
6609,Implicit Aware,28,12075691,129
6610,Implicit Aware,28,12075691,130
6611,Implicit Aware,28,12075691,131
6612,Implicit Aware,28,12075691,132
6613,Implicit Aware,28,12075691,133
6614,Implicit Aware,28,12075691,134
6615,Implicit Aware,28,12075691,135
6616,Implicit Aware,28,12075691,136
6617,Implicit Aware,28,12075691,137
6618,Implicit Aware,28,12075691,138
6619,Implicit Aware,28,12075691,139
6620,Implicit Aware,28,12075691,140
6621,Implicit Aware,28,12075691,141
6622,Implicit Aware,28,12075691,142
6623,Implicit Aware,28,12075691,143
6624,Implicit Aware,28,12075691,144
6625,Implicit Aware,28,12075691,145
6626,Implicit Aware,28,12075691,146
6627,Implicit Aware,28,12075691,147
6628,Implicit Aware,28,12075691,148
6629,Implicit Aware,28,12075691,149
6630,Implicit Aware,28,12075691,150
6631,Implicit Aware,28,12075691,151
6632,Implicit Aware,28,12075691,152
6633,Implicit Aware,28,12075691,153
6634,Implicit Aware,28,12075691,154
6635,Implicit Aware,28,12075691,155
6636,Implicit Aware,28,12075691,156
6637,Implicit Aware,28,12075691,157
6638,Implicit Aware,28,12075691,158
6639,Implicit Aware,28,12075691,159
6640,Implicit Aware,28,12075691,160
6641,Implicit Aware,28,12075691,161
6642,Implicit Aware,28,12075691,162
6643,Implicit Aware,28,12075691,163
6644,Implicit Aware,28,12075691,164
6645,Implicit Aware,28,12075691,165
6646,Implicit Aware,28,12075691,166
6647,Implicit Aware,28,12075691,167
6648,Implicit Aware,28,12075691,168
6649,Implicit Aware,28,12075691,169
6650,Implicit Aware,28,12075691,170
6651,Implicit Aware,28,12075691,171
6652,Implicit Aware,28,12075691,172
6653,Implicit Aware,28,12075691,173
6654,Implicit Aware,28,12075691,174
6655,Implicit Aware,28,12075691,175
6656,Implicit Aware,28,12075691,176
6657,Implicit Aware,28,12075691,177
6658,Implicit Aware,28,12075691,178
6659,Implicit Aware,28,12075691,179
6660,Implicit Aware,28,12075691,180
6661,Implicit Aware,28,12075691,181
6662,Implicit Aware,28,12075691,182
6663,Implicit Aware,28,12075691,183
6664,Implicit Aware,28,12075691,184
6665,Implicit Aware,28,12075691,185
6666,Implicit Aware,28,12075691,186
6667,Implicit Aware,28,12075691,187
6668,Implicit Aware,28,12075691,188
6669,Implicit Aware,28,12075691,189
6670,Implicit Aware,28,12075691,190
6671,Implicit Aware,28,12075691,191
6672,Implicit Aware,28,12075691,192
6673,Implicit Aware,28,12075691,193
6674,Implicit Aware,28,12075691,194
6675,Implicit Aware,28,12075691,195
6676,Implicit Aware,28,12075691,196
6677,Implicit Aware,28,12075691,197
6678,Implicit Aware,28,12075691,198
6679,Implicit Aware,28,12075691,199
6680,Implicit Aware,28,12075691,200
6681,Implicit Aware,28,12075691,201
6682,Implicit Aware,28,12075691,202
6683,Implicit Aware,28,12075691,203
6684,Implicit Aware,28,12075691,204
6685,Implicit Aware,28,12075691,205
6686,Implicit Aware,28,12075691,206
6687,Implicit Aware,28,12075691,207
6688,Implicit Aware,28,12075691,208
6689,Implicit Aware,28,12075691,209
6690,Implicit Aware,28,12075691,210
6691,Implicit Aware,28,12075691,211
6692,Implicit Aware,28,12075691,212
6693,Implicit Aware,28,12075691,213
6694,Implicit Aware,28,12075691,214
6695,Implicit Aware,28,12075691,215
6696,Implicit Aware,28,12075691,216
6697,Implicit Aware,28,12075691,217
6698,Implicit Aware,28,12075691,218
6699,Implicit Aware,28,12075691,219
6700,Implicit Aware,28,12075691,220
6701,Implicit Aware,28,12075691,221
6702,Implicit Aware,28,12075691,222
6703,Implicit Aware,28,12075691,223
6704,Implicit Aware,28,12075691,224
6705,Implicit Aware,28,12075691,225
6706,Implicit Aware,28,12075691,226
6707,Implicit Aware,28,12075691,227
6708,Implicit Aware,28,12075691,228
6709,Implicit Aware,28,12075691,229
6710,Implicit Aware,28,12075691,230
6711,Implicit Aware,28,12075691,231
6712,Implicit Aware,28,12075691,232
6713,Implicit Aware,28,12075691,233
6714,Implicit Aware,28,12075691,234
6715,Implicit Aware,28,12075691,235
6716,Implicit Aware,28,12075691,236
6717,Implicit Aware,28,12075691,237
6718,Implicit Aware,28,12075691,238
6719,Implicit Aware,28,12075691,239
6720,Implicit Aware,28,12075691,240
6721,Implicit Aware,29,12075708,1
6722,Implicit Aware,29,12075708,2
6723,Implicit Aware,29,12075708,3
6724,Implicit Aware,29,12075708,4
6725,Implicit Aware,29,12075708,5
6726,Implicit Aware,29,12075708,6
6727,Implicit Aware,29,12075708,7
6728,Implicit Aware,29,12075708,8
6729,Implicit Aware,29,12075708,9
6730,Implicit Aware,29,12075708,10
6731,Implicit Aware,29,12075708,11
6732,Implicit Aware,29,12075708,12
6733,Implicit Aware,29,12075708,13
6734,Implicit Aware,29,12075708,14
6735,Implicit Aware,29,12075708,15
6736,Implicit Aware,29,12075708,16
6737,Implicit Aware,29,12075708,17
6738,Implicit Aware,29,12075708,18
6739,Implicit Aware,29,12075708,19
6740,Implicit Aware,29,12075708,20
6741,Implicit Aware,29,12075708,21
6742,Implicit Aware,29,12075708,22
6743,Implicit Aware,29,12075708,23
6744,Implicit Aware,29,12075708,24
6745,Implicit Aware,29,12075708,25
6746,Implicit Aware,29,12075708,26
6747,Implicit Aware,29,12075708,27
6748,Implicit Aware,29,12075708,28
6749,Implicit Aware,29,12075708,29
6750,Implicit Aware,29,12075708,30
6751,Implicit Aware,29,12075708,31
6752,Implicit Aware,29,12075708,32
6753,Implicit Aware,29,12075708,33
6754,Implicit Aware,29,12075708,34
6755,Implicit Aware,29,12075708,35
6756,Implicit Aware,29,12075708,36
6757,Implicit Aware,29,12075708,37
6758,Implicit Aware,29,12075708,38
6759,Implicit Aware,29,12075708,39
6760,Implicit Aware,29,12075708,40
6761,Implicit Aware,29,12075708,41
6762,Implicit Aware,29,12075708,42
6763,Implicit Aware,29,12075708,43
6764,Implicit Aware,29,12075708,44
6765,Implicit Aware,29,12075708,45
6766,Implicit Aware,29,12075708,46
6767,Implicit Aware,29,12075708,47
6768,Implicit Aware,29,12075708,48
6769,Implicit Aware,29,12075708,49
6770,Implicit Aware,29,12075708,50
6771,Implicit Aware,29,12075708,51
6772,Implicit Aware,29,12075708,52
6773,Implicit Aware,29,12075708,53
6774,Implicit Aware,29,12075708,54
6775,Implicit Aware,29,12075708,55
6776,Implicit Aware,29,12075708,56
6777,Implicit Aware,29,12075708,57
6778,Implicit Aware,29,12075708,58
6779,Implicit Aware,29,12075708,59
6780,Implicit Aware,29,12075708,60
6781,Implicit Aware,29,12075708,61
6782,Implicit Aware,29,12075708,62
6783,Implicit Aware,29,12075708,63
6784,Implicit Aware,29,12075708,64
6785,Implicit Aware,29,12075708,65
6786,Implicit Aware,29,12075708,66
6787,Implicit Aware,29,12075708,67
6788,Implicit Aware,29,12075708,68
6789,Implicit Aware,29,12075708,69
6790,Implicit Aware,29,12075708,70
6791,Implicit Aware,29,12075708,71
6792,Implicit Aware,29,12075708,72
6793,Implicit Aware,29,12075708,73
6794,Implicit Aware,29,12075708,74
6795,Implicit Aware,29,12075708,75
6796,Implicit Aware,29,12075708,76
6797,Implicit Aware,29,12075708,77
6798,Implicit Aware,29,12075708,78
6799,Implicit Aware,29,12075708,79
6800,Implicit Aware,29,12075708,80
6801,Implicit Aware,29,12075708,81
6802,Implicit Aware,29,12075708,82
6803,Implicit Aware,29,12075708,83
6804,Implicit Aware,29,12075708,84
6805,Implicit Aware,29,12075708,85
6806,Implicit Aware,29,12075708,86
6807,Implicit Aware,29,12075708,87
6808,Implicit Aware,29,12075708,88
6809,Implicit Aware,29,12075708,89
6810,Implicit Aware,29,12075708,90
6811,Implicit Aware,29,12075708,91
6812,Implicit Aware,29,12075708,92
6813,Implicit Aware,29,12075708,93
6814,Implicit Aware,29,12075708,94
6815,Implicit Aware,29,12075708,95
6816,Implicit Aware,29,12075708,96
6817,Implicit Aware,29,12075708,97
6818,Implicit Aware,29,12075708,98
6819,Implicit Aware,29,12075708,99
6820,Implicit Aware,29,12075708,100
6821,Implicit Aware,29,12075708,101
6822,Implicit Aware,29,12075708,102
6823,Implicit Aware,29,12075708,103
6824,Implicit Aware,29,12075708,104
6825,Implicit Aware,29,12075708,105
6826,Implicit Aware,29,12075708,106
6827,Implicit Aware,29,12075708,107
6828,Implicit Aware,29,12075708,108
6829,Implicit Aware,29,12075708,109
6830,Implicit Aware,29,12075708,110
6831,Implicit Aware,29,12075708,111
6832,Implicit Aware,29,12075708,112
6833,Implicit Aware,29,12075708,113
6834,Implicit Aware,29,12075708,114
6835,Implicit Aware,29,12075708,115
6836,Implicit Aware,29,12075708,116
6837,Implicit Aware,29,12075708,117
6838,Implicit Aware,29,12075708,118
6839,Implicit Aware,29,12075708,119
6840,Implicit Aware,29,12075708,120
6841,Implicit Aware,29,12075708,121
6842,Implicit Aware,29,12075708,122
6843,Implicit Aware,29,12075708,123
6844,Implicit Aware,29,12075708,124
6845,Implicit Aware,29,12075708,125
6846,Implicit Aware,29,12075708,126
6847,Implicit Aware,29,12075708,127
6848,Implicit Aware,29,12075708,128
6849,Implicit Aware,29,12075708,129
6850,Implicit Aware,29,12075708,130
6851,Implicit Aware,29,12075708,131
6852,Implicit Aware,29,12075708,132
6853,Implicit Aware,29,12075708,133
6854,Implicit Aware,29,12075708,134
6855,Implicit Aware,29,12075708,135
6856,Implicit Aware,29,12075708,136
6857,Implicit Aware,29,12075708,137
6858,Implicit Aware,29,12075708,138
6859,Implicit Aware,29,12075708,139
6860,Implicit Aware,29,12075708,140
6861,Implicit Aware,29,12075708,141
6862,Implicit Aware,29,12075708,142
6863,Implicit Aware,29,12075708,143
6864,Implicit Aware,29,12075708,144
6865,Implicit Aware,29,12075708,145
6866,Implicit Aware,29,12075708,146
6867,Implicit Aware,29,12075708,147
6868,Implicit Aware,29,12075708,148
6869,Implicit Aware,29,12075708,149
6870,Implicit Aware,29,12075708,150
6871,Implicit Aware,29,12075708,151
6872,Implicit Aware,29,12075708,152
6873,Implicit Aware,29,12075708,153
6874,Implicit Aware,29,12075708,154
6875,Implicit Aware,29,12075708,155
6876,Implicit Aware,29,12075708,156
6877,Implicit Aware,29,12075708,157
6878,Implicit Aware,29,12075708,158
6879,Implicit Aware,29,12075708,159
6880,Implicit Aware,29,12075708,160
6881,Implicit Aware,29,12075708,161
6882,Implicit Aware,29,12075708,162
6883,Implicit Aware,29,12075708,163
6884,Implicit Aware,29,12075708,164
6885,Implicit Aware,29,12075708,165
6886,Implicit Aware,29,12075708,166
6887,Implicit Aware,29,12075708,167
6888,Implicit Aware,29,12075708,168
6889,Implicit Aware,29,12075708,169
6890,Implicit Aware,29,12075708,170
6891,Implicit Aware,29,12075708,171
6892,Implicit Aware,29,12075708,172
6893,Implicit Aware,29,12075708,173
6894,Implicit Aware,29,12075708,174
6895,Implicit Aware,29,12075708,175
6896,Implicit Aware,29,12075708,176
6897,Implicit Aware,29,12075708,177
6898,Implicit Aware,29,12075708,178
6899,Implicit Aware,29,12075708,179
6900,Implicit Aware,29,12075708,180
6901,Implicit Aware,29,12075708,181
6902,Implicit Aware,29,12075708,182
6903,Implicit Aware,29,12075708,183
6904,Implicit Aware,29,12075708,184
6905,Implicit Aware,29,12075708,185
6906,Implicit Aware,29,12075708,186
6907,Implicit Aware,29,12075708,187
6908,Implicit Aware,29,12075708,188
6909,Implicit Aware,29,12075708,189
6910,Implicit Aware,29,12075708,190
6911,Implicit Aware,29,12075708,191
6912,Implicit Aware,29,12075708,192
6913,Implicit Aware,29,12075708,193
6914,Implicit Aware,29,12075708,194
6915,Implicit Aware,29,12075708,195
6916,Implicit Aware,29,12075708,196
6917,Implicit Aware,29,12075708,197
6918,Implicit Aware,29,12075708,198
6919,Implicit Aware,29,12075708,199
6920,Implicit Aware,29,12075708,200
6921,Implicit Aware,29,12075708,201
6922,Implicit Aware,29,12075708,202
6923,Implicit Aware,29,12075708,203
6924,Implicit Aware,29,12075708,204
6925,Implicit Aware,29,12075708,205
6926,Implicit Aware,29,12075708,206
6927,Implicit Aware,29,12075708,207
6928,Implicit Aware,29,12075708,208
6929,Implicit Aware,29,12075708,209
6930,Implicit Aware,29,12075708,210
6931,Implicit Aware,29,12075708,211
6932,Implicit Aware,29,12075708,212
6933,Implicit Aware,29,12075708,213
6934,Implicit Aware,29,12075708,214
6935,Implicit Aware,29,12075708,215
6936,Implicit Aware,29,12075708,216
6937,Implicit Aware,29,12075708,217
6938,Implicit Aware,29,12075708,218
6939,Implicit Aware,29,12075708,219
6940,Implicit Aware,29,12075708,220
6941,Implicit Aware,29,12075708,221
6942,Implicit Aware,29,12075708,222
6943,Implicit Aware,29,12075708,223
6944,Implicit Aware,29,12075708,224
6945,Implicit Aware,29,12075708,225
6946,Implicit Aware,29,12075708,226
6947,Implicit Aware,29,12075708,227
6948,Implicit Aware,29,12075708,228
6949,Implicit Aware,29,12075708,229
6950,Implicit Aware,29,12075708,230
6951,Implicit Aware,29,12075708,231
6952,Implicit Aware,29,12075708,232
6953,Implicit Aware,29,12075708,233
6954,Implicit Aware,29,12075708,234
6955,Implicit Aware,29,12075708,235
6956,Implicit Aware,29,12075708,236
6957,Implicit Aware,29,12075708,237
6958,Implicit Aware,29,12075708,238
6959,Implicit Aware,29,12075708,239
6960,Implicit Aware,29,12075708,240
6961,Implicit Aware,30,12075709,1
6962,Implicit Aware,30,12075709,2
6963,Implicit Aware,30,12075709,3
6964,Implicit Aware,30,12075709,4
6965,Implicit Aware,30,12075709,5
6966,Implicit Aware,30,12075709,6
6967,Implicit Aware,30,12075709,7
6968,Implicit Aware,30,12075709,8
6969,Implicit Aware,30,12075709,9
6970,Implicit Aware,30,12075709,10
6971,Implicit Aware,30,12075709,11
6972,Implicit Aware,30,12075709,12
6973,Implicit Aware,30,12075709,13
6974,Implicit Aware,30,12075709,14
6975,Implicit Aware,30,12075709,15
6976,Implicit Aware,30,12075709,16
6977,Implicit Aware,30,12075709,17
6978,Implicit Aware,30,12075709,18
6979,Implicit Aware,30,12075709,19
6980,Implicit Aware,30,12075709,20
6981,Implicit Aware,30,12075709,21
6982,Implicit Aware,30,12075709,22
6983,Implicit Aware,30,12075709,23
6984,Implicit Aware,30,12075709,24
6985,Implicit Aware,30,12075709,25
6986,Implicit Aware,30,12075709,26
6987,Implicit Aware,30,12075709,27
6988,Implicit Aware,30,12075709,28
6989,Implicit Aware,30,12075709,29
6990,Implicit Aware,30,12075709,30
6991,Implicit Aware,30,12075709,31
6992,Implicit Aware,30,12075709,32
6993,Implicit Aware,30,12075709,33
6994,Implicit Aware,30,12075709,34
6995,Implicit Aware,30,12075709,35
6996,Implicit Aware,30,12075709,36
6997,Implicit Aware,30,12075709,37
6998,Implicit Aware,30,12075709,38
6999,Implicit Aware,30,12075709,39
7000,Implicit Aware,30,12075709,40
7001,Implicit Aware,30,12075709,41
7002,Implicit Aware,30,12075709,42
7003,Implicit Aware,30,12075709,43
7004,Implicit Aware,30,12075709,44
7005,Implicit Aware,30,12075709,45
7006,Implicit Aware,30,12075709,46
7007,Implicit Aware,30,12075709,47
7008,Implicit Aware,30,12075709,48
7009,Implicit Aware,30,12075709,49
7010,Implicit Aware,30,12075709,50
7011,Implicit Aware,30,12075709,51
7012,Implicit Aware,30,12075709,52
7013,Implicit Aware,30,12075709,53
7014,Implicit Aware,30,12075709,54
7015,Implicit Aware,30,12075709,55
7016,Implicit Aware,30,12075709,56
7017,Implicit Aware,30,12075709,57
7018,Implicit Aware,30,12075709,58
7019,Implicit Aware,30,12075709,59
7020,Implicit Aware,30,12075709,60
7021,Implicit Aware,30,12075709,61
7022,Implicit Aware,30,12075709,62
7023,Implicit Aware,30,12075709,63
7024,Implicit Aware,30,12075709,64
7025,Implicit Aware,30,12075709,65
7026,Implicit Aware,30,12075709,66
7027,Implicit Aware,30,12075709,67
7028,Implicit Aware,30,12075709,68
7029,Implicit Aware,30,12075709,69
7030,Implicit Aware,30,12075709,70
7031,Implicit Aware,30,12075709,71
7032,Implicit Aware,30,12075709,72
7033,Implicit Aware,30,12075709,73
7034,Implicit Aware,30,12075709,74
7035,Implicit Aware,30,12075709,75
7036,Implicit Aware,30,12075709,76
7037,Implicit Aware,30,12075709,77
7038,Implicit Aware,30,12075709,78
7039,Implicit Aware,30,12075709,79
7040,Implicit Aware,30,12075709,80
7041,Implicit Aware,30,12075709,81
7042,Implicit Aware,30,12075709,82
7043,Implicit Aware,30,12075709,83
7044,Implicit Aware,30,12075709,84
7045,Implicit Aware,30,12075709,85
7046,Implicit Aware,30,12075709,86
7047,Implicit Aware,30,12075709,87
7048,Implicit Aware,30,12075709,88
7049,Implicit Aware,30,12075709,89
7050,Implicit Aware,30,12075709,90
7051,Implicit Aware,30,12075709,91
7052,Implicit Aware,30,12075709,92
7053,Implicit Aware,30,12075709,93
7054,Implicit Aware,30,12075709,94
7055,Implicit Aware,30,12075709,95
7056,Implicit Aware,30,12075709,96
7057,Implicit Aware,30,12075709,97
7058,Implicit Aware,30,12075709,98
7059,Implicit Aware,30,12075709,99
7060,Implicit Aware,30,12075709,100
7061,Implicit Aware,30,12075709,101
7062,Implicit Aware,30,12075709,102
7063,Implicit Aware,30,12075709,103
7064,Implicit Aware,30,12075709,104
7065,Implicit Aware,30,12075709,105
7066,Implicit Aware,30,12075709,106
7067,Implicit Aware,30,12075709,107
7068,Implicit Aware,30,12075709,108
7069,Implicit Aware,30,12075709,109
7070,Implicit Aware,30,12075709,110
7071,Implicit Aware,30,12075709,111
7072,Implicit Aware,30,12075709,112
7073,Implicit Aware,30,12075709,113
7074,Implicit Aware,30,12075709,114
7075,Implicit Aware,30,12075709,115
7076,Implicit Aware,30,12075709,116
7077,Implicit Aware,30,12075709,117
7078,Implicit Aware,30,12075709,118
7079,Implicit Aware,30,12075709,119
7080,Implicit Aware,30,12075709,120
7081,Implicit Aware,30,12075709,121
7082,Implicit Aware,30,12075709,122
7083,Implicit Aware,30,12075709,123
7084,Implicit Aware,30,12075709,124
7085,Implicit Aware,30,12075709,125
7086,Implicit Aware,30,12075709,126
7087,Implicit Aware,30,12075709,127
7088,Implicit Aware,30,12075709,128
7089,Implicit Aware,30,12075709,129
7090,Implicit Aware,30,12075709,130
7091,Implicit Aware,30,12075709,131
7092,Implicit Aware,30,12075709,132
7093,Implicit Aware,30,12075709,133
7094,Implicit Aware,30,12075709,134
7095,Implicit Aware,30,12075709,135
7096,Implicit Aware,30,12075709,136
7097,Implicit Aware,30,12075709,137
7098,Implicit Aware,30,12075709,138
7099,Implicit Aware,30,12075709,139
7100,Implicit Aware,30,12075709,140
7101,Implicit Aware,30,12075709,141
7102,Implicit Aware,30,12075709,142
7103,Implicit Aware,30,12075709,143
7104,Implicit Aware,30,12075709,144
7105,Implicit Aware,30,12075709,145
7106,Implicit Aware,30,12075709,146
7107,Implicit Aware,30,12075709,147
7108,Implicit Aware,30,12075709,148
7109,Implicit Aware,30,12075709,149
7110,Implicit Aware,30,12075709,150
7111,Implicit Aware,30,12075709,151
7112,Implicit Aware,30,12075709,152
7113,Implicit Aware,30,12075709,153
7114,Implicit Aware,30,12075709,154
7115,Implicit Aware,30,12075709,155
7116,Implicit Aware,30,12075709,156
7117,Implicit Aware,30,12075709,157
7118,Implicit Aware,30,12075709,158
7119,Implicit Aware,30,12075709,159
7120,Implicit Aware,30,12075709,160
7121,Implicit Aware,30,12075709,161
7122,Implicit Aware,30,12075709,162
7123,Implicit Aware,30,12075709,163
7124,Implicit Aware,30,12075709,164
7125,Implicit Aware,30,12075709,165
7126,Implicit Aware,30,12075709,166
7127,Implicit Aware,30,12075709,167
7128,Implicit Aware,30,12075709,168
7129,Implicit Aware,30,12075709,169
7130,Implicit Aware,30,12075709,170
7131,Implicit Aware,30,12075709,171
7132,Implicit Aware,30,12075709,172
7133,Implicit Aware,30,12075709,173
7134,Implicit Aware,30,12075709,174
7135,Implicit Aware,30,12075709,175
7136,Implicit Aware,30,12075709,176
7137,Implicit Aware,30,12075709,177
7138,Implicit Aware,30,12075709,178
7139,Implicit Aware,30,12075709,179
7140,Implicit Aware,30,12075709,180
7141,Implicit Aware,30,12075709,181
7142,Implicit Aware,30,12075709,182
7143,Implicit Aware,30,12075709,183
7144,Implicit Aware,30,12075709,184
7145,Implicit Aware,30,12075709,185
7146,Implicit Aware,30,12075709,186
7147,Implicit Aware,30,12075709,187
7148,Implicit Aware,30,12075709,188
7149,Implicit Aware,30,12075709,189
7150,Implicit Aware,30,12075709,190
7151,Implicit Aware,30,12075709,191
7152,Implicit Aware,30,12075709,192
7153,Implicit Aware,30,12075709,193
7154,Implicit Aware,30,12075709,194
7155,Implicit Aware,30,12075709,195
7156,Implicit Aware,30,12075709,196
7157,Implicit Aware,30,12075709,197
7158,Implicit Aware,30,12075709,198
7159,Implicit Aware,30,12075709,199
7160,Implicit Aware,30,12075709,200
7161,Implicit Aware,30,12075709,201
7162,Implicit Aware,30,12075709,202
7163,Implicit Aware,30,12075709,203
7164,Implicit Aware,30,12075709,204
7165,Implicit Aware,30,12075709,205
7166,Implicit Aware,30,12075709,206
7167,Implicit Aware,30,12075709,207
7168,Implicit Aware,30,12075709,208
7169,Implicit Aware,30,12075709,209
7170,Implicit Aware,30,12075709,210
7171,Implicit Aware,30,12075709,211
7172,Implicit Aware,30,12075709,212
7173,Implicit Aware,30,12075709,213
7174,Implicit Aware,30,12075709,214
7175,Implicit Aware,30,12075709,215
7176,Implicit Aware,30,12075709,216
7177,Implicit Aware,30,12075709,217
7178,Implicit Aware,30,12075709,218
7179,Implicit Aware,30,12075709,219
7180,Implicit Aware,30,12075709,220
7181,Implicit Aware,30,12075709,221
7182,Implicit Aware,30,12075709,222
7183,Implicit Aware,30,12075709,223
7184,Implicit Aware,30,12075709,224
7185,Implicit Aware,30,12075709,225
7186,Implicit Aware,30,12075709,226
7187,Implicit Aware,30,12075709,227
7188,Implicit Aware,30,12075709,228
7189,Implicit Aware,30,12075709,229
7190,Implicit Aware,30,12075709,230
7191,Implicit Aware,30,12075709,231
7192,Implicit Aware,30,12075709,232
7193,Implicit Aware,30,12075709,233
7194,Implicit Aware,30,12075709,234
7195,Implicit Aware,30,12075709,235
7196,Implicit Aware,30,12075709,236
7197,Implicit Aware,30,12075709,237
7198,Implicit Aware,30,12075709,238
7199,Implicit Aware,30,12075709,239
7200,Implicit Aware,30,12075709,240
7201,Implicit Aware,31,12075718,1
7202,Implicit Aware,31,12075718,2
7203,Implicit Aware,31,12075718,3
7204,Implicit Aware,31,12075718,4
7205,Implicit Aware,31,12075718,5
7206,Implicit Aware,31,12075718,6
7207,Implicit Aware,31,12075718,7
7208,Implicit Aware,31,12075718,8
7209,Implicit Aware,31,12075718,9
7210,Implicit Aware,31,12075718,10
7211,Implicit Aware,31,12075718,11
7212,Implicit Aware,31,12075718,12
7213,Implicit Aware,31,12075718,13
7214,Implicit Aware,31,12075718,14
7215,Implicit Aware,31,12075718,15
7216,Implicit Aware,31,12075718,16
7217,Implicit Aware,31,12075718,17
7218,Implicit Aware,31,12075718,18
7219,Implicit Aware,31,12075718,19
7220,Implicit Aware,31,12075718,20
7221,Implicit Aware,31,12075718,21
7222,Implicit Aware,31,12075718,22
7223,Implicit Aware,31,12075718,23
7224,Implicit Aware,31,12075718,24
7225,Implicit Aware,31,12075718,25
7226,Implicit Aware,31,12075718,26
7227,Implicit Aware,31,12075718,27
7228,Implicit Aware,31,12075718,28
7229,Implicit Aware,31,12075718,29
7230,Implicit Aware,31,12075718,30
7231,Implicit Aware,31,12075718,31
7232,Implicit Aware,31,12075718,32
7233,Implicit Aware,31,12075718,33
7234,Implicit Aware,31,12075718,34
7235,Implicit Aware,31,12075718,35
7236,Implicit Aware,31,12075718,36
7237,Implicit Aware,31,12075718,37
7238,Implicit Aware,31,12075718,38
7239,Implicit Aware,31,12075718,39
7240,Implicit Aware,31,12075718,40
7241,Implicit Aware,31,12075718,41
7242,Implicit Aware,31,12075718,42
7243,Implicit Aware,31,12075718,43
7244,Implicit Aware,31,12075718,44
7245,Implicit Aware,31,12075718,45
7246,Implicit Aware,31,12075718,46
7247,Implicit Aware,31,12075718,47
7248,Implicit Aware,31,12075718,48
7249,Implicit Aware,31,12075718,49
7250,Implicit Aware,31,12075718,50
7251,Implicit Aware,31,12075718,51
7252,Implicit Aware,31,12075718,52
7253,Implicit Aware,31,12075718,53
7254,Implicit Aware,31,12075718,54
7255,Implicit Aware,31,12075718,55
7256,Implicit Aware,31,12075718,56
7257,Implicit Aware,31,12075718,57
7258,Implicit Aware,31,12075718,58
7259,Implicit Aware,31,12075718,59
7260,Implicit Aware,31,12075718,60
7261,Implicit Aware,31,12075718,61
7262,Implicit Aware,31,12075718,62
7263,Implicit Aware,31,12075718,63
7264,Implicit Aware,31,12075718,64
7265,Implicit Aware,31,12075718,65
7266,Implicit Aware,31,12075718,66
7267,Implicit Aware,31,12075718,67
7268,Implicit Aware,31,12075718,68
7269,Implicit Aware,31,12075718,69
7270,Implicit Aware,31,12075718,70
7271,Implicit Aware,31,12075718,71
7272,Implicit Aware,31,12075718,72
7273,Implicit Aware,31,12075718,73
7274,Implicit Aware,31,12075718,74
7275,Implicit Aware,31,12075718,75
7276,Implicit Aware,31,12075718,76
7277,Implicit Aware,31,12075718,77
7278,Implicit Aware,31,12075718,78
7279,Implicit Aware,31,12075718,79
7280,Implicit Aware,31,12075718,80
7281,Implicit Aware,31,12075718,81
7282,Implicit Aware,31,12075718,82
7283,Implicit Aware,31,12075718,83
7284,Implicit Aware,31,12075718,84
7285,Implicit Aware,31,12075718,85
7286,Implicit Aware,31,12075718,86
7287,Implicit Aware,31,12075718,87
7288,Implicit Aware,31,12075718,88
7289,Implicit Aware,31,12075718,89
7290,Implicit Aware,31,12075718,90
7291,Implicit Aware,31,12075718,91
7292,Implicit Aware,31,12075718,92
7293,Implicit Aware,31,12075718,93
7294,Implicit Aware,31,12075718,94
7295,Implicit Aware,31,12075718,95
7296,Implicit Aware,31,12075718,96
7297,Implicit Aware,31,12075718,97
7298,Implicit Aware,31,12075718,98
7299,Implicit Aware,31,12075718,99
7300,Implicit Aware,31,12075718,100
7301,Implicit Aware,31,12075718,101
7302,Implicit Aware,31,12075718,102
7303,Implicit Aware,31,12075718,103
7304,Implicit Aware,31,12075718,104
7305,Implicit Aware,31,12075718,105
7306,Implicit Aware,31,12075718,106
7307,Implicit Aware,31,12075718,107
7308,Implicit Aware,31,12075718,108
7309,Implicit Aware,31,12075718,109
7310,Implicit Aware,31,12075718,110
7311,Implicit Aware,31,12075718,111
7312,Implicit Aware,31,12075718,112
7313,Implicit Aware,31,12075718,113
7314,Implicit Aware,31,12075718,114
7315,Implicit Aware,31,12075718,115
7316,Implicit Aware,31,12075718,116
7317,Implicit Aware,31,12075718,117
7318,Implicit Aware,31,12075718,118
7319,Implicit Aware,31,12075718,119
7320,Implicit Aware,31,12075718,120
7321,Implicit Aware,31,12075718,121
7322,Implicit Aware,31,12075718,122
7323,Implicit Aware,31,12075718,123
7324,Implicit Aware,31,12075718,124
7325,Implicit Aware,31,12075718,125
7326,Implicit Aware,31,12075718,126
7327,Implicit Aware,31,12075718,127
7328,Implicit Aware,31,12075718,128
7329,Implicit Aware,31,12075718,129
7330,Implicit Aware,31,12075718,130
7331,Implicit Aware,31,12075718,131
7332,Implicit Aware,31,12075718,132
7333,Implicit Aware,31,12075718,133
7334,Implicit Aware,31,12075718,134
7335,Implicit Aware,31,12075718,135
7336,Implicit Aware,31,12075718,136
7337,Implicit Aware,31,12075718,137
7338,Implicit Aware,31,12075718,138
7339,Implicit Aware,31,12075718,139
7340,Implicit Aware,31,12075718,140
7341,Implicit Aware,31,12075718,141
7342,Implicit Aware,31,12075718,142
7343,Implicit Aware,31,12075718,143
7344,Implicit Aware,31,12075718,144
7345,Implicit Aware,31,12075718,145
7346,Implicit Aware,31,12075718,146
7347,Implicit Aware,31,12075718,147
7348,Implicit Aware,31,12075718,148
7349,Implicit Aware,31,12075718,149
7350,Implicit Aware,31,12075718,150
7351,Implicit Aware,31,12075718,151
7352,Implicit Aware,31,12075718,152
7353,Implicit Aware,31,12075718,153
7354,Implicit Aware,31,12075718,154
7355,Implicit Aware,31,12075718,155
7356,Implicit Aware,31,12075718,156
7357,Implicit Aware,31,12075718,157
7358,Implicit Aware,31,12075718,158
7359,Implicit Aware,31,12075718,159
7360,Implicit Aware,31,12075718,160
7361,Implicit Aware,31,12075718,161
7362,Implicit Aware,31,12075718,162
7363,Implicit Aware,31,12075718,163
7364,Implicit Aware,31,12075718,164
7365,Implicit Aware,31,12075718,165
7366,Implicit Aware,31,12075718,166
7367,Implicit Aware,31,12075718,167
7368,Implicit Aware,31,12075718,168
7369,Implicit Aware,31,12075718,169
7370,Implicit Aware,31,12075718,170
7371,Implicit Aware,31,12075718,171
7372,Implicit Aware,31,12075718,172
7373,Implicit Aware,31,12075718,173
7374,Implicit Aware,31,12075718,174
7375,Implicit Aware,31,12075718,175
7376,Implicit Aware,31,12075718,176
7377,Implicit Aware,31,12075718,177
7378,Implicit Aware,31,12075718,178
7379,Implicit Aware,31,12075718,179
7380,Implicit Aware,31,12075718,180
7381,Implicit Aware,31,12075718,181
7382,Implicit Aware,31,12075718,182
7383,Implicit Aware,31,12075718,183
7384,Implicit Aware,31,12075718,184
7385,Implicit Aware,31,12075718,185
7386,Implicit Aware,31,12075718,186
7387,Implicit Aware,31,12075718,187
7388,Implicit Aware,31,12075718,188
7389,Implicit Aware,31,12075718,189
7390,Implicit Aware,31,12075718,190
7391,Implicit Aware,31,12075718,191
7392,Implicit Aware,31,12075718,192
7393,Implicit Aware,31,12075718,193
7394,Implicit Aware,31,12075718,194
7395,Implicit Aware,31,12075718,195
7396,Implicit Aware,31,12075718,196
7397,Implicit Aware,31,12075718,197
7398,Implicit Aware,31,12075718,198
7399,Implicit Aware,31,12075718,199
7400,Implicit Aware,31,12075718,200
7401,Implicit Aware,31,12075718,201
7402,Implicit Aware,31,12075718,202
7403,Implicit Aware,31,12075718,203
7404,Implicit Aware,31,12075718,204
7405,Implicit Aware,31,12075718,205
7406,Implicit Aware,31,12075718,206
7407,Implicit Aware,31,12075718,207
7408,Implicit Aware,31,12075718,208
7409,Implicit Aware,31,12075718,209
7410,Implicit Aware,31,12075718,210
7411,Implicit Aware,31,12075718,211
7412,Implicit Aware,31,12075718,212
7413,Implicit Aware,31,12075718,213
7414,Implicit Aware,31,12075718,214
7415,Implicit Aware,31,12075718,215
7416,Implicit Aware,31,12075718,216
7417,Implicit Aware,31,12075718,217
7418,Implicit Aware,31,12075718,218
7419,Implicit Aware,31,12075718,219
7420,Implicit Aware,31,12075718,220
7421,Implicit Aware,31,12075718,221
7422,Implicit Aware,31,12075718,222
7423,Implicit Aware,31,12075718,223
7424,Implicit Aware,31,12075718,224
7425,Implicit Aware,31,12075718,225
7426,Implicit Aware,31,12075718,226
7427,Implicit Aware,31,12075718,227
7428,Implicit Aware,31,12075718,228
7429,Implicit Aware,31,12075718,229
7430,Implicit Aware,31,12075718,230
7431,Implicit Aware,31,12075718,231
7432,Implicit Aware,31,12075718,232
7433,Implicit Aware,31,12075718,233
7434,Implicit Aware,31,12075718,234
7435,Implicit Aware,31,12075718,235
7436,Implicit Aware,31,12075718,236
7437,Implicit Aware,31,12075718,237
7438,Implicit Aware,31,12075718,238
7439,Implicit Aware,31,12075718,239
7440,Implicit Aware,31,12075718,240
7441,Implicit Aware,32,12076229,1
7442,Implicit Aware,32,12076229,2
7443,Implicit Aware,32,12076229,3
7444,Implicit Aware,32,12076229,4
7445,Implicit Aware,32,12076229,5
7446,Implicit Aware,32,12076229,6
7447,Implicit Aware,32,12076229,7
7448,Implicit Aware,32,12076229,8
7449,Implicit Aware,32,12076229,9
7450,Implicit Aware,32,12076229,10
7451,Implicit Aware,32,12076229,11
7452,Implicit Aware,32,12076229,12
7453,Implicit Aware,32,12076229,13
7454,Implicit Aware,32,12076229,14
7455,Implicit Aware,32,12076229,15
7456,Implicit Aware,32,12076229,16
7457,Implicit Aware,32,12076229,17
7458,Implicit Aware,32,12076229,18
7459,Implicit Aware,32,12076229,19
7460,Implicit Aware,32,12076229,20
7461,Implicit Aware,32,12076229,21
7462,Implicit Aware,32,12076229,22
7463,Implicit Aware,32,12076229,23
7464,Implicit Aware,32,12076229,24
7465,Implicit Aware,32,12076229,25
7466,Implicit Aware,32,12076229,26
7467,Implicit Aware,32,12076229,27
7468,Implicit Aware,32,12076229,28
7469,Implicit Aware,32,12076229,29
7470,Implicit Aware,32,12076229,30
7471,Implicit Aware,32,12076229,31
7472,Implicit Aware,32,12076229,32
7473,Implicit Aware,32,12076229,33
7474,Implicit Aware,32,12076229,34
7475,Implicit Aware,32,12076229,35
7476,Implicit Aware,32,12076229,36
7477,Implicit Aware,32,12076229,37
7478,Implicit Aware,32,12076229,38
7479,Implicit Aware,32,12076229,39
7480,Implicit Aware,32,12076229,40
7481,Implicit Aware,32,12076229,41
7482,Implicit Aware,32,12076229,42
7483,Implicit Aware,32,12076229,43
7484,Implicit Aware,32,12076229,44
7485,Implicit Aware,32,12076229,45
7486,Implicit Aware,32,12076229,46
7487,Implicit Aware,32,12076229,47
7488,Implicit Aware,32,12076229,48
7489,Implicit Aware,32,12076229,49
7490,Implicit Aware,32,12076229,50
7491,Implicit Aware,32,12076229,51
7492,Implicit Aware,32,12076229,52
7493,Implicit Aware,32,12076229,53
7494,Implicit Aware,32,12076229,54
7495,Implicit Aware,32,12076229,55
7496,Implicit Aware,32,12076229,56
7497,Implicit Aware,32,12076229,57
7498,Implicit Aware,32,12076229,58
7499,Implicit Aware,32,12076229,59
7500,Implicit Aware,32,12076229,60
7501,Implicit Aware,32,12076229,61
7502,Implicit Aware,32,12076229,62
7503,Implicit Aware,32,12076229,63
7504,Implicit Aware,32,12076229,64
7505,Implicit Aware,32,12076229,65
7506,Implicit Aware,32,12076229,66
7507,Implicit Aware,32,12076229,67
7508,Implicit Aware,32,12076229,68
7509,Implicit Aware,32,12076229,69
7510,Implicit Aware,32,12076229,70
7511,Implicit Aware,32,12076229,71
7512,Implicit Aware,32,12076229,72
7513,Implicit Aware,32,12076229,73
7514,Implicit Aware,32,12076229,74
7515,Implicit Aware,32,12076229,75
7516,Implicit Aware,32,12076229,76
7517,Implicit Aware,32,12076229,77
7518,Implicit Aware,32,12076229,78
7519,Implicit Aware,32,12076229,79
7520,Implicit Aware,32,12076229,80
7521,Implicit Aware,32,12076229,81
7522,Implicit Aware,32,12076229,82
7523,Implicit Aware,32,12076229,83
7524,Implicit Aware,32,12076229,84
7525,Implicit Aware,32,12076229,85
7526,Implicit Aware,32,12076229,86
7527,Implicit Aware,32,12076229,87
7528,Implicit Aware,32,12076229,88
7529,Implicit Aware,32,12076229,89
7530,Implicit Aware,32,12076229,90
7531,Implicit Aware,32,12076229,91
7532,Implicit Aware,32,12076229,92
7533,Implicit Aware,32,12076229,93
7534,Implicit Aware,32,12076229,94
7535,Implicit Aware,32,12076229,95
7536,Implicit Aware,32,12076229,96
7537,Implicit Aware,32,12076229,97
7538,Implicit Aware,32,12076229,98
7539,Implicit Aware,32,12076229,99
7540,Implicit Aware,32,12076229,100
7541,Implicit Aware,32,12076229,101
7542,Implicit Aware,32,12076229,102
7543,Implicit Aware,32,12076229,103
7544,Implicit Aware,32,12076229,104
7545,Implicit Aware,32,12076229,105
7546,Implicit Aware,32,12076229,106
7547,Implicit Aware,32,12076229,107
7548,Implicit Aware,32,12076229,108
7549,Implicit Aware,32,12076229,109
7550,Implicit Aware,32,12076229,110
7551,Implicit Aware,32,12076229,111
7552,Implicit Aware,32,12076229,112
7553,Implicit Aware,32,12076229,113
7554,Implicit Aware,32,12076229,114
7555,Implicit Aware,32,12076229,115
7556,Implicit Aware,32,12076229,116
7557,Implicit Aware,32,12076229,117
7558,Implicit Aware,32,12076229,118
7559,Implicit Aware,32,12076229,119
7560,Implicit Aware,32,12076229,120
7561,Implicit Aware,32,12076229,121
7562,Implicit Aware,32,12076229,122
7563,Implicit Aware,32,12076229,123
7564,Implicit Aware,32,12076229,124
7565,Implicit Aware,32,12076229,125
7566,Implicit Aware,32,12076229,126
7567,Implicit Aware,32,12076229,127
7568,Implicit Aware,32,12076229,128
7569,Implicit Aware,32,12076229,129
7570,Implicit Aware,32,12076229,130
7571,Implicit Aware,32,12076229,131
7572,Implicit Aware,32,12076229,132
7573,Implicit Aware,32,12076229,133
7574,Implicit Aware,32,12076229,134
7575,Implicit Aware,32,12076229,135
7576,Implicit Aware,32,12076229,136
7577,Implicit Aware,32,12076229,137
7578,Implicit Aware,32,12076229,138
7579,Implicit Aware,32,12076229,139
7580,Implicit Aware,32,12076229,140
7581,Implicit Aware,32,12076229,141
7582,Implicit Aware,32,12076229,142
7583,Implicit Aware,32,12076229,143
7584,Implicit Aware,32,12076229,144
7585,Implicit Aware,32,12076229,145
7586,Implicit Aware,32,12076229,146
7587,Implicit Aware,32,12076229,147
7588,Implicit Aware,32,12076229,148
7589,Implicit Aware,32,12076229,149
7590,Implicit Aware,32,12076229,150
7591,Implicit Aware,32,12076229,151
7592,Implicit Aware,32,12076229,152
7593,Implicit Aware,32,12076229,153
7594,Implicit Aware,32,12076229,154
7595,Implicit Aware,32,12076229,155
7596,Implicit Aware,32,12076229,156
7597,Implicit Aware,32,12076229,157
7598,Implicit Aware,32,12076229,158
7599,Implicit Aware,32,12076229,159
7600,Implicit Aware,32,12076229,160
7601,Implicit Aware,32,12076229,161
7602,Implicit Aware,32,12076229,162
7603,Implicit Aware,32,12076229,163
7604,Implicit Aware,32,12076229,164
7605,Implicit Aware,32,12076229,165
7606,Implicit Aware,32,12076229,166
7607,Implicit Aware,32,12076229,167
7608,Implicit Aware,32,12076229,168
7609,Implicit Aware,32,12076229,169
7610,Implicit Aware,32,12076229,170
7611,Implicit Aware,32,12076229,171
7612,Implicit Aware,32,12076229,172
7613,Implicit Aware,32,12076229,173
7614,Implicit Aware,32,12076229,174
7615,Implicit Aware,32,12076229,175
7616,Implicit Aware,32,12076229,176
7617,Implicit Aware,32,12076229,177
7618,Implicit Aware,32,12076229,178
7619,Implicit Aware,32,12076229,179
7620,Implicit Aware,32,12076229,180
7621,Implicit Aware,32,12076229,181
7622,Implicit Aware,32,12076229,182
7623,Implicit Aware,32,12076229,183
7624,Implicit Aware,32,12076229,184
7625,Implicit Aware,32,12076229,185
7626,Implicit Aware,32,12076229,186
7627,Implicit Aware,32,12076229,187
7628,Implicit Aware,32,12076229,188
7629,Implicit Aware,32,12076229,189
7630,Implicit Aware,32,12076229,190
7631,Implicit Aware,32,12076229,191
7632,Implicit Aware,32,12076229,192
7633,Implicit Aware,32,12076229,193
7634,Implicit Aware,32,12076229,194
7635,Implicit Aware,32,12076229,195
7636,Implicit Aware,32,12076229,196
7637,Implicit Aware,32,12076229,197
7638,Implicit Aware,32,12076229,198
7639,Implicit Aware,32,12076229,199
7640,Implicit Aware,32,12076229,200
7641,Implicit Aware,32,12076229,201
7642,Implicit Aware,32,12076229,202
7643,Implicit Aware,32,12076229,203
7644,Implicit Aware,32,12076229,204
7645,Implicit Aware,32,12076229,205
7646,Implicit Aware,32,12076229,206
7647,Implicit Aware,32,12076229,207
7648,Implicit Aware,32,12076229,208
7649,Implicit Aware,32,12076229,209
7650,Implicit Aware,32,12076229,210
7651,Implicit Aware,32,12076229,211
7652,Implicit Aware,32,12076229,212
7653,Implicit Aware,32,12076229,213
7654,Implicit Aware,32,12076229,214
7655,Implicit Aware,32,12076229,215
7656,Implicit Aware,32,12076229,216
7657,Implicit Aware,32,12076229,217
7658,Implicit Aware,32,12076229,218
7659,Implicit Aware,32,12076229,219
7660,Implicit Aware,32,12076229,220
7661,Implicit Aware,32,12076229,221
7662,Implicit Aware,32,12076229,222
7663,Implicit Aware,32,12076229,223
7664,Implicit Aware,32,12076229,224
7665,Implicit Aware,32,12076229,225
7666,Implicit Aware,32,12076229,226
7667,Implicit Aware,32,12076229,227
7668,Implicit Aware,32,12076229,228
7669,Implicit Aware,32,12076229,229
7670,Implicit Aware,32,12076229,230
7671,Implicit Aware,32,12076229,231
7672,Implicit Aware,32,12076229,232
7673,Implicit Aware,32,12076229,233
7674,Implicit Aware,32,12076229,234
7675,Implicit Aware,32,12076229,235
7676,Implicit Aware,32,12076229,236
7677,Implicit Aware,32,12076229,237
7678,Implicit Aware,32,12076229,238
7679,Implicit Aware,32,12076229,239
7680,Implicit Aware,32,12076229,240
