column_position,group,subject_index,participant_id,trial
1,Explicit True,1,15938039,1
2,Explicit True,1,15938039,2
3,Explicit True,1,15938039,3
4,Explicit True,1,15938039,4
5,Explicit True,1,15938039,5
6,Explicit True,1,15938039,6
7,Explicit True,1,15938039,7
8,Explicit True,1,15938039,8
9,Explicit True,1,15938039,9
10,Explicit True,1,15938039,10
11,Explicit True,1,15938039,11
12,Explicit True,1,15938039,12
13,Explicit True,1,15938039,13
14,Explicit True,1,15938039,14
15,Explicit True,1,15938039,15
16,Explicit True,1,15938039,16
17,Explicit True,1,15938039,17
18,Explicit True,1,15938039,18
19,Explicit True,1,15938039,19
20,Explicit True,1,15938039,20
21,Explicit True,1,15938039,21
22,Explicit True,1,15938039,22
23,Explicit True,1,15938039,23
24,Explicit True,1,15938039,24
25,Explicit True,1,15938039,25
26,Explicit True,1,15938039,26
27,Explicit True,1,15938039,27
28,Explicit True,1,15938039,28
29,Explicit True,1,15938039,29
30,Explicit True,1,15938039,30
31,Explicit True,1,15938039,31
32,Explicit True,1,15938039,32
33,Explicit True,1,15938039,33
34,Explicit True,1,15938039,34
35,Explicit True,1,15938039,35
36,Explicit True,1,15938039,36
37,Explicit True,1,15938039,37
38,Explicit True,1,15938039,38
39,Explicit True,1,15938039,39
40,Explicit True,1,15938039,40
41,Explicit True,1,15938039,41
42,Explicit True,1,15938039,42
43,Explicit True,1,15938039,43
44,Explicit True,1,15938039,44
45,Explicit True,1,15938039,45
46,Explicit True,1,15938039,46
47,Explicit True,1,15938039,47
48,Explicit True,1,15938039,48
49,Explicit True,1,15938039,49
50,Explicit True,1,15938039,50
51,Explicit True,1,15938039,51
52,Explicit True,1,15938039,52
53,Explicit True,1,15938039,53
54,Explicit True,1,15938039,54
55,Explicit True,1,15938039,55
56,Explicit True,1,15938039,56
57,Explicit True,1,15938039,57
58,Explicit True,1,15938039,58
59,Explicit True,1,15938039,59
60,Explicit True,1,15938039,60
61,Explicit True,1,15938039,61
62,Explicit True,1,15938039,62
63,Explicit True,1,15938039,63
64,Explicit True,1,15938039,64
65,Explicit True,1,15938039,65
66,Explicit True,1,15938039,66
67,Explicit True,1,15938039,67
68,Explicit True,1,15938039,68
69,Explicit True,1,15938039,69
70,Explicit True,1,15938039,70
71,Explicit True,1,15938039,71
72,Explicit True,1,15938039,72
73,Explicit True,1,15938039,73
74,Explicit True,1,15938039,74
75,Explicit True,1,15938039,75
76,Explicit True,1,15938039,76
77,Explicit True,1,15938039,77
78,Explicit True,1,15938039,78
79,Explicit True,1,15938039,79
80,Explicit True,1,15938039,80
81,Explicit True,1,15938039,81
82,Explicit True,1,15938039,82
83,Explicit True,1,15938039,83
84,Explicit True,1,15938039,84
85,Explicit True,1,15938039,85
86,Explicit True,1,15938039,86
87,Explicit True,1,15938039,87
88,Explicit True,1,15938039,88
89,Explicit True,1,15938039,89
90,Explicit True,1,15938039,90
91,Explicit True,1,15938039,91
92,Explicit True,1,15938039,92
93,Explicit True,1,15938039,93
94,Explicit True,1,15938039,94
95,Explicit True,1,15938039,95
96,Explicit True,1,15938039,96
97,Explicit True,1,15938039,97
98,Explicit True,1,15938039,98
99,Explicit True,1,15938039,99
100,Explicit True,1,15938039,100
101,Explicit True,1,15938039,101
102,Explicit True,1,15938039,102
103,Explicit True,1,15938039,103
104,Explicit True,1,15938039,104
105,Explicit True,1,15938039,105
106,Explicit True,1,15938039,106
107,Explicit True,1,15938039,107
108,Explicit True,1,15938039,108
109,Explicit True,1,15938039,109
110,Explicit True,1,15938039,110
111,Explicit True,1,15938039,111
112,Explicit True,1,15938039,112
113,Explicit True,1,15938039,113
114,Explicit True,1,15938039,114
115,Explicit True,1,15938039,115
116,Explicit True,1,15938039,116
117,Explicit True,1,15938039,117
118,Explicit True,1,15938039,118
119,Explicit True,1,15938039,119
120,Explicit True,1,15938039,120
121,Explicit True,1,15938039,121
122,Explicit True,1,15938039,122
123,Explicit True,1,15938039,123
124,Explicit True,1,15938039,124
125,Explicit True,1,15938039,125
126,Explicit True,1,15938039,126
127,Explicit True,1,15938039,127
128,Explicit True,1,15938039,128
129,Explicit True,1,15938039,129
130,Explicit True,1,15938039,130
131,Explicit True,1,15938039,131
132,Explicit True,1,15938039,132
133,Explicit True,1,15938039,133
134,Explicit True,1,15938039,134
135,Explicit True,1,15938039,135
136,Explicit True,1,15938039,136
137,Explicit True,1,15938039,137
138,Explicit True,1,15938039,138
139,Explicit True,1,15938039,139
140,Explicit True,1,15938039,140
141,Explicit True,1,15938039,141
142,Explicit True,1,15938039,142
143,Explicit True,1,15938039,143
144,Explicit True,1,15938039,144
145,Explicit True,1,15938039,145
146,Explicit True,1,15938039,146
147,Explicit True,1,15938039,147
148,Explicit True,1,15938039,148
149,Explicit True,1,15938039,149
150,Explicit True,1,15938039,150
151,Explicit True,1,15938039,151
152,Explicit True,1,15938039,152
153,Explicit True,1,15938039,153
154,Explicit True,1,15938039,154
155,Explicit True,1,15938039,155
156,Explicit True,1,15938039,156
157,Explicit True,1,15938039,157
158,Explicit True,1,15938039,158
159,Explicit True,1,15938039,159
160,Explicit True,1,15938039,160
161,Explicit True,1,15938039,161
162,Explicit True,1,15938039,162
163,Explicit True,1,15938039,163
164,Explicit True,1,15938039,164
165,Explicit True,1,15938039,165
166,Explicit True,1,15938039,166
167,Explicit True,1,15938039,167
168,Explicit True,1,15938039,168
169,Explicit True,1,15938039,169
170,Explicit True,1,15938039,170
171,Explicit True,1,15938039,171
172,Explicit True,1,15938039,172
173,Explicit True,1,15938039,173
174,Explicit True,1,15938039,174
175,Explicit True,1,15938039,175
176,Explicit True,1,15938039,176
177,Explicit True,1,15938039,177
178,Explicit True,1,15938039,178
179,Explicit True,1,15938039,179
180,Explicit True,1,15938039,180
181,Explicit True,1,15938039,181
182,Explicit True,1,15938039,182
183,Explicit True,1,15938039,183
184,Explicit True,1,15938039,184
185,Explicit True,1,15938039,185
186,Explicit True,1,15938039,186
187,Explicit True,1,15938039,187
188,Explicit True,1,15938039,188
189,Explicit True,1,15938039,189
190,Explicit True,1,15938039,190
191,Explicit True,1,15938039,191
192,Explicit True,1,15938039,192
193,Explicit True,1,15938039,193
194,Explicit True,1,15938039,194
195,Explicit True,1,15938039,195
196,Explicit True,1,15938039,196
197,Explicit True,1,15938039,197
198,Explicit True,1,15938039,198
199,Explicit True,1,15938039,199
200,Explicit True,1,15938039,200
201,Explicit True,1,15938039,201
202,Explicit True,1,15938039,202
203,Explicit True,1,15938039,203
204,Explicit True,1,15938039,204
205,Explicit True,1,15938039,205
206,Explicit True,1,15938039,206
207,Explicit True,1,15938039,207
208,Explicit True,1,15938039,208
209,Explicit True,1,15938039,209
210,Explicit True,1,15938039,210
211,Explicit True,1,15938039,211
212,Explicit True,1,15938039,212
213,Explicit True,1,15938039,213
214,Explicit True,1,15938039,214
215,Explicit True,1,15938039,215
216,Explicit True,1,15938039,216
217,Explicit True,1,15938039,217
218,Explicit True,1,15938039,218
219,Explicit True,1,15938039,219
220,Explicit True,1,15938039,220
221,Explicit True,1,15938039,221
222,Explicit True,1,15938039,222
223,Explicit True,1,15938039,223
224,Explicit True,1,15938039,224
225,Explicit True,1,15938039,225
226,Explicit True,1,15938039,226
227,Explicit True,1,15938039,227
228,Explicit True,1,15938039,228
229,Explicit True,1,15938039,229
230,Explicit True,1,15938039,230
231,Explicit True,1,15938039,231
232,Explicit True,1,15938039,232
233,Explicit True,1,15938039,233
234,Explicit True,1,15938039,234
235,Explicit True,1,15938039,235
236,Explicit True,1,15938039,236
237,Explicit True,1,15938039,237
238,Explicit True,1,15938039,238
239,Explicit True,1,15938039,239
240,Explicit True,1,15938039,240
241,Explicit True,2,15938042,1
242,Explicit True,2,15938042,2
243,Explicit True,2,15938042,3
244,Explicit True,2,15938042,4
245,Explicit True,2,15938042,5
246,Explicit True,2,15938042,6
247,Explicit True,2,15938042,7
248,Explicit True,2,15938042,8
249,Explicit True,2,15938042,9
250,Explicit True,2,15938042,10
251,Explicit True,2,15938042,11
252,Explicit True,2,15938042,12
253,Explicit True,2,15938042,13
254,Explicit True,2,15938042,14
255,Explicit True,2,15938042,15
256,Explicit True,2,15938042,16
257,Explicit True,2,15938042,17
258,Explicit True,2,15938042,18
259,Explicit True,2,15938042,19
260,Explicit True,2,15938042,20
261,Explicit True,2,15938042,21
262,Explicit True,2,15938042,22
263,Explicit True,2,15938042,23
264,Explicit True,2,15938042,24
265,Explicit True,2,15938042,25
266,Explicit True,2,15938042,26
267,Explicit True,2,15938042,27
268,Explicit True,2,15938042,28
269,Explicit True,2,15938042,29
270,Explicit True,2,15938042,30
271,Explicit True,2,15938042,31
272,Explicit True,2,15938042,32
273,Explicit True,2,15938042,33
274,Explicit True,2,15938042,34
275,Explicit True,2,15938042,35
276,Explicit True,2,15938042,36
277,Explicit True,2,15938042,37
278,Explicit True,2,15938042,38
279,Explicit True,2,15938042,39
280,Explicit True,2,15938042,40
281,Explicit True,2,15938042,41
282,Explicit True,2,15938042,42
283,Explicit True,2,15938042,43
284,Explicit True,2,15938042,44
285,Explicit True,2,15938042,45
286,Explicit True,2,15938042,46
287,Explicit True,2,15938042,47
288,Explicit True,2,15938042,48
289,Explicit True,2,15938042,49
290,Explicit True,2,15938042,50
291,Explicit True,2,15938042,51
292,Explicit True,2,15938042,52
293,Explicit True,2,15938042,53
294,Explicit True,2,15938042,54
295,Explicit True,2,15938042,55
296,Explicit True,2,15938042,56
297,Explicit True,2,15938042,57
298,Explicit True,2,15938042,58
299,Explicit True,2,15938042,59
300,Explicit True,2,15938042,60
301,Explicit True,2,15938042,61
302,Explicit True,2,15938042,62
303,Explicit True,2,15938042,63
304,Explicit True,2,15938042,64
305,Explicit True,2,15938042,65
306,Explicit True,2,15938042,66
307,Explicit True,2,15938042,67
308,Explicit True,2,15938042,68
309,Explicit True,2,15938042,69
310,Explicit True,2,15938042,70
311,Explicit True,2,15938042,71
312,Explicit True,2,15938042,72
313,Explicit True,2,15938042,73
314,Explicit True,2,15938042,74
315,Explicit True,2,15938042,75
316,Explicit True,2,15938042,76
317,Explicit True,2,15938042,77
318,Explicit True,2,15938042,78
319,Explicit True,2,15938042,79
320,Explicit True,2,15938042,80
321,Explicit True,2,15938042,81
322,Explicit True,2,15938042,82
323,Explicit True,2,15938042,83
324,Explicit True,2,15938042,84
325,Explicit True,2,15938042,85
326,Explicit True,2,15938042,86
327,Explicit True,2,15938042,87
328,Explicit True,2,15938042,88
329,Explicit True,2,15938042,89
330,Explicit True,2,15938042,90
331,Explicit True,2,15938042,91
332,Explicit True,2,15938042,92
333,Explicit True,2,15938042,93
334,Explicit True,2,15938042,94
335,Explicit True,2,15938042,95
336,Explicit True,2,15938042,96
337,Explicit True,2,15938042,97
338,Explicit True,2,15938042,98
339,Explicit True,2,15938042,99
340,Explicit True,2,15938042,100
341,Explicit True,2,15938042,101
342,Explicit True,2,15938042,102
343,Explicit True,2,15938042,103
344,Explicit True,2,15938042,104
345,Explicit True,2,15938042,105
346,Explicit True,2,15938042,106
347,Explicit True,2,15938042,107
348,Explicit True,2,15938042,108
349,Explicit True,2,15938042,109
350,Explicit True,2,15938042,110
351,Explicit True,2,15938042,111
352,Explicit True,2,15938042,112
353,Explicit True,2,15938042,113
354,Explicit True,2,15938042,114
355,Explicit True,2,15938042,115
356,Explicit True,2,15938042,116
357,Explicit True,2,15938042,117
358,Explicit True,2,15938042,118
359,Explicit True,2,15938042,119
360,Explicit True,2,15938042,120
361,Explicit True,2,15938042,121
362,Explicit True,2,15938042,122
363,Explicit True,2,15938042,123
364,Explicit True,2,15938042,124
365,Explicit True,2,15938042,125
366,Explicit True,2,15938042,126
367,Explicit True,2,15938042,127
368,Explicit True,2,15938042,128
369,Explicit True,2,15938042,129
370,Explicit True,2,15938042,130
371,Explicit True,2,15938042,131
372,Explicit True,2,15938042,132
373,Explicit True,2,15938042,133
374,Explicit True,2,15938042,134
375,Explicit True,2,15938042,135
376,Explicit True,2,15938042,136
377,Explicit True,2,15938042,137
378,Explicit True,2,15938042,138
379,Explicit True,2,15938042,139
380,Explicit True,2,15938042,140
381,Explicit True,2,15938042,141
382,Explicit True,2,15938042,142
383,Explicit True,2,15938042,143
384,Explicit True,2,15938042,144
385,Explicit True,2,15938042,145
386,Explicit True,2,15938042,146
387,Explicit True,2,15938042,147
388,Explicit True,2,15938042,148
389,Explicit True,2,15938042,149
390,Explicit True,2,15938042,150
391,Explicit True,2,15938042,151
392,Explicit True,2,15938042,152
393,Explicit True,2,15938042,153
394,Explicit True,2,15938042,154
395,Explicit True,2,15938042,155
396,Explicit True,2,15938042,156
397,Explicit True,2,15938042,157
398,Explicit True,2,15938042,158
399,Explicit True,2,15938042,159
400,Explicit True,2,15938042,160
401,Explicit True,2,15938042,161
402,Explicit True,2,15938042,162
403,Explicit True,2,15938042,163
404,Explicit True,2,15938042,164
405,Explicit True,2,15938042,165
406,Explicit True,2,15938042,166
407,Explicit True,2,15938042,167
408,Explicit True,2,15938042,168
409,Explicit True,2,15938042,169
410,Explicit True,2,15938042,170
411,Explicit True,2,15938042,171
412,Explicit True,2,15938042,172
413,Explicit True,2,15938042,173
414,Explicit True,2,15938042,174
415,Explicit True,2,15938042,175
416,Explicit True,2,15938042,176
417,Explicit True,2,15938042,177
418,Explicit True,2,15938042,178
419,Explicit True,2,15938042,179
420,Explicit True,2,15938042,180
421,Explicit True,2,15938042,181
422,Explicit True,2,15938042,182
423,Explicit True,2,15938042,183
424,Explicit True,2,15938042,184
425,Explicit True,2,15938042,185
426,Explicit True,2,15938042,186
427,Explicit True,2,15938042,187
428,Explicit True,2,15938042,188
429,Explicit True,2,15938042,189
430,Explicit True,2,15938042,190
431,Explicit True,2,15938042,191
432,Explicit True,2,15938042,192
433,Explicit True,2,15938042,193
434,Explicit True,2,15938042,194
435,Explicit True,2,15938042,195
436,Explicit True,2,15938042,196
437,Explicit True,2,15938042,197
438,Explicit True,2,15938042,198
439,Explicit True,2,15938042,199
440,Explicit True,2,15938042,200
441,Explicit True,2,15938042,201
442,Explicit True,2,15938042,202
443,Explicit True,2,15938042,203
444,Explicit True,2,15938042,204
445,Explicit True,2,15938042,205
446,Explicit True,2,15938042,206
447,Explicit True,2,15938042,207
448,Explicit True,2,15938042,208
449,Explicit True,2,15938042,209
450,Explicit True,2,15938042,210
451,Explicit True,2,15938042,211
452,Explicit True,2,15938042,212
453,Explicit True,2,15938042,213
454,Explicit True,2,15938042,214
455,Explicit True,2,15938042,215
456,Explicit True,2,15938042,216
457,Explicit True,2,15938042,217
458,Explicit True,2,15938042,218
459,Explicit True,2,15938042,219
460,Explicit True,2,15938042,220
461,Explicit True,2,15938042,221
462,Explicit True,2,15938042,222
463,Explicit True,2,15938042,223
464,Explicit True,2,15938042,224
465,Explicit True,2,15938042,225
466,Explicit True,2,15938042,226
467,Explicit True,2,15938042,227
468,Explicit True,2,15938042,228
469,Explicit True,2,15938042,229
470,Explicit True,2,15938042,230
471,Explicit True,2,15938042,231
472,Explicit True,2,15938042,232
473,Explicit True,2,15938042,233
474,Explicit True,2,15938042,234
475,Explicit True,2,15938042,235
476,Explicit True,2,15938042,236
477,Explicit True,2,15938042,237
478,Explicit True,2,15938042,238
479,Explicit True,2,15938042,239
480,Explicit True,2,15938042,240
481,Explicit True,3,15938043,1
482,Explicit True,3,15938043,2
483,Explicit True,3,15938043,3
484,Explicit True,3,15938043,4
485,Explicit True,3,15938043,5
486,Explicit True,3,15938043,6
487,Explicit True,3,15938043,7
488,Explicit True,3,15938043,8
489,Explicit True,3,15938043,9
490,Explicit True,3,15938043,10
491,Explicit True,3,15938043,11
492,Explicit True,3,15938043,12
493,Explicit True,3,15938043,13
494,Explicit True,3,15938043,14
495,Explicit True,3,15938043,15
496,Explicit True,3,15938043,16
497,Explicit True,3,15938043,17
498,Explicit True,3,15938043,18
499,Explicit True,3,15938043,19
500,Explicit True,3,15938043,20
501,Explicit True,3,15938043,21
502,Explicit True,3,15938043,22
503,Explicit True,3,15938043,23
504,Explicit True,3,15938043,24
505,Explicit True,3,15938043,25
506,Explicit True,3,15938043,26
507,Explicit True,3,15938043,27
508,Explicit True,3,15938043,28
509,Explicit True,3,15938043,29
510,Explicit True,3,15938043,30
511,Explicit True,3,15938043,31
512,Explicit True,3,15938043,32
513,Explicit True,3,15938043,33
514,Explicit True,3,15938043,34
515,Explicit True,3,15938043,35
516,Explicit True,3,15938043,36
517,Explicit True,3,15938043,37
518,Explicit True,3,15938043,38
519,Explicit True,3,15938043,39
520,Explicit True,3,15938043,40
521,Explicit True,3,15938043,41
522,Explicit True,3,15938043,42
523,Explicit True,3,15938043,43
524,Explicit True,3,15938043,44
525,Explicit True,3,15938043,45
526,Explicit True,3,15938043,46
527,Explicit True,3,15938043,47
528,Explicit True,3,15938043,48
529,Explicit True,3,15938043,49
530,Explicit True,3,15938043,50
531,Explicit True,3,15938043,51
532,Explicit True,3,15938043,52
533,Explicit True,3,15938043,53
534,Explicit True,3,15938043,54
535,Explicit True,3,15938043,55
536,Explicit True,3,15938043,56
537,Explicit True,3,15938043,57
538,Explicit True,3,15938043,58
539,Explicit True,3,15938043,59
540,Explicit True,3,15938043,60
541,Explicit True,3,15938043,61
542,Explicit True,3,15938043,62
543,Explicit True,3,15938043,63
544,Explicit True,3,15938043,64
545,Explicit True,3,15938043,65
546,Explicit True,3,15938043,66
547,Explicit True,3,15938043,67
548,Explicit True,3,15938043,68
549,Explicit True,3,15938043,69
550,Explicit True,3,15938043,70
551,Explicit True,3,15938043,71
552,Explicit True,3,15938043,72
553,Explicit True,3,15938043,73
554,Explicit True,3,15938043,74
555,Explicit True,3,15938043,75
556,Explicit True,3,15938043,76
557,Explicit True,3,15938043,77
558,Explicit True,3,15938043,78
559,Explicit True,3,15938043,79
560,Explicit True,3,15938043,80
561,Explicit True,3,15938043,81
562,Explicit True,3,15938043,82
563,Explicit True,3,15938043,83
564,Explicit True,3,15938043,84
565,Explicit True,3,15938043,85
566,Explicit True,3,15938043,86
567,Explicit True,3,15938043,87
568,Explicit True,3,15938043,88
569,Explicit True,3,15938043,89
570,Explicit True,3,15938043,90
571,Explicit True,3,15938043,91
572,Explicit True,3,15938043,92
573,Explicit True,3,15938043,93
574,Explicit True,3,15938043,94
575,Explicit True,3,15938043,95
576,Explicit True,3,15938043,96
577,Explicit True,3,15938043,97
578,Explicit True,3,15938043,98
579,Explicit True,3,15938043,99
580,Explicit True,3,15938043,100
581,Explicit True,3,15938043,101
582,Explicit True,3,15938043,102
583,Explicit True,3,15938043,103
584,Explicit True,3,15938043,104
585,Explicit True,3,15938043,105
586,Explicit True,3,15938043,106
587,Explicit True,3,15938043,107
588,Explicit True,3,15938043,108
589,Explicit True,3,15938043,109
590,Explicit True,3,15938043,110
591,Explicit True,3,15938043,111
592,Explicit True,3,15938043,112
593,Explicit True,3,15938043,113
594,Explicit True,3,15938043,114
595,Explicit True,3,15938043,115
596,Explicit True,3,15938043,116
597,Explicit True,3,15938043,117
598,Explicit True,3,15938043,118
599,Explicit True,3,15938043,119
600,Explicit True,3,15938043,120
601,Explicit True,3,15938043,121
602,Explicit True,3,15938043,122
603,Explicit True,3,15938043,123
604,Explicit True,3,15938043,124
605,Explicit True,3,15938043,125
606,Explicit True,3,15938043,126
607,Explicit True,3,15938043,127
608,Explicit True,3,15938043,128
609,Explicit True,3,15938043,129
610,Explicit True,3,15938043,130
611,Explicit True,3,15938043,131
612,Explicit True,3,15938043,132
613,Explicit True,3,15938043,133
614,Explicit True,3,15938043,134
615,Explicit True,3,15938043,135
616,Explicit True,3,15938043,136
617,Explicit True,3,15938043,137
618,Explicit True,3,15938043,138
619,Explicit True,3,15938043,139
620,Explicit True,3,15938043,140
621,Explicit True,3,15938043,141
622,Explicit True,3,15938043,142
623,Explicit True,3,15938043,143
624,Explicit True,3,15938043,144
625,Explicit True,3,15938043,145
626,Explicit True,3,15938043,146
627,Explicit True,3,15938043,147
628,Explicit True,3,15938043,148
629,Explicit True,3,15938043,149
630,Explicit True,3,15938043,150
631,Explicit True,3,15938043,151
632,Explicit True,3,15938043,152
633,Explicit True,3,15938043,153
634,Explicit True,3,15938043,154
635,Explicit True,3,15938043,155
636,Explicit True,3,15938043,156
637,Explicit True,3,15938043,157
638,Explicit True,3,15938043,158
639,Explicit True,3,15938043,159
640,Explicit True,3,15938043,160
641,Explicit True,3,15938043,161
642,Explicit True,3,15938043,162
643,Explicit True,3,15938043,163
644,Explicit True,3,15938043,164
645,Explicit True,3,15938043,165
646,Explicit True,3,15938043,166
647,Explicit True,3,15938043,167
648,Explicit True,3,15938043,168
649,Explicit True,3,15938043,169
650,Explicit True,3,15938043,170
651,Explicit True,3,15938043,171
652,Explicit True,3,15938043,172
653,Explicit True,3,15938043,173
654,Explicit True,3,15938043,174
655,Explicit True,3,15938043,175
656,Explicit True,3,15938043,176
657,Explicit True,3,15938043,177
658,Explicit True,3,15938043,178
659,Explicit True,3,15938043,179
660,Explicit True,3,15938043,180
661,Explicit True,3,15938043,181
662,Explicit True,3,15938043,182
663,Explicit True,3,15938043,183
664,Explicit True,3,15938043,184
665,Explicit True,3,15938043,185
666,Explicit True,3,15938043,186
667,Explicit True,3,15938043,187
668,Explicit True,3,15938043,188
669,Explicit True,3,15938043,189
670,Explicit True,3,15938043,190
671,Explicit True,3,15938043,191
672,Explicit True,3,15938043,192
673,Explicit True,3,15938043,193
674,Explicit True,3,15938043,194
675,Explicit True,3,15938043,195
676,Explicit True,3,15938043,196
677,Explicit True,3,15938043,197
678,Explicit True,3,15938043,198
679,Explicit True,3,15938043,199
680,Explicit True,3,15938043,200
681,Explicit True,3,15938043,201
682,Explicit True,3,15938043,202
683,Explicit True,3,15938043,203
684,Explicit True,3,15938043,204
685,Explicit True,3,15938043,205
686,Explicit True,3,15938043,206
687,Explicit True,3,15938043,207
688,Explicit True,3,15938043,208
689,Explicit True,3,15938043,209
690,Explicit True,3,15938043,210
691,Explicit True,3,15938043,211
692,Explicit True,3,15938043,212
693,Explicit True,3,15938043,213
694,Explicit True,3,15938043,214
695,Explicit True,3,15938043,215
696,Explicit True,3,15938043,216
697,Explicit True,3,15938043,217
698,Explicit True,3,15938043,218
699,Explicit True,3,15938043,219
700,Explicit True,3,15938043,220
701,Explicit True,3,15938043,221
702,Explicit True,3,15938043,222
703,Explicit True,3,15938043,223
704,Explicit True,3,15938043,224
705,Explicit True,3,15938043,225
706,Explicit True,3,15938043,226
707,Explicit True,3,15938043,227
708,Explicit True,3,15938043,228
709,Explicit True,3,15938043,229
710,Explicit True,3,15938043,230
711,Explicit True,3,15938043,231
712,Explicit True,3,15938043,232
713,Explicit True,3,15938043,233
714,Explicit True,3,15938043,234
715,Explicit True,3,15938043,235
716,Explicit True,3,15938043,236
717,Explicit True,3,15938043,237
718,Explicit True,3,15938043,238
719,Explicit True,3,15938043,239
720,Explicit True,3,15938043,240
721,Explicit True,4,15938057,1
722,Explicit True,4,15938057,2
723,Explicit True,4,15938057,3
724,Explicit True,4,15938057,4
725,Explicit True,4,15938057,5
726,Explicit True,4,15938057,6
727,Explicit True,4,15938057,7
728,Explicit True,4,15938057,8
729,Explicit True,4,15938057,9
730,Explicit True,4,15938057,10
731,Explicit True,4,15938057,11
732,Explicit True,4,15938057,12
733,Explicit True,4,15938057,13
734,Explicit True,4,15938057,14
735,Explicit True,4,15938057,15
736,Explicit True,4,15938057,16
737,Explicit True,4,15938057,17
738,Explicit True,4,15938057,18
739,Explicit True,4,15938057,19
740,Explicit True,4,15938057,20
741,Explicit True,4,15938057,21
742,Explicit True,4,15938057,22
743,Explicit True,4,15938057,23
744,Explicit True,4,15938057,24
745,Explicit True,4,15938057,25
746,Explicit True,4,15938057,26
747,Explicit True,4,15938057,27
748,Explicit True,4,15938057,28
749,Explicit True,4,15938057,29
750,Explicit True,4,15938057,30
751,Explicit True,4,15938057,31
752,Explicit True,4,15938057,32
753,Explicit True,4,15938057,33
754,Explicit True,4,15938057,34
755,Explicit True,4,15938057,35
756,Explicit True,4,15938057,36
757,Explicit True,4,15938057,37
758,Explicit True,4,15938057,38
759,Explicit True,4,15938057,39
760,Explicit True,4,15938057,40
761,Explicit True,4,15938057,41
762,Explicit True,4,15938057,42
763,Explicit True,4,15938057,43
764,Explicit True,4,15938057,44
765,Explicit True,4,15938057,45
766,Explicit True,4,15938057,46
767,Explicit True,4,15938057,47
768,Explicit True,4,15938057,48
769,Explicit True,4,15938057,49
770,Explicit True,4,15938057,50
771,Explicit True,4,15938057,51
772,Explicit True,4,15938057,52
773,Explicit True,4,15938057,53
774,Explicit True,4,15938057,54
775,Explicit True,4,15938057,55
776,Explicit True,4,15938057,56
777,Explicit True,4,15938057,57
778,Explicit True,4,15938057,58
779,Explicit True,4,15938057,59
780,Explicit True,4,15938057,60
781,Explicit True,4,15938057,61
782,Explicit True,4,15938057,62
783,Explicit True,4,15938057,63
784,Explicit True,4,15938057,64
785,Explicit True,4,15938057,65
786,Explicit True,4,15938057,66
787,Explicit True,4,15938057,67
788,Explicit True,4,15938057,68
789,Explicit True,4,15938057,69
790,Explicit True,4,15938057,70
791,Explicit True,4,15938057,71
792,Explicit True,4,15938057,72
793,Explicit True,4,15938057,73
794,Explicit True,4,15938057,74
795,Explicit True,4,15938057,75
796,Explicit True,4,15938057,76
797,Explicit True,4,15938057,77
798,Explicit True,4,15938057,78
799,Explicit True,4,15938057,79
800,Explicit True,4,15938057,80
801,Explicit True,4,15938057,81
802,Explicit True,4,15938057,82
803,Explicit True,4,15938057,83
804,Explicit True,4,15938057,84
805,Explicit True,4,15938057,85
806,Explicit True,4,15938057,86
807,Explicit True,4,15938057,87
808,Explicit True,4,15938057,88
809,Explicit True,4,15938057,89
810,Explicit True,4,15938057,90
811,Explicit True,4,15938057,91
812,Explicit True,4,15938057,92
813,Explicit True,4,15938057,93
814,Explicit True,4,15938057,94
815,Explicit True,4,15938057,95
816,Explicit True,4,15938057,96
817,Explicit True,4,15938057,97
818,Explicit True,4,15938057,98
819,Explicit True,4,15938057,99
820,Explicit True,4,15938057,100
821,Explicit True,4,15938057,101
822,Explicit True,4,15938057,102
823,Explicit True,4,15938057,103
824,Explicit True,4,15938057,104
825,Explicit True,4,15938057,105
826,Explicit True,4,15938057,106
827,Explicit True,4,15938057,107
828,Explicit True,4,15938057,108
829,Explicit True,4,15938057,109
830,Explicit True,4,15938057,110
831,Explicit True,4,15938057,111
832,Explicit True,4,15938057,112
833,Explicit True,4,15938057,113
834,Explicit True,4,15938057,114
835,Explicit True,4,15938057,115
836,Explicit True,4,15938057,116
837,Explicit True,4,15938057,117
838,Explicit True,4,15938057,118
839,Explicit True,4,15938057,119
840,Explicit True,4,15938057,120
841,Explicit True,4,15938057,121
842,Explicit True,4,15938057,122
843,Explicit True,4,15938057,123
844,Explicit True,4,15938057,124
845,Explicit True,4,15938057,125
846,Explicit True,4,15938057,126
847,Explicit True,4,15938057,127
848,Explicit True,4,15938057,128
849,Explicit True,4,15938057,129
850,Explicit True,4,15938057,130
851,Explicit True,4,15938057,131
852,Explicit True,4,15938057,132
853,Explicit True,4,15938057,133
854,Explicit True,4,15938057,134
855,Explicit True,4,15938057,135
856,Explicit True,4,15938057,136
857,Explicit True,4,15938057,137
858,Explicit True,4,15938057,138
859,Explicit True,4,15938057,139
860,Explicit True,4,15938057,140
861,Explicit True,4,15938057,141
862,Explicit True,4,15938057,142
863,Explicit True,4,15938057,143
864,Explicit True,4,15938057,144
865,Explicit True,4,15938057,145
866,Explicit True,4,15938057,146
867,Explicit True,4,15938057,147
868,Explicit True,4,15938057,148
869,Explicit True,4,15938057,149
870,Explicit True,4,15938057,150
871,Explicit True,4,15938057,151
872,Explicit True,4,15938057,152
873,Explicit True,4,15938057,153
874,Explicit True,4,15938057,154
875,Explicit True,4,15938057,155
876,Explicit True,4,15938057,156
877,Explicit True,4,15938057,157
878,Explicit True,4,15938057,158
879,Explicit True,4,15938057,159
880,Explicit True,4,15938057,160
881,Explicit True,4,15938057,161
882,Explicit True,4,15938057,162
883,Explicit True,4,15938057,163
884,Explicit True,4,15938057,164
885,Explicit True,4,15938057,165
886,Explicit True,4,15938057,166
887,Explicit True,4,15938057,167
888,Explicit True,4,15938057,168
889,Explicit True,4,15938057,169
890,Explicit True,4,15938057,170
891,Explicit True,4,15938057,171
892,Explicit True,4,15938057,172
893,Explicit True,4,15938057,173
894,Explicit True,4,15938057,174
895,Explicit True,4,15938057,175
896,Explicit True,4,15938057,176
897,Explicit True,4,15938057,177
898,Explicit True,4,15938057,178
899,Explicit True,4,15938057,179
900,Explicit True,4,15938057,180
901,Explicit True,4,15938057,181
902,Explicit True,4,15938057,182
903,Explicit True,4,15938057,183
904,Explicit True,4,15938057,184
905,Explicit True,4,15938057,185
906,Explicit True,4,15938057,186
907,Explicit True,4,15938057,187
908,Explicit True,4,15938057,188
909,Explicit True,4,15938057,189
910,Explicit True,4,15938057,190
911,Explicit True,4,15938057,191
912,Explicit True,4,15938057,192
913,Explicit True,4,15938057,193
914,Explicit True,4,15938057,194
915,Explicit True,4,15938057,195
916,Explicit True,4,15938057,196
917,Explicit True,4,15938057,197
918,Explicit True,4,15938057,198
919,Explicit True,4,15938057,199
920,Explicit True,4,15938057,200
921,Explicit True,4,15938057,201
922,Explicit True,4,15938057,202
923,Explicit True,4,15938057,203
924,Explicit True,4,15938057,204
925,Explicit True,4,15938057,205
926,Explicit True,4,15938057,206
927,Explicit True,4,15938057,207
928,Explicit True,4,15938057,208
929,Explicit True,4,15938057,209
930,Explicit True,4,15938057,210
931,Explicit True,4,15938057,211
932,Explicit True,4,15938057,212
933,Explicit True,4,15938057,213
934,Explicit True,4,15938057,214
935,Explicit True,4,15938057,215
936,Explicit True,4,15938057,216
937,Explicit True,4,15938057,217
938,Explicit True,4,15938057,218
939,Explicit True,4,15938057,219
940,Explicit True,4,15938057,220
941,Explicit True,4,15938057,221
942,Explicit True,4,15938057,222
943,Explicit True,4,15938057,223
944,Explicit True,4,15938057,224
945,Explicit True,4,15938057,225
946,Explicit True,4,15938057,226
947,Explicit True,4,15938057,227
948,Explicit True,4,15938057,228
949,Explicit True,4,15938057,229
950,Explicit True,4,15938057,230
951,Explicit True,4,15938057,231
952,Explicit True,4,15938057,232
953,Explicit True,4,15938057,233
954,Explicit True,4,15938057,234
955,Explicit True,4,15938057,235
956,Explicit True,4,15938057,236
957,Explicit True,4,15938057,237
958,Explicit True,4,15938057,238
959,Explicit True,4,15938057,239
960,Explicit True,4,15938057,240
961,Explicit True,5,16001799,1
962,Explicit True,5,16001799,2
963,Explicit True,5,16001799,3
964,Explicit True,5,16001799,4
965,Explicit True,5,16001799,5
966,Explicit True,5,16001799,6
967,Explicit True,5,16001799,7
968,Explicit True,5,16001799,8
969,Explicit True,5,16001799,9
970,Explicit True,5,16001799,10
971,Explicit True,5,16001799,11
972,Explicit True,5,16001799,12
973,Explicit True,5,16001799,13
974,Explicit True,5,16001799,14
975,Explicit True,5,16001799,15
976,Explicit True,5,16001799,16
977,Explicit True,5,16001799,17
978,Explicit True,5,16001799,18
979,Explicit True,5,16001799,19
980,Explicit True,5,16001799,20
981,Explicit True,5,16001799,21
982,Explicit True,5,16001799,22
983,Explicit True,5,16001799,23
984,Explicit True,5,16001799,24
985,Explicit True,5,16001799,25
986,Explicit True,5,16001799,26
987,Explicit True,5,16001799,27
988,Explicit True,5,16001799,28
989,Explicit True,5,16001799,29
990,Explicit True,5,16001799,30
991,Explicit True,5,16001799,31
992,Explicit True,5,16001799,32
993,Explicit True,5,16001799,33
994,Explicit True,5,16001799,34
995,Explicit True,5,16001799,35
996,Explicit True,5,16001799,36
997,Explicit True,5,16001799,37
998,Explicit True,5,16001799,38
999,Explicit True,5,16001799,39
1000,Explicit True,5,16001799,40
1001,Explicit True,5,16001799,41
1002,Explicit True,5,16001799,42
1003,Explicit True,5,16001799,43
1004,Explicit True,5,16001799,44
1005,Explicit True,5,16001799,45
1006,Explicit True,5,16001799,46
1007,Explicit True,5,16001799,47
1008,Explicit True,5,16001799,48
1009,Explicit True,5,16001799,49
1010,Explicit True,5,16001799,50
1011,Explicit True,5,16001799,51
1012,Explicit True,5,16001799,52
1013,Explicit True,5,16001799,53
1014,Explicit True,5,16001799,54
1015,Explicit True,5,16001799,55
1016,Explicit True,5,16001799,56
1017,Explicit True,5,16001799,57
1018,Explicit True,5,16001799,58
1019,Explicit True,5,16001799,59
1020,Explicit True,5,16001799,60
1021,Explicit True,5,16001799,61
1022,Explicit True,5,16001799,62
1023,Explicit True,5,16001799,63
1024,Explicit True,5,16001799,64
1025,Explicit True,5,16001799,65
1026,Explicit True,5,16001799,66
1027,Explicit True,5,16001799,67
1028,Explicit True,5,16001799,68
1029,Explicit True,5,16001799,69
1030,Explicit True,5,16001799,70
1031,Explicit True,5,16001799,71
1032,Explicit True,5,16001799,72
1033,Explicit True,5,16001799,73
1034,Explicit True,5,16001799,74
1035,Explicit True,5,16001799,75
1036,Explicit True,5,16001799,76
1037,Explicit True,5,16001799,77
1038,Explicit True,5,16001799,78
1039,Explicit True,5,16001799,79
1040,Explicit True,5,16001799,80
1041,Explicit True,5,16001799,81
1042,Explicit True,5,16001799,82
1043,Explicit True,5,16001799,83
1044,Explicit True,5,16001799,84
1045,Explicit True,5,16001799,85
1046,Explicit True,5,16001799,86
1047,Explicit True,5,16001799,87
1048,Explicit True,5,16001799,88
1049,Explicit True,5,16001799,89
1050,Explicit True,5,16001799,90
1051,Explicit True,5,16001799,91
1052,Explicit True,5,16001799,92
1053,Explicit True,5,16001799,93
1054,Explicit True,5,16001799,94
1055,Explicit True,5,16001799,95
1056,Explicit True,5,16001799,96
1057,Explicit True,5,16001799,97
1058,Explicit True,5,16001799,98
1059,Explicit True,5,16001799,99
1060,Explicit True,5,16001799,100
1061,Explicit True,5,16001799,101
1062,Explicit True,5,16001799,102
1063,Explicit True,5,16001799,103
1064,Explicit True,5,16001799,104
1065,Explicit True,5,16001799,105
1066,Explicit True,5,16001799,106
1067,Explicit True,5,16001799,107
1068,Explicit True,5,16001799,108
1069,Explicit True,5,16001799,109
1070,Explicit True,5,16001799,110
1071,Explicit True,5,16001799,111
1072,Explicit True,5,16001799,112
1073,Explicit True,5,16001799,113
1074,Explicit True,5,16001799,114
1075,Explicit True,5,16001799,115
1076,Explicit True,5,16001799,116
1077,Explicit True,5,16001799,117
1078,Explicit True,5,16001799,118
1079,Explicit True,5,16001799,119
1080,Explicit True,5,16001799,120
1081,Explicit True,5,16001799,121
1082,Explicit True,5,16001799,122
1083,Explicit True,5,16001799,123
1084,Explicit True,5,16001799,124
1085,Explicit True,5,16001799,125
1086,Explicit True,5,16001799,126
1087,Explicit True,5,16001799,127
1088,Explicit True,5,16001799,128
1089,Explicit True,5,16001799,129
1090,Explicit True,5,16001799,130
1091,Explicit True,5,16001799,131
1092,Explicit True,5,16001799,132
1093,Explicit True,5,16001799,133
1094,Explicit True,5,16001799,134
1095,Explicit True,5,16001799,135
1096,Explicit True,5,16001799,136
1097,Explicit True,5,16001799,137
1098,Explicit True,5,16001799,138
1099,Explicit True,5,16001799,139
1100,Explicit True,5,16001799,140
1101,Explicit True,5,16001799,141
1102,Explicit True,5,16001799,142
1103,Explicit True,5,16001799,143
1104,Explicit True,5,16001799,144
1105,Explicit True,5,16001799,145
1106,Explicit True,5,16001799,146
1107,Explicit True,5,16001799,147
1108,Explicit True,5,16001799,148
1109,Explicit True,5,16001799,149
1110,Explicit True,5,16001799,150
1111,Explicit True,5,16001799,151
1112,Explicit True,5,16001799,152
1113,Explicit True,5,16001799,153
1114,Explicit True,5,16001799,154
1115,Explicit True,5,16001799,155
1116,Explicit True,5,16001799,156
1117,Explicit True,5,16001799,157
1118,Explicit True,5,16001799,158
1119,Explicit True,5,16001799,159
1120,Explicit True,5,16001799,160
1121,Explicit True,5,16001799,161
1122,Explicit True,5,16001799,162
1123,Explicit True,5,16001799,163
1124,Explicit True,5,16001799,164
1125,Explicit True,5,16001799,165
1126,Explicit True,5,16001799,166
1127,Explicit True,5,16001799,167
1128,Explicit True,5,16001799,168
1129,Explicit True,5,16001799,169
1130,Explicit True,5,16001799,170
1131,Explicit True,5,16001799,171
1132,Explicit True,5,16001799,172
1133,Explicit True,5,16001799,173
1134,Explicit True,5,16001799,174
1135,Explicit True,5,16001799,175
1136,Explicit True,5,16001799,176
1137,Explicit True,5,16001799,177
1138,Explicit True,5,16001799,178
1139,Explicit True,5,16001799,179
1140,Explicit True,5,16001799,180
1141,Explicit True,5,16001799,181
1142,Explicit True,5,16001799,182
1143,Explicit True,5,16001799,183
1144,Explicit True,5,16001799,184
1145,Explicit True,5,16001799,185
1146,Explicit True,5,16001799,186
1147,Explicit True,5,16001799,187
1148,Explicit True,5,16001799,188
1149,Explicit True,5,16001799,189
1150,Explicit True,5,16001799,190
1151,Explicit True,5,16001799,191
1152,Explicit True,5,16001799,192
1153,Explicit True,5,16001799,193
1154,Explicit True,5,16001799,194
1155,Explicit True,5,16001799,195
1156,Explicit True,5,16001799,196
1157,Explicit True,5,16001799,197
1158,Explicit True,5,16001799,198
1159,Explicit True,5,16001799,199
1160,Explicit True,5,16001799,200
1161,Explicit True,5,16001799,201
1162,Explicit True,5,16001799,202
1163,Explicit True,5,16001799,203
1164,Explicit True,5,16001799,204
1165,Explicit True,5,16001799,205
1166,Explicit True,5,16001799,206
1167,Explicit True,5,16001799,207
1168,Explicit True,5,16001799,208
1169,Explicit True,5,16001799,209
1170,Explicit True,5,16001799,210
1171,Explicit True,5,16001799,211
1172,Explicit True,5,16001799,212
1173,Explicit True,5,16001799,213
1174,Explicit True,5,16001799,214
1175,Explicit True,5,16001799,215
1176,Explicit True,5,16001799,216
1177,Explicit True,5,16001799,217
1178,Explicit True,5,16001799,218
1179,Explicit True,5,16001799,219
1180,Explicit True,5,16001799,220
1181,Explicit True,5,16001799,221
1182,Explicit True,5,16001799,222
1183,Explicit True,5,16001799,223
1184,Explicit True,5,16001799,224
1185,Explicit True,5,16001799,225
1186,Explicit True,5,16001799,226
1187,Explicit True,5,16001799,227
1188,Explicit True,5,16001799,228
1189,Explicit True,5,16001799,229
1190,Explicit True,5,16001799,230
1191,Explicit True,5,16001799,231
1192,Explicit True,5,16001799,232
1193,Explicit True,5,16001799,233
1194,Explicit True,5,16001799,234
1195,Explicit True,5,16001799,235
1196,Explicit True,5,16001799,236
1197,Explicit True,5,16001799,237
1198,Explicit True,5,16001799,238
1199,Explicit True,5,16001799,239
1200,Explicit True,5,16001799,240
1201,Explicit True,6,16001810,1
1202,Explicit True,6,16001810,2
1203,Explicit True,6,16001810,3
1204,Explicit True,6,16001810,4
1205,Explicit True,6,16001810,5
1206,Explicit True,6,16001810,6
1207,Explicit True,6,16001810,7
1208,Explicit True,6,16001810,8
1209,Explicit True,6,16001810,9
1210,Explicit True,6,16001810,10
1211,Explicit True,6,16001810,11
1212,Explicit True,6,16001810,12
1213,Explicit True,6,16001810,13
1214,Explicit True,6,16001810,14
1215,Explicit True,6,16001810,15
1216,Explicit True,6,16001810,16
1217,Explicit True,6,16001810,17
1218,Explicit True,6,16001810,18
1219,Explicit True,6,16001810,19
1220,Explicit True,6,16001810,20
1221,Explicit True,6,16001810,21
1222,Explicit True,6,16001810,22
1223,Explicit True,6,16001810,23
1224,Explicit True,6,16001810,24
1225,Explicit True,6,16001810,25
1226,Explicit True,6,16001810,26
1227,Explicit True,6,16001810,27
1228,Explicit True,6,16001810,28
1229,Explicit True,6,16001810,29
1230,Explicit True,6,16001810,30
1231,Explicit True,6,16001810,31
1232,Explicit True,6,16001810,32
1233,Explicit True,6,16001810,33
1234,Explicit True,6,16001810,34
1235,Explicit True,6,16001810,35
1236,Explicit True,6,16001810,36
1237,Explicit True,6,16001810,37
1238,Explicit True,6,16001810,38
1239,Explicit True,6,16001810,39
1240,Explicit True,6,16001810,40
1241,Explicit True,6,16001810,41
1242,Explicit True,6,16001810,42
1243,Explicit True,6,16001810,43
1244,Explicit True,6,16001810,44
1245,Explicit True,6,16001810,45
1246,Explicit True,6,16001810,46
1247,Explicit True,6,16001810,47
1248,Explicit True,6,16001810,48
1249,Explicit True,6,16001810,49
1250,Explicit True,6,16001810,50
1251,Explicit True,6,16001810,51
1252,Explicit True,6,16001810,52
1253,Explicit True,6,16001810,53
1254,Explicit True,6,16001810,54
1255,Explicit True,6,16001810,55
1256,Explicit True,6,16001810,56
1257,Explicit True,6,16001810,57
1258,Explicit True,6,16001810,58
1259,Explicit True,6,16001810,59
1260,Explicit True,6,16001810,60
1261,Explicit True,6,16001810,61
1262,Explicit True,6,16001810,62
1263,Explicit True,6,16001810,63
1264,Explicit True,6,16001810,64
1265,Explicit True,6,16001810,65
1266,Explicit True,6,16001810,66
1267,Explicit True,6,16001810,67
1268,Explicit True,6,16001810,68
1269,Explicit True,6,16001810,69
1270,Explicit True,6,16001810,70
1271,Explicit True,6,16001810,71
1272,Explicit True,6,16001810,72
1273,Explicit True,6,16001810,73
1274,Explicit True,6,16001810,74
1275,Explicit True,6,16001810,75
1276,Explicit True,6,16001810,76
1277,Explicit True,6,16001810,77
1278,Explicit True,6,16001810,78
1279,Explicit True,6,16001810,79
1280,Explicit True,6,16001810,80
1281,Explicit True,6,16001810,81
1282,Explicit True,6,16001810,82
1283,Explicit True,6,16001810,83
1284,Explicit True,6,16001810,84
1285,Explicit True,6,16001810,85
1286,Explicit True,6,16001810,86
1287,Explicit True,6,16001810,87
1288,Explicit True,6,16001810,88
1289,Explicit True,6,16001810,89
1290,Explicit True,6,16001810,90
1291,Explicit True,6,16001810,91
1292,Explicit True,6,16001810,92
1293,Explicit True,6,16001810,93
1294,Explicit True,6,16001810,94
1295,Explicit True,6,16001810,95
1296,Explicit True,6,16001810,96
1297,Explicit True,6,16001810,97
1298,Explicit True,6,16001810,98
1299,Explicit True,6,16001810,99
1300,Explicit True,6,16001810,100
1301,Explicit True,6,16001810,101
1302,Explicit True,6,16001810,102
1303,Explicit True,6,16001810,103
1304,Explicit True,6,16001810,104
1305,Explicit True,6,16001810,105
1306,Explicit True,6,16001810,106
1307,Explicit True,6,16001810,107
1308,Explicit True,6,16001810,108
1309,Explicit True,6,16001810,109
1310,Explicit True,6,16001810,110
1311,Explicit True,6,16001810,111
1312,Explicit True,6,16001810,112
1313,Explicit True,6,16001810,113
1314,Explicit True,6,16001810,114
1315,Explicit True,6,16001810,115
1316,Explicit True,6,16001810,116
1317,Explicit True,6,16001810,117
1318,Explicit True,6,16001810,118
1319,Explicit True,6,16001810,119
1320,Explicit True,6,16001810,120
1321,Explicit True,6,16001810,121
1322,Explicit True,6,16001810,122
1323,Explicit True,6,16001810,123
1324,Explicit True,6,16001810,124
1325,Explicit True,6,16001810,125
1326,Explicit True,6,16001810,126
1327,Explicit True,6,16001810,127
1328,Explicit True,6,16001810,128
1329,Explicit True,6,16001810,129
1330,Explicit True,6,16001810,130
1331,Explicit True,6,16001810,131
1332,Explicit True,6,16001810,132
1333,Explicit True,6,16001810,133
1334,Explicit True,6,16001810,134
1335,Explicit True,6,16001810,135
1336,Explicit True,6,16001810,136
1337,Explicit True,6,16001810,137
1338,Explicit True,6,16001810,138
1339,Explicit True,6,16001810,139
1340,Explicit True,6,16001810,140
1341,Explicit True,6,16001810,141
1342,Explicit True,6,16001810,142
1343,Explicit True,6,16001810,143
1344,Explicit True,6,16001810,144
1345,Explicit True,6,16001810,145
1346,Explicit True,6,16001810,146
1347,Explicit True,6,16001810,147
1348,Explicit True,6,16001810,148
1349,Explicit True,6,16001810,149
1350,Explicit True,6,16001810,150
1351,Explicit True,6,16001810,151
1352,Explicit True,6,16001810,152
1353,Explicit True,6,16001810,153
1354,Explicit True,6,16001810,154
1355,Explicit True,6,16001810,155
1356,Explicit True,6,16001810,156
1357,Explicit True,6,16001810,157
1358,Explicit True,6,16001810,158
1359,Explicit True,6,16001810,159
1360,Explicit True,6,16001810,160
1361,Explicit True,6,16001810,161
1362,Explicit True,6,16001810,162
1363,Explicit True,6,16001810,163
1364,Explicit True,6,16001810,164
1365,Explicit True,6,16001810,165
1366,Explicit True,6,16001810,166
1367,Explicit True,6,16001810,167
1368,Explicit True,6,16001810,168
1369,Explicit True,6,16001810,169
1370,Explicit True,6,16001810,170
1371,Explicit True,6,16001810,171
1372,Explicit True,6,16001810,172
1373,Explicit True,6,16001810,173
1374,Explicit True,6,16001810,174
1375,Explicit True,6,16001810,175
1376,Explicit True,6,16001810,176
1377,Explicit True,6,16001810,177
1378,Explicit True,6,16001810,178
1379,Explicit True,6,16001810,179
1380,Explicit True,6,16001810,180
1381,Explicit True,6,16001810,181
1382,Explicit True,6,16001810,182
1383,Explicit True,6,16001810,183
1384,Explicit True,6,16001810,184
1385,Explicit True,6,16001810,185
1386,Explicit True,6,16001810,186
1387,Explicit True,6,16001810,187
1388,Explicit True,6,16001810,188
1389,Explicit True,6,16001810,189
1390,Explicit True,6,16001810,190
1391,Explicit True,6,16001810,191
1392,Explicit True,6,16001810,192
1393,Explicit True,6,16001810,193
1394,Explicit True,6,16001810,194
1395,Explicit True,6,16001810,195
1396,Explicit True,6,16001810,196
1397,Explicit True,6,16001810,197
1398,Explicit True,6,16001810,198
1399,Explicit True,6,16001810,199
1400,Explicit True,6,16001810,200
1401,Explicit True,6,16001810,201
1402,Explicit True,6,16001810,202
1403,Explicit True,6,16001810,203
1404,Explicit True,6,16001810,204
1405,Explicit True,6,16001810,205
1406,Explicit True,6,16001810,206
1407,Explicit True,6,16001810,207
1408,Explicit True,6,16001810,208
1409,Explicit True,6,16001810,209
1410,Explicit True,6,16001810,210
1411,Explicit True,6,16001810,211
1412,Explicit True,6,16001810,212
1413,Explicit True,6,16001810,213
1414,Explicit True,6,16001810,214
1415,Explicit True,6,16001810,215
1416,Explicit True,6,16001810,216
1417,Explicit True,6,16001810,217
1418,Explicit True,6,16001810,218
1419,Explicit True,6,16001810,219
1420,Explicit True,6,16001810,220
1421,Explicit True,6,16001810,221
1422,Explicit True,6,16001810,222
1423,Explicit True,6,16001810,223
1424,Explicit True,6,16001810,224
1425,Explicit True,6,16001810,225
1426,Explicit True,6,16001810,226
1427,Explicit True,6,16001810,227
1428,Explicit True,6,16001810,228
1429,Explicit True,6,16001810,229
1430,Explicit True,6,16001810,230
1431,Explicit True,6,16001810,231
1432,Explicit True,6,16001810,232
1433,Explicit True,6,16001810,233
1434,Explicit True,6,16001810,234
1435,Explicit True,6,16001810,235
1436,Explicit True,6,16001810,236
1437,Explicit True,6,16001810,237
1438,Explicit True,6,16001810,238
1439,Explicit True,6,16001810,239
1440,Explicit True,6,16001810,240
1441,Explicit True,7,16001812,1
1442,Explicit True,7,16001812,2
1443,Explicit True,7,16001812,3
1444,Explicit True,7,16001812,4
1445,Explicit True,7,16001812,5
1446,Explicit True,7,16001812,6
1447,Explicit True,7,16001812,7
1448,Explicit True,7,16001812,8
1449,Explicit True,7,16001812,9
1450,Explicit True,7,16001812,10
1451,Explicit True,7,16001812,11
1452,Explicit True,7,16001812,12
1453,Explicit True,7,16001812,13
1454,Explicit True,7,16001812,14
1455,Explicit True,7,16001812,15
1456,Explicit True,7,16001812,16
1457,Explicit True,7,16001812,17
1458,Explicit True,7,16001812,18
1459,Explicit True,7,16001812,19
1460,Explicit True,7,16001812,20
1461,Explicit True,7,16001812,21
1462,Explicit True,7,16001812,22
1463,Explicit True,7,16001812,23
1464,Explicit True,7,16001812,24
1465,Explicit True,7,16001812,25
1466,Explicit True,7,16001812,26
1467,Explicit True,7,16001812,27
1468,Explicit True,7,16001812,28
1469,Explicit True,7,16001812,29
1470,Explicit True,7,16001812,30
1471,Explicit True,7,16001812,31
1472,Explicit True,7,16001812,32
1473,Explicit True,7,16001812,33
1474,Explicit True,7,16001812,34
1475,Explicit True,7,16001812,35
1476,Explicit True,7,16001812,36
1477,Explicit True,7,16001812,37
1478,Explicit True,7,16001812,38
1479,Explicit True,7,16001812,39
1480,Explicit True,7,16001812,40
1481,Explicit True,7,16001812,41
1482,Explicit True,7,16001812,42
1483,Explicit True,7,16001812,43
1484,Explicit True,7,16001812,44
1485,Explicit True,7,16001812,45
1486,Explicit True,7,16001812,46
1487,Explicit True,7,16001812,47
1488,Explicit True,7,16001812,48
1489,Explicit True,7,16001812,49
1490,Explicit True,7,16001812,50
1491,Explicit True,7,16001812,51
1492,Explicit True,7,16001812,52
1493,Explicit True,7,16001812,53
1494,Explicit True,7,16001812,54
1495,Explicit True,7,16001812,55
1496,Explicit True,7,16001812,56
1497,Explicit True,7,16001812,57
1498,Explicit True,7,16001812,58
1499,Explicit True,7,16001812,59
1500,Explicit True,7,16001812,60
1501,Explicit True,7,16001812,61
1502,Explicit True,7,16001812,62
1503,Explicit True,7,16001812,63
1504,Explicit True,7,16001812,64
1505,Explicit True,7,16001812,65
1506,Explicit True,7,16001812,66
1507,Explicit True,7,16001812,67
1508,Explicit True,7,16001812,68
1509,Explicit True,7,16001812,69
1510,Explicit True,7,16001812,70
1511,Explicit True,7,16001812,71
1512,Explicit True,7,16001812,72
1513,Explicit True,7,16001812,73
1514,Explicit True,7,16001812,74
1515,Explicit True,7,16001812,75
1516,Explicit True,7,16001812,76
1517,Explicit True,7,16001812,77
1518,Explicit True,7,16001812,78
1519,Explicit True,7,16001812,79
1520,Explicit True,7,16001812,80
1521,Explicit True,7,16001812,81
1522,Explicit True,7,16001812,82
1523,Explicit True,7,16001812,83
1524,Explicit True,7,16001812,84
1525,Explicit True,7,16001812,85
1526,Explicit True,7,16001812,86
1527,Explicit True,7,16001812,87
1528,Explicit True,7,16001812,88
1529,Explicit True,7,16001812,89
1530,Explicit True,7,16001812,90
1531,Explicit True,7,16001812,91
1532,Explicit True,7,16001812,92
1533,Explicit True,7,16001812,93
1534,Explicit True,7,16001812,94
1535,Explicit True,7,16001812,95
1536,Explicit True,7,16001812,96
1537,Explicit True,7,16001812,97
1538,Explicit True,7,16001812,98
1539,Explicit True,7,16001812,99
1540,Explicit True,7,16001812,100
1541,Explicit True,7,16001812,101
1542,Explicit True,7,16001812,102
1543,Explicit True,7,16001812,103
1544,Explicit True,7,16001812,104
1545,Explicit True,7,16001812,105
1546,Explicit True,7,16001812,106
1547,Explicit True,7,16001812,107
1548,Explicit True,7,16001812,108
1549,Explicit True,7,16001812,109
1550,Explicit True,7,16001812,110
1551,Explicit True,7,16001812,111
1552,Explicit True,7,16001812,112
1553,Explicit True,7,16001812,113
1554,Explicit True,7,16001812,114
1555,Explicit True,7,16001812,115
1556,Explicit True,7,16001812,116
1557,Explicit True,7,16001812,117
1558,Explicit True,7,16001812,118
1559,Explicit True,7,16001812,119
1560,Explicit True,7,16001812,120
1561,Explicit True,7,16001812,121
1562,Explicit True,7,16001812,122
1563,Explicit True,7,16001812,123
1564,Explicit True,7,16001812,124
1565,Explicit True,7,16001812,125
1566,Explicit True,7,16001812,126
1567,Explicit True,7,16001812,127
1568,Explicit True,7,16001812,128
1569,Explicit True,7,16001812,129
1570,Explicit True,7,16001812,130
1571,Explicit True,7,16001812,131
1572,Explicit True,7,16001812,132
1573,Explicit True,7,16001812,133
1574,Explicit True,7,16001812,134
1575,Explicit True,7,16001812,135
1576,Explicit True,7,16001812,136
1577,Explicit True,7,16001812,137
1578,Explicit True,7,16001812,138
1579,Explicit True,7,16001812,139
1580,Explicit True,7,16001812,140
1581,Explicit True,7,16001812,141
1582,Explicit True,7,16001812,142
1583,Explicit True,7,16001812,143
1584,Explicit True,7,16001812,144
1585,Explicit True,7,16001812,145
1586,Explicit True,7,16001812,146
1587,Explicit True,7,16001812,147
1588,Explicit True,7,16001812,148
1589,Explicit True,7,16001812,149
1590,Explicit True,7,16001812,150
1591,Explicit True,7,16001812,151
1592,Explicit True,7,16001812,152
1593,Explicit True,7,16001812,153
1594,Explicit True,7,16001812,154
1595,Explicit True,7,16001812,155
1596,Explicit True,7,16001812,156
1597,Explicit True,7,16001812,157
1598,Explicit True,7,16001812,158
1599,Explicit True,7,16001812,159
1600,Explicit True,7,16001812,160
1601,Explicit True,7,16001812,161
1602,Explicit True,7,16001812,162
1603,Explicit True,7,16001812,163
1604,Explicit True,7,16001812,164
1605,Explicit True,7,16001812,165
1606,Explicit True,7,16001812,166
1607,Explicit True,7,16001812,167
1608,Explicit True,7,16001812,168
1609,Explicit True,7,16001812,169
1610,Explicit True,7,16001812,170
1611,Explicit True,7,16001812,171
1612,Explicit True,7,16001812,172
1613,Explicit True,7,16001812,173
1614,Explicit True,7,16001812,174
1615,Explicit True,7,16001812,175
1616,Explicit True,7,16001812,176
1617,Explicit True,7,16001812,177
1618,Explicit True,7,16001812,178
1619,Explicit True,7,16001812,179
1620,Explicit True,7,16001812,180
1621,Explicit True,7,16001812,181
1622,Explicit True,7,16001812,182
1623,Explicit True,7,16001812,183
1624,Explicit True,7,16001812,184
1625,Explicit True,7,16001812,185
1626,Explicit True,7,16001812,186
1627,Explicit True,7,16001812,187
1628,Explicit True,7,16001812,188
1629,Explicit True,7,16001812,189
1630,Explicit True,7,16001812,190
1631,Explicit True,7,16001812,191
1632,Explicit True,7,16001812,192
1633,Explicit True,7,16001812,193
1634,Explicit True,7,16001812,194
1635,Explicit True,7,16001812,195
1636,Explicit True,7,16001812,196
1637,Explicit True,7,16001812,197
1638,Explicit True,7,16001812,198
1639,Explicit True,7,16001812,199
1640,Explicit True,7,16001812,200
1641,Explicit True,7,16001812,201
1642,Explicit True,7,16001812,202
1643,Explicit True,7,16001812,203
1644,Explicit True,7,16001812,204
1645,Explicit True,7,16001812,205
1646,Explicit True,7,16001812,206
1647,Explicit True,7,16001812,207
1648,Explicit True,7,16001812,208
1649,Explicit True,7,16001812,209
1650,Explicit True,7,16001812,210
1651,Explicit True,7,16001812,211
1652,Explicit True,7,16001812,212
1653,Explicit True,7,16001812,213
1654,Explicit True,7,16001812,214
1655,Explicit True,7,16001812,215
1656,Explicit True,7,16001812,216
1657,Explicit True,7,16001812,217
1658,Explicit True,7,16001812,218
1659,Explicit True,7,16001812,219
1660,Explicit True,7,16001812,220
1661,Explicit True,7,16001812,221
1662,Explicit True,7,16001812,222
1663,Explicit True,7,16001812,223
1664,Explicit True,7,16001812,224
1665,Explicit True,7,16001812,225
1666,Explicit True,7,16001812,226
1667,Explicit True,7,16001812,227
1668,Explicit True,7,16001812,228
1669,Explicit True,7,16001812,229
1670,Explicit True,7,16001812,230
1671,Explicit True,7,16001812,231
1672,Explicit True,7,16001812,232
1673,Explicit True,7,16001812,233
1674,Explicit True,7,16001812,234
1675,Explicit True,7,16001812,235
1676,Explicit True,7,16001812,236
1677,Explicit True,7,16001812,237
1678,Explicit True,7,16001812,238
1679,Explicit True,7,16001812,239
1680,Explicit True,7,16001812,240
1681,Explicit True,8,16001813,1
1682,Explicit True,8,16001813,2
1683,Explicit True,8,16001813,3
1684,Explicit True,8,16001813,4
1685,Explicit True,8,16001813,5
1686,Explicit True,8,16001813,6
1687,Explicit True,8,16001813,7
1688,Explicit True,8,16001813,8
1689,Explicit True,8,16001813,9
1690,Explicit True,8,16001813,10
1691,Explicit True,8,16001813,11
1692,Explicit True,8,16001813,12
1693,Explicit True,8,16001813,13
1694,Explicit True,8,16001813,14
1695,Explicit True,8,16001813,15
1696,Explicit True,8,16001813,16
1697,Explicit True,8,16001813,17
1698,Explicit True,8,16001813,18
1699,Explicit True,8,16001813,19
1700,Explicit True,8,16001813,20
1701,Explicit True,8,16001813,21
1702,Explicit True,8,16001813,22
1703,Explicit True,8,16001813,23
1704,Explicit True,8,16001813,24
1705,Explicit True,8,16001813,25
1706,Explicit True,8,16001813,26
1707,Explicit True,8,16001813,27
1708,Explicit True,8,16001813,28
1709,Explicit True,8,16001813,29
1710,Explicit True,8,16001813,30
1711,Explicit True,8,16001813,31
1712,Explicit True,8,16001813,32
1713,Explicit True,8,16001813,33
1714,Explicit True,8,16001813,34
1715,Explicit True,8,16001813,35
1716,Explicit True,8,16001813,36
1717,Explicit True,8,16001813,37
1718,Explicit True,8,16001813,38
1719,Explicit True,8,16001813,39
1720,Explicit True,8,16001813,40
1721,Explicit True,8,16001813,41
1722,Explicit True,8,16001813,42
1723,Explicit True,8,16001813,43
1724,Explicit True,8,16001813,44
1725,Explicit True,8,16001813,45
1726,Explicit True,8,16001813,46
1727,Explicit True,8,16001813,47
1728,Explicit True,8,16001813,48
1729,Explicit True,8,16001813,49
1730,Explicit True,8,16001813,50
1731,Explicit True,8,16001813,51
1732,Explicit True,8,16001813,52
1733,Explicit True,8,16001813,53
1734,Explicit True,8,16001813,54
1735,Explicit True,8,16001813,55
1736,Explicit True,8,16001813,56
1737,Explicit True,8,16001813,57
1738,Explicit True,8,16001813,58
1739,Explicit True,8,16001813,59
1740,Explicit True,8,16001813,60
1741,Explicit True,8,16001813,61
1742,Explicit True,8,16001813,62
1743,Explicit True,8,16001813,63
1744,Explicit True,8,16001813,64
1745,Explicit True,8,16001813,65
1746,Explicit True,8,16001813,66
1747,Explicit True,8,16001813,67
1748,Explicit True,8,16001813,68
1749,Explicit True,8,16001813,69
1750,Explicit True,8,16001813,70
1751,Explicit True,8,16001813,71
1752,Explicit True,8,16001813,72
1753,Explicit True,8,16001813,73
1754,Explicit True,8,16001813,74
1755,Explicit True,8,16001813,75
1756,Explicit True,8,16001813,76
1757,Explicit True,8,16001813,77
1758,Explicit True,8,16001813,78
1759,Explicit True,8,16001813,79
1760,Explicit True,8,16001813,80
1761,Explicit True,8,16001813,81
1762,Explicit True,8,16001813,82
1763,Explicit True,8,16001813,83
1764,Explicit True,8,16001813,84
1765,Explicit True,8,16001813,85
1766,Explicit True,8,16001813,86
1767,Explicit True,8,16001813,87
1768,Explicit True,8,16001813,88
1769,Explicit True,8,16001813,89
1770,Explicit True,8,16001813,90
1771,Explicit True,8,16001813,91
1772,Explicit True,8,16001813,92
1773,Explicit True,8,16001813,93
1774,Explicit True,8,16001813,94
1775,Explicit True,8,16001813,95
1776,Explicit True,8,16001813,96
1777,Explicit True,8,16001813,97
1778,Explicit True,8,16001813,98
1779,Explicit True,8,16001813,99
1780,Explicit True,8,16001813,100
1781,Explicit True,8,16001813,101
1782,Explicit True,8,16001813,102
1783,Explicit True,8,16001813,103
1784,Explicit True,8,16001813,104
1785,Explicit True,8,16001813,105
1786,Explicit True,8,16001813,106
1787,Explicit True,8,16001813,107
1788,Explicit True,8,16001813,108
1789,Explicit True,8,16001813,109
1790,Explicit True,8,16001813,110
1791,Explicit True,8,16001813,111
1792,Explicit True,8,16001813,112
1793,Explicit True,8,16001813,113
1794,Explicit True,8,16001813,114
1795,Explicit True,8,16001813,115
1796,Explicit True,8,16001813,116
1797,Explicit True,8,16001813,117
1798,Explicit True,8,16001813,118
1799,Explicit True,8,16001813,119
1800,Explicit True,8,16001813,120
1801,Explicit True,8,16001813,121
1802,Explicit True,8,16001813,122
1803,Explicit True,8,16001813,123
1804,Explicit True,8,16001813,124
1805,Explicit True,8,16001813,125
1806,Explicit True,8,16001813,126
1807,Explicit True,8,16001813,127
1808,Explicit True,8,16001813,128
1809,Explicit True,8,16001813,129
1810,Explicit True,8,16001813,130
1811,Explicit True,8,16001813,131
1812,Explicit True,8,16001813,132
1813,Explicit True,8,16001813,133
1814,Explicit True,8,16001813,134
1815,Explicit True,8,16001813,135
1816,Explicit True,8,16001813,136
1817,Explicit True,8,16001813,137
1818,Explicit True,8,16001813,138
1819,Explicit True,8,16001813,139
1820,Explicit True,8,16001813,140
1821,Explicit True,8,16001813,141
1822,Explicit True,8,16001813,142
1823,Explicit True,8,16001813,143
1824,Explicit True,8,16001813,144
1825,Explicit True,8,16001813,145
1826,Explicit True,8,16001813,146
1827,Explicit True,8,16001813,147
1828,Explicit True,8,16001813,148
1829,Explicit True,8,16001813,149
1830,Explicit True,8,16001813,150
1831,Explicit True,8,16001813,151
1832,Explicit True,8,16001813,152
1833,Explicit True,8,16001813,153
1834,Explicit True,8,16001813,154
1835,Explicit True,8,16001813,155
1836,Explicit True,8,16001813,156
1837,Explicit True,8,16001813,157
1838,Explicit True,8,16001813,158
1839,Explicit True,8,16001813,159
1840,Explicit True,8,16001813,160
1841,Explicit True,8,16001813,161
1842,Explicit True,8,16001813,162
1843,Explicit True,8,16001813,163
1844,Explicit True,8,16001813,164
1845,Explicit True,8,16001813,165
1846,Explicit True,8,16001813,166
1847,Explicit True,8,16001813,167
1848,Explicit True,8,16001813,168
1849,Explicit True,8,16001813,169
1850,Explicit True,8,16001813,170
1851,Explicit True,8,16001813,171
1852,Explicit True,8,16001813,172
1853,Explicit True,8,16001813,173
1854,Explicit True,8,16001813,174
1855,Explicit True,8,16001813,175
1856,Explicit True,8,16001813,176
1857,Explicit True,8,16001813,177
1858,Explicit True,8,16001813,178
1859,Explicit True,8,16001813,179
1860,Explicit True,8,16001813,180
1861,Explicit True,8,16001813,181
1862,Explicit True,8,16001813,182
1863,Explicit True,8,16001813,183
1864,Explicit True,8,16001813,184
1865,Explicit True,8,16001813,185
1866,Explicit True,8,16001813,186
1867,Explicit True,8,16001813,187
1868,Explicit True,8,16001813,188
1869,Explicit True,8,16001813,189
1870,Explicit True,8,16001813,190
1871,Explicit True,8,16001813,191
1872,Explicit True,8,16001813,192
1873,Explicit True,8,16001813,193
1874,Explicit True,8,16001813,194
1875,Explicit True,8,16001813,195
1876,Explicit True,8,16001813,196
1877,Explicit True,8,16001813,197
1878,Explicit True,8,16001813,198
1879,Explicit True,8,16001813,199
1880,Explicit True,8,16001813,200
1881,Explicit True,8,16001813,201
1882,Explicit True,8,16001813,202
1883,Explicit True,8,16001813,203
1884,Explicit True,8,16001813,204
1885,Explicit True,8,16001813,205
1886,Explicit True,8,16001813,206
1887,Explicit True,8,16001813,207
1888,Explicit True,8,16001813,208
1889,Explicit True,8,16001813,209
1890,Explicit True,8,16001813,210
1891,Explicit True,8,16001813,211
1892,Explicit True,8,16001813,212
1893,Explicit True,8,16001813,213
1894,Explicit True,8,16001813,214
1895,Explicit True,8,16001813,215
1896,Explicit True,8,16001813,216
1897,Explicit True,8,16001813,217
1898,Explicit True,8,16001813,218
1899,Explicit True,8,16001813,219
1900,Explicit True,8,16001813,220
1901,Explicit True,8,16001813,221
1902,Explicit True,8,16001813,222
1903,Explicit True,8,16001813,223
1904,Explicit True,8,16001813,224
1905,Explicit True,8,16001813,225
1906,Explicit True,8,16001813,226
1907,Explicit True,8,16001813,227
1908,Explicit True,8,16001813,228
1909,Explicit True,8,16001813,229
1910,Explicit True,8,16001813,230
1911,Explicit True,8,16001813,231
1912,Explicit True,8,16001813,232
1913,Explicit True,8,16001813,233
1914,Explicit True,8,16001813,234
1915,Explicit True,8,16001813,235
1916,Explicit True,8,16001813,236
1917,Explicit True,8,16001813,237
1918,Explicit True,8,16001813,238
1919,Explicit True,8,16001813,239
1920,Explicit True,8,16001813,240
1921,Explicit True,9,16001822,1
1922,Explicit True,9,16001822,2
1923,Explicit True,9,16001822,3
1924,Explicit True,9,16001822,4
1925,Explicit True,9,16001822,5
1926,Explicit True,9,16001822,6
1927,Explicit True,9,16001822,7
1928,Explicit True,9,16001822,8
1929,Explicit True,9,16001822,9
1930,Explicit True,9,16001822,10
1931,Explicit True,9,16001822,11
1932,Explicit True,9,16001822,12
1933,Explicit True,9,16001822,13
1934,Explicit True,9,16001822,14
1935,Explicit True,9,16001822,15
1936,Explicit True,9,16001822,16
1937,Explicit True,9,16001822,17
1938,Explicit True,9,16001822,18
1939,Explicit True,9,16001822,19
1940,Explicit True,9,16001822,20
1941,Explicit True,9,16001822,21
1942,Explicit True,9,16001822,22
1943,Explicit True,9,16001822,23
1944,Explicit True,9,16001822,24
1945,Explicit True,9,16001822,25
1946,Explicit True,9,16001822,26
1947,Explicit True,9,16001822,27
1948,Explicit True,9,16001822,28
1949,Explicit True,9,16001822,29
1950,Explicit True,9,16001822,30
1951,Explicit True,9,16001822,31
1952,Explicit True,9,16001822,32
1953,Explicit True,9,16001822,33
1954,Explicit True,9,16001822,34
1955,Explicit True,9,16001822,35
1956,Explicit True,9,16001822,36
1957,Explicit True,9,16001822,37
1958,Explicit True,9,16001822,38
1959,Explicit True,9,16001822,39
1960,Explicit True,9,16001822,40
1961,Explicit True,9,16001822,41
1962,Explicit True,9,16001822,42
1963,Explicit True,9,16001822,43
1964,Explicit True,9,16001822,44
1965,Explicit True,9,16001822,45
1966,Explicit True,9,16001822,46
1967,Explicit True,9,16001822,47
1968,Explicit True,9,16001822,48
1969,Explicit True,9,16001822,49
1970,Explicit True,9,16001822,50
1971,Explicit True,9,16001822,51
1972,Explicit True,9,16001822,52
1973,Explicit True,9,16001822,53
1974,Explicit True,9,16001822,54
1975,Explicit True,9,16001822,55
1976,Explicit True,9,16001822,56
1977,Explicit True,9,16001822,57
1978,Explicit True,9,16001822,58
1979,Explicit True,9,16001822,59
1980,Explicit True,9,16001822,60
1981,Explicit True,9,16001822,61
1982,Explicit True,9,16001822,62
1983,Explicit True,9,16001822,63
1984,Explicit True,9,16001822,64
1985,Explicit True,9,16001822,65
1986,Explicit True,9,16001822,66
1987,Explicit True,9,16001822,67
1988,Explicit True,9,16001822,68
1989,Explicit True,9,16001822,69
1990,Explicit True,9,16001822,70
1991,Explicit True,9,16001822,71
1992,Explicit True,9,16001822,72
1993,Explicit True,9,16001822,73
1994,Explicit True,9,16001822,74
1995,Explicit True,9,16001822,75
1996,Explicit True,9,16001822,76
1997,Explicit True,9,16001822,77
1998,Explicit True,9,16001822,78
1999,Explicit True,9,16001822,79
2000,Explicit True,9,16001822,80
2001,Explicit True,9,16001822,81
2002,Explicit True,9,16001822,82
2003,Explicit True,9,16001822,83
2004,Explicit True,9,16001822,84
2005,Explicit True,9,16001822,85
2006,Explicit True,9,16001822,86
2007,Explicit True,9,16001822,87
2008,Explicit True,9,16001822,88
2009,Explicit True,9,16001822,89
2010,Explicit True,9,16001822,90
2011,Explicit True,9,16001822,91
2012,Explicit True,9,16001822,92
2013,Explicit True,9,16001822,93
2014,Explicit True,9,16001822,94
2015,Explicit True,9,16001822,95
2016,Explicit True,9,16001822,96
2017,Explicit True,9,16001822,97
2018,Explicit True,9,16001822,98
2019,Explicit True,9,16001822,99
2020,Explicit True,9,16001822,100
2021,Explicit True,9,16001822,101
2022,Explicit True,9,16001822,102
2023,Explicit True,9,16001822,103
2024,Explicit True,9,16001822,104
2025,Explicit True,9,16001822,105
2026,Explicit True,9,16001822,106
2027,Explicit True,9,16001822,107
2028,Explicit True,9,16001822,108
2029,Explicit True,9,16001822,109
2030,Explicit True,9,16001822,110
2031,Explicit True,9,16001822,111
2032,Explicit True,9,16001822,112
2033,Explicit True,9,16001822,113
2034,Explicit True,9,16001822,114
2035,Explicit True,9,16001822,115
2036,Explicit True,9,16001822,116
2037,Explicit True,9,16001822,117
2038,Explicit True,9,16001822,118
2039,Explicit True,9,16001822,119
2040,Explicit True,9,16001822,120
2041,Explicit True,9,16001822,121
2042,Explicit True,9,16001822,122
2043,Explicit True,9,16001822,123
2044,Explicit True,9,16001822,124
2045,Explicit True,9,16001822,125
2046,Explicit True,9,16001822,126
2047,Explicit True,9,16001822,127
2048,Explicit True,9,16001822,128
2049,Explicit True,9,16001822,129
2050,Explicit True,9,16001822,130
2051,Explicit True,9,16001822,131
2052,Explicit True,9,16001822,132
2053,Explicit True,9,16001822,133
2054,Explicit True,9,16001822,134
2055,Explicit True,9,16001822,135
2056,Explicit True,9,16001822,136
2057,Explicit True,9,16001822,137
2058,Explicit True,9,16001822,138
2059,Explicit True,9,16001822,139
2060,Explicit True,9,16001822,140
2061,Explicit True,9,16001822,141
2062,Explicit True,9,16001822,142
2063,Explicit True,9,16001822,143
2064,Explicit True,9,16001822,144
2065,Explicit True,9,16001822,145
2066,Explicit True,9,16001822,146
2067,Explicit True,9,16001822,147
2068,Explicit True,9,16001822,148
2069,Explicit True,9,16001822,149
2070,Explicit True,9,16001822,150
2071,Explicit True,9,16001822,151
2072,Explicit True,9,16001822,152
2073,Explicit True,9,16001822,153
2074,Explicit True,9,16001822,154
2075,Explicit True,9,16001822,155
2076,Explicit True,9,16001822,156
2077,Explicit True,9,16001822,157
2078,Explicit True,9,16001822,158
2079,Explicit True,9,16001822,159
2080,Explicit True,9,16001822,160
2081,Explicit True,9,16001822,161
2082,Explicit True,9,16001822,162
2083,Explicit True,9,16001822,163
2084,Explicit True,9,16001822,164
2085,Explicit True,9,16001822,165
2086,Explicit True,9,16001822,166
2087,Explicit True,9,16001822,167
2088,Explicit True,9,16001822,168
2089,Explicit True,9,16001822,169
2090,Explicit True,9,16001822,170
2091,Explicit True,9,16001822,171
2092,Explicit True,9,16001822,172
2093,Explicit True,9,16001822,173
2094,Explicit True,9,16001822,174
2095,Explicit True,9,16001822,175
2096,Explicit True,9,16001822,176
2097,Explicit True,9,16001822,177
2098,Explicit True,9,16001822,178
2099,Explicit True,9,16001822,179
2100,Explicit True,9,16001822,180
2101,Explicit True,9,16001822,181
2102,Explicit True,9,16001822,182
2103,Explicit True,9,16001822,183
2104,Explicit True,9,16001822,184
2105,Explicit True,9,16001822,185
2106,Explicit True,9,16001822,186
2107,Explicit True,9,16001822,187
2108,Explicit True,9,16001822,188
2109,Explicit True,9,16001822,189
2110,Explicit True,9,16001822,190
2111,Explicit True,9,16001822,191
2112,Explicit True,9,16001822,192
2113,Explicit True,9,16001822,193
2114,Explicit True,9,16001822,194
2115,Explicit True,9,16001822,195
2116,Explicit True,9,16001822,196
2117,Explicit True,9,16001822,197
2118,Explicit True,9,16001822,198
2119,Explicit True,9,16001822,199
2120,Explicit True,9,16001822,200
2121,Explicit True,9,16001822,201
2122,Explicit True,9,16001822,202
2123,Explicit True,9,16001822,203
2124,Explicit True,9,16001822,204
2125,Explicit True,9,16001822,205
2126,Explicit True,9,16001822,206
2127,Explicit True,9,16001822,207
2128,Explicit True,9,16001822,208
2129,Explicit True,9,16001822,209
2130,Explicit True,9,16001822,210
2131,Explicit True,9,16001822,211
2132,Explicit True,9,16001822,212
2133,Explicit True,9,16001822,213
2134,Explicit True,9,16001822,214
2135,Explicit True,9,16001822,215
2136,Explicit True,9,16001822,216
2137,Explicit True,9,16001822,217
2138,Explicit True,9,16001822,218
2139,Explicit True,9,16001822,219
2140,Explicit True,9,16001822,220
2141,Explicit True,9,16001822,221
2142,Explicit True,9,16001822,222
2143,Explicit True,9,16001822,223
2144,Explicit True,9,16001822,224
2145,Explicit True,9,16001822,225
2146,Explicit True,9,16001822,226
2147,Explicit True,9,16001822,227
2148,Explicit True,9,16001822,228
2149,Explicit True,9,16001822,229
2150,Explicit True,9,16001822,230
2151,Explicit True,9,16001822,231
2152,Explicit True,9,16001822,232
2153,Explicit True,9,16001822,233
2154,Explicit True,9,16001822,234
2155,Explicit True,9,16001822,235
2156,Explicit True,9,16001822,236
2157,Explicit True,9,16001822,237
2158,Explicit True,9,16001822,238
2159,Explicit True,9,16001822,239
2160,Explicit True,9,16001822,240
2161,Explicit True,10,16001823,1
2162,Explicit True,10,16001823,2
2163,Explicit True,10,16001823,3
2164,Explicit True,10,16001823,4
2165,Explicit True,10,16001823,5
2166,Explicit True,10,16001823,6
2167,Explicit True,10,16001823,7
2168,Explicit True,10,16001823,8
2169,Explicit True,10,16001823,9
2170,Explicit True,10,16001823,10
2171,Explicit True,10,16001823,11
2172,Explicit True,10,16001823,12
2173,Explicit True,10,16001823,13
2174,Explicit True,10,16001823,14
2175,Explicit True,10,16001823,15
2176,Explicit True,10,16001823,16
2177,Explicit True,10,16001823,17
2178,Explicit True,10,16001823,18
2179,Explicit True,10,16001823,19
2180,Explicit True,10,16001823,20
2181,Explicit True,10,16001823,21
2182,Explicit True,10,16001823,22
2183,Explicit True,10,16001823,23
2184,Explicit True,10,16001823,24
2185,Explicit True,10,16001823,25
2186,Explicit True,10,16001823,26
2187,Explicit True,10,16001823,27
2188,Explicit True,10,16001823,28
2189,Explicit True,10,16001823,29
2190,Explicit True,10,16001823,30
2191,Explicit True,10,16001823,31
2192,Explicit True,10,16001823,32
2193,Explicit True,10,16001823,33
2194,Explicit True,10,16001823,34
2195,Explicit True,10,16001823,35
2196,Explicit True,10,16001823,36
2197,Explicit True,10,16001823,37
2198,Explicit True,10,16001823,38
2199,Explicit True,10,16001823,39
2200,Explicit True,10,16001823,40
2201,Explicit True,10,16001823,41
2202,Explicit True,10,16001823,42
2203,Explicit True,10,16001823,43
2204,Explicit True,10,16001823,44
2205,Explicit True,10,16001823,45
2206,Explicit True,10,16001823,46
2207,Explicit True,10,16001823,47
2208,Explicit True,10,16001823,48
2209,Explicit True,10,16001823,49
2210,Explicit True,10,16001823,50
2211,Explicit True,10,16001823,51
2212,Explicit True,10,16001823,52
2213,Explicit True,10,16001823,53
2214,Explicit True,10,16001823,54
2215,Explicit True,10,16001823,55
2216,Explicit True,10,16001823,56
2217,Explicit True,10,16001823,57
2218,Explicit True,10,16001823,58
2219,Explicit True,10,16001823,59
2220,Explicit True,10,16001823,60
2221,Explicit True,10,16001823,61
2222,Explicit True,10,16001823,62
2223,Explicit True,10,16001823,63
2224,Explicit True,10,16001823,64
2225,Explicit True,10,16001823,65
2226,Explicit True,10,16001823,66
2227,Explicit True,10,16001823,67
2228,Explicit True,10,16001823,68
2229,Explicit True,10,16001823,69
2230,Explicit True,10,16001823,70
2231,Explicit True,10,16001823,71
2232,Explicit True,10,16001823,72
2233,Explicit True,10,16001823,73
2234,Explicit True,10,16001823,74
2235,Explicit True,10,16001823,75
2236,Explicit True,10,16001823,76
2237,Explicit True,10,16001823,77
2238,Explicit True,10,16001823,78
2239,Explicit True,10,16001823,79
2240,Explicit True,10,16001823,80
2241,Explicit True,10,16001823,81
2242,Explicit True,10,16001823,82
2243,Explicit True,10,16001823,83
2244,Explicit True,10,16001823,84
2245,Explicit True,10,16001823,85
2246,Explicit True,10,16001823,86
2247,Explicit True,10,16001823,87
2248,Explicit True,10,16001823,88
2249,Explicit True,10,16001823,89
2250,Explicit True,10,16001823,90
2251,Explicit True,10,16001823,91
2252,Explicit True,10,16001823,92
2253,Explicit True,10,16001823,93
2254,Explicit True,10,16001823,94
2255,Explicit True,10,16001823,95
2256,Explicit True,10,16001823,96
2257,Explicit True,10,16001823,97
2258,Explicit True,10,16001823,98
2259,Explicit True,10,16001823,99
2260,Explicit True,10,16001823,100
2261,Explicit True,10,16001823,101
2262,Explicit True,10,16001823,102
2263,Explicit True,10,16001823,103
2264,Explicit True,10,16001823,104
2265,Explicit True,10,16001823,105
2266,Explicit True,10,16001823,106
2267,Explicit True,10,16001823,107
2268,Explicit True,10,16001823,108
2269,Explicit True,10,16001823,109
2270,Explicit True,10,16001823,110
2271,Explicit True,10,16001823,111
2272,Explicit True,10,16001823,112
2273,Explicit True,10,16001823,113
2274,Explicit True,10,16001823,114
2275,Explicit True,10,16001823,115
2276,Explicit True,10,16001823,116
2277,Explicit True,10,16001823,117
2278,Explicit True,10,16001823,118
2279,Explicit True,10,16001823,119
2280,Explicit True,10,16001823,120
2281,Explicit True,10,16001823,121
2282,Explicit True,10,16001823,122
2283,Explicit True,10,16001823,123
2284,Explicit True,10,16001823,124
2285,Explicit True,10,16001823,125
2286,Explicit True,10,16001823,126
2287,Explicit True,10,16001823,127
2288,Explicit True,10,16001823,128
2289,Explicit True,10,16001823,129
2290,Explicit True,10,16001823,130
2291,Explicit True,10,16001823,131
2292,Explicit True,10,16001823,132
2293,Explicit True,10,16001823,133
2294,Explicit True,10,16001823,134
2295,Explicit True,10,16001823,135
2296,Explicit True,10,16001823,136
2297,Explicit True,10,16001823,137
2298,Explicit True,10,16001823,138
2299,Explicit True,10,16001823,139
2300,Explicit True,10,16001823,140
2301,Explicit True,10,16001823,141
2302,Explicit True,10,16001823,142
2303,Explicit True,10,16001823,143
2304,Explicit True,10,16001823,144
2305,Explicit True,10,16001823,145
2306,Explicit True,10,16001823,146
2307,Explicit True,10,16001823,147
2308,Explicit True,10,16001823,148
2309,Explicit True,10,16001823,149
2310,Explicit True,10,16001823,150
2311,Explicit True,10,16001823,151
2312,Explicit True,10,16001823,152
2313,Explicit True,10,16001823,153
2314,Explicit True,10,16001823,154
2315,Explicit True,10,16001823,155
2316,Explicit True,10,16001823,156
2317,Explicit True,10,16001823,157
2318,Explicit True,10,16001823,158
2319,Explicit True,10,16001823,159
2320,Explicit True,10,16001823,160
2321,Explicit True,10,16001823,161
2322,Explicit True,10,16001823,162
2323,Explicit True,10,16001823,163
2324,Explicit True,10,16001823,164
2325,Explicit True,10,16001823,165
2326,Explicit True,10,16001823,166
2327,Explicit True,10,16001823,167
2328,Explicit True,10,16001823,168
2329,Explicit True,10,16001823,169
2330,Explicit True,10,16001823,170
2331,Explicit True,10,16001823,171
2332,Explicit True,10,16001823,172
2333,Explicit True,10,16001823,173
2334,Explicit True,10,16001823,174
2335,Explicit True,10,16001823,175
2336,Explicit True,10,16001823,176
2337,Explicit True,10,16001823,177
2338,Explicit True,10,16001823,178
2339,Explicit True,10,16001823,179
2340,Explicit True,10,16001823,180
2341,Explicit True,10,16001823,181
2342,Explicit True,10,16001823,182
2343,Explicit True,10,16001823,183
2344,Explicit True,10,16001823,184
2345,Explicit True,10,16001823,185
2346,Explicit True,10,16001823,186
2347,Explicit True,10,16001823,187
2348,Explicit True,10,16001823,188
2349,Explicit True,10,16001823,189
2350,Explicit True,10,16001823,190
2351,Explicit True,10,16001823,191
2352,Explicit True,10,16001823,192
2353,Explicit True,10,16001823,193
2354,Explicit True,10,16001823,194
2355,Explicit True,10,16001823,195
2356,Explicit True,10,16001823,196
2357,Explicit True,10,16001823,197
2358,Explicit True,10,16001823,198
2359,Explicit True,10,16001823,199
2360,Explicit True,10,16001823,200
2361,Explicit True,10,16001823,201
2362,Explicit True,10,16001823,202
2363,Explicit True,10,16001823,203
2364,Explicit True,10,16001823,204
2365,Explicit True,10,16001823,205
2366,Explicit True,10,16001823,206
2367,Explicit True,10,16001823,207
2368,Explicit True,10,16001823,208
2369,Explicit True,10,16001823,209
2370,Explicit True,10,16001823,210
2371,Explicit True,10,16001823,211
2372,Explicit True,10,16001823,212
2373,Explicit True,10,16001823,213
2374,Explicit True,10,16001823,214
2375,Explicit True,10,16001823,215
2376,Explicit True,10,16001823,216
2377,Explicit True,10,16001823,217
2378,Explicit True,10,16001823,218
2379,Explicit True,10,16001823,219
2380,Explicit True,10,16001823,220
2381,Explicit True,10,16001823,221
2382,Explicit True,10,16001823,222
2383,Explicit True,10,16001823,223
2384,Explicit True,10,16001823,224
2385,Explicit True,10,16001823,225
2386,Explicit True,10,16001823,226
2387,Explicit True,10,16001823,227
2388,Explicit True,10,16001823,228
2389,Explicit True,10,16001823,229
2390,Explicit True,10,16001823,230
2391,Explicit True,10,16001823,231
2392,Explicit True,10,16001823,232
2393,Explicit True,10,16001823,233
2394,Explicit True,10,16001823,234
2395,Explicit True,10,16001823,235
2396,Explicit True,10,16001823,236
2397,Explicit True,10,16001823,237
2398,Explicit True,10,16001823,238
2399,Explicit True,10,16001823,239
2400,Explicit True,10,16001823,240
2401,Explicit True,11,16001825,1
2402,Explicit True,11,16001825,2
2403,Explicit True,11,16001825,3
2404,Explicit True,11,16001825,4
2405,Explicit True,11,16001825,5
2406,Explicit True,11,16001825,6
2407,Explicit True,11,16001825,7
2408,Explicit True,11,16001825,8
2409,Explicit True,11,16001825,9
2410,Explicit True,11,16001825,10
2411,Explicit True,11,16001825,11
2412,Explicit True,11,16001825,12
2413,Explicit True,11,16001825,13
2414,Explicit True,11,16001825,14
2415,Explicit True,11,16001825,15
2416,Explicit True,11,16001825,16
2417,Explicit True,11,16001825,17
2418,Explicit True,11,16001825,18
2419,Explicit True,11,16001825,19
2420,Explicit True,11,16001825,20
2421,Explicit True,11,16001825,21
2422,Explicit True,11,16001825,22
2423,Explicit True,11,16001825,23
2424,Explicit True,11,16001825,24
2425,Explicit True,11,16001825,25
2426,Explicit True,11,16001825,26
2427,Explicit True,11,16001825,27
2428,Explicit True,11,16001825,28
2429,Explicit True,11,16001825,29
2430,Explicit True,11,16001825,30
2431,Explicit True,11,16001825,31
2432,Explicit True,11,16001825,32
2433,Explicit True,11,16001825,33
2434,Explicit True,11,16001825,34
2435,Explicit True,11,16001825,35
2436,Explicit True,11,16001825,36
2437,Explicit True,11,16001825,37
2438,Explicit True,11,16001825,38
2439,Explicit True,11,16001825,39
2440,Explicit True,11,16001825,40
2441,Explicit True,11,16001825,41
2442,Explicit True,11,16001825,42
2443,Explicit True,11,16001825,43
2444,Explicit True,11,16001825,44
2445,Explicit True,11,16001825,45
2446,Explicit True,11,16001825,46
2447,Explicit True,11,16001825,47
2448,Explicit True,11,16001825,48
2449,Explicit True,11,16001825,49
2450,Explicit True,11,16001825,50
2451,Explicit True,11,16001825,51
2452,Explicit True,11,16001825,52
2453,Explicit True,11,16001825,53
2454,Explicit True,11,16001825,54
2455,Explicit True,11,16001825,55
2456,Explicit True,11,16001825,56
2457,Explicit True,11,16001825,57
2458,Explicit True,11,16001825,58
2459,Explicit True,11,16001825,59
2460,Explicit True,11,16001825,60
2461,Explicit True,11,16001825,61
2462,Explicit True,11,16001825,62
2463,Explicit True,11,16001825,63
2464,Explicit True,11,16001825,64
2465,Explicit True,11,16001825,65
2466,Explicit True,11,16001825,66
2467,Explicit True,11,16001825,67
2468,Explicit True,11,16001825,68
2469,Explicit True,11,16001825,69
2470,Explicit True,11,16001825,70
2471,Explicit True,11,16001825,71
2472,Explicit True,11,16001825,72
2473,Explicit True,11,16001825,73
2474,Explicit True,11,16001825,74
2475,Explicit True,11,16001825,75
2476,Explicit True,11,16001825,76
2477,Explicit True,11,16001825,77
2478,Explicit True,11,16001825,78
2479,Explicit True,11,16001825,79
2480,Explicit True,11,16001825,80
2481,Explicit True,11,16001825,81
2482,Explicit True,11,16001825,82
2483,Explicit True,11,16001825,83
2484,Explicit True,11,16001825,84
2485,Explicit True,11,16001825,85
2486,Explicit True,11,16001825,86
2487,Explicit True,11,16001825,87
2488,Explicit True,11,16001825,88
2489,Explicit True,11,16001825,89
2490,Explicit True,11,16001825,90
2491,Explicit True,11,16001825,91
2492,Explicit True,11,16001825,92
2493,Explicit True,11,16001825,93
2494,Explicit True,11,16001825,94
2495,Explicit True,11,16001825,95
2496,Explicit True,11,16001825,96
2497,Explicit True,11,16001825,97
2498,Explicit True,11,16001825,98
2499,Explicit True,11,16001825,99
2500,Explicit True,11,16001825,100
2501,Explicit True,11,16001825,101
2502,Explicit True,11,16001825,102
2503,Explicit True,11,16001825,103
2504,Explicit True,11,16001825,104
2505,Explicit True,11,16001825,105
2506,Explicit True,11,16001825,106
2507,Explicit True,11,16001825,107
2508,Explicit True,11,16001825,108
2509,Explicit True,11,16001825,109
2510,Explicit True,11,16001825,110
2511,Explicit True,11,16001825,111
2512,Explicit True,11,16001825,112
2513,Explicit True,11,16001825,113
2514,Explicit True,11,16001825,114
2515,Explicit True,11,16001825,115
2516,Explicit True,11,16001825,116
2517,Explicit True,11,16001825,117
2518,Explicit True,11,16001825,118
2519,Explicit True,11,16001825,119
2520,Explicit True,11,16001825,120
2521,Explicit True,11,16001825,121
2522,Explicit True,11,16001825,122
2523,Explicit True,11,16001825,123
2524,Explicit True,11,16001825,124
2525,Explicit True,11,16001825,125
2526,Explicit True,11,16001825,126
2527,Explicit True,11,16001825,127
2528,Explicit True,11,16001825,128
2529,Explicit True,11,16001825,129
2530,Explicit True,11,16001825,130
2531,Explicit True,11,16001825,131
2532,Explicit True,11,16001825,132
2533,Explicit True,11,16001825,133
2534,Explicit True,11,16001825,134
2535,Explicit True,11,16001825,135
2536,Explicit True,11,16001825,136
2537,Explicit True,11,16001825,137
2538,Explicit True,11,16001825,138
2539,Explicit True,11,16001825,139
2540,Explicit True,11,16001825,140
2541,Explicit True,11,16001825,141
2542,Explicit True,11,16001825,142
2543,Explicit True,11,16001825,143
2544,Explicit True,11,16001825,144
2545,Explicit True,11,16001825,145
2546,Explicit True,11,16001825,146
2547,Explicit True,11,16001825,147
2548,Explicit True,11,16001825,148
2549,Explicit True,11,16001825,149
2550,Explicit True,11,16001825,150
2551,Explicit True,11,16001825,151
2552,Explicit True,11,16001825,152
2553,Explicit True,11,16001825,153
2554,Explicit True,11,16001825,154
2555,Explicit True,11,16001825,155
2556,Explicit True,11,16001825,156
2557,Explicit True,11,16001825,157
2558,Explicit True,11,16001825,158
2559,Explicit True,11,16001825,159
2560,Explicit True,11,16001825,160
2561,Explicit True,11,16001825,161
2562,Explicit True,11,16001825,162
2563,Explicit True,11,16001825,163
2564,Explicit True,11,16001825,164
2565,Explicit True,11,16001825,165
2566,Explicit True,11,16001825,166
2567,Explicit True,11,16001825,167
2568,Explicit True,11,16001825,168
2569,Explicit True,11,16001825,169
2570,Explicit True,11,16001825,170
2571,Explicit True,11,16001825,171
2572,Explicit True,11,16001825,172
2573,Explicit True,11,16001825,173
2574,Explicit True,11,16001825,174
2575,Explicit True,11,16001825,175
2576,Explicit True,11,16001825,176
2577,Explicit True,11,16001825,177
2578,Explicit True,11,16001825,178
2579,Explicit True,11,16001825,179
2580,Explicit True,11,16001825,180
2581,Explicit True,11,16001825,181
2582,Explicit True,11,16001825,182
2583,Explicit True,11,16001825,183
2584,Explicit True,11,16001825,184
2585,Explicit True,11,16001825,185
2586,Explicit True,11,16001825,186
2587,Explicit True,11,16001825,187
2588,Explicit True,11,16001825,188
2589,Explicit True,11,16001825,189
2590,Explicit True,11,16001825,190
2591,Explicit True,11,16001825,191
2592,Explicit True,11,16001825,192
2593,Explicit True,11,16001825,193
2594,Explicit True,11,16001825,194
2595,Explicit True,11,16001825,195
2596,Explicit True,11,16001825,196
2597,Explicit True,11,16001825,197
2598,Explicit True,11,16001825,198
2599,Explicit True,11,16001825,199
2600,Explicit True,11,16001825,200
2601,Explicit True,11,16001825,201
2602,Explicit True,11,16001825,202
2603,Explicit True,11,16001825,203
2604,Explicit True,11,16001825,204
2605,Explicit True,11,16001825,205
2606,Explicit True,11,16001825,206
2607,Explicit True,11,16001825,207
2608,Explicit True,11,16001825,208
2609,Explicit True,11,16001825,209
2610,Explicit True,11,16001825,210
2611,Explicit True,11,16001825,211
2612,Explicit True,11,16001825,212
2613,Explicit True,11,16001825,213
2614,Explicit True,11,16001825,214
2615,Explicit True,11,16001825,215
2616,Explicit True,11,16001825,216
2617,Explicit True,11,16001825,217
2618,Explicit True,11,16001825,218
2619,Explicit True,11,16001825,219
2620,Explicit True,11,16001825,220
2621,Explicit True,11,16001825,221
2622,Explicit True,11,16001825,222
2623,Explicit True,11,16001825,223
2624,Explicit True,11,16001825,224
2625,Explicit True,11,16001825,225
2626,Explicit True,11,16001825,226
2627,Explicit True,11,16001825,227
2628,Explicit True,11,16001825,228
2629,Explicit True,11,16001825,229
2630,Explicit True,11,16001825,230
2631,Explicit True,11,16001825,231
2632,Explicit True,11,16001825,232
2633,Explicit True,11,16001825,233
2634,Explicit True,11,16001825,234
2635,Explicit True,11,16001825,235
2636,Explicit True,11,16001825,236
2637,Explicit True,11,16001825,237
2638,Explicit True,11,16001825,238
2639,Explicit True,11,16001825,239
2640,Explicit True,11,16001825,240
2641,Explicit True,12,16001827,1
2642,Explicit True,12,16001827,2
2643,Explicit True,12,16001827,3
2644,Explicit True,12,16001827,4
2645,Explicit True,12,16001827,5
2646,Explicit True,12,16001827,6
2647,Explicit True,12,16001827,7
2648,Explicit True,12,16001827,8
2649,Explicit True,12,16001827,9
2650,Explicit True,12,16001827,10
2651,Explicit True,12,16001827,11
2652,Explicit True,12,16001827,12
2653,Explicit True,12,16001827,13
2654,Explicit True,12,16001827,14
2655,Explicit True,12,16001827,15
2656,Explicit True,12,16001827,16
2657,Explicit True,12,16001827,17
2658,Explicit True,12,16001827,18
2659,Explicit True,12,16001827,19
2660,Explicit True,12,16001827,20
2661,Explicit True,12,16001827,21
2662,Explicit True,12,16001827,22
2663,Explicit True,12,16001827,23
2664,Explicit True,12,16001827,24
2665,Explicit True,12,16001827,25
2666,Explicit True,12,16001827,26
2667,Explicit True,12,16001827,27
2668,Explicit True,12,16001827,28
2669,Explicit True,12,16001827,29
2670,Explicit True,12,16001827,30
2671,Explicit True,12,16001827,31
2672,Explicit True,12,16001827,32
2673,Explicit True,12,16001827,33
2674,Explicit True,12,16001827,34
2675,Explicit True,12,16001827,35
2676,Explicit True,12,16001827,36
2677,Explicit True,12,16001827,37
2678,Explicit True,12,16001827,38
2679,Explicit True,12,16001827,39
2680,Explicit True,12,16001827,40
2681,Explicit True,12,16001827,41
2682,Explicit True,12,16001827,42
2683,Explicit True,12,16001827,43
2684,Explicit True,12,16001827,44
2685,Explicit True,12,16001827,45
2686,Explicit True,12,16001827,46
2687,Explicit True,12,16001827,47
2688,Explicit True,12,16001827,48
2689,Explicit True,12,16001827,49
2690,Explicit True,12,16001827,50
2691,Explicit True,12,16001827,51
2692,Explicit True,12,16001827,52
2693,Explicit True,12,16001827,53
2694,Explicit True,12,16001827,54
2695,Explicit True,12,16001827,55
2696,Explicit True,12,16001827,56
2697,Explicit True,12,16001827,57
2698,Explicit True,12,16001827,58
2699,Explicit True,12,16001827,59
2700,Explicit True,12,16001827,60
2701,Explicit True,12,16001827,61
2702,Explicit True,12,16001827,62
2703,Explicit True,12,16001827,63
2704,Explicit True,12,16001827,64
2705,Explicit True,12,16001827,65
2706,Explicit True,12,16001827,66
2707,Explicit True,12,16001827,67
2708,Explicit True,12,16001827,68
2709,Explicit True,12,16001827,69
2710,Explicit True,12,16001827,70
2711,Explicit True,12,16001827,71
2712,Explicit True,12,16001827,72
2713,Explicit True,12,16001827,73
2714,Explicit True,12,16001827,74
2715,Explicit True,12,16001827,75
2716,Explicit True,12,16001827,76
2717,Explicit True,12,16001827,77
2718,Explicit True,12,16001827,78
2719,Explicit True,12,16001827,79
2720,Explicit True,12,16001827,80
2721,Explicit True,12,16001827,81
2722,Explicit True,12,16001827,82
2723,Explicit True,12,16001827,83
2724,Explicit True,12,16001827,84
2725,Explicit True,12,16001827,85
2726,Explicit True,12,16001827,86
2727,Explicit True,12,16001827,87
2728,Explicit True,12,16001827,88
2729,Explicit True,12,16001827,89
2730,Explicit True,12,16001827,90
2731,Explicit True,12,16001827,91
2732,Explicit True,12,16001827,92
2733,Explicit True,12,16001827,93
2734,Explicit True,12,16001827,94
2735,Explicit True,12,16001827,95
2736,Explicit True,12,16001827,96
2737,Explicit True,12,16001827,97
2738,Explicit True,12,16001827,98
2739,Explicit True,12,16001827,99
2740,Explicit True,12,16001827,100
2741,Explicit True,12,16001827,101
2742,Explicit True,12,16001827,102
2743,Explicit True,12,16001827,103
2744,Explicit True,12,16001827,104
2745,Explicit True,12,16001827,105
2746,Explicit True,12,16001827,106
2747,Explicit True,12,16001827,107
2748,Explicit True,12,16001827,108
2749,Explicit True,12,16001827,109
2750,Explicit True,12,16001827,110
2751,Explicit True,12,16001827,111
2752,Explicit True,12,16001827,112
2753,Explicit True,12,16001827,113
2754,Explicit True,12,16001827,114
2755,Explicit True,12,16001827,115
2756,Explicit True,12,16001827,116
2757,Explicit True,12,16001827,117
2758,Explicit True,12,16001827,118
2759,Explicit True,12,16001827,119
2760,Explicit True,12,16001827,120
2761,Explicit True,12,16001827,121
2762,Explicit True,12,16001827,122
2763,Explicit True,12,16001827,123
2764,Explicit True,12,16001827,124
2765,Explicit True,12,16001827,125
2766,Explicit True,12,16001827,126
2767,Explicit True,12,16001827,127
2768,Explicit True,12,16001827,128
2769,Explicit True,12,16001827,129
2770,Explicit True,12,16001827,130
2771,Explicit True,12,16001827,131
2772,Explicit True,12,16001827,132
2773,Explicit True,12,16001827,133
2774,Explicit True,12,16001827,134
2775,Explicit True,12,16001827,135
2776,Explicit True,12,16001827,136
2777,Explicit True,12,16001827,137
2778,Explicit True,12,16001827,138
2779,Explicit True,12,16001827,139
2780,Explicit True,12,16001827,140
2781,Explicit True,12,16001827,141
2782,Explicit True,12,16001827,142
2783,Explicit True,12,16001827,143
2784,Explicit True,12,16001827,144
2785,Explicit True,12,16001827,145
2786,Explicit True,12,16001827,146
2787,Explicit True,12,16001827,147
2788,Explicit True,12,16001827,148
2789,Explicit True,12,16001827,149
2790,Explicit True,12,16001827,150
2791,Explicit True,12,16001827,151
2792,Explicit True,12,16001827,152
2793,Explicit True,12,16001827,153
2794,Explicit True,12,16001827,154
2795,Explicit True,12,16001827,155
2796,Explicit True,12,16001827,156
2797,Explicit True,12,16001827,157
2798,Explicit True,12,16001827,158
2799,Explicit True,12,16001827,159
2800,Explicit True,12,16001827,160
2801,Explicit True,12,16001827,161
2802,Explicit True,12,16001827,162
2803,Explicit True,12,16001827,163
2804,Explicit True,12,16001827,164
2805,Explicit True,12,16001827,165
2806,Explicit True,12,16001827,166
2807,Explicit True,12,16001827,167
2808,Explicit True,12,16001827,168
2809,Explicit True,12,16001827,169
2810,Explicit True,12,16001827,170
2811,Explicit True,12,16001827,171
2812,Explicit True,12,16001827,172
2813,Explicit True,12,16001827,173
2814,Explicit True,12,16001827,174
2815,Explicit True,12,16001827,175
2816,Explicit True,12,16001827,176
2817,Explicit True,12,16001827,177
2818,Explicit True,12,16001827,178
2819,Explicit True,12,16001827,179
2820,Explicit True,12,16001827,180
2821,Explicit True,12,16001827,181
2822,Explicit True,12,16001827,182
2823,Explicit True,12,16001827,183
2824,Explicit True,12,16001827,184
2825,Explicit True,12,16001827,185
2826,Explicit True,12,16001827,186
2827,Explicit True,12,16001827,187
2828,Explicit True,12,16001827,188
2829,Explicit True,12,16001827,189
2830,Explicit True,12,16001827,190
2831,Explicit True,12,16001827,191
2832,Explicit True,12,16001827,192
2833,Explicit True,12,16001827,193
2834,Explicit True,12,16001827,194
2835,Explicit True,12,16001827,195
2836,Explicit True,12,16001827,196
2837,Explicit True,12,16001827,197
2838,Explicit True,12,16001827,198
2839,Explicit True,12,16001827,199
2840,Explicit True,12,16001827,200
2841,Explicit True,12,16001827,201
2842,Explicit True,12,16001827,202
2843,Explicit True,12,16001827,203
2844,Explicit True,12,16001827,204
2845,Explicit True,12,16001827,205
2846,Explicit True,12,16001827,206
2847,Explicit True,12,16001827,207
2848,Explicit True,12,16001827,208
2849,Explicit True,12,16001827,209
2850,Explicit True,12,16001827,210
2851,Explicit True,12,16001827,211
2852,Explicit True,12,16001827,212
2853,Explicit True,12,16001827,213
2854,Explicit True,12,16001827,214
2855,Explicit True,12,16001827,215
2856,Explicit True,12,16001827,216
2857,Explicit True,12,16001827,217
2858,Explicit True,12,16001827,218
2859,Explicit True,12,16001827,219
2860,Explicit True,12,16001827,220
2861,Explicit True,12,16001827,221
2862,Explicit True,12,16001827,222
2863,Explicit True,12,16001827,223
2864,Explicit True,12,16001827,224
2865,Explicit True,12,16001827,225
2866,Explicit True,12,16001827,226
2867,Explicit True,12,16001827,227
2868,Explicit True,12,16001827,228
2869,Explicit True,12,16001827,229
2870,Explicit True,12,16001827,230
2871,Explicit True,12,16001827,231
2872,Explicit True,12,16001827,232
2873,Explicit True,12,16001827,233
2874,Explicit True,12,16001827,234
2875,Explicit True,12,16001827,235
2876,Explicit True,12,16001827,236
2877,Explicit True,12,16001827,237
2878,Explicit True,12,16001827,238
2879,Explicit True,12,16001827,239
2880,Explicit True,12,16001827,240
2881,Explicit True,13,16001829,1
2882,Explicit True,13,16001829,2
2883,Explicit True,13,16001829,3
2884,Explicit True,13,16001829,4
2885,Explicit True,13,16001829,5
2886,Explicit True,13,16001829,6
2887,Explicit True,13,16001829,7
2888,Explicit True,13,16001829,8
2889,Explicit True,13,16001829,9
2890,Explicit True,13,16001829,10
2891,Explicit True,13,16001829,11
2892,Explicit True,13,16001829,12
2893,Explicit True,13,16001829,13
2894,Explicit True,13,16001829,14
2895,Explicit True,13,16001829,15
2896,Explicit True,13,16001829,16
2897,Explicit True,13,16001829,17
2898,Explicit True,13,16001829,18
2899,Explicit True,13,16001829,19
2900,Explicit True,13,16001829,20
2901,Explicit True,13,16001829,21
2902,Explicit True,13,16001829,22
2903,Explicit True,13,16001829,23
2904,Explicit True,13,16001829,24
2905,Explicit True,13,16001829,25
2906,Explicit True,13,16001829,26
2907,Explicit True,13,16001829,27
2908,Explicit True,13,16001829,28
2909,Explicit True,13,16001829,29
2910,Explicit True,13,16001829,30
2911,Explicit True,13,16001829,31
2912,Explicit True,13,16001829,32
2913,Explicit True,13,16001829,33
2914,Explicit True,13,16001829,34
2915,Explicit True,13,16001829,35
2916,Explicit True,13,16001829,36
2917,Explicit True,13,16001829,37
2918,Explicit True,13,16001829,38
2919,Explicit True,13,16001829,39
2920,Explicit True,13,16001829,40
2921,Explicit True,13,16001829,41
2922,Explicit True,13,16001829,42
2923,Explicit True,13,16001829,43
2924,Explicit True,13,16001829,44
2925,Explicit True,13,16001829,45
2926,Explicit True,13,16001829,46
2927,Explicit True,13,16001829,47
2928,Explicit True,13,16001829,48
2929,Explicit True,13,16001829,49
2930,Explicit True,13,16001829,50
2931,Explicit True,13,16001829,51
2932,Explicit True,13,16001829,52
2933,Explicit True,13,16001829,53
2934,Explicit True,13,16001829,54
2935,Explicit True,13,16001829,55
2936,Explicit True,13,16001829,56
2937,Explicit True,13,16001829,57
2938,Explicit True,13,16001829,58
2939,Explicit True,13,16001829,59
2940,Explicit True,13,16001829,60
2941,Explicit True,13,16001829,61
2942,Explicit True,13,16001829,62
2943,Explicit True,13,16001829,63
2944,Explicit True,13,16001829,64
2945,Explicit True,13,16001829,65
2946,Explicit True,13,16001829,66
2947,Explicit True,13,16001829,67
2948,Explicit True,13,16001829,68
2949,Explicit True,13,16001829,69
2950,Explicit True,13,16001829,70
2951,Explicit True,13,16001829,71
2952,Explicit True,13,16001829,72
2953,Explicit True,13,16001829,73
2954,Explicit True,13,16001829,74
2955,Explicit True,13,16001829,75
2956,Explicit True,13,16001829,76
2957,Explicit True,13,16001829,77
2958,Explicit True,13,16001829,78
2959,Explicit True,13,16001829,79
2960,Explicit True,13,16001829,80
2961,Explicit True,13,16001829,81
2962,Explicit True,13,16001829,82
2963,Explicit True,13,16001829,83
2964,Explicit True,13,16001829,84
2965,Explicit True,13,16001829,85
2966,Explicit True,13,16001829,86
2967,Explicit True,13,16001829,87
2968,Explicit True,13,16001829,88
2969,Explicit True,13,16001829,89
2970,Explicit True,13,16001829,90
2971,Explicit True,13,16001829,91
2972,Explicit True,13,16001829,92
2973,Explicit True,13,16001829,93
2974,Explicit True,13,16001829,94
2975,Explicit True,13,16001829,95
2976,Explicit True,13,16001829,96
2977,Explicit True,13,16001829,97
2978,Explicit True,13,16001829,98
2979,Explicit True,13,16001829,99
2980,Explicit True,13,16001829,100
2981,Explicit True,13,16001829,101
2982,Explicit True,13,16001829,102
2983,Explicit True,13,16001829,103
2984,Explicit True,13,16001829,104
2985,Explicit True,13,16001829,105
2986,Explicit True,13,16001829,106
2987,Explicit True,13,16001829,107
2988,Explicit True,13,16001829,108
2989,Explicit True,13,16001829,109
2990,Explicit True,13,16001829,110
2991,Explicit True,13,16001829,111
2992,Explicit True,13,16001829,112
2993,Explicit True,13,16001829,113
2994,Explicit True,13,16001829,114
2995,Explicit True,13,16001829,115
2996,Explicit True,13,16001829,116
2997,Explicit True,13,16001829,117
2998,Explicit True,13,16001829,118
2999,Explicit True,13,16001829,119
3000,Explicit True,13,16001829,120
3001,Explicit True,13,16001829,121
3002,Explicit True,13,16001829,122
3003,Explicit True,13,16001829,123
3004,Explicit True,13,16001829,124
3005,Explicit True,13,16001829,125
3006,Explicit True,13,16001829,126
3007,Explicit True,13,16001829,127
3008,Explicit True,13,16001829,128
3009,Explicit True,13,16001829,129
3010,Explicit True,13,16001829,130
3011,Explicit True,13,16001829,131
3012,Explicit True,13,16001829,132
3013,Explicit True,13,16001829,133
3014,Explicit True,13,16001829,134
3015,Explicit True,13,16001829,135
3016,Explicit True,13,16001829,136
3017,Explicit True,13,16001829,137
3018,Explicit True,13,16001829,138
3019,Explicit True,13,16001829,139
3020,Explicit True,13,16001829,140
3021,Explicit True,13,16001829,141
3022,Explicit True,13,16001829,142
3023,Explicit True,13,16001829,143
3024,Explicit True,13,16001829,144
3025,Explicit True,13,16001829,145
3026,Explicit True,13,16001829,146
3027,Explicit True,13,16001829,147
3028,Explicit True,13,16001829,148
3029,Explicit True,13,16001829,149
3030,Explicit True,13,16001829,150
3031,Explicit True,13,16001829,151
3032,Explicit True,13,16001829,152
3033,Explicit True,13,16001829,153
3034,Explicit True,13,16001829,154
3035,Explicit True,13,16001829,155
3036,Explicit True,13,16001829,156
3037,Explicit True,13,16001829,157
3038,Explicit True,13,16001829,158
3039,Explicit True,13,16001829,159
3040,Explicit True,13,16001829,160
3041,Explicit True,13,16001829,161
3042,Explicit True,13,16001829,162
3043,Explicit True,13,16001829,163
3044,Explicit True,13,16001829,164
3045,Explicit True,13,16001829,165
3046,Explicit True,13,16001829,166
3047,Explicit True,13,16001829,167
3048,Explicit True,13,16001829,168
3049,Explicit True,13,16001829,169
3050,Explicit True,13,16001829,170
3051,Explicit True,13,16001829,171
3052,Explicit True,13,16001829,172
3053,Explicit True,13,16001829,173
3054,Explicit True,13,16001829,174
3055,Explicit True,13,16001829,175
3056,Explicit True,13,16001829,176
3057,Explicit True,13,16001829,177
3058,Explicit True,13,16001829,178
3059,Explicit True,13,16001829,179
3060,Explicit True,13,16001829,180
3061,Explicit True,13,16001829,181
3062,Explicit True,13,16001829,182
3063,Explicit True,13,16001829,183
3064,Explicit True,13,16001829,184
3065,Explicit True,13,16001829,185
3066,Explicit True,13,16001829,186
3067,Explicit True,13,16001829,187
3068,Explicit True,13,16001829,188
3069,Explicit True,13,16001829,189
3070,Explicit True,13,16001829,190
3071,Explicit True,13,16001829,191
3072,Explicit True,13,16001829,192
3073,Explicit True,13,16001829,193
3074,Explicit True,13,16001829,194
3075,Explicit True,13,16001829,195
3076,Explicit True,13,16001829,196
3077,Explicit True,13,16001829,197
3078,Explicit True,13,16001829,198
3079,Explicit True,13,16001829,199
3080,Explicit True,13,16001829,200
3081,Explicit True,13,16001829,201
3082,Explicit True,13,16001829,202
3083,Explicit True,13,16001829,203
3084,Explicit True,13,16001829,204
3085,Explicit True,13,16001829,205
3086,Explicit True,13,16001829,206
3087,Explicit True,13,16001829,207
3088,Explicit True,13,16001829,208
3089,Explicit True,13,16001829,209
3090,Explicit True,13,16001829,210
3091,Explicit True,13,16001829,211
3092,Explicit True,13,16001829,212
3093,Explicit True,13,16001829,213
3094,Explicit True,13,16001829,214
3095,Explicit True,13,16001829,215
3096,Explicit True,13,16001829,216
3097,Explicit True,13,16001829,217
3098,Explicit True,13,16001829,218
3099,Explicit True,13,16001829,219
3100,Explicit True,13,16001829,220
3101,Explicit True,13,16001829,221
3102,Explicit True,13,16001829,222
3103,Explicit True,13,16001829,223
3104,Explicit True,13,16001829,224
3105,Explicit True,13,16001829,225
3106,Explicit True,13,16001829,226
3107,Explicit True,13,16001829,227
3108,Explicit True,13,16001829,228
3109,Explicit True,13,16001829,229
3110,Explicit True,13,16001829,230
3111,Explicit True,13,16001829,231
3112,Explicit True,13,16001829,232
3113,Explicit True,13,16001829,233
3114,Explicit True,13,16001829,234
3115,Explicit True,13,16001829,235
3116,Explicit True,13,16001829,236
3117,Explicit True,13,16001829,237
3118,Explicit True,13,16001829,238
3119,Explicit True,13,16001829,239
3120,Explicit True,13,16001829,240
3121,Explicit True,14,16001833,1
3122,Explicit True,14,16001833,2
3123,Explicit True,14,16001833,3
3124,Explicit True,14,16001833,4
3125,Explicit True,14,16001833,5
3126,Explicit True,14,16001833,6
3127,Explicit True,14,16001833,7
3128,Explicit True,14,16001833,8
3129,Explicit True,14,16001833,9
3130,Explicit True,14,16001833,10
3131,Explicit True,14,16001833,11
3132,Explicit True,14,16001833,12
3133,Explicit True,14,16001833,13
3134,Explicit True,14,16001833,14
3135,Explicit True,14,16001833,15
3136,Explicit True,14,16001833,16
3137,Explicit True,14,16001833,17
3138,Explicit True,14,16001833,18
3139,Explicit True,14,16001833,19
3140,Explicit True,14,16001833,20
3141,Explicit True,14,16001833,21
3142,Explicit True,14,16001833,22
3143,Explicit True,14,16001833,23
3144,Explicit True,14,16001833,24
3145,Explicit True,14,16001833,25
3146,Explicit True,14,16001833,26
3147,Explicit True,14,16001833,27
3148,Explicit True,14,16001833,28
3149,Explicit True,14,16001833,29
3150,Explicit True,14,16001833,30
3151,Explicit True,14,16001833,31
3152,Explicit True,14,16001833,32
3153,Explicit True,14,16001833,33
3154,Explicit True,14,16001833,34
3155,Explicit True,14,16001833,35
3156,Explicit True,14,16001833,36
3157,Explicit True,14,16001833,37
3158,Explicit True,14,16001833,38
3159,Explicit True,14,16001833,39
3160,Explicit True,14,16001833,40
3161,Explicit True,14,16001833,41
3162,Explicit True,14,16001833,42
3163,Explicit True,14,16001833,43
3164,Explicit True,14,16001833,44
3165,Explicit True,14,16001833,45
3166,Explicit True,14,16001833,46
3167,Explicit True,14,16001833,47
3168,Explicit True,14,16001833,48
3169,Explicit True,14,16001833,49
3170,Explicit True,14,16001833,50
3171,Explicit True,14,16001833,51
3172,Explicit True,14,16001833,52
3173,Explicit True,14,16001833,53
3174,Explicit True,14,16001833,54
3175,Explicit True,14,16001833,55
3176,Explicit True,14,16001833,56
3177,Explicit True,14,16001833,57
3178,Explicit True,14,16001833,58
3179,Explicit True,14,16001833,59
3180,Explicit True,14,16001833,60
3181,Explicit True,14,16001833,61
3182,Explicit True,14,16001833,62
3183,Explicit True,14,16001833,63
3184,Explicit True,14,16001833,64
3185,Explicit True,14,16001833,65
3186,Explicit True,14,16001833,66
3187,Explicit True,14,16001833,67
3188,Explicit True,14,16001833,68
3189,Explicit True,14,16001833,69
3190,Explicit True,14,16001833,70
3191,Explicit True,14,16001833,71
3192,Explicit True,14,16001833,72
3193,Explicit True,14,16001833,73
3194,Explicit True,14,16001833,74
3195,Explicit True,14,16001833,75
3196,Explicit True,14,16001833,76
3197,Explicit True,14,16001833,77
3198,Explicit True,14,16001833,78
3199,Explicit True,14,16001833,79
3200,Explicit True,14,16001833,80
3201,Explicit True,14,16001833,81
3202,Explicit True,14,16001833,82
3203,Explicit True,14,16001833,83
3204,Explicit True,14,16001833,84
3205,Explicit True,14,16001833,85
3206,Explicit True,14,16001833,86
3207,Explicit True,14,16001833,87
3208,Explicit True,14,16001833,88
3209,Explicit True,14,16001833,89
3210,Explicit True,14,16001833,90
3211,Explicit True,14,16001833,91
3212,Explicit True,14,16001833,92
3213,Explicit True,14,16001833,93
3214,Explicit True,14,16001833,94
3215,Explicit True,14,16001833,95
3216,Explicit True,14,16001833,96
3217,Explicit True,14,16001833,97
3218,Explicit True,14,16001833,98
3219,Explicit True,14,16001833,99
3220,Explicit True,14,16001833,100
3221,Explicit True,14,16001833,101
3222,Explicit True,14,16001833,102
3223,Explicit True,14,16001833,103
3224,Explicit True,14,16001833,104
3225,Explicit True,14,16001833,105
3226,Explicit True,14,16001833,106
3227,Explicit True,14,16001833,107
3228,Explicit True,14,16001833,108
3229,Explicit True,14,16001833,109
3230,Explicit True,14,16001833,110
3231,Explicit True,14,16001833,111
3232,Explicit True,14,16001833,112
3233,Explicit True,14,16001833,113
3234,Explicit True,14,16001833,114
3235,Explicit True,14,16001833,115
3236,Explicit True,14,16001833,116
3237,Explicit True,14,16001833,117
3238,Explicit True,14,16001833,118
3239,Explicit True,14,16001833,119
3240,Explicit True,14,16001833,120
3241,Explicit True,14,16001833,121
3242,Explicit True,14,16001833,122
3243,Explicit True,14,16001833,123
3244,Explicit True,14,16001833,124
3245,Explicit True,14,16001833,125
3246,Explicit True,14,16001833,126
3247,Explicit True,14,16001833,127
3248,Explicit True,14,16001833,128
3249,Explicit True,14,16001833,129
3250,Explicit True,14,16001833,130
3251,Explicit True,14,16001833,131
3252,Explicit True,14,16001833,132
3253,Explicit True,14,16001833,133
3254,Explicit True,14,16001833,134
3255,Explicit True,14,16001833,135
3256,Explicit True,14,16001833,136
3257,Explicit True,14,16001833,137
3258,Explicit True,14,16001833,138
3259,Explicit True,14,16001833,139
3260,Explicit True,14,16001833,140
3261,Explicit True,14,16001833,141
3262,Explicit True,14,16001833,142
3263,Explicit True,14,16001833,143
3264,Explicit True,14,16001833,144
3265,Explicit True,14,16001833,145
3266,Explicit True,14,16001833,146
3267,Explicit True,14,16001833,147
3268,Explicit True,14,16001833,148
3269,Explicit True,14,16001833,149
3270,Explicit True,14,16001833,150
3271,Explicit True,14,16001833,151
3272,Explicit True,14,16001833,152
3273,Explicit True,14,16001833,153
3274,Explicit True,14,16001833,154
3275,Explicit True,14,16001833,155
3276,Explicit True,14,16001833,156
3277,Explicit True,14,16001833,157
3278,Explicit True,14,16001833,158
3279,Explicit True,14,16001833,159
3280,Explicit True,14,16001833,160
3281,Explicit True,14,16001833,161
3282,Explicit True,14,16001833,162
3283,Explicit True,14,16001833,163
3284,Explicit True,14,16001833,164
3285,Explicit True,14,16001833,165
3286,Explicit True,14,16001833,166
3287,Explicit True,14,16001833,167
3288,Explicit True,14,16001833,168
3289,Explicit True,14,16001833,169
3290,Explicit True,14,16001833,170
3291,Explicit True,14,16001833,171
3292,Explicit True,14,16001833,172
3293,Explicit True,14,16001833,173
3294,Explicit True,14,16001833,174
3295,Explicit True,14,16001833,175
3296,Explicit True,14,16001833,176
3297,Explicit True,14,16001833,177
3298,Explicit True,14,16001833,178
3299,Explicit True,14,16001833,179
3300,Explicit True,14,16001833,180
3301,Explicit True,14,16001833,181
3302,Explicit True,14,16001833,182
3303,Explicit True,14,16001833,183
3304,Explicit True,14,16001833,184
3305,Explicit True,14,16001833,185
3306,Explicit True,14,16001833,186
3307,Explicit True,14,16001833,187
3308,Explicit True,14,16001833,188
3309,Explicit True,14,16001833,189
3310,Explicit True,14,16001833,190
3311,Explicit True,14,16001833,191
3312,Explicit True,14,16001833,192
3313,Explicit True,14,16001833,193
3314,Explicit True,14,16001833,194
3315,Explicit True,14,16001833,195
3316,Explicit True,14,16001833,196
3317,Explicit True,14,16001833,197
3318,Explicit True,14,16001833,198
3319,Explicit True,14,16001833,199
3320,Explicit True,14,16001833,200
3321,Explicit True,14,16001833,201
3322,Explicit True,14,16001833,202
3323,Explicit True,14,16001833,203
3324,Explicit True,14,16001833,204
3325,Explicit True,14,16001833,205
3326,Explicit True,14,16001833,206
3327,Explicit True,14,16001833,207
3328,Explicit True,14,16001833,208
3329,Explicit True,14,16001833,209
3330,Explicit True,14,16001833,210
3331,Explicit True,14,16001833,211
3332,Explicit True,14,16001833,212
3333,Explicit True,14,16001833,213
3334,Explicit True,14,16001833,214
3335,Explicit True,14,16001833,215
3336,Explicit True,14,16001833,216
3337,Explicit True,14,16001833,217
3338,Explicit True,14,16001833,218
3339,Explicit True,14,16001833,219
3340,Explicit True,14,16001833,220
3341,Explicit True,14,16001833,221
3342,Explicit True,14,16001833,222
3343,Explicit True,14,16001833,223
3344,Explicit True,14,16001833,224
3345,Explicit True,14,16001833,225
3346,Explicit True,14,16001833,226
3347,Explicit True,14,16001833,227
3348,Explicit True,14,16001833,228
3349,Explicit True,14,16001833,229
3350,Explicit True,14,16001833,230
3351,Explicit True,14,16001833,231
3352,Explicit True,14,16001833,232
3353,Explicit True,14,16001833,233
3354,Explicit True,14,16001833,234
3355,Explicit True,14,16001833,235
3356,Explicit True,14,16001833,236
3357,Explicit True,14,16001833,237
3358,Explicit True,14,16001833,238
3359,Explicit True,14,16001833,239
3360,Explicit True,14,16001833,240
3361,Explicit True,15,16001836,1
3362,Explicit True,15,16001836,2
3363,Explicit True,15,16001836,3
3364,Explicit True,15,16001836,4
3365,Explicit True,15,16001836,5
3366,Explicit True,15,16001836,6
3367,Explicit True,15,16001836,7
3368,Explicit True,15,16001836,8
3369,Explicit True,15,16001836,9
3370,Explicit True,15,16001836,10
3371,Explicit True,15,16001836,11
3372,Explicit True,15,16001836,12
3373,Explicit True,15,16001836,13
3374,Explicit True,15,16001836,14
3375,Explicit True,15,16001836,15
3376,Explicit True,15,16001836,16
3377,Explicit True,15,16001836,17
3378,Explicit True,15,16001836,18
3379,Explicit True,15,16001836,19
3380,Explicit True,15,16001836,20
3381,Explicit True,15,16001836,21
3382,Explicit True,15,16001836,22
3383,Explicit True,15,16001836,23
3384,Explicit True,15,16001836,24
3385,Explicit True,15,16001836,25
3386,Explicit True,15,16001836,26
3387,Explicit True,15,16001836,27
3388,Explicit True,15,16001836,28
3389,Explicit True,15,16001836,29
3390,Explicit True,15,16001836,30
3391,Explicit True,15,16001836,31
3392,Explicit True,15,16001836,32
3393,Explicit True,15,16001836,33
3394,Explicit True,15,16001836,34
3395,Explicit True,15,16001836,35
3396,Explicit True,15,16001836,36
3397,Explicit True,15,16001836,37
3398,Explicit True,15,16001836,38
3399,Explicit True,15,16001836,39
3400,Explicit True,15,16001836,40
3401,Explicit True,15,16001836,41
3402,Explicit True,15,16001836,42
3403,Explicit True,15,16001836,43
3404,Explicit True,15,16001836,44
3405,Explicit True,15,16001836,45
3406,Explicit True,15,16001836,46
3407,Explicit True,15,16001836,47
3408,Explicit True,15,16001836,48
3409,Explicit True,15,16001836,49
3410,Explicit True,15,16001836,50
3411,Explicit True,15,16001836,51
3412,Explicit True,15,16001836,52
3413,Explicit True,15,16001836,53
3414,Explicit True,15,16001836,54
3415,Explicit True,15,16001836,55
3416,Explicit True,15,16001836,56
3417,Explicit True,15,16001836,57
3418,Explicit True,15,16001836,58
3419,Explicit True,15,16001836,59
3420,Explicit True,15,16001836,60
3421,Explicit True,15,16001836,61
3422,Explicit True,15,16001836,62
3423,Explicit True,15,16001836,63
3424,Explicit True,15,16001836,64
3425,Explicit True,15,16001836,65
3426,Explicit True,15,16001836,66
3427,Explicit True,15,16001836,67
3428,Explicit True,15,16001836,68
3429,Explicit True,15,16001836,69
3430,Explicit True,15,16001836,70
3431,Explicit True,15,16001836,71
3432,Explicit True,15,16001836,72
3433,Explicit True,15,16001836,73
3434,Explicit True,15,16001836,74
3435,Explicit True,15,16001836,75
3436,Explicit True,15,16001836,76
3437,Explicit True,15,16001836,77
3438,Explicit True,15,16001836,78
3439,Explicit True,15,16001836,79
3440,Explicit True,15,16001836,80
3441,Explicit True,15,16001836,81
3442,Explicit True,15,16001836,82
3443,Explicit True,15,16001836,83
3444,Explicit True,15,16001836,84
3445,Explicit True,15,16001836,85
3446,Explicit True,15,16001836,86
3447,Explicit True,15,16001836,87
3448,Explicit True,15,16001836,88
3449,Explicit True,15,16001836,89
3450,Explicit True,15,16001836,90
3451,Explicit True,15,16001836,91
3452,Explicit True,15,16001836,92
3453,Explicit True,15,16001836,93
3454,Explicit True,15,16001836,94
3455,Explicit True,15,16001836,95
3456,Explicit True,15,16001836,96
3457,Explicit True,15,16001836,97
3458,Explicit True,15,16001836,98
3459,Explicit True,15,16001836,99
3460,Explicit True,15,16001836,100
3461,Explicit True,15,16001836,101
3462,Explicit True,15,16001836,102
3463,Explicit True,15,16001836,103
3464,Explicit True,15,16001836,104
3465,Explicit True,15,16001836,105
3466,Explicit True,15,16001836,106
3467,Explicit True,15,16001836,107
3468,Explicit True,15,16001836,108
3469,Explicit True,15,16001836,109
3470,Explicit True,15,16001836,110
3471,Explicit True,15,16001836,111
3472,Explicit True,15,16001836,112
3473,Explicit True,15,16001836,113
3474,Explicit True,15,16001836,114
3475,Explicit True,15,16001836,115
3476,Explicit True,15,16001836,116
3477,Explicit True,15,16001836,117
3478,Explicit True,15,16001836,118
3479,Explicit True,15,16001836,119
3480,Explicit True,15,16001836,120
3481,Explicit True,15,16001836,121
3482,Explicit True,15,16001836,122
3483,Explicit True,15,16001836,123
3484,Explicit True,15,16001836,124
3485,Explicit True,15,16001836,125
3486,Explicit True,15,16001836,126
3487,Explicit True,15,16001836,127
3488,Explicit True,15,16001836,128
3489,Explicit True,15,16001836,129
3490,Explicit True,15,16001836,130
3491,Explicit True,15,16001836,131
3492,Explicit True,15,16001836,132
3493,Explicit True,15,16001836,133
3494,Explicit True,15,16001836,134
3495,Explicit True,15,16001836,135
3496,Explicit True,15,16001836,136
3497,Explicit True,15,16001836,137
3498,Explicit True,15,16001836,138
3499,Explicit True,15,16001836,139
3500,Explicit True,15,16001836,140
3501,Explicit True,15,16001836,141
3502,Explicit True,15,16001836,142
3503,Explicit True,15,16001836,143
3504,Explicit True,15,16001836,144
3505,Explicit True,15,16001836,145
3506,Explicit True,15,16001836,146
3507,Explicit True,15,16001836,147
3508,Explicit True,15,16001836,148
3509,Explicit True,15,16001836,149
3510,Explicit True,15,16001836,150
3511,Explicit True,15,16001836,151
3512,Explicit True,15,16001836,152
3513,Explicit True,15,16001836,153
3514,Explicit True,15,16001836,154
3515,Explicit True,15,16001836,155
3516,Explicit True,15,16001836,156
3517,Explicit True,15,16001836,157
3518,Explicit True,15,16001836,158
3519,Explicit True,15,16001836,159
3520,Explicit True,15,16001836,160
3521,Explicit True,15,16001836,161
3522,Explicit True,15,16001836,162
3523,Explicit True,15,16001836,163
3524,Explicit True,15,16001836,164
3525,Explicit True,15,16001836,165
3526,Explicit True,15,16001836,166
3527,Explicit True,15,16001836,167
3528,Explicit True,15,16001836,168
3529,Explicit True,15,16001836,169
3530,Explicit True,15,16001836,170
3531,Explicit True,15,16001836,171
3532,Explicit True,15,16001836,172
3533,Explicit True,15,16001836,173
3534,Explicit True,15,16001836,174
3535,Explicit True,15,16001836,175
3536,Explicit True,15,16001836,176
3537,Explicit True,15,16001836,177
3538,Explicit True,15,16001836,178
3539,Explicit True,15,16001836,179
3540,Explicit True,15,16001836,180
3541,Explicit True,15,16001836,181
3542,Explicit True,15,16001836,182
3543,Explicit True,15,16001836,183
3544,Explicit True,15,16001836,184
3545,Explicit True,15,16001836,185
3546,Explicit True,15,16001836,186
3547,Explicit True,15,16001836,187
3548,Explicit True,15,16001836,188
3549,Explicit True,15,16001836,189
3550,Explicit True,15,16001836,190
3551,Explicit True,15,16001836,191
3552,Explicit True,15,16001836,192
3553,Explicit True,15,16001836,193
3554,Explicit True,15,16001836,194
3555,Explicit True,15,16001836,195
3556,Explicit True,15,16001836,196
3557,Explicit True,15,16001836,197
3558,Explicit True,15,16001836,198
3559,Explicit True,15,16001836,199
3560,Explicit True,15,16001836,200
3561,Explicit True,15,16001836,201
3562,Explicit True,15,16001836,202
3563,Explicit True,15,16001836,203
3564,Explicit True,15,16001836,204
3565,Explicit True,15,16001836,205
3566,Explicit True,15,16001836,206
3567,Explicit True,15,16001836,207
3568,Explicit True,15,16001836,208
3569,Explicit True,15,16001836,209
3570,Explicit True,15,16001836,210
3571,Explicit True,15,16001836,211
3572,Explicit True,15,16001836,212
3573,Explicit True,15,16001836,213
3574,Explicit True,15,16001836,214
3575,Explicit True,15,16001836,215
3576,Explicit True,15,16001836,216
3577,Explicit True,15,16001836,217
3578,Explicit True,15,16001836,218
3579,Explicit True,15,16001836,219
3580,Explicit True,15,16001836,220
3581,Explicit True,15,16001836,221
3582,Explicit True,15,16001836,222
3583,Explicit True,15,16001836,223
3584,Explicit True,15,16001836,224
3585,Explicit True,15,16001836,225
3586,Explicit True,15,16001836,226
3587,Explicit True,15,16001836,227
3588,Explicit True,15,16001836,228
3589,Explicit True,15,16001836,229
3590,Explicit True,15,16001836,230
3591,Explicit True,15,16001836,231
3592,Explicit True,15,16001836,232
3593,Explicit True,15,16001836,233
3594,Explicit True,15,16001836,234
3595,Explicit True,15,16001836,235
3596,Explicit True,15,16001836,236
3597,Explicit True,15,16001836,237
3598,Explicit True,15,16001836,238
3599,Explicit True,15,16001836,239
3600,Explicit True,15,16001836,240
3601,Explicit True,16,16001837,1
3602,Explicit True,16,16001837,2
3603,Explicit True,16,16001837,3
3604,Explicit True,16,16001837,4
3605,Explicit True,16,16001837,5
3606,Explicit True,16,16001837,6
3607,Explicit True,16,16001837,7
3608,Explicit True,16,16001837,8
3609,Explicit True,16,16001837,9
3610,Explicit True,16,16001837,10
3611,Explicit True,16,16001837,11
3612,Explicit True,16,16001837,12
3613,Explicit True,16,16001837,13
3614,Explicit True,16,16001837,14
3615,Explicit True,16,16001837,15
3616,Explicit True,16,16001837,16
3617,Explicit True,16,16001837,17
3618,Explicit True,16,16001837,18
3619,Explicit True,16,16001837,19
3620,Explicit True,16,16001837,20
3621,Explicit True,16,16001837,21
3622,Explicit True,16,16001837,22
3623,Explicit True,16,16001837,23
3624,Explicit True,16,16001837,24
3625,Explicit True,16,16001837,25
3626,Explicit True,16,16001837,26
3627,Explicit True,16,16001837,27
3628,Explicit True,16,16001837,28
3629,Explicit True,16,16001837,29
3630,Explicit True,16,16001837,30
3631,Explicit True,16,16001837,31
3632,Explicit True,16,16001837,32
3633,Explicit True,16,16001837,33
3634,Explicit True,16,16001837,34
3635,Explicit True,16,16001837,35
3636,Explicit True,16,16001837,36
3637,Explicit True,16,16001837,37
3638,Explicit True,16,16001837,38
3639,Explicit True,16,16001837,39
3640,Explicit True,16,16001837,40
3641,Explicit True,16,16001837,41
3642,Explicit True,16,16001837,42
3643,Explicit True,16,16001837,43
3644,Explicit True,16,16001837,44
3645,Explicit True,16,16001837,45
3646,Explicit True,16,16001837,46
3647,Explicit True,16,16001837,47
3648,Explicit True,16,16001837,48
3649,Explicit True,16,16001837,49
3650,Explicit True,16,16001837,50
3651,Explicit True,16,16001837,51
3652,Explicit True,16,16001837,52
3653,Explicit True,16,16001837,53
3654,Explicit True,16,16001837,54
3655,Explicit True,16,16001837,55
3656,Explicit True,16,16001837,56
3657,Explicit True,16,16001837,57
3658,Explicit True,16,16001837,58
3659,Explicit True,16,16001837,59
3660,Explicit True,16,16001837,60
3661,Explicit True,16,16001837,61
3662,Explicit True,16,16001837,62
3663,Explicit True,16,16001837,63
3664,Explicit True,16,16001837,64
3665,Explicit True,16,16001837,65
3666,Explicit True,16,16001837,66
3667,Explicit True,16,16001837,67
3668,Explicit True,16,16001837,68
3669,Explicit True,16,16001837,69
3670,Explicit True,16,16001837,70
3671,Explicit True,16,16001837,71
3672,Explicit True,16,16001837,72
3673,Explicit True,16,16001837,73
3674,Explicit True,16,16001837,74
3675,Explicit True,16,16001837,75
3676,Explicit True,16,16001837,76
3677,Explicit True,16,16001837,77
3678,Explicit True,16,16001837,78
3679,Explicit True,16,16001837,79
3680,Explicit True,16,16001837,80
3681,Explicit True,16,16001837,81
3682,Explicit True,16,16001837,82
3683,Explicit True,16,16001837,83
3684,Explicit True,16,16001837,84
3685,Explicit True,16,16001837,85
3686,Explicit True,16,16001837,86
3687,Explicit True,16,16001837,87
3688,Explicit True,16,16001837,88
3689,Explicit True,16,16001837,89
3690,Explicit True,16,16001837,90
3691,Explicit True,16,16001837,91
3692,Explicit True,16,16001837,92
3693,Explicit True,16,16001837,93
3694,Explicit True,16,16001837,94
3695,Explicit True,16,16001837,95
3696,Explicit True,16,16001837,96
3697,Explicit True,16,16001837,97
3698,Explicit True,16,16001837,98
3699,Explicit True,16,16001837,99
3700,Explicit True,16,16001837,100
3701,Explicit True,16,16001837,101
3702,Explicit True,16,16001837,102
3703,Explicit True,16,16001837,103
3704,Explicit True,16,16001837,104
3705,Explicit True,16,16001837,105
3706,Explicit True,16,16001837,106
3707,Explicit True,16,16001837,107
3708,Explicit True,16,16001837,108
3709,Explicit True,16,16001837,109
3710,Explicit True,16,16001837,110
3711,Explicit True,16,16001837,111
3712,Explicit True,16,16001837,112
3713,Explicit True,16,16001837,113
3714,Explicit True,16,16001837,114
3715,Explicit True,16,16001837,115
3716,Explicit True,16,16001837,116
3717,Explicit True,16,16001837,117
3718,Explicit True,16,16001837,118
3719,Explicit True,16,16001837,119
3720,Explicit True,16,16001837,120
3721,Explicit True,16,16001837,121
3722,Explicit True,16,16001837,122
3723,Explicit True,16,16001837,123
3724,Explicit True,16,16001837,124
3725,Explicit True,16,16001837,125
3726,Explicit True,16,16001837,126
3727,Explicit True,16,16001837,127
3728,Explicit True,16,16001837,128
3729,Explicit True,16,16001837,129
3730,Explicit True,16,16001837,130
3731,Explicit True,16,16001837,131
3732,Explicit True,16,16001837,132
3733,Explicit True,16,16001837,133
3734,Explicit True,16,16001837,134
3735,Explicit True,16,16001837,135
3736,Explicit True,16,16001837,136
3737,Explicit True,16,16001837,137
3738,Explicit True,16,16001837,138
3739,Explicit True,16,16001837,139
3740,Explicit True,16,16001837,140
3741,Explicit True,16,16001837,141
3742,Explicit True,16,16001837,142
3743,Explicit True,16,16001837,143
3744,Explicit True,16,16001837,144
3745,Explicit True,16,16001837,145
3746,Explicit True,16,16001837,146
3747,Explicit True,16,16001837,147
3748,Explicit True,16,16001837,148
3749,Explicit True,16,16001837,149
3750,Explicit True,16,16001837,150
3751,Explicit True,16,16001837,151
3752,Explicit True,16,16001837,152
3753,Explicit True,16,16001837,153
3754,Explicit True,16,16001837,154
3755,Explicit True,16,16001837,155
3756,Explicit True,16,16001837,156
3757,Explicit True,16,16001837,157
3758,Explicit True,16,16001837,158
3759,Explicit True,16,16001837,159
3760,Explicit True,16,16001837,160
3761,Explicit True,16,16001837,161
3762,Explicit True,16,16001837,162
3763,Explicit True,16,16001837,163
3764,Explicit True,16,16001837,164
3765,Explicit True,16,16001837,165
3766,Explicit True,16,16001837,166
3767,Explicit True,16,16001837,167
3768,Explicit True,16,16001837,168
3769,Explicit True,16,16001837,169
3770,Explicit True,16,16001837,170
3771,Explicit True,16,16001837,171
3772,Explicit True,16,16001837,172
3773,Explicit True,16,16001837,173
3774,Explicit True,16,16001837,174
3775,Explicit True,16,16001837,175
3776,Explicit True,16,16001837,176
3777,Explicit True,16,16001837,177
3778,Explicit True,16,16001837,178
3779,Explicit True,16,16001837,179
3780,Explicit True,16,16001837,180
3781,Explicit True,16,16001837,181
3782,Explicit True,16,16001837,182
3783,Explicit True,16,16001837,183
3784,Explicit True,16,16001837,184
3785,Explicit True,16,16001837,185
3786,Explicit True,16,16001837,186
3787,Explicit True,16,16001837,187
3788,Explicit True,16,16001837,188
3789,Explicit True,16,16001837,189
3790,Explicit True,16,16001837,190
3791,Explicit True,16,16001837,191
3792,Explicit True,16,16001837,192
3793,Explicit True,16,16001837,193
3794,Explicit True,16,16001837,194
3795,Explicit True,16,16001837,195
3796,Explicit True,16,16001837,196
3797,Explicit True,16,16001837,197
3798,Explicit True,16,16001837,198
3799,Explicit True,16,16001837,199
3800,Explicit True,16,16001837,200
3801,Explicit True,16,16001837,201
3802,Explicit True,16,16001837,202
3803,Explicit True,16,16001837,203
3804,Explicit True,16,16001837,204
3805,Explicit True,16,16001837,205
3806,Explicit True,16,16001837,206
3807,Explicit True,16,16001837,207
3808,Explicit True,16,16001837,208
3809,Explicit True,16,16001837,209
3810,Explicit True,16,16001837,210
3811,Explicit True,16,16001837,211
3812,Explicit True,16,16001837,212
3813,Explicit True,16,16001837,213
3814,Explicit True,16,16001837,214
3815,Explicit True,16,16001837,215
3816,Explicit True,16,16001837,216
3817,Explicit True,16,16001837,217
3818,Explicit True,16,16001837,218
3819,Explicit True,16,16001837,219
3820,Explicit True,16,16001837,220
3821,Explicit True,16,16001837,221
3822,Explicit True,16,16001837,222
3823,Explicit True,16,16001837,223
3824,Explicit True,16,16001837,224
3825,Explicit True,16,16001837,225
3826,Explicit True,16,16001837,226
3827,Explicit True,16,16001837,227
3828,Explicit True,16,16001837,228
3829,Explicit True,16,16001837,229
3830,Explicit True,16,16001837,230
3831,Explicit True,16,16001837,231
3832,Explicit True,16,16001837,232
3833,Explicit True,16,16001837,233
3834,Explicit True,16,16001837,234
3835,Explicit True,16,16001837,235
3836,Explicit True,16,16001837,236
3837,Explicit True,16,16001837,237
3838,Explicit True,16,16001837,238
3839,Explicit True,16,16001837,239
3840,Explicit True,16,16001837,240
3841,Explicit True,17,16001846,1
3842,Explicit True,17,16001846,2
3843,Explicit True,17,16001846,3
3844,Explicit True,17,16001846,4
3845,Explicit True,17,16001846,5
3846,Explicit True,17,16001846,6
3847,Explicit True,17,16001846,7
3848,Explicit True,17,16001846,8
3849,Explicit True,17,16001846,9
3850,Explicit True,17,16001846,10
3851,Explicit True,17,16001846,11
3852,Explicit True,17,16001846,12
3853,Explicit True,17,16001846,13
3854,Explicit True,17,16001846,14
3855,Explicit True,17,16001846,15
3856,Explicit True,17,16001846,16
3857,Explicit True,17,16001846,17
3858,Explicit True,17,16001846,18
3859,Explicit True,17,16001846,19
3860,Explicit True,17,16001846,20
3861,Explicit True,17,16001846,21
3862,Explicit True,17,16001846,22
3863,Explicit True,17,16001846,23
3864,Explicit True,17,16001846,24
3865,Explicit True,17,16001846,25
3866,Explicit True,17,16001846,26
3867,Explicit True,17,16001846,27
3868,Explicit True,17,16001846,28
3869,Explicit True,17,16001846,29
3870,Explicit True,17,16001846,30
3871,Explicit True,17,16001846,31
3872,Explicit True,17,16001846,32
3873,Explicit True,17,16001846,33
3874,Explicit True,17,16001846,34
3875,Explicit True,17,16001846,35
3876,Explicit True,17,16001846,36
3877,Explicit True,17,16001846,37
3878,Explicit True,17,16001846,38
3879,Explicit True,17,16001846,39
3880,Explicit True,17,16001846,40
3881,Explicit True,17,16001846,41
3882,Explicit True,17,16001846,42
3883,Explicit True,17,16001846,43
3884,Explicit True,17,16001846,44
3885,Explicit True,17,16001846,45
3886,Explicit True,17,16001846,46
3887,Explicit True,17,16001846,47
3888,Explicit True,17,16001846,48
3889,Explicit True,17,16001846,49
3890,Explicit True,17,16001846,50
3891,Explicit True,17,16001846,51
3892,Explicit True,17,16001846,52
3893,Explicit True,17,16001846,53
3894,Explicit True,17,16001846,54
3895,Explicit True,17,16001846,55
3896,Explicit True,17,16001846,56
3897,Explicit True,17,16001846,57
3898,Explicit True,17,16001846,58
3899,Explicit True,17,16001846,59
3900,Explicit True,17,16001846,60
3901,Explicit True,17,16001846,61
3902,Explicit True,17,16001846,62
3903,Explicit True,17,16001846,63
3904,Explicit True,17,16001846,64
3905,Explicit True,17,16001846,65
3906,Explicit True,17,16001846,66
3907,Explicit True,17,16001846,67
3908,Explicit True,17,16001846,68
3909,Explicit True,17,16001846,69
3910,Explicit True,17,16001846,70
3911,Explicit True,17,16001846,71
3912,Explicit True,17,16001846,72
3913,Explicit True,17,16001846,73
3914,Explicit True,17,16001846,74
3915,Explicit True,17,16001846,75
3916,Explicit True,17,16001846,76
3917,Explicit True,17,16001846,77
3918,Explicit True,17,16001846,78
3919,Explicit True,17,16001846,79
3920,Explicit True,17,16001846,80
3921,Explicit True,17,16001846,81
3922,Explicit True,17,16001846,82
3923,Explicit True,17,16001846,83
3924,Explicit True,17,16001846,84
3925,Explicit True,17,16001846,85
3926,Explicit True,17,16001846,86
3927,Explicit True,17,16001846,87
3928,Explicit True,17,16001846,88
3929,Explicit True,17,16001846,89
3930,Explicit True,17,16001846,90
3931,Explicit True,17,16001846,91
3932,Explicit True,17,16001846,92
3933,Explicit True,17,16001846,93
3934,Explicit True,17,16001846,94
3935,Explicit True,17,16001846,95
3936,Explicit True,17,16001846,96
3937,Explicit True,17,16001846,97
3938,Explicit True,17,16001846,98
3939,Explicit True,17,16001846,99
3940,Explicit True,17,16001846,100
3941,Explicit True,17,16001846,101
3942,Explicit True,17,16001846,102
3943,Explicit True,17,16001846,103
3944,Explicit True,17,16001846,104
3945,Explicit True,17,16001846,105
3946,Explicit True,17,16001846,106
3947,Explicit True,17,16001846,107
3948,Explicit True,17,16001846,108
3949,Explicit True,17,16001846,109
3950,Explicit True,17,16001846,110
3951,Explicit True,17,16001846,111
3952,Explicit True,17,16001846,112
3953,Explicit True,17,16001846,113
3954,Explicit True,17,16001846,114
3955,Explicit True,17,16001846,115
3956,Explicit True,17,16001846,116
3957,Explicit True,17,16001846,117
3958,Explicit True,17,16001846,118
3959,Explicit True,17,16001846,119
3960,Explicit True,17,16001846,120
3961,Explicit True,17,16001846,121
3962,Explicit True,17,16001846,122
3963,Explicit True,17,16001846,123
3964,Explicit True,17,16001846,124
3965,Explicit True,17,16001846,125
3966,Explicit True,17,16001846,126
3967,Explicit True,17,16001846,127
3968,Explicit True,17,16001846,128
3969,Explicit True,17,16001846,129
3970,Explicit True,17,16001846,130
3971,Explicit True,17,16001846,131
3972,Explicit True,17,16001846,132
3973,Explicit True,17,16001846,133
3974,Explicit True,17,16001846,134
3975,Explicit True,17,16001846,135
3976,Explicit True,17,16001846,136
3977,Explicit True,17,16001846,137
3978,Explicit True,17,16001846,138
3979,Explicit True,17,16001846,139
3980,Explicit True,17,16001846,140
3981,Explicit True,17,16001846,141
3982,Explicit True,17,16001846,142
3983,Explicit True,17,16001846,143
3984,Explicit True,17,16001846,144
3985,Explicit True,17,16001846,145
3986,Explicit True,17,16001846,146
3987,Explicit True,17,16001846,147
3988,Explicit True,17,16001846,148
3989,Explicit True,17,16001846,149
3990,Explicit True,17,16001846,150
3991,Explicit True,17,16001846,151
3992,Explicit True,17,16001846,152
3993,Explicit True,17,16001846,153
3994,Explicit True,17,16001846,154
3995,Explicit True,17,16001846,155
3996,Explicit True,17,16001846,156
3997,Explicit True,17,16001846,157
3998,Explicit True,17,16001846,158
3999,Explicit True,17,16001846,159
4000,Explicit True,17,16001846,160
4001,Explicit True,17,16001846,161
4002,Explicit True,17,16001846,162
4003,Explicit True,17,16001846,163
4004,Explicit True,17,16001846,164
4005,Explicit True,17,16001846,165
4006,Explicit True,17,16001846,166
4007,Explicit True,17,16001846,167
4008,Explicit True,17,16001846,168
4009,Explicit True,17,16001846,169
4010,Explicit True,17,16001846,170
4011,Explicit True,17,16001846,171
4012,Explicit True,17,16001846,172
4013,Explicit True,17,16001846,173
4014,Explicit True,17,16001846,174
4015,Explicit True,17,16001846,175
4016,Explicit True,17,16001846,176
4017,Explicit True,17,16001846,177
4018,Explicit True,17,16001846,178
4019,Explicit True,17,16001846,179
4020,Explicit True,17,16001846,180
4021,Explicit True,17,16001846,181
4022,Explicit True,17,16001846,182
4023,Explicit True,17,16001846,183
4024,Explicit True,17,16001846,184
4025,Explicit True,17,16001846,185
4026,Explicit True,17,16001846,186
4027,Explicit True,17,16001846,187
4028,Explicit True,17,16001846,188
4029,Explicit True,17,16001846,189
4030,Explicit True,17,16001846,190
4031,Explicit True,17,16001846,191
4032,Explicit True,17,16001846,192
4033,Explicit True,17,16001846,193
4034,Explicit True,17,16001846,194
4035,Explicit True,17,16001846,195
4036,Explicit True,17,16001846,196
4037,Explicit True,17,16001846,197
4038,Explicit True,17,16001846,198
4039,Explicit True,17,16001846,199
4040,Explicit True,17,16001846,200
4041,Explicit True,17,16001846,201
4042,Explicit True,17,16001846,202
4043,Explicit True,17,16001846,203
4044,Explicit True,17,16001846,204
4045,Explicit True,17,16001846,205
4046,Explicit True,17,16001846,206
4047,Explicit True,17,16001846,207
4048,Explicit True,17,16001846,208
4049,Explicit True,17,16001846,209
4050,Explicit True,17,16001846,210
4051,Explicit True,17,16001846,211
4052,Explicit True,17,16001846,212
4053,Explicit True,17,16001846,213
4054,Explicit True,17,16001846,214
4055,Explicit True,17,16001846,215
4056,Explicit True,17,16001846,216
4057,Explicit True,17,16001846,217
4058,Explicit True,17,16001846,218
4059,Explicit True,17,16001846,219
4060,Explicit True,17,16001846,220
4061,Explicit True,17,16001846,221
4062,Explicit True,17,16001846,222
4063,Explicit True,17,16001846,223
4064,Explicit True,17,16001846,224
4065,Explicit True,17,16001846,225
4066,Explicit True,17,16001846,226
4067,Explicit True,17,16001846,227
4068,Explicit True,17,16001846,228
4069,Explicit True,17,16001846,229
4070,Explicit True,17,16001846,230
4071,Explicit True,17,16001846,231
4072,Explicit True,17,16001846,232
4073,Explicit True,17,16001846,233
4074,Explicit True,17,16001846,234
4075,Explicit True,17,16001846,235
4076,Explicit True,17,16001846,236
4077,Explicit True,17,16001846,237
4078,Explicit True,17,16001846,238
4079,Explicit True,17,16001846,239
4080,Explicit True,17,16001846,240
4081,Explicit True,18,16001860,1
4082,Explicit True,18,16001860,2
4083,Explicit True,18,16001860,3
4084,Explicit True,18,16001860,4
4085,Explicit True,18,16001860,5
4086,Explicit True,18,16001860,6
4087,Explicit True,18,16001860,7
4088,Explicit True,18,16001860,8
4089,Explicit True,18,16001860,9
4090,Explicit True,18,16001860,10
4091,Explicit True,18,16001860,11
4092,Explicit True,18,16001860,12
4093,Explicit True,18,16001860,13
4094,Explicit True,18,16001860,14
4095,Explicit True,18,16001860,15
4096,Explicit True,18,16001860,16
4097,Explicit True,18,16001860,17
4098,Explicit True,18,16001860,18
4099,Explicit True,18,16001860,19
4100,Explicit True,18,16001860,20
4101,Explicit True,18,16001860,21
4102,Explicit True,18,16001860,22
4103,Explicit True,18,16001860,23
4104,Explicit True,18,16001860,24
4105,Explicit True,18,16001860,25
4106,Explicit True,18,16001860,26
4107,Explicit True,18,16001860,27
4108,Explicit True,18,16001860,28
4109,Explicit True,18,16001860,29
4110,Explicit True,18,16001860,30
4111,Explicit True,18,16001860,31
4112,Explicit True,18,16001860,32
4113,Explicit True,18,16001860,33
4114,Explicit True,18,16001860,34
4115,Explicit True,18,16001860,35
4116,Explicit True,18,16001860,36
4117,Explicit True,18,16001860,37
4118,Explicit True,18,16001860,38
4119,Explicit True,18,16001860,39
4120,Explicit True,18,16001860,40
4121,Explicit True,18,16001860,41
4122,Explicit True,18,16001860,42
4123,Explicit True,18,16001860,43
4124,Explicit True,18,16001860,44
4125,Explicit True,18,16001860,45
4126,Explicit True,18,16001860,46
4127,Explicit True,18,16001860,47
4128,Explicit True,18,16001860,48
4129,Explicit True,18,16001860,49
4130,Explicit True,18,16001860,50
4131,Explicit True,18,16001860,51
4132,Explicit True,18,16001860,52
4133,Explicit True,18,16001860,53
4134,Explicit True,18,16001860,54
4135,Explicit True,18,16001860,55
4136,Explicit True,18,16001860,56
4137,Explicit True,18,16001860,57
4138,Explicit True,18,16001860,58
4139,Explicit True,18,16001860,59
4140,Explicit True,18,16001860,60
4141,Explicit True,18,16001860,61
4142,Explicit True,18,16001860,62
4143,Explicit True,18,16001860,63
4144,Explicit True,18,16001860,64
4145,Explicit True,18,16001860,65
4146,Explicit True,18,16001860,66
4147,Explicit True,18,16001860,67
4148,Explicit True,18,16001860,68
4149,Explicit True,18,16001860,69
4150,Explicit True,18,16001860,70
4151,Explicit True,18,16001860,71
4152,Explicit True,18,16001860,72
4153,Explicit True,18,16001860,73
4154,Explicit True,18,16001860,74
4155,Explicit True,18,16001860,75
4156,Explicit True,18,16001860,76
4157,Explicit True,18,16001860,77
4158,Explicit True,18,16001860,78
4159,Explicit True,18,16001860,79
4160,Explicit True,18,16001860,80
4161,Explicit True,18,16001860,81
4162,Explicit True,18,16001860,82
4163,Explicit True,18,16001860,83
4164,Explicit True,18,16001860,84
4165,Explicit True,18,16001860,85
4166,Explicit True,18,16001860,86
4167,Explicit True,18,16001860,87
4168,Explicit True,18,16001860,88
4169,Explicit True,18,16001860,89
4170,Explicit True,18,16001860,90
4171,Explicit True,18,16001860,91
4172,Explicit True,18,16001860,92
4173,Explicit True,18,16001860,93
4174,Explicit True,18,16001860,94
4175,Explicit True,18,16001860,95
4176,Explicit True,18,16001860,96
4177,Explicit True,18,16001860,97
4178,Explicit True,18,16001860,98
4179,Explicit True,18,16001860,99
4180,Explicit True,18,16001860,100
4181,Explicit True,18,16001860,101
4182,Explicit True,18,16001860,102
4183,Explicit True,18,16001860,103
4184,Explicit True,18,16001860,104
4185,Explicit True,18,16001860,105
4186,Explicit True,18,16001860,106
4187,Explicit True,18,16001860,107
4188,Explicit True,18,16001860,108
4189,Explicit True,18,16001860,109
4190,Explicit True,18,16001860,110
4191,Explicit True,18,16001860,111
4192,Explicit True,18,16001860,112
4193,Explicit True,18,16001860,113
4194,Explicit True,18,16001860,114
4195,Explicit True,18,16001860,115
4196,Explicit True,18,16001860,116
4197,Explicit True,18,16001860,117
4198,Explicit True,18,16001860,118
4199,Explicit True,18,16001860,119
4200,Explicit True,18,16001860,120
4201,Explicit True,18,16001860,121
4202,Explicit True,18,16001860,122
4203,Explicit True,18,16001860,123
4204,Explicit True,18,16001860,124
4205,Explicit True,18,16001860,125
4206,Explicit True,18,16001860,126
4207,Explicit True,18,16001860,127
4208,Explicit True,18,16001860,128
4209,Explicit True,18,16001860,129
4210,Explicit True,18,16001860,130
4211,Explicit True,18,16001860,131
4212,Explicit True,18,16001860,132
4213,Explicit True,18,16001860,133
4214,Explicit True,18,16001860,134
4215,Explicit True,18,16001860,135
4216,Explicit True,18,16001860,136
4217,Explicit True,18,16001860,137
4218,Explicit True,18,16001860,138
4219,Explicit True,18,16001860,139
4220,Explicit True,18,16001860,140
4221,Explicit True,18,16001860,141
4222,Explicit True,18,16001860,142
4223,Explicit True,18,16001860,143
4224,Explicit True,18,16001860,144
4225,Explicit True,18,16001860,145
4226,Explicit True,18,16001860,146
4227,Explicit True,18,16001860,147
4228,Explicit True,18,16001860,148
4229,Explicit True,18,16001860,149
4230,Explicit True,18,16001860,150
4231,Explicit True,18,16001860,151
4232,Explicit True,18,16001860,152
4233,Explicit True,18,16001860,153
4234,Explicit True,18,16001860,154
4235,Explicit True,18,16001860,155
4236,Explicit True,18,16001860,156
4237,Explicit True,18,16001860,157
4238,Explicit True,18,16001860,158
4239,Explicit True,18,16001860,159
4240,Explicit True,18,16001860,160
4241,Explicit True,18,16001860,161
4242,Explicit True,18,16001860,162
4243,Explicit True,18,16001860,163
4244,Explicit True,18,16001860,164
4245,Explicit True,18,16001860,165
4246,Explicit True,18,16001860,166
4247,Explicit True,18,16001860,167
4248,Explicit True,18,16001860,168
4249,Explicit True,18,16001860,169
4250,Explicit True,18,16001860,170
4251,Explicit True,18,16001860,171
4252,Explicit True,18,16001860,172
4253,Explicit True,18,16001860,173
4254,Explicit True,18,16001860,174
4255,Explicit True,18,16001860,175
4256,Explicit True,18,16001860,176
4257,Explicit True,18,16001860,177
4258,Explicit True,18,16001860,178
4259,Explicit True,18,16001860,179
4260,Explicit True,18,16001860,180
4261,Explicit True,18,16001860,181
4262,Explicit True,18,16001860,182
4263,Explicit True,18,16001860,183
4264,Explicit True,18,16001860,184
4265,Explicit True,18,16001860,185
4266,Explicit True,18,16001860,186
4267,Explicit True,18,16001860,187
4268,Explicit True,18,16001860,188
4269,Explicit True,18,16001860,189
4270,Explicit True,18,16001860,190
4271,Explicit True,18,16001860,191
4272,Explicit True,18,16001860,192
4273,Explicit True,18,16001860,193
4274,Explicit True,18,16001860,194
4275,Explicit True,18,16001860,195
4276,Explicit True,18,16001860,196
4277,Explicit True,18,16001860,197
4278,Explicit True,18,16001860,198
4279,Explicit True,18,16001860,199
4280,Explicit True,18,16001860,200
4281,Explicit True,18,16001860,201
4282,Explicit True,18,16001860,202
4283,Explicit True,18,16001860,203
4284,Explicit True,18,16001860,204
4285,Explicit True,18,16001860,205
4286,Explicit True,18,16001860,206
4287,Explicit True,18,16001860,207
4288,Explicit True,18,16001860,208
4289,Explicit True,18,16001860,209
4290,Explicit True,18,16001860,210
4291,Explicit True,18,16001860,211
4292,Explicit True,18,16001860,212
4293,Explicit True,18,16001860,213
4294,Explicit True,18,16001860,214
4295,Explicit True,18,16001860,215
4296,Explicit True,18,16001860,216
4297,Explicit True,18,16001860,217
4298,Explicit True,18,16001860,218
4299,Explicit True,18,16001860,219
4300,Explicit True,18,16001860,220
4301,Explicit True,18,16001860,221
4302,Explicit True,18,16001860,222
4303,Explicit True,18,16001860,223
4304,Explicit True,18,16001860,224
4305,Explicit True,18,16001860,225
4306,Explicit True,18,16001860,226
4307,Explicit True,18,16001860,227
4308,Explicit True,18,16001860,228
4309,Explicit True,18,16001860,229
4310,Explicit True,18,16001860,230
4311,Explicit True,18,16001860,231
4312,Explicit True,18,16001860,232
4313,Explicit True,18,16001860,233
4314,Explicit True,18,16001860,234
4315,Explicit True,18,16001860,235
4316,Explicit True,18,16001860,236
4317,Explicit True,18,16001860,237
4318,Explicit True,18,16001860,238
4319,Explicit True,18,16001860,239
4320,Explicit True,18,16001860,240
4321,Explicit True,19,16002987,1
4322,Explicit True,19,16002987,2
4323,Explicit True,19,16002987,3
4324,Explicit True,19,16002987,4
4325,Explicit True,19,16002987,5
4326,Explicit True,19,16002987,6
4327,Explicit True,19,16002987,7
4328,Explicit True,19,16002987,8
4329,Explicit True,19,16002987,9
4330,Explicit True,19,16002987,10
4331,Explicit True,19,16002987,11
4332,Explicit True,19,16002987,12
4333,Explicit True,19,16002987,13
4334,Explicit True,19,16002987,14
4335,Explicit True,19,16002987,15
4336,Explicit True,19,16002987,16
4337,Explicit True,19,16002987,17
4338,Explicit True,19,16002987,18
4339,Explicit True,19,16002987,19
4340,Explicit True,19,16002987,20
4341,Explicit True,19,16002987,21
4342,Explicit True,19,16002987,22
4343,Explicit True,19,16002987,23
4344,Explicit True,19,16002987,24
4345,Explicit True,19,16002987,25
4346,Explicit True,19,16002987,26
4347,Explicit True,19,16002987,27
4348,Explicit True,19,16002987,28
4349,Explicit True,19,16002987,29
4350,Explicit True,19,16002987,30
4351,Explicit True,19,16002987,31
4352,Explicit True,19,16002987,32
4353,Explicit True,19,16002987,33
4354,Explicit True,19,16002987,34
4355,Explicit True,19,16002987,35
4356,Explicit True,19,16002987,36
4357,Explicit True,19,16002987,37
4358,Explicit True,19,16002987,38
4359,Explicit True,19,16002987,39
4360,Explicit True,19,16002987,40
4361,Explicit True,19,16002987,41
4362,Explicit True,19,16002987,42
4363,Explicit True,19,16002987,43
4364,Explicit True,19,16002987,44
4365,Explicit True,19,16002987,45
4366,Explicit True,19,16002987,46
4367,Explicit True,19,16002987,47
4368,Explicit True,19,16002987,48
4369,Explicit True,19,16002987,49
4370,Explicit True,19,16002987,50
4371,Explicit True,19,16002987,51
4372,Explicit True,19,16002987,52
4373,Explicit True,19,16002987,53
4374,Explicit True,19,16002987,54
4375,Explicit True,19,16002987,55
4376,Explicit True,19,16002987,56
4377,Explicit True,19,16002987,57
4378,Explicit True,19,16002987,58
4379,Explicit True,19,16002987,59
4380,Explicit True,19,16002987,60
4381,Explicit True,19,16002987,61
4382,Explicit True,19,16002987,62
4383,Explicit True,19,16002987,63
4384,Explicit True,19,16002987,64
4385,Explicit True,19,16002987,65
4386,Explicit True,19,16002987,66
4387,Explicit True,19,16002987,67
4388,Explicit True,19,16002987,68
4389,Explicit True,19,16002987,69
4390,Explicit True,19,16002987,70
4391,Explicit True,19,16002987,71
4392,Explicit True,19,16002987,72
4393,Explicit True,19,16002987,73
4394,Explicit True,19,16002987,74
4395,Explicit True,19,16002987,75
4396,Explicit True,19,16002987,76
4397,Explicit True,19,16002987,77
4398,Explicit True,19,16002987,78
4399,Explicit True,19,16002987,79
4400,Explicit True,19,16002987,80
4401,Explicit True,19,16002987,81
4402,Explicit True,19,16002987,82
4403,Explicit True,19,16002987,83
4404,Explicit True,19,16002987,84
4405,Explicit True,19,16002987,85
4406,Explicit True,19,16002987,86
4407,Explicit True,19,16002987,87
4408,Explicit True,19,16002987,88
4409,Explicit True,19,16002987,89
4410,Explicit True,19,16002987,90
4411,Explicit True,19,16002987,91
4412,Explicit True,19,16002987,92
4413,Explicit True,19,16002987,93
4414,Explicit True,19,16002987,94
4415,Explicit True,19,16002987,95
4416,Explicit True,19,16002987,96
4417,Explicit True,19,16002987,97
4418,Explicit True,19,16002987,98
4419,Explicit True,19,16002987,99
4420,Explicit True,19,16002987,100
4421,Explicit True,19,16002987,101
4422,Explicit True,19,16002987,102
4423,Explicit True,19,16002987,103
4424,Explicit True,19,16002987,104
4425,Explicit True,19,16002987,105
4426,Explicit True,19,16002987,106
4427,Explicit True,19,16002987,107
4428,Explicit True,19,16002987,108
4429,Explicit True,19,16002987,109
4430,Explicit True,19,16002987,110
4431,Explicit True,19,16002987,111
4432,Explicit True,19,16002987,112
4433,Explicit True,19,16002987,113
4434,Explicit True,19,16002987,114
4435,Explicit True,19,16002987,115
4436,Explicit True,19,16002987,116
4437,Explicit True,19,16002987,117
4438,Explicit True,19,16002987,118
4439,Explicit True,19,16002987,119
4440,Explicit True,19,16002987,120
4441,Explicit True,19,16002987,121
4442,Explicit True,19,16002987,122
4443,Explicit True,19,16002987,123
4444,Explicit True,19,16002987,124
4445,Explicit True,19,16002987,125
4446,Explicit True,19,16002987,126
4447,Explicit True,19,16002987,127
4448,Explicit True,19,16002987,128
4449,Explicit True,19,16002987,129
4450,Explicit True,19,16002987,130
4451,Explicit True,19,16002987,131
4452,Explicit True,19,16002987,132
4453,Explicit True,19,16002987,133
4454,Explicit True,19,16002987,134
4455,Explicit True,19,16002987,135
4456,Explicit True,19,16002987,136
4457,Explicit True,19,16002987,137
4458,Explicit True,19,16002987,138
4459,Explicit True,19,16002987,139
4460,Explicit True,19,16002987,140
4461,Explicit True,19,16002987,141
4462,Explicit True,19,16002987,142
4463,Explicit True,19,16002987,143
4464,Explicit True,19,16002987,144
4465,Explicit True,19,16002987,145
4466,Explicit True,19,16002987,146
4467,Explicit True,19,16002987,147
4468,Explicit True,19,16002987,148
4469,Explicit True,19,16002987,149
4470,Explicit True,19,16002987,150
4471,Explicit True,19,16002987,151
4472,Explicit True,19,16002987,152
4473,Explicit True,19,16002987,153
4474,Explicit True,19,16002987,154
4475,Explicit True,19,16002987,155
4476,Explicit True,19,16002987,156
4477,Explicit True,19,16002987,157
4478,Explicit True,19,16002987,158
4479,Explicit True,19,16002987,159
4480,Explicit True,19,16002987,160
4481,Explicit True,19,16002987,161
4482,Explicit True,19,16002987,162
4483,Explicit True,19,16002987,163
4484,Explicit True,19,16002987,164
4485,Explicit True,19,16002987,165
4486,Explicit True,19,16002987,166
4487,Explicit True,19,16002987,167
4488,Explicit True,19,16002987,168
4489,Explicit True,19,16002987,169
4490,Explicit True,19,16002987,170
4491,Explicit True,19,16002987,171
4492,Explicit True,19,16002987,172
4493,Explicit True,19,16002987,173
4494,Explicit True,19,16002987,174
4495,Explicit True,19,16002987,175
4496,Explicit True,19,16002987,176
4497,Explicit True,19,16002987,177
4498,Explicit True,19,16002987,178
4499,Explicit True,19,16002987,179
4500,Explicit True,19,16002987,180
4501,Explicit True,19,16002987,181
4502,Explicit True,19,16002987,182
4503,Explicit True,19,16002987,183
4504,Explicit True,19,16002987,184
4505,Explicit True,19,16002987,185
4506,Explicit True,19,16002987,186
4507,Explicit True,19,16002987,187
4508,Explicit True,19,16002987,188
4509,Explicit True,19,16002987,189
4510,Explicit True,19,16002987,190
4511,Explicit True,19,16002987,191
4512,Explicit True,19,16002987,192
4513,Explicit True,19,16002987,193
4514,Explicit True,19,16002987,194
4515,Explicit True,19,16002987,195
4516,Explicit True,19,16002987,196
4517,Explicit True,19,16002987,197
4518,Explicit True,19,16002987,198
4519,Explicit True,19,16002987,199
4520,Explicit True,19,16002987,200
4521,Explicit True,19,16002987,201
4522,Explicit True,19,16002987,202
4523,Explicit True,19,16002987,203
4524,Explicit True,19,16002987,204
4525,Explicit True,19,16002987,205
4526,Explicit True,19,16002987,206
4527,Explicit True,19,16002987,207
4528,Explicit True,19,16002987,208
4529,Explicit True,19,16002987,209
4530,Explicit True,19,16002987,210
4531,Explicit True,19,16002987,211
4532,Explicit True,19,16002987,212
4533,Explicit True,19,16002987,213
4534,Explicit True,19,16002987,214
4535,Explicit True,19,16002987,215
4536,Explicit True,19,16002987,216
4537,Explicit True,19,16002987,217
4538,Explicit True,19,16002987,218
4539,Explicit True,19,16002987,219
4540,Explicit True,19,16002987,220
4541,Explicit True,19,16002987,221
4542,Explicit True,19,16002987,222
4543,Explicit True,19,16002987,223
4544,Explicit True,19,16002987,224
4545,Explicit True,19,16002987,225
4546,Explicit True,19,16002987,226
4547,Explicit True,19,16002987,227
4548,Explicit True,19,16002987,228
4549,Explicit True,19,16002987,229
4550,Explicit True,19,16002987,230
4551,Explicit True,19,16002987,231
4552,Explicit True,19,16002987,232
4553,Explicit True,19,16002987,233
4554,Explicit True,19,16002987,234
4555,Explicit True,19,16002987,235
4556,Explicit True,19,16002987,236
4557,Explicit True,19,16002987,237
4558,Explicit True,19,16002987,238
4559,Explicit True,19,16002987,239
4560,Explicit True,19,16002987,240
4561,Explicit True,20,16003000,1
4562,Explicit True,20,16003000,2
4563,Explicit True,20,16003000,3
4564,Explicit True,20,16003000,4
4565,Explicit True,20,16003000,5
4566,Explicit True,20,16003000,6
4567,Explicit True,20,16003000,7
4568,Explicit True,20,16003000,8
4569,Explicit True,20,16003000,9
4570,Explicit True,20,16003000,10
4571,Explicit True,20,16003000,11
4572,Explicit True,20,16003000,12
4573,Explicit True,20,16003000,13
4574,Explicit True,20,16003000,14
4575,Explicit True,20,16003000,15
4576,Explicit True,20,16003000,16
4577,Explicit True,20,16003000,17
4578,Explicit True,20,16003000,18
4579,Explicit True,20,16003000,19
4580,Explicit True,20,16003000,20
4581,Explicit True,20,16003000,21
4582,Explicit True,20,16003000,22
4583,Explicit True,20,16003000,23
4584,Explicit True,20,16003000,24
4585,Explicit True,20,16003000,25
4586,Explicit True,20,16003000,26
4587,Explicit True,20,16003000,27
4588,Explicit True,20,16003000,28
4589,Explicit True,20,16003000,29
4590,Explicit True,20,16003000,30
4591,Explicit True,20,16003000,31
4592,Explicit True,20,16003000,32
4593,Explicit True,20,16003000,33
4594,Explicit True,20,16003000,34
4595,Explicit True,20,16003000,35
4596,Explicit True,20,16003000,36
4597,Explicit True,20,16003000,37
4598,Explicit True,20,16003000,38
4599,Explicit True,20,16003000,39
4600,Explicit True,20,16003000,40
4601,Explicit True,20,16003000,41
4602,Explicit True,20,16003000,42
4603,Explicit True,20,16003000,43
4604,Explicit True,20,16003000,44
4605,Explicit True,20,16003000,45
4606,Explicit True,20,16003000,46
4607,Explicit True,20,16003000,47
4608,Explicit True,20,16003000,48
4609,Explicit True,20,16003000,49
4610,Explicit True,20,16003000,50
4611,Explicit True,20,16003000,51
4612,Explicit True,20,16003000,52
4613,Explicit True,20,16003000,53
4614,Explicit True,20,16003000,54
4615,Explicit True,20,16003000,55
4616,Explicit True,20,16003000,56
4617,Explicit True,20,16003000,57
4618,Explicit True,20,16003000,58
4619,Explicit True,20,16003000,59
4620,Explicit True,20,16003000,60
4621,Explicit True,20,16003000,61
4622,Explicit True,20,16003000,62
4623,Explicit True,20,16003000,63
4624,Explicit True,20,16003000,64
4625,Explicit True,20,16003000,65
4626,Explicit True,20,16003000,66
4627,Explicit True,20,16003000,67
4628,Explicit True,20,16003000,68
4629,Explicit True,20,16003000,69
4630,Explicit True,20,16003000,70
4631,Explicit True,20,16003000,71
4632,Explicit True,20,16003000,72
4633,Explicit True,20,16003000,73
4634,Explicit True,20,16003000,74
4635,Explicit True,20,16003000,75
4636,Explicit True,20,16003000,76
4637,Explicit True,20,16003000,77
4638,Explicit True,20,16003000,78
4639,Explicit True,20,16003000,79
4640,Explicit True,20,16003000,80
4641,Explicit True,20,16003000,81
4642,Explicit True,20,16003000,82
4643,Explicit True,20,16003000,83
4644,Explicit True,20,16003000,84
4645,Explicit True,20,16003000,85
4646,Explicit True,20,16003000,86
4647,Explicit True,20,16003000,87
4648,Explicit True,20,16003000,88
4649,Explicit True,20,16003000,89
4650,Explicit True,20,16003000,90
4651,Explicit True,20,16003000,91
4652,Explicit True,20,16003000,92
4653,Explicit True,20,16003000,93
4654,Explicit True,20,16003000,94
4655,Explicit True,20,16003000,95
4656,Explicit True,20,16003000,96
4657,Explicit True,20,16003000,97
4658,Explicit True,20,16003000,98
4659,Explicit True,20,16003000,99
4660,Explicit True,20,16003000,100
4661,Explicit True,20,16003000,101
4662,Explicit True,20,16003000,102
4663,Explicit True,20,16003000,103
4664,Explicit True,20,16003000,104
4665,Explicit True,20,16003000,105
4666,Explicit True,20,16003000,106
4667,Explicit True,20,16003000,107
4668,Explicit True,20,16003000,108
4669,Explicit True,20,16003000,109
4670,Explicit True,20,16003000,110
4671,Explicit True,20,16003000,111
4672,Explicit True,20,16003000,112
4673,Explicit True,20,16003000,113
4674,Explicit True,20,16003000,114
4675,Explicit True,20,16003000,115
4676,Explicit True,20,16003000,116
4677,Explicit True,20,16003000,117
4678,Explicit True,20,16003000,118
4679,Explicit True,20,16003000,119
4680,Explicit True,20,16003000,120
4681,Explicit True,20,16003000,121
4682,Explicit True,20,16003000,122
4683,Explicit True,20,16003000,123
4684,Explicit True,20,16003000,124
4685,Explicit True,20,16003000,125
4686,Explicit True,20,16003000,126
4687,Explicit True,20,16003000,127
4688,Explicit True,20,16003000,128
4689,Explicit True,20,16003000,129
4690,Explicit True,20,16003000,130
4691,Explicit True,20,16003000,131
4692,Explicit True,20,16003000,132
4693,Explicit True,20,16003000,133
4694,Explicit True,20,16003000,134
4695,Explicit True,20,16003000,135
4696,Explicit True,20,16003000,136
4697,Explicit True,20,16003000,137
4698,Explicit True,20,16003000,138
4699,Explicit True,20,16003000,139
4700,Explicit True,20,16003000,140
4701,Explicit True,20,16003000,141
4702,Explicit True,20,16003000,142
4703,Explicit True,20,16003000,143
4704,Explicit True,20,16003000,144
4705,Explicit True,20,16003000,145
4706,Explicit True,20,16003000,146
4707,Explicit True,20,16003000,147
4708,Explicit True,20,16003000,148
4709,Explicit True,20,16003000,149
4710,Explicit True,20,16003000,150
4711,Explicit True,20,16003000,151
4712,Explicit True,20,16003000,152
4713,Explicit True,20,16003000,153
4714,Explicit True,20,16003000,154
4715,Explicit True,20,16003000,155
4716,Explicit True,20,16003000,156
4717,Explicit True,20,16003000,157
4718,Explicit True,20,16003000,158
4719,Explicit True,20,16003000,159
4720,Explicit True,20,16003000,160
4721,Explicit True,20,16003000,161
4722,Explicit True,20,16003000,162
4723,Explicit True,20,16003000,163
4724,Explicit True,20,16003000,164
4725,Explicit True,20,16003000,165
4726,Explicit True,20,16003000,166
4727,Explicit True,20,16003000,167
4728,Explicit True,20,16003000,168
4729,Explicit True,20,16003000,169
4730,Explicit True,20,16003000,170
4731,Explicit True,20,16003000,171
4732,Explicit True,20,16003000,172
4733,Explicit True,20,16003000,173
4734,Explicit True,20,16003000,174
4735,Explicit True,20,16003000,175
4736,Explicit True,20,16003000,176
4737,Explicit True,20,16003000,177
4738,Explicit True,20,16003000,178
4739,Explicit True,20,16003000,179
4740,Explicit True,20,16003000,180
4741,Explicit True,20,16003000,181
4742,Explicit True,20,16003000,182
4743,Explicit True,20,16003000,183
4744,Explicit True,20,16003000,184
4745,Explicit True,20,16003000,185
4746,Explicit True,20,16003000,186
4747,Explicit True,20,16003000,187
4748,Explicit True,20,16003000,188
4749,Explicit True,20,16003000,189
4750,Explicit True,20,16003000,190
4751,Explicit True,20,16003000,191
4752,Explicit True,20,16003000,192
4753,Explicit True,20,16003000,193
4754,Explicit True,20,16003000,194
4755,Explicit True,20,16003000,195
4756,Explicit True,20,16003000,196
4757,Explicit True,20,16003000,197
4758,Explicit True,20,16003000,198
4759,Explicit True,20,16003000,199
4760,Explicit True,20,16003000,200
4761,Explicit True,20,16003000,201
4762,Explicit True,20,16003000,202
4763,Explicit True,20,16003000,203
4764,Explicit True,20,16003000,204
4765,Explicit True,20,16003000,205
4766,Explicit True,20,16003000,206
4767,Explicit True,20,16003000,207
4768,Explicit True,20,16003000,208
4769,Explicit True,20,16003000,209
4770,Explicit True,20,16003000,210
4771,Explicit True,20,16003000,211
4772,Explicit True,20,16003000,212
4773,Explicit True,20,16003000,213
4774,Explicit True,20,16003000,214
4775,Explicit True,20,16003000,215
4776,Explicit True,20,16003000,216
4777,Explicit True,20,16003000,217
4778,Explicit True,20,16003000,218
4779,Explicit True,20,16003000,219
4780,Explicit True,20,16003000,220
4781,Explicit True,20,16003000,221
4782,Explicit True,20,16003000,222
4783,Explicit True,20,16003000,223
4784,Explicit True,20,16003000,224
4785,Explicit True,20,16003000,225
4786,Explicit True,20,16003000,226
4787,Explicit True,20,16003000,227
4788,Explicit True,20,16003000,228
4789,Explicit True,20,16003000,229
4790,Explicit True,20,16003000,230
4791,Explicit True,20,16003000,231
4792,Explicit True,20,16003000,232
4793,Explicit True,20,16003000,233
4794,Explicit True,20,16003000,234
4795,Explicit True,20,16003000,235
4796,Explicit True,20,16003000,236
4797,Explicit True,20,16003000,237
4798,Explicit True,20,16003000,238
4799,Explicit True,20,16003000,239
4800,Explicit True,20,16003000,240
4801,Explicit True,21,16023140,1
4802,Explicit True,21,16023140,2
4803,Explicit True,21,16023140,3
4804,Explicit True,21,16023140,4
4805,Explicit True,21,16023140,5
4806,Explicit True,21,16023140,6
4807,Explicit True,21,16023140,7
4808,Explicit True,21,16023140,8
4809,Explicit True,21,16023140,9
4810,Explicit True,21,16023140,10
4811,Explicit True,21,16023140,11
4812,Explicit True,21,16023140,12
4813,Explicit True,21,16023140,13
4814,Explicit True,21,16023140,14
4815,Explicit True,21,16023140,15
4816,Explicit True,21,16023140,16
4817,Explicit True,21,16023140,17
4818,Explicit True,21,16023140,18
4819,Explicit True,21,16023140,19
4820,Explicit True,21,16023140,20
4821,Explicit True,21,16023140,21
4822,Explicit True,21,16023140,22
4823,Explicit True,21,16023140,23
4824,Explicit True,21,16023140,24
4825,Explicit True,21,16023140,25
4826,Explicit True,21,16023140,26
4827,Explicit True,21,16023140,27
4828,Explicit True,21,16023140,28
4829,Explicit True,21,16023140,29
4830,Explicit True,21,16023140,30
4831,Explicit True,21,16023140,31
4832,Explicit True,21,16023140,32
4833,Explicit True,21,16023140,33
4834,Explicit True,21,16023140,34
4835,Explicit True,21,16023140,35
4836,Explicit True,21,16023140,36
4837,Explicit True,21,16023140,37
4838,Explicit True,21,16023140,38
4839,Explicit True,21,16023140,39
4840,Explicit True,21,16023140,40
4841,Explicit True,21,16023140,41
4842,Explicit True,21,16023140,42
4843,Explicit True,21,16023140,43
4844,Explicit True,21,16023140,44
4845,Explicit True,21,16023140,45
4846,Explicit True,21,16023140,46
4847,Explicit True,21,16023140,47
4848,Explicit True,21,16023140,48
4849,Explicit True,21,16023140,49
4850,Explicit True,21,16023140,50
4851,Explicit True,21,16023140,51
4852,Explicit True,21,16023140,52
4853,Explicit True,21,16023140,53
4854,Explicit True,21,16023140,54
4855,Explicit True,21,16023140,55
4856,Explicit True,21,16023140,56
4857,Explicit True,21,16023140,57
4858,Explicit True,21,16023140,58
4859,Explicit True,21,16023140,59
4860,Explicit True,21,16023140,60
4861,Explicit True,21,16023140,61
4862,Explicit True,21,16023140,62
4863,Explicit True,21,16023140,63
4864,Explicit True,21,16023140,64
4865,Explicit True,21,16023140,65
4866,Explicit True,21,16023140,66
4867,Explicit True,21,16023140,67
4868,Explicit True,21,16023140,68
4869,Explicit True,21,16023140,69
4870,Explicit True,21,16023140,70
4871,Explicit True,21,16023140,71
4872,Explicit True,21,16023140,72
4873,Explicit True,21,16023140,73
4874,Explicit True,21,16023140,74
4875,Explicit True,21,16023140,75
4876,Explicit True,21,16023140,76
4877,Explicit True,21,16023140,77
4878,Explicit True,21,16023140,78
4879,Explicit True,21,16023140,79
4880,Explicit True,21,16023140,80
4881,Explicit True,21,16023140,81
4882,Explicit True,21,16023140,82
4883,Explicit True,21,16023140,83
4884,Explicit True,21,16023140,84
4885,Explicit True,21,16023140,85
4886,Explicit True,21,16023140,86
4887,Explicit True,21,16023140,87
4888,Explicit True,21,16023140,88
4889,Explicit True,21,16023140,89
4890,Explicit True,21,16023140,90
4891,Explicit True,21,16023140,91
4892,Explicit True,21,16023140,92
4893,Explicit True,21,16023140,93
4894,Explicit True,21,16023140,94
4895,Explicit True,21,16023140,95
4896,Explicit True,21,16023140,96
4897,Explicit True,21,16023140,97
4898,Explicit True,21,16023140,98
4899,Explicit True,21,16023140,99
4900,Explicit True,21,16023140,100
4901,Explicit True,21,16023140,101
4902,Explicit True,21,16023140,102
4903,Explicit True,21,16023140,103
4904,Explicit True,21,16023140,104
4905,Explicit True,21,16023140,105
4906,Explicit True,21,16023140,106
4907,Explicit True,21,16023140,107
4908,Explicit True,21,16023140,108
4909,Explicit True,21,16023140,109
4910,Explicit True,21,16023140,110
4911,Explicit True,21,16023140,111
4912,Explicit True,21,16023140,112
4913,Explicit True,21,16023140,113
4914,Explicit True,21,16023140,114
4915,Explicit True,21,16023140,115
4916,Explicit True,21,16023140,116
4917,Explicit True,21,16023140,117
4918,Explicit True,21,16023140,118
4919,Explicit True,21,16023140,119
4920,Explicit True,21,16023140,120
4921,Explicit True,21,16023140,121
4922,Explicit True,21,16023140,122
4923,Explicit True,21,16023140,123
4924,Explicit True,21,16023140,124
4925,Explicit True,21,16023140,125
4926,Explicit True,21,16023140,126
4927,Explicit True,21,16023140,127
4928,Explicit True,21,16023140,128
4929,Explicit True,21,16023140,129
4930,Explicit True,21,16023140,130
4931,Explicit True,21,16023140,131
4932,Explicit True,21,16023140,132
4933,Explicit True,21,16023140,133
4934,Explicit True,21,16023140,134
4935,Explicit True,21,16023140,135
4936,Explicit True,21,16023140,136
4937,Explicit True,21,16023140,137
4938,Explicit True,21,16023140,138
4939,Explicit True,21,16023140,139
4940,Explicit True,21,16023140,140
4941,Explicit True,21,16023140,141
4942,Explicit True,21,16023140,142
4943,Explicit True,21,16023140,143
4944,Explicit True,21,16023140,144
4945,Explicit True,21,16023140,145
4946,Explicit True,21,16023140,146
4947,Explicit True,21,16023140,147
4948,Explicit True,21,16023140,148
4949,Explicit True,21,16023140,149
4950,Explicit True,21,16023140,150
4951,Explicit True,21,16023140,151
4952,Explicit True,21,16023140,152
4953,Explicit True,21,16023140,153
4954,Explicit True,21,16023140,154
4955,Explicit True,21,16023140,155
4956,Explicit True,21,16023140,156
4957,Explicit True,21,16023140,157
4958,Explicit True,21,16023140,158
4959,Explicit True,21,16023140,159
4960,Explicit True,21,16023140,160
4961,Explicit True,21,16023140,161
4962,Explicit True,21,16023140,162
4963,Explicit True,21,16023140,163
4964,Explicit True,21,16023140,164
4965,Explicit True,21,16023140,165
4966,Explicit True,21,16023140,166
4967,Explicit True,21,16023140,167
4968,Explicit True,21,16023140,168
4969,Explicit True,21,16023140,169
4970,Explicit True,21,16023140,170
4971,Explicit True,21,16023140,171
4972,Explicit True,21,16023140,172
4973,Explicit True,21,16023140,173
4974,Explicit True,21,16023140,174
4975,Explicit True,21,16023140,175
4976,Explicit True,21,16023140,176
4977,Explicit True,21,16023140,177
4978,Explicit True,21,16023140,178
4979,Explicit True,21,16023140,179
4980,Explicit True,21,16023140,180
4981,Explicit True,21,16023140,181
4982,Explicit True,21,16023140,182
4983,Explicit True,21,16023140,183
4984,Explicit True,21,16023140,184
4985,Explicit True,21,16023140,185
4986,Explicit True,21,16023140,186
4987,Explicit True,21,16023140,187
4988,Explicit True,21,16023140,188
4989,Explicit True,21,16023140,189
4990,Explicit True,21,16023140,190
4991,Explicit True,21,16023140,191
4992,Explicit True,21,16023140,192
4993,Explicit True,21,16023140,193
4994,Explicit True,21,16023140,194
4995,Explicit True,21,16023140,195
4996,Explicit True,21,16023140,196
4997,Explicit True,21,16023140,197
4998,Explicit True,21,16023140,198
4999,Explicit True,21,16023140,199
5000,Explicit True,21,16023140,200
5001,Explicit True,21,16023140,201
5002,Explicit True,21,16023140,202
5003,Explicit True,21,16023140,203
5004,Explicit True,21,16023140,204
5005,Explicit True,21,16023140,205
5006,Explicit True,21,16023140,206
5007,Explicit True,21,16023140,207
5008,Explicit True,21,16023140,208
5009,Explicit True,21,16023140,209
5010,Explicit True,21,16023140,210
5011,Explicit True,21,16023140,211
5012,Explicit True,21,16023140,212
5013,Explicit True,21,16023140,213
5014,Explicit True,21,16023140,214
5015,Explicit True,21,16023140,215
5016,Explicit True,21,16023140,216
5017,Explicit True,21,16023140,217
5018,Explicit True,21,16023140,218
5019,Explicit True,21,16023140,219
5020,Explicit True,21,16023140,220
5021,Explicit True,21,16023140,221
5022,Explicit True,21,16023140,222
5023,Explicit True,21,16023140,223
5024,Explicit True,21,16023140,224
5025,Explicit True,21,16023140,225
5026,Explicit True,21,16023140,226
5027,Explicit True,21,16023140,227
5028,Explicit True,21,16023140,228
5029,Explicit True,21,16023140,229
5030,Explicit True,21,16023140,230
5031,Explicit True,21,16023140,231
5032,Explicit True,21,16023140,232
5033,Explicit True,21,16023140,233
5034,Explicit True,21,16023140,234
5035,Explicit True,21,16023140,235
5036,Explicit True,21,16023140,236
5037,Explicit True,21,16023140,237
5038,Explicit True,21,16023140,238
5039,Explicit True,21,16023140,239
5040,Explicit True,21,16023140,240
5041,Explicit True,22,16023183,1
5042,Explicit True,22,16023183,2
5043,Explicit True,22,16023183,3
5044,Explicit True,22,16023183,4
5045,Explicit True,22,16023183,5
5046,Explicit True,22,16023183,6
5047,Explicit True,22,16023183,7
5048,Explicit True,22,16023183,8
5049,Explicit True,22,16023183,9
5050,Explicit True,22,16023183,10
5051,Explicit True,22,16023183,11
5052,Explicit True,22,16023183,12
5053,Explicit True,22,16023183,13
5054,Explicit True,22,16023183,14
5055,Explicit True,22,16023183,15
5056,Explicit True,22,16023183,16
5057,Explicit True,22,16023183,17
5058,Explicit True,22,16023183,18
5059,Explicit True,22,16023183,19
5060,Explicit True,22,16023183,20
5061,Explicit True,22,16023183,21
5062,Explicit True,22,16023183,22
5063,Explicit True,22,16023183,23
5064,Explicit True,22,16023183,24
5065,Explicit True,22,16023183,25
5066,Explicit True,22,16023183,26
5067,Explicit True,22,16023183,27
5068,Explicit True,22,16023183,28
5069,Explicit True,22,16023183,29
5070,Explicit True,22,16023183,30
5071,Explicit True,22,16023183,31
5072,Explicit True,22,16023183,32
5073,Explicit True,22,16023183,33
5074,Explicit True,22,16023183,34
5075,Explicit True,22,16023183,35
5076,Explicit True,22,16023183,36
5077,Explicit True,22,16023183,37
5078,Explicit True,22,16023183,38
5079,Explicit True,22,16023183,39
5080,Explicit True,22,16023183,40
5081,Explicit True,22,16023183,41
5082,Explicit True,22,16023183,42
5083,Explicit True,22,16023183,43
5084,Explicit True,22,16023183,44
5085,Explicit True,22,16023183,45
5086,Explicit True,22,16023183,46
5087,Explicit True,22,16023183,47
5088,Explicit True,22,16023183,48
5089,Explicit True,22,16023183,49
5090,Explicit True,22,16023183,50
5091,Explicit True,22,16023183,51
5092,Explicit True,22,16023183,52
5093,Explicit True,22,16023183,53
5094,Explicit True,22,16023183,54
5095,Explicit True,22,16023183,55
5096,Explicit True,22,16023183,56
5097,Explicit True,22,16023183,57
5098,Explicit True,22,16023183,58
5099,Explicit True,22,16023183,59
5100,Explicit True,22,16023183,60
5101,Explicit True,22,16023183,61
5102,Explicit True,22,16023183,62
5103,Explicit True,22,16023183,63
5104,Explicit True,22,16023183,64
5105,Explicit True,22,16023183,65
5106,Explicit True,22,16023183,66
5107,Explicit True,22,16023183,67
5108,Explicit True,22,16023183,68
5109,Explicit True,22,16023183,69
5110,Explicit True,22,16023183,70
5111,Explicit True,22,16023183,71
5112,Explicit True,22,16023183,72
5113,Explicit True,22,16023183,73
5114,Explicit True,22,16023183,74
5115,Explicit True,22,16023183,75
5116,Explicit True,22,16023183,76
5117,Explicit True,22,16023183,77
5118,Explicit True,22,16023183,78
5119,Explicit True,22,16023183,79
5120,Explicit True,22,16023183,80
5121,Explicit True,22,16023183,81
5122,Explicit True,22,16023183,82
5123,Explicit True,22,16023183,83
5124,Explicit True,22,16023183,84
5125,Explicit True,22,16023183,85
5126,Explicit True,22,16023183,86
5127,Explicit True,22,16023183,87
5128,Explicit True,22,16023183,88
5129,Explicit True,22,16023183,89
5130,Explicit True,22,16023183,90
5131,Explicit True,22,16023183,91
5132,Explicit True,22,16023183,92
5133,Explicit True,22,16023183,93
5134,Explicit True,22,16023183,94
5135,Explicit True,22,16023183,95
5136,Explicit True,22,16023183,96
5137,Explicit True,22,16023183,97
5138,Explicit True,22,16023183,98
5139,Explicit True,22,16023183,99
5140,Explicit True,22,16023183,100
5141,Explicit True,22,16023183,101
5142,Explicit True,22,16023183,102
5143,Explicit True,22,16023183,103
5144,Explicit True,22,16023183,104
5145,Explicit True,22,16023183,105
5146,Explicit True,22,16023183,106
5147,Explicit True,22,16023183,107
5148,Explicit True,22,16023183,108
5149,Explicit True,22,16023183,109
5150,Explicit True,22,16023183,110
5151,Explicit True,22,16023183,111
5152,Explicit True,22,16023183,112
5153,Explicit True,22,16023183,113
5154,Explicit True,22,16023183,114
5155,Explicit True,22,16023183,115
5156,Explicit True,22,16023183,116
5157,Explicit True,22,16023183,117
5158,Explicit True,22,16023183,118
5159,Explicit True,22,16023183,119
5160,Explicit True,22,16023183,120
5161,Explicit True,22,16023183,121
5162,Explicit True,22,16023183,122
5163,Explicit True,22,16023183,123
5164,Explicit True,22,16023183,124
5165,Explicit True,22,16023183,125
5166,Explicit True,22,16023183,126
5167,Explicit True,22,16023183,127
5168,Explicit True,22,16023183,128
5169,Explicit True,22,16023183,129
5170,Explicit True,22,16023183,130
5171,Explicit True,22,16023183,131
5172,Explicit True,22,16023183,132
5173,Explicit True,22,16023183,133
5174,Explicit True,22,16023183,134
5175,Explicit True,22,16023183,135
5176,Explicit True,22,16023183,136
5177,Explicit True,22,16023183,137
5178,Explicit True,22,16023183,138
5179,Explicit True,22,16023183,139
5180,Explicit True,22,16023183,140
5181,Explicit True,22,16023183,141
5182,Explicit True,22,16023183,142
5183,Explicit True,22,16023183,143
5184,Explicit True,22,16023183,144
5185,Explicit True,22,16023183,145
5186,Explicit True,22,16023183,146
5187,Explicit True,22,16023183,147
5188,Explicit True,22,16023183,148
5189,Explicit True,22,16023183,149
5190,Explicit True,22,16023183,150
5191,Explicit True,22,16023183,151
5192,Explicit True,22,16023183,152
5193,Explicit True,22,16023183,153
5194,Explicit True,22,16023183,154
5195,Explicit True,22,16023183,155
5196,Explicit True,22,16023183,156
5197,Explicit True,22,16023183,157
5198,Explicit True,22,16023183,158
5199,Explicit True,22,16023183,159
5200,Explicit True,22,16023183,160
5201,Explicit True,22,16023183,161
5202,Explicit True,22,16023183,162
5203,Explicit True,22,16023183,163
5204,Explicit True,22,16023183,164
5205,Explicit True,22,16023183,165
5206,Explicit True,22,16023183,166
5207,Explicit True,22,16023183,167
5208,Explicit True,22,16023183,168
5209,Explicit True,22,16023183,169
5210,Explicit True,22,16023183,170
5211,Explicit True,22,16023183,171
5212,Explicit True,22,16023183,172
5213,Explicit True,22,16023183,173
5214,Explicit True,22,16023183,174
5215,Explicit True,22,16023183,175
5216,Explicit True,22,16023183,176
5217,Explicit True,22,16023183,177
5218,Explicit True,22,16023183,178
5219,Explicit True,22,16023183,179
5220,Explicit True,22,16023183,180
5221,Explicit True,22,16023183,181
5222,Explicit True,22,16023183,182
5223,Explicit True,22,16023183,183
5224,Explicit True,22,16023183,184
5225,Explicit True,22,16023183,185
5226,Explicit True,22,16023183,186
5227,Explicit True,22,16023183,187
5228,Explicit True,22,16023183,188
5229,Explicit True,22,16023183,189
5230,Explicit True,22,16023183,190
5231,Explicit True,22,16023183,191
5232,Explicit True,22,16023183,192
5233,Explicit True,22,16023183,193
5234,Explicit True,22,16023183,194
5235,Explicit True,22,16023183,195
5236,Explicit True,22,16023183,196
5237,Explicit True,22,16023183,197
5238,Explicit True,22,16023183,198
5239,Explicit True,22,16023183,199
5240,Explicit True,22,16023183,200
5241,Explicit True,22,16023183,201
5242,Explicit True,22,16023183,202
5243,Explicit True,22,16023183,203
5244,Explicit True,22,16023183,204
5245,Explicit True,22,16023183,205
5246,Explicit True,22,16023183,206
5247,Explicit True,22,16023183,207
5248,Explicit True,22,16023183,208
5249,Explicit True,22,16023183,209
5250,Explicit True,22,16023183,210
5251,Explicit True,22,16023183,211
5252,Explicit True,22,16023183,212
5253,Explicit True,22,16023183,213
5254,Explicit True,22,16023183,214
5255,Explicit True,22,16023183,215
5256,Explicit True,22,16023183,216
5257,Explicit True,22,16023183,217
5258,Explicit True,22,16023183,218
5259,Explicit True,22,16023183,219
5260,Explicit True,22,16023183,220
5261,Explicit True,22,16023183,221
5262,Explicit True,22,16023183,222
5263,Explicit True,22,16023183,223
5264,Explicit True,22,16023183,224
5265,Explicit True,22,16023183,225
5266,Explicit True,22,16023183,226
5267,Explicit True,22,16023183,227
5268,Explicit True,22,16023183,228
5269,Explicit True,22,16023183,229
5270,Explicit True,22,16023183,230
5271,Explicit True,22,16023183,231
5272,Explicit True,22,16023183,232
5273,Explicit True,22,16023183,233
5274,Explicit True,22,16023183,234
5275,Explicit True,22,16023183,235
5276,Explicit True,22,16023183,236
5277,Explicit True,22,16023183,237
5278,Explicit True,22,16023183,238
5279,Explicit True,22,16023183,239
5280,Explicit True,22,16023183,240
5281,Explicit True,23,16024033,1
5282,Explicit True,23,16024033,2
5283,Explicit True,23,16024033,3
5284,Explicit True,23,16024033,4
5285,Explicit True,23,16024033,5
5286,Explicit True,23,16024033,6
5287,Explicit True,23,16024033,7
5288,Explicit True,23,16024033,8
5289,Explicit True,23,16024033,9
5290,Explicit True,23,16024033,10
5291,Explicit True,23,16024033,11
5292,Explicit True,23,16024033,12
5293,Explicit True,23,16024033,13
5294,Explicit True,23,16024033,14
5295,Explicit True,23,16024033,15
5296,Explicit True,23,16024033,16
5297,Explicit True,23,16024033,17
5298,Explicit True,23,16024033,18
5299,Explicit True,23,16024033,19
5300,Explicit True,23,16024033,20
5301,Explicit True,23,16024033,21
5302,Explicit True,23,16024033,22
5303,Explicit True,23,16024033,23
5304,Explicit True,23,16024033,24
5305,Explicit True,23,16024033,25
5306,Explicit True,23,16024033,26
5307,Explicit True,23,16024033,27
5308,Explicit True,23,16024033,28
5309,Explicit True,23,16024033,29
5310,Explicit True,23,16024033,30
5311,Explicit True,23,16024033,31
5312,Explicit True,23,16024033,32
5313,Explicit True,23,16024033,33
5314,Explicit True,23,16024033,34
5315,Explicit True,23,16024033,35
5316,Explicit True,23,16024033,36
5317,Explicit True,23,16024033,37
5318,Explicit True,23,16024033,38
5319,Explicit True,23,16024033,39
5320,Explicit True,23,16024033,40
5321,Explicit True,23,16024033,41
5322,Explicit True,23,16024033,42
5323,Explicit True,23,16024033,43
5324,Explicit True,23,16024033,44
5325,Explicit True,23,16024033,45
5326,Explicit True,23,16024033,46
5327,Explicit True,23,16024033,47
5328,Explicit True,23,16024033,48
5329,Explicit True,23,16024033,49
5330,Explicit True,23,16024033,50
5331,Explicit True,23,16024033,51
5332,Explicit True,23,16024033,52
5333,Explicit True,23,16024033,53
5334,Explicit True,23,16024033,54
5335,Explicit True,23,16024033,55
5336,Explicit True,23,16024033,56
5337,Explicit True,23,16024033,57
5338,Explicit True,23,16024033,58
5339,Explicit True,23,16024033,59
5340,Explicit True,23,16024033,60
5341,Explicit True,23,16024033,61
5342,Explicit True,23,16024033,62
5343,Explicit True,23,16024033,63
5344,Explicit True,23,16024033,64
5345,Explicit True,23,16024033,65
5346,Explicit True,23,16024033,66
5347,Explicit True,23,16024033,67
5348,Explicit True,23,16024033,68
5349,Explicit True,23,16024033,69
5350,Explicit True,23,16024033,70
5351,Explicit True,23,16024033,71
5352,Explicit True,23,16024033,72
5353,Explicit True,23,16024033,73
5354,Explicit True,23,16024033,74
5355,Explicit True,23,16024033,75
5356,Explicit True,23,16024033,76
5357,Explicit True,23,16024033,77
5358,Explicit True,23,16024033,78
5359,Explicit True,23,16024033,79
5360,Explicit True,23,16024033,80
5361,Explicit True,23,16024033,81
5362,Explicit True,23,16024033,82
5363,Explicit True,23,16024033,83
5364,Explicit True,23,16024033,84
5365,Explicit True,23,16024033,85
5366,Explicit True,23,16024033,86
5367,Explicit True,23,16024033,87
5368,Explicit True,23,16024033,88
5369,Explicit True,23,16024033,89
5370,Explicit True,23,16024033,90
5371,Explicit True,23,16024033,91
5372,Explicit True,23,16024033,92
5373,Explicit True,23,16024033,93
5374,Explicit True,23,16024033,94
5375,Explicit True,23,16024033,95
5376,Explicit True,23,16024033,96
5377,Explicit True,23,16024033,97
5378,Explicit True,23,16024033,98
5379,Explicit True,23,16024033,99
5380,Explicit True,23,16024033,100
5381,Explicit True,23,16024033,101
5382,Explicit True,23,16024033,102
5383,Explicit True,23,16024033,103
5384,Explicit True,23,16024033,104
5385,Explicit True,23,16024033,105
5386,Explicit True,23,16024033,106
5387,Explicit True,23,16024033,107
5388,Explicit True,23,16024033,108
5389,Explicit True,23,16024033,109
5390,Explicit True,23,16024033,110
5391,Explicit True,23,16024033,111
5392,Explicit True,23,16024033,112
5393,Explicit True,23,16024033,113
5394,Explicit True,23,16024033,114
5395,Explicit True,23,16024033,115
5396,Explicit True,23,16024033,116
5397,Explicit True,23,16024033,117
5398,Explicit True,23,16024033,118
5399,Explicit True,23,16024033,119
5400,Explicit True,23,16024033,120
5401,Explicit True,23,16024033,121
5402,Explicit True,23,16024033,122
5403,Explicit True,23,16024033,123
5404,Explicit True,23,16024033,124
5405,Explicit True,23,16024033,125
5406,Explicit True,23,16024033,126
5407,Explicit True,23,16024033,127
5408,Explicit True,23,16024033,128
5409,Explicit True,23,16024033,129
5410,Explicit True,23,16024033,130
5411,Explicit True,23,16024033,131
5412,Explicit True,23,16024033,132
5413,Explicit True,23,16024033,133
5414,Explicit True,23,16024033,134
5415,Explicit True,23,16024033,135
5416,Explicit True,23,16024033,136
5417,Explicit True,23,16024033,137
5418,Explicit True,23,16024033,138
5419,Explicit True,23,16024033,139
5420,Explicit True,23,16024033,140
5421,Explicit True,23,16024033,141
5422,Explicit True,23,16024033,142
5423,Explicit True,23,16024033,143
5424,Explicit True,23,16024033,144
5425,Explicit True,23,16024033,145
5426,Explicit True,23,16024033,146
5427,Explicit True,23,16024033,147
5428,Explicit True,23,16024033,148
5429,Explicit True,23,16024033,149
5430,Explicit True,23,16024033,150
5431,Explicit True,23,16024033,151
5432,Explicit True,23,16024033,152
5433,Explicit True,23,16024033,153
5434,Explicit True,23,16024033,154
5435,Explicit True,23,16024033,155
5436,Explicit True,23,16024033,156
5437,Explicit True,23,16024033,157
5438,Explicit True,23,16024033,158
5439,Explicit True,23,16024033,159
5440,Explicit True,23,16024033,160
5441,Explicit True,23,16024033,161
5442,Explicit True,23,16024033,162
5443,Explicit True,23,16024033,163
5444,Explicit True,23,16024033,164
5445,Explicit True,23,16024033,165
5446,Explicit True,23,16024033,166
5447,Explicit True,23,16024033,167
5448,Explicit True,23,16024033,168
5449,Explicit True,23,16024033,169
5450,Explicit True,23,16024033,170
5451,Explicit True,23,16024033,171
5452,Explicit True,23,16024033,172
5453,Explicit True,23,16024033,173
5454,Explicit True,23,16024033,174
5455,Explicit True,23,16024033,175
5456,Explicit True,23,16024033,176
5457,Explicit True,23,16024033,177
5458,Explicit True,23,16024033,178
5459,Explicit True,23,16024033,179
5460,Explicit True,23,16024033,180
5461,Explicit True,23,16024033,181
5462,Explicit True,23,16024033,182
5463,Explicit True,23,16024033,183
5464,Explicit True,23,16024033,184
5465,Explicit True,23,16024033,185
5466,Explicit True,23,16024033,186
5467,Explicit True,23,16024033,187
5468,Explicit True,23,16024033,188
5469,Explicit True,23,16024033,189
5470,Explicit True,23,16024033,190
5471,Explicit True,23,16024033,191
5472,Explicit True,23,16024033,192
5473,Explicit True,23,16024033,193
5474,Explicit True,23,16024033,194
5475,Explicit True,23,16024033,195
5476,Explicit True,23,16024033,196
5477,Explicit True,23,16024033,197
5478,Explicit True,23,16024033,198
5479,Explicit True,23,16024033,199
5480,Explicit True,23,16024033,200
5481,Explicit True,23,16024033,201
5482,Explicit True,23,16024033,202
5483,Explicit True,23,16024033,203
5484,Explicit True,23,16024033,204
5485,Explicit True,23,16024033,205
5486,Explicit True,23,16024033,206
5487,Explicit True,23,16024033,207
5488,Explicit True,23,16024033,208
5489,Explicit True,23,16024033,209
5490,Explicit True,23,16024033,210
5491,Explicit True,23,16024033,211
5492,Explicit True,23,16024033,212
5493,Explicit True,23,16024033,213
5494,Explicit True,23,16024033,214
5495,Explicit True,23,16024033,215
5496,Explicit True,23,16024033,216
5497,Explicit True,23,16024033,217
5498,Explicit True,23,16024033,218
5499,Explicit True,23,16024033,219
5500,Explicit True,23,16024033,220
5501,Explicit True,23,16024033,221
5502,Explicit True,23,16024033,222
5503,Explicit True,23,16024033,223
5504,Explicit True,23,16024033,224
5505,Explicit True,23,16024033,225
5506,Explicit True,23,16024033,226
5507,Explicit True,23,16024033,227
5508,Explicit True,23,16024033,228
5509,Explicit True,23,16024033,229
5510,Explicit True,23,16024033,230
5511,Explicit True,23,16024033,231
5512,Explicit True,23,16024033,232
5513,Explicit True,23,16024033,233
5514,Explicit True,23,16024033,234
5515,Explicit True,23,16024033,235
5516,Explicit True,23,16024033,236
5517,Explicit True,23,16024033,237
5518,Explicit True,23,16024033,238
5519,Explicit True,23,16024033,239
5520,Explicit True,23,16024033,240
5521,Explicit True,24,16029771,1
5522,Explicit True,24,16029771,2
5523,Explicit True,24,16029771,3
5524,Explicit True,24,16029771,4
5525,Explicit True,24,16029771,5
5526,Explicit True,24,16029771,6
5527,Explicit True,24,16029771,7
5528,Explicit True,24,16029771,8
5529,Explicit True,24,16029771,9
5530,Explicit True,24,16029771,10
5531,Explicit True,24,16029771,11
5532,Explicit True,24,16029771,12
5533,Explicit True,24,16029771,13
5534,Explicit True,24,16029771,14
5535,Explicit True,24,16029771,15
5536,Explicit True,24,16029771,16
5537,Explicit True,24,16029771,17
5538,Explicit True,24,16029771,18
5539,Explicit True,24,16029771,19
5540,Explicit True,24,16029771,20
5541,Explicit True,24,16029771,21
5542,Explicit True,24,16029771,22
5543,Explicit True,24,16029771,23
5544,Explicit True,24,16029771,24
5545,Explicit True,24,16029771,25
5546,Explicit True,24,16029771,26
5547,Explicit True,24,16029771,27
5548,Explicit True,24,16029771,28
5549,Explicit True,24,16029771,29
5550,Explicit True,24,16029771,30
5551,Explicit True,24,16029771,31
5552,Explicit True,24,16029771,32
5553,Explicit True,24,16029771,33
5554,Explicit True,24,16029771,34
5555,Explicit True,24,16029771,35
5556,Explicit True,24,16029771,36
5557,Explicit True,24,16029771,37
5558,Explicit True,24,16029771,38
5559,Explicit True,24,16029771,39
5560,Explicit True,24,16029771,40
5561,Explicit True,24,16029771,41
5562,Explicit True,24,16029771,42
5563,Explicit True,24,16029771,43
5564,Explicit True,24,16029771,44
5565,Explicit True,24,16029771,45
5566,Explicit True,24,16029771,46
5567,Explicit True,24,16029771,47
5568,Explicit True,24,16029771,48
5569,Explicit True,24,16029771,49
5570,Explicit True,24,16029771,50
5571,Explicit True,24,16029771,51
5572,Explicit True,24,16029771,52
5573,Explicit True,24,16029771,53
5574,Explicit True,24,16029771,54
5575,Explicit True,24,16029771,55
5576,Explicit True,24,16029771,56
5577,Explicit True,24,16029771,57
5578,Explicit True,24,16029771,58
5579,Explicit True,24,16029771,59
5580,Explicit True,24,16029771,60
5581,Explicit True,24,16029771,61
5582,Explicit True,24,16029771,62
5583,Explicit True,24,16029771,63
5584,Explicit True,24,16029771,64
5585,Explicit True,24,16029771,65
5586,Explicit True,24,16029771,66
5587,Explicit True,24,16029771,67
5588,Explicit True,24,16029771,68
5589,Explicit True,24,16029771,69
5590,Explicit True,24,16029771,70
5591,Explicit True,24,16029771,71
5592,Explicit True,24,16029771,72
5593,Explicit True,24,16029771,73
5594,Explicit True,24,16029771,74
5595,Explicit True,24,16029771,75
5596,Explicit True,24,16029771,76
5597,Explicit True,24,16029771,77
5598,Explicit True,24,16029771,78
5599,Explicit True,24,16029771,79
5600,Explicit True,24,16029771,80
5601,Explicit True,24,16029771,81
5602,Explicit True,24,16029771,82
5603,Explicit True,24,16029771,83
5604,Explicit True,24,16029771,84
5605,Explicit True,24,16029771,85
5606,Explicit True,24,16029771,86
5607,Explicit True,24,16029771,87
5608,Explicit True,24,16029771,88
5609,Explicit True,24,16029771,89
5610,Explicit True,24,16029771,90
5611,Explicit True,24,16029771,91
5612,Explicit True,24,16029771,92
5613,Explicit True,24,16029771,93
5614,Explicit True,24,16029771,94
5615,Explicit True,24,16029771,95
5616,Explicit True,24,16029771,96
5617,Explicit True,24,16029771,97
5618,Explicit True,24,16029771,98
5619,Explicit True,24,16029771,99
5620,Explicit True,24,16029771,100
5621,Explicit True,24,16029771,101
5622,Explicit True,24,16029771,102
5623,Explicit True,24,16029771,103
5624,Explicit True,24,16029771,104
5625,Explicit True,24,16029771,105
5626,Explicit True,24,16029771,106
5627,Explicit True,24,16029771,107
5628,Explicit True,24,16029771,108
5629,Explicit True,24,16029771,109
5630,Explicit True,24,16029771,110
5631,Explicit True,24,16029771,111
5632,Explicit True,24,16029771,112
5633,Explicit True,24,16029771,113
5634,Explicit True,24,16029771,114
5635,Explicit True,24,16029771,115
5636,Explicit True,24,16029771,116
5637,Explicit True,24,16029771,117
5638,Explicit True,24,16029771,118
5639,Explicit True,24,16029771,119
5640,Explicit True,24,16029771,120
5641,Explicit True,24,16029771,121
5642,Explicit True,24,16029771,122
5643,Explicit True,24,16029771,123
5644,Explicit True,24,16029771,124
5645,Explicit True,24,16029771,125
5646,Explicit True,24,16029771,126
5647,Explicit True,24,16029771,127
5648,Explicit True,24,16029771,128
5649,Explicit True,24,16029771,129
5650,Explicit True,24,16029771,130
5651,Explicit True,24,16029771,131
5652,Explicit True,24,16029771,132
5653,Explicit True,24,16029771,133
5654,Explicit True,24,16029771,134
5655,Explicit True,24,16029771,135
5656,Explicit True,24,16029771,136
5657,Explicit True,24,16029771,137
5658,Explicit True,24,16029771,138
5659,Explicit True,24,16029771,139
5660,Explicit True,24,16029771,140
5661,Explicit True,24,16029771,141
5662,Explicit True,24,16029771,142
5663,Explicit True,24,16029771,143
5664,Explicit True,24,16029771,144
5665,Explicit True,24,16029771,145
5666,Explicit True,24,16029771,146
5667,Explicit True,24,16029771,147
5668,Explicit True,24,16029771,148
5669,Explicit True,24,16029771,149
5670,Explicit True,24,16029771,150
5671,Explicit True,24,16029771,151
5672,Explicit True,24,16029771,152
5673,Explicit True,24,16029771,153
5674,Explicit True,24,16029771,154
5675,Explicit True,24,16029771,155
5676,Explicit True,24,16029771,156
5677,Explicit True,24,16029771,157
5678,Explicit True,24,16029771,158
5679,Explicit True,24,16029771,159
5680,Explicit True,24,16029771,160
5681,Explicit True,24,16029771,161
5682,Explicit True,24,16029771,162
5683,Explicit True,24,16029771,163
5684,Explicit True,24,16029771,164
5685,Explicit True,24,16029771,165
5686,Explicit True,24,16029771,166
5687,Explicit True,24,16029771,167
5688,Explicit True,24,16029771,168
5689,Explicit True,24,16029771,169
5690,Explicit True,24,16029771,170
5691,Explicit True,24,16029771,171
5692,Explicit True,24,16029771,172
5693,Explicit True,24,16029771,173
5694,Explicit True,24,16029771,174
5695,Explicit True,24,16029771,175
5696,Explicit True,24,16029771,176
5697,Explicit True,24,16029771,177
5698,Explicit True,24,16029771,178
5699,Explicit True,24,16029771,179
5700,Explicit True,24,16029771,180
5701,Explicit True,24,16029771,181
5702,Explicit True,24,16029771,182
5703,Explicit True,24,16029771,183
5704,Explicit True,24,16029771,184
5705,Explicit True,24,16029771,185
5706,Explicit True,24,16029771,186
5707,Explicit True,24,16029771,187
5708,Explicit True,24,16029771,188
5709,Explicit True,24,16029771,189
5710,Explicit True,24,16029771,190
5711,Explicit True,24,16029771,191
5712,Explicit True,24,16029771,192
5713,Explicit True,24,16029771,193
5714,Explicit True,24,16029771,194
5715,Explicit True,24,16029771,195
5716,Explicit True,24,16029771,196
5717,Explicit True,24,16029771,197
5718,Explicit True,24,16029771,198
5719,Explicit True,24,16029771,199
5720,Explicit True,24,16029771,200
5721,Explicit True,24,16029771,201
5722,Explicit True,24,16029771,202
5723,Explicit True,24,16029771,203
5724,Explicit True,24,16029771,204
5725,Explicit True,24,16029771,205
5726,Explicit True,24,16029771,206
5727,Explicit True,24,16029771,207
5728,Explicit True,24,16029771,208
5729,Explicit True,24,16029771,209
5730,Explicit True,24,16029771,210
5731,Explicit True,24,16029771,211
5732,Explicit True,24,16029771,212
5733,Explicit True,24,16029771,213
5734,Explicit True,24,16029771,214
5735,Explicit True,24,16029771,215
5736,Explicit True,24,16029771,216
5737,Explicit True,24,16029771,217
5738,Explicit True,24,16029771,218
5739,Explicit True,24,16029771,219
5740,Explicit True,24,16029771,220
5741,Explicit True,24,16029771,221
5742,Explicit True,24,16029771,222
5743,Explicit True,24,16029771,223
5744,Explicit True,24,16029771,224
5745,Explicit True,24,16029771,225
5746,Explicit True,24,16029771,226
5747,Explicit True,24,16029771,227
5748,Explicit True,24,16029771,228
5749,Explicit True,24,16029771,229
5750,Explicit True,24,16029771,230
5751,Explicit True,24,16029771,231
5752,Explicit True,24,16029771,232
5753,Explicit True,24,16029771,233
5754,Explicit True,24,16029771,234
5755,Explicit True,24,16029771,235
5756,Explicit True,24,16029771,236
5757,Explicit True,24,16029771,237
5758,Explicit True,24,16029771,238
5759,Explicit True,24,16029771,239
5760,Explicit True,24,16029771,240
5761,Explicit True,25,16029787,1
5762,Explicit True,25,16029787,2
5763,Explicit True,25,16029787,3
5764,Explicit True,25,16029787,4
5765,Explicit True,25,16029787,5
5766,Explicit True,25,16029787,6
5767,Explicit True,25,16029787,7
5768,Explicit True,25,16029787,8
5769,Explicit True,25,16029787,9
5770,Explicit True,25,16029787,10
5771,Explicit True,25,16029787,11
5772,Explicit True,25,16029787,12
5773,Explicit True,25,16029787,13
5774,Explicit True,25,16029787,14
5775,Explicit True,25,16029787,15
5776,Explicit True,25,16029787,16
5777,Explicit True,25,16029787,17
5778,Explicit True,25,16029787,18
5779,Explicit True,25,16029787,19
5780,Explicit True,25,16029787,20
5781,Explicit True,25,16029787,21
5782,Explicit True,25,16029787,22
5783,Explicit True,25,16029787,23
5784,Explicit True,25,16029787,24
5785,Explicit True,25,16029787,25
5786,Explicit True,25,16029787,26
5787,Explicit True,25,16029787,27
5788,Explicit True,25,16029787,28
5789,Explicit True,25,16029787,29
5790,Explicit True,25,16029787,30
5791,Explicit True,25,16029787,31
5792,Explicit True,25,16029787,32
5793,Explicit True,25,16029787,33
5794,Explicit True,25,16029787,34
5795,Explicit True,25,16029787,35
5796,Explicit True,25,16029787,36
5797,Explicit True,25,16029787,37
5798,Explicit True,25,16029787,38
5799,Explicit True,25,16029787,39
5800,Explicit True,25,16029787,40
5801,Explicit True,25,16029787,41
5802,Explicit True,25,16029787,42
5803,Explicit True,25,16029787,43
5804,Explicit True,25,16029787,44
5805,Explicit True,25,16029787,45
5806,Explicit True,25,16029787,46
5807,Explicit True,25,16029787,47
5808,Explicit True,25,16029787,48
5809,Explicit True,25,16029787,49
5810,Explicit True,25,16029787,50
5811,Explicit True,25,16029787,51
5812,Explicit True,25,16029787,52
5813,Explicit True,25,16029787,53
5814,Explicit True,25,16029787,54
5815,Explicit True,25,16029787,55
5816,Explicit True,25,16029787,56
5817,Explicit True,25,16029787,57
5818,Explicit True,25,16029787,58
5819,Explicit True,25,16029787,59
5820,Explicit True,25,16029787,60
5821,Explicit True,25,16029787,61
5822,Explicit True,25,16029787,62
5823,Explicit True,25,16029787,63
5824,Explicit True,25,16029787,64
5825,Explicit True,25,16029787,65
5826,Explicit True,25,16029787,66
5827,Explicit True,25,16029787,67
5828,Explicit True,25,16029787,68
5829,Explicit True,25,16029787,69
5830,Explicit True,25,16029787,70
5831,Explicit True,25,16029787,71
5832,Explicit True,25,16029787,72
5833,Explicit True,25,16029787,73
5834,Explicit True,25,16029787,74
5835,Explicit True,25,16029787,75
5836,Explicit True,25,16029787,76
5837,Explicit True,25,16029787,77
5838,Explicit True,25,16029787,78
5839,Explicit True,25,16029787,79
5840,Explicit True,25,16029787,80
5841,Explicit True,25,16029787,81
5842,Explicit True,25,16029787,82
5843,Explicit True,25,16029787,83
5844,Explicit True,25,16029787,84
5845,Explicit True,25,16029787,85
5846,Explicit True,25,16029787,86
5847,Explicit True,25,16029787,87
5848,Explicit True,25,16029787,88
5849,Explicit True,25,16029787,89
5850,Explicit True,25,16029787,90
5851,Explicit True,25,16029787,91
5852,Explicit True,25,16029787,92
5853,Explicit True,25,16029787,93
5854,Explicit True,25,16029787,94
5855,Explicit True,25,16029787,95
5856,Explicit True,25,16029787,96
5857,Explicit True,25,16029787,97
5858,Explicit True,25,16029787,98
5859,Explicit True,25,16029787,99
5860,Explicit True,25,16029787,100
5861,Explicit True,25,16029787,101
5862,Explicit True,25,16029787,102
5863,Explicit True,25,16029787,103
5864,Explicit True,25,16029787,104
5865,Explicit True,25,16029787,105
5866,Explicit True,25,16029787,106
5867,Explicit True,25,16029787,107
5868,Explicit True,25,16029787,108
5869,Explicit True,25,16029787,109
5870,Explicit True,25,16029787,110
5871,Explicit True,25,16029787,111
5872,Explicit True,25,16029787,112
5873,Explicit True,25,16029787,113
5874,Explicit True,25,16029787,114
5875,Explicit True,25,16029787,115
5876,Explicit True,25,16029787,116
5877,Explicit True,25,16029787,117
5878,Explicit True,25,16029787,118
5879,Explicit True,25,16029787,119
5880,Explicit True,25,16029787,120
5881,Explicit True,25,16029787,121
5882,Explicit True,25,16029787,122
5883,Explicit True,25,16029787,123
5884,Explicit True,25,16029787,124
5885,Explicit True,25,16029787,125
5886,Explicit True,25,16029787,126
5887,Explicit True,25,16029787,127
5888,Explicit True,25,16029787,128
5889,Explicit True,25,16029787,129
5890,Explicit True,25,16029787,130
5891,Explicit True,25,16029787,131
5892,Explicit True,25,16029787,132
5893,Explicit True,25,16029787,133
5894,Explicit True,25,16029787,134
5895,Explicit True,25,16029787,135
5896,Explicit True,25,16029787,136
5897,Explicit True,25,16029787,137
5898,Explicit True,25,16029787,138
5899,Explicit True,25,16029787,139
5900,Explicit True,25,16029787,140
5901,Explicit True,25,16029787,141
5902,Explicit True,25,16029787,142
5903,Explicit True,25,16029787,143
5904,Explicit True,25,16029787,144
5905,Explicit True,25,16029787,145
5906,Explicit True,25,16029787,146
5907,Explicit True,25,16029787,147
5908,Explicit True,25,16029787,148
5909,Explicit True,25,16029787,149
5910,Explicit True,25,16029787,150
5911,Explicit True,25,16029787,151
5912,Explicit True,25,16029787,152
5913,Explicit True,25,16029787,153
5914,Explicit True,25,16029787,154
5915,Explicit True,25,16029787,155
5916,Explicit True,25,16029787,156
5917,Explicit True,25,16029787,157
5918,Explicit True,25,16029787,158
5919,Explicit True,25,16029787,159
5920,Explicit True,25,16029787,160
5921,Explicit True,25,16029787,161
5922,Explicit True,25,16029787,162
5923,Explicit True,25,16029787,163
5924,Explicit True,25,16029787,164
5925,Explicit True,25,16029787,165
5926,Explicit True,25,16029787,166
5927,Explicit True,25,16029787,167
5928,Explicit True,25,16029787,168
5929,Explicit True,25,16029787,169
5930,Explicit True,25,16029787,170
5931,Explicit True,25,16029787,171
5932,Explicit True,25,16029787,172
5933,Explicit True,25,16029787,173
5934,Explicit True,25,16029787,174
5935,Explicit True,25,16029787,175
5936,Explicit True,25,16029787,176
5937,Explicit True,25,16029787,177
5938,Explicit True,25,16029787,178
5939,Explicit True,25,16029787,179
5940,Explicit True,25,16029787,180
5941,Explicit True,25,16029787,181
5942,Explicit True,25,16029787,182
5943,Explicit True,25,16029787,183
5944,Explicit True,25,16029787,184
5945,Explicit True,25,16029787,185
5946,Explicit True,25,16029787,186
5947,Explicit True,25,16029787,187
5948,Explicit True,25,16029787,188
5949,Explicit True,25,16029787,189
5950,Explicit True,25,16029787,190
5951,Explicit True,25,16029787,191
5952,Explicit True,25,16029787,192
5953,Explicit True,25,16029787,193
5954,Explicit True,25,16029787,194
5955,Explicit True,25,16029787,195
5956,Explicit True,25,16029787,196
5957,Explicit True,25,16029787,197
5958,Explicit True,25,16029787,198
5959,Explicit True,25,16029787,199
5960,Explicit True,25,16029787,200
5961,Explicit True,25,16029787,201
5962,Explicit True,25,16029787,202
5963,Explicit True,25,16029787,203
5964,Explicit True,25,16029787,204
5965,Explicit True,25,16029787,205
5966,Explicit True,25,16029787,206
5967,Explicit True,25,16029787,207
5968,Explicit True,25,16029787,208
5969,Explicit True,25,16029787,209
5970,Explicit True,25,16029787,210
5971,Explicit True,25,16029787,211
5972,Explicit True,25,16029787,212
5973,Explicit True,25,16029787,213
5974,Explicit True,25,16029787,214
5975,Explicit True,25,16029787,215
5976,Explicit True,25,16029787,216
5977,Explicit True,25,16029787,217
5978,Explicit True,25,16029787,218
5979,Explicit True,25,16029787,219
5980,Explicit True,25,16029787,220
5981,Explicit True,25,16029787,221
5982,Explicit True,25,16029787,222
5983,Explicit True,25,16029787,223
5984,Explicit True,25,16029787,224
5985,Explicit True,25,16029787,225
5986,Explicit True,25,16029787,226
5987,Explicit True,25,16029787,227
5988,Explicit True,25,16029787,228
5989,Explicit True,25,16029787,229
5990,Explicit True,25,16029787,230
5991,Explicit True,25,16029787,231
5992,Explicit True,25,16029787,232
5993,Explicit True,25,16029787,233
5994,Explicit True,25,16029787,234
5995,Explicit True,25,16029787,235
5996,Explicit True,25,16029787,236
5997,Explicit True,25,16029787,237
5998,Explicit True,25,16029787,238
5999,Explicit True,25,16029787,239
6000,Explicit True,25,16029787,240
