column_position,group,subject_index,participant_id,trial
1,Implicit Unaware,1,11696510,1
2,Implicit Unaware,1,11696510,2
3,Implicit Unaware,1,11696510,3
4,Implicit Unaware,1,11696510,4
5,Implicit Unaware,1,11696510,5
6,Implicit Unaware,1,11696510,6
7,Implicit Unaware,1,11696510,7
8,Implicit Unaware,1,11696510,8
9,Implicit Unaware,1,11696510,9
10,Implicit Unaware,1,11696510,10
11,Implicit Unaware,1,11696510,11
12,Implicit Unaware,1,11696510,12
13,Implicit Unaware,1,11696510,13
14,Implicit Unaware,1,11696510,14
15,Implicit Unaware,1,11696510,15
16,Implicit Unaware,1,11696510,16
17,Implicit Unaware,1,11696510,17
18,Implicit Unaware,1,11696510,18
19,Implicit Unaware,1,11696510,19
20,Implicit Unaware,1,11696510,20
21,Implicit Unaware,1,11696510,21
22,Implicit Unaware,1,11696510,22
23,Implicit Unaware,1,11696510,23
24,Implicit Unaware,1,11696510,24
25,Implicit Unaware,1,11696510,25
26,Implicit Unaware,1,11696510,26
27,Implicit Unaware,1,11696510,27
28,Implicit Unaware,1,11696510,28
29,Implicit Unaware,1,11696510,29
30,Implicit Unaware,1,11696510,30
31,Implicit Unaware,1,11696510,31
32,Implicit Unaware,1,11696510,32
33,Implicit Unaware,1,11696510,33
34,Implicit Unaware,1,11696510,34
35,Implicit Unaware,1,11696510,35
36,Implicit Unaware,1,11696510,36
37,Implicit Unaware,1,11696510,37
38,Implicit Unaware,1,11696510,38
39,Implicit Unaware,1,11696510,39
40,Implicit Unaware,1,11696510,40
41,Implicit Unaware,1,11696510,41
42,Implicit Unaware,1,11696510,42
43,Implicit Unaware,1,11696510,43
44,Implicit Unaware,1,11696510,44
45,Implicit Unaware,1,11696510,45
46,Implicit Unaware,1,11696510,46
47,Implicit Unaware,1,11696510,47
48,Implicit Unaware,1,11696510,48
49,Implicit Unaware,1,11696510,49
50,Implicit Unaware,1,11696510,50
51,Implicit Unaware,1,11696510,51
52,Implicit Unaware,1,11696510,52
53,Implicit Unaware,1,11696510,53
54,Implicit Unaware,1,11696510,54
55,Implicit Unaware,1,11696510,55
56,Implicit Unaware,1,11696510,56
57,Implicit Unaware,1,11696510,57
58,Implicit Unaware,1,11696510,58
59,Implicit Unaware,1,11696510,59
60,Implicit Unaware,1,11696510,60
61,Implicit Unaware,1,11696510,61
62,Implicit Unaware,1,11696510,62
63,Implicit Unaware,1,11696510,63
64,Implicit Unaware,1,11696510,64
65,Implicit Unaware,1,11696510,65
66,Implicit Unaware,1,11696510,66
67,Implicit Unaware,1,11696510,67
68,Implicit Unaware,1,11696510,68
69,Implicit Unaware,1,11696510,69
70,Implicit Unaware,1,11696510,70
71,Implicit Unaware,1,11696510,71
72,Implicit Unaware,1,11696510,72
73,Implicit Unaware,1,11696510,73
74,Implicit Unaware,1,11696510,74
75,Implicit Unaware,1,11696510,75
76,Implicit Unaware,1,11696510,76
77,Implicit Unaware,1,11696510,77
78,Implicit Unaware,1,11696510,78
79,Implicit Unaware,1,11696510,79
80,Implicit Unaware,1,11696510,80
81,Implicit Unaware,1,11696510,81
82,Implicit Unaware,1,11696510,82
83,Implicit Unaware,1,11696510,83
84,Implicit Unaware,1,11696510,84
85,Implicit Unaware,1,11696510,85
86,Implicit Unaware,1,11696510,86
87,Implicit Unaware,1,11696510,87
88,Implicit Unaware,1,11696510,88
89,Implicit Unaware,1,11696510,89
90,Implicit Unaware,1,11696510,90
91,Implicit Unaware,1,11696510,91
92,Implicit Unaware,1,11696510,92
93,Implicit Unaware,1,11696510,93
94,Implicit Unaware,1,11696510,94
95,Implicit Unaware,1,11696510,95
96,Implicit Unaware,1,11696510,96
97,Implicit Unaware,1,11696510,97
98,Implicit Unaware,1,11696510,98
99,Implicit Unaware,1,11696510,99
100,Implicit Unaware,1,11696510,100
101,Implicit Unaware,1,11696510,101
102,Implicit Unaware,1,11696510,102
103,Implicit Unaware,1,11696510,103
104,Implicit Unaware,1,11696510,104
105,Implicit Unaware,1,11696510,105
106,Implicit Unaware,1,11696510,106
107,Implicit Unaware,1,11696510,107
108,Implicit Unaware,1,11696510,108
109,Implicit Unaware,1,11696510,109
110,Implicit Unaware,1,11696510,110
111,Implicit Unaware,1,11696510,111
112,Implicit Unaware,1,11696510,112
113,Implicit Unaware,1,11696510,113
114,Implicit Unaware,1,11696510,114
115,Implicit Unaware,1,11696510,115
116,Implicit Unaware,1,11696510,116
117,Implicit Unaware,1,11696510,117
118,Implicit Unaware,1,11696510,118
119,Implicit Unaware,1,11696510,119
120,Implicit Unaware,1,11696510,120
121,Implicit Unaware,1,11696510,121
122,Implicit Unaware,1,11696510,122
123,Implicit Unaware,1,11696510,123
124,Implicit Unaware,1,11696510,124
125,Implicit Unaware,1,11696510,125
126,Implicit Unaware,1,11696510,126
127,Implicit Unaware,1,11696510,127
128,Implicit Unaware,1,11696510,128
129,Implicit Unaware,1,11696510,129
130,Implicit Unaware,1,11696510,130
131,Implicit Unaware,1,11696510,131
132,Implicit Unaware,1,11696510,132
133,Implicit Unaware,1,11696510,133
134,Implicit Unaware,1,11696510,134
135,Implicit Unaware,1,11696510,135
136,Implicit Unaware,1,11696510,136
137,Implicit Unaware,1,11696510,137
138,Implicit Unaware,1,11696510,138
139,Implicit Unaware,1,11696510,139
140,Implicit Unaware,1,11696510,140
141,Implicit Unaware,1,11696510,141
142,Implicit Unaware,1,11696510,142
143,Implicit Unaware,1,11696510,143
144,Implicit Unaware,1,11696510,144
145,Implicit Unaware,1,11696510,145
146,Implicit Unaware,1,11696510,146
147,Implicit Unaware,1,11696510,147
148,Implicit Unaware,1,11696510,148
149,Implicit Unaware,1,11696510,149
150,Implicit Unaware,1,11696510,150
151,Implicit Unaware,1,11696510,151
152,Implicit Unaware,1,11696510,152
153,Implicit Unaware,1,11696510,153
154,Implicit Unaware,1,11696510,154
155,Implicit Unaware,1,11696510,155
156,Implicit Unaware,1,11696510,156
157,Implicit Unaware,1,11696510,157
158,Implicit Unaware,1,11696510,158
159,Implicit Unaware,1,11696510,159
160,Implicit Unaware,1,11696510,160
161,Implicit Unaware,1,11696510,161
162,Implicit Unaware,1,11696510,162
163,Implicit Unaware,1,11696510,163
164,Implicit Unaware,1,11696510,164
165,Implicit Unaware,1,11696510,165
166,Implicit Unaware,1,11696510,166
167,Implicit Unaware,1,11696510,167
168,Implicit Unaware,1,11696510,168
169,Implicit Unaware,1,11696510,169
170,Implicit Unaware,1,11696510,170
171,Implicit Unaware,1,11696510,171
172,Implicit Unaware,1,11696510,172
173,Implicit Unaware,1,11696510,173
174,Implicit Unaware,1,11696510,174
175,Implicit Unaware,1,11696510,175
176,Implicit Unaware,1,11696510,176
177,Implicit Unaware,1,11696510,177
178,Implicit Unaware,1,11696510,178
179,Implicit Unaware,1,11696510,179
180,Implicit Unaware,1,11696510,180
181,Implicit Unaware,1,11696510,181
182,Implicit Unaware,1,11696510,182
183,Implicit Unaware,1,11696510,183
184,Implicit Unaware,1,11696510,184
185,Implicit Unaware,1,11696510,185
186,Implicit Unaware,1,11696510,186
187,Implicit Unaware,1,11696510,187
188,Implicit Unaware,1,11696510,188
189,Implicit Unaware,1,11696510,189
190,Implicit Unaware,1,11696510,190
191,Implicit Unaware,1,11696510,191
192,Implicit Unaware,1,11696510,192
193,Implicit Unaware,1,11696510,193
194,Implicit Unaware,1,11696510,194
195,Implicit Unaware,1,11696510,195
196,Implicit Unaware,1,11696510,196
197,Implicit Unaware,1,11696510,197
198,Implicit Unaware,1,11696510,198
199,Implicit Unaware,1,11696510,199
200,Implicit Unaware,1,11696510,200
201,Implicit Unaware,1,11696510,201
202,Implicit Unaware,1,11696510,202
203,Implicit Unaware,1,11696510,203
204,Implicit Unaware,1,11696510,204
205,Implicit Unaware,1,11696510,205
206,Implicit Unaware,1,11696510,206
207,Implicit Unaware,1,11696510,207
208,Implicit Unaware,1,11696510,208
209,Implicit Unaware,1,11696510,209
210,Implicit Unaware,1,11696510,210
211,Implicit Unaware,1,11696510,211
212,Implicit Unaware,1,11696510,212
213,Implicit Unaware,1,11696510,213
214,Implicit Unaware,1,11696510,214
215,Implicit Unaware,1,11696510,215
216,Implicit Unaware,1,11696510,216
217,Implicit Unaware,1,11696510,217
218,Implicit Unaware,1,11696510,218
219,Implicit Unaware,1,11696510,219
220,Implicit Unaware,1,11696510,220
221,Implicit Unaware,1,11696510,221
222,Implicit Unaware,1,11696510,222
223,Implicit Unaware,1,11696510,223
224,Implicit Unaware,1,11696510,224
225,Implicit Unaware,1,11696510,225
226,Implicit Unaware,1,11696510,226
227,Implicit Unaware,1,11696510,227
228,Implicit Unaware,1,11696510,228
229,Implicit Unaware,1,11696510,229
230,Implicit Unaware,1,11696510,230
231,Implicit Unaware,1,11696510,231
232,Implicit Unaware,1,11696510,232
233,Implicit Unaware,1,11696510,233
234,Implicit Unaware,1,11696510,234
235,Implicit Unaware,1,11696510,235
236,Implicit Unaware,1,11696510,236
237,Implicit Unaware,1,11696510,237
238,Implicit Unaware,1,11696510,238
239,Implicit Unaware,1,11696510,239
240,Implicit Unaware,1,11696510,240
241,Implicit Unaware,2,11696542,1
242,Implicit Unaware,2,11696542,2
243,Implicit Unaware,2,11696542,3
244,Implicit Unaware,2,11696542,4
245,Implicit Unaware,2,11696542,5
246,Implicit Unaware,2,11696542,6
247,Implicit Unaware,2,11696542,7
248,Implicit Unaware,2,11696542,8
249,Implicit Unaware,2,11696542,9
250,Implicit Unaware,2,11696542,10
251,Implicit Unaware,2,11696542,11
252,Implicit Unaware,2,11696542,12
253,Implicit Unaware,2,11696542,13
254,Implicit Unaware,2,11696542,14
255,Implicit Unaware,2,11696542,15
256,Implicit Unaware,2,11696542,16
257,Implicit Unaware,2,11696542,17
258,Implicit Unaware,2,11696542,18
259,Implicit Unaware,2,11696542,19
260,Implicit Unaware,2,11696542,20
261,Implicit Unaware,2,11696542,21
262,Implicit Unaware,2,11696542,22
263,Implicit Unaware,2,11696542,23
264,Implicit Unaware,2,11696542,24
265,Implicit Unaware,2,11696542,25
266,Implicit Unaware,2,11696542,26
267,Implicit Unaware,2,11696542,27
268,Implicit Unaware,2,11696542,28
269,Implicit Unaware,2,11696542,29
270,Implicit Unaware,2,11696542,30
271,Implicit Unaware,2,11696542,31
272,Implicit Unaware,2,11696542,32
273,Implicit Unaware,2,11696542,33
274,Implicit Unaware,2,11696542,34
275,Implicit Unaware,2,11696542,35
276,Implicit Unaware,2,11696542,36
277,Implicit Unaware,2,11696542,37
278,Implicit Unaware,2,11696542,38
279,Implicit Unaware,2,11696542,39
280,Implicit Unaware,2,11696542,40
281,Implicit Unaware,2,11696542,41
282,Implicit Unaware,2,11696542,42
283,Implicit Unaware,2,11696542,43
284,Implicit Unaware,2,11696542,44
285,Implicit Unaware,2,11696542,45
286,Implicit Unaware,2,11696542,46
287,Implicit Unaware,2,11696542,47
288,Implicit Unaware,2,11696542,48
289,Implicit Unaware,2,11696542,49
290,Implicit Unaware,2,11696542,50
291,Implicit Unaware,2,11696542,51
292,Implicit Unaware,2,11696542,52
293,Implicit Unaware,2,11696542,53
294,Implicit Unaware,2,11696542,54
295,Implicit Unaware,2,11696542,55
296,Implicit Unaware,2,11696542,56
297,Implicit Unaware,2,11696542,57
298,Implicit Unaware,2,11696542,58
299,Implicit Unaware,2,11696542,59
300,Implicit Unaware,2,11696542,60
301,Implicit Unaware,2,11696542,61
302,Implicit Unaware,2,11696542,62
303,Implicit Unaware,2,11696542,63
304,Implicit Unaware,2,11696542,64
305,Implicit Unaware,2,11696542,65
306,Implicit Unaware,2,11696542,66
307,Implicit Unaware,2,11696542,67
308,Implicit Unaware,2,11696542,68
309,Implicit Unaware,2,11696542,69
310,Implicit Unaware,2,11696542,70
311,Implicit Unaware,2,11696542,71
312,Implicit Unaware,2,11696542,72
313,Implicit Unaware,2,11696542,73
314,Implicit Unaware,2,11696542,74
315,Implicit Unaware,2,11696542,75
316,Implicit Unaware,2,11696542,76
317,Implicit Unaware,2,11696542,77
318,Implicit Unaware,2,11696542,78
319,Implicit Unaware,2,11696542,79
320,Implicit Unaware,2,11696542,80
321,Implicit Unaware,2,11696542,81
322,Implicit Unaware,2,11696542,82
323,Implicit Unaware,2,11696542,83
324,Implicit Unaware,2,11696542,84
325,Implicit Unaware,2,11696542,85
326,Implicit Unaware,2,11696542,86
327,Implicit Unaware,2,11696542,87
328,Implicit Unaware,2,11696542,88
329,Implicit Unaware,2,11696542,89
330,Implicit Unaware,2,11696542,90
331,Implicit Unaware,2,11696542,91
332,Implicit Unaware,2,11696542,92
333,Implicit Unaware,2,11696542,93
334,Implicit Unaware,2,11696542,94
335,Implicit Unaware,2,11696542,95
336,Implicit Unaware,2,11696542,96
337,Implicit Unaware,2,11696542,97
338,Implicit Unaware,2,11696542,98
339,Implicit Unaware,2,11696542,99
340,Implicit Unaware,2,11696542,100
341,Implicit Unaware,2,11696542,101
342,Implicit Unaware,2,11696542,102
343,Implicit Unaware,2,11696542,103
344,Implicit Unaware,2,11696542,104
345,Implicit Unaware,2,11696542,105
346,Implicit Unaware,2,11696542,106
347,Implicit Unaware,2,11696542,107
348,Implicit Unaware,2,11696542,108
349,Implicit Unaware,2,11696542,109
350,Implicit Unaware,2,11696542,110
351,Implicit Unaware,2,11696542,111
352,Implicit Unaware,2,11696542,112
353,Implicit Unaware,2,11696542,113
354,Implicit Unaware,2,11696542,114
355,Implicit Unaware,2,11696542,115
356,Implicit Unaware,2,11696542,116
357,Implicit Unaware,2,11696542,117
358,Implicit Unaware,2,11696542,118
359,Implicit Unaware,2,11696542,119
360,Implicit Unaware,2,11696542,120
361,Implicit Unaware,2,11696542,121
362,Implicit Unaware,2,11696542,122
363,Implicit Unaware,2,11696542,123
364,Implicit Unaware,2,11696542,124
365,Implicit Unaware,2,11696542,125
366,Implicit Unaware,2,11696542,126
367,Implicit Unaware,2,11696542,127
368,Implicit Unaware,2,11696542,128
369,Implicit Unaware,2,11696542,129
370,Implicit Unaware,2,11696542,130
371,Implicit Unaware,2,11696542,131
372,Implicit Unaware,2,11696542,132
373,Implicit Unaware,2,11696542,133
374,Implicit Unaware,2,11696542,134
375,Implicit Unaware,2,11696542,135
376,Implicit Unaware,2,11696542,136
377,Implicit Unaware,2,11696542,137
378,Implicit Unaware,2,11696542,138
379,Implicit Unaware,2,11696542,139
380,Implicit Unaware,2,11696542,140
381,Implicit Unaware,2,11696542,141
382,Implicit Unaware,2,11696542,142
383,Implicit Unaware,2,11696542,143
384,Implicit Unaware,2,11696542,144
385,Implicit Unaware,2,11696542,145
386,Implicit Unaware,2,11696542,146
387,Implicit Unaware,2,11696542,147
388,Implicit Unaware,2,11696542,148
389,Implicit Unaware,2,11696542,149
390,Implicit Unaware,2,11696542,150
391,Implicit Unaware,2,11696542,151
392,Implicit Unaware,2,11696542,152
393,Implicit Unaware,2,11696542,153
394,Implicit Unaware,2,11696542,154
395,Implicit Unaware,2,11696542,155
396,Implicit Unaware,2,11696542,156
397,Implicit Unaware,2,11696542,157
398,Implicit Unaware,2,11696542,158
399,Implicit Unaware,2,11696542,159
400,Implicit Unaware,2,11696542,160
401,Implicit Unaware,2,11696542,161
402,Implicit Unaware,2,11696542,162
403,Implicit Unaware,2,11696542,163
404,Implicit Unaware,2,11696542,164
405,Implicit Unaware,2,11696542,165
406,Implicit Unaware,2,11696542,166
407,Implicit Unaware,2,11696542,167
408,Implicit Unaware,2,11696542,168
409,Implicit Unaware,2,11696542,169
410,Implicit Unaware,2,11696542,170
411,Implicit Unaware,2,11696542,171
412,Implicit Unaware,2,11696542,172
413,Implicit Unaware,2,11696542,173
414,Implicit Unaware,2,11696542,174
415,Implicit Unaware,2,11696542,175
416,Implicit Unaware,2,11696542,176
417,Implicit Unaware,2,11696542,177
418,Implicit Unaware,2,11696542,178
419,Implicit Unaware,2,11696542,179
420,Implicit Unaware,2,11696542,180
421,Implicit Unaware,2,11696542,181
422,Implicit Unaware,2,11696542,182
423,Implicit Unaware,2,11696542,183
424,Implicit Unaware,2,11696542,184
425,Implicit Unaware,2,11696542,185
426,Implicit Unaware,2,11696542,186
427,Implicit Unaware,2,11696542,187
428,Implicit Unaware,2,11696542,188
429,Implicit Unaware,2,11696542,189
430,Implicit Unaware,2,11696542,190
431,Implicit Unaware,2,11696542,191
432,Implicit Unaware,2,11696542,192
433,Implicit Unaware,2,11696542,193
434,Implicit Unaware,2,11696542,194
435,Implicit Unaware,2,11696542,195
436,Implicit Unaware,2,11696542,196
437,Implicit Unaware,2,11696542,197
438,Implicit Unaware,2,11696542,198
439,Implicit Unaware,2,11696542,199
440,Implicit Unaware,2,11696542,200
441,Implicit Unaware,2,11696542,201
442,Implicit Unaware,2,11696542,202
443,Implicit Unaware,2,11696542,203
444,Implicit Unaware,2,11696542,204
445,Implicit Unaware,2,11696542,205
446,Implicit Unaware,2,11696542,206
447,Implicit Unaware,2,11696542,207
448,Implicit Unaware,2,11696542,208
449,Implicit Unaware,2,11696542,209
450,Implicit Unaware,2,11696542,210
451,Implicit Unaware,2,11696542,211
452,Implicit Unaware,2,11696542,212
453,Implicit Unaware,2,11696542,213
454,Implicit Unaware,2,11696542,214
455,Implicit Unaware,2,11696542,215
456,Implicit Unaware,2,11696542,216
457,Implicit Unaware,2,11696542,217
458,Implicit Unaware,2,11696542,218
459,Implicit Unaware,2,11696542,219
460,Implicit Unaware,2,11696542,220
461,Implicit Unaware,2,11696542,221
462,Implicit Unaware,2,11696542,222
463,Implicit Unaware,2,11696542,223
464,Implicit Unaware,2,11696542,224
465,Implicit Unaware,2,11696542,225
466,Implicit Unaware,2,11696542,226
467,Implicit Unaware,2,11696542,227
468,Implicit Unaware,2,11696542,228
469,Implicit Unaware,2,11696542,229
470,Implicit Unaware,2,11696542,230
471,Implicit Unaware,2,11696542,231
472,Implicit Unaware,2,11696542,232
473,Implicit Unaware,2,11696542,233
474,Implicit Unaware,2,11696542,234
475,Implicit Unaware,2,11696542,235
476,Implicit Unaware,2,11696542,236
477,Implicit Unaware,2,11696542,237
478,Implicit Unaware,2,11696542,238
479,Implicit Unaware,2,11696542,239
480,Implicit Unaware,2,11696542,240
481,Implicit Unaware,3,11710202,1
482,Implicit Unaware,3,11710202,2
483,Implicit Unaware,3,11710202,3
484,Implicit Unaware,3,11710202,4
485,Implicit Unaware,3,11710202,5
486,Implicit Unaware,3,11710202,6
487,Implicit Unaware,3,11710202,7
488,Implicit Unaware,3,11710202,8
489,Implicit Unaware,3,11710202,9
490,Implicit Unaware,3,11710202,10
491,Implicit Unaware,3,11710202,11
492,Implicit Unaware,3,11710202,12
493,Implicit Unaware,3,11710202,13
494,Implicit Unaware,3,11710202,14
495,Implicit Unaware,3,11710202,15
496,Implicit Unaware,3,11710202,16
497,Implicit Unaware,3,11710202,17
498,Implicit Unaware,3,11710202,18
499,Implicit Unaware,3,11710202,19
500,Implicit Unaware,3,11710202,20
501,Implicit Unaware,3,11710202,21
502,Implicit Unaware,3,11710202,22
503,Implicit Unaware,3,11710202,23
504,Implicit Unaware,3,11710202,24
505,Implicit Unaware,3,11710202,25
506,Implicit Unaware,3,11710202,26
507,Implicit Unaware,3,11710202,27
508,Implicit Unaware,3,11710202,28
509,Implicit Unaware,3,11710202,29
510,Implicit Unaware,3,11710202,30
511,Implicit Unaware,3,11710202,31
512,Implicit Unaware,3,11710202,32
513,Implicit Unaware,3,11710202,33
514,Implicit Unaware,3,11710202,34
515,Implicit Unaware,3,11710202,35
516,Implicit Unaware,3,11710202,36
517,Implicit Unaware,3,11710202,37
518,Implicit Unaware,3,11710202,38
519,Implicit Unaware,3,11710202,39
520,Implicit Unaware,3,11710202,40
521,Implicit Unaware,3,11710202,41
522,Implicit Unaware,3,11710202,42
523,Implicit Unaware,3,11710202,43
524,Implicit Unaware,3,11710202,44
525,Implicit Unaware,3,11710202,45
526,Implicit Unaware,3,11710202,46
527,Implicit Unaware,3,11710202,47
528,Implicit Unaware,3,11710202,48
529,Implicit Unaware,3,11710202,49
530,Implicit Unaware,3,11710202,50
531,Implicit Unaware,3,11710202,51
532,Implicit Unaware,3,11710202,52
533,Implicit Unaware,3,11710202,53
534,Implicit Unaware,3,11710202,54
535,Implicit Unaware,3,11710202,55
536,Implicit Unaware,3,11710202,56
537,Implicit Unaware,3,11710202,57
538,Implicit Unaware,3,11710202,58
539,Implicit Unaware,3,11710202,59
540,Implicit Unaware,3,11710202,60
541,Implicit Unaware,3,11710202,61
542,Implicit Unaware,3,11710202,62
543,Implicit Unaware,3,11710202,63
544,Implicit Unaware,3,11710202,64
545,Implicit Unaware,3,11710202,65
546,Implicit Unaware,3,11710202,66
547,Implicit Unaware,3,11710202,67
548,Implicit Unaware,3,11710202,68
549,Implicit Unaware,3,11710202,69
550,Implicit Unaware,3,11710202,70
551,Implicit Unaware,3,11710202,71
552,Implicit Unaware,3,11710202,72
553,Implicit Unaware,3,11710202,73
554,Implicit Unaware,3,11710202,74
555,Implicit Unaware,3,11710202,75
556,Implicit Unaware,3,11710202,76
557,Implicit Unaware,3,11710202,77
558,Implicit Unaware,3,11710202,78
559,Implicit Unaware,3,11710202,79
560,Implicit Unaware,3,11710202,80
561,Implicit Unaware,3,11710202,81
562,Implicit Unaware,3,11710202,82
563,Implicit Unaware,3,11710202,83
564,Implicit Unaware,3,11710202,84
565,Implicit Unaware,3,11710202,85
566,Implicit Unaware,3,11710202,86
567,Implicit Unaware,3,11710202,87
568,Implicit Unaware,3,11710202,88
569,Implicit Unaware,3,11710202,89
570,Implicit Unaware,3,11710202,90
571,Implicit Unaware,3,11710202,91
572,Implicit Unaware,3,11710202,92
573,Implicit Unaware,3,11710202,93
574,Implicit Unaware,3,11710202,94
575,Implicit Unaware,3,11710202,95
576,Implicit Unaware,3,11710202,96
577,Implicit Unaware,3,11710202,97
578,Implicit Unaware,3,11710202,98
579,Implicit Unaware,3,11710202,99
580,Implicit Unaware,3,11710202,100
581,Implicit Unaware,3,11710202,101
582,Implicit Unaware,3,11710202,102
583,Implicit Unaware,3,11710202,103
584,Implicit Unaware,3,11710202,104
585,Implicit Unaware,3,11710202,105
586,Implicit Unaware,3,11710202,106
587,Implicit Unaware,3,11710202,107
588,Implicit Unaware,3,11710202,108
589,Implicit Unaware,3,11710202,109
590,Implicit Unaware,3,11710202,110
591,Implicit Unaware,3,11710202,111
592,Implicit Unaware,3,11710202,112
593,Implicit Unaware,3,11710202,113
594,Implicit Unaware,3,11710202,114
595,Implicit Unaware,3,11710202,115
596,Implicit Unaware,3,11710202,116
597,Implicit Unaware,3,11710202,117
598,Implicit Unaware,3,11710202,118
599,Implicit Unaware,3,11710202,119
600,Implicit Unaware,3,11710202,120
601,Implicit Unaware,3,11710202,121
602,Implicit Unaware,3,11710202,122
603,Implicit Unaware,3,11710202,123
604,Implicit Unaware,3,11710202,124
605,Implicit Unaware,3,11710202,125
606,Implicit Unaware,3,11710202,126
607,Implicit Unaware,3,11710202,127
608,Implicit Unaware,3,11710202,128
609,Implicit Unaware,3,11710202,129
610,Implicit Unaware,3,11710202,130
611,Implicit Unaware,3,11710202,131
612,Implicit Unaware,3,11710202,132
613,Implicit Unaware,3,11710202,133
614,Implicit Unaware,3,11710202,134
615,Implicit Unaware,3,11710202,135
616,Implicit Unaware,3,11710202,136
617,Implicit Unaware,3,11710202,137
618,Implicit Unaware,3,11710202,138
619,Implicit Unaware,3,11710202,139
620,Implicit Unaware,3,11710202,140
621,Implicit Unaware,3,11710202,141
622,Implicit Unaware,3,11710202,142
623,Implicit Unaware,3,11710202,143
624,Implicit Unaware,3,11710202,144
625,Implicit Unaware,3,11710202,145
626,Implicit Unaware,3,11710202,146
627,Implicit Unaware,3,11710202,147
628,Implicit Unaware,3,11710202,148
629,Implicit Unaware,3,11710202,149
630,Implicit Unaware,3,11710202,150
631,Implicit Unaware,3,11710202,151
632,Implicit Unaware,3,11710202,152
633,Implicit Unaware,3,11710202,153
634,Implicit Unaware,3,11710202,154
635,Implicit Unaware,3,11710202,155
636,Implicit Unaware,3,11710202,156
637,Implicit Unaware,3,11710202,157
638,Implicit Unaware,3,11710202,158
639,Implicit Unaware,3,11710202,159
640,Implicit Unaware,3,11710202,160
641,Implicit Unaware,3,11710202,161
642,Implicit Unaware,3,11710202,162
643,Implicit Unaware,3,11710202,163
644,Implicit Unaware,3,11710202,164
645,Implicit Unaware,3,11710202,165
646,Implicit Unaware,3,11710202,166
647,Implicit Unaware,3,11710202,167
648,Implicit Unaware,3,11710202,168
649,Implicit Unaware,3,11710202,169
650,Implicit Unaware,3,11710202,170
651,Implicit Unaware,3,11710202,171
652,Implicit Unaware,3,11710202,172
653,Implicit Unaware,3,11710202,173
654,Implicit Unaware,3,11710202,174
655,Implicit Unaware,3,11710202,175
656,Implicit Unaware,3,11710202,176
657,Implicit Unaware,3,11710202,177
658,Implicit Unaware,3,11710202,178
659,Implicit Unaware,3,11710202,179
660,Implicit Unaware,3,11710202,180
661,Implicit Unaware,3,11710202,181
662,Implicit Unaware,3,11710202,182
663,Implicit Unaware,3,11710202,183
664,Implicit Unaware,3,11710202,184
665,Implicit Unaware,3,11710202,185
666,Implicit Unaware,3,11710202,186
667,Implicit Unaware,3,11710202,187
668,Implicit Unaware,3,11710202,188
669,Implicit Unaware,3,11710202,189
670,Implicit Unaware,3,11710202,190
671,Implicit Unaware,3,11710202,191
672,Implicit Unaware,3,11710202,192
673,Implicit Unaware,3,11710202,193
674,Implicit Unaware,3,11710202,194
675,Implicit Unaware,3,11710202,195
676,Implicit Unaware,3,11710202,196
677,Implicit Unaware,3,11710202,197
678,Implicit Unaware,3,11710202,198
679,Implicit Unaware,3,11710202,199
680,Implicit Unaware,3,11710202,200
681,Implicit Unaware,3,11710202,201
682,Implicit Unaware,3,11710202,202
683,Implicit Unaware,3,11710202,203
684,Implicit Unaware,3,11710202,204
685,Implicit Unaware,3,11710202,205
686,Implicit Unaware,3,11710202,206
687,Implicit Unaware,3,11710202,207
688,Implicit Unaware,3,11710202,208
689,Implicit Unaware,3,11710202,209
690,Implicit Unaware,3,11710202,210
691,Implicit Unaware,3,11710202,211
692,Implicit Unaware,3,11710202,212
693,Implicit Unaware,3,11710202,213
694,Implicit Unaware,3,11710202,214
695,Implicit Unaware,3,11710202,215
696,Implicit Unaware,3,11710202,216
697,Implicit Unaware,3,11710202,217
698,Implicit Unaware,3,11710202,218
699,Implicit Unaware,3,11710202,219
700,Implicit Unaware,3,11710202,220
701,Implicit Unaware,3,11710202,221
702,Implicit Unaware,3,11710202,222
703,Implicit Unaware,3,11710202,223
704,Implicit Unaware,3,11710202,224
705,Implicit Unaware,3,11710202,225
706,Implicit Unaware,3,11710202,226
707,Implicit Unaware,3,11710202,227
708,Implicit Unaware,3,11710202,228
709,Implicit Unaware,3,11710202,229
710,Implicit Unaware,3,11710202,230
711,Implicit Unaware,3,11710202,231
712,Implicit Unaware,3,11710202,232
713,Implicit Unaware,3,11710202,233
714,Implicit Unaware,3,11710202,234
715,Implicit Unaware,3,11710202,235
716,Implicit Unaware,3,11710202,236
717,Implicit Unaware,3,11710202,237
718,Implicit Unaware,3,11710202,238
719,Implicit Unaware,3,11710202,239
720,Implicit Unaware,3,11710202,240
721,Implicit Unaware,4,11710207,1
722,Implicit Unaware,4,11710207,2
723,Implicit Unaware,4,11710207,3
724,Implicit Unaware,4,11710207,4
725,Implicit Unaware,4,11710207,5
726,Implicit Unaware,4,11710207,6
727,Implicit Unaware,4,11710207,7
728,Implicit Unaware,4,11710207,8
729,Implicit Unaware,4,11710207,9
730,Implicit Unaware,4,11710207,10
731,Implicit Unaware,4,11710207,11
732,Implicit Unaware,4,11710207,12
733,Implicit Unaware,4,11710207,13
734,Implicit Unaware,4,11710207,14
735,Implicit Unaware,4,11710207,15
736,Implicit Unaware,4,11710207,16
737,Implicit Unaware,4,11710207,17
738,Implicit Unaware,4,11710207,18
739,Implicit Unaware,4,11710207,19
740,Implicit Unaware,4,11710207,20
741,Implicit Unaware,4,11710207,21
742,Implicit Unaware,4,11710207,22
743,Implicit Unaware,4,11710207,23
744,Implicit Unaware,4,11710207,24
745,Implicit Unaware,4,11710207,25
746,Implicit Unaware,4,11710207,26
747,Implicit Unaware,4,11710207,27
748,Implicit Unaware,4,11710207,28
749,Implicit Unaware,4,11710207,29
750,Implicit Unaware,4,11710207,30
751,Implicit Unaware,4,11710207,31
752,Implicit Unaware,4,11710207,32
753,Implicit Unaware,4,11710207,33
754,Implicit Unaware,4,11710207,34
755,Implicit Unaware,4,11710207,35
756,Implicit Unaware,4,11710207,36
757,Implicit Unaware,4,11710207,37
758,Implicit Unaware,4,11710207,38
759,Implicit Unaware,4,11710207,39
760,Implicit Unaware,4,11710207,40
761,Implicit Unaware,4,11710207,41
762,Implicit Unaware,4,11710207,42
763,Implicit Unaware,4,11710207,43
764,Implicit Unaware,4,11710207,44
765,Implicit Unaware,4,11710207,45
766,Implicit Unaware,4,11710207,46
767,Implicit Unaware,4,11710207,47
768,Implicit Unaware,4,11710207,48
769,Implicit Unaware,4,11710207,49
770,Implicit Unaware,4,11710207,50
771,Implicit Unaware,4,11710207,51
772,Implicit Unaware,4,11710207,52
773,Implicit Unaware,4,11710207,53
774,Implicit Unaware,4,11710207,54
775,Implicit Unaware,4,11710207,55
776,Implicit Unaware,4,11710207,56
777,Implicit Unaware,4,11710207,57
778,Implicit Unaware,4,11710207,58
779,Implicit Unaware,4,11710207,59
780,Implicit Unaware,4,11710207,60
781,Implicit Unaware,4,11710207,61
782,Implicit Unaware,4,11710207,62
783,Implicit Unaware,4,11710207,63
784,Implicit Unaware,4,11710207,64
785,Implicit Unaware,4,11710207,65
786,Implicit Unaware,4,11710207,66
787,Implicit Unaware,4,11710207,67
788,Implicit Unaware,4,11710207,68
789,Implicit Unaware,4,11710207,69
790,Implicit Unaware,4,11710207,70
791,Implicit Unaware,4,11710207,71
792,Implicit Unaware,4,11710207,72
793,Implicit Unaware,4,11710207,73
794,Implicit Unaware,4,11710207,74
795,Implicit Unaware,4,11710207,75
796,Implicit Unaware,4,11710207,76
797,Implicit Unaware,4,11710207,77
798,Implicit Unaware,4,11710207,78
799,Implicit Unaware,4,11710207,79
800,Implicit Unaware,4,11710207,80
801,Implicit Unaware,4,11710207,81
802,Implicit Unaware,4,11710207,82
803,Implicit Unaware,4,11710207,83
804,Implicit Unaware,4,11710207,84
805,Implicit Unaware,4,11710207,85
806,Implicit Unaware,4,11710207,86
807,Implicit Unaware,4,11710207,87
808,Implicit Unaware,4,11710207,88
809,Implicit Unaware,4,11710207,89
810,Implicit Unaware,4,11710207,90
811,Implicit Unaware,4,11710207,91
812,Implicit Unaware,4,11710207,92
813,Implicit Unaware,4,11710207,93
814,Implicit Unaware,4,11710207,94
815,Implicit Unaware,4,11710207,95
816,Implicit Unaware,4,11710207,96
817,Implicit Unaware,4,11710207,97
818,Implicit Unaware,4,11710207,98
819,Implicit Unaware,4,11710207,99
820,Implicit Unaware,4,11710207,100
821,Implicit Unaware,4,11710207,101
822,Implicit Unaware,4,11710207,102
823,Implicit Unaware,4,11710207,103
824,Implicit Unaware,4,11710207,104
825,Implicit Unaware,4,11710207,105
826,Implicit Unaware,4,11710207,106
827,Implicit Unaware,4,11710207,107
828,Implicit Unaware,4,11710207,108
829,Implicit Unaware,4,11710207,109
830,Implicit Unaware,4,11710207,110
831,Implicit Unaware,4,11710207,111
832,Implicit Unaware,4,11710207,112
833,Implicit Unaware,4,11710207,113
834,Implicit Unaware,4,11710207,114
835,Implicit Unaware,4,11710207,115
836,Implicit Unaware,4,11710207,116
837,Implicit Unaware,4,11710207,117
838,Implicit Unaware,4,11710207,118
839,Implicit Unaware,4,11710207,119
840,Implicit Unaware,4,11710207,120
841,Implicit Unaware,4,11710207,121
842,Implicit Unaware,4,11710207,122
843,Implicit Unaware,4,11710207,123
844,Implicit Unaware,4,11710207,124
845,Implicit Unaware,4,11710207,125
846,Implicit Unaware,4,11710207,126
847,Implicit Unaware,4,11710207,127
848,Implicit Unaware,4,11710207,128
849,Implicit Unaware,4,11710207,129
850,Implicit Unaware,4,11710207,130
851,Implicit Unaware,4,11710207,131
852,Implicit Unaware,4,11710207,132
853,Implicit Unaware,4,11710207,133
854,Implicit Unaware,4,11710207,134
855,Implicit Unaware,4,11710207,135
856,Implicit Unaware,4,11710207,136
857,Implicit Unaware,4,11710207,137
858,Implicit Unaware,4,11710207,138
859,Implicit Unaware,4,11710207,139
860,Implicit Unaware,4,11710207,140
861,Implicit Unaware,4,11710207,141
862,Implicit Unaware,4,11710207,142
863,Implicit Unaware,4,11710207,143
864,Implicit Unaware,4,11710207,144
865,Implicit Unaware,4,11710207,145
866,Implicit Unaware,4,11710207,146
867,Implicit Unaware,4,11710207,147
868,Implicit Unaware,4,11710207,148
869,Implicit Unaware,4,11710207,149
870,Implicit Unaware,4,11710207,150
871,Implicit Unaware,4,11710207,151
872,Implicit Unaware,4,11710207,152
873,Implicit Unaware,4,11710207,153
874,Implicit Unaware,4,11710207,154
875,Implicit Unaware,4,11710207,155
876,Implicit Unaware,4,11710207,156
877,Implicit Unaware,4,11710207,157
878,Implicit Unaware,4,11710207,158
879,Implicit Unaware,4,11710207,159
880,Implicit Unaware,4,11710207,160
881,Implicit Unaware,4,11710207,161
882,Implicit Unaware,4,11710207,162
883,Implicit Unaware,4,11710207,163
884,Implicit Unaware,4,11710207,164
885,Implicit Unaware,4,11710207,165
886,Implicit Unaware,4,11710207,166
887,Implicit Unaware,4,11710207,167
888,Implicit Unaware,4,11710207,168
889,Implicit Unaware,4,11710207,169
890,Implicit Unaware,4,11710207,170
891,Implicit Unaware,4,11710207,171
892,Implicit Unaware,4,11710207,172
893,Implicit Unaware,4,11710207,173
894,Implicit Unaware,4,11710207,174
895,Implicit Unaware,4,11710207,175
896,Implicit Unaware,4,11710207,176
897,Implicit Unaware,4,11710207,177
898,Implicit Unaware,4,11710207,178
899,Implicit Unaware,4,11710207,179
900,Implicit Unaware,4,11710207,180
901,Implicit Unaware,4,11710207,181
902,Implicit Unaware,4,11710207,182
903,Implicit Unaware,4,11710207,183
904,Implicit Unaware,4,11710207,184
905,Implicit Unaware,4,11710207,185
906,Implicit Unaware,4,11710207,186
907,Implicit Unaware,4,11710207,187
908,Implicit Unaware,4,11710207,188
909,Implicit Unaware,4,11710207,189
910,Implicit Unaware,4,11710207,190
911,Implicit Unaware,4,11710207,191
912,Implicit Unaware,4,11710207,192
913,Implicit Unaware,4,11710207,193
914,Implicit Unaware,4,11710207,194
915,Implicit Unaware,4,11710207,195
916,Implicit Unaware,4,11710207,196
917,Implicit Unaware,4,11710207,197
918,Implicit Unaware,4,11710207,198
919,Implicit Unaware,4,11710207,199
920,Implicit Unaware,4,11710207,200
921,Implicit Unaware,4,11710207,201
922,Implicit Unaware,4,11710207,202
923,Implicit Unaware,4,11710207,203
924,Implicit Unaware,4,11710207,204
925,Implicit Unaware,4,11710207,205
926,Implicit Unaware,4,11710207,206
927,Implicit Unaware,4,11710207,207
928,Implicit Unaware,4,11710207,208
929,Implicit Unaware,4,11710207,209
930,Implicit Unaware,4,11710207,210
931,Implicit Unaware,4,11710207,211
932,Implicit Unaware,4,11710207,212
933,Implicit Unaware,4,11710207,213
934,Implicit Unaware,4,11710207,214
935,Implicit Unaware,4,11710207,215
936,Implicit Unaware,4,11710207,216
937,Implicit Unaware,4,11710207,217
938,Implicit Unaware,4,11710207,218
939,Implicit Unaware,4,11710207,219
940,Implicit Unaware,4,11710207,220
941,Implicit Unaware,4,11710207,221
942,Implicit Unaware,4,11710207,222
943,Implicit Unaware,4,11710207,223
944,Implicit Unaware,4,11710207,224
945,Implicit Unaware,4,11710207,225
946,Implicit Unaware,4,11710207,226
947,Implicit Unaware,4,11710207,227
948,Implicit Unaware,4,11710207,228
949,Implicit Unaware,4,11710207,229
950,Implicit Unaware,4,11710207,230
951,Implicit Unaware,4,11710207,231
952,Implicit Unaware,4,11710207,232
953,Implicit Unaware,4,11710207,233
954,Implicit Unaware,4,11710207,234
955,Implicit Unaware,4,11710207,235
956,Implicit Unaware,4,11710207,236
957,Implicit Unaware,4,11710207,237
958,Implicit Unaware,4,11710207,238
959,Implicit Unaware,4,11710207,239
960,Implicit Unaware,4,11710207,240
961,Implicit Unaware,5,11710212,1
962,Implicit Unaware,5,11710212,2
963,Implicit Unaware,5,11710212,3
964,Implicit Unaware,5,11710212,4
965,Implicit Unaware,5,11710212,5
966,Implicit Unaware,5,11710212,6
967,Implicit Unaware,5,11710212,7
968,Implicit Unaware,5,11710212,8
969,Implicit Unaware,5,11710212,9
970,Implicit Unaware,5,11710212,10
971,Implicit Unaware,5,11710212,11
972,Implicit Unaware,5,11710212,12
973,Implicit Unaware,5,11710212,13
974,Implicit Unaware,5,11710212,14
975,Implicit Unaware,5,11710212,15
976,Implicit Unaware,5,11710212,16
977,Implicit Unaware,5,11710212,17
978,Implicit Unaware,5,11710212,18
979,Implicit Unaware,5,11710212,19
980,Implicit Unaware,5,11710212,20
981,Implicit Unaware,5,11710212,21
982,Implicit Unaware,5,11710212,22
983,Implicit Unaware,5,11710212,23
984,Implicit Unaware,5,11710212,24
985,Implicit Unaware,5,11710212,25
986,Implicit Unaware,5,11710212,26
987,Implicit Unaware,5,11710212,27
988,Implicit Unaware,5,11710212,28
989,Implicit Unaware,5,11710212,29
990,Implicit Unaware,5,11710212,30
991,Implicit Unaware,5,11710212,31
992,Implicit Unaware,5,11710212,32
993,Implicit Unaware,5,11710212,33
994,Implicit Unaware,5,11710212,34
995,Implicit Unaware,5,11710212,35
996,Implicit Unaware,5,11710212,36
997,Implicit Unaware,5,11710212,37
998,Implicit Unaware,5,11710212,38
999,Implicit Unaware,5,11710212,39
1000,Implicit Unaware,5,11710212,40
1001,Implicit Unaware,5,11710212,41
1002,Implicit Unaware,5,11710212,42
1003,Implicit Unaware,5,11710212,43
1004,Implicit Unaware,5,11710212,44
1005,Implicit Unaware,5,11710212,45
1006,Implicit Unaware,5,11710212,46
1007,Implicit Unaware,5,11710212,47
1008,Implicit Unaware,5,11710212,48
1009,Implicit Unaware,5,11710212,49
1010,Implicit Unaware,5,11710212,50
1011,Implicit Unaware,5,11710212,51
1012,Implicit Unaware,5,11710212,52
1013,Implicit Unaware,5,11710212,53
1014,Implicit Unaware,5,11710212,54
1015,Implicit Unaware,5,11710212,55
1016,Implicit Unaware,5,11710212,56
1017,Implicit Unaware,5,11710212,57
1018,Implicit Unaware,5,11710212,58
1019,Implicit Unaware,5,11710212,59
1020,Implicit Unaware,5,11710212,60
1021,Implicit Unaware,5,11710212,61
1022,Implicit Unaware,5,11710212,62
1023,Implicit Unaware,5,11710212,63
1024,Implicit Unaware,5,11710212,64
1025,Implicit Unaware,5,11710212,65
1026,Implicit Unaware,5,11710212,66
1027,Implicit Unaware,5,11710212,67
1028,Implicit Unaware,5,11710212,68
1029,Implicit Unaware,5,11710212,69
1030,Implicit Unaware,5,11710212,70
1031,Implicit Unaware,5,11710212,71
1032,Implicit Unaware,5,11710212,72
1033,Implicit Unaware,5,11710212,73
1034,Implicit Unaware,5,11710212,74
1035,Implicit Unaware,5,11710212,75
1036,Implicit Unaware,5,11710212,76
1037,Implicit Unaware,5,11710212,77
1038,Implicit Unaware,5,11710212,78
1039,Implicit Unaware,5,11710212,79
1040,Implicit Unaware,5,11710212,80
1041,Implicit Unaware,5,11710212,81
1042,Implicit Unaware,5,11710212,82
1043,Implicit Unaware,5,11710212,83
1044,Implicit Unaware,5,11710212,84
1045,Implicit Unaware,5,11710212,85
1046,Implicit Unaware,5,11710212,86
1047,Implicit Unaware,5,11710212,87
1048,Implicit Unaware,5,11710212,88
1049,Implicit Unaware,5,11710212,89
1050,Implicit Unaware,5,11710212,90
1051,Implicit Unaware,5,11710212,91
1052,Implicit Unaware,5,11710212,92
1053,Implicit Unaware,5,11710212,93
1054,Implicit Unaware,5,11710212,94
1055,Implicit Unaware,5,11710212,95
1056,Implicit Unaware,5,11710212,96
1057,Implicit Unaware,5,11710212,97
1058,Implicit Unaware,5,11710212,98
1059,Implicit Unaware,5,11710212,99
1060,Implicit Unaware,5,11710212,100
1061,Implicit Unaware,5,11710212,101
1062,Implicit Unaware,5,11710212,102
1063,Implicit Unaware,5,11710212,103
1064,Implicit Unaware,5,11710212,104
1065,Implicit Unaware,5,11710212,105
1066,Implicit Unaware,5,11710212,106
1067,Implicit Unaware,5,11710212,107
1068,Implicit Unaware,5,11710212,108
1069,Implicit Unaware,5,11710212,109
1070,Implicit Unaware,5,11710212,110
1071,Implicit Unaware,5,11710212,111
1072,Implicit Unaware,5,11710212,112
1073,Implicit Unaware,5,11710212,113
1074,Implicit Unaware,5,11710212,114
1075,Implicit Unaware,5,11710212,115
1076,Implicit Unaware,5,11710212,116
1077,Implicit Unaware,5,11710212,117
1078,Implicit Unaware,5,11710212,118
1079,Implicit Unaware,5,11710212,119
1080,Implicit Unaware,5,11710212,120
1081,Implicit Unaware,5,11710212,121
1082,Implicit Unaware,5,11710212,122
1083,Implicit Unaware,5,11710212,123
1084,Implicit Unaware,5,11710212,124
1085,Implicit Unaware,5,11710212,125
1086,Implicit Unaware,5,11710212,126
1087,Implicit Unaware,5,11710212,127
1088,Implicit Unaware,5,11710212,128
1089,Implicit Unaware,5,11710212,129
1090,Implicit Unaware,5,11710212,130
1091,Implicit Unaware,5,11710212,131
1092,Implicit Unaware,5,11710212,132
1093,Implicit Unaware,5,11710212,133
1094,Implicit Unaware,5,11710212,134
1095,Implicit Unaware,5,11710212,135
1096,Implicit Unaware,5,11710212,136
1097,Implicit Unaware,5,11710212,137
1098,Implicit Unaware,5,11710212,138
1099,Implicit Unaware,5,11710212,139
1100,Implicit Unaware,5,11710212,140
1101,Implicit Unaware,5,11710212,141
1102,Implicit Unaware,5,11710212,142
1103,Implicit Unaware,5,11710212,143
1104,Implicit Unaware,5,11710212,144
1105,Implicit Unaware,5,11710212,145
1106,Implicit Unaware,5,11710212,146
1107,Implicit Unaware,5,11710212,147
1108,Implicit Unaware,5,11710212,148
1109,Implicit Unaware,5,11710212,149
1110,Implicit Unaware,5,11710212,150
1111,Implicit Unaware,5,11710212,151
1112,Implicit Unaware,5,11710212,152
1113,Implicit Unaware,5,11710212,153
1114,Implicit Unaware,5,11710212,154
1115,Implicit Unaware,5,11710212,155
1116,Implicit Unaware,5,11710212,156
1117,Implicit Unaware,5,11710212,157
1118,Implicit Unaware,5,11710212,158
1119,Implicit Unaware,5,11710212,159
1120,Implicit Unaware,5,11710212,160
1121,Implicit Unaware,5,11710212,161
1122,Implicit Unaware,5,11710212,162
1123,Implicit Unaware,5,11710212,163
1124,Implicit Unaware,5,11710212,164
1125,Implicit Unaware,5,11710212,165
1126,Implicit Unaware,5,11710212,166
1127,Implicit Unaware,5,11710212,167
1128,Implicit Unaware,5,11710212,168
1129,Implicit Unaware,5,11710212,169
1130,Implicit Unaware,5,11710212,170
1131,Implicit Unaware,5,11710212,171
1132,Implicit Unaware,5,11710212,172
1133,Implicit Unaware,5,11710212,173
1134,Implicit Unaware,5,11710212,174
1135,Implicit Unaware,5,11710212,175
1136,Implicit Unaware,5,11710212,176
1137,Implicit Unaware,5,11710212,177
1138,Implicit Unaware,5,11710212,178
1139,Implicit Unaware,5,11710212,179
1140,Implicit Unaware,5,11710212,180
1141,Implicit Unaware,5,11710212,181
1142,Implicit Unaware,5,11710212,182
1143,Implicit Unaware,5,11710212,183
1144,Implicit Unaware,5,11710212,184
1145,Implicit Unaware,5,11710212,185
1146,Implicit Unaware,5,11710212,186
1147,Implicit Unaware,5,11710212,187
1148,Implicit Unaware,5,11710212,188
1149,Implicit Unaware,5,11710212,189
1150,Implicit Unaware,5,11710212,190
1151,Implicit Unaware,5,11710212,191
1152,Implicit Unaware,5,11710212,192
1153,Implicit Unaware,5,11710212,193
1154,Implicit Unaware,5,11710212,194
1155,Implicit Unaware,5,11710212,195
1156,Implicit Unaware,5,11710212,196
1157,Implicit Unaware,5,11710212,197
1158,Implicit Unaware,5,11710212,198
1159,Implicit Unaware,5,11710212,199
1160,Implicit Unaware,5,11710212,200
1161,Implicit Unaware,5,11710212,201
1162,Implicit Unaware,5,11710212,202
1163,Implicit Unaware,5,11710212,203
1164,Implicit Unaware,5,11710212,204
1165,Implicit Unaware,5,11710212,205
1166,Implicit Unaware,5,11710212,206
1167,Implicit Unaware,5,11710212,207
1168,Implicit Unaware,5,11710212,208
1169,Implicit Unaware,5,11710212,209
1170,Implicit Unaware,5,11710212,210
1171,Implicit Unaware,5,11710212,211
1172,Implicit Unaware,5,11710212,212
1173,Implicit Unaware,5,11710212,213
1174,Implicit Unaware,5,11710212,214
1175,Implicit Unaware,5,11710212,215
1176,Implicit Unaware,5,11710212,216
1177,Implicit Unaware,5,11710212,217
1178,Implicit Unaware,5,11710212,218
1179,Implicit Unaware,5,11710212,219
1180,Implicit Unaware,5,11710212,220
1181,Implicit Unaware,5,11710212,221
1182,Implicit Unaware,5,11710212,222
1183,Implicit Unaware,5,11710212,223
1184,Implicit Unaware,5,11710212,224
1185,Implicit Unaware,5,11710212,225
1186,Implicit Unaware,5,11710212,226
1187,Implicit Unaware,5,11710212,227
1188,Implicit Unaware,5,11710212,228
1189,Implicit Unaware,5,11710212,229
1190,Implicit Unaware,5,11710212,230
1191,Implicit Unaware,5,11710212,231
1192,Implicit Unaware,5,11710212,232
1193,Implicit Unaware,5,11710212,233
1194,Implicit Unaware,5,11710212,234
1195,Implicit Unaware,5,11710212,235
1196,Implicit Unaware,5,11710212,236
1197,Implicit Unaware,5,11710212,237
1198,Implicit Unaware,5,11710212,238
1199,Implicit Unaware,5,11710212,239
1200,Implicit Unaware,5,11710212,240
1201,Implicit Unaware,6,11710217,1
1202,Implicit Unaware,6,11710217,2
1203,Implicit Unaware,6,11710217,3
1204,Implicit Unaware,6,11710217,4
1205,Implicit Unaware,6,11710217,5
1206,Implicit Unaware,6,11710217,6
1207,Implicit Unaware,6,11710217,7
1208,Implicit Unaware,6,11710217,8
1209,Implicit Unaware,6,11710217,9
1210,Implicit Unaware,6,11710217,10
1211,Implicit Unaware,6,11710217,11
1212,Implicit Unaware,6,11710217,12
1213,Implicit Unaware,6,11710217,13
1214,Implicit Unaware,6,11710217,14
1215,Implicit Unaware,6,11710217,15
1216,Implicit Unaware,6,11710217,16
1217,Implicit Unaware,6,11710217,17
1218,Implicit Unaware,6,11710217,18
1219,Implicit Unaware,6,11710217,19
1220,Implicit Unaware,6,11710217,20
1221,Implicit Unaware,6,11710217,21
1222,Implicit Unaware,6,11710217,22
1223,Implicit Unaware,6,11710217,23
1224,Implicit Unaware,6,11710217,24
1225,Implicit Unaware,6,11710217,25
1226,Implicit Unaware,6,11710217,26
1227,Implicit Unaware,6,11710217,27
1228,Implicit Unaware,6,11710217,28
1229,Implicit Unaware,6,11710217,29
1230,Implicit Unaware,6,11710217,30
1231,Implicit Unaware,6,11710217,31
1232,Implicit Unaware,6,11710217,32
1233,Implicit Unaware,6,11710217,33
1234,Implicit Unaware,6,11710217,34
1235,Implicit Unaware,6,11710217,35
1236,Implicit Unaware,6,11710217,36
1237,Implicit Unaware,6,11710217,37
1238,Implicit Unaware,6,11710217,38
1239,Implicit Unaware,6,11710217,39
1240,Implicit Unaware,6,11710217,40
1241,Implicit Unaware,6,11710217,41
1242,Implicit Unaware,6,11710217,42
1243,Implicit Unaware,6,11710217,43
1244,Implicit Unaware,6,11710217,44
1245,Implicit Unaware,6,11710217,45
1246,Implicit Unaware,6,11710217,46
1247,Implicit Unaware,6,11710217,47
1248,Implicit Unaware,6,11710217,48
1249,Implicit Unaware,6,11710217,49
1250,Implicit Unaware,6,11710217,50
1251,Implicit Unaware,6,11710217,51
1252,Implicit Unaware,6,11710217,52
1253,Implicit Unaware,6,11710217,53
1254,Implicit Unaware,6,11710217,54
1255,Implicit Unaware,6,11710217,55
1256,Implicit Unaware,6,11710217,56
1257,Implicit Unaware,6,11710217,57
1258,Implicit Unaware,6,11710217,58
1259,Implicit Unaware,6,11710217,59
1260,Implicit Unaware,6,11710217,60
1261,Implicit Unaware,6,11710217,61
1262,Implicit Unaware,6,11710217,62
1263,Implicit Unaware,6,11710217,63
1264,Implicit Unaware,6,11710217,64
1265,Implicit Unaware,6,11710217,65
1266,Implicit Unaware,6,11710217,66
1267,Implicit Unaware,6,11710217,67
1268,Implicit Unaware,6,11710217,68
1269,Implicit Unaware,6,11710217,69
1270,Implicit Unaware,6,11710217,70
1271,Implicit Unaware,6,11710217,71
1272,Implicit Unaware,6,11710217,72
1273,Implicit Unaware,6,11710217,73
1274,Implicit Unaware,6,11710217,74
1275,Implicit Unaware,6,11710217,75
1276,Implicit Unaware,6,11710217,76
1277,Implicit Unaware,6,11710217,77
1278,Implicit Unaware,6,11710217,78
1279,Implicit Unaware,6,11710217,79
1280,Implicit Unaware,6,11710217,80
1281,Implicit Unaware,6,11710217,81
1282,Implicit Unaware,6,11710217,82
1283,Implicit Unaware,6,11710217,83
1284,Implicit Unaware,6,11710217,84
1285,Implicit Unaware,6,11710217,85
1286,Implicit Unaware,6,11710217,86
1287,Implicit Unaware,6,11710217,87
1288,Implicit Unaware,6,11710217,88
1289,Implicit Unaware,6,11710217,89
1290,Implicit Unaware,6,11710217,90
1291,Implicit Unaware,6,11710217,91
1292,Implicit Unaware,6,11710217,92
1293,Implicit Unaware,6,11710217,93
1294,Implicit Unaware,6,11710217,94
1295,Implicit Unaware,6,11710217,95
1296,Implicit Unaware,6,11710217,96
1297,Implicit Unaware,6,11710217,97
1298,Implicit Unaware,6,11710217,98
1299,Implicit Unaware,6,11710217,99
1300,Implicit Unaware,6,11710217,100
1301,Implicit Unaware,6,11710217,101
1302,Implicit Unaware,6,11710217,102
1303,Implicit Unaware,6,11710217,103
1304,Implicit Unaware,6,11710217,104
1305,Implicit Unaware,6,11710217,105
1306,Implicit Unaware,6,11710217,106
1307,Implicit Unaware,6,11710217,107
1308,Implicit Unaware,6,11710217,108
1309,Implicit Unaware,6,11710217,109
1310,Implicit Unaware,6,11710217,110
1311,Implicit Unaware,6,11710217,111
1312,Implicit Unaware,6,11710217,112
1313,Implicit Unaware,6,11710217,113
1314,Implicit Unaware,6,11710217,114
1315,Implicit Unaware,6,11710217,115
1316,Implicit Unaware,6,11710217,116
1317,Implicit Unaware,6,11710217,117
1318,Implicit Unaware,6,11710217,118
1319,Implicit Unaware,6,11710217,119
1320,Implicit Unaware,6,11710217,120
1321,Implicit Unaware,6,11710217,121
1322,Implicit Unaware,6,11710217,122
1323,Implicit Unaware,6,11710217,123
1324,Implicit Unaware,6,11710217,124
1325,Implicit Unaware,6,11710217,125
1326,Implicit Unaware,6,11710217,126
1327,Implicit Unaware,6,11710217,127
1328,Implicit Unaware,6,11710217,128
1329,Implicit Unaware,6,11710217,129
1330,Implicit Unaware,6,11710217,130
1331,Implicit Unaware,6,11710217,131
1332,Implicit Unaware,6,11710217,132
1333,Implicit Unaware,6,11710217,133
1334,Implicit Unaware,6,11710217,134
1335,Implicit Unaware,6,11710217,135
1336,Implicit Unaware,6,11710217,136
1337,Implicit Unaware,6,11710217,137
1338,Implicit Unaware,6,11710217,138
1339,Implicit Unaware,6,11710217,139
1340,Implicit Unaware,6,11710217,140
1341,Implicit Unaware,6,11710217,141
1342,Implicit Unaware,6,11710217,142
1343,Implicit Unaware,6,11710217,143
1344,Implicit Unaware,6,11710217,144
1345,Implicit Unaware,6,11710217,145
1346,Implicit Unaware,6,11710217,146
1347,Implicit Unaware,6,11710217,147
1348,Implicit Unaware,6,11710217,148
1349,Implicit Unaware,6,11710217,149
1350,Implicit Unaware,6,11710217,150
1351,Implicit Unaware,6,11710217,151
1352,Implicit Unaware,6,11710217,152
1353,Implicit Unaware,6,11710217,153
1354,Implicit Unaware,6,11710217,154
1355,Implicit Unaware,6,11710217,155
1356,Implicit Unaware,6,11710217,156
1357,Implicit Unaware,6,11710217,157
1358,Implicit Unaware,6,11710217,158
1359,Implicit Unaware,6,11710217,159
1360,Implicit Unaware,6,11710217,160
1361,Implicit Unaware,6,11710217,161
1362,Implicit Unaware,6,11710217,162
1363,Implicit Unaware,6,11710217,163
1364,Implicit Unaware,6,11710217,164
1365,Implicit Unaware,6,11710217,165
1366,Implicit Unaware,6,11710217,166
1367,Implicit Unaware,6,11710217,167
1368,Implicit Unaware,6,11710217,168
1369,Implicit Unaware,6,11710217,169
1370,Implicit Unaware,6,11710217,170
1371,Implicit Unaware,6,11710217,171
1372,Implicit Unaware,6,11710217,172
1373,Implicit Unaware,6,11710217,173
1374,Implicit Unaware,6,11710217,174
1375,Implicit Unaware,6,11710217,175
1376,Implicit Unaware,6,11710217,176
1377,Implicit Unaware,6,11710217,177
1378,Implicit Unaware,6,11710217,178
1379,Implicit Unaware,6,11710217,179
1380,Implicit Unaware,6,11710217,180
1381,Implicit Unaware,6,11710217,181
1382,Implicit Unaware,6,11710217,182
1383,Implicit Unaware,6,11710217,183
1384,Implicit Unaware,6,11710217,184
1385,Implicit Unaware,6,11710217,185
1386,Implicit Unaware,6,11710217,186
1387,Implicit Unaware,6,11710217,187
1388,Implicit Unaware,6,11710217,188
1389,Implicit Unaware,6,11710217,189
1390,Implicit Unaware,6,11710217,190
1391,Implicit Unaware,6,11710217,191
1392,Implicit Unaware,6,11710217,192
1393,Implicit Unaware,6,11710217,193
1394,Implicit Unaware,6,11710217,194
1395,Implicit Unaware,6,11710217,195
1396,Implicit Unaware,6,11710217,196
1397,Implicit Unaware,6,11710217,197
1398,Implicit Unaware,6,11710217,198
1399,Implicit Unaware,6,11710217,199
1400,Implicit Unaware,6,11710217,200
1401,Implicit Unaware,6,11710217,201
1402,Implicit Unaware,6,11710217,202
1403,Implicit Unaware,6,11710217,203
1404,Implicit Unaware,6,11710217,204
1405,Implicit Unaware,6,11710217,205
1406,Implicit Unaware,6,11710217,206
1407,Implicit Unaware,6,11710217,207
1408,Implicit Unaware,6,11710217,208
1409,Implicit Unaware,6,11710217,209
1410,Implicit Unaware,6,11710217,210
1411,Implicit Unaware,6,11710217,211
1412,Implicit Unaware,6,11710217,212
1413,Implicit Unaware,6,11710217,213
1414,Implicit Unaware,6,11710217,214
1415,Implicit Unaware,6,11710217,215
1416,Implicit Unaware,6,11710217,216
1417,Implicit Unaware,6,11710217,217
1418,Implicit Unaware,6,11710217,218
1419,Implicit Unaware,6,11710217,219
1420,Implicit Unaware,6,11710217,220
1421,Implicit Unaware,6,11710217,221
1422,Implicit Unaware,6,11710217,222
1423,Implicit Unaware,6,11710217,223
1424,Implicit Unaware,6,11710217,224
1425,Implicit Unaware,6,11710217,225
1426,Implicit Unaware,6,11710217,226
1427,Implicit Unaware,6,11710217,227
1428,Implicit Unaware,6,11710217,228
1429,Implicit Unaware,6,11710217,229
1430,Implicit Unaware,6,11710217,230
1431,Implicit Unaware,6,11710217,231
1432,Implicit Unaware,6,11710217,232
1433,Implicit Unaware,6,11710217,233
1434,Implicit Unaware,6,11710217,234
1435,Implicit Unaware,6,11710217,235
1436,Implicit Unaware,6,11710217,236
1437,Implicit Unaware,6,11710217,237
1438,Implicit Unaware,6,11710217,238
1439,Implicit Unaware,6,11710217,239
1440,Implicit Unaware,6,11710217,240
1441,Implicit Unaware,7,11710220,1
1442,Implicit Unaware,7,11710220,2
1443,Implicit Unaware,7,11710220,3
1444,Implicit Unaware,7,11710220,4
1445,Implicit Unaware,7,11710220,5
1446,Implicit Unaware,7,11710220,6
1447,Implicit Unaware,7,11710220,7
1448,Implicit Unaware,7,11710220,8
1449,Implicit Unaware,7,11710220,9
1450,Implicit Unaware,7,11710220,10
1451,Implicit Unaware,7,11710220,11
1452,Implicit Unaware,7,11710220,12
1453,Implicit Unaware,7,11710220,13
1454,Implicit Unaware,7,11710220,14
1455,Implicit Unaware,7,11710220,15
1456,Implicit Unaware,7,11710220,16
1457,Implicit Unaware,7,11710220,17
1458,Implicit Unaware,7,11710220,18
1459,Implicit Unaware,7,11710220,19
1460,Implicit Unaware,7,11710220,20
1461,Implicit Unaware,7,11710220,21
1462,Implicit Unaware,7,11710220,22
1463,Implicit Unaware,7,11710220,23
1464,Implicit Unaware,7,11710220,24
1465,Implicit Unaware,7,11710220,25
1466,Implicit Unaware,7,11710220,26
1467,Implicit Unaware,7,11710220,27
1468,Implicit Unaware,7,11710220,28
1469,Implicit Unaware,7,11710220,29
1470,Implicit Unaware,7,11710220,30
1471,Implicit Unaware,7,11710220,31
1472,Implicit Unaware,7,11710220,32
1473,Implicit Unaware,7,11710220,33
1474,Implicit Unaware,7,11710220,34
1475,Implicit Unaware,7,11710220,35
1476,Implicit Unaware,7,11710220,36
1477,Implicit Unaware,7,11710220,37
1478,Implicit Unaware,7,11710220,38
1479,Implicit Unaware,7,11710220,39
1480,Implicit Unaware,7,11710220,40
1481,Implicit Unaware,7,11710220,41
1482,Implicit Unaware,7,11710220,42
1483,Implicit Unaware,7,11710220,43
1484,Implicit Unaware,7,11710220,44
1485,Implicit Unaware,7,11710220,45
1486,Implicit Unaware,7,11710220,46
1487,Implicit Unaware,7,11710220,47
1488,Implicit Unaware,7,11710220,48
1489,Implicit Unaware,7,11710220,49
1490,Implicit Unaware,7,11710220,50
1491,Implicit Unaware,7,11710220,51
1492,Implicit Unaware,7,11710220,52
1493,Implicit Unaware,7,11710220,53
1494,Implicit Unaware,7,11710220,54
1495,Implicit Unaware,7,11710220,55
1496,Implicit Unaware,7,11710220,56
1497,Implicit Unaware,7,11710220,57
1498,Implicit Unaware,7,11710220,58
1499,Implicit Unaware,7,11710220,59
1500,Implicit Unaware,7,11710220,60
1501,Implicit Unaware,7,11710220,61
1502,Implicit Unaware,7,11710220,62
1503,Implicit Unaware,7,11710220,63
1504,Implicit Unaware,7,11710220,64
1505,Implicit Unaware,7,11710220,65
1506,Implicit Unaware,7,11710220,66
1507,Implicit Unaware,7,11710220,67
1508,Implicit Unaware,7,11710220,68
1509,Implicit Unaware,7,11710220,69
1510,Implicit Unaware,7,11710220,70
1511,Implicit Unaware,7,11710220,71
1512,Implicit Unaware,7,11710220,72
1513,Implicit Unaware,7,11710220,73
1514,Implicit Unaware,7,11710220,74
1515,Implicit Unaware,7,11710220,75
1516,Implicit Unaware,7,11710220,76
1517,Implicit Unaware,7,11710220,77
1518,Implicit Unaware,7,11710220,78
1519,Implicit Unaware,7,11710220,79
1520,Implicit Unaware,7,11710220,80
1521,Implicit Unaware,7,11710220,81
1522,Implicit Unaware,7,11710220,82
1523,Implicit Unaware,7,11710220,83
1524,Implicit Unaware,7,11710220,84
1525,Implicit Unaware,7,11710220,85
1526,Implicit Unaware,7,11710220,86
1527,Implicit Unaware,7,11710220,87
1528,Implicit Unaware,7,11710220,88
1529,Implicit Unaware,7,11710220,89
1530,Implicit Unaware,7,11710220,90
1531,Implicit Unaware,7,11710220,91
1532,Implicit Unaware,7,11710220,92
1533,Implicit Unaware,7,11710220,93
1534,Implicit Unaware,7,11710220,94
1535,Implicit Unaware,7,11710220,95
1536,Implicit Unaware,7,11710220,96
1537,Implicit Unaware,7,11710220,97
1538,Implicit Unaware,7,11710220,98
1539,Implicit Unaware,7,11710220,99
1540,Implicit Unaware,7,11710220,100
1541,Implicit Unaware,7,11710220,101
1542,Implicit Unaware,7,11710220,102
1543,Implicit Unaware,7,11710220,103
1544,Implicit Unaware,7,11710220,104
1545,Implicit Unaware,7,11710220,105
1546,Implicit Unaware,7,11710220,106
1547,Implicit Unaware,7,11710220,107
1548,Implicit Unaware,7,11710220,108
1549,Implicit Unaware,7,11710220,109
1550,Implicit Unaware,7,11710220,110
1551,Implicit Unaware,7,11710220,111
1552,Implicit Unaware,7,11710220,112
1553,Implicit Unaware,7,11710220,113
1554,Implicit Unaware,7,11710220,114
1555,Implicit Unaware,7,11710220,115
1556,Implicit Unaware,7,11710220,116
1557,Implicit Unaware,7,11710220,117
1558,Implicit Unaware,7,11710220,118
1559,Implicit Unaware,7,11710220,119
1560,Implicit Unaware,7,11710220,120
1561,Implicit Unaware,7,11710220,121
1562,Implicit Unaware,7,11710220,122
1563,Implicit Unaware,7,11710220,123
1564,Implicit Unaware,7,11710220,124
1565,Implicit Unaware,7,11710220,125
1566,Implicit Unaware,7,11710220,126
1567,Implicit Unaware,7,11710220,127
1568,Implicit Unaware,7,11710220,128
1569,Implicit Unaware,7,11710220,129
1570,Implicit Unaware,7,11710220,130
1571,Implicit Unaware,7,11710220,131
1572,Implicit Unaware,7,11710220,132
1573,Implicit Unaware,7,11710220,133
1574,Implicit Unaware,7,11710220,134
1575,Implicit Unaware,7,11710220,135
1576,Implicit Unaware,7,11710220,136
1577,Implicit Unaware,7,11710220,137
1578,Implicit Unaware,7,11710220,138
1579,Implicit Unaware,7,11710220,139
1580,Implicit Unaware,7,11710220,140
1581,Implicit Unaware,7,11710220,141
1582,Implicit Unaware,7,11710220,142
1583,Implicit Unaware,7,11710220,143
1584,Implicit Unaware,7,11710220,144
1585,Implicit Unaware,7,11710220,145
1586,Implicit Unaware,7,11710220,146
1587,Implicit Unaware,7,11710220,147
1588,Implicit Unaware,7,11710220,148
1589,Implicit Unaware,7,11710220,149
1590,Implicit Unaware,7,11710220,150
1591,Implicit Unaware,7,11710220,151
1592,Implicit Unaware,7,11710220,152
1593,Implicit Unaware,7,11710220,153
1594,Implicit Unaware,7,11710220,154
1595,Implicit Unaware,7,11710220,155
1596,Implicit Unaware,7,11710220,156
1597,Implicit Unaware,7,11710220,157
1598,Implicit Unaware,7,11710220,158
1599,Implicit Unaware,7,11710220,159
1600,Implicit Unaware,7,11710220,160
1601,Implicit Unaware,7,11710220,161
1602,Implicit Unaware,7,11710220,162
1603,Implicit Unaware,7,11710220,163
1604,Implicit Unaware,7,11710220,164
1605,Implicit Unaware,7,11710220,165
1606,Implicit Unaware,7,11710220,166
1607,Implicit Unaware,7,11710220,167
1608,Implicit Unaware,7,11710220,168
1609,Implicit Unaware,7,11710220,169
1610,Implicit Unaware,7,11710220,170
1611,Implicit Unaware,7,11710220,171
1612,Implicit Unaware,7,11710220,172
1613,Implicit Unaware,7,11710220,173
1614,Implicit Unaware,7,11710220,174
1615,Implicit Unaware,7,11710220,175
1616,Implicit Unaware,7,11710220,176
1617,Implicit Unaware,7,11710220,177
1618,Implicit Unaware,7,11710220,178
1619,Implicit Unaware,7,11710220,179
1620,Implicit Unaware,7,11710220,180
1621,Implicit Unaware,7,11710220,181
1622,Implicit Unaware,7,11710220,182
1623,Implicit Unaware,7,11710220,183
1624,Implicit Unaware,7,11710220,184
1625,Implicit Unaware,7,11710220,185
1626,Implicit Unaware,7,11710220,186
1627,Implicit Unaware,7,11710220,187
1628,Implicit Unaware,7,11710220,188
1629,Implicit Unaware,7,11710220,189
1630,Implicit Unaware,7,11710220,190
1631,Implicit Unaware,7,11710220,191
1632,Implicit Unaware,7,11710220,192
1633,Implicit Unaware,7,11710220,193
1634,Implicit Unaware,7,11710220,194
1635,Implicit Unaware,7,11710220,195
1636,Implicit Unaware,7,11710220,196
1637,Implicit Unaware,7,11710220,197
1638,Implicit Unaware,7,11710220,198
1639,Implicit Unaware,7,11710220,199
1640,Implicit Unaware,7,11710220,200
1641,Implicit Unaware,7,11710220,201
1642,Implicit Unaware,7,11710220,202
1643,Implicit Unaware,7,11710220,203
1644,Implicit Unaware,7,11710220,204
1645,Implicit Unaware,7,11710220,205
1646,Implicit Unaware,7,11710220,206
1647,Implicit Unaware,7,11710220,207
1648,Implicit Unaware,7,11710220,208
1649,Implicit Unaware,7,11710220,209
1650,Implicit Unaware,7,11710220,210
1651,Implicit Unaware,7,11710220,211
1652,Implicit Unaware,7,11710220,212
1653,Implicit Unaware,7,11710220,213
1654,Implicit Unaware,7,11710220,214
1655,Implicit Unaware,7,11710220,215
1656,Implicit Unaware,7,11710220,216
1657,Implicit Unaware,7,11710220,217
1658,Implicit Unaware,7,11710220,218
1659,Implicit Unaware,7,11710220,219
1660,Implicit Unaware,7,11710220,220
1661,Implicit Unaware,7,11710220,221
1662,Implicit Unaware,7,11710220,222
1663,Implicit Unaware,7,11710220,223
1664,Implicit Unaware,7,11710220,224
1665,Implicit Unaware,7,11710220,225
1666,Implicit Unaware,7,11710220,226
1667,Implicit Unaware,7,11710220,227
1668,Implicit Unaware,7,11710220,228
1669,Implicit Unaware,7,11710220,229
1670,Implicit Unaware,7,11710220,230
1671,Implicit Unaware,7,11710220,231
1672,Implicit Unaware,7,11710220,232
1673,Implicit Unaware,7,11710220,233
1674,Implicit Unaware,7,11710220,234
1675,Implicit Unaware,7,11710220,235
1676,Implicit Unaware,7,11710220,236
1677,Implicit Unaware,7,11710220,237
1678,Implicit Unaware,7,11710220,238
1679,Implicit Unaware,7,11710220,239
1680,Implicit Unaware,7,11710220,240
1681,Implicit Unaware,8,11710229,1
1682,Implicit Unaware,8,11710229,2
1683,Implicit Unaware,8,11710229,3
1684,Implicit Unaware,8,11710229,4
1685,Implicit Unaware,8,11710229,5
1686,Implicit Unaware,8,11710229,6
1687,Implicit Unaware,8,11710229,7
1688,Implicit Unaware,8,11710229,8
1689,Implicit Unaware,8,11710229,9
1690,Implicit Unaware,8,11710229,10
1691,Implicit Unaware,8,11710229,11
1692,Implicit Unaware,8,11710229,12
1693,Implicit Unaware,8,11710229,13
1694,Implicit Unaware,8,11710229,14
1695,Implicit Unaware,8,11710229,15
1696,Implicit Unaware,8,11710229,16
1697,Implicit Unaware,8,11710229,17
1698,Implicit Unaware,8,11710229,18
1699,Implicit Unaware,8,11710229,19
1700,Implicit Unaware,8,11710229,20
1701,Implicit Unaware,8,11710229,21
1702,Implicit Unaware,8,11710229,22
1703,Implicit Unaware,8,11710229,23
1704,Implicit Unaware,8,11710229,24
1705,Implicit Unaware,8,11710229,25
1706,Implicit Unaware,8,11710229,26
1707,Implicit Unaware,8,11710229,27
1708,Implicit Unaware,8,11710229,28
1709,Implicit Unaware,8,11710229,29
1710,Implicit Unaware,8,11710229,30
1711,Implicit Unaware,8,11710229,31
1712,Implicit Unaware,8,11710229,32
1713,Implicit Unaware,8,11710229,33
1714,Implicit Unaware,8,11710229,34
1715,Implicit Unaware,8,11710229,35
1716,Implicit Unaware,8,11710229,36
1717,Implicit Unaware,8,11710229,37
1718,Implicit Unaware,8,11710229,38
1719,Implicit Unaware,8,11710229,39
1720,Implicit Unaware,8,11710229,40
1721,Implicit Unaware,8,11710229,41
1722,Implicit Unaware,8,11710229,42
1723,Implicit Unaware,8,11710229,43
1724,Implicit Unaware,8,11710229,44
1725,Implicit Unaware,8,11710229,45
1726,Implicit Unaware,8,11710229,46
1727,Implicit Unaware,8,11710229,47
1728,Implicit Unaware,8,11710229,48
1729,Implicit Unaware,8,11710229,49
1730,Implicit Unaware,8,11710229,50
1731,Implicit Unaware,8,11710229,51
1732,Implicit Unaware,8,11710229,52
1733,Implicit Unaware,8,11710229,53
1734,Implicit Unaware,8,11710229,54
1735,Implicit Unaware,8,11710229,55
1736,Implicit Unaware,8,11710229,56
1737,Implicit Unaware,8,11710229,57
1738,Implicit Unaware,8,11710229,58
1739,Implicit Unaware,8,11710229,59
1740,Implicit Unaware,8,11710229,60
1741,Implicit Unaware,8,11710229,61
1742,Implicit Unaware,8,11710229,62
1743,Implicit Unaware,8,11710229,63
1744,Implicit Unaware,8,11710229,64
1745,Implicit Unaware,8,11710229,65
1746,Implicit Unaware,8,11710229,66
1747,Implicit Unaware,8,11710229,67
1748,Implicit Unaware,8,11710229,68
1749,Implicit Unaware,8,11710229,69
1750,Implicit Unaware,8,11710229,70
1751,Implicit Unaware,8,11710229,71
1752,Implicit Unaware,8,11710229,72
1753,Implicit Unaware,8,11710229,73
1754,Implicit Unaware,8,11710229,74
1755,Implicit Unaware,8,11710229,75
1756,Implicit Unaware,8,11710229,76
1757,Implicit Unaware,8,11710229,77
1758,Implicit Unaware,8,11710229,78
1759,Implicit Unaware,8,11710229,79
1760,Implicit Unaware,8,11710229,80
1761,Implicit Unaware,8,11710229,81
1762,Implicit Unaware,8,11710229,82
1763,Implicit Unaware,8,11710229,83
1764,Implicit Unaware,8,11710229,84
1765,Implicit Unaware,8,11710229,85
1766,Implicit Unaware,8,11710229,86
1767,Implicit Unaware,8,11710229,87
1768,Implicit Unaware,8,11710229,88
1769,Implicit Unaware,8,11710229,89
1770,Implicit Unaware,8,11710229,90
1771,Implicit Unaware,8,11710229,91
1772,Implicit Unaware,8,11710229,92
1773,Implicit Unaware,8,11710229,93
1774,Implicit Unaware,8,11710229,94
1775,Implicit Unaware,8,11710229,95
1776,Implicit Unaware,8,11710229,96
1777,Implicit Unaware,8,11710229,97
1778,Implicit Unaware,8,11710229,98
1779,Implicit Unaware,8,11710229,99
1780,Implicit Unaware,8,11710229,100
1781,Implicit Unaware,8,11710229,101
1782,Implicit Unaware,8,11710229,102
1783,Implicit Unaware,8,11710229,103
1784,Implicit Unaware,8,11710229,104
1785,Implicit Unaware,8,11710229,105
1786,Implicit Unaware,8,11710229,106
1787,Implicit Unaware,8,11710229,107
1788,Implicit Unaware,8,11710229,108
1789,Implicit Unaware,8,11710229,109
1790,Implicit Unaware,8,11710229,110
1791,Implicit Unaware,8,11710229,111
1792,Implicit Unaware,8,11710229,112
1793,Implicit Unaware,8,11710229,113
1794,Implicit Unaware,8,11710229,114
1795,Implicit Unaware,8,11710229,115
1796,Implicit Unaware,8,11710229,116
1797,Implicit Unaware,8,11710229,117
1798,Implicit Unaware,8,11710229,118
1799,Implicit Unaware,8,11710229,119
1800,Implicit Unaware,8,11710229,120
1801,Implicit Unaware,8,11710229,121
1802,Implicit Unaware,8,11710229,122
1803,Implicit Unaware,8,11710229,123
1804,Implicit Unaware,8,11710229,124
1805,Implicit Unaware,8,11710229,125
1806,Implicit Unaware,8,11710229,126
1807,Implicit Unaware,8,11710229,127
1808,Implicit Unaware,8,11710229,128
1809,Implicit Unaware,8,11710229,129
1810,Implicit Unaware,8,11710229,130
1811,Implicit Unaware,8,11710229,131
1812,Implicit Unaware,8,11710229,132
1813,Implicit Unaware,8,11710229,133
1814,Implicit Unaware,8,11710229,134
1815,Implicit Unaware,8,11710229,135
1816,Implicit Unaware,8,11710229,136
1817,Implicit Unaware,8,11710229,137
1818,Implicit Unaware,8,11710229,138
1819,Implicit Unaware,8,11710229,139
1820,Implicit Unaware,8,11710229,140
1821,Implicit Unaware,8,11710229,141
1822,Implicit Unaware,8,11710229,142
1823,Implicit Unaware,8,11710229,143
1824,Implicit Unaware,8,11710229,144
1825,Implicit Unaware,8,11710229,145
1826,Implicit Unaware,8,11710229,146
1827,Implicit Unaware,8,11710229,147
1828,Implicit Unaware,8,11710229,148
1829,Implicit Unaware,8,11710229,149
1830,Implicit Unaware,8,11710229,150
1831,Implicit Unaware,8,11710229,151
1832,Implicit Unaware,8,11710229,152
1833,Implicit Unaware,8,11710229,153
1834,Implicit Unaware,8,11710229,154
1835,Implicit Unaware,8,11710229,155
1836,Implicit Unaware,8,11710229,156
1837,Implicit Unaware,8,11710229,157
1838,Implicit Unaware,8,11710229,158
1839,Implicit Unaware,8,11710229,159
1840,Implicit Unaware,8,11710229,160
1841,Implicit Unaware,8,11710229,161
1842,Implicit Unaware,8,11710229,162
1843,Implicit Unaware,8,11710229,163
1844,Implicit Unaware,8,11710229,164
1845,Implicit Unaware,8,11710229,165
1846,Implicit Unaware,8,11710229,166
1847,Implicit Unaware,8,11710229,167
1848,Implicit Unaware,8,11710229,168
1849,Implicit Unaware,8,11710229,169
1850,Implicit Unaware,8,11710229,170
1851,Implicit Unaware,8,11710229,171
1852,Implicit Unaware,8,11710229,172
1853,Implicit Unaware,8,11710229,173
1854,Implicit Unaware,8,11710229,174
1855,Implicit Unaware,8,11710229,175
1856,Implicit Unaware,8,11710229,176
1857,Implicit Unaware,8,11710229,177
1858,Implicit Unaware,8,11710229,178
1859,Implicit Unaware,8,11710229,179
1860,Implicit Unaware,8,11710229,180
1861,Implicit Unaware,8,11710229,181
1862,Implicit Unaware,8,11710229,182
1863,Implicit Unaware,8,11710229,183
1864,Implicit Unaware,8,11710229,184
1865,Implicit Unaware,8,11710229,185
1866,Implicit Unaware,8,11710229,186
1867,Implicit Unaware,8,11710229,187
1868,Implicit Unaware,8,11710229,188
1869,Implicit Unaware,8,11710229,189
1870,Implicit Unaware,8,11710229,190
1871,Implicit Unaware,8,11710229,191
1872,Implicit Unaware,8,11710229,192
1873,Implicit Unaware,8,11710229,193
1874,Implicit Unaware,8,11710229,194
1875,Implicit Unaware,8,11710229,195
1876,Implicit Unaware,8,11710229,196
1877,Implicit Unaware,8,11710229,197
1878,Implicit Unaware,8,11710229,198
1879,Implicit Unaware,8,11710229,199
1880,Implicit Unaware,8,11710229,200
1881,Implicit Unaware,8,11710229,201
1882,Implicit Unaware,8,11710229,202
1883,Implicit Unaware,8,11710229,203
1884,Implicit Unaware,8,11710229,204
1885,Implicit Unaware,8,11710229,205
1886,Implicit Unaware,8,11710229,206
1887,Implicit Unaware,8,11710229,207
1888,Implicit Unaware,8,11710229,208
1889,Implicit Unaware,8,11710229,209
1890,Implicit Unaware,8,11710229,210
1891,Implicit Unaware,8,11710229,211
1892,Implicit Unaware,8,11710229,212
1893,Implicit Unaware,8,11710229,213
1894,Implicit Unaware,8,11710229,214
1895,Implicit Unaware,8,11710229,215
1896,Implicit Unaware,8,11710229,216
1897,Implicit Unaware,8,11710229,217
1898,Implicit Unaware,8,11710229,218
1899,Implicit Unaware,8,11710229,219
1900,Implicit Unaware,8,11710229,220
1901,Implicit Unaware,8,11710229,221
1902,Implicit Unaware,8,11710229,222
1903,Implicit Unaware,8,11710229,223
1904,Implicit Unaware,8,11710229,224
1905,Implicit Unaware,8,11710229,225
1906,Implicit Unaware,8,11710229,226
1907,Implicit Unaware,8,11710229,227
1908,Implicit Unaware,8,11710229,228
1909,Implicit Unaware,8,11710229,229
1910,Implicit Unaware,8,11710229,230
1911,Implicit Unaware,8,11710229,231
1912,Implicit Unaware,8,11710229,232
1913,Implicit Unaware,8,11710229,233
1914,Implicit Unaware,8,11710229,234
1915,Implicit Unaware,8,11710229,235
1916,Implicit Unaware,8,11710229,236
1917,Implicit Unaware,8,11710229,237
1918,Implicit Unaware,8,11710229,238
1919,Implicit Unaware,8,11710229,239
1920,Implicit Unaware,8,11710229,240
1921,Implicit Unaware,9,11710230,1
1922,Implicit Unaware,9,11710230,2
1923,Implicit Unaware,9,11710230,3
1924,Implicit Unaware,9,11710230,4
1925,Implicit Unaware,9,11710230,5
1926,Implicit Unaware,9,11710230,6
1927,Implicit Unaware,9,11710230,7
1928,Implicit Unaware,9,11710230,8
1929,Implicit Unaware,9,11710230,9
1930,Implicit Unaware,9,11710230,10
1931,Implicit Unaware,9,11710230,11
1932,Implicit Unaware,9,11710230,12
1933,Implicit Unaware,9,11710230,13
1934,Implicit Unaware,9,11710230,14
1935,Implicit Unaware,9,11710230,15
1936,Implicit Unaware,9,11710230,16
1937,Implicit Unaware,9,11710230,17
1938,Implicit Unaware,9,11710230,18
1939,Implicit Unaware,9,11710230,19
1940,Implicit Unaware,9,11710230,20
1941,Implicit Unaware,9,11710230,21
1942,Implicit Unaware,9,11710230,22
1943,Implicit Unaware,9,11710230,23
1944,Implicit Unaware,9,11710230,24
1945,Implicit Unaware,9,11710230,25
1946,Implicit Unaware,9,11710230,26
1947,Implicit Unaware,9,11710230,27
1948,Implicit Unaware,9,11710230,28
1949,Implicit Unaware,9,11710230,29
1950,Implicit Unaware,9,11710230,30
1951,Implicit Unaware,9,11710230,31
1952,Implicit Unaware,9,11710230,32
1953,Implicit Unaware,9,11710230,33
1954,Implicit Unaware,9,11710230,34
1955,Implicit Unaware,9,11710230,35
1956,Implicit Unaware,9,11710230,36
1957,Implicit Unaware,9,11710230,37
1958,Implicit Unaware,9,11710230,38
1959,Implicit Unaware,9,11710230,39
1960,Implicit Unaware,9,11710230,40
1961,Implicit Unaware,9,11710230,41
1962,Implicit Unaware,9,11710230,42
1963,Implicit Unaware,9,11710230,43
1964,Implicit Unaware,9,11710230,44
1965,Implicit Unaware,9,11710230,45
1966,Implicit Unaware,9,11710230,46
1967,Implicit Unaware,9,11710230,47
1968,Implicit Unaware,9,11710230,48
1969,Implicit Unaware,9,11710230,49
1970,Implicit Unaware,9,11710230,50
1971,Implicit Unaware,9,11710230,51
1972,Implicit Unaware,9,11710230,52
1973,Implicit Unaware,9,11710230,53
1974,Implicit Unaware,9,11710230,54
1975,Implicit Unaware,9,11710230,55
1976,Implicit Unaware,9,11710230,56
1977,Implicit Unaware,9,11710230,57
1978,Implicit Unaware,9,11710230,58
1979,Implicit Unaware,9,11710230,59
1980,Implicit Unaware,9,11710230,60
1981,Implicit Unaware,9,11710230,61
1982,Implicit Unaware,9,11710230,62
1983,Implicit Unaware,9,11710230,63
1984,Implicit Unaware,9,11710230,64
1985,Implicit Unaware,9,11710230,65
1986,Implicit Unaware,9,11710230,66
1987,Implicit Unaware,9,11710230,67
1988,Implicit Unaware,9,11710230,68
1989,Implicit Unaware,9,11710230,69
1990,Implicit Unaware,9,11710230,70
1991,Implicit Unaware,9,11710230,71
1992,Implicit Unaware,9,11710230,72
1993,Implicit Unaware,9,11710230,73
1994,Implicit Unaware,9,11710230,74
1995,Implicit Unaware,9,11710230,75
1996,Implicit Unaware,9,11710230,76
1997,Implicit Unaware,9,11710230,77
1998,Implicit Unaware,9,11710230,78
1999,Implicit Unaware,9,11710230,79
2000,Implicit Unaware,9,11710230,80
2001,Implicit Unaware,9,11710230,81
2002,Implicit Unaware,9,11710230,82
2003,Implicit Unaware,9,11710230,83
2004,Implicit Unaware,9,11710230,84
2005,Implicit Unaware,9,11710230,85
2006,Implicit Unaware,9,11710230,86
2007,Implicit Unaware,9,11710230,87
2008,Implicit Unaware,9,11710230,88
2009,Implicit Unaware,9,11710230,89
2010,Implicit Unaware,9,11710230,90
2011,Implicit Unaware,9,11710230,91
2012,Implicit Unaware,9,11710230,92
2013,Implicit Unaware,9,11710230,93
2014,Implicit Unaware,9,11710230,94
2015,Implicit Unaware,9,11710230,95
2016,Implicit Unaware,9,11710230,96
2017,Implicit Unaware,9,11710230,97
2018,Implicit Unaware,9,11710230,98
2019,Implicit Unaware,9,11710230,99
2020,Implicit Unaware,9,11710230,100
2021,Implicit Unaware,9,11710230,101
2022,Implicit Unaware,9,11710230,102
2023,Implicit Unaware,9,11710230,103
2024,Implicit Unaware,9,11710230,104
2025,Implicit Unaware,9,11710230,105
2026,Implicit Unaware,9,11710230,106
2027,Implicit Unaware,9,11710230,107
2028,Implicit Unaware,9,11710230,108
2029,Implicit Unaware,9,11710230,109
2030,Implicit Unaware,9,11710230,110
2031,Implicit Unaware,9,11710230,111
2032,Implicit Unaware,9,11710230,112
2033,Implicit Unaware,9,11710230,113
2034,Implicit Unaware,9,11710230,114
2035,Implicit Unaware,9,11710230,115
2036,Implicit Unaware,9,11710230,116
2037,Implicit Unaware,9,11710230,117
2038,Implicit Unaware,9,11710230,118
2039,Implicit Unaware,9,11710230,119
2040,Implicit Unaware,9,11710230,120
2041,Implicit Unaware,9,11710230,121
2042,Implicit Unaware,9,11710230,122
2043,Implicit Unaware,9,11710230,123
2044,Implicit Unaware,9,11710230,124
2045,Implicit Unaware,9,11710230,125
2046,Implicit Unaware,9,11710230,126
2047,Implicit Unaware,9,11710230,127
2048,Implicit Unaware,9,11710230,128
2049,Implicit Unaware,9,11710230,129
2050,Implicit Unaware,9,11710230,130
2051,Implicit Unaware,9,11710230,131
2052,Implicit Unaware,9,11710230,132
2053,Implicit Unaware,9,11710230,133
2054,Implicit Unaware,9,11710230,134
2055,Implicit Unaware,9,11710230,135
2056,Implicit Unaware,9,11710230,136
2057,Implicit Unaware,9,11710230,137
2058,Implicit Unaware,9,11710230,138
2059,Implicit Unaware,9,11710230,139
2060,Implicit Unaware,9,11710230,140
2061,Implicit Unaware,9,11710230,141
2062,Implicit Unaware,9,11710230,142
2063,Implicit Unaware,9,11710230,143
2064,Implicit Unaware,9,11710230,144
2065,Implicit Unaware,9,11710230,145
2066,Implicit Unaware,9,11710230,146
2067,Implicit Unaware,9,11710230,147
2068,Implicit Unaware,9,11710230,148
2069,Implicit Unaware,9,11710230,149
2070,Implicit Unaware,9,11710230,150
2071,Implicit Unaware,9,11710230,151
2072,Implicit Unaware,9,11710230,152
2073,Implicit Unaware,9,11710230,153
2074,Implicit Unaware,9,11710230,154
2075,Implicit Unaware,9,11710230,155
2076,Implicit Unaware,9,11710230,156
2077,Implicit Unaware,9,11710230,157
2078,Implicit Unaware,9,11710230,158
2079,Implicit Unaware,9,11710230,159
2080,Implicit Unaware,9,11710230,160
2081,Implicit Unaware,9,11710230,161
2082,Implicit Unaware,9,11710230,162
2083,Implicit Unaware,9,11710230,163
2084,Implicit Unaware,9,11710230,164
2085,Implicit Unaware,9,11710230,165
2086,Implicit Unaware,9,11710230,166
2087,Implicit Unaware,9,11710230,167
2088,Implicit Unaware,9,11710230,168
2089,Implicit Unaware,9,11710230,169
2090,Implicit Unaware,9,11710230,170
2091,Implicit Unaware,9,11710230,171
2092,Implicit Unaware,9,11710230,172
2093,Implicit Unaware,9,11710230,173
2094,Implicit Unaware,9,11710230,174
2095,Implicit Unaware,9,11710230,175
2096,Implicit Unaware,9,11710230,176
2097,Implicit Unaware,9,11710230,177
2098,Implicit Unaware,9,11710230,178
2099,Implicit Unaware,9,11710230,179
2100,Implicit Unaware,9,11710230,180
2101,Implicit Unaware,9,11710230,181
2102,Implicit Unaware,9,11710230,182
2103,Implicit Unaware,9,11710230,183
2104,Implicit Unaware,9,11710230,184
2105,Implicit Unaware,9,11710230,185
2106,Implicit Unaware,9,11710230,186
2107,Implicit Unaware,9,11710230,187
2108,Implicit Unaware,9,11710230,188
2109,Implicit Unaware,9,11710230,189
2110,Implicit Unaware,9,11710230,190
2111,Implicit Unaware,9,11710230,191
2112,Implicit Unaware,9,11710230,192
2113,Implicit Unaware,9,11710230,193
2114,Implicit Unaware,9,11710230,194
2115,Implicit Unaware,9,11710230,195
2116,Implicit Unaware,9,11710230,196
2117,Implicit Unaware,9,11710230,197
2118,Implicit Unaware,9,11710230,198
2119,Implicit Unaware,9,11710230,199
2120,Implicit Unaware,9,11710230,200
2121,Implicit Unaware,9,11710230,201
2122,Implicit Unaware,9,11710230,202
2123,Implicit Unaware,9,11710230,203
2124,Implicit Unaware,9,11710230,204
2125,Implicit Unaware,9,11710230,205
2126,Implicit Unaware,9,11710230,206
2127,Implicit Unaware,9,11710230,207
2128,Implicit Unaware,9,11710230,208
2129,Implicit Unaware,9,11710230,209
2130,Implicit Unaware,9,11710230,210
2131,Implicit Unaware,9,11710230,211
2132,Implicit Unaware,9,11710230,212
2133,Implicit Unaware,9,11710230,213
2134,Implicit Unaware,9,11710230,214
2135,Implicit Unaware,9,11710230,215
2136,Implicit Unaware,9,11710230,216
2137,Implicit Unaware,9,11710230,217
2138,Implicit Unaware,9,11710230,218
2139,Implicit Unaware,9,11710230,219
2140,Implicit Unaware,9,11710230,220
2141,Implicit Unaware,9,11710230,221
2142,Implicit Unaware,9,11710230,222
2143,Implicit Unaware,9,11710230,223
2144,Implicit Unaware,9,11710230,224
2145,Implicit Unaware,9,11710230,225
2146,Implicit Unaware,9,11710230,226
2147,Implicit Unaware,9,11710230,227
2148,Implicit Unaware,9,11710230,228
2149,Implicit Unaware,9,11710230,229
2150,Implicit Unaware,9,11710230,230
2151,Implicit Unaware,9,11710230,231
2152,Implicit Unaware,9,11710230,232
2153,Implicit Unaware,9,11710230,233
2154,Implicit Unaware,9,11710230,234
2155,Implicit Unaware,9,11710230,235
2156,Implicit Unaware,9,11710230,236
2157,Implicit Unaware,9,11710230,237
2158,Implicit Unaware,9,11710230,238
2159,Implicit Unaware,9,11710230,239
2160,Implicit Unaware,9,11710230,240
2161,Implicit Unaware,10,11710237,1
2162,Implicit Unaware,10,11710237,2
2163,Implicit Unaware,10,11710237,3
2164,Implicit Unaware,10,11710237,4
2165,Implicit Unaware,10,11710237,5
2166,Implicit Unaware,10,11710237,6
2167,Implicit Unaware,10,11710237,7
2168,Implicit Unaware,10,11710237,8
2169,Implicit Unaware,10,11710237,9
2170,Implicit Unaware,10,11710237,10
2171,Implicit Unaware,10,11710237,11
2172,Implicit Unaware,10,11710237,12
2173,Implicit Unaware,10,11710237,13
2174,Implicit Unaware,10,11710237,14
2175,Implicit Unaware,10,11710237,15
2176,Implicit Unaware,10,11710237,16
2177,Implicit Unaware,10,11710237,17
2178,Implicit Unaware,10,11710237,18
2179,Implicit Unaware,10,11710237,19
2180,Implicit Unaware,10,11710237,20
2181,Implicit Unaware,10,11710237,21
2182,Implicit Unaware,10,11710237,22
2183,Implicit Unaware,10,11710237,23
2184,Implicit Unaware,10,11710237,24
2185,Implicit Unaware,10,11710237,25
2186,Implicit Unaware,10,11710237,26
2187,Implicit Unaware,10,11710237,27
2188,Implicit Unaware,10,11710237,28
2189,Implicit Unaware,10,11710237,29
2190,Implicit Unaware,10,11710237,30
2191,Implicit Unaware,10,11710237,31
2192,Implicit Unaware,10,11710237,32
2193,Implicit Unaware,10,11710237,33
2194,Implicit Unaware,10,11710237,34
2195,Implicit Unaware,10,11710237,35
2196,Implicit Unaware,10,11710237,36
2197,Implicit Unaware,10,11710237,37
2198,Implicit Unaware,10,11710237,38
2199,Implicit Unaware,10,11710237,39
2200,Implicit Unaware,10,11710237,40
2201,Implicit Unaware,10,11710237,41
2202,Implicit Unaware,10,11710237,42
2203,Implicit Unaware,10,11710237,43
2204,Implicit Unaware,10,11710237,44
2205,Implicit Unaware,10,11710237,45
2206,Implicit Unaware,10,11710237,46
2207,Implicit Unaware,10,11710237,47
2208,Implicit Unaware,10,11710237,48
2209,Implicit Unaware,10,11710237,49
2210,Implicit Unaware,10,11710237,50
2211,Implicit Unaware,10,11710237,51
2212,Implicit Unaware,10,11710237,52
2213,Implicit Unaware,10,11710237,53
2214,Implicit Unaware,10,11710237,54
2215,Implicit Unaware,10,11710237,55
2216,Implicit Unaware,10,11710237,56
2217,Implicit Unaware,10,11710237,57
2218,Implicit Unaware,10,11710237,58
2219,Implicit Unaware,10,11710237,59
2220,Implicit Unaware,10,11710237,60
2221,Implicit Unaware,10,11710237,61
2222,Implicit Unaware,10,11710237,62
2223,Implicit Unaware,10,11710237,63
2224,Implicit Unaware,10,11710237,64
2225,Implicit Unaware,10,11710237,65
2226,Implicit Unaware,10,11710237,66
2227,Implicit Unaware,10,11710237,67
2228,Implicit Unaware,10,11710237,68
2229,Implicit Unaware,10,11710237,69
2230,Implicit Unaware,10,11710237,70
2231,Implicit Unaware,10,11710237,71
2232,Implicit Unaware,10,11710237,72
2233,Implicit Unaware,10,11710237,73
2234,Implicit Unaware,10,11710237,74
2235,Implicit Unaware,10,11710237,75
2236,Implicit Unaware,10,11710237,76
2237,Implicit Unaware,10,11710237,77
2238,Implicit Unaware,10,11710237,78
2239,Implicit Unaware,10,11710237,79
2240,Implicit Unaware,10,11710237,80
2241,Implicit Unaware,10,11710237,81
2242,Implicit Unaware,10,11710237,82
2243,Implicit Unaware,10,11710237,83
2244,Implicit Unaware,10,11710237,84
2245,Implicit Unaware,10,11710237,85
2246,Implicit Unaware,10,11710237,86
2247,Implicit Unaware,10,11710237,87
2248,Implicit Unaware,10,11710237,88
2249,Implicit Unaware,10,11710237,89
2250,Implicit Unaware,10,11710237,90
2251,Implicit Unaware,10,11710237,91
2252,Implicit Unaware,10,11710237,92
2253,Implicit Unaware,10,11710237,93
2254,Implicit Unaware,10,11710237,94
2255,Implicit Unaware,10,11710237,95
2256,Implicit Unaware,10,11710237,96
2257,Implicit Unaware,10,11710237,97
2258,Implicit Unaware,10,11710237,98
2259,Implicit Unaware,10,11710237,99
2260,Implicit Unaware,10,11710237,100
2261,Implicit Unaware,10,11710237,101
2262,Implicit Unaware,10,11710237,102
2263,Implicit Unaware,10,11710237,103
2264,Implicit Unaware,10,11710237,104
2265,Implicit Unaware,10,11710237,105
2266,Implicit Unaware,10,11710237,106
2267,Implicit Unaware,10,11710237,107
2268,Implicit Unaware,10,11710237,108
2269,Implicit Unaware,10,11710237,109
2270,Implicit Unaware,10,11710237,110
2271,Implicit Unaware,10,11710237,111
2272,Implicit Unaware,10,11710237,112
2273,Implicit Unaware,10,11710237,113
2274,Implicit Unaware,10,11710237,114
2275,Implicit Unaware,10,11710237,115
2276,Implicit Unaware,10,11710237,116
2277,Implicit Unaware,10,11710237,117
2278,Implicit Unaware,10,11710237,118
2279,Implicit Unaware,10,11710237,119
2280,Implicit Unaware,10,11710237,120
2281,Implicit Unaware,10,11710237,121
2282,Implicit Unaware,10,11710237,122
2283,Implicit Unaware,10,11710237,123
2284,Implicit Unaware,10,11710237,124
2285,Implicit Unaware,10,11710237,125
2286,Implicit Unaware,10,11710237,126
2287,Implicit Unaware,10,11710237,127
2288,Implicit Unaware,10,11710237,128
2289,Implicit Unaware,10,11710237,129
2290,Implicit Unaware,10,11710237,130
2291,Implicit Unaware,10,11710237,131
2292,Implicit Unaware,10,11710237,132
2293,Implicit Unaware,10,11710237,133
2294,Implicit Unaware,10,11710237,134
2295,Implicit Unaware,10,11710237,135
2296,Implicit Unaware,10,11710237,136
2297,Implicit Unaware,10,11710237,137
2298,Implicit Unaware,10,11710237,138
2299,Implicit Unaware,10,11710237,139
2300,Implicit Unaware,10,11710237,140
2301,Implicit Unaware,10,11710237,141
2302,Implicit Unaware,10,11710237,142
2303,Implicit Unaware,10,11710237,143
2304,Implicit Unaware,10,11710237,144
2305,Implicit Unaware,10,11710237,145
2306,Implicit Unaware,10,11710237,146
2307,Implicit Unaware,10,11710237,147
2308,Implicit Unaware,10,11710237,148
2309,Implicit Unaware,10,11710237,149
2310,Implicit Unaware,10,11710237,150
2311,Implicit Unaware,10,11710237,151
2312,Implicit Unaware,10,11710237,152
2313,Implicit Unaware,10,11710237,153
2314,Implicit Unaware,10,11710237,154
2315,Implicit Unaware,10,11710237,155
2316,Implicit Unaware,10,11710237,156
2317,Implicit Unaware,10,11710237,157
2318,Implicit Unaware,10,11710237,158
2319,Implicit Unaware,10,11710237,159
2320,Implicit Unaware,10,11710237,160
2321,Implicit Unaware,10,11710237,161
2322,Implicit Unaware,10,11710237,162
2323,Implicit Unaware,10,11710237,163
2324,Implicit Unaware,10,11710237,164
2325,Implicit Unaware,10,11710237,165
2326,Implicit Unaware,10,11710237,166
2327,Implicit Unaware,10,11710237,167
2328,Implicit Unaware,10,11710237,168
2329,Implicit Unaware,10,11710237,169
2330,Implicit Unaware,10,11710237,170
2331,Implicit Unaware,10,11710237,171
2332,Implicit Unaware,10,11710237,172
2333,Implicit Unaware,10,11710237,173
2334,Implicit Unaware,10,11710237,174
2335,Implicit Unaware,10,11710237,175
2336,Implicit Unaware,10,11710237,176
2337,Implicit Unaware,10,11710237,177
2338,Implicit Unaware,10,11710237,178
2339,Implicit Unaware,10,11710237,179
2340,Implicit Unaware,10,11710237,180
2341,Implicit Unaware,10,11710237,181
2342,Implicit Unaware,10,11710237,182
2343,Implicit Unaware,10,11710237,183
2344,Implicit Unaware,10,11710237,184
2345,Implicit Unaware,10,11710237,185
2346,Implicit Unaware,10,11710237,186
2347,Implicit Unaware,10,11710237,187
2348,Implicit Unaware,10,11710237,188
2349,Implicit Unaware,10,11710237,189
2350,Implicit Unaware,10,11710237,190
2351,Implicit Unaware,10,11710237,191
2352,Implicit Unaware,10,11710237,192
2353,Implicit Unaware,10,11710237,193
2354,Implicit Unaware,10,11710237,194
2355,Implicit Unaware,10,11710237,195
2356,Implicit Unaware,10,11710237,196
2357,Implicit Unaware,10,11710237,197
2358,Implicit Unaware,10,11710237,198
2359,Implicit Unaware,10,11710237,199
2360,Implicit Unaware,10,11710237,200
2361,Implicit Unaware,10,11710237,201
2362,Implicit Unaware,10,11710237,202
2363,Implicit Unaware,10,11710237,203
2364,Implicit Unaware,10,11710237,204
2365,Implicit Unaware,10,11710237,205
2366,Implicit Unaware,10,11710237,206
2367,Implicit Unaware,10,11710237,207
2368,Implicit Unaware,10,11710237,208
2369,Implicit Unaware,10,11710237,209
2370,Implicit Unaware,10,11710237,210
2371,Implicit Unaware,10,11710237,211
2372,Implicit Unaware,10,11710237,212
2373,Implicit Unaware,10,11710237,213
2374,Implicit Unaware,10,11710237,214
2375,Implicit Unaware,10,11710237,215
2376,Implicit Unaware,10,11710237,216
2377,Implicit Unaware,10,11710237,217
2378,Implicit Unaware,10,11710237,218
2379,Implicit Unaware,10,11710237,219
2380,Implicit Unaware,10,11710237,220
2381,Implicit Unaware,10,11710237,221
2382,Implicit Unaware,10,11710237,222
2383,Implicit Unaware,10,11710237,223
2384,Implicit Unaware,10,11710237,224
2385,Implicit Unaware,10,11710237,225
2386,Implicit Unaware,10,11710237,226
2387,Implicit Unaware,10,11710237,227
2388,Implicit Unaware,10,11710237,228
2389,Implicit Unaware,10,11710237,229
2390,Implicit Unaware,10,11710237,230
2391,Implicit Unaware,10,11710237,231
2392,Implicit Unaware,10,11710237,232
2393,Implicit Unaware,10,11710237,233
2394,Implicit Unaware,10,11710237,234
2395,Implicit Unaware,10,11710237,235
2396,Implicit Unaware,10,11710237,236
2397,Implicit Unaware,10,11710237,237
2398,Implicit Unaware,10,11710237,238
2399,Implicit Unaware,10,11710237,239
2400,Implicit Unaware,10,11710237,240
2401,Implicit Unaware,11,11710286,1
2402,Implicit Unaware,11,11710286,2
2403,Implicit Unaware,11,11710286,3
2404,Implicit Unaware,11,11710286,4
2405,Implicit Unaware,11,11710286,5
2406,Implicit Unaware,11,11710286,6
2407,Implicit Unaware,11,11710286,7
2408,Implicit Unaware,11,11710286,8
2409,Implicit Unaware,11,11710286,9
2410,Implicit Unaware,11,11710286,10
2411,Implicit Unaware,11,11710286,11
2412,Implicit Unaware,11,11710286,12
2413,Implicit Unaware,11,11710286,13
2414,Implicit Unaware,11,11710286,14
2415,Implicit Unaware,11,11710286,15
2416,Implicit Unaware,11,11710286,16
2417,Implicit Unaware,11,11710286,17
2418,Implicit Unaware,11,11710286,18
2419,Implicit Unaware,11,11710286,19
2420,Implicit Unaware,11,11710286,20
2421,Implicit Unaware,11,11710286,21
2422,Implicit Unaware,11,11710286,22
2423,Implicit Unaware,11,11710286,23
2424,Implicit Unaware,11,11710286,24
2425,Implicit Unaware,11,11710286,25
2426,Implicit Unaware,11,11710286,26
2427,Implicit Unaware,11,11710286,27
2428,Implicit Unaware,11,11710286,28
2429,Implicit Unaware,11,11710286,29
2430,Implicit Unaware,11,11710286,30
2431,Implicit Unaware,11,11710286,31
2432,Implicit Unaware,11,11710286,32
2433,Implicit Unaware,11,11710286,33
2434,Implicit Unaware,11,11710286,34
2435,Implicit Unaware,11,11710286,35
2436,Implicit Unaware,11,11710286,36
2437,Implicit Unaware,11,11710286,37
2438,Implicit Unaware,11,11710286,38
2439,Implicit Unaware,11,11710286,39
2440,Implicit Unaware,11,11710286,40
2441,Implicit Unaware,11,11710286,41
2442,Implicit Unaware,11,11710286,42
2443,Implicit Unaware,11,11710286,43
2444,Implicit Unaware,11,11710286,44
2445,Implicit Unaware,11,11710286,45
2446,Implicit Unaware,11,11710286,46
2447,Implicit Unaware,11,11710286,47
2448,Implicit Unaware,11,11710286,48
2449,Implicit Unaware,11,11710286,49
2450,Implicit Unaware,11,11710286,50
2451,Implicit Unaware,11,11710286,51
2452,Implicit Unaware,11,11710286,52
2453,Implicit Unaware,11,11710286,53
2454,Implicit Unaware,11,11710286,54
2455,Implicit Unaware,11,11710286,55
2456,Implicit Unaware,11,11710286,56
2457,Implicit Unaware,11,11710286,57
2458,Implicit Unaware,11,11710286,58
2459,Implicit Unaware,11,11710286,59
2460,Implicit Unaware,11,11710286,60
2461,Implicit Unaware,11,11710286,61
2462,Implicit Unaware,11,11710286,62
2463,Implicit Unaware,11,11710286,63
2464,Implicit Unaware,11,11710286,64
2465,Implicit Unaware,11,11710286,65
2466,Implicit Unaware,11,11710286,66
2467,Implicit Unaware,11,11710286,67
2468,Implicit Unaware,11,11710286,68
2469,Implicit Unaware,11,11710286,69
2470,Implicit Unaware,11,11710286,70
2471,Implicit Unaware,11,11710286,71
2472,Implicit Unaware,11,11710286,72
2473,Implicit Unaware,11,11710286,73
2474,Implicit Unaware,11,11710286,74
2475,Implicit Unaware,11,11710286,75
2476,Implicit Unaware,11,11710286,76
2477,Implicit Unaware,11,11710286,77
2478,Implicit Unaware,11,11710286,78
2479,Implicit Unaware,11,11710286,79
2480,Implicit Unaware,11,11710286,80
2481,Implicit Unaware,11,11710286,81
2482,Implicit Unaware,11,11710286,82
2483,Implicit Unaware,11,11710286,83
2484,Implicit Unaware,11,11710286,84
2485,Implicit Unaware,11,11710286,85
2486,Implicit Unaware,11,11710286,86
2487,Implicit Unaware,11,11710286,87
2488,Implicit Unaware,11,11710286,88
2489,Implicit Unaware,11,11710286,89
2490,Implicit Unaware,11,11710286,90
2491,Implicit Unaware,11,11710286,91
2492,Implicit Unaware,11,11710286,92
2493,Implicit Unaware,11,11710286,93
2494,Implicit Unaware,11,11710286,94
2495,Implicit Unaware,11,11710286,95
2496,Implicit Unaware,11,11710286,96
2497,Implicit Unaware,11,11710286,97
2498,Implicit Unaware,11,11710286,98
2499,Implicit Unaware,11,11710286,99
2500,Implicit Unaware,11,11710286,100
2501,Implicit Unaware,11,11710286,101
2502,Implicit Unaware,11,11710286,102
2503,Implicit Unaware,11,11710286,103
2504,Implicit Unaware,11,11710286,104
2505,Implicit Unaware,11,11710286,105
2506,Implicit Unaware,11,11710286,106
2507,Implicit Unaware,11,11710286,107
2508,Implicit Unaware,11,11710286,108
2509,Implicit Unaware,11,11710286,109
2510,Implicit Unaware,11,11710286,110
2511,Implicit Unaware,11,11710286,111
2512,Implicit Unaware,11,11710286,112
2513,Implicit Unaware,11,11710286,113
2514,Implicit Unaware,11,11710286,114
2515,Implicit Unaware,11,11710286,115
2516,Implicit Unaware,11,11710286,116
2517,Implicit Unaware,11,11710286,117
2518,Implicit Unaware,11,11710286,118
2519,Implicit Unaware,11,11710286,119
2520,Implicit Unaware,11,11710286,120
2521,Implicit Unaware,11,11710286,121
2522,Implicit Unaware,11,11710286,122
2523,Implicit Unaware,11,11710286,123
2524,Implicit Unaware,11,11710286,124
2525,Implicit Unaware,11,11710286,125
2526,Implicit Unaware,11,11710286,126
2527,Implicit Unaware,11,11710286,127
2528,Implicit Unaware,11,11710286,128
2529,Implicit Unaware,11,11710286,129
2530,Implicit Unaware,11,11710286,130
2531,Implicit Unaware,11,11710286,131
2532,Implicit Unaware,11,11710286,132
2533,Implicit Unaware,11,11710286,133
2534,Implicit Unaware,11,11710286,134
2535,Implicit Unaware,11,11710286,135
2536,Implicit Unaware,11,11710286,136
2537,Implicit Unaware,11,11710286,137
2538,Implicit Unaware,11,11710286,138
2539,Implicit Unaware,11,11710286,139
2540,Implicit Unaware,11,11710286,140
2541,Implicit Unaware,11,11710286,141
2542,Implicit Unaware,11,11710286,142
2543,Implicit Unaware,11,11710286,143
2544,Implicit Unaware,11,11710286,144
2545,Implicit Unaware,11,11710286,145
2546,Implicit Unaware,11,11710286,146
2547,Implicit Unaware,11,11710286,147
2548,Implicit Unaware,11,11710286,148
2549,Implicit Unaware,11,11710286,149
2550,Implicit Unaware,11,11710286,150
2551,Implicit Unaware,11,11710286,151
2552,Implicit Unaware,11,11710286,152
2553,Implicit Unaware,11,11710286,153
2554,Implicit Unaware,11,11710286,154
2555,Implicit Unaware,11,11710286,155
2556,Implicit Unaware,11,11710286,156
2557,Implicit Unaware,11,11710286,157
2558,Implicit Unaware,11,11710286,158
2559,Implicit Unaware,11,11710286,159
2560,Implicit Unaware,11,11710286,160
2561,Implicit Unaware,11,11710286,161
2562,Implicit Unaware,11,11710286,162
2563,Implicit Unaware,11,11710286,163
2564,Implicit Unaware,11,11710286,164
2565,Implicit Unaware,11,11710286,165
2566,Implicit Unaware,11,11710286,166
2567,Implicit Unaware,11,11710286,167
2568,Implicit Unaware,11,11710286,168
2569,Implicit Unaware,11,11710286,169
2570,Implicit Unaware,11,11710286,170
2571,Implicit Unaware,11,11710286,171
2572,Implicit Unaware,11,11710286,172
2573,Implicit Unaware,11,11710286,173
2574,Implicit Unaware,11,11710286,174
2575,Implicit Unaware,11,11710286,175
2576,Implicit Unaware,11,11710286,176
2577,Implicit Unaware,11,11710286,177
2578,Implicit Unaware,11,11710286,178
2579,Implicit Unaware,11,11710286,179
2580,Implicit Unaware,11,11710286,180
2581,Implicit Unaware,11,11710286,181
2582,Implicit Unaware,11,11710286,182
2583,Implicit Unaware,11,11710286,183
2584,Implicit Unaware,11,11710286,184
2585,Implicit Unaware,11,11710286,185
2586,Implicit Unaware,11,11710286,186
2587,Implicit Unaware,11,11710286,187
2588,Implicit Unaware,11,11710286,188
2589,Implicit Unaware,11,11710286,189
2590,Implicit Unaware,11,11710286,190
2591,Implicit Unaware,11,11710286,191
2592,Implicit Unaware,11,11710286,192
2593,Implicit Unaware,11,11710286,193
2594,Implicit Unaware,11,11710286,194
2595,Implicit Unaware,11,11710286,195
2596,Implicit Unaware,11,11710286,196
2597,Implicit Unaware,11,11710286,197
2598,Implicit Unaware,11,11710286,198
2599,Implicit Unaware,11,11710286,199
2600,Implicit Unaware,11,11710286,200
2601,Implicit Unaware,11,11710286,201
2602,Implicit Unaware,11,11710286,202
2603,Implicit Unaware,11,11710286,203
2604,Implicit Unaware,11,11710286,204
2605,Implicit Unaware,11,11710286,205
2606,Implicit Unaware,11,11710286,206
2607,Implicit Unaware,11,11710286,207
2608,Implicit Unaware,11,11710286,208
2609,Implicit Unaware,11,11710286,209
2610,Implicit Unaware,11,11710286,210
2611,Implicit Unaware,11,11710286,211
2612,Implicit Unaware,11,11710286,212
2613,Implicit Unaware,11,11710286,213
2614,Implicit Unaware,11,11710286,214
2615,Implicit Unaware,11,11710286,215
2616,Implicit Unaware,11,11710286,216
2617,Implicit Unaware,11,11710286,217
2618,Implicit Unaware,11,11710286,218
2619,Implicit Unaware,11,11710286,219
2620,Implicit Unaware,11,11710286,220
2621,Implicit Unaware,11,11710286,221
2622,Implicit Unaware,11,11710286,222
2623,Implicit Unaware,11,11710286,223
2624,Implicit Unaware,11,11710286,224
2625,Implicit Unaware,11,11710286,225
2626,Implicit Unaware,11,11710286,226
2627,Implicit Unaware,11,11710286,227
2628,Implicit Unaware,11,11710286,228
2629,Implicit Unaware,11,11710286,229
2630,Implicit Unaware,11,11710286,230
2631,Implicit Unaware,11,11710286,231
2632,Implicit Unaware,11,11710286,232
2633,Implicit Unaware,11,11710286,233
2634,Implicit Unaware,11,11710286,234
2635,Implicit Unaware,11,11710286,235
2636,Implicit Unaware,11,11710286,236
2637,Implicit Unaware,11,11710286,237
2638,Implicit Unaware,11,11710286,238
2639,Implicit Unaware,11,11710286,239
2640,Implicit Unaware,11,11710286,240
2641,Implicit Unaware,12,12075664,1
2642,Implicit Unaware,12,12075664,2
2643,Implicit Unaware,12,12075664,3
2644,Implicit Unaware,12,12075664,4
2645,Implicit Unaware,12,12075664,5
2646,Implicit Unaware,12,12075664,6
2647,Implicit Unaware,12,12075664,7
2648,Implicit Unaware,12,12075664,8
2649,Implicit Unaware,12,12075664,9
2650,Implicit Unaware,12,12075664,10
2651,Implicit Unaware,12,12075664,11
2652,Implicit Unaware,12,12075664,12
2653,Implicit Unaware,12,12075664,13
2654,Implicit Unaware,12,12075664,14
2655,Implicit Unaware,12,12075664,15
2656,Implicit Unaware,12,12075664,16
2657,Implicit Unaware,12,12075664,17
2658,Implicit Unaware,12,12075664,18
2659,Implicit Unaware,12,12075664,19
2660,Implicit Unaware,12,12075664,20
2661,Implicit Unaware,12,12075664,21
2662,Implicit Unaware,12,12075664,22
2663,Implicit Unaware,12,12075664,23
2664,Implicit Unaware,12,12075664,24
2665,Implicit Unaware,12,12075664,25
2666,Implicit Unaware,12,12075664,26
2667,Implicit Unaware,12,12075664,27
2668,Implicit Unaware,12,12075664,28
2669,Implicit Unaware,12,12075664,29
2670,Implicit Unaware,12,12075664,30
2671,Implicit Unaware,12,12075664,31
2672,Implicit Unaware,12,12075664,32
2673,Implicit Unaware,12,12075664,33
2674,Implicit Unaware,12,12075664,34
2675,Implicit Unaware,12,12075664,35
2676,Implicit Unaware,12,12075664,36
2677,Implicit Unaware,12,12075664,37
2678,Implicit Unaware,12,12075664,38
2679,Implicit Unaware,12,12075664,39
2680,Implicit Unaware,12,12075664,40
2681,Implicit Unaware,12,12075664,41
2682,Implicit Unaware,12,12075664,42
2683,Implicit Unaware,12,12075664,43
2684,Implicit Unaware,12,12075664,44
2685,Implicit Unaware,12,12075664,45
2686,Implicit Unaware,12,12075664,46
2687,Implicit Unaware,12,12075664,47
2688,Implicit Unaware,12,12075664,48
2689,Implicit Unaware,12,12075664,49
2690,Implicit Unaware,12,12075664,50
2691,Implicit Unaware,12,12075664,51
2692,Implicit Unaware,12,12075664,52
2693,Implicit Unaware,12,12075664,53
2694,Implicit Unaware,12,12075664,54
2695,Implicit Unaware,12,12075664,55
2696,Implicit Unaware,12,12075664,56
2697,Implicit Unaware,12,12075664,57
2698,Implicit Unaware,12,12075664,58
2699,Implicit Unaware,12,12075664,59
2700,Implicit Unaware,12,12075664,60
2701,Implicit Unaware,12,12075664,61
2702,Implicit Unaware,12,12075664,62
2703,Implicit Unaware,12,12075664,63
2704,Implicit Unaware,12,12075664,64
2705,Implicit Unaware,12,12075664,65
2706,Implicit Unaware,12,12075664,66
2707,Implicit Unaware,12,12075664,67
2708,Implicit Unaware,12,12075664,68
2709,Implicit Unaware,12,12075664,69
2710,Implicit Unaware,12,12075664,70
2711,Implicit Unaware,12,12075664,71
2712,Implicit Unaware,12,12075664,72
2713,Implicit Unaware,12,12075664,73
2714,Implicit Unaware,12,12075664,74
2715,Implicit Unaware,12,12075664,75
2716,Implicit Unaware,12,12075664,76
2717,Implicit Unaware,12,12075664,77
2718,Implicit Unaware,12,12075664,78
2719,Implicit Unaware,12,12075664,79
2720,Implicit Unaware,12,12075664,80
2721,Implicit Unaware,12,12075664,81
2722,Implicit Unaware,12,12075664,82
2723,Implicit Unaware,12,12075664,83
2724,Implicit Unaware,12,12075664,84
2725,Implicit Unaware,12,12075664,85
2726,Implicit Unaware,12,12075664,86
2727,Implicit Unaware,12,12075664,87
2728,Implicit Unaware,12,12075664,88
2729,Implicit Unaware,12,12075664,89
2730,Implicit Unaware,12,12075664,90
2731,Implicit Unaware,12,12075664,91
2732,Implicit Unaware,12,12075664,92
2733,Implicit Unaware,12,12075664,93
2734,Implicit Unaware,12,12075664,94
2735,Implicit Unaware,12,12075664,95
2736,Implicit Unaware,12,12075664,96
2737,Implicit Unaware,12,12075664,97
2738,Implicit Unaware,12,12075664,98
2739,Implicit Unaware,12,12075664,99
2740,Implicit Unaware,12,12075664,100
2741,Implicit Unaware,12,12075664,101
2742,Implicit Unaware,12,12075664,102
2743,Implicit Unaware,12,12075664,103
2744,Implicit Unaware,12,12075664,104
2745,Implicit Unaware,12,12075664,105
2746,Implicit Unaware,12,12075664,106
2747,Implicit Unaware,12,12075664,107
2748,Implicit Unaware,12,12075664,108
2749,Implicit Unaware,12,12075664,109
2750,Implicit Unaware,12,12075664,110
2751,Implicit Unaware,12,12075664,111
2752,Implicit Unaware,12,12075664,112
2753,Implicit Unaware,12,12075664,113
2754,Implicit Unaware,12,12075664,114
2755,Implicit Unaware,12,12075664,115
2756,Implicit Unaware,12,12075664,116
2757,Implicit Unaware,12,12075664,117
2758,Implicit Unaware,12,12075664,118
2759,Implicit Unaware,12,12075664,119
2760,Implicit Unaware,12,12075664,120
2761,Implicit Unaware,12,12075664,121
2762,Implicit Unaware,12,12075664,122
2763,Implicit Unaware,12,12075664,123
2764,Implicit Unaware,12,12075664,124
2765,Implicit Unaware,12,12075664,125
2766,Implicit Unaware,12,12075664,126
2767,Implicit Unaware,12,12075664,127
2768,Implicit Unaware,12,12075664,128
2769,Implicit Unaware,12,12075664,129
2770,Implicit Unaware,12,12075664,130
2771,Implicit Unaware,12,12075664,131
2772,Implicit Unaware,12,12075664,132
2773,Implicit Unaware,12,12075664,133
2774,Implicit Unaware,12,12075664,134
2775,Implicit Unaware,12,12075664,135
2776,Implicit Unaware,12,12075664,136
2777,Implicit Unaware,12,12075664,137
2778,Implicit Unaware,12,12075664,138
2779,Implicit Unaware,12,12075664,139
2780,Implicit Unaware,12,12075664,140
2781,Implicit Unaware,12,12075664,141
2782,Implicit Unaware,12,12075664,142
2783,Implicit Unaware,12,12075664,143
2784,Implicit Unaware,12,12075664,144
2785,Implicit Unaware,12,12075664,145
2786,Implicit Unaware,12,12075664,146
2787,Implicit Unaware,12,12075664,147
2788,Implicit Unaware,12,12075664,148
2789,Implicit Unaware,12,12075664,149
2790,Implicit Unaware,12,12075664,150
2791,Implicit Unaware,12,12075664,151
2792,Implicit Unaware,12,12075664,152
2793,Implicit Unaware,12,12075664,153
2794,Implicit Unaware,12,12075664,154
2795,Implicit Unaware,12,12075664,155
2796,Implicit Unaware,12,12075664,156
2797,Implicit Unaware,12,12075664,157
2798,Implicit Unaware,12,12075664,158
2799,Implicit Unaware,12,12075664,159
2800,Implicit Unaware,12,12075664,160
2801,Implicit Unaware,12,12075664,161
2802,Implicit Unaware,12,12075664,162
2803,Implicit Unaware,12,12075664,163
2804,Implicit Unaware,12,12075664,164
2805,Implicit Unaware,12,12075664,165
2806,Implicit Unaware,12,12075664,166
2807,Implicit Unaware,12,12075664,167
2808,Implicit Unaware,12,12075664,168
2809,Implicit Unaware,12,12075664,169
2810,Implicit Unaware,12,12075664,170
2811,Implicit Unaware,12,12075664,171
2812,Implicit Unaware,12,12075664,172
2813,Implicit Unaware,12,12075664,173
2814,Implicit Unaware,12,12075664,174
2815,Implicit Unaware,12,12075664,175
2816,Implicit Unaware,12,12075664,176
2817,Implicit Unaware,12,12075664,177
2818,Implicit Unaware,12,12075664,178
2819,Implicit Unaware,12,12075664,179
2820,Implicit Unaware,12,12075664,180
2821,Implicit Unaware,12,12075664,181
2822,Implicit Unaware,12,12075664,182
2823,Implicit Unaware,12,12075664,183
2824,Implicit Unaware,12,12075664,184
2825,Implicit Unaware,12,12075664,185
2826,Implicit Unaware,12,12075664,186
2827,Implicit Unaware,12,12075664,187
2828,Implicit Unaware,12,12075664,188
2829,Implicit Unaware,12,12075664,189
2830,Implicit Unaware,12,12075664,190
2831,Implicit Unaware,12,12075664,191
2832,Implicit Unaware,12,12075664,192
2833,Implicit Unaware,12,12075664,193
2834,Implicit Unaware,12,12075664,194
2835,Implicit Unaware,12,12075664,195
2836,Implicit Unaware,12,12075664,196
2837,Implicit Unaware,12,12075664,197
2838,Implicit Unaware,12,12075664,198
2839,Implicit Unaware,12,12075664,199
2840,Implicit Unaware,12,12075664,200
2841,Implicit Unaware,12,12075664,201
2842,Implicit Unaware,12,12075664,202
2843,Implicit Unaware,12,12075664,203
2844,Implicit Unaware,12,12075664,204
2845,Implicit Unaware,12,12075664,205
2846,Implicit Unaware,12,12075664,206
2847,Implicit Unaware,12,12075664,207
2848,Implicit Unaware,12,12075664,208
2849,Implicit Unaware,12,12075664,209
2850,Implicit Unaware,12,12075664,210
2851,Implicit Unaware,12,12075664,211
2852,Implicit Unaware,12,12075664,212
2853,Implicit Unaware,12,12075664,213
2854,Implicit Unaware,12,12075664,214
2855,Implicit Unaware,12,12075664,215
2856,Implicit Unaware,12,12075664,216
2857,Implicit Unaware,12,12075664,217
2858,Implicit Unaware,12,12075664,218
2859,Implicit Unaware,12,12075664,219
2860,Implicit Unaware,12,12075664,220
2861,Implicit Unaware,12,12075664,221
2862,Implicit Unaware,12,12075664,222
2863,Implicit Unaware,12,12075664,223
2864,Implicit Unaware,12,12075664,224
2865,Implicit Unaware,12,12075664,225
2866,Implicit Unaware,12,12075664,226
2867,Implicit Unaware,12,12075664,227
2868,Implicit Unaware,12,12075664,228
2869,Implicit Unaware,12,12075664,229
2870,Implicit Unaware,12,12075664,230
2871,Implicit Unaware,12,12075664,231
2872,Implicit Unaware,12,12075664,232
2873,Implicit Unaware,12,12075664,233
2874,Implicit Unaware,12,12075664,234
2875,Implicit Unaware,12,12075664,235
2876,Implicit Unaware,12,12075664,236
2877,Implicit Unaware,12,12075664,237
2878,Implicit Unaware,12,12075664,238
2879,Implicit Unaware,12,12075664,239
2880,Implicit Unaware,12,12075664,240
2881,Implicit Unaware,13,12075669,1
2882,Implicit Unaware,13,12075669,2
2883,Implicit Unaware,13,12075669,3
2884,Implicit Unaware,13,12075669,4
2885,Implicit Unaware,13,12075669,5
2886,Implicit Unaware,13,12075669,6
2887,Implicit Unaware,13,12075669,7
2888,Implicit Unaware,13,12075669,8
2889,Implicit Unaware,13,12075669,9
2890,Implicit Unaware,13,12075669,10
2891,Implicit Unaware,13,12075669,11
2892,Implicit Unaware,13,12075669,12
2893,Implicit Unaware,13,12075669,13
2894,Implicit Unaware,13,12075669,14
2895,Implicit Unaware,13,12075669,15
2896,Implicit Unaware,13,12075669,16
2897,Implicit Unaware,13,12075669,17
2898,Implicit Unaware,13,12075669,18
2899,Implicit Unaware,13,12075669,19
2900,Implicit Unaware,13,12075669,20
2901,Implicit Unaware,13,12075669,21
2902,Implicit Unaware,13,12075669,22
2903,Implicit Unaware,13,12075669,23
2904,Implicit Unaware,13,12075669,24
2905,Implicit Unaware,13,12075669,25
2906,Implicit Unaware,13,12075669,26
2907,Implicit Unaware,13,12075669,27
2908,Implicit Unaware,13,12075669,28
2909,Implicit Unaware,13,12075669,29
2910,Implicit Unaware,13,12075669,30
2911,Implicit Unaware,13,12075669,31
2912,Implicit Unaware,13,12075669,32
2913,Implicit Unaware,13,12075669,33
2914,Implicit Unaware,13,12075669,34
2915,Implicit Unaware,13,12075669,35
2916,Implicit Unaware,13,12075669,36
2917,Implicit Unaware,13,12075669,37
2918,Implicit Unaware,13,12075669,38
2919,Implicit Unaware,13,12075669,39
2920,Implicit Unaware,13,12075669,40
2921,Implicit Unaware,13,12075669,41
2922,Implicit Unaware,13,12075669,42
2923,Implicit Unaware,13,12075669,43
2924,Implicit Unaware,13,12075669,44
2925,Implicit Unaware,13,12075669,45
2926,Implicit Unaware,13,12075669,46
2927,Implicit Unaware,13,12075669,47
2928,Implicit Unaware,13,12075669,48
2929,Implicit Unaware,13,12075669,49
2930,Implicit Unaware,13,12075669,50
2931,Implicit Unaware,13,12075669,51
2932,Implicit Unaware,13,12075669,52
2933,Implicit Unaware,13,12075669,53
2934,Implicit Unaware,13,12075669,54
2935,Implicit Unaware,13,12075669,55
2936,Implicit Unaware,13,12075669,56
2937,Implicit Unaware,13,12075669,57
2938,Implicit Unaware,13,12075669,58
2939,Implicit Unaware,13,12075669,59
2940,Implicit Unaware,13,12075669,60
2941,Implicit Unaware,13,12075669,61
2942,Implicit Unaware,13,12075669,62
2943,Implicit Unaware,13,12075669,63
2944,Implicit Unaware,13,12075669,64
2945,Implicit Unaware,13,12075669,65
2946,Implicit Unaware,13,12075669,66
2947,Implicit Unaware,13,12075669,67
2948,Implicit Unaware,13,12075669,68
2949,Implicit Unaware,13,12075669,69
2950,Implicit Unaware,13,12075669,70
2951,Implicit Unaware,13,12075669,71
2952,Implicit Unaware,13,12075669,72
2953,Implicit Unaware,13,12075669,73
2954,Implicit Unaware,13,12075669,74
2955,Implicit Unaware,13,12075669,75
2956,Implicit Unaware,13,12075669,76
2957,Implicit Unaware,13,12075669,77
2958,Implicit Unaware,13,12075669,78
2959,Implicit Unaware,13,12075669,79
2960,Implicit Unaware,13,12075669,80
2961,Implicit Unaware,13,12075669,81
2962,Implicit Unaware,13,12075669,82
2963,Implicit Unaware,13,12075669,83
2964,Implicit Unaware,13,12075669,84
2965,Implicit Unaware,13,12075669,85
2966,Implicit Unaware,13,12075669,86
2967,Implicit Unaware,13,12075669,87
2968,Implicit Unaware,13,12075669,88
2969,Implicit Unaware,13,12075669,89
2970,Implicit Unaware,13,12075669,90
2971,Implicit Unaware,13,12075669,91
2972,Implicit Unaware,13,12075669,92
2973,Implicit Unaware,13,12075669,93
2974,Implicit Unaware,13,12075669,94
2975,Implicit Unaware,13,12075669,95
2976,Implicit Unaware,13,12075669,96
2977,Implicit Unaware,13,12075669,97
2978,Implicit Unaware,13,12075669,98
2979,Implicit Unaware,13,12075669,99
2980,Implicit Unaware,13,12075669,100
2981,Implicit Unaware,13,12075669,101
2982,Implicit Unaware,13,12075669,102
2983,Implicit Unaware,13,12075669,103
2984,Implicit Unaware,13,12075669,104
2985,Implicit Unaware,13,12075669,105
2986,Implicit Unaware,13,12075669,106
2987,Implicit Unaware,13,12075669,107
2988,Implicit Unaware,13,12075669,108
2989,Implicit Unaware,13,12075669,109
2990,Implicit Unaware,13,12075669,110
2991,Implicit Unaware,13,12075669,111
2992,Implicit Unaware,13,12075669,112
2993,Implicit Unaware,13,12075669,113
2994,Implicit Unaware,13,12075669,114
2995,Implicit Unaware,13,12075669,115
2996,Implicit Unaware,13,12075669,116
2997,Implicit Unaware,13,12075669,117
2998,Implicit Unaware,13,12075669,118
2999,Implicit Unaware,13,12075669,119
3000,Implicit Unaware,13,12075669,120
3001,Implicit Unaware,13,12075669,121
3002,Implicit Unaware,13,12075669,122
3003,Implicit Unaware,13,12075669,123
3004,Implicit Unaware,13,12075669,124
3005,Implicit Unaware,13,12075669,125
3006,Implicit Unaware,13,12075669,126
3007,Implicit Unaware,13,12075669,127
3008,Implicit Unaware,13,12075669,128
3009,Implicit Unaware,13,12075669,129
3010,Implicit Unaware,13,12075669,130
3011,Implicit Unaware,13,12075669,131
3012,Implicit Unaware,13,12075669,132
3013,Implicit Unaware,13,12075669,133
3014,Implicit Unaware,13,12075669,134
3015,Implicit Unaware,13,12075669,135
3016,Implicit Unaware,13,12075669,136
3017,Implicit Unaware,13,12075669,137
3018,Implicit Unaware,13,12075669,138
3019,Implicit Unaware,13,12075669,139
3020,Implicit Unaware,13,12075669,140
3021,Implicit Unaware,13,12075669,141
3022,Implicit Unaware,13,12075669,142
3023,Implicit Unaware,13,12075669,143
3024,Implicit Unaware,13,12075669,144
3025,Implicit Unaware,13,12075669,145
3026,Implicit Unaware,13,12075669,146
3027,Implicit Unaware,13,12075669,147
3028,Implicit Unaware,13,12075669,148
3029,Implicit Unaware,13,12075669,149
3030,Implicit Unaware,13,12075669,150
3031,Implicit Unaware,13,12075669,151
3032,Implicit Unaware,13,12075669,152
3033,Implicit Unaware,13,12075669,153
3034,Implicit Unaware,13,12075669,154
3035,Implicit Unaware,13,12075669,155
3036,Implicit Unaware,13,12075669,156
3037,Implicit Unaware,13,12075669,157
3038,Implicit Unaware,13,12075669,158
3039,Implicit Unaware,13,12075669,159
3040,Implicit Unaware,13,12075669,160
3041,Implicit Unaware,13,12075669,161
3042,Implicit Unaware,13,12075669,162
3043,Implicit Unaware,13,12075669,163
3044,Implicit Unaware,13,12075669,164
3045,Implicit Unaware,13,12075669,165
3046,Implicit Unaware,13,12075669,166
3047,Implicit Unaware,13,12075669,167
3048,Implicit Unaware,13,12075669,168
3049,Implicit Unaware,13,12075669,169
3050,Implicit Unaware,13,12075669,170
3051,Implicit Unaware,13,12075669,171
3052,Implicit Unaware,13,12075669,172
3053,Implicit Unaware,13,12075669,173
3054,Implicit Unaware,13,12075669,174
3055,Implicit Unaware,13,12075669,175
3056,Implicit Unaware,13,12075669,176
3057,Implicit Unaware,13,12075669,177
3058,Implicit Unaware,13,12075669,178
3059,Implicit Unaware,13,12075669,179
3060,Implicit Unaware,13,12075669,180
3061,Implicit Unaware,13,12075669,181
3062,Implicit Unaware,13,12075669,182
3063,Implicit Unaware,13,12075669,183
3064,Implicit Unaware,13,12075669,184
3065,Implicit Unaware,13,12075669,185
3066,Implicit Unaware,13,12075669,186
3067,Implicit Unaware,13,12075669,187
3068,Implicit Unaware,13,12075669,188
3069,Implicit Unaware,13,12075669,189
3070,Implicit Unaware,13,12075669,190
3071,Implicit Unaware,13,12075669,191
3072,Implicit Unaware,13,12075669,192
3073,Implicit Unaware,13,12075669,193
3074,Implicit Unaware,13,12075669,194
3075,Implicit Unaware,13,12075669,195
3076,Implicit Unaware,13,12075669,196
3077,Implicit Unaware,13,12075669,197
3078,Implicit Unaware,13,12075669,198
3079,Implicit Unaware,13,12075669,199
3080,Implicit Unaware,13,12075669,200
3081,Implicit Unaware,13,12075669,201
3082,Implicit Unaware,13,12075669,202
3083,Implicit Unaware,13,12075669,203
3084,Implicit Unaware,13,12075669,204
3085,Implicit Unaware,13,12075669,205
3086,Implicit Unaware,13,12075669,206
3087,Implicit Unaware,13,12075669,207
3088,Implicit Unaware,13,12075669,208
3089,Implicit Unaware,13,12075669,209
3090,Implicit Unaware,13,12075669,210
3091,Implicit Unaware,13,12075669,211
3092,Implicit Unaware,13,12075669,212
3093,Implicit Unaware,13,12075669,213
3094,Implicit Unaware,13,12075669,214
3095,Implicit Unaware,13,12075669,215
3096,Implicit Unaware,13,12075669,216
3097,Implicit Unaware,13,12075669,217
3098,Implicit Unaware,13,12075669,218
3099,Implicit Unaware,13,12075669,219
3100,Implicit Unaware,13,12075669,220
3101,Implicit Unaware,13,12075669,221
3102,Implicit Unaware,13,12075669,222
3103,Implicit Unaware,13,12075669,223
3104,Implicit Unaware,13,12075669,224
3105,Implicit Unaware,13,12075669,225
3106,Implicit Unaware,13,12075669,226
3107,Implicit Unaware,13,12075669,227
3108,Implicit Unaware,13,12075669,228
3109,Implicit Unaware,13,12075669,229
3110,Implicit Unaware,13,12075669,230
3111,Implicit Unaware,13,12075669,231
3112,Implicit Unaware,13,12075669,232
3113,Implicit Unaware,13,12075669,233
3114,Implicit Unaware,13,12075669,234
3115,Implicit Unaware,13,12075669,235
3116,Implicit Unaware,13,12075669,236
3117,Implicit Unaware,13,12075669,237
3118,Implicit Unaware,13,12075669,238
3119,Implicit Unaware,13,12075669,239
3120,Implicit Unaware,13,12075669,240
3121,Implicit Unaware,14,12075672,1
3122,Implicit Unaware,14,12075672,2
3123,Implicit Unaware,14,12075672,3
3124,Implicit Unaware,14,12075672,4
3125,Implicit Unaware,14,12075672,5
3126,Implicit Unaware,14,12075672,6
3127,Implicit Unaware,14,12075672,7
3128,Implicit Unaware,14,12075672,8
3129,Implicit Unaware,14,12075672,9
3130,Implicit Unaware,14,12075672,10
3131,Implicit Unaware,14,12075672,11
3132,Implicit Unaware,14,12075672,12
3133,Implicit Unaware,14,12075672,13
3134,Implicit Unaware,14,12075672,14
3135,Implicit Unaware,14,12075672,15
3136,Implicit Unaware,14,12075672,16
3137,Implicit Unaware,14,12075672,17
3138,Implicit Unaware,14,12075672,18
3139,Implicit Unaware,14,12075672,19
3140,Implicit Unaware,14,12075672,20
3141,Implicit Unaware,14,12075672,21
3142,Implicit Unaware,14,12075672,22
3143,Implicit Unaware,14,12075672,23
3144,Implicit Unaware,14,12075672,24
3145,Implicit Unaware,14,12075672,25
3146,Implicit Unaware,14,12075672,26
3147,Implicit Unaware,14,12075672,27
3148,Implicit Unaware,14,12075672,28
3149,Implicit Unaware,14,12075672,29
3150,Implicit Unaware,14,12075672,30
3151,Implicit Unaware,14,12075672,31
3152,Implicit Unaware,14,12075672,32
3153,Implicit Unaware,14,12075672,33
3154,Implicit Unaware,14,12075672,34
3155,Implicit Unaware,14,12075672,35
3156,Implicit Unaware,14,12075672,36
3157,Implicit Unaware,14,12075672,37
3158,Implicit Unaware,14,12075672,38
3159,Implicit Unaware,14,12075672,39
3160,Implicit Unaware,14,12075672,40
3161,Implicit Unaware,14,12075672,41
3162,Implicit Unaware,14,12075672,42
3163,Implicit Unaware,14,12075672,43
3164,Implicit Unaware,14,12075672,44
3165,Implicit Unaware,14,12075672,45
3166,Implicit Unaware,14,12075672,46
3167,Implicit Unaware,14,12075672,47
3168,Implicit Unaware,14,12075672,48
3169,Implicit Unaware,14,12075672,49
3170,Implicit Unaware,14,12075672,50
3171,Implicit Unaware,14,12075672,51
3172,Implicit Unaware,14,12075672,52
3173,Implicit Unaware,14,12075672,53
3174,Implicit Unaware,14,12075672,54
3175,Implicit Unaware,14,12075672,55
3176,Implicit Unaware,14,12075672,56
3177,Implicit Unaware,14,12075672,57
3178,Implicit Unaware,14,12075672,58
3179,Implicit Unaware,14,12075672,59
3180,Implicit Unaware,14,12075672,60
3181,Implicit Unaware,14,12075672,61
3182,Implicit Unaware,14,12075672,62
3183,Implicit Unaware,14,12075672,63
3184,Implicit Unaware,14,12075672,64
3185,Implicit Unaware,14,12075672,65
3186,Implicit Unaware,14,12075672,66
3187,Implicit Unaware,14,12075672,67
3188,Implicit Unaware,14,12075672,68
3189,Implicit Unaware,14,12075672,69
3190,Implicit Unaware,14,12075672,70
3191,Implicit Unaware,14,12075672,71
3192,Implicit Unaware,14,12075672,72
3193,Implicit Unaware,14,12075672,73
3194,Implicit Unaware,14,12075672,74
3195,Implicit Unaware,14,12075672,75
3196,Implicit Unaware,14,12075672,76
3197,Implicit Unaware,14,12075672,77
3198,Implicit Unaware,14,12075672,78
3199,Implicit Unaware,14,12075672,79
3200,Implicit Unaware,14,12075672,80
3201,Implicit Unaware,14,12075672,81
3202,Implicit Unaware,14,12075672,82
3203,Implicit Unaware,14,12075672,83
3204,Implicit Unaware,14,12075672,84
3205,Implicit Unaware,14,12075672,85
3206,Implicit Unaware,14,12075672,86
3207,Implicit Unaware,14,12075672,87
3208,Implicit Unaware,14,12075672,88
3209,Implicit Unaware,14,12075672,89
3210,Implicit Unaware,14,12075672,90
3211,Implicit Unaware,14,12075672,91
3212,Implicit Unaware,14,12075672,92
3213,Implicit Unaware,14,12075672,93
3214,Implicit Unaware,14,12075672,94
3215,Implicit Unaware,14,12075672,95
3216,Implicit Unaware,14,12075672,96
3217,Implicit Unaware,14,12075672,97
3218,Implicit Unaware,14,12075672,98
3219,Implicit Unaware,14,12075672,99
3220,Implicit Unaware,14,12075672,100
3221,Implicit Unaware,14,12075672,101
3222,Implicit Unaware,14,12075672,102
3223,Implicit Unaware,14,12075672,103
3224,Implicit Unaware,14,12075672,104
3225,Implicit Unaware,14,12075672,105
3226,Implicit Unaware,14,12075672,106
3227,Implicit Unaware,14,12075672,107
3228,Implicit Unaware,14,12075672,108
3229,Implicit Unaware,14,12075672,109
3230,Implicit Unaware,14,12075672,110
3231,Implicit Unaware,14,12075672,111
3232,Implicit Unaware,14,12075672,112
3233,Implicit Unaware,14,12075672,113
3234,Implicit Unaware,14,12075672,114
3235,Implicit Unaware,14,12075672,115
3236,Implicit Unaware,14,12075672,116
3237,Implicit Unaware,14,12075672,117
3238,Implicit Unaware,14,12075672,118
3239,Implicit Unaware,14,12075672,119
3240,Implicit Unaware,14,12075672,120
3241,Implicit Unaware,14,12075672,121
3242,Implicit Unaware,14,12075672,122
3243,Implicit Unaware,14,12075672,123
3244,Implicit Unaware,14,12075672,124
3245,Implicit Unaware,14,12075672,125
3246,Implicit Unaware,14,12075672,126
3247,Implicit Unaware,14,12075672,127
3248,Implicit Unaware,14,12075672,128
3249,Implicit Unaware,14,12075672,129
3250,Implicit Unaware,14,12075672,130
3251,Implicit Unaware,14,12075672,131
3252,Implicit Unaware,14,12075672,132
3253,Implicit Unaware,14,12075672,133
3254,Implicit Unaware,14,12075672,134
3255,Implicit Unaware,14,12075672,135
3256,Implicit Unaware,14,12075672,136
3257,Implicit Unaware,14,12075672,137
3258,Implicit Unaware,14,12075672,138
3259,Implicit Unaware,14,12075672,139
3260,Implicit Unaware,14,12075672,140
3261,Implicit Unaware,14,12075672,141
3262,Implicit Unaware,14,12075672,142
3263,Implicit Unaware,14,12075672,143
3264,Implicit Unaware,14,12075672,144
3265,Implicit Unaware,14,12075672,145
3266,Implicit Unaware,14,12075672,146
3267,Implicit Unaware,14,12075672,147
3268,Implicit Unaware,14,12075672,148
3269,Implicit Unaware,14,12075672,149
3270,Implicit Unaware,14,12075672,150
3271,Implicit Unaware,14,12075672,151
3272,Implicit Unaware,14,12075672,152
3273,Implicit Unaware,14,12075672,153
3274,Implicit Unaware,14,12075672,154
3275,Implicit Unaware,14,12075672,155
3276,Implicit Unaware,14,12075672,156
3277,Implicit Unaware,14,12075672,157
3278,Implicit Unaware,14,12075672,158
3279,Implicit Unaware,14,12075672,159
3280,Implicit Unaware,14,12075672,160
3281,Implicit Unaware,14,12075672,161
3282,Implicit Unaware,14,12075672,162
3283,Implicit Unaware,14,12075672,163
3284,Implicit Unaware,14,12075672,164
3285,Implicit Unaware,14,12075672,165
3286,Implicit Unaware,14,12075672,166
3287,Implicit Unaware,14,12075672,167
3288,Implicit Unaware,14,12075672,168
3289,Implicit Unaware,14,12075672,169
3290,Implicit Unaware,14,12075672,170
3291,Implicit Unaware,14,12075672,171
3292,Implicit Unaware,14,12075672,172
3293,Implicit Unaware,14,12075672,173
3294,Implicit Unaware,14,12075672,174
3295,Implicit Unaware,14,12075672,175
3296,Implicit Unaware,14,12075672,176
3297,Implicit Unaware,14,12075672,177
3298,Implicit Unaware,14,12075672,178
3299,Implicit Unaware,14,12075672,179
3300,Implicit Unaware,14,12075672,180
3301,Implicit Unaware,14,12075672,181
3302,Implicit Unaware,14,12075672,182
3303,Implicit Unaware,14,12075672,183
3304,Implicit Unaware,14,12075672,184
3305,Implicit Unaware,14,12075672,185
3306,Implicit Unaware,14,12075672,186
3307,Implicit Unaware,14,12075672,187
3308,Implicit Unaware,14,12075672,188
3309,Implicit Unaware,14,12075672,189
3310,Implicit Unaware,14,12075672,190
3311,Implicit Unaware,14,12075672,191
3312,Implicit Unaware,14,12075672,192
3313,Implicit Unaware,14,12075672,193
3314,Implicit Unaware,14,12075672,194
3315,Implicit Unaware,14,12075672,195
3316,Implicit Unaware,14,12075672,196
3317,Implicit Unaware,14,12075672,197
3318,Implicit Unaware,14,12075672,198
3319,Implicit Unaware,14,12075672,199
3320,Implicit Unaware,14,12075672,200
3321,Implicit Unaware,14,12075672,201
3322,Implicit Unaware,14,12075672,202
3323,Implicit Unaware,14,12075672,203
3324,Implicit Unaware,14,12075672,204
3325,Implicit Unaware,14,12075672,205
3326,Implicit Unaware,14,12075672,206
3327,Implicit Unaware,14,12075672,207
3328,Implicit Unaware,14,12075672,208
3329,Implicit Unaware,14,12075672,209
3330,Implicit Unaware,14,12075672,210
3331,Implicit Unaware,14,12075672,211
3332,Implicit Unaware,14,12075672,212
3333,Implicit Unaware,14,12075672,213
3334,Implicit Unaware,14,12075672,214
3335,Implicit Unaware,14,12075672,215
3336,Implicit Unaware,14,12075672,216
3337,Implicit Unaware,14,12075672,217
3338,Implicit Unaware,14,12075672,218
3339,Implicit Unaware,14,12075672,219
3340,Implicit Unaware,14,12075672,220
3341,Implicit Unaware,14,12075672,221
3342,Implicit Unaware,14,12075672,222
3343,Implicit Unaware,14,12075672,223
3344,Implicit Unaware,14,12075672,224
3345,Implicit Unaware,14,12075672,225
3346,Implicit Unaware,14,12075672,226
3347,Implicit Unaware,14,12075672,227
3348,Implicit Unaware,14,12075672,228
3349,Implicit Unaware,14,12075672,229
3350,Implicit Unaware,14,12075672,230
3351,Implicit Unaware,14,12075672,231
3352,Implicit Unaware,14,12075672,232
3353,Implicit Unaware,14,12075672,233
3354,Implicit Unaware,14,12075672,234
3355,Implicit Unaware,14,12075672,235
3356,Implicit Unaware,14,12075672,236
3357,Implicit Unaware,14,12075672,237
3358,Implicit Unaware,14,12075672,238
3359,Implicit Unaware,14,12075672,239
3360,Implicit Unaware,14,12075672,240
3361,Implicit Unaware,15,12075674,1
3362,Implicit Unaware,15,12075674,2
3363,Implicit Unaware,15,12075674,3
3364,Implicit Unaware,15,12075674,4
3365,Implicit Unaware,15,12075674,5
3366,Implicit Unaware,15,12075674,6
3367,Implicit Unaware,15,12075674,7
3368,Implicit Unaware,15,12075674,8
3369,Implicit Unaware,15,12075674,9
3370,Implicit Unaware,15,12075674,10
3371,Implicit Unaware,15,12075674,11
3372,Implicit Unaware,15,12075674,12
3373,Implicit Unaware,15,12075674,13
3374,Implicit Unaware,15,12075674,14
3375,Implicit Unaware,15,12075674,15
3376,Implicit Unaware,15,12075674,16
3377,Implicit Unaware,15,12075674,17
3378,Implicit Unaware,15,12075674,18
3379,Implicit Unaware,15,12075674,19
3380,Implicit Unaware,15,12075674,20
3381,Implicit Unaware,15,12075674,21
3382,Implicit Unaware,15,12075674,22
3383,Implicit Unaware,15,12075674,23
3384,Implicit Unaware,15,12075674,24
3385,Implicit Unaware,15,12075674,25
3386,Implicit Unaware,15,12075674,26
3387,Implicit Unaware,15,12075674,27
3388,Implicit Unaware,15,12075674,28
3389,Implicit Unaware,15,12075674,29
3390,Implicit Unaware,15,12075674,30
3391,Implicit Unaware,15,12075674,31
3392,Implicit Unaware,15,12075674,32
3393,Implicit Unaware,15,12075674,33
3394,Implicit Unaware,15,12075674,34
3395,Implicit Unaware,15,12075674,35
3396,Implicit Unaware,15,12075674,36
3397,Implicit Unaware,15,12075674,37
3398,Implicit Unaware,15,12075674,38
3399,Implicit Unaware,15,12075674,39
3400,Implicit Unaware,15,12075674,40
3401,Implicit Unaware,15,12075674,41
3402,Implicit Unaware,15,12075674,42
3403,Implicit Unaware,15,12075674,43
3404,Implicit Unaware,15,12075674,44
3405,Implicit Unaware,15,12075674,45
3406,Implicit Unaware,15,12075674,46
3407,Implicit Unaware,15,12075674,47
3408,Implicit Unaware,15,12075674,48
3409,Implicit Unaware,15,12075674,49
3410,Implicit Unaware,15,12075674,50
3411,Implicit Unaware,15,12075674,51
3412,Implicit Unaware,15,12075674,52
3413,Implicit Unaware,15,12075674,53
3414,Implicit Unaware,15,12075674,54
3415,Implicit Unaware,15,12075674,55
3416,Implicit Unaware,15,12075674,56
3417,Implicit Unaware,15,12075674,57
3418,Implicit Unaware,15,12075674,58
3419,Implicit Unaware,15,12075674,59
3420,Implicit Unaware,15,12075674,60
3421,Implicit Unaware,15,12075674,61
3422,Implicit Unaware,15,12075674,62
3423,Implicit Unaware,15,12075674,63
3424,Implicit Unaware,15,12075674,64
3425,Implicit Unaware,15,12075674,65
3426,Implicit Unaware,15,12075674,66
3427,Implicit Unaware,15,12075674,67
3428,Implicit Unaware,15,12075674,68
3429,Implicit Unaware,15,12075674,69
3430,Implicit Unaware,15,12075674,70
3431,Implicit Unaware,15,12075674,71
3432,Implicit Unaware,15,12075674,72
3433,Implicit Unaware,15,12075674,73
3434,Implicit Unaware,15,12075674,74
3435,Implicit Unaware,15,12075674,75
3436,Implicit Unaware,15,12075674,76
3437,Implicit Unaware,15,12075674,77
3438,Implicit Unaware,15,12075674,78
3439,Implicit Unaware,15,12075674,79
3440,Implicit Unaware,15,12075674,80
3441,Implicit Unaware,15,12075674,81
3442,Implicit Unaware,15,12075674,82
3443,Implicit Unaware,15,12075674,83
3444,Implicit Unaware,15,12075674,84
3445,Implicit Unaware,15,12075674,85
3446,Implicit Unaware,15,12075674,86
3447,Implicit Unaware,15,12075674,87
3448,Implicit Unaware,15,12075674,88
3449,Implicit Unaware,15,12075674,89
3450,Implicit Unaware,15,12075674,90
3451,Implicit Unaware,15,12075674,91
3452,Implicit Unaware,15,12075674,92
3453,Implicit Unaware,15,12075674,93
3454,Implicit Unaware,15,12075674,94
3455,Implicit Unaware,15,12075674,95
3456,Implicit Unaware,15,12075674,96
3457,Implicit Unaware,15,12075674,97
3458,Implicit Unaware,15,12075674,98
3459,Implicit Unaware,15,12075674,99
3460,Implicit Unaware,15,12075674,100
3461,Implicit Unaware,15,12075674,101
3462,Implicit Unaware,15,12075674,102
3463,Implicit Unaware,15,12075674,103
3464,Implicit Unaware,15,12075674,104
3465,Implicit Unaware,15,12075674,105
3466,Implicit Unaware,15,12075674,106
3467,Implicit Unaware,15,12075674,107
3468,Implicit Unaware,15,12075674,108
3469,Implicit Unaware,15,12075674,109
3470,Implicit Unaware,15,12075674,110
3471,Implicit Unaware,15,12075674,111
3472,Implicit Unaware,15,12075674,112
3473,Implicit Unaware,15,12075674,113
3474,Implicit Unaware,15,12075674,114
3475,Implicit Unaware,15,12075674,115
3476,Implicit Unaware,15,12075674,116
3477,Implicit Unaware,15,12075674,117
3478,Implicit Unaware,15,12075674,118
3479,Implicit Unaware,15,12075674,119
3480,Implicit Unaware,15,12075674,120
3481,Implicit Unaware,15,12075674,121
3482,Implicit Unaware,15,12075674,122
3483,Implicit Unaware,15,12075674,123
3484,Implicit Unaware,15,12075674,124
3485,Implicit Unaware,15,12075674,125
3486,Implicit Unaware,15,12075674,126
3487,Implicit Unaware,15,12075674,127
3488,Implicit Unaware,15,12075674,128
3489,Implicit Unaware,15,12075674,129
3490,Implicit Unaware,15,12075674,130
3491,Implicit Unaware,15,12075674,131
3492,Implicit Unaware,15,12075674,132
3493,Implicit Unaware,15,12075674,133
3494,Implicit Unaware,15,12075674,134
3495,Implicit Unaware,15,12075674,135
3496,Implicit Unaware,15,12075674,136
3497,Implicit Unaware,15,12075674,137
3498,Implicit Unaware,15,12075674,138
3499,Implicit Unaware,15,12075674,139
3500,Implicit Unaware,15,12075674,140
3501,Implicit Unaware,15,12075674,141
3502,Implicit Unaware,15,12075674,142
3503,Implicit Unaware,15,12075674,143
3504,Implicit Unaware,15,12075674,144
3505,Implicit Unaware,15,12075674,145
3506,Implicit Unaware,15,12075674,146
3507,Implicit Unaware,15,12075674,147
3508,Implicit Unaware,15,12075674,148
3509,Implicit Unaware,15,12075674,149
3510,Implicit Unaware,15,12075674,150
3511,Implicit Unaware,15,12075674,151
3512,Implicit Unaware,15,12075674,152
3513,Implicit Unaware,15,12075674,153
3514,Implicit Unaware,15,12075674,154
3515,Implicit Unaware,15,12075674,155
3516,Implicit Unaware,15,12075674,156
3517,Implicit Unaware,15,12075674,157
3518,Implicit Unaware,15,12075674,158
3519,Implicit Unaware,15,12075674,159
3520,Implicit Unaware,15,12075674,160
3521,Implicit Unaware,15,12075674,161
3522,Implicit Unaware,15,12075674,162
3523,Implicit Unaware,15,12075674,163
3524,Implicit Unaware,15,12075674,164
3525,Implicit Unaware,15,12075674,165
3526,Implicit Unaware,15,12075674,166
3527,Implicit Unaware,15,12075674,167
3528,Implicit Unaware,15,12075674,168
3529,Implicit Unaware,15,12075674,169
3530,Implicit Unaware,15,12075674,170
3531,Implicit Unaware,15,12075674,171
3532,Implicit Unaware,15,12075674,172
3533,Implicit Unaware,15,12075674,173
3534,Implicit Unaware,15,12075674,174
3535,Implicit Unaware,15,12075674,175
3536,Implicit Unaware,15,12075674,176
3537,Implicit Unaware,15,12075674,177
3538,Implicit Unaware,15,12075674,178
3539,Implicit Unaware,15,12075674,179
3540,Implicit Unaware,15,12075674,180
3541,Implicit Unaware,15,12075674,181
3542,Implicit Unaware,15,12075674,182
3543,Implicit Unaware,15,12075674,183
3544,Implicit Unaware,15,12075674,184
3545,Implicit Unaware,15,12075674,185
3546,Implicit Unaware,15,12075674,186
3547,Implicit Unaware,15,12075674,187
3548,Implicit Unaware,15,12075674,188
3549,Implicit Unaware,15,12075674,189
3550,Implicit Unaware,15,12075674,190
3551,Implicit Unaware,15,12075674,191
3552,Implicit Unaware,15,12075674,192
3553,Implicit Unaware,15,12075674,193
3554,Implicit Unaware,15,12075674,194
3555,Implicit Unaware,15,12075674,195
3556,Implicit Unaware,15,12075674,196
3557,Implicit Unaware,15,12075674,197
3558,Implicit Unaware,15,12075674,198
3559,Implicit Unaware,15,12075674,199
3560,Implicit Unaware,15,12075674,200
3561,Implicit Unaware,15,12075674,201
3562,Implicit Unaware,15,12075674,202
3563,Implicit Unaware,15,12075674,203
3564,Implicit Unaware,15,12075674,204
3565,Implicit Unaware,15,12075674,205
3566,Implicit Unaware,15,12075674,206
3567,Implicit Unaware,15,12075674,207
3568,Implicit Unaware,15,12075674,208
3569,Implicit Unaware,15,12075674,209
3570,Implicit Unaware,15,12075674,210
3571,Implicit Unaware,15,12075674,211
3572,Implicit Unaware,15,12075674,212
3573,Implicit Unaware,15,12075674,213
3574,Implicit Unaware,15,12075674,214
3575,Implicit Unaware,15,12075674,215
3576,Implicit Unaware,15,12075674,216
3577,Implicit Unaware,15,12075674,217
3578,Implicit Unaware,15,12075674,218
3579,Implicit Unaware,15,12075674,219
3580,Implicit Unaware,15,12075674,220
3581,Implicit Unaware,15,12075674,221
3582,Implicit Unaware,15,12075674,222
3583,Implicit Unaware,15,12075674,223
3584,Implicit Unaware,15,12075674,224
3585,Implicit Unaware,15,12075674,225
3586,Implicit Unaware,15,12075674,226
3587,Implicit Unaware,15,12075674,227
3588,Implicit Unaware,15,12075674,228
3589,Implicit Unaware,15,12075674,229
3590,Implicit Unaware,15,12075674,230
3591,Implicit Unaware,15,12075674,231
3592,Implicit Unaware,15,12075674,232
3593,Implicit Unaware,15,12075674,233
3594,Implicit Unaware,15,12075674,234
3595,Implicit Unaware,15,12075674,235
3596,Implicit Unaware,15,12075674,236
3597,Implicit Unaware,15,12075674,237
3598,Implicit Unaware,15,12075674,238
3599,Implicit Unaware,15,12075674,239
3600,Implicit Unaware,15,12075674,240
3601,Implicit Unaware,16,12075675,1
3602,Implicit Unaware,16,12075675,2
3603,Implicit Unaware,16,12075675,3
3604,Implicit Unaware,16,12075675,4
3605,Implicit Unaware,16,12075675,5
3606,Implicit Unaware,16,12075675,6
3607,Implicit Unaware,16,12075675,7
3608,Implicit Unaware,16,12075675,8
3609,Implicit Unaware,16,12075675,9
3610,Implicit Unaware,16,12075675,10
3611,Implicit Unaware,16,12075675,11
3612,Implicit Unaware,16,12075675,12
3613,Implicit Unaware,16,12075675,13
3614,Implicit Unaware,16,12075675,14
3615,Implicit Unaware,16,12075675,15
3616,Implicit Unaware,16,12075675,16
3617,Implicit Unaware,16,12075675,17
3618,Implicit Unaware,16,12075675,18
3619,Implicit Unaware,16,12075675,19
3620,Implicit Unaware,16,12075675,20
3621,Implicit Unaware,16,12075675,21
3622,Implicit Unaware,16,12075675,22
3623,Implicit Unaware,16,12075675,23
3624,Implicit Unaware,16,12075675,24
3625,Implicit Unaware,16,12075675,25
3626,Implicit Unaware,16,12075675,26
3627,Implicit Unaware,16,12075675,27
3628,Implicit Unaware,16,12075675,28
3629,Implicit Unaware,16,12075675,29
3630,Implicit Unaware,16,12075675,30
3631,Implicit Unaware,16,12075675,31
3632,Implicit Unaware,16,12075675,32
3633,Implicit Unaware,16,12075675,33
3634,Implicit Unaware,16,12075675,34
3635,Implicit Unaware,16,12075675,35
3636,Implicit Unaware,16,12075675,36
3637,Implicit Unaware,16,12075675,37
3638,Implicit Unaware,16,12075675,38
3639,Implicit Unaware,16,12075675,39
3640,Implicit Unaware,16,12075675,40
3641,Implicit Unaware,16,12075675,41
3642,Implicit Unaware,16,12075675,42
3643,Implicit Unaware,16,12075675,43
3644,Implicit Unaware,16,12075675,44
3645,Implicit Unaware,16,12075675,45
3646,Implicit Unaware,16,12075675,46
3647,Implicit Unaware,16,12075675,47
3648,Implicit Unaware,16,12075675,48
3649,Implicit Unaware,16,12075675,49
3650,Implicit Unaware,16,12075675,50
3651,Implicit Unaware,16,12075675,51
3652,Implicit Unaware,16,12075675,52
3653,Implicit Unaware,16,12075675,53
3654,Implicit Unaware,16,12075675,54
3655,Implicit Unaware,16,12075675,55
3656,Implicit Unaware,16,12075675,56
3657,Implicit Unaware,16,12075675,57
3658,Implicit Unaware,16,12075675,58
3659,Implicit Unaware,16,12075675,59
3660,Implicit Unaware,16,12075675,60
3661,Implicit Unaware,16,12075675,61
3662,Implicit Unaware,16,12075675,62
3663,Implicit Unaware,16,12075675,63
3664,Implicit Unaware,16,12075675,64
3665,Implicit Unaware,16,12075675,65
3666,Implicit Unaware,16,12075675,66
3667,Implicit Unaware,16,12075675,67
3668,Implicit Unaware,16,12075675,68
3669,Implicit Unaware,16,12075675,69
3670,Implicit Unaware,16,12075675,70
3671,Implicit Unaware,16,12075675,71
3672,Implicit Unaware,16,12075675,72
3673,Implicit Unaware,16,12075675,73
3674,Implicit Unaware,16,12075675,74
3675,Implicit Unaware,16,12075675,75
3676,Implicit Unaware,16,12075675,76
3677,Implicit Unaware,16,12075675,77
3678,Implicit Unaware,16,12075675,78
3679,Implicit Unaware,16,12075675,79
3680,Implicit Unaware,16,12075675,80
3681,Implicit Unaware,16,12075675,81
3682,Implicit Unaware,16,12075675,82
3683,Implicit Unaware,16,12075675,83
3684,Implicit Unaware,16,12075675,84
3685,Implicit Unaware,16,12075675,85
3686,Implicit Unaware,16,12075675,86
3687,Implicit Unaware,16,12075675,87
3688,Implicit Unaware,16,12075675,88
3689,Implicit Unaware,16,12075675,89
3690,Implicit Unaware,16,12075675,90
3691,Implicit Unaware,16,12075675,91
3692,Implicit Unaware,16,12075675,92
3693,Implicit Unaware,16,12075675,93
3694,Implicit Unaware,16,12075675,94
3695,Implicit Unaware,16,12075675,95
3696,Implicit Unaware,16,12075675,96
3697,Implicit Unaware,16,12075675,97
3698,Implicit Unaware,16,12075675,98
3699,Implicit Unaware,16,12075675,99
3700,Implicit Unaware,16,12075675,100
3701,Implicit Unaware,16,12075675,101
3702,Implicit Unaware,16,12075675,102
3703,Implicit Unaware,16,12075675,103
3704,Implicit Unaware,16,12075675,104
3705,Implicit Unaware,16,12075675,105
3706,Implicit Unaware,16,12075675,106
3707,Implicit Unaware,16,12075675,107
3708,Implicit Unaware,16,12075675,108
3709,Implicit Unaware,16,12075675,109
3710,Implicit Unaware,16,12075675,110
3711,Implicit Unaware,16,12075675,111
3712,Implicit Unaware,16,12075675,112
3713,Implicit Unaware,16,12075675,113
3714,Implicit Unaware,16,12075675,114
3715,Implicit Unaware,16,12075675,115
3716,Implicit Unaware,16,12075675,116
3717,Implicit Unaware,16,12075675,117
3718,Implicit Unaware,16,12075675,118
3719,Implicit Unaware,16,12075675,119
3720,Implicit Unaware,16,12075675,120
3721,Implicit Unaware,16,12075675,121
3722,Implicit Unaware,16,12075675,122
3723,Implicit Unaware,16,12075675,123
3724,Implicit Unaware,16,12075675,124
3725,Implicit Unaware,16,12075675,125
3726,Implicit Unaware,16,12075675,126
3727,Implicit Unaware,16,12075675,127
3728,Implicit Unaware,16,12075675,128
3729,Implicit Unaware,16,12075675,129
3730,Implicit Unaware,16,12075675,130
3731,Implicit Unaware,16,12075675,131
3732,Implicit Unaware,16,12075675,132
3733,Implicit Unaware,16,12075675,133
3734,Implicit Unaware,16,12075675,134
3735,Implicit Unaware,16,12075675,135
3736,Implicit Unaware,16,12075675,136
3737,Implicit Unaware,16,12075675,137
3738,Implicit Unaware,16,12075675,138
3739,Implicit Unaware,16,12075675,139
3740,Implicit Unaware,16,12075675,140
3741,Implicit Unaware,16,12075675,141
3742,Implicit Unaware,16,12075675,142
3743,Implicit Unaware,16,12075675,143
3744,Implicit Unaware,16,12075675,144
3745,Implicit Unaware,16,12075675,145
3746,Implicit Unaware,16,12075675,146
3747,Implicit Unaware,16,12075675,147
3748,Implicit Unaware,16,12075675,148
3749,Implicit Unaware,16,12075675,149
3750,Implicit Unaware,16,12075675,150
3751,Implicit Unaware,16,12075675,151
3752,Implicit Unaware,16,12075675,152
3753,Implicit Unaware,16,12075675,153
3754,Implicit Unaware,16,12075675,154
3755,Implicit Unaware,16,12075675,155
3756,Implicit Unaware,16,12075675,156
3757,Implicit Unaware,16,12075675,157
3758,Implicit Unaware,16,12075675,158
3759,Implicit Unaware,16,12075675,159
3760,Implicit Unaware,16,12075675,160
3761,Implicit Unaware,16,12075675,161
3762,Implicit Unaware,16,12075675,162
3763,Implicit Unaware,16,12075675,163
3764,Implicit Unaware,16,12075675,164
3765,Implicit Unaware,16,12075675,165
3766,Implicit Unaware,16,12075675,166
3767,Implicit Unaware,16,12075675,167
3768,Implicit Unaware,16,12075675,168
3769,Implicit Unaware,16,12075675,169
3770,Implicit Unaware,16,12075675,170
3771,Implicit Unaware,16,12075675,171
3772,Implicit Unaware,16,12075675,172
3773,Implicit Unaware,16,12075675,173
3774,Implicit Unaware,16,12075675,174
3775,Implicit Unaware,16,12075675,175
3776,Implicit Unaware,16,12075675,176
3777,Implicit Unaware,16,12075675,177
3778,Implicit Unaware,16,12075675,178
3779,Implicit Unaware,16,12075675,179
3780,Implicit Unaware,16,12075675,180
3781,Implicit Unaware,16,12075675,181
3782,Implicit Unaware,16,12075675,182
3783,Implicit Unaware,16,12075675,183
3784,Implicit Unaware,16,12075675,184
3785,Implicit Unaware,16,12075675,185
3786,Implicit Unaware,16,12075675,186
3787,Implicit Unaware,16,12075675,187
3788,Implicit Unaware,16,12075675,188
3789,Implicit Unaware,16,12075675,189
3790,Implicit Unaware,16,12075675,190
3791,Implicit Unaware,16,12075675,191
3792,Implicit Unaware,16,12075675,192
3793,Implicit Unaware,16,12075675,193
3794,Implicit Unaware,16,12075675,194
3795,Implicit Unaware,16,12075675,195
3796,Implicit Unaware,16,12075675,196
3797,Implicit Unaware,16,12075675,197
3798,Implicit Unaware,16,12075675,198
3799,Implicit Unaware,16,12075675,199
3800,Implicit Unaware,16,12075675,200
3801,Implicit Unaware,16,12075675,201
3802,Implicit Unaware,16,12075675,202
3803,Implicit Unaware,16,12075675,203
3804,Implicit Unaware,16,12075675,204
3805,Implicit Unaware,16,12075675,205
3806,Implicit Unaware,16,12075675,206
3807,Implicit Unaware,16,12075675,207
3808,Implicit Unaware,16,12075675,208
3809,Implicit Unaware,16,12075675,209
3810,Implicit Unaware,16,12075675,210
3811,Implicit Unaware,16,12075675,211
3812,Implicit Unaware,16,12075675,212
3813,Implicit Unaware,16,12075675,213
3814,Implicit Unaware,16,12075675,214
3815,Implicit Unaware,16,12075675,215
3816,Implicit Unaware,16,12075675,216
3817,Implicit Unaware,16,12075675,217
3818,Implicit Unaware,16,12075675,218
3819,Implicit Unaware,16,12075675,219
3820,Implicit Unaware,16,12075675,220
3821,Implicit Unaware,16,12075675,221
3822,Implicit Unaware,16,12075675,222
3823,Implicit Unaware,16,12075675,223
3824,Implicit Unaware,16,12075675,224
3825,Implicit Unaware,16,12075675,225
3826,Implicit Unaware,16,12075675,226
3827,Implicit Unaware,16,12075675,227
3828,Implicit Unaware,16,12075675,228
3829,Implicit Unaware,16,12075675,229
3830,Implicit Unaware,16,12075675,230
3831,Implicit Unaware,16,12075675,231
3832,Implicit Unaware,16,12075675,232
3833,Implicit Unaware,16,12075675,233
3834,Implicit Unaware,16,12075675,234
3835,Implicit Unaware,16,12075675,235
3836,Implicit Unaware,16,12075675,236
3837,Implicit Unaware,16,12075675,237
3838,Implicit Unaware,16,12075675,238
3839,Implicit Unaware,16,12075675,239
3840,Implicit Unaware,16,12075675,240
3841,Implicit Unaware,17,12075677,1
3842,Implicit Unaware,17,12075677,2
3843,Implicit Unaware,17,12075677,3
3844,Implicit Unaware,17,12075677,4
3845,Implicit Unaware,17,12075677,5
3846,Implicit Unaware,17,12075677,6
3847,Implicit Unaware,17,12075677,7
3848,Implicit Unaware,17,12075677,8
3849,Implicit Unaware,17,12075677,9
3850,Implicit Unaware,17,12075677,10
3851,Implicit Unaware,17,12075677,11
3852,Implicit Unaware,17,12075677,12
3853,Implicit Unaware,17,12075677,13
3854,Implicit Unaware,17,12075677,14
3855,Implicit Unaware,17,12075677,15
3856,Implicit Unaware,17,12075677,16
3857,Implicit Unaware,17,12075677,17
3858,Implicit Unaware,17,12075677,18
3859,Implicit Unaware,17,12075677,19
3860,Implicit Unaware,17,12075677,20
3861,Implicit Unaware,17,12075677,21
3862,Implicit Unaware,17,12075677,22
3863,Implicit Unaware,17,12075677,23
3864,Implicit Unaware,17,12075677,24
3865,Implicit Unaware,17,12075677,25
3866,Implicit Unaware,17,12075677,26
3867,Implicit Unaware,17,12075677,27
3868,Implicit Unaware,17,12075677,28
3869,Implicit Unaware,17,12075677,29
3870,Implicit Unaware,17,12075677,30
3871,Implicit Unaware,17,12075677,31
3872,Implicit Unaware,17,12075677,32
3873,Implicit Unaware,17,12075677,33
3874,Implicit Unaware,17,12075677,34
3875,Implicit Unaware,17,12075677,35
3876,Implicit Unaware,17,12075677,36
3877,Implicit Unaware,17,12075677,37
3878,Implicit Unaware,17,12075677,38
3879,Implicit Unaware,17,12075677,39
3880,Implicit Unaware,17,12075677,40
3881,Implicit Unaware,17,12075677,41
3882,Implicit Unaware,17,12075677,42
3883,Implicit Unaware,17,12075677,43
3884,Implicit Unaware,17,12075677,44
3885,Implicit Unaware,17,12075677,45
3886,Implicit Unaware,17,12075677,46
3887,Implicit Unaware,17,12075677,47
3888,Implicit Unaware,17,12075677,48
3889,Implicit Unaware,17,12075677,49
3890,Implicit Unaware,17,12075677,50
3891,Implicit Unaware,17,12075677,51
3892,Implicit Unaware,17,12075677,52
3893,Implicit Unaware,17,12075677,53
3894,Implicit Unaware,17,12075677,54
3895,Implicit Unaware,17,12075677,55
3896,Implicit Unaware,17,12075677,56
3897,Implicit Unaware,17,12075677,57
3898,Implicit Unaware,17,12075677,58
3899,Implicit Unaware,17,12075677,59
3900,Implicit Unaware,17,12075677,60
3901,Implicit Unaware,17,12075677,61
3902,Implicit Unaware,17,12075677,62
3903,Implicit Unaware,17,12075677,63
3904,Implicit Unaware,17,12075677,64
3905,Implicit Unaware,17,12075677,65
3906,Implicit Unaware,17,12075677,66
3907,Implicit Unaware,17,12075677,67
3908,Implicit Unaware,17,12075677,68
3909,Implicit Unaware,17,12075677,69
3910,Implicit Unaware,17,12075677,70
3911,Implicit Unaware,17,12075677,71
3912,Implicit Unaware,17,12075677,72
3913,Implicit Unaware,17,12075677,73
3914,Implicit Unaware,17,12075677,74
3915,Implicit Unaware,17,12075677,75
3916,Implicit Unaware,17,12075677,76
3917,Implicit Unaware,17,12075677,77
3918,Implicit Unaware,17,12075677,78
3919,Implicit Unaware,17,12075677,79
3920,Implicit Unaware,17,12075677,80
3921,Implicit Unaware,17,12075677,81
3922,Implicit Unaware,17,12075677,82
3923,Implicit Unaware,17,12075677,83
3924,Implicit Unaware,17,12075677,84
3925,Implicit Unaware,17,12075677,85
3926,Implicit Unaware,17,12075677,86
3927,Implicit Unaware,17,12075677,87
3928,Implicit Unaware,17,12075677,88
3929,Implicit Unaware,17,12075677,89
3930,Implicit Unaware,17,12075677,90
3931,Implicit Unaware,17,12075677,91
3932,Implicit Unaware,17,12075677,92
3933,Implicit Unaware,17,12075677,93
3934,Implicit Unaware,17,12075677,94
3935,Implicit Unaware,17,12075677,95
3936,Implicit Unaware,17,12075677,96
3937,Implicit Unaware,17,12075677,97
3938,Implicit Unaware,17,12075677,98
3939,Implicit Unaware,17,12075677,99
3940,Implicit Unaware,17,12075677,100
3941,Implicit Unaware,17,12075677,101
3942,Implicit Unaware,17,12075677,102
3943,Implicit Unaware,17,12075677,103
3944,Implicit Unaware,17,12075677,104
3945,Implicit Unaware,17,12075677,105
3946,Implicit Unaware,17,12075677,106
3947,Implicit Unaware,17,12075677,107
3948,Implicit Unaware,17,12075677,108
3949,Implicit Unaware,17,12075677,109
3950,Implicit Unaware,17,12075677,110
3951,Implicit Unaware,17,12075677,111
3952,Implicit Unaware,17,12075677,112
3953,Implicit Unaware,17,12075677,113
3954,Implicit Unaware,17,12075677,114
3955,Implicit Unaware,17,12075677,115
3956,Implicit Unaware,17,12075677,116
3957,Implicit Unaware,17,12075677,117
3958,Implicit Unaware,17,12075677,118
3959,Implicit Unaware,17,12075677,119
3960,Implicit Unaware,17,12075677,120
3961,Implicit Unaware,17,12075677,121
3962,Implicit Unaware,17,12075677,122
3963,Implicit Unaware,17,12075677,123
3964,Implicit Unaware,17,12075677,124
3965,Implicit Unaware,17,12075677,125
3966,Implicit Unaware,17,12075677,126
3967,Implicit Unaware,17,12075677,127
3968,Implicit Unaware,17,12075677,128
3969,Implicit Unaware,17,12075677,129
3970,Implicit Unaware,17,12075677,130
3971,Implicit Unaware,17,12075677,131
3972,Implicit Unaware,17,12075677,132
3973,Implicit Unaware,17,12075677,133
3974,Implicit Unaware,17,12075677,134
3975,Implicit Unaware,17,12075677,135
3976,Implicit Unaware,17,12075677,136
3977,Implicit Unaware,17,12075677,137
3978,Implicit Unaware,17,12075677,138
3979,Implicit Unaware,17,12075677,139
3980,Implicit Unaware,17,12075677,140
3981,Implicit Unaware,17,12075677,141
3982,Implicit Unaware,17,12075677,142
3983,Implicit Unaware,17,12075677,143
3984,Implicit Unaware,17,12075677,144
3985,Implicit Unaware,17,12075677,145
3986,Implicit Unaware,17,12075677,146
3987,Implicit Unaware,17,12075677,147
3988,Implicit Unaware,17,12075677,148
3989,Implicit Unaware,17,12075677,149
3990,Implicit Unaware,17,12075677,150
3991,Implicit Unaware,17,12075677,151
3992,Implicit Unaware,17,12075677,152
3993,Implicit Unaware,17,12075677,153
3994,Implicit Unaware,17,12075677,154
3995,Implicit Unaware,17,12075677,155
3996,Implicit Unaware,17,12075677,156
3997,Implicit Unaware,17,12075677,157
3998,Implicit Unaware,17,12075677,158
3999,Implicit Unaware,17,12075677,159
4000,Implicit Unaware,17,12075677,160
4001,Implicit Unaware,17,12075677,161
4002,Implicit Unaware,17,12075677,162
4003,Implicit Unaware,17,12075677,163
4004,Implicit Unaware,17,12075677,164
4005,Implicit Unaware,17,12075677,165
4006,Implicit Unaware,17,12075677,166
4007,Implicit Unaware,17,12075677,167
4008,Implicit Unaware,17,12075677,168
4009,Implicit Unaware,17,12075677,169
4010,Implicit Unaware,17,12075677,170
4011,Implicit Unaware,17,12075677,171
4012,Implicit Unaware,17,12075677,172
4013,Implicit Unaware,17,12075677,173
4014,Implicit Unaware,17,12075677,174
4015,Implicit Unaware,17,12075677,175
4016,Implicit Unaware,17,12075677,176
4017,Implicit Unaware,17,12075677,177
4018,Implicit Unaware,17,12075677,178
4019,Implicit Unaware,17,12075677,179
4020,Implicit Unaware,17,12075677,180
4021,Implicit Unaware,17,12075677,181
4022,Implicit Unaware,17,12075677,182
4023,Implicit Unaware,17,12075677,183
4024,Implicit Unaware,17,12075677,184
4025,Implicit Unaware,17,12075677,185
4026,Implicit Unaware,17,12075677,186
4027,Implicit Unaware,17,12075677,187
4028,Implicit Unaware,17,12075677,188
4029,Implicit Unaware,17,12075677,189
4030,Implicit Unaware,17,12075677,190
4031,Implicit Unaware,17,12075677,191
4032,Implicit Unaware,17,12075677,192
4033,Implicit Unaware,17,12075677,193
4034,Implicit Unaware,17,12075677,194
4035,Implicit Unaware,17,12075677,195
4036,Implicit Unaware,17,12075677,196
4037,Implicit Unaware,17,12075677,197
4038,Implicit Unaware,17,12075677,198
4039,Implicit Unaware,17,12075677,199
4040,Implicit Unaware,17,12075677,200
4041,Implicit Unaware,17,12075677,201
4042,Implicit Unaware,17,12075677,202
4043,Implicit Unaware,17,12075677,203
4044,Implicit Unaware,17,12075677,204
4045,Implicit Unaware,17,12075677,205
4046,Implicit Unaware,17,12075677,206
4047,Implicit Unaware,17,12075677,207
4048,Implicit Unaware,17,12075677,208
4049,Implicit Unaware,17,12075677,209
4050,Implicit Unaware,17,12075677,210
4051,Implicit Unaware,17,12075677,211
4052,Implicit Unaware,17,12075677,212
4053,Implicit Unaware,17,12075677,213
4054,Implicit Unaware,17,12075677,214
4055,Implicit Unaware,17,12075677,215
4056,Implicit Unaware,17,12075677,216
4057,Implicit Unaware,17,12075677,217
4058,Implicit Unaware,17,12075677,218
4059,Implicit Unaware,17,12075677,219
4060,Implicit Unaware,17,12075677,220
4061,Implicit Unaware,17,12075677,221
4062,Implicit Unaware,17,12075677,222
4063,Implicit Unaware,17,12075677,223
4064,Implicit Unaware,17,12075677,224
4065,Implicit Unaware,17,12075677,225
4066,Implicit Unaware,17,12075677,226
4067,Implicit Unaware,17,12075677,227
4068,Implicit Unaware,17,12075677,228
4069,Implicit Unaware,17,12075677,229
4070,Implicit Unaware,17,12075677,230
4071,Implicit Unaware,17,12075677,231
4072,Implicit Unaware,17,12075677,232
4073,Implicit Unaware,17,12075677,233
4074,Implicit Unaware,17,12075677,234
4075,Implicit Unaware,17,12075677,235
4076,Implicit Unaware,17,12075677,236
4077,Implicit Unaware,17,12075677,237
4078,Implicit Unaware,17,12075677,238
4079,Implicit Unaware,17,12075677,239
4080,Implicit Unaware,17,12075677,240
4081,Implicit Unaware,18,12075694,1
4082,Implicit Unaware,18,12075694,2
4083,Implicit Unaware,18,12075694,3
4084,Implicit Unaware,18,12075694,4
4085,Implicit Unaware,18,12075694,5
4086,Implicit Unaware,18,12075694,6
4087,Implicit Unaware,18,12075694,7
4088,Implicit Unaware,18,12075694,8
4089,Implicit Unaware,18,12075694,9
4090,Implicit Unaware,18,12075694,10
4091,Implicit Unaware,18,12075694,11
4092,Implicit Unaware,18,12075694,12
4093,Implicit Unaware,18,12075694,13
4094,Implicit Unaware,18,12075694,14
4095,Implicit Unaware,18,12075694,15
4096,Implicit Unaware,18,12075694,16
4097,Implicit Unaware,18,12075694,17
4098,Implicit Unaware,18,12075694,18
4099,Implicit Unaware,18,12075694,19
4100,Implicit Unaware,18,12075694,20
4101,Implicit Unaware,18,12075694,21
4102,Implicit Unaware,18,12075694,22
4103,Implicit Unaware,18,12075694,23
4104,Implicit Unaware,18,12075694,24
4105,Implicit Unaware,18,12075694,25
4106,Implicit Unaware,18,12075694,26
4107,Implicit Unaware,18,12075694,27
4108,Implicit Unaware,18,12075694,28
4109,Implicit Unaware,18,12075694,29
4110,Implicit Unaware,18,12075694,30
4111,Implicit Unaware,18,12075694,31
4112,Implicit Unaware,18,12075694,32
4113,Implicit Unaware,18,12075694,33
4114,Implicit Unaware,18,12075694,34
4115,Implicit Unaware,18,12075694,35
4116,Implicit Unaware,18,12075694,36
4117,Implicit Unaware,18,12075694,37
4118,Implicit Unaware,18,12075694,38
4119,Implicit Unaware,18,12075694,39
4120,Implicit Unaware,18,12075694,40
4121,Implicit Unaware,18,12075694,41
4122,Implicit Unaware,18,12075694,42
4123,Implicit Unaware,18,12075694,43
4124,Implicit Unaware,18,12075694,44
4125,Implicit Unaware,18,12075694,45
4126,Implicit Unaware,18,12075694,46
4127,Implicit Unaware,18,12075694,47
4128,Implicit Unaware,18,12075694,48
4129,Implicit Unaware,18,12075694,49
4130,Implicit Unaware,18,12075694,50
4131,Implicit Unaware,18,12075694,51
4132,Implicit Unaware,18,12075694,52
4133,Implicit Unaware,18,12075694,53
4134,Implicit Unaware,18,12075694,54
4135,Implicit Unaware,18,12075694,55
4136,Implicit Unaware,18,12075694,56
4137,Implicit Unaware,18,12075694,57
4138,Implicit Unaware,18,12075694,58
4139,Implicit Unaware,18,12075694,59
4140,Implicit Unaware,18,12075694,60
4141,Implicit Unaware,18,12075694,61
4142,Implicit Unaware,18,12075694,62
4143,Implicit Unaware,18,12075694,63
4144,Implicit Unaware,18,12075694,64
4145,Implicit Unaware,18,12075694,65
4146,Implicit Unaware,18,12075694,66
4147,Implicit Unaware,18,12075694,67
4148,Implicit Unaware,18,12075694,68
4149,Implicit Unaware,18,12075694,69
4150,Implicit Unaware,18,12075694,70
4151,Implicit Unaware,18,12075694,71
4152,Implicit Unaware,18,12075694,72
4153,Implicit Unaware,18,12075694,73
4154,Implicit Unaware,18,12075694,74
4155,Implicit Unaware,18,12075694,75
4156,Implicit Unaware,18,12075694,76
4157,Implicit Unaware,18,12075694,77
4158,Implicit Unaware,18,12075694,78
4159,Implicit Unaware,18,12075694,79
4160,Implicit Unaware,18,12075694,80
4161,Implicit Unaware,18,12075694,81
4162,Implicit Unaware,18,12075694,82
4163,Implicit Unaware,18,12075694,83
4164,Implicit Unaware,18,12075694,84
4165,Implicit Unaware,18,12075694,85
4166,Implicit Unaware,18,12075694,86
4167,Implicit Unaware,18,12075694,87
4168,Implicit Unaware,18,12075694,88
4169,Implicit Unaware,18,12075694,89
4170,Implicit Unaware,18,12075694,90
4171,Implicit Unaware,18,12075694,91
4172,Implicit Unaware,18,12075694,92
4173,Implicit Unaware,18,12075694,93
4174,Implicit Unaware,18,12075694,94
4175,Implicit Unaware,18,12075694,95
4176,Implicit Unaware,18,12075694,96
4177,Implicit Unaware,18,12075694,97
4178,Implicit Unaware,18,12075694,98
4179,Implicit Unaware,18,12075694,99
4180,Implicit Unaware,18,12075694,100
4181,Implicit Unaware,18,12075694,101
4182,Implicit Unaware,18,12075694,102
4183,Implicit Unaware,18,12075694,103
4184,Implicit Unaware,18,12075694,104
4185,Implicit Unaware,18,12075694,105
4186,Implicit Unaware,18,12075694,106
4187,Implicit Unaware,18,12075694,107
4188,Implicit Unaware,18,12075694,108
4189,Implicit Unaware,18,12075694,109
4190,Implicit Unaware,18,12075694,110
4191,Implicit Unaware,18,12075694,111
4192,Implicit Unaware,18,12075694,112
4193,Implicit Unaware,18,12075694,113
4194,Implicit Unaware,18,12075694,114
4195,Implicit Unaware,18,12075694,115
4196,Implicit Unaware,18,12075694,116
4197,Implicit Unaware,18,12075694,117
4198,Implicit Unaware,18,12075694,118
4199,Implicit Unaware,18,12075694,119
4200,Implicit Unaware,18,12075694,120
4201,Implicit Unaware,18,12075694,121
4202,Implicit Unaware,18,12075694,122
4203,Implicit Unaware,18,12075694,123
4204,Implicit Unaware,18,12075694,124
4205,Implicit Unaware,18,12075694,125
4206,Implicit Unaware,18,12075694,126
4207,Implicit Unaware,18,12075694,127
4208,Implicit Unaware,18,12075694,128
4209,Implicit Unaware,18,12075694,129
4210,Implicit Unaware,18,12075694,130
4211,Implicit Unaware,18,12075694,131
4212,Implicit Unaware,18,12075694,132
4213,Implicit Unaware,18,12075694,133
4214,Implicit Unaware,18,12075694,134
4215,Implicit Unaware,18,12075694,135
4216,Implicit Unaware,18,12075694,136
4217,Implicit Unaware,18,12075694,137
4218,Implicit Unaware,18,12075694,138
4219,Implicit Unaware,18,12075694,139
4220,Implicit Unaware,18,12075694,140
4221,Implicit Unaware,18,12075694,141
4222,Implicit Unaware,18,12075694,142
4223,Implicit Unaware,18,12075694,143
4224,Implicit Unaware,18,12075694,144
4225,Implicit Unaware,18,12075694,145
4226,Implicit Unaware,18,12075694,146
4227,Implicit Unaware,18,12075694,147
4228,Implicit Unaware,18,12075694,148
4229,Implicit Unaware,18,12075694,149
4230,Implicit Unaware,18,12075694,150
4231,Implicit Unaware,18,12075694,151
4232,Implicit Unaware,18,12075694,152
4233,Implicit Unaware,18,12075694,153
4234,Implicit Unaware,18,12075694,154
4235,Implicit Unaware,18,12075694,155
4236,Implicit Unaware,18,12075694,156
4237,Implicit Unaware,18,12075694,157
4238,Implicit Unaware,18,12075694,158
4239,Implicit Unaware,18,12075694,159
4240,Implicit Unaware,18,12075694,160
4241,Implicit Unaware,18,12075694,161
4242,Implicit Unaware,18,12075694,162
4243,Implicit Unaware,18,12075694,163
4244,Implicit Unaware,18,12075694,164
4245,Implicit Unaware,18,12075694,165
4246,Implicit Unaware,18,12075694,166
4247,Implicit Unaware,18,12075694,167
4248,Implicit Unaware,18,12075694,168
4249,Implicit Unaware,18,12075694,169
4250,Implicit Unaware,18,12075694,170
4251,Implicit Unaware,18,12075694,171
4252,Implicit Unaware,18,12075694,172
4253,Implicit Unaware,18,12075694,173
4254,Implicit Unaware,18,12075694,174
4255,Implicit Unaware,18,12075694,175
4256,Implicit Unaware,18,12075694,176
4257,Implicit Unaware,18,12075694,177
4258,Implicit Unaware,18,12075694,178
4259,Implicit Unaware,18,12075694,179
4260,Implicit Unaware,18,12075694,180
4261,Implicit Unaware,18,12075694,181
4262,Implicit Unaware,18,12075694,182
4263,Implicit Unaware,18,12075694,183
4264,Implicit Unaware,18,12075694,184
4265,Implicit Unaware,18,12075694,185
4266,Implicit Unaware,18,12075694,186
4267,Implicit Unaware,18,12075694,187
4268,Implicit Unaware,18,12075694,188
4269,Implicit Unaware,18,12075694,189
4270,Implicit Unaware,18,12075694,190
4271,Implicit Unaware,18,12075694,191
4272,Implicit Unaware,18,12075694,192
4273,Implicit Unaware,18,12075694,193
4274,Implicit Unaware,18,12075694,194
4275,Implicit Unaware,18,12075694,195
4276,Implicit Unaware,18,12075694,196
4277,Implicit Unaware,18,12075694,197
4278,Implicit Unaware,18,12075694,198
4279,Implicit Unaware,18,12075694,199
4280,Implicit Unaware,18,12075694,200
4281,Implicit Unaware,18,12075694,201
4282,Implicit Unaware,18,12075694,202
4283,Implicit Unaware,18,12075694,203
4284,Implicit Unaware,18,12075694,204
4285,Implicit Unaware,18,12075694,205
4286,Implicit Unaware,18,12075694,206
4287,Implicit Unaware,18,12075694,207
4288,Implicit Unaware,18,12075694,208
4289,Implicit Unaware,18,12075694,209
4290,Implicit Unaware,18,12075694,210
4291,Implicit Unaware,18,12075694,211
4292,Implicit Unaware,18,12075694,212
4293,Implicit Unaware,18,12075694,213
4294,Implicit Unaware,18,12075694,214
4295,Implicit Unaware,18,12075694,215
4296,Implicit Unaware,18,12075694,216
4297,Implicit Unaware,18,12075694,217
4298,Implicit Unaware,18,12075694,218
4299,Implicit Unaware,18,12075694,219
4300,Implicit Unaware,18,12075694,220
4301,Implicit Unaware,18,12075694,221
4302,Implicit Unaware,18,12075694,222
4303,Implicit Unaware,18,12075694,223
4304,Implicit Unaware,18,12075694,224
4305,Implicit Unaware,18,12075694,225
4306,Implicit Unaware,18,12075694,226
4307,Implicit Unaware,18,12075694,227
4308,Implicit Unaware,18,12075694,228
4309,Implicit Unaware,18,12075694,229
4310,Implicit Unaware,18,12075694,230
4311,Implicit Unaware,18,12075694,231
4312,Implicit Unaware,18,12075694,232
4313,Implicit Unaware,18,12075694,233
4314,Implicit Unaware,18,12075694,234
4315,Implicit Unaware,18,12075694,235
4316,Implicit Unaware,18,12075694,236
4317,Implicit Unaware,18,12075694,237
4318,Implicit Unaware,18,12075694,238
4319,Implicit Unaware,18,12075694,239
4320,Implicit Unaware,18,12075694,240
4321,Implicit Unaware,19,12075699,1
4322,Implicit Unaware,19,12075699,2
4323,Implicit Unaware,19,12075699,3
4324,Implicit Unaware,19,12075699,4
4325,Implicit Unaware,19,12075699,5
4326,Implicit Unaware,19,12075699,6
4327,Implicit Unaware,19,12075699,7
4328,Implicit Unaware,19,12075699,8
4329,Implicit Unaware,19,12075699,9
4330,Implicit Unaware,19,12075699,10
4331,Implicit Unaware,19,12075699,11
4332,Implicit Unaware,19,12075699,12
4333,Implicit Unaware,19,12075699,13
4334,Implicit Unaware,19,12075699,14
4335,Implicit Unaware,19,12075699,15
4336,Implicit Unaware,19,12075699,16
4337,Implicit Unaware,19,12075699,17
4338,Implicit Unaware,19,12075699,18
4339,Implicit Unaware,19,12075699,19
4340,Implicit Unaware,19,12075699,20
4341,Implicit Unaware,19,12075699,21
4342,Implicit Unaware,19,12075699,22
4343,Implicit Unaware,19,12075699,23
4344,Implicit Unaware,19,12075699,24
4345,Implicit Unaware,19,12075699,25
4346,Implicit Unaware,19,12075699,26
4347,Implicit Unaware,19,12075699,27
4348,Implicit Unaware,19,12075699,28
4349,Implicit Unaware,19,12075699,29
4350,Implicit Unaware,19,12075699,30
4351,Implicit Unaware,19,12075699,31
4352,Implicit Unaware,19,12075699,32
4353,Implicit Unaware,19,12075699,33
4354,Implicit Unaware,19,12075699,34
4355,Implicit Unaware,19,12075699,35
4356,Implicit Unaware,19,12075699,36
4357,Implicit Unaware,19,12075699,37
4358,Implicit Unaware,19,12075699,38
4359,Implicit Unaware,19,12075699,39
4360,Implicit Unaware,19,12075699,40
4361,Implicit Unaware,19,12075699,41
4362,Implicit Unaware,19,12075699,42
4363,Implicit Unaware,19,12075699,43
4364,Implicit Unaware,19,12075699,44
4365,Implicit Unaware,19,12075699,45
4366,Implicit Unaware,19,12075699,46
4367,Implicit Unaware,19,12075699,47
4368,Implicit Unaware,19,12075699,48
4369,Implicit Unaware,19,12075699,49
4370,Implicit Unaware,19,12075699,50
4371,Implicit Unaware,19,12075699,51
4372,Implicit Unaware,19,12075699,52
4373,Implicit Unaware,19,12075699,53
4374,Implicit Unaware,19,12075699,54
4375,Implicit Unaware,19,12075699,55
4376,Implicit Unaware,19,12075699,56
4377,Implicit Unaware,19,12075699,57
4378,Implicit Unaware,19,12075699,58
4379,Implicit Unaware,19,12075699,59
4380,Implicit Unaware,19,12075699,60
4381,Implicit Unaware,19,12075699,61
4382,Implicit Unaware,19,12075699,62
4383,Implicit Unaware,19,12075699,63
4384,Implicit Unaware,19,12075699,64
4385,Implicit Unaware,19,12075699,65
4386,Implicit Unaware,19,12075699,66
4387,Implicit Unaware,19,12075699,67
4388,Implicit Unaware,19,12075699,68
4389,Implicit Unaware,19,12075699,69
4390,Implicit Unaware,19,12075699,70
4391,Implicit Unaware,19,12075699,71
4392,Implicit Unaware,19,12075699,72
4393,Implicit Unaware,19,12075699,73
4394,Implicit Unaware,19,12075699,74
4395,Implicit Unaware,19,12075699,75
4396,Implicit Unaware,19,12075699,76
4397,Implicit Unaware,19,12075699,77
4398,Implicit Unaware,19,12075699,78
4399,Implicit Unaware,19,12075699,79
4400,Implicit Unaware,19,12075699,80
4401,Implicit Unaware,19,12075699,81
4402,Implicit Unaware,19,12075699,82
4403,Implicit Unaware,19,12075699,83
4404,Implicit Unaware,19,12075699,84
4405,Implicit Unaware,19,12075699,85
4406,Implicit Unaware,19,12075699,86
4407,Implicit Unaware,19,12075699,87
4408,Implicit Unaware,19,12075699,88
4409,Implicit Unaware,19,12075699,89
4410,Implicit Unaware,19,12075699,90
4411,Implicit Unaware,19,12075699,91
4412,Implicit Unaware,19,12075699,92
4413,Implicit Unaware,19,12075699,93
4414,Implicit Unaware,19,12075699,94
4415,Implicit Unaware,19,12075699,95
4416,Implicit Unaware,19,12075699,96
4417,Implicit Unaware,19,12075699,97
4418,Implicit Unaware,19,12075699,98
4419,Implicit Unaware,19,12075699,99
4420,Implicit Unaware,19,12075699,100
4421,Implicit Unaware,19,12075699,101
4422,Implicit Unaware,19,12075699,102
4423,Implicit Unaware,19,12075699,103
4424,Implicit Unaware,19,12075699,104
4425,Implicit Unaware,19,12075699,105
4426,Implicit Unaware,19,12075699,106
4427,Implicit Unaware,19,12075699,107
4428,Implicit Unaware,19,12075699,108
4429,Implicit Unaware,19,12075699,109
4430,Implicit Unaware,19,12075699,110
4431,Implicit Unaware,19,12075699,111
4432,Implicit Unaware,19,12075699,112
4433,Implicit Unaware,19,12075699,113
4434,Implicit Unaware,19,12075699,114
4435,Implicit Unaware,19,12075699,115
4436,Implicit Unaware,19,12075699,116
4437,Implicit Unaware,19,12075699,117
4438,Implicit Unaware,19,12075699,118
4439,Implicit Unaware,19,12075699,119
4440,Implicit Unaware,19,12075699,120
4441,Implicit Unaware,19,12075699,121
4442,Implicit Unaware,19,12075699,122
4443,Implicit Unaware,19,12075699,123
4444,Implicit Unaware,19,12075699,124
4445,Implicit Unaware,19,12075699,125
4446,Implicit Unaware,19,12075699,126
4447,Implicit Unaware,19,12075699,127
4448,Implicit Unaware,19,12075699,128
4449,Implicit Unaware,19,12075699,129
4450,Implicit Unaware,19,12075699,130
4451,Implicit Unaware,19,12075699,131
4452,Implicit Unaware,19,12075699,132
4453,Implicit Unaware,19,12075699,133
4454,Implicit Unaware,19,12075699,134
4455,Implicit Unaware,19,12075699,135
4456,Implicit Unaware,19,12075699,136
4457,Implicit Unaware,19,12075699,137
4458,Implicit Unaware,19,12075699,138
4459,Implicit Unaware,19,12075699,139
4460,Implicit Unaware,19,12075699,140
4461,Implicit Unaware,19,12075699,141
4462,Implicit Unaware,19,12075699,142
4463,Implicit Unaware,19,12075699,143
4464,Implicit Unaware,19,12075699,144
4465,Implicit Unaware,19,12075699,145
4466,Implicit Unaware,19,12075699,146
4467,Implicit Unaware,19,12075699,147
4468,Implicit Unaware,19,12075699,148
4469,Implicit Unaware,19,12075699,149
4470,Implicit Unaware,19,12075699,150
4471,Implicit Unaware,19,12075699,151
4472,Implicit Unaware,19,12075699,152
4473,Implicit Unaware,19,12075699,153
4474,Implicit Unaware,19,12075699,154
4475,Implicit Unaware,19,12075699,155
4476,Implicit Unaware,19,12075699,156
4477,Implicit Unaware,19,12075699,157
4478,Implicit Unaware,19,12075699,158
4479,Implicit Unaware,19,12075699,159
4480,Implicit Unaware,19,12075699,160
4481,Implicit Unaware,19,12075699,161
4482,Implicit Unaware,19,12075699,162
4483,Implicit Unaware,19,12075699,163
4484,Implicit Unaware,19,12075699,164
4485,Implicit Unaware,19,12075699,165
4486,Implicit Unaware,19,12075699,166
4487,Implicit Unaware,19,12075699,167
4488,Implicit Unaware,19,12075699,168
4489,Implicit Unaware,19,12075699,169
4490,Implicit Unaware,19,12075699,170
4491,Implicit Unaware,19,12075699,171
4492,Implicit Unaware,19,12075699,172
4493,Implicit Unaware,19,12075699,173
4494,Implicit Unaware,19,12075699,174
4495,Implicit Unaware,19,12075699,175
4496,Implicit Unaware,19,12075699,176
4497,Implicit Unaware,19,12075699,177
4498,Implicit Unaware,19,12075699,178
4499,Implicit Unaware,19,12075699,179
4500,Implicit Unaware,19,12075699,180
4501,Implicit Unaware,19,12075699,181
4502,Implicit Unaware,19,12075699,182
4503,Implicit Unaware,19,12075699,183
4504,Implicit Unaware,19,12075699,184
4505,Implicit Unaware,19,12075699,185
4506,Implicit Unaware,19,12075699,186
4507,Implicit Unaware,19,12075699,187
4508,Implicit Unaware,19,12075699,188
4509,Implicit Unaware,19,12075699,189
4510,Implicit Unaware,19,12075699,190
4511,Implicit Unaware,19,12075699,191
4512,Implicit Unaware,19,12075699,192
4513,Implicit Unaware,19,12075699,193
4514,Implicit Unaware,19,12075699,194
4515,Implicit Unaware,19,12075699,195
4516,Implicit Unaware,19,12075699,196
4517,Implicit Unaware,19,12075699,197
4518,Implicit Unaware,19,12075699,198
4519,Implicit Unaware,19,12075699,199
4520,Implicit Unaware,19,12075699,200
4521,Implicit Unaware,19,12075699,201
4522,Implicit Unaware,19,12075699,202
4523,Implicit Unaware,19,12075699,203
4524,Implicit Unaware,19,12075699,204
4525,Implicit Unaware,19,12075699,205
4526,Implicit Unaware,19,12075699,206
4527,Implicit Unaware,19,12075699,207
4528,Implicit Unaware,19,12075699,208
4529,Implicit Unaware,19,12075699,209
4530,Implicit Unaware,19,12075699,210
4531,Implicit Unaware,19,12075699,211
4532,Implicit Unaware,19,12075699,212
4533,Implicit Unaware,19,12075699,213
4534,Implicit Unaware,19,12075699,214
4535,Implicit Unaware,19,12075699,215
4536,Implicit Unaware,19,12075699,216
4537,Implicit Unaware,19,12075699,217
4538,Implicit Unaware,19,12075699,218
4539,Implicit Unaware,19,12075699,219
4540,Implicit Unaware,19,12075699,220
4541,Implicit Unaware,19,12075699,221
4542,Implicit Unaware,19,12075699,222
4543,Implicit Unaware,19,12075699,223
4544,Implicit Unaware,19,12075699,224
4545,Implicit Unaware,19,12075699,225
4546,Implicit Unaware,19,12075699,226
4547,Implicit Unaware,19,12075699,227
4548,Implicit Unaware,19,12075699,228
4549,Implicit Unaware,19,12075699,229
4550,Implicit Unaware,19,12075699,230
4551,Implicit Unaware,19,12075699,231
4552,Implicit Unaware,19,12075699,232
4553,Implicit Unaware,19,12075699,233
4554,Implicit Unaware,19,12075699,234
4555,Implicit Unaware,19,12075699,235
4556,Implicit Unaware,19,12075699,236
4557,Implicit Unaware,19,12075699,237
4558,Implicit Unaware,19,12075699,238
4559,Implicit Unaware,19,12075699,239
4560,Implicit Unaware,19,12075699,240
4561,Implicit Unaware,20,12075712,1
4562,Implicit Unaware,20,12075712,2
4563,Implicit Unaware,20,12075712,3
4564,Implicit Unaware,20,12075712,4
4565,Implicit Unaware,20,12075712,5
4566,Implicit Unaware,20,12075712,6
4567,Implicit Unaware,20,12075712,7
4568,Implicit Unaware,20,12075712,8
4569,Implicit Unaware,20,12075712,9
4570,Implicit Unaware,20,12075712,10
4571,Implicit Unaware,20,12075712,11
4572,Implicit Unaware,20,12075712,12
4573,Implicit Unaware,20,12075712,13
4574,Implicit Unaware,20,12075712,14
4575,Implicit Unaware,20,12075712,15
4576,Implicit Unaware,20,12075712,16
4577,Implicit Unaware,20,12075712,17
4578,Implicit Unaware,20,12075712,18
4579,Implicit Unaware,20,12075712,19
4580,Implicit Unaware,20,12075712,20
4581,Implicit Unaware,20,12075712,21
4582,Implicit Unaware,20,12075712,22
4583,Implicit Unaware,20,12075712,23
4584,Implicit Unaware,20,12075712,24
4585,Implicit Unaware,20,12075712,25
4586,Implicit Unaware,20,12075712,26
4587,Implicit Unaware,20,12075712,27
4588,Implicit Unaware,20,12075712,28
4589,Implicit Unaware,20,12075712,29
4590,Implicit Unaware,20,12075712,30
4591,Implicit Unaware,20,12075712,31
4592,Implicit Unaware,20,12075712,32
4593,Implicit Unaware,20,12075712,33
4594,Implicit Unaware,20,12075712,34
4595,Implicit Unaware,20,12075712,35
4596,Implicit Unaware,20,12075712,36
4597,Implicit Unaware,20,12075712,37
4598,Implicit Unaware,20,12075712,38
4599,Implicit Unaware,20,12075712,39
4600,Implicit Unaware,20,12075712,40
4601,Implicit Unaware,20,12075712,41
4602,Implicit Unaware,20,12075712,42
4603,Implicit Unaware,20,12075712,43
4604,Implicit Unaware,20,12075712,44
4605,Implicit Unaware,20,12075712,45
4606,Implicit Unaware,20,12075712,46
4607,Implicit Unaware,20,12075712,47
4608,Implicit Unaware,20,12075712,48
4609,Implicit Unaware,20,12075712,49
4610,Implicit Unaware,20,12075712,50
4611,Implicit Unaware,20,12075712,51
4612,Implicit Unaware,20,12075712,52
4613,Implicit Unaware,20,12075712,53
4614,Implicit Unaware,20,12075712,54
4615,Implicit Unaware,20,12075712,55
4616,Implicit Unaware,20,12075712,56
4617,Implicit Unaware,20,12075712,57
4618,Implicit Unaware,20,12075712,58
4619,Implicit Unaware,20,12075712,59
4620,Implicit Unaware,20,12075712,60
4621,Implicit Unaware,20,12075712,61
4622,Implicit Unaware,20,12075712,62
4623,Implicit Unaware,20,12075712,63
4624,Implicit Unaware,20,12075712,64
4625,Implicit Unaware,20,12075712,65
4626,Implicit Unaware,20,12075712,66
4627,Implicit Unaware,20,12075712,67
4628,Implicit Unaware,20,12075712,68
4629,Implicit Unaware,20,12075712,69
4630,Implicit Unaware,20,12075712,70
4631,Implicit Unaware,20,12075712,71
4632,Implicit Unaware,20,12075712,72
4633,Implicit Unaware,20,12075712,73
4634,Implicit Unaware,20,12075712,74
4635,Implicit Unaware,20,12075712,75
4636,Implicit Unaware,20,12075712,76
4637,Implicit Unaware,20,12075712,77
4638,Implicit Unaware,20,12075712,78
4639,Implicit Unaware,20,12075712,79
4640,Implicit Unaware,20,12075712,80
4641,Implicit Unaware,20,12075712,81
4642,Implicit Unaware,20,12075712,82
4643,Implicit Unaware,20,12075712,83
4644,Implicit Unaware,20,12075712,84
4645,Implicit Unaware,20,12075712,85
4646,Implicit Unaware,20,12075712,86
4647,Implicit Unaware,20,12075712,87
4648,Implicit Unaware,20,12075712,88
4649,Implicit Unaware,20,12075712,89
4650,Implicit Unaware,20,12075712,90
4651,Implicit Unaware,20,12075712,91
4652,Implicit Unaware,20,12075712,92
4653,Implicit Unaware,20,12075712,93
4654,Implicit Unaware,20,12075712,94
4655,Implicit Unaware,20,12075712,95
4656,Implicit Unaware,20,12075712,96
4657,Implicit Unaware,20,12075712,97
4658,Implicit Unaware,20,12075712,98
4659,Implicit Unaware,20,12075712,99
4660,Implicit Unaware,20,12075712,100
4661,Implicit Unaware,20,12075712,101
4662,Implicit Unaware,20,12075712,102
4663,Implicit Unaware,20,12075712,103
4664,Implicit Unaware,20,12075712,104
4665,Implicit Unaware,20,12075712,105
4666,Implicit Unaware,20,12075712,106
4667,Implicit Unaware,20,12075712,107
4668,Implicit Unaware,20,12075712,108
4669,Implicit Unaware,20,12075712,109
4670,Implicit Unaware,20,12075712,110
4671,Implicit Unaware,20,12075712,111
4672,Implicit Unaware,20,12075712,112
4673,Implicit Unaware,20,12075712,113
4674,Implicit Unaware,20,12075712,114
4675,Implicit Unaware,20,12075712,115
4676,Implicit Unaware,20,12075712,116
4677,Implicit Unaware,20,12075712,117
4678,Implicit Unaware,20,12075712,118
4679,Implicit Unaware,20,12075712,119
4680,Implicit Unaware,20,12075712,120
4681,Implicit Unaware,20,12075712,121
4682,Implicit Unaware,20,12075712,122
4683,Implicit Unaware,20,12075712,123
4684,Implicit Unaware,20,12075712,124
4685,Implicit Unaware,20,12075712,125
4686,Implicit Unaware,20,12075712,126
4687,Implicit Unaware,20,12075712,127
4688,Implicit Unaware,20,12075712,128
4689,Implicit Unaware,20,12075712,129
4690,Implicit Unaware,20,12075712,130
4691,Implicit Unaware,20,12075712,131
4692,Implicit Unaware,20,12075712,132
4693,Implicit Unaware,20,12075712,133
4694,Implicit Unaware,20,12075712,134
4695,Implicit Unaware,20,12075712,135
4696,Implicit Unaware,20,12075712,136
4697,Implicit Unaware,20,12075712,137
4698,Implicit Unaware,20,12075712,138
4699,Implicit Unaware,20,12075712,139
4700,Implicit Unaware,20,12075712,140
4701,Implicit Unaware,20,12075712,141
4702,Implicit Unaware,20,12075712,142
4703,Implicit Unaware,20,12075712,143
4704,Implicit Unaware,20,12075712,144
4705,Implicit Unaware,20,12075712,145
4706,Implicit Unaware,20,12075712,146
4707,Implicit Unaware,20,12075712,147
4708,Implicit Unaware,20,12075712,148
4709,Implicit Unaware,20,12075712,149
4710,Implicit Unaware,20,12075712,150
4711,Implicit Unaware,20,12075712,151
4712,Implicit Unaware,20,12075712,152
4713,Implicit Unaware,20,12075712,153
4714,Implicit Unaware,20,12075712,154
4715,Implicit Unaware,20,12075712,155
4716,Implicit Unaware,20,12075712,156
4717,Implicit Unaware,20,12075712,157
4718,Implicit Unaware,20,12075712,158
4719,Implicit Unaware,20,12075712,159
4720,Implicit Unaware,20,12075712,160
4721,Implicit Unaware,20,12075712,161
4722,Implicit Unaware,20,12075712,162
4723,Implicit Unaware,20,12075712,163
4724,Implicit Unaware,20,12075712,164
4725,Implicit Unaware,20,12075712,165
4726,Implicit Unaware,20,12075712,166
4727,Implicit Unaware,20,12075712,167
4728,Implicit Unaware,20,12075712,168
4729,Implicit Unaware,20,12075712,169
4730,Implicit Unaware,20,12075712,170
4731,Implicit Unaware,20,12075712,171
4732,Implicit Unaware,20,12075712,172
4733,Implicit Unaware,20,12075712,173
4734,Implicit Unaware,20,12075712,174
4735,Implicit Unaware,20,12075712,175
4736,Implicit Unaware,20,12075712,176
4737,Implicit Unaware,20,12075712,177
4738,Implicit Unaware,20,12075712,178
4739,Implicit Unaware,20,12075712,179
4740,Implicit Unaware,20,12075712,180
4741,Implicit Unaware,20,12075712,181
4742,Implicit Unaware,20,12075712,182
4743,Implicit Unaware,20,12075712,183
4744,Implicit Unaware,20,12075712,184
4745,Implicit Unaware,20,12075712,185
4746,Implicit Unaware,20,12075712,186
4747,Implicit Unaware,20,12075712,187
4748,Implicit Unaware,20,12075712,188
4749,Implicit Unaware,20,12075712,189
4750,Implicit Unaware,20,12075712,190
4751,Implicit Unaware,20,12075712,191
4752,Implicit Unaware,20,12075712,192
4753,Implicit Unaware,20,12075712,193
4754,Implicit Unaware,20,12075712,194
4755,Implicit Unaware,20,12075712,195
4756,Implicit Unaware,20,12075712,196
4757,Implicit Unaware,20,12075712,197
4758,Implicit Unaware,20,12075712,198
4759,Implicit Unaware,20,12075712,199
4760,Implicit Unaware,20,12075712,200
4761,Implicit Unaware,20,12075712,201
4762,Implicit Unaware,20,12075712,202
4763,Implicit Unaware,20,12075712,203
4764,Implicit Unaware,20,12075712,204
4765,Implicit Unaware,20,12075712,205
4766,Implicit Unaware,20,12075712,206
4767,Implicit Unaware,20,12075712,207
4768,Implicit Unaware,20,12075712,208
4769,Implicit Unaware,20,12075712,209
4770,Implicit Unaware,20,12075712,210
4771,Implicit Unaware,20,12075712,211
4772,Implicit Unaware,20,12075712,212
4773,Implicit Unaware,20,12075712,213
4774,Implicit Unaware,20,12075712,214
4775,Implicit Unaware,20,12075712,215
4776,Implicit Unaware,20,12075712,216
4777,Implicit Unaware,20,12075712,217
4778,Implicit Unaware,20,12075712,218
4779,Implicit Unaware,20,12075712,219
4780,Implicit Unaware,20,12075712,220
4781,Implicit Unaware,20,12075712,221
4782,Implicit Unaware,20,12075712,222
4783,Implicit Unaware,20,12075712,223
4784,Implicit Unaware,20,12075712,224
4785,Implicit Unaware,20,12075712,225
4786,Implicit Unaware,20,12075712,226
4787,Implicit Unaware,20,12075712,227
4788,Implicit Unaware,20,12075712,228
4789,Implicit Unaware,20,12075712,229
4790,Implicit Unaware,20,12075712,230
4791,Implicit Unaware,20,12075712,231
4792,Implicit Unaware,20,12075712,232
4793,Implicit Unaware,20,12075712,233
4794,Implicit Unaware,20,12075712,234
4795,Implicit Unaware,20,12075712,235
4796,Implicit Unaware,20,12075712,236
4797,Implicit Unaware,20,12075712,237
4798,Implicit Unaware,20,12075712,238
4799,Implicit Unaware,20,12075712,239
4800,Implicit Unaware,20,12075712,240
