column_position,group,subject_index,participant_id,trial
1,Explicit Undirected,1,14064208,1
2,Explicit Undirected,1,14064208,2
3,Explicit Undirected,1,14064208,3
4,Explicit Undirected,1,14064208,4
5,Explicit Undirected,1,14064208,5
6,Explicit Undirected,1,14064208,6
7,Explicit Undirected,1,14064208,7
8,Explicit Undirected,1,14064208,8
9,Explicit Undirected,1,14064208,9
10,Explicit Undirected,1,14064208,10
11,Explicit Undirected,1,14064208,11
12,Explicit Undirected,1,14064208,12
13,Explicit Undirected,1,14064208,13
14,Explicit Undirected,1,14064208,14
15,Explicit Undirected,1,14064208,15
16,Explicit Undirected,1,14064208,16
17,Explicit Undirected,1,14064208,17
18,Explicit Undirected,1,14064208,18
19,Explicit Undirected,1,14064208,19
20,Explicit Undirected,1,14064208,20
21,Explicit Undirected,1,14064208,21
22,Explicit Undirected,1,14064208,22
23,Explicit Undirected,1,14064208,23
24,Explicit Undirected,1,14064208,24
25,Explicit Undirected,1,14064208,25
26,Explicit Undirected,1,14064208,26
27,Explicit Undirected,1,14064208,27
28,Explicit Undirected,1,14064208,28
29,Explicit Undirected,1,14064208,29
30,Explicit Undirected,1,14064208,30
31,Explicit Undirected,1,14064208,31
32,Explicit Undirected,1,14064208,32
33,Explicit Undirected,1,14064208,33
34,Explicit Undirected,1,14064208,34
35,Explicit Undirected,1,14064208,35
36,Explicit Undirected,1,14064208,36
37,Explicit Undirected,1,14064208,37
38,Explicit Undirected,1,14064208,38
39,Explicit Undirected,1,14064208,39
40,Explicit Undirected,1,14064208,40
41,Explicit Undirected,1,14064208,41
42,Explicit Undirected,1,14064208,42
43,Explicit Undirected,1,14064208,43
44,Explicit Undirected,1,14064208,44
45,Explicit Undirected,1,14064208,45
46,Explicit Undirected,1,14064208,46
47,Explicit Undirected,1,14064208,47
48,Explicit Undirected,1,14064208,48
49,Explicit Undirected,1,14064208,49
50,Explicit Undirected,1,14064208,50
51,Explicit Undirected,1,14064208,51
52,Explicit Undirected,1,14064208,52
53,Explicit Undirected,1,14064208,53
54,Explicit Undirected,1,14064208,54
55,Explicit Undirected,1,14064208,55
56,Explicit Undirected,1,14064208,56
57,Explicit Undirected,1,14064208,57
58,Explicit Undirected,1,14064208,58
59,Explicit Undirected,1,14064208,59
60,Explicit Undirected,1,14064208,60
61,Explicit Undirected,1,14064208,61
62,Explicit Undirected,1,14064208,62
63,Explicit Undirected,1,14064208,63
64,Explicit Undirected,1,14064208,64
65,Explicit Undirected,1,14064208,65
66,Explicit Undirected,1,14064208,66
67,Explicit Undirected,1,14064208,67
68,Explicit Undirected,1,14064208,68
69,Explicit Undirected,1,14064208,69
70,Explicit Undirected,1,14064208,70
71,Explicit Undirected,1,14064208,71
72,Explicit Undirected,1,14064208,72
73,Explicit Undirected,1,14064208,73
74,Explicit Undirected,1,14064208,74
75,Explicit Undirected,1,14064208,75
76,Explicit Undirected,1,14064208,76
77,Explicit Undirected,1,14064208,77
78,Explicit Undirected,1,14064208,78
79,Explicit Undirected,1,14064208,79
80,Explicit Undirected,1,14064208,80
81,Explicit Undirected,1,14064208,81
82,Explicit Undirected,1,14064208,82
83,Explicit Undirected,1,14064208,83
84,Explicit Undirected,1,14064208,84
85,Explicit Undirected,1,14064208,85
86,Explicit Undirected,1,14064208,86
87,Explicit Undirected,1,14064208,87
88,Explicit Undirected,1,14064208,88
89,Explicit Undirected,1,14064208,89
90,Explicit Undirected,1,14064208,90
91,Explicit Undirected,1,14064208,91
92,Explicit Undirected,1,14064208,92
93,Explicit Undirected,1,14064208,93
94,Explicit Undirected,1,14064208,94
95,Explicit Undirected,1,14064208,95
96,Explicit Undirected,1,14064208,96
97,Explicit Undirected,1,14064208,97
98,Explicit Undirected,1,14064208,98
99,Explicit Undirected,1,14064208,99
100,Explicit Undirected,1,14064208,100
101,Explicit Undirected,1,14064208,101
102,Explicit Undirected,1,14064208,102
103,Explicit Undirected,1,14064208,103
104,Explicit Undirected,1,14064208,104
105,Explicit Undirected,1,14064208,105
106,Explicit Undirected,1,14064208,106
107,Explicit Undirected,1,14064208,107
108,Explicit Undirected,1,14064208,108
109,Explicit Undirected,1,14064208,109
110,Explicit Undirected,1,14064208,110
111,Explicit Undirected,1,14064208,111
112,Explicit Undirected,1,14064208,112
113,Explicit Undirected,1,14064208,113
114,Explicit Undirected,1,14064208,114
115,Explicit Undirected,1,14064208,115
116,Explicit Undirected,1,14064208,116
117,Explicit Undirected,1,14064208,117
118,Explicit Undirected,1,14064208,118
119,Explicit Undirected,1,14064208,119
120,Explicit Undirected,1,14064208,120
121,Explicit Undirected,1,14064208,121
122,Explicit Undirected,1,14064208,122
123,Explicit Undirected,1,14064208,123
124,Explicit Undirected,1,14064208,124
125,Explicit Undirected,1,14064208,125
126,Explicit Undirected,1,14064208,126
127,Explicit Undirected,1,14064208,127
128,Explicit Undirected,1,14064208,128
129,Explicit Undirected,1,14064208,129
130,Explicit Undirected,1,14064208,130
131,Explicit Undirected,1,14064208,131
132,Explicit Undirected,1,14064208,132
133,Explicit Undirected,1,14064208,133
134,Explicit Undirected,1,14064208,134
135,Explicit Undirected,1,14064208,135
136,Explicit Undirected,1,14064208,136
137,Explicit Undirected,1,14064208,137
138,Explicit Undirected,1,14064208,138
139,Explicit Undirected,1,14064208,139
140,Explicit Undirected,1,14064208,140
141,Explicit Undirected,1,14064208,141
142,Explicit Undirected,1,14064208,142
143,Explicit Undirected,1,14064208,143
144,Explicit Undirected,1,14064208,144
145,Explicit Undirected,1,14064208,145
146,Explicit Undirected,1,14064208,146
147,Explicit Undirected,1,14064208,147
148,Explicit Undirected,1,14064208,148
149,Explicit Undirected,1,14064208,149
150,Explicit Undirected,1,14064208,150
151,Explicit Undirected,1,14064208,151
152,Explicit Undirected,1,14064208,152
153,Explicit Undirected,1,14064208,153
154,Explicit Undirected,1,14064208,154
155,Explicit Undirected,1,14064208,155
156,Explicit Undirected,1,14064208,156
157,Explicit Undirected,1,14064208,157
158,Explicit Undirected,1,14064208,158
159,Explicit Undirected,1,14064208,159
160,Explicit Undirected,1,14064208,160
161,Explicit Undirected,1,14064208,161
162,Explicit Undirected,1,14064208,162
163,Explicit Undirected,1,14064208,163
164,Explicit Undirected,1,14064208,164
165,Explicit Undirected,1,14064208,165
166,Explicit Undirected,1,14064208,166
167,Explicit Undirected,1,14064208,167
168,Explicit Undirected,1,14064208,168
169,Explicit Undirected,1,14064208,169
170,Explicit Undirected,1,14064208,170
171,Explicit Undirected,1,14064208,171
172,Explicit Undirected,1,14064208,172
173,Explicit Undirected,1,14064208,173
174,Explicit Undirected,1,14064208,174
175,Explicit Undirected,1,14064208,175
176,Explicit Undirected,1,14064208,176
177,Explicit Undirected,1,14064208,177
178,Explicit Undirected,1,14064208,178
179,Explicit Undirected,1,14064208,179
180,Explicit Undirected,1,14064208,180
181,Explicit Undirected,1,14064208,181
182,Explicit Undirected,1,14064208,182
183,Explicit Undirected,1,14064208,183
184,Explicit Undirected,1,14064208,184
185,Explicit Undirected,1,14064208,185
186,Explicit Undirected,1,14064208,186
187,Explicit Undirected,1,14064208,187
188,Explicit Undirected,1,14064208,188
189,Explicit Undirected,1,14064208,189
190,Explicit Undirected,1,14064208,190
191,Explicit Undirected,1,14064208,191
192,Explicit Undirected,1,14064208,192
193,Explicit Undirected,1,14064208,193
194,Explicit Undirected,1,14064208,194
195,Explicit Undirected,1,14064208,195
196,Explicit Undirected,1,14064208,196
197,Explicit Undirected,1,14064208,197
198,Explicit Undirected,1,14064208,198
199,Explicit Undirected,1,14064208,199
200,Explicit Undirected,1,14064208,200
201,Explicit Undirected,1,14064208,201
202,Explicit Undirected,1,14064208,202
203,Explicit Undirected,1,14064208,203
204,Explicit Undirected,1,14064208,204
205,Explicit Undirected,1,14064208,205
206,Explicit Undirected,1,14064208,206
207,Explicit Undirected,1,14064208,207
208,Explicit Undirected,1,14064208,208
209,Explicit Undirected,1,14064208,209
210,Explicit Undirected,1,14064208,210
211,Explicit Undirected,1,14064208,211
212,Explicit Undirected,1,14064208,212
213,Explicit Undirected,1,14064208,213
214,Explicit Undirected,1,14064208,214
215,Explicit Undirected,1,14064208,215
216,Explicit Undirected,1,14064208,216
217,Explicit Undirected,1,14064208,217
218,Explicit Undirected,1,14064208,218
219,Explicit Undirected,1,14064208,219
220,Explicit Undirected,1,14064208,220
221,Explicit Undirected,1,14064208,221
222,Explicit Undirected,1,14064208,222
223,Explicit Undirected,1,14064208,223
224,Explicit Undirected,1,14064208,224
225,Explicit Undirected,1,14064208,225
226,Explicit Undirected,1,14064208,226
227,Explicit Undirected,1,14064208,227
228,Explicit Undirected,1,14064208,228
229,Explicit Undirected,1,14064208,229
230,Explicit Undirected,1,14064208,230
231,Explicit Undirected,1,14064208,231
232,Explicit Undirected,1,14064208,232
233,Explicit Undirected,1,14064208,233
234,Explicit Undirected,1,14064208,234
235,Explicit Undirected,1,14064208,235
236,Explicit Undirected,1,14064208,236
237,Explicit Undirected,1,14064208,237
238,Explicit Undirected,1,14064208,238
239,Explicit Undirected,1,14064208,239
240,Explicit Undirected,1,14064208,240
241,Explicit Undirected,2,14064212,1
242,Explicit Undirected,2,14064212,2
243,Explicit Undirected,2,14064212,3
244,Explicit Undirected,2,14064212,4
245,Explicit Undirected,2,14064212,5
246,Explicit Undirected,2,14064212,6
247,Explicit Undirected,2,14064212,7
248,Explicit Undirected,2,14064212,8
249,Explicit Undirected,2,14064212,9
250,Explicit Undirected,2,14064212,10
251,Explicit Undirected,2,14064212,11
252,Explicit Undirected,2,14064212,12
253,Explicit Undirected,2,14064212,13
254,Explicit Undirected,2,14064212,14
255,Explicit Undirected,2,14064212,15
256,Explicit Undirected,2,14064212,16
257,Explicit Undirected,2,14064212,17
258,Explicit Undirected,2,14064212,18
259,Explicit Undirected,2,14064212,19
260,Explicit Undirected,2,14064212,20
261,Explicit Undirected,2,14064212,21
262,Explicit Undirected,2,14064212,22
263,Explicit Undirected,2,14064212,23
264,Explicit Undirected,2,14064212,24
265,Explicit Undirected,2,14064212,25
266,Explicit Undirected,2,14064212,26
267,Explicit Undirected,2,14064212,27
268,Explicit Undirected,2,14064212,28
269,Explicit Undirected,2,14064212,29
270,Explicit Undirected,2,14064212,30
271,Explicit Undirected,2,14064212,31
272,Explicit Undirected,2,14064212,32
273,Explicit Undirected,2,14064212,33
274,Explicit Undirected,2,14064212,34
275,Explicit Undirected,2,14064212,35
276,Explicit Undirected,2,14064212,36
277,Explicit Undirected,2,14064212,37
278,Explicit Undirected,2,14064212,38
279,Explicit Undirected,2,14064212,39
280,Explicit Undirected,2,14064212,40
281,Explicit Undirected,2,14064212,41
282,Explicit Undirected,2,14064212,42
283,Explicit Undirected,2,14064212,43
284,Explicit Undirected,2,14064212,44
285,Explicit Undirected,2,14064212,45
286,Explicit Undirected,2,14064212,46
287,Explicit Undirected,2,14064212,47
288,Explicit Undirected,2,14064212,48
289,Explicit Undirected,2,14064212,49
290,Explicit Undirected,2,14064212,50
291,Explicit Undirected,2,14064212,51
292,Explicit Undirected,2,14064212,52
293,Explicit Undirected,2,14064212,53
294,Explicit Undirected,2,14064212,54
295,Explicit Undirected,2,14064212,55
296,Explicit Undirected,2,14064212,56
297,Explicit Undirected,2,14064212,57
298,Explicit Undirected,2,14064212,58
299,Explicit Undirected,2,14064212,59
300,Explicit Undirected,2,14064212,60
301,Explicit Undirected,2,14064212,61
302,Explicit Undirected,2,14064212,62
303,Explicit Undirected,2,14064212,63
304,Explicit Undirected,2,14064212,64
305,Explicit Undirected,2,14064212,65
306,Explicit Undirected,2,14064212,66
307,Explicit Undirected,2,14064212,67
308,Explicit Undirected,2,14064212,68
309,Explicit Undirected,2,14064212,69
310,Explicit Undirected,2,14064212,70
311,Explicit Undirected,2,14064212,71
312,Explicit Undirected,2,14064212,72
313,Explicit Undirected,2,14064212,73
314,Explicit Undirected,2,14064212,74
315,Explicit Undirected,2,14064212,75
316,Explicit Undirected,2,14064212,76
317,Explicit Undirected,2,14064212,77
318,Explicit Undirected,2,14064212,78
319,Explicit Undirected,2,14064212,79
320,Explicit Undirected,2,14064212,80
321,Explicit Undirected,2,14064212,81
322,Explicit Undirected,2,14064212,82
323,Explicit Undirected,2,14064212,83
324,Explicit Undirected,2,14064212,84
325,Explicit Undirected,2,14064212,85
326,Explicit Undirected,2,14064212,86
327,Explicit Undirected,2,14064212,87
328,Explicit Undirected,2,14064212,88
329,Explicit Undirected,2,14064212,89
330,Explicit Undirected,2,14064212,90
331,Explicit Undirected,2,14064212,91
332,Explicit Undirected,2,14064212,92
333,Explicit Undirected,2,14064212,93
334,Explicit Undirected,2,14064212,94
335,Explicit Undirected,2,14064212,95
336,Explicit Undirected,2,14064212,96
337,Explicit Undirected,2,14064212,97
338,Explicit Undirected,2,14064212,98
339,Explicit Undirected,2,14064212,99
340,Explicit Undirected,2,14064212,100
341,Explicit Undirected,2,14064212,101
342,Explicit Undirected,2,14064212,102
343,Explicit Undirected,2,14064212,103
344,Explicit Undirected,2,14064212,104
345,Explicit Undirected,2,14064212,105
346,Explicit Undirected,2,14064212,106
347,Explicit Undirected,2,14064212,107
348,Explicit Undirected,2,14064212,108
349,Explicit Undirected,2,14064212,109
350,Explicit Undirected,2,14064212,110
351,Explicit Undirected,2,14064212,111
352,Explicit Undirected,2,14064212,112
353,Explicit Undirected,2,14064212,113
354,Explicit Undirected,2,14064212,114
355,Explicit Undirected,2,14064212,115
356,Explicit Undirected,2,14064212,116
357,Explicit Undirected,2,14064212,117
358,Explicit Undirected,2,14064212,118
359,Explicit Undirected,2,14064212,119
360,Explicit Undirected,2,14064212,120
361,Explicit Undirected,2,14064212,121
362,Explicit Undirected,2,14064212,122
363,Explicit Undirected,2,14064212,123
364,Explicit Undirected,2,14064212,124
365,Explicit Undirected,2,14064212,125
366,Explicit Undirected,2,14064212,126
367,Explicit Undirected,2,14064212,127
368,Explicit Undirected,2,14064212,128
369,Explicit Undirected,2,14064212,129
370,Explicit Undirected,2,14064212,130
371,Explicit Undirected,2,14064212,131
372,Explicit Undirected,2,14064212,132
373,Explicit Undirected,2,14064212,133
374,Explicit Undirected,2,14064212,134
375,Explicit Undirected,2,14064212,135
376,Explicit Undirected,2,14064212,136
377,Explicit Undirected,2,14064212,137
378,Explicit Undirected,2,14064212,138
379,Explicit Undirected,2,14064212,139
380,Explicit Undirected,2,14064212,140
381,Explicit Undirected,2,14064212,141
382,Explicit Undirected,2,14064212,142
383,Explicit Undirected,2,14064212,143
384,Explicit Undirected,2,14064212,144
385,Explicit Undirected,2,14064212,145
386,Explicit Undirected,2,14064212,146
387,Explicit Undirected,2,14064212,147
388,Explicit Undirected,2,14064212,148
389,Explicit Undirected,2,14064212,149
390,Explicit Undirected,2,14064212,150
391,Explicit Undirected,2,14064212,151
392,Explicit Undirected,2,14064212,152
393,Explicit Undirected,2,14064212,153
394,Explicit Undirected,2,14064212,154
395,Explicit Undirected,2,14064212,155
396,Explicit Undirected,2,14064212,156
397,Explicit Undirected,2,14064212,157
398,Explicit Undirected,2,14064212,158
399,Explicit Undirected,2,14064212,159
400,Explicit Undirected,2,14064212,160
401,Explicit Undirected,2,14064212,161
402,Explicit Undirected,2,14064212,162
403,Explicit Undirected,2,14064212,163
404,Explicit Undirected,2,14064212,164
405,Explicit Undirected,2,14064212,165
406,Explicit Undirected,2,14064212,166
407,Explicit Undirected,2,14064212,167
408,Explicit Undirected,2,14064212,168
409,Explicit Undirected,2,14064212,169
410,Explicit Undirected,2,14064212,170
411,Explicit Undirected,2,14064212,171
412,Explicit Undirected,2,14064212,172
413,Explicit Undirected,2,14064212,173
414,Explicit Undirected,2,14064212,174
415,Explicit Undirected,2,14064212,175
416,Explicit Undirected,2,14064212,176
417,Explicit Undirected,2,14064212,177
418,Explicit Undirected,2,14064212,178
419,Explicit Undirected,2,14064212,179
420,Explicit Undirected,2,14064212,180
421,Explicit Undirected,2,14064212,181
422,Explicit Undirected,2,14064212,182
423,Explicit Undirected,2,14064212,183
424,Explicit Undirected,2,14064212,184
425,Explicit Undirected,2,14064212,185
426,Explicit Undirected,2,14064212,186
427,Explicit Undirected,2,14064212,187
428,Explicit Undirected,2,14064212,188
429,Explicit Undirected,2,14064212,189
430,Explicit Undirected,2,14064212,190
431,Explicit Undirected,2,14064212,191
432,Explicit Undirected,2,14064212,192
433,Explicit Undirected,2,14064212,193
434,Explicit Undirected,2,14064212,194
435,Explicit Undirected,2,14064212,195
436,Explicit Undirected,2,14064212,196
437,Explicit Undirected,2,14064212,197
438,Explicit Undirected,2,14064212,198
439,Explicit Undirected,2,14064212,199
440,Explicit Undirected,2,14064212,200
441,Explicit Undirected,2,14064212,201
442,Explicit Undirected,2,14064212,202
443,Explicit Undirected,2,14064212,203
444,Explicit Undirected,2,14064212,204
445,Explicit Undirected,2,14064212,205
446,Explicit Undirected,2,14064212,206
447,Explicit Undirected,2,14064212,207
448,Explicit Undirected,2,14064212,208
449,Explicit Undirected,2,14064212,209
450,Explicit Undirected,2,14064212,210
451,Explicit Undirected,2,14064212,211
452,Explicit Undirected,2,14064212,212
453,Explicit Undirected,2,14064212,213
454,Explicit Undirected,2,14064212,214
455,Explicit Undirected,2,14064212,215
456,Explicit Undirected,2,14064212,216
457,Explicit Undirected,2,14064212,217
458,Explicit Undirected,2,14064212,218
459,Explicit Undirected,2,14064212,219
460,Explicit Undirected,2,14064212,220
461,Explicit Undirected,2,14064212,221
462,Explicit Undirected,2,14064212,222
463,Explicit Undirected,2,14064212,223
464,Explicit Undirected,2,14064212,224
465,Explicit Undirected,2,14064212,225
466,Explicit Undirected,2,14064212,226
467,Explicit Undirected,2,14064212,227
468,Explicit Undirected,2,14064212,228
469,Explicit Undirected,2,14064212,229
470,Explicit Undirected,2,14064212,230
471,Explicit Undirected,2,14064212,231
472,Explicit Undirected,2,14064212,232
473,Explicit Undirected,2,14064212,233
474,Explicit Undirected,2,14064212,234
475,Explicit Undirected,2,14064212,235
476,Explicit Undirected,2,14064212,236
477,Explicit Undirected,2,14064212,237
478,Explicit Undirected,2,14064212,238
479,Explicit Undirected,2,14064212,239
480,Explicit Undirected,2,14064212,240
481,Explicit Undirected,3,14064214,1
482,Explicit Undirected,3,14064214,2
483,Explicit Undirected,3,14064214,3
484,Explicit Undirected,3,14064214,4
485,Explicit Undirected,3,14064214,5
486,Explicit Undirected,3,14064214,6
487,Explicit Undirected,3,14064214,7
488,Explicit Undirected,3,14064214,8
489,Explicit Undirected,3,14064214,9
490,Explicit Undirected,3,14064214,10
491,Explicit Undirected,3,14064214,11
492,Explicit Undirected,3,14064214,12
493,Explicit Undirected,3,14064214,13
494,Explicit Undirected,3,14064214,14
495,Explicit Undirected,3,14064214,15
496,Explicit Undirected,3,14064214,16
497,Explicit Undirected,3,14064214,17
498,Explicit Undirected,3,14064214,18
499,Explicit Undirected,3,14064214,19
500,Explicit Undirected,3,14064214,20
501,Explicit Undirected,3,14064214,21
502,Explicit Undirected,3,14064214,22
503,Explicit Undirected,3,14064214,23
504,Explicit Undirected,3,14064214,24
505,Explicit Undirected,3,14064214,25
506,Explicit Undirected,3,14064214,26
507,Explicit Undirected,3,14064214,27
508,Explicit Undirected,3,14064214,28
509,Explicit Undirected,3,14064214,29
510,Explicit Undirected,3,14064214,30
511,Explicit Undirected,3,14064214,31
512,Explicit Undirected,3,14064214,32
513,Explicit Undirected,3,14064214,33
514,Explicit Undirected,3,14064214,34
515,Explicit Undirected,3,14064214,35
516,Explicit Undirected,3,14064214,36
517,Explicit Undirected,3,14064214,37
518,Explicit Undirected,3,14064214,38
519,Explicit Undirected,3,14064214,39
520,Explicit Undirected,3,14064214,40
521,Explicit Undirected,3,14064214,41
522,Explicit Undirected,3,14064214,42
523,Explicit Undirected,3,14064214,43
524,Explicit Undirected,3,14064214,44
525,Explicit Undirected,3,14064214,45
526,Explicit Undirected,3,14064214,46
527,Explicit Undirected,3,14064214,47
528,Explicit Undirected,3,14064214,48
529,Explicit Undirected,3,14064214,49
530,Explicit Undirected,3,14064214,50
531,Explicit Undirected,3,14064214,51
532,Explicit Undirected,3,14064214,52
533,Explicit Undirected,3,14064214,53
534,Explicit Undirected,3,14064214,54
535,Explicit Undirected,3,14064214,55
536,Explicit Undirected,3,14064214,56
537,Explicit Undirected,3,14064214,57
538,Explicit Undirected,3,14064214,58
539,Explicit Undirected,3,14064214,59
540,Explicit Undirected,3,14064214,60
541,Explicit Undirected,3,14064214,61
542,Explicit Undirected,3,14064214,62
543,Explicit Undirected,3,14064214,63
544,Explicit Undirected,3,14064214,64
545,Explicit Undirected,3,14064214,65
546,Explicit Undirected,3,14064214,66
547,Explicit Undirected,3,14064214,67
548,Explicit Undirected,3,14064214,68
549,Explicit Undirected,3,14064214,69
550,Explicit Undirected,3,14064214,70
551,Explicit Undirected,3,14064214,71
552,Explicit Undirected,3,14064214,72
553,Explicit Undirected,3,14064214,73
554,Explicit Undirected,3,14064214,74
555,Explicit Undirected,3,14064214,75
556,Explicit Undirected,3,14064214,76
557,Explicit Undirected,3,14064214,77
558,Explicit Undirected,3,14064214,78
559,Explicit Undirected,3,14064214,79
560,Explicit Undirected,3,14064214,80
561,Explicit Undirected,3,14064214,81
562,Explicit Undirected,3,14064214,82
563,Explicit Undirected,3,14064214,83
564,Explicit Undirected,3,14064214,84
565,Explicit Undirected,3,14064214,85
566,Explicit Undirected,3,14064214,86
567,Explicit Undirected,3,14064214,87
568,Explicit Undirected,3,14064214,88
569,Explicit Undirected,3,14064214,89
570,Explicit Undirected,3,14064214,90
571,Explicit Undirected,3,14064214,91
572,Explicit Undirected,3,14064214,92
573,Explicit Undirected,3,14064214,93
574,Explicit Undirected,3,14064214,94
575,Explicit Undirected,3,14064214,95
576,Explicit Undirected,3,14064214,96
577,Explicit Undirected,3,14064214,97
578,Explicit Undirected,3,14064214,98
579,Explicit Undirected,3,14064214,99
580,Explicit Undirected,3,14064214,100
581,Explicit Undirected,3,14064214,101
582,Explicit Undirected,3,14064214,102
583,Explicit Undirected,3,14064214,103
584,Explicit Undirected,3,14064214,104
585,Explicit Undirected,3,14064214,105
586,Explicit Undirected,3,14064214,106
587,Explicit Undirected,3,14064214,107
588,Explicit Undirected,3,14064214,108
589,Explicit Undirected,3,14064214,109
590,Explicit Undirected,3,14064214,110
591,Explicit Undirected,3,14064214,111
592,Explicit Undirected,3,14064214,112
593,Explicit Undirected,3,14064214,113
594,Explicit Undirected,3,14064214,114
595,Explicit Undirected,3,14064214,115
596,Explicit Undirected,3,14064214,116
597,Explicit Undirected,3,14064214,117
598,Explicit Undirected,3,14064214,118
599,Explicit Undirected,3,14064214,119
600,Explicit Undirected,3,14064214,120
601,Explicit Undirected,3,14064214,121
602,Explicit Undirected,3,14064214,122
603,Explicit Undirected,3,14064214,123
604,Explicit Undirected,3,14064214,124
605,Explicit Undirected,3,14064214,125
606,Explicit Undirected,3,14064214,126
607,Explicit Undirected,3,14064214,127
608,Explicit Undirected,3,14064214,128
609,Explicit Undirected,3,14064214,129
610,Explicit Undirected,3,14064214,130
611,Explicit Undirected,3,14064214,131
612,Explicit Undirected,3,14064214,132
613,Explicit Undirected,3,14064214,133
614,Explicit Undirected,3,14064214,134
615,Explicit Undirected,3,14064214,135
616,Explicit Undirected,3,14064214,136
617,Explicit Undirected,3,14064214,137
618,Explicit Undirected,3,14064214,138
619,Explicit Undirected,3,14064214,139
620,Explicit Undirected,3,14064214,140
621,Explicit Undirected,3,14064214,141
622,Explicit Undirected,3,14064214,142
623,Explicit Undirected,3,14064214,143
624,Explicit Undirected,3,14064214,144
625,Explicit Undirected,3,14064214,145
626,Explicit Undirected,3,14064214,146
627,Explicit Undirected,3,14064214,147
628,Explicit Undirected,3,14064214,148
629,Explicit Undirected,3,14064214,149
630,Explicit Undirected,3,14064214,150
631,Explicit Undirected,3,14064214,151
632,Explicit Undirected,3,14064214,152
633,Explicit Undirected,3,14064214,153
634,Explicit Undirected,3,14064214,154
635,Explicit Undirected,3,14064214,155
636,Explicit Undirected,3,14064214,156
637,Explicit Undirected,3,14064214,157
638,Explicit Undirected,3,14064214,158
639,Explicit Undirected,3,14064214,159
640,Explicit Undirected,3,14064214,160
641,Explicit Undirected,3,14064214,161
642,Explicit Undirected,3,14064214,162
643,Explicit Undirected,3,14064214,163
644,Explicit Undirected,3,14064214,164
645,Explicit Undirected,3,14064214,165
646,Explicit Undirected,3,14064214,166
647,Explicit Undirected,3,14064214,167
648,Explicit Undirected,3,14064214,168
649,Explicit Undirected,3,14064214,169
650,Explicit Undirected,3,14064214,170
651,Explicit Undirected,3,14064214,171
652,Explicit Undirected,3,14064214,172
653,Explicit Undirected,3,14064214,173
654,Explicit Undirected,3,14064214,174
655,Explicit Undirected,3,14064214,175
656,Explicit Undirected,3,14064214,176
657,Explicit Undirected,3,14064214,177
658,Explicit Undirected,3,14064214,178
659,Explicit Undirected,3,14064214,179
660,Explicit Undirected,3,14064214,180
661,Explicit Undirected,3,14064214,181
662,Explicit Undirected,3,14064214,182
663,Explicit Undirected,3,14064214,183
664,Explicit Undirected,3,14064214,184
665,Explicit Undirected,3,14064214,185
666,Explicit Undirected,3,14064214,186
667,Explicit Undirected,3,14064214,187
668,Explicit Undirected,3,14064214,188
669,Explicit Undirected,3,14064214,189
670,Explicit Undirected,3,14064214,190
671,Explicit Undirected,3,14064214,191
672,Explicit Undirected,3,14064214,192
673,Explicit Undirected,3,14064214,193
674,Explicit Undirected,3,14064214,194
675,Explicit Undirected,3,14064214,195
676,Explicit Undirected,3,14064214,196
677,Explicit Undirected,3,14064214,197
678,Explicit Undirected,3,14064214,198
679,Explicit Undirected,3,14064214,199
680,Explicit Undirected,3,14064214,200
681,Explicit Undirected,3,14064214,201
682,Explicit Undirected,3,14064214,202
683,Explicit Undirected,3,14064214,203
684,Explicit Undirected,3,14064214,204
685,Explicit Undirected,3,14064214,205
686,Explicit Undirected,3,14064214,206
687,Explicit Undirected,3,14064214,207
688,Explicit Undirected,3,14064214,208
689,Explicit Undirected,3,14064214,209
690,Explicit Undirected,3,14064214,210
691,Explicit Undirected,3,14064214,211
692,Explicit Undirected,3,14064214,212
693,Explicit Undirected,3,14064214,213
694,Explicit Undirected,3,14064214,214
695,Explicit Undirected,3,14064214,215
696,Explicit Undirected,3,14064214,216
697,Explicit Undirected,3,14064214,217
698,Explicit Undirected,3,14064214,218
699,Explicit Undirected,3,14064214,219
700,Explicit Undirected,3,14064214,220
701,Explicit Undirected,3,14064214,221
702,Explicit Undirected,3,14064214,222
703,Explicit Undirected,3,14064214,223
704,Explicit Undirected,3,14064214,224
705,Explicit Undirected,3,14064214,225
706,Explicit Undirected,3,14064214,226
707,Explicit Undirected,3,14064214,227
708,Explicit Undirected,3,14064214,228
709,Explicit Undirected,3,14064214,229
710,Explicit Undirected,3,14064214,230
711,Explicit Undirected,3,14064214,231
712,Explicit Undirected,3,14064214,232
713,Explicit Undirected,3,14064214,233
714,Explicit Undirected,3,14064214,234
715,Explicit Undirected,3,14064214,235
716,Explicit Undirected,3,14064214,236
717,Explicit Undirected,3,14064214,237
718,Explicit Undirected,3,14064214,238
719,Explicit Undirected,3,14064214,239
720,Explicit Undirected,3,14064214,240
721,Explicit Undirected,4,14064250,1
722,Explicit Undirected,4,14064250,2
723,Explicit Undirected,4,14064250,3
724,Explicit Undirected,4,14064250,4
725,Explicit Undirected,4,14064250,5
726,Explicit Undirected,4,14064250,6
727,Explicit Undirected,4,14064250,7
728,Explicit Undirected,4,14064250,8
729,Explicit Undirected,4,14064250,9
730,Explicit Undirected,4,14064250,10
731,Explicit Undirected,4,14064250,11
732,Explicit Undirected,4,14064250,12
733,Explicit Undirected,4,14064250,13
734,Explicit Undirected,4,14064250,14
735,Explicit Undirected,4,14064250,15
736,Explicit Undirected,4,14064250,16
737,Explicit Undirected,4,14064250,17
738,Explicit Undirected,4,14064250,18
739,Explicit Undirected,4,14064250,19
740,Explicit Undirected,4,14064250,20
741,Explicit Undirected,4,14064250,21
742,Explicit Undirected,4,14064250,22
743,Explicit Undirected,4,14064250,23
744,Explicit Undirected,4,14064250,24
745,Explicit Undirected,4,14064250,25
746,Explicit Undirected,4,14064250,26
747,Explicit Undirected,4,14064250,27
748,Explicit Undirected,4,14064250,28
749,Explicit Undirected,4,14064250,29
750,Explicit Undirected,4,14064250,30
751,Explicit Undirected,4,14064250,31
752,Explicit Undirected,4,14064250,32
753,Explicit Undirected,4,14064250,33
754,Explicit Undirected,4,14064250,34
755,Explicit Undirected,4,14064250,35
756,Explicit Undirected,4,14064250,36
757,Explicit Undirected,4,14064250,37
758,Explicit Undirected,4,14064250,38
759,Explicit Undirected,4,14064250,39
760,Explicit Undirected,4,14064250,40
761,Explicit Undirected,4,14064250,41
762,Explicit Undirected,4,14064250,42
763,Explicit Undirected,4,14064250,43
764,Explicit Undirected,4,14064250,44
765,Explicit Undirected,4,14064250,45
766,Explicit Undirected,4,14064250,46
767,Explicit Undirected,4,14064250,47
768,Explicit Undirected,4,14064250,48
769,Explicit Undirected,4,14064250,49
770,Explicit Undirected,4,14064250,50
771,Explicit Undirected,4,14064250,51
772,Explicit Undirected,4,14064250,52
773,Explicit Undirected,4,14064250,53
774,Explicit Undirected,4,14064250,54
775,Explicit Undirected,4,14064250,55
776,Explicit Undirected,4,14064250,56
777,Explicit Undirected,4,14064250,57
778,Explicit Undirected,4,14064250,58
779,Explicit Undirected,4,14064250,59
780,Explicit Undirected,4,14064250,60
781,Explicit Undirected,4,14064250,61
782,Explicit Undirected,4,14064250,62
783,Explicit Undirected,4,14064250,63
784,Explicit Undirected,4,14064250,64
785,Explicit Undirected,4,14064250,65
786,Explicit Undirected,4,14064250,66
787,Explicit Undirected,4,14064250,67
788,Explicit Undirected,4,14064250,68
789,Explicit Undirected,4,14064250,69
790,Explicit Undirected,4,14064250,70
791,Explicit Undirected,4,14064250,71
792,Explicit Undirected,4,14064250,72
793,Explicit Undirected,4,14064250,73
794,Explicit Undirected,4,14064250,74
795,Explicit Undirected,4,14064250,75
796,Explicit Undirected,4,14064250,76
797,Explicit Undirected,4,14064250,77
798,Explicit Undirected,4,14064250,78
799,Explicit Undirected,4,14064250,79
800,Explicit Undirected,4,14064250,80
801,Explicit Undirected,4,14064250,81
802,Explicit Undirected,4,14064250,82
803,Explicit Undirected,4,14064250,83
804,Explicit Undirected,4,14064250,84
805,Explicit Undirected,4,14064250,85
806,Explicit Undirected,4,14064250,86
807,Explicit Undirected,4,14064250,87
808,Explicit Undirected,4,14064250,88
809,Explicit Undirected,4,14064250,89
810,Explicit Undirected,4,14064250,90
811,Explicit Undirected,4,14064250,91
812,Explicit Undirected,4,14064250,92
813,Explicit Undirected,4,14064250,93
814,Explicit Undirected,4,14064250,94
815,Explicit Undirected,4,14064250,95
816,Explicit Undirected,4,14064250,96
817,Explicit Undirected,4,14064250,97
818,Explicit Undirected,4,14064250,98
819,Explicit Undirected,4,14064250,99
820,Explicit Undirected,4,14064250,100
821,Explicit Undirected,4,14064250,101
822,Explicit Undirected,4,14064250,102
823,Explicit Undirected,4,14064250,103
824,Explicit Undirected,4,14064250,104
825,Explicit Undirected,4,14064250,105
826,Explicit Undirected,4,14064250,106
827,Explicit Undirected,4,14064250,107
828,Explicit Undirected,4,14064250,108
829,Explicit Undirected,4,14064250,109
830,Explicit Undirected,4,14064250,110
831,Explicit Undirected,4,14064250,111
832,Explicit Undirected,4,14064250,112
833,Explicit Undirected,4,14064250,113
834,Explicit Undirected,4,14064250,114
835,Explicit Undirected,4,14064250,115
836,Explicit Undirected,4,14064250,116
837,Explicit Undirected,4,14064250,117
838,Explicit Undirected,4,14064250,118
839,Explicit Undirected,4,14064250,119
840,Explicit Undirected,4,14064250,120
841,Explicit Undirected,4,14064250,121
842,Explicit Undirected,4,14064250,122
843,Explicit Undirected,4,14064250,123
844,Explicit Undirected,4,14064250,124
845,Explicit Undirected,4,14064250,125
846,Explicit Undirected,4,14064250,126
847,Explicit Undirected,4,14064250,127
848,Explicit Undirected,4,14064250,128
849,Explicit Undirected,4,14064250,129
850,Explicit Undirected,4,14064250,130
851,Explicit Undirected,4,14064250,131
852,Explicit Undirected,4,14064250,132
853,Explicit Undirected,4,14064250,133
854,Explicit Undirected,4,14064250,134
855,Explicit Undirected,4,14064250,135
856,Explicit Undirected,4,14064250,136
857,Explicit Undirected,4,14064250,137
858,Explicit Undirected,4,14064250,138
859,Explicit Undirected,4,14064250,139
860,Explicit Undirected,4,14064250,140
861,Explicit Undirected,4,14064250,141
862,Explicit Undirected,4,14064250,142
863,Explicit Undirected,4,14064250,143
864,Explicit Undirected,4,14064250,144
865,Explicit Undirected,4,14064250,145
866,Explicit Undirected,4,14064250,146
867,Explicit Undirected,4,14064250,147
868,Explicit Undirected,4,14064250,148
869,Explicit Undirected,4,14064250,149
870,Explicit Undirected,4,14064250,150
871,Explicit Undirected,4,14064250,151
872,Explicit Undirected,4,14064250,152
873,Explicit Undirected,4,14064250,153
874,Explicit Undirected,4,14064250,154
875,Explicit Undirected,4,14064250,155
876,Explicit Undirected,4,14064250,156
877,Explicit Undirected,4,14064250,157
878,Explicit Undirected,4,14064250,158
879,Explicit Undirected,4,14064250,159
880,Explicit Undirected,4,14064250,160
881,Explicit Undirected,4,14064250,161
882,Explicit Undirected,4,14064250,162
883,Explicit Undirected,4,14064250,163
884,Explicit Undirected,4,14064250,164
885,Explicit Undirected,4,14064250,165
886,Explicit Undirected,4,14064250,166
887,Explicit Undirected,4,14064250,167
888,Explicit Undirected,4,14064250,168
889,Explicit Undirected,4,14064250,169
890,Explicit Undirected,4,14064250,170
891,Explicit Undirected,4,14064250,171
892,Explicit Undirected,4,14064250,172
893,Explicit Undirected,4,14064250,173
894,Explicit Undirected,4,14064250,174
895,Explicit Undirected,4,14064250,175
896,Explicit Undirected,4,14064250,176
897,Explicit Undirected,4,14064250,177
898,Explicit Undirected,4,14064250,178
899,Explicit Undirected,4,14064250,179
900,Explicit Undirected,4,14064250,180
901,Explicit Undirected,4,14064250,181
902,Explicit Undirected,4,14064250,182
903,Explicit Undirected,4,14064250,183
904,Explicit Undirected,4,14064250,184
905,Explicit Undirected,4,14064250,185
906,Explicit Undirected,4,14064250,186
907,Explicit Undirected,4,14064250,187
908,Explicit Undirected,4,14064250,188
909,Explicit Undirected,4,14064250,189
910,Explicit Undirected,4,14064250,190
911,Explicit Undirected,4,14064250,191
912,Explicit Undirected,4,14064250,192
913,Explicit Undirected,4,14064250,193
914,Explicit Undirected,4,14064250,194
915,Explicit Undirected,4,14064250,195
916,Explicit Undirected,4,14064250,196
917,Explicit Undirected,4,14064250,197
918,Explicit Undirected,4,14064250,198
919,Explicit Undirected,4,14064250,199
920,Explicit Undirected,4,14064250,200
921,Explicit Undirected,4,14064250,201
922,Explicit Undirected,4,14064250,202
923,Explicit Undirected,4,14064250,203
924,Explicit Undirected,4,14064250,204
925,Explicit Undirected,4,14064250,205
926,Explicit Undirected,4,14064250,206
927,Explicit Undirected,4,14064250,207
928,Explicit Undirected,4,14064250,208
929,Explicit Undirected,4,14064250,209
930,Explicit Undirected,4,14064250,210
931,Explicit Undirected,4,14064250,211
932,Explicit Undirected,4,14064250,212
933,Explicit Undirected,4,14064250,213
934,Explicit Undirected,4,14064250,214
935,Explicit Undirected,4,14064250,215
936,Explicit Undirected,4,14064250,216
937,Explicit Undirected,4,14064250,217
938,Explicit Undirected,4,14064250,218
939,Explicit Undirected,4,14064250,219
940,Explicit Undirected,4,14064250,220
941,Explicit Undirected,4,14064250,221
942,Explicit Undirected,4,14064250,222
943,Explicit Undirected,4,14064250,223
944,Explicit Undirected,4,14064250,224
945,Explicit Undirected,4,14064250,225
946,Explicit Undirected,4,14064250,226
947,Explicit Undirected,4,14064250,227
948,Explicit Undirected,4,14064250,228
949,Explicit Undirected,4,14064250,229
950,Explicit Undirected,4,14064250,230
951,Explicit Undirected,4,14064250,231
952,Explicit Undirected,4,14064250,232
953,Explicit Undirected,4,14064250,233
954,Explicit Undirected,4,14064250,234
955,Explicit Undirected,4,14064250,235
956,Explicit Undirected,4,14064250,236
957,Explicit Undirected,4,14064250,237
958,Explicit Undirected,4,14064250,238
959,Explicit Undirected,4,14064250,239
960,Explicit Undirected,4,14064250,240
961,Explicit Undirected,5,14064879,1
962,Explicit Undirected,5,14064879,2
963,Explicit Undirected,5,14064879,3
964,Explicit Undirected,5,14064879,4
965,Explicit Undirected,5,14064879,5
966,Explicit Undirected,5,14064879,6
967,Explicit Undirected,5,14064879,7
968,Explicit Undirected,5,14064879,8
969,Explicit Undirected,5,14064879,9
970,Explicit Undirected,5,14064879,10
971,Explicit Undirected,5,14064879,11
972,Explicit Undirected,5,14064879,12
973,Explicit Undirected,5,14064879,13
974,Explicit Undirected,5,14064879,14
975,Explicit Undirected,5,14064879,15
976,Explicit Undirected,5,14064879,16
977,Explicit Undirected,5,14064879,17
978,Explicit Undirected,5,14064879,18
979,Explicit Undirected,5,14064879,19
980,Explicit Undirected,5,14064879,20
981,Explicit Undirected,5,14064879,21
982,Explicit Undirected,5,14064879,22
983,Explicit Undirected,5,14064879,23
984,Explicit Undirected,5,14064879,24
985,Explicit Undirected,5,14064879,25
986,Explicit Undirected,5,14064879,26
987,Explicit Undirected,5,14064879,27
988,Explicit Undirected,5,14064879,28
989,Explicit Undirected,5,14064879,29
990,Explicit Undirected,5,14064879,30
991,Explicit Undirected,5,14064879,31
992,Explicit Undirected,5,14064879,32
993,Explicit Undirected,5,14064879,33
994,Explicit Undirected,5,14064879,34
995,Explicit Undirected,5,14064879,35
996,Explicit Undirected,5,14064879,36
997,Explicit Undirected,5,14064879,37
998,Explicit Undirected,5,14064879,38
999,Explicit Undirected,5,14064879,39
1000,Explicit Undirected,5,14064879,40
1001,Explicit Undirected,5,14064879,41
1002,Explicit Undirected,5,14064879,42
1003,Explicit Undirected,5,14064879,43
1004,Explicit Undirected,5,14064879,44
1005,Explicit Undirected,5,14064879,45
1006,Explicit Undirected,5,14064879,46
1007,Explicit Undirected,5,14064879,47
1008,Explicit Undirected,5,14064879,48
1009,Explicit Undirected,5,14064879,49
1010,Explicit Undirected,5,14064879,50
1011,Explicit Undirected,5,14064879,51
1012,Explicit Undirected,5,14064879,52
1013,Explicit Undirected,5,14064879,53
1014,Explicit Undirected,5,14064879,54
1015,Explicit Undirected,5,14064879,55
1016,Explicit Undirected,5,14064879,56
1017,Explicit Undirected,5,14064879,57
1018,Explicit Undirected,5,14064879,58
1019,Explicit Undirected,5,14064879,59
1020,Explicit Undirected,5,14064879,60
1021,Explicit Undirected,5,14064879,61
1022,Explicit Undirected,5,14064879,62
1023,Explicit Undirected,5,14064879,63
1024,Explicit Undirected,5,14064879,64
1025,Explicit Undirected,5,14064879,65
1026,Explicit Undirected,5,14064879,66
1027,Explicit Undirected,5,14064879,67
1028,Explicit Undirected,5,14064879,68
1029,Explicit Undirected,5,14064879,69
1030,Explicit Undirected,5,14064879,70
1031,Explicit Undirected,5,14064879,71
1032,Explicit Undirected,5,14064879,72
1033,Explicit Undirected,5,14064879,73
1034,Explicit Undirected,5,14064879,74
1035,Explicit Undirected,5,14064879,75
1036,Explicit Undirected,5,14064879,76
1037,Explicit Undirected,5,14064879,77
1038,Explicit Undirected,5,14064879,78
1039,Explicit Undirected,5,14064879,79
1040,Explicit Undirected,5,14064879,80
1041,Explicit Undirected,5,14064879,81
1042,Explicit Undirected,5,14064879,82
1043,Explicit Undirected,5,14064879,83
1044,Explicit Undirected,5,14064879,84
1045,Explicit Undirected,5,14064879,85
1046,Explicit Undirected,5,14064879,86
1047,Explicit Undirected,5,14064879,87
1048,Explicit Undirected,5,14064879,88
1049,Explicit Undirected,5,14064879,89
1050,Explicit Undirected,5,14064879,90
1051,Explicit Undirected,5,14064879,91
1052,Explicit Undirected,5,14064879,92
1053,Explicit Undirected,5,14064879,93
1054,Explicit Undirected,5,14064879,94
1055,Explicit Undirected,5,14064879,95
1056,Explicit Undirected,5,14064879,96
1057,Explicit Undirected,5,14064879,97
1058,Explicit Undirected,5,14064879,98
1059,Explicit Undirected,5,14064879,99
1060,Explicit Undirected,5,14064879,100
1061,Explicit Undirected,5,14064879,101
1062,Explicit Undirected,5,14064879,102
1063,Explicit Undirected,5,14064879,103
1064,Explicit Undirected,5,14064879,104
1065,Explicit Undirected,5,14064879,105
1066,Explicit Undirected,5,14064879,106
1067,Explicit Undirected,5,14064879,107
1068,Explicit Undirected,5,14064879,108
1069,Explicit Undirected,5,14064879,109
1070,Explicit Undirected,5,14064879,110
1071,Explicit Undirected,5,14064879,111
1072,Explicit Undirected,5,14064879,112
1073,Explicit Undirected,5,14064879,113
1074,Explicit Undirected,5,14064879,114
1075,Explicit Undirected,5,14064879,115
1076,Explicit Undirected,5,14064879,116
1077,Explicit Undirected,5,14064879,117
1078,Explicit Undirected,5,14064879,118
1079,Explicit Undirected,5,14064879,119
1080,Explicit Undirected,5,14064879,120
1081,Explicit Undirected,5,14064879,121
1082,Explicit Undirected,5,14064879,122
1083,Explicit Undirected,5,14064879,123
1084,Explicit Undirected,5,14064879,124
1085,Explicit Undirected,5,14064879,125
1086,Explicit Undirected,5,14064879,126
1087,Explicit Undirected,5,14064879,127
1088,Explicit Undirected,5,14064879,128
1089,Explicit Undirected,5,14064879,129
1090,Explicit Undirected,5,14064879,130
1091,Explicit Undirected,5,14064879,131
1092,Explicit Undirected,5,14064879,132
1093,Explicit Undirected,5,14064879,133
1094,Explicit Undirected,5,14064879,134
1095,Explicit Undirected,5,14064879,135
1096,Explicit Undirected,5,14064879,136
1097,Explicit Undirected,5,14064879,137
1098,Explicit Undirected,5,14064879,138
1099,Explicit Undirected,5,14064879,139
1100,Explicit Undirected,5,14064879,140
1101,Explicit Undirected,5,14064879,141
1102,Explicit Undirected,5,14064879,142
1103,Explicit Undirected,5,14064879,143
1104,Explicit Undirected,5,14064879,144
1105,Explicit Undirected,5,14064879,145
1106,Explicit Undirected,5,14064879,146
1107,Explicit Undirected,5,14064879,147
1108,Explicit Undirected,5,14064879,148
1109,Explicit Undirected,5,14064879,149
1110,Explicit Undirected,5,14064879,150
1111,Explicit Undirected,5,14064879,151
1112,Explicit Undirected,5,14064879,152
1113,Explicit Undirected,5,14064879,153
1114,Explicit Undirected,5,14064879,154
1115,Explicit Undirected,5,14064879,155
1116,Explicit Undirected,5,14064879,156
1117,Explicit Undirected,5,14064879,157
1118,Explicit Undirected,5,14064879,158
1119,Explicit Undirected,5,14064879,159
1120,Explicit Undirected,5,14064879,160
1121,Explicit Undirected,5,14064879,161
1122,Explicit Undirected,5,14064879,162
1123,Explicit Undirected,5,14064879,163
1124,Explicit Undirected,5,14064879,164
1125,Explicit Undirected,5,14064879,165
1126,Explicit Undirected,5,14064879,166
1127,Explicit Undirected,5,14064879,167
1128,Explicit Undirected,5,14064879,168
1129,Explicit Undirected,5,14064879,169
1130,Explicit Undirected,5,14064879,170
1131,Explicit Undirected,5,14064879,171
1132,Explicit Undirected,5,14064879,172
1133,Explicit Undirected,5,14064879,173
1134,Explicit Undirected,5,14064879,174
1135,Explicit Undirected,5,14064879,175
1136,Explicit Undirected,5,14064879,176
1137,Explicit Undirected,5,14064879,177
1138,Explicit Undirected,5,14064879,178
1139,Explicit Undirected,5,14064879,179
1140,Explicit Undirected,5,14064879,180
1141,Explicit Undirected,5,14064879,181
1142,Explicit Undirected,5,14064879,182
1143,Explicit Undirected,5,14064879,183
1144,Explicit Undirected,5,14064879,184
1145,Explicit Undirected,5,14064879,185
1146,Explicit Undirected,5,14064879,186
1147,Explicit Undirected,5,14064879,187
1148,Explicit Undirected,5,14064879,188
1149,Explicit Undirected,5,14064879,189
1150,Explicit Undirected,5,14064879,190
1151,Explicit Undirected,5,14064879,191
1152,Explicit Undirected,5,14064879,192
1153,Explicit Undirected,5,14064879,193
1154,Explicit Undirected,5,14064879,194
1155,Explicit Undirected,5,14064879,195
1156,Explicit Undirected,5,14064879,196
1157,Explicit Undirected,5,14064879,197
1158,Explicit Undirected,5,14064879,198
1159,Explicit Undirected,5,14064879,199
1160,Explicit Undirected,5,14064879,200
1161,Explicit Undirected,5,14064879,201
1162,Explicit Undirected,5,14064879,202
1163,Explicit Undirected,5,14064879,203
1164,Explicit Undirected,5,14064879,204
1165,Explicit Undirected,5,14064879,205
1166,Explicit Undirected,5,14064879,206
1167,Explicit Undirected,5,14064879,207
1168,Explicit Undirected,5,14064879,208
1169,Explicit Undirected,5,14064879,209
1170,Explicit Undirected,5,14064879,210
1171,Explicit Undirected,5,14064879,211
1172,Explicit Undirected,5,14064879,212
1173,Explicit Undirected,5,14064879,213
1174,Explicit Undirected,5,14064879,214
1175,Explicit Undirected,5,14064879,215
1176,Explicit Undirected,5,14064879,216
1177,Explicit Undirected,5,14064879,217
1178,Explicit Undirected,5,14064879,218
1179,Explicit Undirected,5,14064879,219
1180,Explicit Undirected,5,14064879,220
1181,Explicit Undirected,5,14064879,221
1182,Explicit Undirected,5,14064879,222
1183,Explicit Undirected,5,14064879,223
1184,Explicit Undirected,5,14064879,224
1185,Explicit Undirected,5,14064879,225
1186,Explicit Undirected,5,14064879,226
1187,Explicit Undirected,5,14064879,227
1188,Explicit Undirected,5,14064879,228
1189,Explicit Undirected,5,14064879,229
1190,Explicit Undirected,5,14064879,230
1191,Explicit Undirected,5,14064879,231
1192,Explicit Undirected,5,14064879,232
1193,Explicit Undirected,5,14064879,233
1194,Explicit Undirected,5,14064879,234
1195,Explicit Undirected,5,14064879,235
1196,Explicit Undirected,5,14064879,236
1197,Explicit Undirected,5,14064879,237
1198,Explicit Undirected,5,14064879,238
1199,Explicit Undirected,5,14064879,239
1200,Explicit Undirected,5,14064879,240
1201,Explicit Undirected,6,14162208,1
1202,Explicit Undirected,6,14162208,2
1203,Explicit Undirected,6,14162208,3
1204,Explicit Undirected,6,14162208,4
1205,Explicit Undirected,6,14162208,5
1206,Explicit Undirected,6,14162208,6
1207,Explicit Undirected,6,14162208,7
1208,Explicit Undirected,6,14162208,8
1209,Explicit Undirected,6,14162208,9
1210,Explicit Undirected,6,14162208,10
1211,Explicit Undirected,6,14162208,11
1212,Explicit Undirected,6,14162208,12
1213,Explicit Undirected,6,14162208,13
1214,Explicit Undirected,6,14162208,14
1215,Explicit Undirected,6,14162208,15
1216,Explicit Undirected,6,14162208,16
1217,Explicit Undirected,6,14162208,17
1218,Explicit Undirected,6,14162208,18
1219,Explicit Undirected,6,14162208,19
1220,Explicit Undirected,6,14162208,20
1221,Explicit Undirected,6,14162208,21
1222,Explicit Undirected,6,14162208,22
1223,Explicit Undirected,6,14162208,23
1224,Explicit Undirected,6,14162208,24
1225,Explicit Undirected,6,14162208,25
1226,Explicit Undirected,6,14162208,26
1227,Explicit Undirected,6,14162208,27
1228,Explicit Undirected,6,14162208,28
1229,Explicit Undirected,6,14162208,29
1230,Explicit Undirected,6,14162208,30
1231,Explicit Undirected,6,14162208,31
1232,Explicit Undirected,6,14162208,32
1233,Explicit Undirected,6,14162208,33
1234,Explicit Undirected,6,14162208,34
1235,Explicit Undirected,6,14162208,35
1236,Explicit Undirected,6,14162208,36
1237,Explicit Undirected,6,14162208,37
1238,Explicit Undirected,6,14162208,38
1239,Explicit Undirected,6,14162208,39
1240,Explicit Undirected,6,14162208,40
1241,Explicit Undirected,6,14162208,41
1242,Explicit Undirected,6,14162208,42
1243,Explicit Undirected,6,14162208,43
1244,Explicit Undirected,6,14162208,44
1245,Explicit Undirected,6,14162208,45
1246,Explicit Undirected,6,14162208,46
1247,Explicit Undirected,6,14162208,47
1248,Explicit Undirected,6,14162208,48
1249,Explicit Undirected,6,14162208,49
1250,Explicit Undirected,6,14162208,50
1251,Explicit Undirected,6,14162208,51
1252,Explicit Undirected,6,14162208,52
1253,Explicit Undirected,6,14162208,53
1254,Explicit Undirected,6,14162208,54
1255,Explicit Undirected,6,14162208,55
1256,Explicit Undirected,6,14162208,56
1257,Explicit Undirected,6,14162208,57
1258,Explicit Undirected,6,14162208,58
1259,Explicit Undirected,6,14162208,59
1260,Explicit Undirected,6,14162208,60
1261,Explicit Undirected,6,14162208,61
1262,Explicit Undirected,6,14162208,62
1263,Explicit Undirected,6,14162208,63
1264,Explicit Undirected,6,14162208,64
1265,Explicit Undirected,6,14162208,65
1266,Explicit Undirected,6,14162208,66
1267,Explicit Undirected,6,14162208,67
1268,Explicit Undirected,6,14162208,68
1269,Explicit Undirected,6,14162208,69
1270,Explicit Undirected,6,14162208,70
1271,Explicit Undirected,6,14162208,71
1272,Explicit Undirected,6,14162208,72
1273,Explicit Undirected,6,14162208,73
1274,Explicit Undirected,6,14162208,74
1275,Explicit Undirected,6,14162208,75
1276,Explicit Undirected,6,14162208,76
1277,Explicit Undirected,6,14162208,77
1278,Explicit Undirected,6,14162208,78
1279,Explicit Undirected,6,14162208,79
1280,Explicit Undirected,6,14162208,80
1281,Explicit Undirected,6,14162208,81
1282,Explicit Undirected,6,14162208,82
1283,Explicit Undirected,6,14162208,83
1284,Explicit Undirected,6,14162208,84
1285,Explicit Undirected,6,14162208,85
1286,Explicit Undirected,6,14162208,86
1287,Explicit Undirected,6,14162208,87
1288,Explicit Undirected,6,14162208,88
1289,Explicit Undirected,6,14162208,89
1290,Explicit Undirected,6,14162208,90
1291,Explicit Undirected,6,14162208,91
1292,Explicit Undirected,6,14162208,92
1293,Explicit Undirected,6,14162208,93
1294,Explicit Undirected,6,14162208,94
1295,Explicit Undirected,6,14162208,95
1296,Explicit Undirected,6,14162208,96
1297,Explicit Undirected,6,14162208,97
1298,Explicit Undirected,6,14162208,98
1299,Explicit Undirected,6,14162208,99
1300,Explicit Undirected,6,14162208,100
1301,Explicit Undirected,6,14162208,101
1302,Explicit Undirected,6,14162208,102
1303,Explicit Undirected,6,14162208,103
1304,Explicit Undirected,6,14162208,104
1305,Explicit Undirected,6,14162208,105
1306,Explicit Undirected,6,14162208,106
1307,Explicit Undirected,6,14162208,107
1308,Explicit Undirected,6,14162208,108
1309,Explicit Undirected,6,14162208,109
1310,Explicit Undirected,6,14162208,110
1311,Explicit Undirected,6,14162208,111
1312,Explicit Undirected,6,14162208,112
1313,Explicit Undirected,6,14162208,113
1314,Explicit Undirected,6,14162208,114
1315,Explicit Undirected,6,14162208,115
1316,Explicit Undirected,6,14162208,116
1317,Explicit Undirected,6,14162208,117
1318,Explicit Undirected,6,14162208,118
1319,Explicit Undirected,6,14162208,119
1320,Explicit Undirected,6,14162208,120
1321,Explicit Undirected,6,14162208,121
1322,Explicit Undirected,6,14162208,122
1323,Explicit Undirected,6,14162208,123
1324,Explicit Undirected,6,14162208,124
1325,Explicit Undirected,6,14162208,125
1326,Explicit Undirected,6,14162208,126
1327,Explicit Undirected,6,14162208,127
1328,Explicit Undirected,6,14162208,128
1329,Explicit Undirected,6,14162208,129
1330,Explicit Undirected,6,14162208,130
1331,Explicit Undirected,6,14162208,131
1332,Explicit Undirected,6,14162208,132
1333,Explicit Undirected,6,14162208,133
1334,Explicit Undirected,6,14162208,134
1335,Explicit Undirected,6,14162208,135
1336,Explicit Undirected,6,14162208,136
1337,Explicit Undirected,6,14162208,137
1338,Explicit Undirected,6,14162208,138
1339,Explicit Undirected,6,14162208,139
1340,Explicit Undirected,6,14162208,140
1341,Explicit Undirected,6,14162208,141
1342,Explicit Undirected,6,14162208,142
1343,Explicit Undirected,6,14162208,143
1344,Explicit Undirected,6,14162208,144
1345,Explicit Undirected,6,14162208,145
1346,Explicit Undirected,6,14162208,146
1347,Explicit Undirected,6,14162208,147
1348,Explicit Undirected,6,14162208,148
1349,Explicit Undirected,6,14162208,149
1350,Explicit Undirected,6,14162208,150
1351,Explicit Undirected,6,14162208,151
1352,Explicit Undirected,6,14162208,152
1353,Explicit Undirected,6,14162208,153
1354,Explicit Undirected,6,14162208,154
1355,Explicit Undirected,6,14162208,155
1356,Explicit Undirected,6,14162208,156
1357,Explicit Undirected,6,14162208,157
1358,Explicit Undirected,6,14162208,158
1359,Explicit Undirected,6,14162208,159
1360,Explicit Undirected,6,14162208,160
1361,Explicit Undirected,6,14162208,161
1362,Explicit Undirected,6,14162208,162
1363,Explicit Undirected,6,14162208,163
1364,Explicit Undirected,6,14162208,164
1365,Explicit Undirected,6,14162208,165
1366,Explicit Undirected,6,14162208,166
1367,Explicit Undirected,6,14162208,167
1368,Explicit Undirected,6,14162208,168
1369,Explicit Undirected,6,14162208,169
1370,Explicit Undirected,6,14162208,170
1371,Explicit Undirected,6,14162208,171
1372,Explicit Undirected,6,14162208,172
1373,Explicit Undirected,6,14162208,173
1374,Explicit Undirected,6,14162208,174
1375,Explicit Undirected,6,14162208,175
1376,Explicit Undirected,6,14162208,176
1377,Explicit Undirected,6,14162208,177
1378,Explicit Undirected,6,14162208,178
1379,Explicit Undirected,6,14162208,179
1380,Explicit Undirected,6,14162208,180
1381,Explicit Undirected,6,14162208,181
1382,Explicit Undirected,6,14162208,182
1383,Explicit Undirected,6,14162208,183
1384,Explicit Undirected,6,14162208,184
1385,Explicit Undirected,6,14162208,185
1386,Explicit Undirected,6,14162208,186
1387,Explicit Undirected,6,14162208,187
1388,Explicit Undirected,6,14162208,188
1389,Explicit Undirected,6,14162208,189
1390,Explicit Undirected,6,14162208,190
1391,Explicit Undirected,6,14162208,191
1392,Explicit Undirected,6,14162208,192
1393,Explicit Undirected,6,14162208,193
1394,Explicit Undirected,6,14162208,194
1395,Explicit Undirected,6,14162208,195
1396,Explicit Undirected,6,14162208,196
1397,Explicit Undirected,6,14162208,197
1398,Explicit Undirected,6,14162208,198
1399,Explicit Undirected,6,14162208,199
1400,Explicit Undirected,6,14162208,200
1401,Explicit Undirected,6,14162208,201
1402,Explicit Undirected,6,14162208,202
1403,Explicit Undirected,6,14162208,203
1404,Explicit Undirected,6,14162208,204
1405,Explicit Undirected,6,14162208,205
1406,Explicit Undirected,6,14162208,206
1407,Explicit Undirected,6,14162208,207
1408,Explicit Undirected,6,14162208,208
1409,Explicit Undirected,6,14162208,209
1410,Explicit Undirected,6,14162208,210
1411,Explicit Undirected,6,14162208,211
1412,Explicit Undirected,6,14162208,212
1413,Explicit Undirected,6,14162208,213
1414,Explicit Undirected,6,14162208,214
1415,Explicit Undirected,6,14162208,215
1416,Explicit Undirected,6,14162208,216
1417,Explicit Undirected,6,14162208,217
1418,Explicit Undirected,6,14162208,218
1419,Explicit Undirected,6,14162208,219
1420,Explicit Undirected,6,14162208,220
1421,Explicit Undirected,6,14162208,221
1422,Explicit Undirected,6,14162208,222
1423,Explicit Undirected,6,14162208,223
1424,Explicit Undirected,6,14162208,224
1425,Explicit Undirected,6,14162208,225
1426,Explicit Undirected,6,14162208,226
1427,Explicit Undirected,6,14162208,227
1428,Explicit Undirected,6,14162208,228
1429,Explicit Undirected,6,14162208,229
1430,Explicit Undirected,6,14162208,230
1431,Explicit Undirected,6,14162208,231
1432,Explicit Undirected,6,14162208,232
1433,Explicit Undirected,6,14162208,233
1434,Explicit Undirected,6,14162208,234
1435,Explicit Undirected,6,14162208,235
1436,Explicit Undirected,6,14162208,236
1437,Explicit Undirected,6,14162208,237
1438,Explicit Undirected,6,14162208,238
1439,Explicit Undirected,6,14162208,239
1440,Explicit Undirected,6,14162208,240
1441,Explicit Undirected,7,14162209,1
1442,Explicit Undirected,7,14162209,2
1443,Explicit Undirected,7,14162209,3
1444,Explicit Undirected,7,14162209,4
1445,Explicit Undirected,7,14162209,5
1446,Explicit Undirected,7,14162209,6
1447,Explicit Undirected,7,14162209,7
1448,Explicit Undirected,7,14162209,8
1449,Explicit Undirected,7,14162209,9
1450,Explicit Undirected,7,14162209,10
1451,Explicit Undirected,7,14162209,11
1452,Explicit Undirected,7,14162209,12
1453,Explicit Undirected,7,14162209,13
1454,Explicit Undirected,7,14162209,14
1455,Explicit Undirected,7,14162209,15
1456,Explicit Undirected,7,14162209,16
1457,Explicit Undirected,7,14162209,17
1458,Explicit Undirected,7,14162209,18
1459,Explicit Undirected,7,14162209,19
1460,Explicit Undirected,7,14162209,20
1461,Explicit Undirected,7,14162209,21
1462,Explicit Undirected,7,14162209,22
1463,Explicit Undirected,7,14162209,23
1464,Explicit Undirected,7,14162209,24
1465,Explicit Undirected,7,14162209,25
1466,Explicit Undirected,7,14162209,26
1467,Explicit Undirected,7,14162209,27
1468,Explicit Undirected,7,14162209,28
1469,Explicit Undirected,7,14162209,29
1470,Explicit Undirected,7,14162209,30
1471,Explicit Undirected,7,14162209,31
1472,Explicit Undirected,7,14162209,32
1473,Explicit Undirected,7,14162209,33
1474,Explicit Undirected,7,14162209,34
1475,Explicit Undirected,7,14162209,35
1476,Explicit Undirected,7,14162209,36
1477,Explicit Undirected,7,14162209,37
1478,Explicit Undirected,7,14162209,38
1479,Explicit Undirected,7,14162209,39
1480,Explicit Undirected,7,14162209,40
1481,Explicit Undirected,7,14162209,41
1482,Explicit Undirected,7,14162209,42
1483,Explicit Undirected,7,14162209,43
1484,Explicit Undirected,7,14162209,44
1485,Explicit Undirected,7,14162209,45
1486,Explicit Undirected,7,14162209,46
1487,Explicit Undirected,7,14162209,47
1488,Explicit Undirected,7,14162209,48
1489,Explicit Undirected,7,14162209,49
1490,Explicit Undirected,7,14162209,50
1491,Explicit Undirected,7,14162209,51
1492,Explicit Undirected,7,14162209,52
1493,Explicit Undirected,7,14162209,53
1494,Explicit Undirected,7,14162209,54
1495,Explicit Undirected,7,14162209,55
1496,Explicit Undirected,7,14162209,56
1497,Explicit Undirected,7,14162209,57
1498,Explicit Undirected,7,14162209,58
1499,Explicit Undirected,7,14162209,59
1500,Explicit Undirected,7,14162209,60
1501,Explicit Undirected,7,14162209,61
1502,Explicit Undirected,7,14162209,62
1503,Explicit Undirected,7,14162209,63
1504,Explicit Undirected,7,14162209,64
1505,Explicit Undirected,7,14162209,65
1506,Explicit Undirected,7,14162209,66
1507,Explicit Undirected,7,14162209,67
1508,Explicit Undirected,7,14162209,68
1509,Explicit Undirected,7,14162209,69
1510,Explicit Undirected,7,14162209,70
1511,Explicit Undirected,7,14162209,71
1512,Explicit Undirected,7,14162209,72
1513,Explicit Undirected,7,14162209,73
1514,Explicit Undirected,7,14162209,74
1515,Explicit Undirected,7,14162209,75
1516,Explicit Undirected,7,14162209,76
1517,Explicit Undirected,7,14162209,77
1518,Explicit Undirected,7,14162209,78
1519,Explicit Undirected,7,14162209,79
1520,Explicit Undirected,7,14162209,80
1521,Explicit Undirected,7,14162209,81
1522,Explicit Undirected,7,14162209,82
1523,Explicit Undirected,7,14162209,83
1524,Explicit Undirected,7,14162209,84
1525,Explicit Undirected,7,14162209,85
1526,Explicit Undirected,7,14162209,86
1527,Explicit Undirected,7,14162209,87
1528,Explicit Undirected,7,14162209,88
1529,Explicit Undirected,7,14162209,89
1530,Explicit Undirected,7,14162209,90
1531,Explicit Undirected,7,14162209,91
1532,Explicit Undirected,7,14162209,92
1533,Explicit Undirected,7,14162209,93
1534,Explicit Undirected,7,14162209,94
1535,Explicit Undirected,7,14162209,95
1536,Explicit Undirected,7,14162209,96
1537,Explicit Undirected,7,14162209,97
1538,Explicit Undirected,7,14162209,98
1539,Explicit Undirected,7,14162209,99
1540,Explicit Undirected,7,14162209,100
1541,Explicit Undirected,7,14162209,101
1542,Explicit Undirected,7,14162209,102
1543,Explicit Undirected,7,14162209,103
1544,Explicit Undirected,7,14162209,104
1545,Explicit Undirected,7,14162209,105
1546,Explicit Undirected,7,14162209,106
1547,Explicit Undirected,7,14162209,107
1548,Explicit Undirected,7,14162209,108
1549,Explicit Undirected,7,14162209,109
1550,Explicit Undirected,7,14162209,110
1551,Explicit Undirected,7,14162209,111
1552,Explicit Undirected,7,14162209,112
1553,Explicit Undirected,7,14162209,113
1554,Explicit Undirected,7,14162209,114
1555,Explicit Undirected,7,14162209,115
1556,Explicit Undirected,7,14162209,116
1557,Explicit Undirected,7,14162209,117
1558,Explicit Undirected,7,14162209,118
1559,Explicit Undirected,7,14162209,119
1560,Explicit Undirected,7,14162209,120
1561,Explicit Undirected,7,14162209,121
1562,Explicit Undirected,7,14162209,122
1563,Explicit Undirected,7,14162209,123
1564,Explicit Undirected,7,14162209,124
1565,Explicit Undirected,7,14162209,125
1566,Explicit Undirected,7,14162209,126
1567,Explicit Undirected,7,14162209,127
1568,Explicit Undirected,7,14162209,128
1569,Explicit Undirected,7,14162209,129
1570,Explicit Undirected,7,14162209,130
1571,Explicit Undirected,7,14162209,131
1572,Explicit Undirected,7,14162209,132
1573,Explicit Undirected,7,14162209,133
1574,Explicit Undirected,7,14162209,134
1575,Explicit Undirected,7,14162209,135
1576,Explicit Undirected,7,14162209,136
1577,Explicit Undirected,7,14162209,137
1578,Explicit Undirected,7,14162209,138
1579,Explicit Undirected,7,14162209,139
1580,Explicit Undirected,7,14162209,140
1581,Explicit Undirected,7,14162209,141
1582,Explicit Undirected,7,14162209,142
1583,Explicit Undirected,7,14162209,143
1584,Explicit Undirected,7,14162209,144
1585,Explicit Undirected,7,14162209,145
1586,Explicit Undirected,7,14162209,146
1587,Explicit Undirected,7,14162209,147
1588,Explicit Undirected,7,14162209,148
1589,Explicit Undirected,7,14162209,149
1590,Explicit Undirected,7,14162209,150
1591,Explicit Undirected,7,14162209,151
1592,Explicit Undirected,7,14162209,152
1593,Explicit Undirected,7,14162209,153
1594,Explicit Undirected,7,14162209,154
1595,Explicit Undirected,7,14162209,155
1596,Explicit Undirected,7,14162209,156
1597,Explicit Undirected,7,14162209,157
1598,Explicit Undirected,7,14162209,158
1599,Explicit Undirected,7,14162209,159
1600,Explicit Undirected,7,14162209,160
1601,Explicit Undirected,7,14162209,161
1602,Explicit Undirected,7,14162209,162
1603,Explicit Undirected,7,14162209,163
1604,Explicit Undirected,7,14162209,164
1605,Explicit Undirected,7,14162209,165
1606,Explicit Undirected,7,14162209,166
1607,Explicit Undirected,7,14162209,167
1608,Explicit Undirected,7,14162209,168
1609,Explicit Undirected,7,14162209,169
1610,Explicit Undirected,7,14162209,170
1611,Explicit Undirected,7,14162209,171
1612,Explicit Undirected,7,14162209,172
1613,Explicit Undirected,7,14162209,173
1614,Explicit Undirected,7,14162209,174
1615,Explicit Undirected,7,14162209,175
1616,Explicit Undirected,7,14162209,176
1617,Explicit Undirected,7,14162209,177
1618,Explicit Undirected,7,14162209,178
1619,Explicit Undirected,7,14162209,179
1620,Explicit Undirected,7,14162209,180
1621,Explicit Undirected,7,14162209,181
1622,Explicit Undirected,7,14162209,182
1623,Explicit Undirected,7,14162209,183
1624,Explicit Undirected,7,14162209,184
1625,Explicit Undirected,7,14162209,185
1626,Explicit Undirected,7,14162209,186
1627,Explicit Undirected,7,14162209,187
1628,Explicit Undirected,7,14162209,188
1629,Explicit Undirected,7,14162209,189
1630,Explicit Undirected,7,14162209,190
1631,Explicit Undirected,7,14162209,191
1632,Explicit Undirected,7,14162209,192
1633,Explicit Undirected,7,14162209,193
1634,Explicit Undirected,7,14162209,194
1635,Explicit Undirected,7,14162209,195
1636,Explicit Undirected,7,14162209,196
1637,Explicit Undirected,7,14162209,197
1638,Explicit Undirected,7,14162209,198
1639,Explicit Undirected,7,14162209,199
1640,Explicit Undirected,7,14162209,200
1641,Explicit Undirected,7,14162209,201
1642,Explicit Undirected,7,14162209,202
1643,Explicit Undirected,7,14162209,203
1644,Explicit Undirected,7,14162209,204
1645,Explicit Undirected,7,14162209,205
1646,Explicit Undirected,7,14162209,206
1647,Explicit Undirected,7,14162209,207
1648,Explicit Undirected,7,14162209,208
1649,Explicit Undirected,7,14162209,209
1650,Explicit Undirected,7,14162209,210
1651,Explicit Undirected,7,14162209,211
1652,Explicit Undirected,7,14162209,212
1653,Explicit Undirected,7,14162209,213
1654,Explicit Undirected,7,14162209,214
1655,Explicit Undirected,7,14162209,215
1656,Explicit Undirected,7,14162209,216
1657,Explicit Undirected,7,14162209,217
1658,Explicit Undirected,7,14162209,218
1659,Explicit Undirected,7,14162209,219
1660,Explicit Undirected,7,14162209,220
1661,Explicit Undirected,7,14162209,221
1662,Explicit Undirected,7,14162209,222
1663,Explicit Undirected,7,14162209,223
1664,Explicit Undirected,7,14162209,224
1665,Explicit Undirected,7,14162209,225
1666,Explicit Undirected,7,14162209,226
1667,Explicit Undirected,7,14162209,227
1668,Explicit Undirected,7,14162209,228
1669,Explicit Undirected,7,14162209,229
1670,Explicit Undirected,7,14162209,230
1671,Explicit Undirected,7,14162209,231
1672,Explicit Undirected,7,14162209,232
1673,Explicit Undirected,7,14162209,233
1674,Explicit Undirected,7,14162209,234
1675,Explicit Undirected,7,14162209,235
1676,Explicit Undirected,7,14162209,236
1677,Explicit Undirected,7,14162209,237
1678,Explicit Undirected,7,14162209,238
1679,Explicit Undirected,7,14162209,239
1680,Explicit Undirected,7,14162209,240
1681,Explicit Undirected,8,14162210,1
1682,Explicit Undirected,8,14162210,2
1683,Explicit Undirected,8,14162210,3
1684,Explicit Undirected,8,14162210,4
1685,Explicit Undirected,8,14162210,5
1686,Explicit Undirected,8,14162210,6
1687,Explicit Undirected,8,14162210,7
1688,Explicit Undirected,8,14162210,8
1689,Explicit Undirected,8,14162210,9
1690,Explicit Undirected,8,14162210,10
1691,Explicit Undirected,8,14162210,11
1692,Explicit Undirected,8,14162210,12
1693,Explicit Undirected,8,14162210,13
1694,Explicit Undirected,8,14162210,14
1695,Explicit Undirected,8,14162210,15
1696,Explicit Undirected,8,14162210,16
1697,Explicit Undirected,8,14162210,17
1698,Explicit Undirected,8,14162210,18
1699,Explicit Undirected,8,14162210,19
1700,Explicit Undirected,8,14162210,20
1701,Explicit Undirected,8,14162210,21
1702,Explicit Undirected,8,14162210,22
1703,Explicit Undirected,8,14162210,23
1704,Explicit Undirected,8,14162210,24
1705,Explicit Undirected,8,14162210,25
1706,Explicit Undirected,8,14162210,26
1707,Explicit Undirected,8,14162210,27
1708,Explicit Undirected,8,14162210,28
1709,Explicit Undirected,8,14162210,29
1710,Explicit Undirected,8,14162210,30
1711,Explicit Undirected,8,14162210,31
1712,Explicit Undirected,8,14162210,32
1713,Explicit Undirected,8,14162210,33
1714,Explicit Undirected,8,14162210,34
1715,Explicit Undirected,8,14162210,35
1716,Explicit Undirected,8,14162210,36
1717,Explicit Undirected,8,14162210,37
1718,Explicit Undirected,8,14162210,38
1719,Explicit Undirected,8,14162210,39
1720,Explicit Undirected,8,14162210,40
1721,Explicit Undirected,8,14162210,41
1722,Explicit Undirected,8,14162210,42
1723,Explicit Undirected,8,14162210,43
1724,Explicit Undirected,8,14162210,44
1725,Explicit Undirected,8,14162210,45
1726,Explicit Undirected,8,14162210,46
1727,Explicit Undirected,8,14162210,47
1728,Explicit Undirected,8,14162210,48
1729,Explicit Undirected,8,14162210,49
1730,Explicit Undirected,8,14162210,50
1731,Explicit Undirected,8,14162210,51
1732,Explicit Undirected,8,14162210,52
1733,Explicit Undirected,8,14162210,53
1734,Explicit Undirected,8,14162210,54
1735,Explicit Undirected,8,14162210,55
1736,Explicit Undirected,8,14162210,56
1737,Explicit Undirected,8,14162210,57
1738,Explicit Undirected,8,14162210,58
1739,Explicit Undirected,8,14162210,59
1740,Explicit Undirected,8,14162210,60
1741,Explicit Undirected,8,14162210,61
1742,Explicit Undirected,8,14162210,62
1743,Explicit Undirected,8,14162210,63
1744,Explicit Undirected,8,14162210,64
1745,Explicit Undirected,8,14162210,65
1746,Explicit Undirected,8,14162210,66
1747,Explicit Undirected,8,14162210,67
1748,Explicit Undirected,8,14162210,68
1749,Explicit Undirected,8,14162210,69
1750,Explicit Undirected,8,14162210,70
1751,Explicit Undirected,8,14162210,71
1752,Explicit Undirected,8,14162210,72
1753,Explicit Undirected,8,14162210,73
1754,Explicit Undirected,8,14162210,74
1755,Explicit Undirected,8,14162210,75
1756,Explicit Undirected,8,14162210,76
1757,Explicit Undirected,8,14162210,77
1758,Explicit Undirected,8,14162210,78
1759,Explicit Undirected,8,14162210,79
1760,Explicit Undirected,8,14162210,80
1761,Explicit Undirected,8,14162210,81
1762,Explicit Undirected,8,14162210,82
1763,Explicit Undirected,8,14162210,83
1764,Explicit Undirected,8,14162210,84
1765,Explicit Undirected,8,14162210,85
1766,Explicit Undirected,8,14162210,86
1767,Explicit Undirected,8,14162210,87
1768,Explicit Undirected,8,14162210,88
1769,Explicit Undirected,8,14162210,89
1770,Explicit Undirected,8,14162210,90
1771,Explicit Undirected,8,14162210,91
1772,Explicit Undirected,8,14162210,92
1773,Explicit Undirected,8,14162210,93
1774,Explicit Undirected,8,14162210,94
1775,Explicit Undirected,8,14162210,95
1776,Explicit Undirected,8,14162210,96
1777,Explicit Undirected,8,14162210,97
1778,Explicit Undirected,8,14162210,98
1779,Explicit Undirected,8,14162210,99
1780,Explicit Undirected,8,14162210,100
1781,Explicit Undirected,8,14162210,101
1782,Explicit Undirected,8,14162210,102
1783,Explicit Undirected,8,14162210,103
1784,Explicit Undirected,8,14162210,104
1785,Explicit Undirected,8,14162210,105
1786,Explicit Undirected,8,14162210,106
1787,Explicit Undirected,8,14162210,107
1788,Explicit Undirected,8,14162210,108
1789,Explicit Undirected,8,14162210,109
1790,Explicit Undirected,8,14162210,110
1791,Explicit Undirected,8,14162210,111
1792,Explicit Undirected,8,14162210,112
1793,Explicit Undirected,8,14162210,113
1794,Explicit Undirected,8,14162210,114
1795,Explicit Undirected,8,14162210,115
1796,Explicit Undirected,8,14162210,116
1797,Explicit Undirected,8,14162210,117
1798,Explicit Undirected,8,14162210,118
1799,Explicit Undirected,8,14162210,119
1800,Explicit Undirected,8,14162210,120
1801,Explicit Undirected,8,14162210,121
1802,Explicit Undirected,8,14162210,122
1803,Explicit Undirected,8,14162210,123
1804,Explicit Undirected,8,14162210,124
1805,Explicit Undirected,8,14162210,125
1806,Explicit Undirected,8,14162210,126
1807,Explicit Undirected,8,14162210,127
1808,Explicit Undirected,8,14162210,128
1809,Explicit Undirected,8,14162210,129
1810,Explicit Undirected,8,14162210,130
1811,Explicit Undirected,8,14162210,131
1812,Explicit Undirected,8,14162210,132
1813,Explicit Undirected,8,14162210,133
1814,Explicit Undirected,8,14162210,134
1815,Explicit Undirected,8,14162210,135
1816,Explicit Undirected,8,14162210,136
1817,Explicit Undirected,8,14162210,137
1818,Explicit Undirected,8,14162210,138
1819,Explicit Undirected,8,14162210,139
1820,Explicit Undirected,8,14162210,140
1821,Explicit Undirected,8,14162210,141
1822,Explicit Undirected,8,14162210,142
1823,Explicit Undirected,8,14162210,143
1824,Explicit Undirected,8,14162210,144
1825,Explicit Undirected,8,14162210,145
1826,Explicit Undirected,8,14162210,146
1827,Explicit Undirected,8,14162210,147
1828,Explicit Undirected,8,14162210,148
1829,Explicit Undirected,8,14162210,149
1830,Explicit Undirected,8,14162210,150
1831,Explicit Undirected,8,14162210,151
1832,Explicit Undirected,8,14162210,152
1833,Explicit Undirected,8,14162210,153
1834,Explicit Undirected,8,14162210,154
1835,Explicit Undirected,8,14162210,155
1836,Explicit Undirected,8,14162210,156
1837,Explicit Undirected,8,14162210,157
1838,Explicit Undirected,8,14162210,158
1839,Explicit Undirected,8,14162210,159
1840,Explicit Undirected,8,14162210,160
1841,Explicit Undirected,8,14162210,161
1842,Explicit Undirected,8,14162210,162
1843,Explicit Undirected,8,14162210,163
1844,Explicit Undirected,8,14162210,164
1845,Explicit Undirected,8,14162210,165
1846,Explicit Undirected,8,14162210,166
1847,Explicit Undirected,8,14162210,167
1848,Explicit Undirected,8,14162210,168
1849,Explicit Undirected,8,14162210,169
1850,Explicit Undirected,8,14162210,170
1851,Explicit Undirected,8,14162210,171
1852,Explicit Undirected,8,14162210,172
1853,Explicit Undirected,8,14162210,173
1854,Explicit Undirected,8,14162210,174
1855,Explicit Undirected,8,14162210,175
1856,Explicit Undirected,8,14162210,176
1857,Explicit Undirected,8,14162210,177
1858,Explicit Undirected,8,14162210,178
1859,Explicit Undirected,8,14162210,179
1860,Explicit Undirected,8,14162210,180
1861,Explicit Undirected,8,14162210,181
1862,Explicit Undirected,8,14162210,182
1863,Explicit Undirected,8,14162210,183
1864,Explicit Undirected,8,14162210,184
1865,Explicit Undirected,8,14162210,185
1866,Explicit Undirected,8,14162210,186
1867,Explicit Undirected,8,14162210,187
1868,Explicit Undirected,8,14162210,188
1869,Explicit Undirected,8,14162210,189
1870,Explicit Undirected,8,14162210,190
1871,Explicit Undirected,8,14162210,191
1872,Explicit Undirected,8,14162210,192
1873,Explicit Undirected,8,14162210,193
1874,Explicit Undirected,8,14162210,194
1875,Explicit Undirected,8,14162210,195
1876,Explicit Undirected,8,14162210,196
1877,Explicit Undirected,8,14162210,197
1878,Explicit Undirected,8,14162210,198
1879,Explicit Undirected,8,14162210,199
1880,Explicit Undirected,8,14162210,200
1881,Explicit Undirected,8,14162210,201
1882,Explicit Undirected,8,14162210,202
1883,Explicit Undirected,8,14162210,203
1884,Explicit Undirected,8,14162210,204
1885,Explicit Undirected,8,14162210,205
1886,Explicit Undirected,8,14162210,206
1887,Explicit Undirected,8,14162210,207
1888,Explicit Undirected,8,14162210,208
1889,Explicit Undirected,8,14162210,209
1890,Explicit Undirected,8,14162210,210
1891,Explicit Undirected,8,14162210,211
1892,Explicit Undirected,8,14162210,212
1893,Explicit Undirected,8,14162210,213
1894,Explicit Undirected,8,14162210,214
1895,Explicit Undirected,8,14162210,215
1896,Explicit Undirected,8,14162210,216
1897,Explicit Undirected,8,14162210,217
1898,Explicit Undirected,8,14162210,218
1899,Explicit Undirected,8,14162210,219
1900,Explicit Undirected,8,14162210,220
1901,Explicit Undirected,8,14162210,221
1902,Explicit Undirected,8,14162210,222
1903,Explicit Undirected,8,14162210,223
1904,Explicit Undirected,8,14162210,224
1905,Explicit Undirected,8,14162210,225
1906,Explicit Undirected,8,14162210,226
1907,Explicit Undirected,8,14162210,227
1908,Explicit Undirected,8,14162210,228
1909,Explicit Undirected,8,14162210,229
1910,Explicit Undirected,8,14162210,230
1911,Explicit Undirected,8,14162210,231
1912,Explicit Undirected,8,14162210,232
1913,Explicit Undirected,8,14162210,233
1914,Explicit Undirected,8,14162210,234
1915,Explicit Undirected,8,14162210,235
1916,Explicit Undirected,8,14162210,236
1917,Explicit Undirected,8,14162210,237
1918,Explicit Undirected,8,14162210,238
1919,Explicit Undirected,8,14162210,239
1920,Explicit Undirected,8,14162210,240
1921,Explicit Undirected,9,14162216,1
1922,Explicit Undirected,9,14162216,2
1923,Explicit Undirected,9,14162216,3
1924,Explicit Undirected,9,14162216,4
1925,Explicit Undirected,9,14162216,5
1926,Explicit Undirected,9,14162216,6
1927,Explicit Undirected,9,14162216,7
1928,Explicit Undirected,9,14162216,8
1929,Explicit Undirected,9,14162216,9
1930,Explicit Undirected,9,14162216,10
1931,Explicit Undirected,9,14162216,11
1932,Explicit Undirected,9,14162216,12
1933,Explicit Undirected,9,14162216,13
1934,Explicit Undirected,9,14162216,14
1935,Explicit Undirected,9,14162216,15
1936,Explicit Undirected,9,14162216,16
1937,Explicit Undirected,9,14162216,17
1938,Explicit Undirected,9,14162216,18
1939,Explicit Undirected,9,14162216,19
1940,Explicit Undirected,9,14162216,20
1941,Explicit Undirected,9,14162216,21
1942,Explicit Undirected,9,14162216,22
1943,Explicit Undirected,9,14162216,23
1944,Explicit Undirected,9,14162216,24
1945,Explicit Undirected,9,14162216,25
1946,Explicit Undirected,9,14162216,26
1947,Explicit Undirected,9,14162216,27
1948,Explicit Undirected,9,14162216,28
1949,Explicit Undirected,9,14162216,29
1950,Explicit Undirected,9,14162216,30
1951,Explicit Undirected,9,14162216,31
1952,Explicit Undirected,9,14162216,32
1953,Explicit Undirected,9,14162216,33
1954,Explicit Undirected,9,14162216,34
1955,Explicit Undirected,9,14162216,35
1956,Explicit Undirected,9,14162216,36
1957,Explicit Undirected,9,14162216,37
1958,Explicit Undirected,9,14162216,38
1959,Explicit Undirected,9,14162216,39
1960,Explicit Undirected,9,14162216,40
1961,Explicit Undirected,9,14162216,41
1962,Explicit Undirected,9,14162216,42
1963,Explicit Undirected,9,14162216,43
1964,Explicit Undirected,9,14162216,44
1965,Explicit Undirected,9,14162216,45
1966,Explicit Undirected,9,14162216,46
1967,Explicit Undirected,9,14162216,47
1968,Explicit Undirected,9,14162216,48
1969,Explicit Undirected,9,14162216,49
1970,Explicit Undirected,9,14162216,50
1971,Explicit Undirected,9,14162216,51
1972,Explicit Undirected,9,14162216,52
1973,Explicit Undirected,9,14162216,53
1974,Explicit Undirected,9,14162216,54
1975,Explicit Undirected,9,14162216,55
1976,Explicit Undirected,9,14162216,56
1977,Explicit Undirected,9,14162216,57
1978,Explicit Undirected,9,14162216,58
1979,Explicit Undirected,9,14162216,59
1980,Explicit Undirected,9,14162216,60
1981,Explicit Undirected,9,14162216,61
1982,Explicit Undirected,9,14162216,62
1983,Explicit Undirected,9,14162216,63
1984,Explicit Undirected,9,14162216,64
1985,Explicit Undirected,9,14162216,65
1986,Explicit Undirected,9,14162216,66
1987,Explicit Undirected,9,14162216,67
1988,Explicit Undirected,9,14162216,68
1989,Explicit Undirected,9,14162216,69
1990,Explicit Undirected,9,14162216,70
1991,Explicit Undirected,9,14162216,71
1992,Explicit Undirected,9,14162216,72
1993,Explicit Undirected,9,14162216,73
1994,Explicit Undirected,9,14162216,74
1995,Explicit Undirected,9,14162216,75
1996,Explicit Undirected,9,14162216,76
1997,Explicit Undirected,9,14162216,77
1998,Explicit Undirected,9,14162216,78
1999,Explicit Undirected,9,14162216,79
2000,Explicit Undirected,9,14162216,80
2001,Explicit Undirected,9,14162216,81
2002,Explicit Undirected,9,14162216,82
2003,Explicit Undirected,9,14162216,83
2004,Explicit Undirected,9,14162216,84
2005,Explicit Undirected,9,14162216,85
2006,Explicit Undirected,9,14162216,86
2007,Explicit Undirected,9,14162216,87
2008,Explicit Undirected,9,14162216,88
2009,Explicit Undirected,9,14162216,89
2010,Explicit Undirected,9,14162216,90
2011,Explicit Undirected,9,14162216,91
2012,Explicit Undirected,9,14162216,92
2013,Explicit Undirected,9,14162216,93
2014,Explicit Undirected,9,14162216,94
2015,Explicit Undirected,9,14162216,95
2016,Explicit Undirected,9,14162216,96
2017,Explicit Undirected,9,14162216,97
2018,Explicit Undirected,9,14162216,98
2019,Explicit Undirected,9,14162216,99
2020,Explicit Undirected,9,14162216,100
2021,Explicit Undirected,9,14162216,101
2022,Explicit Undirected,9,14162216,102
2023,Explicit Undirected,9,14162216,103
2024,Explicit Undirected,9,14162216,104
2025,Explicit Undirected,9,14162216,105
2026,Explicit Undirected,9,14162216,106
2027,Explicit Undirected,9,14162216,107
2028,Explicit Undirected,9,14162216,108
2029,Explicit Undirected,9,14162216,109
2030,Explicit Undirected,9,14162216,110
2031,Explicit Undirected,9,14162216,111
2032,Explicit Undirected,9,14162216,112
2033,Explicit Undirected,9,14162216,113
2034,Explicit Undirected,9,14162216,114
2035,Explicit Undirected,9,14162216,115
2036,Explicit Undirected,9,14162216,116
2037,Explicit Undirected,9,14162216,117
2038,Explicit Undirected,9,14162216,118
2039,Explicit Undirected,9,14162216,119
2040,Explicit Undirected,9,14162216,120
2041,Explicit Undirected,9,14162216,121
2042,Explicit Undirected,9,14162216,122
2043,Explicit Undirected,9,14162216,123
2044,Explicit Undirected,9,14162216,124
2045,Explicit Undirected,9,14162216,125
2046,Explicit Undirected,9,14162216,126
2047,Explicit Undirected,9,14162216,127
2048,Explicit Undirected,9,14162216,128
2049,Explicit Undirected,9,14162216,129
2050,Explicit Undirected,9,14162216,130
2051,Explicit Undirected,9,14162216,131
2052,Explicit Undirected,9,14162216,132
2053,Explicit Undirected,9,14162216,133
2054,Explicit Undirected,9,14162216,134
2055,Explicit Undirected,9,14162216,135
2056,Explicit Undirected,9,14162216,136
2057,Explicit Undirected,9,14162216,137
2058,Explicit Undirected,9,14162216,138
2059,Explicit Undirected,9,14162216,139
2060,Explicit Undirected,9,14162216,140
2061,Explicit Undirected,9,14162216,141
2062,Explicit Undirected,9,14162216,142
2063,Explicit Undirected,9,14162216,143
2064,Explicit Undirected,9,14162216,144
2065,Explicit Undirected,9,14162216,145
2066,Explicit Undirected,9,14162216,146
2067,Explicit Undirected,9,14162216,147
2068,Explicit Undirected,9,14162216,148
2069,Explicit Undirected,9,14162216,149
2070,Explicit Undirected,9,14162216,150
2071,Explicit Undirected,9,14162216,151
2072,Explicit Undirected,9,14162216,152
2073,Explicit Undirected,9,14162216,153
2074,Explicit Undirected,9,14162216,154
2075,Explicit Undirected,9,14162216,155
2076,Explicit Undirected,9,14162216,156
2077,Explicit Undirected,9,14162216,157
2078,Explicit Undirected,9,14162216,158
2079,Explicit Undirected,9,14162216,159
2080,Explicit Undirected,9,14162216,160
2081,Explicit Undirected,9,14162216,161
2082,Explicit Undirected,9,14162216,162
2083,Explicit Undirected,9,14162216,163
2084,Explicit Undirected,9,14162216,164
2085,Explicit Undirected,9,14162216,165
2086,Explicit Undirected,9,14162216,166
2087,Explicit Undirected,9,14162216,167
2088,Explicit Undirected,9,14162216,168
2089,Explicit Undirected,9,14162216,169
2090,Explicit Undirected,9,14162216,170
2091,Explicit Undirected,9,14162216,171
2092,Explicit Undirected,9,14162216,172
2093,Explicit Undirected,9,14162216,173
2094,Explicit Undirected,9,14162216,174
2095,Explicit Undirected,9,14162216,175
2096,Explicit Undirected,9,14162216,176
2097,Explicit Undirected,9,14162216,177
2098,Explicit Undirected,9,14162216,178
2099,Explicit Undirected,9,14162216,179
2100,Explicit Undirected,9,14162216,180
2101,Explicit Undirected,9,14162216,181
2102,Explicit Undirected,9,14162216,182
2103,Explicit Undirected,9,14162216,183
2104,Explicit Undirected,9,14162216,184
2105,Explicit Undirected,9,14162216,185
2106,Explicit Undirected,9,14162216,186
2107,Explicit Undirected,9,14162216,187
2108,Explicit Undirected,9,14162216,188
2109,Explicit Undirected,9,14162216,189
2110,Explicit Undirected,9,14162216,190
2111,Explicit Undirected,9,14162216,191
2112,Explicit Undirected,9,14162216,192
2113,Explicit Undirected,9,14162216,193
2114,Explicit Undirected,9,14162216,194
2115,Explicit Undirected,9,14162216,195
2116,Explicit Undirected,9,14162216,196
2117,Explicit Undirected,9,14162216,197
2118,Explicit Undirected,9,14162216,198
2119,Explicit Undirected,9,14162216,199
2120,Explicit Undirected,9,14162216,200
2121,Explicit Undirected,9,14162216,201
2122,Explicit Undirected,9,14162216,202
2123,Explicit Undirected,9,14162216,203
2124,Explicit Undirected,9,14162216,204
2125,Explicit Undirected,9,14162216,205
2126,Explicit Undirected,9,14162216,206
2127,Explicit Undirected,9,14162216,207
2128,Explicit Undirected,9,14162216,208
2129,Explicit Undirected,9,14162216,209
2130,Explicit Undirected,9,14162216,210
2131,Explicit Undirected,9,14162216,211
2132,Explicit Undirected,9,14162216,212
2133,Explicit Undirected,9,14162216,213
2134,Explicit Undirected,9,14162216,214
2135,Explicit Undirected,9,14162216,215
2136,Explicit Undirected,9,14162216,216
2137,Explicit Undirected,9,14162216,217
2138,Explicit Undirected,9,14162216,218
2139,Explicit Undirected,9,14162216,219
2140,Explicit Undirected,9,14162216,220
2141,Explicit Undirected,9,14162216,221
2142,Explicit Undirected,9,14162216,222
2143,Explicit Undirected,9,14162216,223
2144,Explicit Undirected,9,14162216,224
2145,Explicit Undirected,9,14162216,225
2146,Explicit Undirected,9,14162216,226
2147,Explicit Undirected,9,14162216,227
2148,Explicit Undirected,9,14162216,228
2149,Explicit Undirected,9,14162216,229
2150,Explicit Undirected,9,14162216,230
2151,Explicit Undirected,9,14162216,231
2152,Explicit Undirected,9,14162216,232
2153,Explicit Undirected,9,14162216,233
2154,Explicit Undirected,9,14162216,234
2155,Explicit Undirected,9,14162216,235
2156,Explicit Undirected,9,14162216,236
2157,Explicit Undirected,9,14162216,237
2158,Explicit Undirected,9,14162216,238
2159,Explicit Undirected,9,14162216,239
2160,Explicit Undirected,9,14162216,240
2161,Explicit Undirected,10,14162222,1
2162,Explicit Undirected,10,14162222,2
2163,Explicit Undirected,10,14162222,3
2164,Explicit Undirected,10,14162222,4
2165,Explicit Undirected,10,14162222,5
2166,Explicit Undirected,10,14162222,6
2167,Explicit Undirected,10,14162222,7
2168,Explicit Undirected,10,14162222,8
2169,Explicit Undirected,10,14162222,9
2170,Explicit Undirected,10,14162222,10
2171,Explicit Undirected,10,14162222,11
2172,Explicit Undirected,10,14162222,12
2173,Explicit Undirected,10,14162222,13
2174,Explicit Undirected,10,14162222,14
2175,Explicit Undirected,10,14162222,15
2176,Explicit Undirected,10,14162222,16
2177,Explicit Undirected,10,14162222,17
2178,Explicit Undirected,10,14162222,18
2179,Explicit Undirected,10,14162222,19
2180,Explicit Undirected,10,14162222,20
2181,Explicit Undirected,10,14162222,21
2182,Explicit Undirected,10,14162222,22
2183,Explicit Undirected,10,14162222,23
2184,Explicit Undirected,10,14162222,24
2185,Explicit Undirected,10,14162222,25
2186,Explicit Undirected,10,14162222,26
2187,Explicit Undirected,10,14162222,27
2188,Explicit Undirected,10,14162222,28
2189,Explicit Undirected,10,14162222,29
2190,Explicit Undirected,10,14162222,30
2191,Explicit Undirected,10,14162222,31
2192,Explicit Undirected,10,14162222,32
2193,Explicit Undirected,10,14162222,33
2194,Explicit Undirected,10,14162222,34
2195,Explicit Undirected,10,14162222,35
2196,Explicit Undirected,10,14162222,36
2197,Explicit Undirected,10,14162222,37
2198,Explicit Undirected,10,14162222,38
2199,Explicit Undirected,10,14162222,39
2200,Explicit Undirected,10,14162222,40
2201,Explicit Undirected,10,14162222,41
2202,Explicit Undirected,10,14162222,42
2203,Explicit Undirected,10,14162222,43
2204,Explicit Undirected,10,14162222,44
2205,Explicit Undirected,10,14162222,45
2206,Explicit Undirected,10,14162222,46
2207,Explicit Undirected,10,14162222,47
2208,Explicit Undirected,10,14162222,48
2209,Explicit Undirected,10,14162222,49
2210,Explicit Undirected,10,14162222,50
2211,Explicit Undirected,10,14162222,51
2212,Explicit Undirected,10,14162222,52
2213,Explicit Undirected,10,14162222,53
2214,Explicit Undirected,10,14162222,54
2215,Explicit Undirected,10,14162222,55
2216,Explicit Undirected,10,14162222,56
2217,Explicit Undirected,10,14162222,57
2218,Explicit Undirected,10,14162222,58
2219,Explicit Undirected,10,14162222,59
2220,Explicit Undirected,10,14162222,60
2221,Explicit Undirected,10,14162222,61
2222,Explicit Undirected,10,14162222,62
2223,Explicit Undirected,10,14162222,63
2224,Explicit Undirected,10,14162222,64
2225,Explicit Undirected,10,14162222,65
2226,Explicit Undirected,10,14162222,66
2227,Explicit Undirected,10,14162222,67
2228,Explicit Undirected,10,14162222,68
2229,Explicit Undirected,10,14162222,69
2230,Explicit Undirected,10,14162222,70
2231,Explicit Undirected,10,14162222,71
2232,Explicit Undirected,10,14162222,72
2233,Explicit Undirected,10,14162222,73
2234,Explicit Undirected,10,14162222,74
2235,Explicit Undirected,10,14162222,75
2236,Explicit Undirected,10,14162222,76
2237,Explicit Undirected,10,14162222,77
2238,Explicit Undirected,10,14162222,78
2239,Explicit Undirected,10,14162222,79
2240,Explicit Undirected,10,14162222,80
2241,Explicit Undirected,10,14162222,81
2242,Explicit Undirected,10,14162222,82
2243,Explicit Undirected,10,14162222,83
2244,Explicit Undirected,10,14162222,84
2245,Explicit Undirected,10,14162222,85
2246,Explicit Undirected,10,14162222,86
2247,Explicit Undirected,10,14162222,87
2248,Explicit Undirected,10,14162222,88
2249,Explicit Undirected,10,14162222,89
2250,Explicit Undirected,10,14162222,90
2251,Explicit Undirected,10,14162222,91
2252,Explicit Undirected,10,14162222,92
2253,Explicit Undirected,10,14162222,93
2254,Explicit Undirected,10,14162222,94
2255,Explicit Undirected,10,14162222,95
2256,Explicit Undirected,10,14162222,96
2257,Explicit Undirected,10,14162222,97
2258,Explicit Undirected,10,14162222,98
2259,Explicit Undirected,10,14162222,99
2260,Explicit Undirected,10,14162222,100
2261,Explicit Undirected,10,14162222,101
2262,Explicit Undirected,10,14162222,102
2263,Explicit Undirected,10,14162222,103
2264,Explicit Undirected,10,14162222,104
2265,Explicit Undirected,10,14162222,105
2266,Explicit Undirected,10,14162222,106
2267,Explicit Undirected,10,14162222,107
2268,Explicit Undirected,10,14162222,108
2269,Explicit Undirected,10,14162222,109
2270,Explicit Undirected,10,14162222,110
2271,Explicit Undirected,10,14162222,111
2272,Explicit Undirected,10,14162222,112
2273,Explicit Undirected,10,14162222,113
2274,Explicit Undirected,10,14162222,114
2275,Explicit Undirected,10,14162222,115
2276,Explicit Undirected,10,14162222,116
2277,Explicit Undirected,10,14162222,117
2278,Explicit Undirected,10,14162222,118
2279,Explicit Undirected,10,14162222,119
2280,Explicit Undirected,10,14162222,120
2281,Explicit Undirected,10,14162222,121
2282,Explicit Undirected,10,14162222,122
2283,Explicit Undirected,10,14162222,123
2284,Explicit Undirected,10,14162222,124
2285,Explicit Undirected,10,14162222,125
2286,Explicit Undirected,10,14162222,126
2287,Explicit Undirected,10,14162222,127
2288,Explicit Undirected,10,14162222,128
2289,Explicit Undirected,10,14162222,129
2290,Explicit Undirected,10,14162222,130
2291,Explicit Undirected,10,14162222,131
2292,Explicit Undirected,10,14162222,132
2293,Explicit Undirected,10,14162222,133
2294,Explicit Undirected,10,14162222,134
2295,Explicit Undirected,10,14162222,135
2296,Explicit Undirected,10,14162222,136
2297,Explicit Undirected,10,14162222,137
2298,Explicit Undirected,10,14162222,138
2299,Explicit Undirected,10,14162222,139
2300,Explicit Undirected,10,14162222,140
2301,Explicit Undirected,10,14162222,141
2302,Explicit Undirected,10,14162222,142
2303,Explicit Undirected,10,14162222,143
2304,Explicit Undirected,10,14162222,144
2305,Explicit Undirected,10,14162222,145
2306,Explicit Undirected,10,14162222,146
2307,Explicit Undirected,10,14162222,147
2308,Explicit Undirected,10,14162222,148
2309,Explicit Undirected,10,14162222,149
2310,Explicit Undirected,10,14162222,150
2311,Explicit Undirected,10,14162222,151
2312,Explicit Undirected,10,14162222,152
2313,Explicit Undirected,10,14162222,153
2314,Explicit Undirected,10,14162222,154
2315,Explicit Undirected,10,14162222,155
2316,Explicit Undirected,10,14162222,156
2317,Explicit Undirected,10,14162222,157
2318,Explicit Undirected,10,14162222,158
2319,Explicit Undirected,10,14162222,159
2320,Explicit Undirected,10,14162222,160
2321,Explicit Undirected,10,14162222,161
2322,Explicit Undirected,10,14162222,162
2323,Explicit Undirected,10,14162222,163
2324,Explicit Undirected,10,14162222,164
2325,Explicit Undirected,10,14162222,165
2326,Explicit Undirected,10,14162222,166
2327,Explicit Undirected,10,14162222,167
2328,Explicit Undirected,10,14162222,168
2329,Explicit Undirected,10,14162222,169
2330,Explicit Undirected,10,14162222,170
2331,Explicit Undirected,10,14162222,171
2332,Explicit Undirected,10,14162222,172
2333,Explicit Undirected,10,14162222,173
2334,Explicit Undirected,10,14162222,174
2335,Explicit Undirected,10,14162222,175
2336,Explicit Undirected,10,14162222,176
2337,Explicit Undirected,10,14162222,177
2338,Explicit Undirected,10,14162222,178
2339,Explicit Undirected,10,14162222,179
2340,Explicit Undirected,10,14162222,180
2341,Explicit Undirected,10,14162222,181
2342,Explicit Undirected,10,14162222,182
2343,Explicit Undirected,10,14162222,183
2344,Explicit Undirected,10,14162222,184
2345,Explicit Undirected,10,14162222,185
2346,Explicit Undirected,10,14162222,186
2347,Explicit Undirected,10,14162222,187
2348,Explicit Undirected,10,14162222,188
2349,Explicit Undirected,10,14162222,189
2350,Explicit Undirected,10,14162222,190
2351,Explicit Undirected,10,14162222,191
2352,Explicit Undirected,10,14162222,192
2353,Explicit Undirected,10,14162222,193
2354,Explicit Undirected,10,14162222,194
2355,Explicit Undirected,10,14162222,195
2356,Explicit Undirected,10,14162222,196
2357,Explicit Undirected,10,14162222,197
2358,Explicit Undirected,10,14162222,198
2359,Explicit Undirected,10,14162222,199
2360,Explicit Undirected,10,14162222,200
2361,Explicit Undirected,10,14162222,201
2362,Explicit Undirected,10,14162222,202
2363,Explicit Undirected,10,14162222,203
2364,Explicit Undirected,10,14162222,204
2365,Explicit Undirected,10,14162222,205
2366,Explicit Undirected,10,14162222,206
2367,Explicit Undirected,10,14162222,207
2368,Explicit Undirected,10,14162222,208
2369,Explicit Undirected,10,14162222,209
2370,Explicit Undirected,10,14162222,210
2371,Explicit Undirected,10,14162222,211
2372,Explicit Undirected,10,14162222,212
2373,Explicit Undirected,10,14162222,213
2374,Explicit Undirected,10,14162222,214
2375,Explicit Undirected,10,14162222,215
2376,Explicit Undirected,10,14162222,216
2377,Explicit Undirected,10,14162222,217
2378,Explicit Undirected,10,14162222,218
2379,Explicit Undirected,10,14162222,219
2380,Explicit Undirected,10,14162222,220
2381,Explicit Undirected,10,14162222,221
2382,Explicit Undirected,10,14162222,222
2383,Explicit Undirected,10,14162222,223
2384,Explicit Undirected,10,14162222,224
2385,Explicit Undirected,10,14162222,225
2386,Explicit Undirected,10,14162222,226
2387,Explicit Undirected,10,14162222,227
2388,Explicit Undirected,10,14162222,228
2389,Explicit Undirected,10,14162222,229
2390,Explicit Undirected,10,14162222,230
2391,Explicit Undirected,10,14162222,231
2392,Explicit Undirected,10,14162222,232
2393,Explicit Undirected,10,14162222,233
2394,Explicit Undirected,10,14162222,234
2395,Explicit Undirected,10,14162222,235
2396,Explicit Undirected,10,14162222,236
2397,Explicit Undirected,10,14162222,237
2398,Explicit Undirected,10,14162222,238
2399,Explicit Undirected,10,14162222,239
2400,Explicit Undirected,10,14162222,240
2401,Explicit Undirected,11,14162245,1
2402,Explicit Undirected,11,14162245,2
2403,Explicit Undirected,11,14162245,3
2404,Explicit Undirected,11,14162245,4
2405,Explicit Undirected,11,14162245,5
2406,Explicit Undirected,11,14162245,6
2407,Explicit Undirected,11,14162245,7
2408,Explicit Undirected,11,14162245,8
2409,Explicit Undirected,11,14162245,9
2410,Explicit Undirected,11,14162245,10
2411,Explicit Undirected,11,14162245,11
2412,Explicit Undirected,11,14162245,12
2413,Explicit Undirected,11,14162245,13
2414,Explicit Undirected,11,14162245,14
2415,Explicit Undirected,11,14162245,15
2416,Explicit Undirected,11,14162245,16
2417,Explicit Undirected,11,14162245,17
2418,Explicit Undirected,11,14162245,18
2419,Explicit Undirected,11,14162245,19
2420,Explicit Undirected,11,14162245,20
2421,Explicit Undirected,11,14162245,21
2422,Explicit Undirected,11,14162245,22
2423,Explicit Undirected,11,14162245,23
2424,Explicit Undirected,11,14162245,24
2425,Explicit Undirected,11,14162245,25
2426,Explicit Undirected,11,14162245,26
2427,Explicit Undirected,11,14162245,27
2428,Explicit Undirected,11,14162245,28
2429,Explicit Undirected,11,14162245,29
2430,Explicit Undirected,11,14162245,30
2431,Explicit Undirected,11,14162245,31
2432,Explicit Undirected,11,14162245,32
2433,Explicit Undirected,11,14162245,33
2434,Explicit Undirected,11,14162245,34
2435,Explicit Undirected,11,14162245,35
2436,Explicit Undirected,11,14162245,36
2437,Explicit Undirected,11,14162245,37
2438,Explicit Undirected,11,14162245,38
2439,Explicit Undirected,11,14162245,39
2440,Explicit Undirected,11,14162245,40
2441,Explicit Undirected,11,14162245,41
2442,Explicit Undirected,11,14162245,42
2443,Explicit Undirected,11,14162245,43
2444,Explicit Undirected,11,14162245,44
2445,Explicit Undirected,11,14162245,45
2446,Explicit Undirected,11,14162245,46
2447,Explicit Undirected,11,14162245,47
2448,Explicit Undirected,11,14162245,48
2449,Explicit Undirected,11,14162245,49
2450,Explicit Undirected,11,14162245,50
2451,Explicit Undirected,11,14162245,51
2452,Explicit Undirected,11,14162245,52
2453,Explicit Undirected,11,14162245,53
2454,Explicit Undirected,11,14162245,54
2455,Explicit Undirected,11,14162245,55
2456,Explicit Undirected,11,14162245,56
2457,Explicit Undirected,11,14162245,57
2458,Explicit Undirected,11,14162245,58
2459,Explicit Undirected,11,14162245,59
2460,Explicit Undirected,11,14162245,60
2461,Explicit Undirected,11,14162245,61
2462,Explicit Undirected,11,14162245,62
2463,Explicit Undirected,11,14162245,63
2464,Explicit Undirected,11,14162245,64
2465,Explicit Undirected,11,14162245,65
2466,Explicit Undirected,11,14162245,66
2467,Explicit Undirected,11,14162245,67
2468,Explicit Undirected,11,14162245,68
2469,Explicit Undirected,11,14162245,69
2470,Explicit Undirected,11,14162245,70
2471,Explicit Undirected,11,14162245,71
2472,Explicit Undirected,11,14162245,72
2473,Explicit Undirected,11,14162245,73
2474,Explicit Undirected,11,14162245,74
2475,Explicit Undirected,11,14162245,75
2476,Explicit Undirected,11,14162245,76
2477,Explicit Undirected,11,14162245,77
2478,Explicit Undirected,11,14162245,78
2479,Explicit Undirected,11,14162245,79
2480,Explicit Undirected,11,14162245,80
2481,Explicit Undirected,11,14162245,81
2482,Explicit Undirected,11,14162245,82
2483,Explicit Undirected,11,14162245,83
2484,Explicit Undirected,11,14162245,84
2485,Explicit Undirected,11,14162245,85
2486,Explicit Undirected,11,14162245,86
2487,Explicit Undirected,11,14162245,87
2488,Explicit Undirected,11,14162245,88
2489,Explicit Undirected,11,14162245,89
2490,Explicit Undirected,11,14162245,90
2491,Explicit Undirected,11,14162245,91
2492,Explicit Undirected,11,14162245,92
2493,Explicit Undirected,11,14162245,93
2494,Explicit Undirected,11,14162245,94
2495,Explicit Undirected,11,14162245,95
2496,Explicit Undirected,11,14162245,96
2497,Explicit Undirected,11,14162245,97
2498,Explicit Undirected,11,14162245,98
2499,Explicit Undirected,11,14162245,99
2500,Explicit Undirected,11,14162245,100
2501,Explicit Undirected,11,14162245,101
2502,Explicit Undirected,11,14162245,102
2503,Explicit Undirected,11,14162245,103
2504,Explicit Undirected,11,14162245,104
2505,Explicit Undirected,11,14162245,105
2506,Explicit Undirected,11,14162245,106
2507,Explicit Undirected,11,14162245,107
2508,Explicit Undirected,11,14162245,108
2509,Explicit Undirected,11,14162245,109
2510,Explicit Undirected,11,14162245,110
2511,Explicit Undirected,11,14162245,111
2512,Explicit Undirected,11,14162245,112
2513,Explicit Undirected,11,14162245,113
2514,Explicit Undirected,11,14162245,114
2515,Explicit Undirected,11,14162245,115
2516,Explicit Undirected,11,14162245,116
2517,Explicit Undirected,11,14162245,117
2518,Explicit Undirected,11,14162245,118
2519,Explicit Undirected,11,14162245,119
2520,Explicit Undirected,11,14162245,120
2521,Explicit Undirected,11,14162245,121
2522,Explicit Undirected,11,14162245,122
2523,Explicit Undirected,11,14162245,123
2524,Explicit Undirected,11,14162245,124
2525,Explicit Undirected,11,14162245,125
2526,Explicit Undirected,11,14162245,126
2527,Explicit Undirected,11,14162245,127
2528,Explicit Undirected,11,14162245,128
2529,Explicit Undirected,11,14162245,129
2530,Explicit Undirected,11,14162245,130
2531,Explicit Undirected,11,14162245,131
2532,Explicit Undirected,11,14162245,132
2533,Explicit Undirected,11,14162245,133
2534,Explicit Undirected,11,14162245,134
2535,Explicit Undirected,11,14162245,135
2536,Explicit Undirected,11,14162245,136
2537,Explicit Undirected,11,14162245,137
2538,Explicit Undirected,11,14162245,138
2539,Explicit Undirected,11,14162245,139
2540,Explicit Undirected,11,14162245,140
2541,Explicit Undirected,11,14162245,141
2542,Explicit Undirected,11,14162245,142
2543,Explicit Undirected,11,14162245,143
2544,Explicit Undirected,11,14162245,144
2545,Explicit Undirected,11,14162245,145
2546,Explicit Undirected,11,14162245,146
2547,Explicit Undirected,11,14162245,147
2548,Explicit Undirected,11,14162245,148
2549,Explicit Undirected,11,14162245,149
2550,Explicit Undirected,11,14162245,150
2551,Explicit Undirected,11,14162245,151
2552,Explicit Undirected,11,14162245,152
2553,Explicit Undirected,11,14162245,153
2554,Explicit Undirected,11,14162245,154
2555,Explicit Undirected,11,14162245,155
2556,Explicit Undirected,11,14162245,156
2557,Explicit Undirected,11,14162245,157
2558,Explicit Undirected,11,14162245,158
2559,Explicit Undirected,11,14162245,159
2560,Explicit Undirected,11,14162245,160
2561,Explicit Undirected,11,14162245,161
2562,Explicit Undirected,11,14162245,162
2563,Explicit Undirected,11,14162245,163
2564,Explicit Undirected,11,14162245,164
2565,Explicit Undirected,11,14162245,165
2566,Explicit Undirected,11,14162245,166
2567,Explicit Undirected,11,14162245,167
2568,Explicit Undirected,11,14162245,168
2569,Explicit Undirected,11,14162245,169
2570,Explicit Undirected,11,14162245,170
2571,Explicit Undirected,11,14162245,171
2572,Explicit Undirected,11,14162245,172
2573,Explicit Undirected,11,14162245,173
2574,Explicit Undirected,11,14162245,174
2575,Explicit Undirected,11,14162245,175
2576,Explicit Undirected,11,14162245,176
2577,Explicit Undirected,11,14162245,177
2578,Explicit Undirected,11,14162245,178
2579,Explicit Undirected,11,14162245,179
2580,Explicit Undirected,11,14162245,180
2581,Explicit Undirected,11,14162245,181
2582,Explicit Undirected,11,14162245,182
2583,Explicit Undirected,11,14162245,183
2584,Explicit Undirected,11,14162245,184
2585,Explicit Undirected,11,14162245,185
2586,Explicit Undirected,11,14162245,186
2587,Explicit Undirected,11,14162245,187
2588,Explicit Undirected,11,14162245,188
2589,Explicit Undirected,11,14162245,189
2590,Explicit Undirected,11,14162245,190
2591,Explicit Undirected,11,14162245,191
2592,Explicit Undirected,11,14162245,192
2593,Explicit Undirected,11,14162245,193
2594,Explicit Undirected,11,14162245,194
2595,Explicit Undirected,11,14162245,195
2596,Explicit Undirected,11,14162245,196
2597,Explicit Undirected,11,14162245,197
2598,Explicit Undirected,11,14162245,198
2599,Explicit Undirected,11,14162245,199
2600,Explicit Undirected,11,14162245,200
2601,Explicit Undirected,11,14162245,201
2602,Explicit Undirected,11,14162245,202
2603,Explicit Undirected,11,14162245,203
2604,Explicit Undirected,11,14162245,204
2605,Explicit Undirected,11,14162245,205
2606,Explicit Undirected,11,14162245,206
2607,Explicit Undirected,11,14162245,207
2608,Explicit Undirected,11,14162245,208
2609,Explicit Undirected,11,14162245,209
2610,Explicit Undirected,11,14162245,210
2611,Explicit Undirected,11,14162245,211
2612,Explicit Undirected,11,14162245,212
2613,Explicit Undirected,11,14162245,213
2614,Explicit Undirected,11,14162245,214
2615,Explicit Undirected,11,14162245,215
2616,Explicit Undirected,11,14162245,216
2617,Explicit Undirected,11,14162245,217
2618,Explicit Undirected,11,14162245,218
2619,Explicit Undirected,11,14162245,219
2620,Explicit Undirected,11,14162245,220
2621,Explicit Undirected,11,14162245,221
2622,Explicit Undirected,11,14162245,222
2623,Explicit Undirected,11,14162245,223
2624,Explicit Undirected,11,14162245,224
2625,Explicit Undirected,11,14162245,225
2626,Explicit Undirected,11,14162245,226
2627,Explicit Undirected,11,14162245,227
2628,Explicit Undirected,11,14162245,228
2629,Explicit Undirected,11,14162245,229
2630,Explicit Undirected,11,14162245,230
2631,Explicit Undirected,11,14162245,231
2632,Explicit Undirected,11,14162245,232
2633,Explicit Undirected,11,14162245,233
2634,Explicit Undirected,11,14162245,234
2635,Explicit Undirected,11,14162245,235
2636,Explicit Undirected,11,14162245,236
2637,Explicit Undirected,11,14162245,237
2638,Explicit Undirected,11,14162245,238
2639,Explicit Undirected,11,14162245,239
2640,Explicit Undirected,11,14162245,240
2641,Explicit Undirected,12,14162265,1
2642,Explicit Undirected,12,14162265,2
2643,Explicit Undirected,12,14162265,3
2644,Explicit Undirected,12,14162265,4
2645,Explicit Undirected,12,14162265,5
2646,Explicit Undirected,12,14162265,6
2647,Explicit Undirected,12,14162265,7
2648,Explicit Undirected,12,14162265,8
2649,Explicit Undirected,12,14162265,9
2650,Explicit Undirected,12,14162265,10
2651,Explicit Undirected,12,14162265,11
2652,Explicit Undirected,12,14162265,12
2653,Explicit Undirected,12,14162265,13
2654,Explicit Undirected,12,14162265,14
2655,Explicit Undirected,12,14162265,15
2656,Explicit Undirected,12,14162265,16
2657,Explicit Undirected,12,14162265,17
2658,Explicit Undirected,12,14162265,18
2659,Explicit Undirected,12,14162265,19
2660,Explicit Undirected,12,14162265,20
2661,Explicit Undirected,12,14162265,21
2662,Explicit Undirected,12,14162265,22
2663,Explicit Undirected,12,14162265,23
2664,Explicit Undirected,12,14162265,24
2665,Explicit Undirected,12,14162265,25
2666,Explicit Undirected,12,14162265,26
2667,Explicit Undirected,12,14162265,27
2668,Explicit Undirected,12,14162265,28
2669,Explicit Undirected,12,14162265,29
2670,Explicit Undirected,12,14162265,30
2671,Explicit Undirected,12,14162265,31
2672,Explicit Undirected,12,14162265,32
2673,Explicit Undirected,12,14162265,33
2674,Explicit Undirected,12,14162265,34
2675,Explicit Undirected,12,14162265,35
2676,Explicit Undirected,12,14162265,36
2677,Explicit Undirected,12,14162265,37
2678,Explicit Undirected,12,14162265,38
2679,Explicit Undirected,12,14162265,39
2680,Explicit Undirected,12,14162265,40
2681,Explicit Undirected,12,14162265,41
2682,Explicit Undirected,12,14162265,42
2683,Explicit Undirected,12,14162265,43
2684,Explicit Undirected,12,14162265,44
2685,Explicit Undirected,12,14162265,45
2686,Explicit Undirected,12,14162265,46
2687,Explicit Undirected,12,14162265,47
2688,Explicit Undirected,12,14162265,48
2689,Explicit Undirected,12,14162265,49
2690,Explicit Undirected,12,14162265,50
2691,Explicit Undirected,12,14162265,51
2692,Explicit Undirected,12,14162265,52
2693,Explicit Undirected,12,14162265,53
2694,Explicit Undirected,12,14162265,54
2695,Explicit Undirected,12,14162265,55
2696,Explicit Undirected,12,14162265,56
2697,Explicit Undirected,12,14162265,57
2698,Explicit Undirected,12,14162265,58
2699,Explicit Undirected,12,14162265,59
2700,Explicit Undirected,12,14162265,60
2701,Explicit Undirected,12,14162265,61
2702,Explicit Undirected,12,14162265,62
2703,Explicit Undirected,12,14162265,63
2704,Explicit Undirected,12,14162265,64
2705,Explicit Undirected,12,14162265,65
2706,Explicit Undirected,12,14162265,66
2707,Explicit Undirected,12,14162265,67
2708,Explicit Undirected,12,14162265,68
2709,Explicit Undirected,12,14162265,69
2710,Explicit Undirected,12,14162265,70
2711,Explicit Undirected,12,14162265,71
2712,Explicit Undirected,12,14162265,72
2713,Explicit Undirected,12,14162265,73
2714,Explicit Undirected,12,14162265,74
2715,Explicit Undirected,12,14162265,75
2716,Explicit Undirected,12,14162265,76
2717,Explicit Undirected,12,14162265,77
2718,Explicit Undirected,12,14162265,78
2719,Explicit Undirected,12,14162265,79
2720,Explicit Undirected,12,14162265,80
2721,Explicit Undirected,12,14162265,81
2722,Explicit Undirected,12,14162265,82
2723,Explicit Undirected,12,14162265,83
2724,Explicit Undirected,12,14162265,84
2725,Explicit Undirected,12,14162265,85
2726,Explicit Undirected,12,14162265,86
2727,Explicit Undirected,12,14162265,87
2728,Explicit Undirected,12,14162265,88
2729,Explicit Undirected,12,14162265,89
2730,Explicit Undirected,12,14162265,90
2731,Explicit Undirected,12,14162265,91
2732,Explicit Undirected,12,14162265,92
2733,Explicit Undirected,12,14162265,93
2734,Explicit Undirected,12,14162265,94
2735,Explicit Undirected,12,14162265,95
2736,Explicit Undirected,12,14162265,96
2737,Explicit Undirected,12,14162265,97
2738,Explicit Undirected,12,14162265,98
2739,Explicit Undirected,12,14162265,99
2740,Explicit Undirected,12,14162265,100
2741,Explicit Undirected,12,14162265,101
2742,Explicit Undirected,12,14162265,102
2743,Explicit Undirected,12,14162265,103
2744,Explicit Undirected,12,14162265,104
2745,Explicit Undirected,12,14162265,105
2746,Explicit Undirected,12,14162265,106
2747,Explicit Undirected,12,14162265,107
2748,Explicit Undirected,12,14162265,108
2749,Explicit Undirected,12,14162265,109
2750,Explicit Undirected,12,14162265,110
2751,Explicit Undirected,12,14162265,111
2752,Explicit Undirected,12,14162265,112
2753,Explicit Undirected,12,14162265,113
2754,Explicit Undirected,12,14162265,114
2755,Explicit Undirected,12,14162265,115
2756,Explicit Undirected,12,14162265,116
2757,Explicit Undirected,12,14162265,117
2758,Explicit Undirected,12,14162265,118
2759,Explicit Undirected,12,14162265,119
2760,Explicit Undirected,12,14162265,120
2761,Explicit Undirected,12,14162265,121
2762,Explicit Undirected,12,14162265,122
2763,Explicit Undirected,12,14162265,123
2764,Explicit Undirected,12,14162265,124
2765,Explicit Undirected,12,14162265,125
2766,Explicit Undirected,12,14162265,126
2767,Explicit Undirected,12,14162265,127
2768,Explicit Undirected,12,14162265,128
2769,Explicit Undirected,12,14162265,129
2770,Explicit Undirected,12,14162265,130
2771,Explicit Undirected,12,14162265,131
2772,Explicit Undirected,12,14162265,132
2773,Explicit Undirected,12,14162265,133
2774,Explicit Undirected,12,14162265,134
2775,Explicit Undirected,12,14162265,135
2776,Explicit Undirected,12,14162265,136
2777,Explicit Undirected,12,14162265,137
2778,Explicit Undirected,12,14162265,138
2779,Explicit Undirected,12,14162265,139
2780,Explicit Undirected,12,14162265,140
2781,Explicit Undirected,12,14162265,141
2782,Explicit Undirected,12,14162265,142
2783,Explicit Undirected,12,14162265,143
2784,Explicit Undirected,12,14162265,144
2785,Explicit Undirected,12,14162265,145
2786,Explicit Undirected,12,14162265,146
2787,Explicit Undirected,12,14162265,147
2788,Explicit Undirected,12,14162265,148
2789,Explicit Undirected,12,14162265,149
2790,Explicit Undirected,12,14162265,150
2791,Explicit Undirected,12,14162265,151
2792,Explicit Undirected,12,14162265,152
2793,Explicit Undirected,12,14162265,153
2794,Explicit Undirected,12,14162265,154
2795,Explicit Undirected,12,14162265,155
2796,Explicit Undirected,12,14162265,156
2797,Explicit Undirected,12,14162265,157
2798,Explicit Undirected,12,14162265,158
2799,Explicit Undirected,12,14162265,159
2800,Explicit Undirected,12,14162265,160
2801,Explicit Undirected,12,14162265,161
2802,Explicit Undirected,12,14162265,162
2803,Explicit Undirected,12,14162265,163
2804,Explicit Undirected,12,14162265,164
2805,Explicit Undirected,12,14162265,165
2806,Explicit Undirected,12,14162265,166
2807,Explicit Undirected,12,14162265,167
2808,Explicit Undirected,12,14162265,168
2809,Explicit Undirected,12,14162265,169
2810,Explicit Undirected,12,14162265,170
2811,Explicit Undirected,12,14162265,171
2812,Explicit Undirected,12,14162265,172
2813,Explicit Undirected,12,14162265,173
2814,Explicit Undirected,12,14162265,174
2815,Explicit Undirected,12,14162265,175
2816,Explicit Undirected,12,14162265,176
2817,Explicit Undirected,12,14162265,177
2818,Explicit Undirected,12,14162265,178
2819,Explicit Undirected,12,14162265,179
2820,Explicit Undirected,12,14162265,180
2821,Explicit Undirected,12,14162265,181
2822,Explicit Undirected,12,14162265,182
2823,Explicit Undirected,12,14162265,183
2824,Explicit Undirected,12,14162265,184
2825,Explicit Undirected,12,14162265,185
2826,Explicit Undirected,12,14162265,186
2827,Explicit Undirected,12,14162265,187
2828,Explicit Undirected,12,14162265,188
2829,Explicit Undirected,12,14162265,189
2830,Explicit Undirected,12,14162265,190
2831,Explicit Undirected,12,14162265,191
2832,Explicit Undirected,12,14162265,192
2833,Explicit Undirected,12,14162265,193
2834,Explicit Undirected,12,14162265,194
2835,Explicit Undirected,12,14162265,195
2836,Explicit Undirected,12,14162265,196
2837,Explicit Undirected,12,14162265,197
2838,Explicit Undirected,12,14162265,198
2839,Explicit Undirected,12,14162265,199
2840,Explicit Undirected,12,14162265,200
2841,Explicit Undirected,12,14162265,201
2842,Explicit Undirected,12,14162265,202
2843,Explicit Undirected,12,14162265,203
2844,Explicit Undirected,12,14162265,204
2845,Explicit Undirected,12,14162265,205
2846,Explicit Undirected,12,14162265,206
2847,Explicit Undirected,12,14162265,207
2848,Explicit Undirected,12,14162265,208
2849,Explicit Undirected,12,14162265,209
2850,Explicit Undirected,12,14162265,210
2851,Explicit Undirected,12,14162265,211
2852,Explicit Undirected,12,14162265,212
2853,Explicit Undirected,12,14162265,213
2854,Explicit Undirected,12,14162265,214
2855,Explicit Undirected,12,14162265,215
2856,Explicit Undirected,12,14162265,216
2857,Explicit Undirected,12,14162265,217
2858,Explicit Undirected,12,14162265,218
2859,Explicit Undirected,12,14162265,219
2860,Explicit Undirected,12,14162265,220
2861,Explicit Undirected,12,14162265,221
2862,Explicit Undirected,12,14162265,222
2863,Explicit Undirected,12,14162265,223
2864,Explicit Undirected,12,14162265,224
2865,Explicit Undirected,12,14162265,225
2866,Explicit Undirected,12,14162265,226
2867,Explicit Undirected,12,14162265,227
2868,Explicit Undirected,12,14162265,228
2869,Explicit Undirected,12,14162265,229
2870,Explicit Undirected,12,14162265,230
2871,Explicit Undirected,12,14162265,231
2872,Explicit Undirected,12,14162265,232
2873,Explicit Undirected,12,14162265,233
2874,Explicit Undirected,12,14162265,234
2875,Explicit Undirected,12,14162265,235
2876,Explicit Undirected,12,14162265,236
2877,Explicit Undirected,12,14162265,237
2878,Explicit Undirected,12,14162265,238
2879,Explicit Undirected,12,14162265,239
2880,Explicit Undirected,12,14162265,240
2881,Explicit Undirected,13,14162268,1
2882,Explicit Undirected,13,14162268,2
2883,Explicit Undirected,13,14162268,3
2884,Explicit Undirected,13,14162268,4
2885,Explicit Undirected,13,14162268,5
2886,Explicit Undirected,13,14162268,6
2887,Explicit Undirected,13,14162268,7
2888,Explicit Undirected,13,14162268,8
2889,Explicit Undirected,13,14162268,9
2890,Explicit Undirected,13,14162268,10
2891,Explicit Undirected,13,14162268,11
2892,Explicit Undirected,13,14162268,12
2893,Explicit Undirected,13,14162268,13
2894,Explicit Undirected,13,14162268,14
2895,Explicit Undirected,13,14162268,15
2896,Explicit Undirected,13,14162268,16
2897,Explicit Undirected,13,14162268,17
2898,Explicit Undirected,13,14162268,18
2899,Explicit Undirected,13,14162268,19
2900,Explicit Undirected,13,14162268,20
2901,Explicit Undirected,13,14162268,21
2902,Explicit Undirected,13,14162268,22
2903,Explicit Undirected,13,14162268,23
2904,Explicit Undirected,13,14162268,24
2905,Explicit Undirected,13,14162268,25
2906,Explicit Undirected,13,14162268,26
2907,Explicit Undirected,13,14162268,27
2908,Explicit Undirected,13,14162268,28
2909,Explicit Undirected,13,14162268,29
2910,Explicit Undirected,13,14162268,30
2911,Explicit Undirected,13,14162268,31
2912,Explicit Undirected,13,14162268,32
2913,Explicit Undirected,13,14162268,33
2914,Explicit Undirected,13,14162268,34
2915,Explicit Undirected,13,14162268,35
2916,Explicit Undirected,13,14162268,36
2917,Explicit Undirected,13,14162268,37
2918,Explicit Undirected,13,14162268,38
2919,Explicit Undirected,13,14162268,39
2920,Explicit Undirected,13,14162268,40
2921,Explicit Undirected,13,14162268,41
2922,Explicit Undirected,13,14162268,42
2923,Explicit Undirected,13,14162268,43
2924,Explicit Undirected,13,14162268,44
2925,Explicit Undirected,13,14162268,45
2926,Explicit Undirected,13,14162268,46
2927,Explicit Undirected,13,14162268,47
2928,Explicit Undirected,13,14162268,48
2929,Explicit Undirected,13,14162268,49
2930,Explicit Undirected,13,14162268,50
2931,Explicit Undirected,13,14162268,51
2932,Explicit Undirected,13,14162268,52
2933,Explicit Undirected,13,14162268,53
2934,Explicit Undirected,13,14162268,54
2935,Explicit Undirected,13,14162268,55
2936,Explicit Undirected,13,14162268,56
2937,Explicit Undirected,13,14162268,57
2938,Explicit Undirected,13,14162268,58
2939,Explicit Undirected,13,14162268,59
2940,Explicit Undirected,13,14162268,60
2941,Explicit Undirected,13,14162268,61
2942,Explicit Undirected,13,14162268,62
2943,Explicit Undirected,13,14162268,63
2944,Explicit Undirected,13,14162268,64
2945,Explicit Undirected,13,14162268,65
2946,Explicit Undirected,13,14162268,66
2947,Explicit Undirected,13,14162268,67
2948,Explicit Undirected,13,14162268,68
2949,Explicit Undirected,13,14162268,69
2950,Explicit Undirected,13,14162268,70
2951,Explicit Undirected,13,14162268,71
2952,Explicit Undirected,13,14162268,72
2953,Explicit Undirected,13,14162268,73
2954,Explicit Undirected,13,14162268,74
2955,Explicit Undirected,13,14162268,75
2956,Explicit Undirected,13,14162268,76
2957,Explicit Undirected,13,14162268,77
2958,Explicit Undirected,13,14162268,78
2959,Explicit Undirected,13,14162268,79
2960,Explicit Undirected,13,14162268,80
2961,Explicit Undirected,13,14162268,81
2962,Explicit Undirected,13,14162268,82
2963,Explicit Undirected,13,14162268,83
2964,Explicit Undirected,13,14162268,84
2965,Explicit Undirected,13,14162268,85
2966,Explicit Undirected,13,14162268,86
2967,Explicit Undirected,13,14162268,87
2968,Explicit Undirected,13,14162268,88
2969,Explicit Undirected,13,14162268,89
2970,Explicit Undirected,13,14162268,90
2971,Explicit Undirected,13,14162268,91
2972,Explicit Undirected,13,14162268,92
2973,Explicit Undirected,13,14162268,93
2974,Explicit Undirected,13,14162268,94
2975,Explicit Undirected,13,14162268,95
2976,Explicit Undirected,13,14162268,96
2977,Explicit Undirected,13,14162268,97
2978,Explicit Undirected,13,14162268,98
2979,Explicit Undirected,13,14162268,99
2980,Explicit Undirected,13,14162268,100
2981,Explicit Undirected,13,14162268,101
2982,Explicit Undirected,13,14162268,102
2983,Explicit Undirected,13,14162268,103
2984,Explicit Undirected,13,14162268,104
2985,Explicit Undirected,13,14162268,105
2986,Explicit Undirected,13,14162268,106
2987,Explicit Undirected,13,14162268,107
2988,Explicit Undirected,13,14162268,108
2989,Explicit Undirected,13,14162268,109
2990,Explicit Undirected,13,14162268,110
2991,Explicit Undirected,13,14162268,111
2992,Explicit Undirected,13,14162268,112
2993,Explicit Undirected,13,14162268,113
2994,Explicit Undirected,13,14162268,114
2995,Explicit Undirected,13,14162268,115
2996,Explicit Undirected,13,14162268,116
2997,Explicit Undirected,13,14162268,117
2998,Explicit Undirected,13,14162268,118
2999,Explicit Undirected,13,14162268,119
3000,Explicit Undirected,13,14162268,120
3001,Explicit Undirected,13,14162268,121
3002,Explicit Undirected,13,14162268,122
3003,Explicit Undirected,13,14162268,123
3004,Explicit Undirected,13,14162268,124
3005,Explicit Undirected,13,14162268,125
3006,Explicit Undirected,13,14162268,126
3007,Explicit Undirected,13,14162268,127
3008,Explicit Undirected,13,14162268,128
3009,Explicit Undirected,13,14162268,129
3010,Explicit Undirected,13,14162268,130
3011,Explicit Undirected,13,14162268,131
3012,Explicit Undirected,13,14162268,132
3013,Explicit Undirected,13,14162268,133
3014,Explicit Undirected,13,14162268,134
3015,Explicit Undirected,13,14162268,135
3016,Explicit Undirected,13,14162268,136
3017,Explicit Undirected,13,14162268,137
3018,Explicit Undirected,13,14162268,138
3019,Explicit Undirected,13,14162268,139
3020,Explicit Undirected,13,14162268,140
3021,Explicit Undirected,13,14162268,141
3022,Explicit Undirected,13,14162268,142
3023,Explicit Undirected,13,14162268,143
3024,Explicit Undirected,13,14162268,144
3025,Explicit Undirected,13,14162268,145
3026,Explicit Undirected,13,14162268,146
3027,Explicit Undirected,13,14162268,147
3028,Explicit Undirected,13,14162268,148
3029,Explicit Undirected,13,14162268,149
3030,Explicit Undirected,13,14162268,150
3031,Explicit Undirected,13,14162268,151
3032,Explicit Undirected,13,14162268,152
3033,Explicit Undirected,13,14162268,153
3034,Explicit Undirected,13,14162268,154
3035,Explicit Undirected,13,14162268,155
3036,Explicit Undirected,13,14162268,156
3037,Explicit Undirected,13,14162268,157
3038,Explicit Undirected,13,14162268,158
3039,Explicit Undirected,13,14162268,159
3040,Explicit Undirected,13,14162268,160
3041,Explicit Undirected,13,14162268,161
3042,Explicit Undirected,13,14162268,162
3043,Explicit Undirected,13,14162268,163
3044,Explicit Undirected,13,14162268,164
3045,Explicit Undirected,13,14162268,165
3046,Explicit Undirected,13,14162268,166
3047,Explicit Undirected,13,14162268,167
3048,Explicit Undirected,13,14162268,168
3049,Explicit Undirected,13,14162268,169
3050,Explicit Undirected,13,14162268,170
3051,Explicit Undirected,13,14162268,171
3052,Explicit Undirected,13,14162268,172
3053,Explicit Undirected,13,14162268,173
3054,Explicit Undirected,13,14162268,174
3055,Explicit Undirected,13,14162268,175
3056,Explicit Undirected,13,14162268,176
3057,Explicit Undirected,13,14162268,177
3058,Explicit Undirected,13,14162268,178
3059,Explicit Undirected,13,14162268,179
3060,Explicit Undirected,13,14162268,180
3061,Explicit Undirected,13,14162268,181
3062,Explicit Undirected,13,14162268,182
3063,Explicit Undirected,13,14162268,183
3064,Explicit Undirected,13,14162268,184
3065,Explicit Undirected,13,14162268,185
3066,Explicit Undirected,13,14162268,186
3067,Explicit Undirected,13,14162268,187
3068,Explicit Undirected,13,14162268,188
3069,Explicit Undirected,13,14162268,189
3070,Explicit Undirected,13,14162268,190
3071,Explicit Undirected,13,14162268,191
3072,Explicit Undirected,13,14162268,192
3073,Explicit Undirected,13,14162268,193
3074,Explicit Undirected,13,14162268,194
3075,Explicit Undirected,13,14162268,195
3076,Explicit Undirected,13,14162268,196
3077,Explicit Undirected,13,14162268,197
3078,Explicit Undirected,13,14162268,198
3079,Explicit Undirected,13,14162268,199
3080,Explicit Undirected,13,14162268,200
3081,Explicit Undirected,13,14162268,201
3082,Explicit Undirected,13,14162268,202
3083,Explicit Undirected,13,14162268,203
3084,Explicit Undirected,13,14162268,204
3085,Explicit Undirected,13,14162268,205
3086,Explicit Undirected,13,14162268,206
3087,Explicit Undirected,13,14162268,207
3088,Explicit Undirected,13,14162268,208
3089,Explicit Undirected,13,14162268,209
3090,Explicit Undirected,13,14162268,210
3091,Explicit Undirected,13,14162268,211
3092,Explicit Undirected,13,14162268,212
3093,Explicit Undirected,13,14162268,213
3094,Explicit Undirected,13,14162268,214
3095,Explicit Undirected,13,14162268,215
3096,Explicit Undirected,13,14162268,216
3097,Explicit Undirected,13,14162268,217
3098,Explicit Undirected,13,14162268,218
3099,Explicit Undirected,13,14162268,219
3100,Explicit Undirected,13,14162268,220
3101,Explicit Undirected,13,14162268,221
3102,Explicit Undirected,13,14162268,222
3103,Explicit Undirected,13,14162268,223
3104,Explicit Undirected,13,14162268,224
3105,Explicit Undirected,13,14162268,225
3106,Explicit Undirected,13,14162268,226
3107,Explicit Undirected,13,14162268,227
3108,Explicit Undirected,13,14162268,228
3109,Explicit Undirected,13,14162268,229
3110,Explicit Undirected,13,14162268,230
3111,Explicit Undirected,13,14162268,231
3112,Explicit Undirected,13,14162268,232
3113,Explicit Undirected,13,14162268,233
3114,Explicit Undirected,13,14162268,234
3115,Explicit Undirected,13,14162268,235
3116,Explicit Undirected,13,14162268,236
3117,Explicit Undirected,13,14162268,237
3118,Explicit Undirected,13,14162268,238
3119,Explicit Undirected,13,14162268,239
3120,Explicit Undirected,13,14162268,240
3121,Explicit Undirected,14,14162269,1
3122,Explicit Undirected,14,14162269,2
3123,Explicit Undirected,14,14162269,3
3124,Explicit Undirected,14,14162269,4
3125,Explicit Undirected,14,14162269,5
3126,Explicit Undirected,14,14162269,6
3127,Explicit Undirected,14,14162269,7
3128,Explicit Undirected,14,14162269,8
3129,Explicit Undirected,14,14162269,9
3130,Explicit Undirected,14,14162269,10
3131,Explicit Undirected,14,14162269,11
3132,Explicit Undirected,14,14162269,12
3133,Explicit Undirected,14,14162269,13
3134,Explicit Undirected,14,14162269,14
3135,Explicit Undirected,14,14162269,15
3136,Explicit Undirected,14,14162269,16
3137,Explicit Undirected,14,14162269,17
3138,Explicit Undirected,14,14162269,18
3139,Explicit Undirected,14,14162269,19
3140,Explicit Undirected,14,14162269,20
3141,Explicit Undirected,14,14162269,21
3142,Explicit Undirected,14,14162269,22
3143,Explicit Undirected,14,14162269,23
3144,Explicit Undirected,14,14162269,24
3145,Explicit Undirected,14,14162269,25
3146,Explicit Undirected,14,14162269,26
3147,Explicit Undirected,14,14162269,27
3148,Explicit Undirected,14,14162269,28
3149,Explicit Undirected,14,14162269,29
3150,Explicit Undirected,14,14162269,30
3151,Explicit Undirected,14,14162269,31
3152,Explicit Undirected,14,14162269,32
3153,Explicit Undirected,14,14162269,33
3154,Explicit Undirected,14,14162269,34
3155,Explicit Undirected,14,14162269,35
3156,Explicit Undirected,14,14162269,36
3157,Explicit Undirected,14,14162269,37
3158,Explicit Undirected,14,14162269,38
3159,Explicit Undirected,14,14162269,39
3160,Explicit Undirected,14,14162269,40
3161,Explicit Undirected,14,14162269,41
3162,Explicit Undirected,14,14162269,42
3163,Explicit Undirected,14,14162269,43
3164,Explicit Undirected,14,14162269,44
3165,Explicit Undirected,14,14162269,45
3166,Explicit Undirected,14,14162269,46
3167,Explicit Undirected,14,14162269,47
3168,Explicit Undirected,14,14162269,48
3169,Explicit Undirected,14,14162269,49
3170,Explicit Undirected,14,14162269,50
3171,Explicit Undirected,14,14162269,51
3172,Explicit Undirected,14,14162269,52
3173,Explicit Undirected,14,14162269,53
3174,Explicit Undirected,14,14162269,54
3175,Explicit Undirected,14,14162269,55
3176,Explicit Undirected,14,14162269,56
3177,Explicit Undirected,14,14162269,57
3178,Explicit Undirected,14,14162269,58
3179,Explicit Undirected,14,14162269,59
3180,Explicit Undirected,14,14162269,60
3181,Explicit Undirected,14,14162269,61
3182,Explicit Undirected,14,14162269,62
3183,Explicit Undirected,14,14162269,63
3184,Explicit Undirected,14,14162269,64
3185,Explicit Undirected,14,14162269,65
3186,Explicit Undirected,14,14162269,66
3187,Explicit Undirected,14,14162269,67
3188,Explicit Undirected,14,14162269,68
3189,Explicit Undirected,14,14162269,69
3190,Explicit Undirected,14,14162269,70
3191,Explicit Undirected,14,14162269,71
3192,Explicit Undirected,14,14162269,72
3193,Explicit Undirected,14,14162269,73
3194,Explicit Undirected,14,14162269,74
3195,Explicit Undirected,14,14162269,75
3196,Explicit Undirected,14,14162269,76
3197,Explicit Undirected,14,14162269,77
3198,Explicit Undirected,14,14162269,78
3199,Explicit Undirected,14,14162269,79
3200,Explicit Undirected,14,14162269,80
3201,Explicit Undirected,14,14162269,81
3202,Explicit Undirected,14,14162269,82
3203,Explicit Undirected,14,14162269,83
3204,Explicit Undirected,14,14162269,84
3205,Explicit Undirected,14,14162269,85
3206,Explicit Undirected,14,14162269,86
3207,Explicit Undirected,14,14162269,87
3208,Explicit Undirected,14,14162269,88
3209,Explicit Undirected,14,14162269,89
3210,Explicit Undirected,14,14162269,90
3211,Explicit Undirected,14,14162269,91
3212,Explicit Undirected,14,14162269,92
3213,Explicit Undirected,14,14162269,93
3214,Explicit Undirected,14,14162269,94
3215,Explicit Undirected,14,14162269,95
3216,Explicit Undirected,14,14162269,96
3217,Explicit Undirected,14,14162269,97
3218,Explicit Undirected,14,14162269,98
3219,Explicit Undirected,14,14162269,99
3220,Explicit Undirected,14,14162269,100
3221,Explicit Undirected,14,14162269,101
3222,Explicit Undirected,14,14162269,102
3223,Explicit Undirected,14,14162269,103
3224,Explicit Undirected,14,14162269,104
3225,Explicit Undirected,14,14162269,105
3226,Explicit Undirected,14,14162269,106
3227,Explicit Undirected,14,14162269,107
3228,Explicit Undirected,14,14162269,108
3229,Explicit Undirected,14,14162269,109
3230,Explicit Undirected,14,14162269,110
3231,Explicit Undirected,14,14162269,111
3232,Explicit Undirected,14,14162269,112
3233,Explicit Undirected,14,14162269,113
3234,Explicit Undirected,14,14162269,114
3235,Explicit Undirected,14,14162269,115
3236,Explicit Undirected,14,14162269,116
3237,Explicit Undirected,14,14162269,117
3238,Explicit Undirected,14,14162269,118
3239,Explicit Undirected,14,14162269,119
3240,Explicit Undirected,14,14162269,120
3241,Explicit Undirected,14,14162269,121
3242,Explicit Undirected,14,14162269,122
3243,Explicit Undirected,14,14162269,123
3244,Explicit Undirected,14,14162269,124
3245,Explicit Undirected,14,14162269,125
3246,Explicit Undirected,14,14162269,126
3247,Explicit Undirected,14,14162269,127
3248,Explicit Undirected,14,14162269,128
3249,Explicit Undirected,14,14162269,129
3250,Explicit Undirected,14,14162269,130
3251,Explicit Undirected,14,14162269,131
3252,Explicit Undirected,14,14162269,132
3253,Explicit Undirected,14,14162269,133
3254,Explicit Undirected,14,14162269,134
3255,Explicit Undirected,14,14162269,135
3256,Explicit Undirected,14,14162269,136
3257,Explicit Undirected,14,14162269,137
3258,Explicit Undirected,14,14162269,138
3259,Explicit Undirected,14,14162269,139
3260,Explicit Undirected,14,14162269,140
3261,Explicit Undirected,14,14162269,141
3262,Explicit Undirected,14,14162269,142
3263,Explicit Undirected,14,14162269,143
3264,Explicit Undirected,14,14162269,144
3265,Explicit Undirected,14,14162269,145
3266,Explicit Undirected,14,14162269,146
3267,Explicit Undirected,14,14162269,147
3268,Explicit Undirected,14,14162269,148
3269,Explicit Undirected,14,14162269,149
3270,Explicit Undirected,14,14162269,150
3271,Explicit Undirected,14,14162269,151
3272,Explicit Undirected,14,14162269,152
3273,Explicit Undirected,14,14162269,153
3274,Explicit Undirected,14,14162269,154
3275,Explicit Undirected,14,14162269,155
3276,Explicit Undirected,14,14162269,156
3277,Explicit Undirected,14,14162269,157
3278,Explicit Undirected,14,14162269,158
3279,Explicit Undirected,14,14162269,159
3280,Explicit Undirected,14,14162269,160
3281,Explicit Undirected,14,14162269,161
3282,Explicit Undirected,14,14162269,162
3283,Explicit Undirected,14,14162269,163
3284,Explicit Undirected,14,14162269,164
3285,Explicit Undirected,14,14162269,165
3286,Explicit Undirected,14,14162269,166
3287,Explicit Undirected,14,14162269,167
3288,Explicit Undirected,14,14162269,168
3289,Explicit Undirected,14,14162269,169
3290,Explicit Undirected,14,14162269,170
3291,Explicit Undirected,14,14162269,171
3292,Explicit Undirected,14,14162269,172
3293,Explicit Undirected,14,14162269,173
3294,Explicit Undirected,14,14162269,174
3295,Explicit Undirected,14,14162269,175
3296,Explicit Undirected,14,14162269,176
3297,Explicit Undirected,14,14162269,177
3298,Explicit Undirected,14,14162269,178
3299,Explicit Undirected,14,14162269,179
3300,Explicit Undirected,14,14162269,180
3301,Explicit Undirected,14,14162269,181
3302,Explicit Undirected,14,14162269,182
3303,Explicit Undirected,14,14162269,183
3304,Explicit Undirected,14,14162269,184
3305,Explicit Undirected,14,14162269,185
3306,Explicit Undirected,14,14162269,186
3307,Explicit Undirected,14,14162269,187
3308,Explicit Undirected,14,14162269,188
3309,Explicit Undirected,14,14162269,189
3310,Explicit Undirected,14,14162269,190
3311,Explicit Undirected,14,14162269,191
3312,Explicit Undirected,14,14162269,192
3313,Explicit Undirected,14,14162269,193
3314,Explicit Undirected,14,14162269,194
3315,Explicit Undirected,14,14162269,195
3316,Explicit Undirected,14,14162269,196
3317,Explicit Undirected,14,14162269,197
3318,Explicit Undirected,14,14162269,198
3319,Explicit Undirected,14,14162269,199
3320,Explicit Undirected,14,14162269,200
3321,Explicit Undirected,14,14162269,201
3322,Explicit Undirected,14,14162269,202
3323,Explicit Undirected,14,14162269,203
3324,Explicit Undirected,14,14162269,204
3325,Explicit Undirected,14,14162269,205
3326,Explicit Undirected,14,14162269,206
3327,Explicit Undirected,14,14162269,207
3328,Explicit Undirected,14,14162269,208
3329,Explicit Undirected,14,14162269,209
3330,Explicit Undirected,14,14162269,210
3331,Explicit Undirected,14,14162269,211
3332,Explicit Undirected,14,14162269,212
3333,Explicit Undirected,14,14162269,213
3334,Explicit Undirected,14,14162269,214
3335,Explicit Undirected,14,14162269,215
3336,Explicit Undirected,14,14162269,216
3337,Explicit Undirected,14,14162269,217
3338,Explicit Undirected,14,14162269,218
3339,Explicit Undirected,14,14162269,219
3340,Explicit Undirected,14,14162269,220
3341,Explicit Undirected,14,14162269,221
3342,Explicit Undirected,14,14162269,222
3343,Explicit Undirected,14,14162269,223
3344,Explicit Undirected,14,14162269,224
3345,Explicit Undirected,14,14162269,225
3346,Explicit Undirected,14,14162269,226
3347,Explicit Undirected,14,14162269,227
3348,Explicit Undirected,14,14162269,228
3349,Explicit Undirected,14,14162269,229
3350,Explicit Undirected,14,14162269,230
3351,Explicit Undirected,14,14162269,231
3352,Explicit Undirected,14,14162269,232
3353,Explicit Undirected,14,14162269,233
3354,Explicit Undirected,14,14162269,234
3355,Explicit Undirected,14,14162269,235
3356,Explicit Undirected,14,14162269,236
3357,Explicit Undirected,14,14162269,237
3358,Explicit Undirected,14,14162269,238
3359,Explicit Undirected,14,14162269,239
3360,Explicit Undirected,14,14162269,240
3361,Explicit Undirected,15,14162278,1
3362,Explicit Undirected,15,14162278,2
3363,Explicit Undirected,15,14162278,3
3364,Explicit Undirected,15,14162278,4
3365,Explicit Undirected,15,14162278,5
3366,Explicit Undirected,15,14162278,6
3367,Explicit Undirected,15,14162278,7
3368,Explicit Undirected,15,14162278,8
3369,Explicit Undirected,15,14162278,9
3370,Explicit Undirected,15,14162278,10
3371,Explicit Undirected,15,14162278,11
3372,Explicit Undirected,15,14162278,12
3373,Explicit Undirected,15,14162278,13
3374,Explicit Undirected,15,14162278,14
3375,Explicit Undirected,15,14162278,15
3376,Explicit Undirected,15,14162278,16
3377,Explicit Undirected,15,14162278,17
3378,Explicit Undirected,15,14162278,18
3379,Explicit Undirected,15,14162278,19
3380,Explicit Undirected,15,14162278,20
3381,Explicit Undirected,15,14162278,21
3382,Explicit Undirected,15,14162278,22
3383,Explicit Undirected,15,14162278,23
3384,Explicit Undirected,15,14162278,24
3385,Explicit Undirected,15,14162278,25
3386,Explicit Undirected,15,14162278,26
3387,Explicit Undirected,15,14162278,27
3388,Explicit Undirected,15,14162278,28
3389,Explicit Undirected,15,14162278,29
3390,Explicit Undirected,15,14162278,30
3391,Explicit Undirected,15,14162278,31
3392,Explicit Undirected,15,14162278,32
3393,Explicit Undirected,15,14162278,33
3394,Explicit Undirected,15,14162278,34
3395,Explicit Undirected,15,14162278,35
3396,Explicit Undirected,15,14162278,36
3397,Explicit Undirected,15,14162278,37
3398,Explicit Undirected,15,14162278,38
3399,Explicit Undirected,15,14162278,39
3400,Explicit Undirected,15,14162278,40
3401,Explicit Undirected,15,14162278,41
3402,Explicit Undirected,15,14162278,42
3403,Explicit Undirected,15,14162278,43
3404,Explicit Undirected,15,14162278,44
3405,Explicit Undirected,15,14162278,45
3406,Explicit Undirected,15,14162278,46
3407,Explicit Undirected,15,14162278,47
3408,Explicit Undirected,15,14162278,48
3409,Explicit Undirected,15,14162278,49
3410,Explicit Undirected,15,14162278,50
3411,Explicit Undirected,15,14162278,51
3412,Explicit Undirected,15,14162278,52
3413,Explicit Undirected,15,14162278,53
3414,Explicit Undirected,15,14162278,54
3415,Explicit Undirected,15,14162278,55
3416,Explicit Undirected,15,14162278,56
3417,Explicit Undirected,15,14162278,57
3418,Explicit Undirected,15,14162278,58
3419,Explicit Undirected,15,14162278,59
3420,Explicit Undirected,15,14162278,60
3421,Explicit Undirected,15,14162278,61
3422,Explicit Undirected,15,14162278,62
3423,Explicit Undirected,15,14162278,63
3424,Explicit Undirected,15,14162278,64
3425,Explicit Undirected,15,14162278,65
3426,Explicit Undirected,15,14162278,66
3427,Explicit Undirected,15,14162278,67
3428,Explicit Undirected,15,14162278,68
3429,Explicit Undirected,15,14162278,69
3430,Explicit Undirected,15,14162278,70
3431,Explicit Undirected,15,14162278,71
3432,Explicit Undirected,15,14162278,72
3433,Explicit Undirected,15,14162278,73
3434,Explicit Undirected,15,14162278,74
3435,Explicit Undirected,15,14162278,75
3436,Explicit Undirected,15,14162278,76
3437,Explicit Undirected,15,14162278,77
3438,Explicit Undirected,15,14162278,78
3439,Explicit Undirected,15,14162278,79
3440,Explicit Undirected,15,14162278,80
3441,Explicit Undirected,15,14162278,81
3442,Explicit Undirected,15,14162278,82
3443,Explicit Undirected,15,14162278,83
3444,Explicit Undirected,15,14162278,84
3445,Explicit Undirected,15,14162278,85
3446,Explicit Undirected,15,14162278,86
3447,Explicit Undirected,15,14162278,87
3448,Explicit Undirected,15,14162278,88
3449,Explicit Undirected,15,14162278,89
3450,Explicit Undirected,15,14162278,90
3451,Explicit Undirected,15,14162278,91
3452,Explicit Undirected,15,14162278,92
3453,Explicit Undirected,15,14162278,93
3454,Explicit Undirected,15,14162278,94
3455,Explicit Undirected,15,14162278,95
3456,Explicit Undirected,15,14162278,96
3457,Explicit Undirected,15,14162278,97
3458,Explicit Undirected,15,14162278,98
3459,Explicit Undirected,15,14162278,99
3460,Explicit Undirected,15,14162278,100
3461,Explicit Undirected,15,14162278,101
3462,Explicit Undirected,15,14162278,102
3463,Explicit Undirected,15,14162278,103
3464,Explicit Undirected,15,14162278,104
3465,Explicit Undirected,15,14162278,105
3466,Explicit Undirected,15,14162278,106
3467,Explicit Undirected,15,14162278,107
3468,Explicit Undirected,15,14162278,108
3469,Explicit Undirected,15,14162278,109
3470,Explicit Undirected,15,14162278,110
3471,Explicit Undirected,15,14162278,111
3472,Explicit Undirected,15,14162278,112
3473,Explicit Undirected,15,14162278,113
3474,Explicit Undirected,15,14162278,114
3475,Explicit Undirected,15,14162278,115
3476,Explicit Undirected,15,14162278,116
3477,Explicit Undirected,15,14162278,117
3478,Explicit Undirected,15,14162278,118
3479,Explicit Undirected,15,14162278,119
3480,Explicit Undirected,15,14162278,120
3481,Explicit Undirected,15,14162278,121
3482,Explicit Undirected,15,14162278,122
3483,Explicit Undirected,15,14162278,123
3484,Explicit Undirected,15,14162278,124
3485,Explicit Undirected,15,14162278,125
3486,Explicit Undirected,15,14162278,126
3487,Explicit Undirected,15,14162278,127
3488,Explicit Undirected,15,14162278,128
3489,Explicit Undirected,15,14162278,129
3490,Explicit Undirected,15,14162278,130
3491,Explicit Undirected,15,14162278,131
3492,Explicit Undirected,15,14162278,132
3493,Explicit Undirected,15,14162278,133
3494,Explicit Undirected,15,14162278,134
3495,Explicit Undirected,15,14162278,135
3496,Explicit Undirected,15,14162278,136
3497,Explicit Undirected,15,14162278,137
3498,Explicit Undirected,15,14162278,138
3499,Explicit Undirected,15,14162278,139
3500,Explicit Undirected,15,14162278,140
3501,Explicit Undirected,15,14162278,141
3502,Explicit Undirected,15,14162278,142
3503,Explicit Undirected,15,14162278,143
3504,Explicit Undirected,15,14162278,144
3505,Explicit Undirected,15,14162278,145
3506,Explicit Undirected,15,14162278,146
3507,Explicit Undirected,15,14162278,147
3508,Explicit Undirected,15,14162278,148
3509,Explicit Undirected,15,14162278,149
3510,Explicit Undirected,15,14162278,150
3511,Explicit Undirected,15,14162278,151
3512,Explicit Undirected,15,14162278,152
3513,Explicit Undirected,15,14162278,153
3514,Explicit Undirected,15,14162278,154
3515,Explicit Undirected,15,14162278,155
3516,Explicit Undirected,15,14162278,156
3517,Explicit Undirected,15,14162278,157
3518,Explicit Undirected,15,14162278,158
3519,Explicit Undirected,15,14162278,159
3520,Explicit Undirected,15,14162278,160
3521,Explicit Undirected,15,14162278,161
3522,Explicit Undirected,15,14162278,162
3523,Explicit Undirected,15,14162278,163
3524,Explicit Undirected,15,14162278,164
3525,Explicit Undirected,15,14162278,165
3526,Explicit Undirected,15,14162278,166
3527,Explicit Undirected,15,14162278,167
3528,Explicit Undirected,15,14162278,168
3529,Explicit Undirected,15,14162278,169
3530,Explicit Undirected,15,14162278,170
3531,Explicit Undirected,15,14162278,171
3532,Explicit Undirected,15,14162278,172
3533,Explicit Undirected,15,14162278,173
3534,Explicit Undirected,15,14162278,174
3535,Explicit Undirected,15,14162278,175
3536,Explicit Undirected,15,14162278,176
3537,Explicit Undirected,15,14162278,177
3538,Explicit Undirected,15,14162278,178
3539,Explicit Undirected,15,14162278,179
3540,Explicit Undirected,15,14162278,180
3541,Explicit Undirected,15,14162278,181
3542,Explicit Undirected,15,14162278,182
3543,Explicit Undirected,15,14162278,183
3544,Explicit Undirected,15,14162278,184
3545,Explicit Undirected,15,14162278,185
3546,Explicit Undirected,15,14162278,186
3547,Explicit Undirected,15,14162278,187
3548,Explicit Undirected,15,14162278,188
3549,Explicit Undirected,15,14162278,189
3550,Explicit Undirected,15,14162278,190
3551,Explicit Undirected,15,14162278,191
3552,Explicit Undirected,15,14162278,192
3553,Explicit Undirected,15,14162278,193
3554,Explicit Undirected,15,14162278,194
3555,Explicit Undirected,15,14162278,195
3556,Explicit Undirected,15,14162278,196
3557,Explicit Undirected,15,14162278,197
3558,Explicit Undirected,15,14162278,198
3559,Explicit Undirected,15,14162278,199
3560,Explicit Undirected,15,14162278,200
3561,Explicit Undirected,15,14162278,201
3562,Explicit Undirected,15,14162278,202
3563,Explicit Undirected,15,14162278,203
3564,Explicit Undirected,15,14162278,204
3565,Explicit Undirected,15,14162278,205
3566,Explicit Undirected,15,14162278,206
3567,Explicit Undirected,15,14162278,207
3568,Explicit Undirected,15,14162278,208
3569,Explicit Undirected,15,14162278,209
3570,Explicit Undirected,15,14162278,210
3571,Explicit Undirected,15,14162278,211
3572,Explicit Undirected,15,14162278,212
3573,Explicit Undirected,15,14162278,213
3574,Explicit Undirected,15,14162278,214
3575,Explicit Undirected,15,14162278,215
3576,Explicit Undirected,15,14162278,216
3577,Explicit Undirected,15,14162278,217
3578,Explicit Undirected,15,14162278,218
3579,Explicit Undirected,15,14162278,219
3580,Explicit Undirected,15,14162278,220
3581,Explicit Undirected,15,14162278,221
3582,Explicit Undirected,15,14162278,222
3583,Explicit Undirected,15,14162278,223
3584,Explicit Undirected,15,14162278,224
3585,Explicit Undirected,15,14162278,225
3586,Explicit Undirected,15,14162278,226
3587,Explicit Undirected,15,14162278,227
3588,Explicit Undirected,15,14162278,228
3589,Explicit Undirected,15,14162278,229
3590,Explicit Undirected,15,14162278,230
3591,Explicit Undirected,15,14162278,231
3592,Explicit Undirected,15,14162278,232
3593,Explicit Undirected,15,14162278,233
3594,Explicit Undirected,15,14162278,234
3595,Explicit Undirected,15,14162278,235
3596,Explicit Undirected,15,14162278,236
3597,Explicit Undirected,15,14162278,237
3598,Explicit Undirected,15,14162278,238
3599,Explicit Undirected,15,14162278,239
3600,Explicit Undirected,15,14162278,240
3601,Explicit Undirected,16,14162296,1
3602,Explicit Undirected,16,14162296,2
3603,Explicit Undirected,16,14162296,3
3604,Explicit Undirected,16,14162296,4
3605,Explicit Undirected,16,14162296,5
3606,Explicit Undirected,16,14162296,6
3607,Explicit Undirected,16,14162296,7
3608,Explicit Undirected,16,14162296,8
3609,Explicit Undirected,16,14162296,9
3610,Explicit Undirected,16,14162296,10
3611,Explicit Undirected,16,14162296,11
3612,Explicit Undirected,16,14162296,12
3613,Explicit Undirected,16,14162296,13
3614,Explicit Undirected,16,14162296,14
3615,Explicit Undirected,16,14162296,15
3616,Explicit Undirected,16,14162296,16
3617,Explicit Undirected,16,14162296,17
3618,Explicit Undirected,16,14162296,18
3619,Explicit Undirected,16,14162296,19
3620,Explicit Undirected,16,14162296,20
3621,Explicit Undirected,16,14162296,21
3622,Explicit Undirected,16,14162296,22
3623,Explicit Undirected,16,14162296,23
3624,Explicit Undirected,16,14162296,24
3625,Explicit Undirected,16,14162296,25
3626,Explicit Undirected,16,14162296,26
3627,Explicit Undirected,16,14162296,27
3628,Explicit Undirected,16,14162296,28
3629,Explicit Undirected,16,14162296,29
3630,Explicit Undirected,16,14162296,30
3631,Explicit Undirected,16,14162296,31
3632,Explicit Undirected,16,14162296,32
3633,Explicit Undirected,16,14162296,33
3634,Explicit Undirected,16,14162296,34
3635,Explicit Undirected,16,14162296,35
3636,Explicit Undirected,16,14162296,36
3637,Explicit Undirected,16,14162296,37
3638,Explicit Undirected,16,14162296,38
3639,Explicit Undirected,16,14162296,39
3640,Explicit Undirected,16,14162296,40
3641,Explicit Undirected,16,14162296,41
3642,Explicit Undirected,16,14162296,42
3643,Explicit Undirected,16,14162296,43
3644,Explicit Undirected,16,14162296,44
3645,Explicit Undirected,16,14162296,45
3646,Explicit Undirected,16,14162296,46
3647,Explicit Undirected,16,14162296,47
3648,Explicit Undirected,16,14162296,48
3649,Explicit Undirected,16,14162296,49
3650,Explicit Undirected,16,14162296,50
3651,Explicit Undirected,16,14162296,51
3652,Explicit Undirected,16,14162296,52
3653,Explicit Undirected,16,14162296,53
3654,Explicit Undirected,16,14162296,54
3655,Explicit Undirected,16,14162296,55
3656,Explicit Undirected,16,14162296,56
3657,Explicit Undirected,16,14162296,57
3658,Explicit Undirected,16,14162296,58
3659,Explicit Undirected,16,14162296,59
3660,Explicit Undirected,16,14162296,60
3661,Explicit Undirected,16,14162296,61
3662,Explicit Undirected,16,14162296,62
3663,Explicit Undirected,16,14162296,63
3664,Explicit Undirected,16,14162296,64
3665,Explicit Undirected,16,14162296,65
3666,Explicit Undirected,16,14162296,66
3667,Explicit Undirected,16,14162296,67
3668,Explicit Undirected,16,14162296,68
3669,Explicit Undirected,16,14162296,69
3670,Explicit Undirected,16,14162296,70
3671,Explicit Undirected,16,14162296,71
3672,Explicit Undirected,16,14162296,72
3673,Explicit Undirected,16,14162296,73
3674,Explicit Undirected,16,14162296,74
3675,Explicit Undirected,16,14162296,75
3676,Explicit Undirected,16,14162296,76
3677,Explicit Undirected,16,14162296,77
3678,Explicit Undirected,16,14162296,78
3679,Explicit Undirected,16,14162296,79
3680,Explicit Undirected,16,14162296,80
3681,Explicit Undirected,16,14162296,81
3682,Explicit Undirected,16,14162296,82
3683,Explicit Undirected,16,14162296,83
3684,Explicit Undirected,16,14162296,84
3685,Explicit Undirected,16,14162296,85
3686,Explicit Undirected,16,14162296,86
3687,Explicit Undirected,16,14162296,87
3688,Explicit Undirected,16,14162296,88
3689,Explicit Undirected,16,14162296,89
3690,Explicit Undirected,16,14162296,90
3691,Explicit Undirected,16,14162296,91
3692,Explicit Undirected,16,14162296,92
3693,Explicit Undirected,16,14162296,93
3694,Explicit Undirected,16,14162296,94
3695,Explicit Undirected,16,14162296,95
3696,Explicit Undirected,16,14162296,96
3697,Explicit Undirected,16,14162296,97
3698,Explicit Undirected,16,14162296,98
3699,Explicit Undirected,16,14162296,99
3700,Explicit Undirected,16,14162296,100
3701,Explicit Undirected,16,14162296,101
3702,Explicit Undirected,16,14162296,102
3703,Explicit Undirected,16,14162296,103
3704,Explicit Undirected,16,14162296,104
3705,Explicit Undirected,16,14162296,105
3706,Explicit Undirected,16,14162296,106
3707,Explicit Undirected,16,14162296,107
3708,Explicit Undirected,16,14162296,108
3709,Explicit Undirected,16,14162296,109
3710,Explicit Undirected,16,14162296,110
3711,Explicit Undirected,16,14162296,111
3712,Explicit Undirected,16,14162296,112
3713,Explicit Undirected,16,14162296,113
3714,Explicit Undirected,16,14162296,114
3715,Explicit Undirected,16,14162296,115
3716,Explicit Undirected,16,14162296,116
3717,Explicit Undirected,16,14162296,117
3718,Explicit Undirected,16,14162296,118
3719,Explicit Undirected,16,14162296,119
3720,Explicit Undirected,16,14162296,120
3721,Explicit Undirected,16,14162296,121
3722,Explicit Undirected,16,14162296,122
3723,Explicit Undirected,16,14162296,123
3724,Explicit Undirected,16,14162296,124
3725,Explicit Undirected,16,14162296,125
3726,Explicit Undirected,16,14162296,126
3727,Explicit Undirected,16,14162296,127
3728,Explicit Undirected,16,14162296,128
3729,Explicit Undirected,16,14162296,129
3730,Explicit Undirected,16,14162296,130
3731,Explicit Undirected,16,14162296,131
3732,Explicit Undirected,16,14162296,132
3733,Explicit Undirected,16,14162296,133
3734,Explicit Undirected,16,14162296,134
3735,Explicit Undirected,16,14162296,135
3736,Explicit Undirected,16,14162296,136
3737,Explicit Undirected,16,14162296,137
3738,Explicit Undirected,16,14162296,138
3739,Explicit Undirected,16,14162296,139
3740,Explicit Undirected,16,14162296,140
3741,Explicit Undirected,16,14162296,141
3742,Explicit Undirected,16,14162296,142
3743,Explicit Undirected,16,14162296,143
3744,Explicit Undirected,16,14162296,144
3745,Explicit Undirected,16,14162296,145
3746,Explicit Undirected,16,14162296,146
3747,Explicit Undirected,16,14162296,147
3748,Explicit Undirected,16,14162296,148
3749,Explicit Undirected,16,14162296,149
3750,Explicit Undirected,16,14162296,150
3751,Explicit Undirected,16,14162296,151
3752,Explicit Undirected,16,14162296,152
3753,Explicit Undirected,16,14162296,153
3754,Explicit Undirected,16,14162296,154
3755,Explicit Undirected,16,14162296,155
3756,Explicit Undirected,16,14162296,156
3757,Explicit Undirected,16,14162296,157
3758,Explicit Undirected,16,14162296,158
3759,Explicit Undirected,16,14162296,159
3760,Explicit Undirected,16,14162296,160
3761,Explicit Undirected,16,14162296,161
3762,Explicit Undirected,16,14162296,162
3763,Explicit Undirected,16,14162296,163
3764,Explicit Undirected,16,14162296,164
3765,Explicit Undirected,16,14162296,165
3766,Explicit Undirected,16,14162296,166
3767,Explicit Undirected,16,14162296,167
3768,Explicit Undirected,16,14162296,168
3769,Explicit Undirected,16,14162296,169
3770,Explicit Undirected,16,14162296,170
3771,Explicit Undirected,16,14162296,171
3772,Explicit Undirected,16,14162296,172
3773,Explicit Undirected,16,14162296,173
3774,Explicit Undirected,16,14162296,174
3775,Explicit Undirected,16,14162296,175
3776,Explicit Undirected,16,14162296,176
3777,Explicit Undirected,16,14162296,177
3778,Explicit Undirected,16,14162296,178
3779,Explicit Undirected,16,14162296,179
3780,Explicit Undirected,16,14162296,180
3781,Explicit Undirected,16,14162296,181
3782,Explicit Undirected,16,14162296,182
3783,Explicit Undirected,16,14162296,183
3784,Explicit Undirected,16,14162296,184
3785,Explicit Undirected,16,14162296,185
3786,Explicit Undirected,16,14162296,186
3787,Explicit Undirected,16,14162296,187
3788,Explicit Undirected,16,14162296,188
3789,Explicit Undirected,16,14162296,189
3790,Explicit Undirected,16,14162296,190
3791,Explicit Undirected,16,14162296,191
3792,Explicit Undirected,16,14162296,192
3793,Explicit Undirected,16,14162296,193
3794,Explicit Undirected,16,14162296,194
3795,Explicit Undirected,16,14162296,195
3796,Explicit Undirected,16,14162296,196
3797,Explicit Undirected,16,14162296,197
3798,Explicit Undirected,16,14162296,198
3799,Explicit Undirected,16,14162296,199
3800,Explicit Undirected,16,14162296,200
3801,Explicit Undirected,16,14162296,201
3802,Explicit Undirected,16,14162296,202
3803,Explicit Undirected,16,14162296,203
3804,Explicit Undirected,16,14162296,204
3805,Explicit Undirected,16,14162296,205
3806,Explicit Undirected,16,14162296,206
3807,Explicit Undirected,16,14162296,207
3808,Explicit Undirected,16,14162296,208
3809,Explicit Undirected,16,14162296,209
3810,Explicit Undirected,16,14162296,210
3811,Explicit Undirected,16,14162296,211
3812,Explicit Undirected,16,14162296,212
3813,Explicit Undirected,16,14162296,213
3814,Explicit Undirected,16,14162296,214
3815,Explicit Undirected,16,14162296,215
3816,Explicit Undirected,16,14162296,216
3817,Explicit Undirected,16,14162296,217
3818,Explicit Undirected,16,14162296,218
3819,Explicit Undirected,16,14162296,219
3820,Explicit Undirected,16,14162296,220
3821,Explicit Undirected,16,14162296,221
3822,Explicit Undirected,16,14162296,222
3823,Explicit Undirected,16,14162296,223
3824,Explicit Undirected,16,14162296,224
3825,Explicit Undirected,16,14162296,225
3826,Explicit Undirected,16,14162296,226
3827,Explicit Undirected,16,14162296,227
3828,Explicit Undirected,16,14162296,228
3829,Explicit Undirected,16,14162296,229
3830,Explicit Undirected,16,14162296,230
3831,Explicit Undirected,16,14162296,231
3832,Explicit Undirected,16,14162296,232
3833,Explicit Undirected,16,14162296,233
3834,Explicit Undirected,16,14162296,234
3835,Explicit Undirected,16,14162296,235
3836,Explicit Undirected,16,14162296,236
3837,Explicit Undirected,16,14162296,237
3838,Explicit Undirected,16,14162296,238
3839,Explicit Undirected,16,14162296,239
3840,Explicit Undirected,16,14162296,240
3841,Explicit Undirected,17,14162334,1
3842,Explicit Undirected,17,14162334,2
3843,Explicit Undirected,17,14162334,3
3844,Explicit Undirected,17,14162334,4
3845,Explicit Undirected,17,14162334,5
3846,Explicit Undirected,17,14162334,6
3847,Explicit Undirected,17,14162334,7
3848,Explicit Undirected,17,14162334,8
3849,Explicit Undirected,17,14162334,9
3850,Explicit Undirected,17,14162334,10
3851,Explicit Undirected,17,14162334,11
3852,Explicit Undirected,17,14162334,12
3853,Explicit Undirected,17,14162334,13
3854,Explicit Undirected,17,14162334,14
3855,Explicit Undirected,17,14162334,15
3856,Explicit Undirected,17,14162334,16
3857,Explicit Undirected,17,14162334,17
3858,Explicit Undirected,17,14162334,18
3859,Explicit Undirected,17,14162334,19
3860,Explicit Undirected,17,14162334,20
3861,Explicit Undirected,17,14162334,21
3862,Explicit Undirected,17,14162334,22
3863,Explicit Undirected,17,14162334,23
3864,Explicit Undirected,17,14162334,24
3865,Explicit Undirected,17,14162334,25
3866,Explicit Undirected,17,14162334,26
3867,Explicit Undirected,17,14162334,27
3868,Explicit Undirected,17,14162334,28
3869,Explicit Undirected,17,14162334,29
3870,Explicit Undirected,17,14162334,30
3871,Explicit Undirected,17,14162334,31
3872,Explicit Undirected,17,14162334,32
3873,Explicit Undirected,17,14162334,33
3874,Explicit Undirected,17,14162334,34
3875,Explicit Undirected,17,14162334,35
3876,Explicit Undirected,17,14162334,36
3877,Explicit Undirected,17,14162334,37
3878,Explicit Undirected,17,14162334,38
3879,Explicit Undirected,17,14162334,39
3880,Explicit Undirected,17,14162334,40
3881,Explicit Undirected,17,14162334,41
3882,Explicit Undirected,17,14162334,42
3883,Explicit Undirected,17,14162334,43
3884,Explicit Undirected,17,14162334,44
3885,Explicit Undirected,17,14162334,45
3886,Explicit Undirected,17,14162334,46
3887,Explicit Undirected,17,14162334,47
3888,Explicit Undirected,17,14162334,48
3889,Explicit Undirected,17,14162334,49
3890,Explicit Undirected,17,14162334,50
3891,Explicit Undirected,17,14162334,51
3892,Explicit Undirected,17,14162334,52
3893,Explicit Undirected,17,14162334,53
3894,Explicit Undirected,17,14162334,54
3895,Explicit Undirected,17,14162334,55
3896,Explicit Undirected,17,14162334,56
3897,Explicit Undirected,17,14162334,57
3898,Explicit Undirected,17,14162334,58
3899,Explicit Undirected,17,14162334,59
3900,Explicit Undirected,17,14162334,60
3901,Explicit Undirected,17,14162334,61
3902,Explicit Undirected,17,14162334,62
3903,Explicit Undirected,17,14162334,63
3904,Explicit Undirected,17,14162334,64
3905,Explicit Undirected,17,14162334,65
3906,Explicit Undirected,17,14162334,66
3907,Explicit Undirected,17,14162334,67
3908,Explicit Undirected,17,14162334,68
3909,Explicit Undirected,17,14162334,69
3910,Explicit Undirected,17,14162334,70
3911,Explicit Undirected,17,14162334,71
3912,Explicit Undirected,17,14162334,72
3913,Explicit Undirected,17,14162334,73
3914,Explicit Undirected,17,14162334,74
3915,Explicit Undirected,17,14162334,75
3916,Explicit Undirected,17,14162334,76
3917,Explicit Undirected,17,14162334,77
3918,Explicit Undirected,17,14162334,78
3919,Explicit Undirected,17,14162334,79
3920,Explicit Undirected,17,14162334,80
3921,Explicit Undirected,17,14162334,81
3922,Explicit Undirected,17,14162334,82
3923,Explicit Undirected,17,14162334,83
3924,Explicit Undirected,17,14162334,84
3925,Explicit Undirected,17,14162334,85
3926,Explicit Undirected,17,14162334,86
3927,Explicit Undirected,17,14162334,87
3928,Explicit Undirected,17,14162334,88
3929,Explicit Undirected,17,14162334,89
3930,Explicit Undirected,17,14162334,90
3931,Explicit Undirected,17,14162334,91
3932,Explicit Undirected,17,14162334,92
3933,Explicit Undirected,17,14162334,93
3934,Explicit Undirected,17,14162334,94
3935,Explicit Undirected,17,14162334,95
3936,Explicit Undirected,17,14162334,96
3937,Explicit Undirected,17,14162334,97
3938,Explicit Undirected,17,14162334,98
3939,Explicit Undirected,17,14162334,99
3940,Explicit Undirected,17,14162334,100
3941,Explicit Undirected,17,14162334,101
3942,Explicit Undirected,17,14162334,102
3943,Explicit Undirected,17,14162334,103
3944,Explicit Undirected,17,14162334,104
3945,Explicit Undirected,17,14162334,105
3946,Explicit Undirected,17,14162334,106
3947,Explicit Undirected,17,14162334,107
3948,Explicit Undirected,17,14162334,108
3949,Explicit Undirected,17,14162334,109
3950,Explicit Undirected,17,14162334,110
3951,Explicit Undirected,17,14162334,111
3952,Explicit Undirected,17,14162334,112
3953,Explicit Undirected,17,14162334,113
3954,Explicit Undirected,17,14162334,114
3955,Explicit Undirected,17,14162334,115
3956,Explicit Undirected,17,14162334,116
3957,Explicit Undirected,17,14162334,117
3958,Explicit Undirected,17,14162334,118
3959,Explicit Undirected,17,14162334,119
3960,Explicit Undirected,17,14162334,120
3961,Explicit Undirected,17,14162334,121
3962,Explicit Undirected,17,14162334,122
3963,Explicit Undirected,17,14162334,123
3964,Explicit Undirected,17,14162334,124
3965,Explicit Undirected,17,14162334,125
3966,Explicit Undirected,17,14162334,126
3967,Explicit Undirected,17,14162334,127
3968,Explicit Undirected,17,14162334,128
3969,Explicit Undirected,17,14162334,129
3970,Explicit Undirected,17,14162334,130
3971,Explicit Undirected,17,14162334,131
3972,Explicit Undirected,17,14162334,132
3973,Explicit Undirected,17,14162334,133
3974,Explicit Undirected,17,14162334,134
3975,Explicit Undirected,17,14162334,135
3976,Explicit Undirected,17,14162334,136
3977,Explicit Undirected,17,14162334,137
3978,Explicit Undirected,17,14162334,138
3979,Explicit Undirected,17,14162334,139
3980,Explicit Undirected,17,14162334,140
3981,Explicit Undirected,17,14162334,141
3982,Explicit Undirected,17,14162334,142
3983,Explicit Undirected,17,14162334,143
3984,Explicit Undirected,17,14162334,144
3985,Explicit Undirected,17,14162334,145
3986,Explicit Undirected,17,14162334,146
3987,Explicit Undirected,17,14162334,147
3988,Explicit Undirected,17,14162334,148
3989,Explicit Undirected,17,14162334,149
3990,Explicit Undirected,17,14162334,150
3991,Explicit Undirected,17,14162334,151
3992,Explicit Undirected,17,14162334,152
3993,Explicit Undirected,17,14162334,153
3994,Explicit Undirected,17,14162334,154
3995,Explicit Undirected,17,14162334,155
3996,Explicit Undirected,17,14162334,156
3997,Explicit Undirected,17,14162334,157
3998,Explicit Undirected,17,14162334,158
3999,Explicit Undirected,17,14162334,159
4000,Explicit Undirected,17,14162334,160
4001,Explicit Undirected,17,14162334,161
4002,Explicit Undirected,17,14162334,162
4003,Explicit Undirected,17,14162334,163
4004,Explicit Undirected,17,14162334,164
4005,Explicit Undirected,17,14162334,165
4006,Explicit Undirected,17,14162334,166
4007,Explicit Undirected,17,14162334,167
4008,Explicit Undirected,17,14162334,168
4009,Explicit Undirected,17,14162334,169
4010,Explicit Undirected,17,14162334,170
4011,Explicit Undirected,17,14162334,171
4012,Explicit Undirected,17,14162334,172
4013,Explicit Undirected,17,14162334,173
4014,Explicit Undirected,17,14162334,174
4015,Explicit Undirected,17,14162334,175
4016,Explicit Undirected,17,14162334,176
4017,Explicit Undirected,17,14162334,177
4018,Explicit Undirected,17,14162334,178
4019,Explicit Undirected,17,14162334,179
4020,Explicit Undirected,17,14162334,180
4021,Explicit Undirected,17,14162334,181
4022,Explicit Undirected,17,14162334,182
4023,Explicit Undirected,17,14162334,183
4024,Explicit Undirected,17,14162334,184
4025,Explicit Undirected,17,14162334,185
4026,Explicit Undirected,17,14162334,186
4027,Explicit Undirected,17,14162334,187
4028,Explicit Undirected,17,14162334,188
4029,Explicit Undirected,17,14162334,189
4030,Explicit Undirected,17,14162334,190
4031,Explicit Undirected,17,14162334,191
4032,Explicit Undirected,17,14162334,192
4033,Explicit Undirected,17,14162334,193
4034,Explicit Undirected,17,14162334,194
4035,Explicit Undirected,17,14162334,195
4036,Explicit Undirected,17,14162334,196
4037,Explicit Undirected,17,14162334,197
4038,Explicit Undirected,17,14162334,198
4039,Explicit Undirected,17,14162334,199
4040,Explicit Undirected,17,14162334,200
4041,Explicit Undirected,17,14162334,201
4042,Explicit Undirected,17,14162334,202
4043,Explicit Undirected,17,14162334,203
4044,Explicit Undirected,17,14162334,204
4045,Explicit Undirected,17,14162334,205
4046,Explicit Undirected,17,14162334,206
4047,Explicit Undirected,17,14162334,207
4048,Explicit Undirected,17,14162334,208
4049,Explicit Undirected,17,14162334,209
4050,Explicit Undirected,17,14162334,210
4051,Explicit Undirected,17,14162334,211
4052,Explicit Undirected,17,14162334,212
4053,Explicit Undirected,17,14162334,213
4054,Explicit Undirected,17,14162334,214
4055,Explicit Undirected,17,14162334,215
4056,Explicit Undirected,17,14162334,216
4057,Explicit Undirected,17,14162334,217
4058,Explicit Undirected,17,14162334,218
4059,Explicit Undirected,17,14162334,219
4060,Explicit Undirected,17,14162334,220
4061,Explicit Undirected,17,14162334,221
4062,Explicit Undirected,17,14162334,222
4063,Explicit Undirected,17,14162334,223
4064,Explicit Undirected,17,14162334,224
4065,Explicit Undirected,17,14162334,225
4066,Explicit Undirected,17,14162334,226
4067,Explicit Undirected,17,14162334,227
4068,Explicit Undirected,17,14162334,228
4069,Explicit Undirected,17,14162334,229
4070,Explicit Undirected,17,14162334,230
4071,Explicit Undirected,17,14162334,231
4072,Explicit Undirected,17,14162334,232
4073,Explicit Undirected,17,14162334,233
4074,Explicit Undirected,17,14162334,234
4075,Explicit Undirected,17,14162334,235
4076,Explicit Undirected,17,14162334,236
4077,Explicit Undirected,17,14162334,237
4078,Explicit Undirected,17,14162334,238
4079,Explicit Undirected,17,14162334,239
4080,Explicit Undirected,17,14162334,240
4081,Explicit Undirected,18,14162335,1
4082,Explicit Undirected,18,14162335,2
4083,Explicit Undirected,18,14162335,3
4084,Explicit Undirected,18,14162335,4
4085,Explicit Undirected,18,14162335,5
4086,Explicit Undirected,18,14162335,6
4087,Explicit Undirected,18,14162335,7
4088,Explicit Undirected,18,14162335,8
4089,Explicit Undirected,18,14162335,9
4090,Explicit Undirected,18,14162335,10
4091,Explicit Undirected,18,14162335,11
4092,Explicit Undirected,18,14162335,12
4093,Explicit Undirected,18,14162335,13
4094,Explicit Undirected,18,14162335,14
4095,Explicit Undirected,18,14162335,15
4096,Explicit Undirected,18,14162335,16
4097,Explicit Undirected,18,14162335,17
4098,Explicit Undirected,18,14162335,18
4099,Explicit Undirected,18,14162335,19
4100,Explicit Undirected,18,14162335,20
4101,Explicit Undirected,18,14162335,21
4102,Explicit Undirected,18,14162335,22
4103,Explicit Undirected,18,14162335,23
4104,Explicit Undirected,18,14162335,24
4105,Explicit Undirected,18,14162335,25
4106,Explicit Undirected,18,14162335,26
4107,Explicit Undirected,18,14162335,27
4108,Explicit Undirected,18,14162335,28
4109,Explicit Undirected,18,14162335,29
4110,Explicit Undirected,18,14162335,30
4111,Explicit Undirected,18,14162335,31
4112,Explicit Undirected,18,14162335,32
4113,Explicit Undirected,18,14162335,33
4114,Explicit Undirected,18,14162335,34
4115,Explicit Undirected,18,14162335,35
4116,Explicit Undirected,18,14162335,36
4117,Explicit Undirected,18,14162335,37
4118,Explicit Undirected,18,14162335,38
4119,Explicit Undirected,18,14162335,39
4120,Explicit Undirected,18,14162335,40
4121,Explicit Undirected,18,14162335,41
4122,Explicit Undirected,18,14162335,42
4123,Explicit Undirected,18,14162335,43
4124,Explicit Undirected,18,14162335,44
4125,Explicit Undirected,18,14162335,45
4126,Explicit Undirected,18,14162335,46
4127,Explicit Undirected,18,14162335,47
4128,Explicit Undirected,18,14162335,48
4129,Explicit Undirected,18,14162335,49
4130,Explicit Undirected,18,14162335,50
4131,Explicit Undirected,18,14162335,51
4132,Explicit Undirected,18,14162335,52
4133,Explicit Undirected,18,14162335,53
4134,Explicit Undirected,18,14162335,54
4135,Explicit Undirected,18,14162335,55
4136,Explicit Undirected,18,14162335,56
4137,Explicit Undirected,18,14162335,57
4138,Explicit Undirected,18,14162335,58
4139,Explicit Undirected,18,14162335,59
4140,Explicit Undirected,18,14162335,60
4141,Explicit Undirected,18,14162335,61
4142,Explicit Undirected,18,14162335,62
4143,Explicit Undirected,18,14162335,63
4144,Explicit Undirected,18,14162335,64
4145,Explicit Undirected,18,14162335,65
4146,Explicit Undirected,18,14162335,66
4147,Explicit Undirected,18,14162335,67
4148,Explicit Undirected,18,14162335,68
4149,Explicit Undirected,18,14162335,69
4150,Explicit Undirected,18,14162335,70
4151,Explicit Undirected,18,14162335,71
4152,Explicit Undirected,18,14162335,72
4153,Explicit Undirected,18,14162335,73
4154,Explicit Undirected,18,14162335,74
4155,Explicit Undirected,18,14162335,75
4156,Explicit Undirected,18,14162335,76
4157,Explicit Undirected,18,14162335,77
4158,Explicit Undirected,18,14162335,78
4159,Explicit Undirected,18,14162335,79
4160,Explicit Undirected,18,14162335,80
4161,Explicit Undirected,18,14162335,81
4162,Explicit Undirected,18,14162335,82
4163,Explicit Undirected,18,14162335,83
4164,Explicit Undirected,18,14162335,84
4165,Explicit Undirected,18,14162335,85
4166,Explicit Undirected,18,14162335,86
4167,Explicit Undirected,18,14162335,87
4168,Explicit Undirected,18,14162335,88
4169,Explicit Undirected,18,14162335,89
4170,Explicit Undirected,18,14162335,90
4171,Explicit Undirected,18,14162335,91
4172,Explicit Undirected,18,14162335,92
4173,Explicit Undirected,18,14162335,93
4174,Explicit Undirected,18,14162335,94
4175,Explicit Undirected,18,14162335,95
4176,Explicit Undirected,18,14162335,96
4177,Explicit Undirected,18,14162335,97
4178,Explicit Undirected,18,14162335,98
4179,Explicit Undirected,18,14162335,99
4180,Explicit Undirected,18,14162335,100
4181,Explicit Undirected,18,14162335,101
4182,Explicit Undirected,18,14162335,102
4183,Explicit Undirected,18,14162335,103
4184,Explicit Undirected,18,14162335,104
4185,Explicit Undirected,18,14162335,105
4186,Explicit Undirected,18,14162335,106
4187,Explicit Undirected,18,14162335,107
4188,Explicit Undirected,18,14162335,108
4189,Explicit Undirected,18,14162335,109
4190,Explicit Undirected,18,14162335,110
4191,Explicit Undirected,18,14162335,111
4192,Explicit Undirected,18,14162335,112
4193,Explicit Undirected,18,14162335,113
4194,Explicit Undirected,18,14162335,114
4195,Explicit Undirected,18,14162335,115
4196,Explicit Undirected,18,14162335,116
4197,Explicit Undirected,18,14162335,117
4198,Explicit Undirected,18,14162335,118
4199,Explicit Undirected,18,14162335,119
4200,Explicit Undirected,18,14162335,120
4201,Explicit Undirected,18,14162335,121
4202,Explicit Undirected,18,14162335,122
4203,Explicit Undirected,18,14162335,123
4204,Explicit Undirected,18,14162335,124
4205,Explicit Undirected,18,14162335,125
4206,Explicit Undirected,18,14162335,126
4207,Explicit Undirected,18,14162335,127
4208,Explicit Undirected,18,14162335,128
4209,Explicit Undirected,18,14162335,129
4210,Explicit Undirected,18,14162335,130
4211,Explicit Undirected,18,14162335,131
4212,Explicit Undirected,18,14162335,132
4213,Explicit Undirected,18,14162335,133
4214,Explicit Undirected,18,14162335,134
4215,Explicit Undirected,18,14162335,135
4216,Explicit Undirected,18,14162335,136
4217,Explicit Undirected,18,14162335,137
4218,Explicit Undirected,18,14162335,138
4219,Explicit Undirected,18,14162335,139
4220,Explicit Undirected,18,14162335,140
4221,Explicit Undirected,18,14162335,141
4222,Explicit Undirected,18,14162335,142
4223,Explicit Undirected,18,14162335,143
4224,Explicit Undirected,18,14162335,144
4225,Explicit Undirected,18,14162335,145
4226,Explicit Undirected,18,14162335,146
4227,Explicit Undirected,18,14162335,147
4228,Explicit Undirected,18,14162335,148
4229,Explicit Undirected,18,14162335,149
4230,Explicit Undirected,18,14162335,150
4231,Explicit Undirected,18,14162335,151
4232,Explicit Undirected,18,14162335,152
4233,Explicit Undirected,18,14162335,153
4234,Explicit Undirected,18,14162335,154
4235,Explicit Undirected,18,14162335,155
4236,Explicit Undirected,18,14162335,156
4237,Explicit Undirected,18,14162335,157
4238,Explicit Undirected,18,14162335,158
4239,Explicit Undirected,18,14162335,159
4240,Explicit Undirected,18,14162335,160
4241,Explicit Undirected,18,14162335,161
4242,Explicit Undirected,18,14162335,162
4243,Explicit Undirected,18,14162335,163
4244,Explicit Undirected,18,14162335,164
4245,Explicit Undirected,18,14162335,165
4246,Explicit Undirected,18,14162335,166
4247,Explicit Undirected,18,14162335,167
4248,Explicit Undirected,18,14162335,168
4249,Explicit Undirected,18,14162335,169
4250,Explicit Undirected,18,14162335,170
4251,Explicit Undirected,18,14162335,171
4252,Explicit Undirected,18,14162335,172
4253,Explicit Undirected,18,14162335,173
4254,Explicit Undirected,18,14162335,174
4255,Explicit Undirected,18,14162335,175
4256,Explicit Undirected,18,14162335,176
4257,Explicit Undirected,18,14162335,177
4258,Explicit Undirected,18,14162335,178
4259,Explicit Undirected,18,14162335,179
4260,Explicit Undirected,18,14162335,180
4261,Explicit Undirected,18,14162335,181
4262,Explicit Undirected,18,14162335,182
4263,Explicit Undirected,18,14162335,183
4264,Explicit Undirected,18,14162335,184
4265,Explicit Undirected,18,14162335,185
4266,Explicit Undirected,18,14162335,186
4267,Explicit Undirected,18,14162335,187
4268,Explicit Undirected,18,14162335,188
4269,Explicit Undirected,18,14162335,189
4270,Explicit Undirected,18,14162335,190
4271,Explicit Undirected,18,14162335,191
4272,Explicit Undirected,18,14162335,192
4273,Explicit Undirected,18,14162335,193
4274,Explicit Undirected,18,14162335,194
4275,Explicit Undirected,18,14162335,195
4276,Explicit Undirected,18,14162335,196
4277,Explicit Undirected,18,14162335,197
4278,Explicit Undirected,18,14162335,198
4279,Explicit Undirected,18,14162335,199
4280,Explicit Undirected,18,14162335,200
4281,Explicit Undirected,18,14162335,201
4282,Explicit Undirected,18,14162335,202
4283,Explicit Undirected,18,14162335,203
4284,Explicit Undirected,18,14162335,204
4285,Explicit Undirected,18,14162335,205
4286,Explicit Undirected,18,14162335,206
4287,Explicit Undirected,18,14162335,207
4288,Explicit Undirected,18,14162335,208
4289,Explicit Undirected,18,14162335,209
4290,Explicit Undirected,18,14162335,210
4291,Explicit Undirected,18,14162335,211
4292,Explicit Undirected,18,14162335,212
4293,Explicit Undirected,18,14162335,213
4294,Explicit Undirected,18,14162335,214
4295,Explicit Undirected,18,14162335,215
4296,Explicit Undirected,18,14162335,216
4297,Explicit Undirected,18,14162335,217
4298,Explicit Undirected,18,14162335,218
4299,Explicit Undirected,18,14162335,219
4300,Explicit Undirected,18,14162335,220
4301,Explicit Undirected,18,14162335,221
4302,Explicit Undirected,18,14162335,222
4303,Explicit Undirected,18,14162335,223
4304,Explicit Undirected,18,14162335,224
4305,Explicit Undirected,18,14162335,225
4306,Explicit Undirected,18,14162335,226
4307,Explicit Undirected,18,14162335,227
4308,Explicit Undirected,18,14162335,228
4309,Explicit Undirected,18,14162335,229
4310,Explicit Undirected,18,14162335,230
4311,Explicit Undirected,18,14162335,231
4312,Explicit Undirected,18,14162335,232
4313,Explicit Undirected,18,14162335,233
4314,Explicit Undirected,18,14162335,234
4315,Explicit Undirected,18,14162335,235
4316,Explicit Undirected,18,14162335,236
4317,Explicit Undirected,18,14162335,237
4318,Explicit Undirected,18,14162335,238
4319,Explicit Undirected,18,14162335,239
4320,Explicit Undirected,18,14162335,240
4321,Explicit Undirected,19,14162350,1
4322,Explicit Undirected,19,14162350,2
4323,Explicit Undirected,19,14162350,3
4324,Explicit Undirected,19,14162350,4
4325,Explicit Undirected,19,14162350,5
4326,Explicit Undirected,19,14162350,6
4327,Explicit Undirected,19,14162350,7
4328,Explicit Undirected,19,14162350,8
4329,Explicit Undirected,19,14162350,9
4330,Explicit Undirected,19,14162350,10
4331,Explicit Undirected,19,14162350,11
4332,Explicit Undirected,19,14162350,12
4333,Explicit Undirected,19,14162350,13
4334,Explicit Undirected,19,14162350,14
4335,Explicit Undirected,19,14162350,15
4336,Explicit Undirected,19,14162350,16
4337,Explicit Undirected,19,14162350,17
4338,Explicit Undirected,19,14162350,18
4339,Explicit Undirected,19,14162350,19
4340,Explicit Undirected,19,14162350,20
4341,Explicit Undirected,19,14162350,21
4342,Explicit Undirected,19,14162350,22
4343,Explicit Undirected,19,14162350,23
4344,Explicit Undirected,19,14162350,24
4345,Explicit Undirected,19,14162350,25
4346,Explicit Undirected,19,14162350,26
4347,Explicit Undirected,19,14162350,27
4348,Explicit Undirected,19,14162350,28
4349,Explicit Undirected,19,14162350,29
4350,Explicit Undirected,19,14162350,30
4351,Explicit Undirected,19,14162350,31
4352,Explicit Undirected,19,14162350,32
4353,Explicit Undirected,19,14162350,33
4354,Explicit Undirected,19,14162350,34
4355,Explicit Undirected,19,14162350,35
4356,Explicit Undirected,19,14162350,36
4357,Explicit Undirected,19,14162350,37
4358,Explicit Undirected,19,14162350,38
4359,Explicit Undirected,19,14162350,39
4360,Explicit Undirected,19,14162350,40
4361,Explicit Undirected,19,14162350,41
4362,Explicit Undirected,19,14162350,42
4363,Explicit Undirected,19,14162350,43
4364,Explicit Undirected,19,14162350,44
4365,Explicit Undirected,19,14162350,45
4366,Explicit Undirected,19,14162350,46
4367,Explicit Undirected,19,14162350,47
4368,Explicit Undirected,19,14162350,48
4369,Explicit Undirected,19,14162350,49
4370,Explicit Undirected,19,14162350,50
4371,Explicit Undirected,19,14162350,51
4372,Explicit Undirected,19,14162350,52
4373,Explicit Undirected,19,14162350,53
4374,Explicit Undirected,19,14162350,54
4375,Explicit Undirected,19,14162350,55
4376,Explicit Undirected,19,14162350,56
4377,Explicit Undirected,19,14162350,57
4378,Explicit Undirected,19,14162350,58
4379,Explicit Undirected,19,14162350,59
4380,Explicit Undirected,19,14162350,60
4381,Explicit Undirected,19,14162350,61
4382,Explicit Undirected,19,14162350,62
4383,Explicit Undirected,19,14162350,63
4384,Explicit Undirected,19,14162350,64
4385,Explicit Undirected,19,14162350,65
4386,Explicit Undirected,19,14162350,66
4387,Explicit Undirected,19,14162350,67
4388,Explicit Undirected,19,14162350,68
4389,Explicit Undirected,19,14162350,69
4390,Explicit Undirected,19,14162350,70
4391,Explicit Undirected,19,14162350,71
4392,Explicit Undirected,19,14162350,72
4393,Explicit Undirected,19,14162350,73
4394,Explicit Undirected,19,14162350,74
4395,Explicit Undirected,19,14162350,75
4396,Explicit Undirected,19,14162350,76
4397,Explicit Undirected,19,14162350,77
4398,Explicit Undirected,19,14162350,78
4399,Explicit Undirected,19,14162350,79
4400,Explicit Undirected,19,14162350,80
4401,Explicit Undirected,19,14162350,81
4402,Explicit Undirected,19,14162350,82
4403,Explicit Undirected,19,14162350,83
4404,Explicit Undirected,19,14162350,84
4405,Explicit Undirected,19,14162350,85
4406,Explicit Undirected,19,14162350,86
4407,Explicit Undirected,19,14162350,87
4408,Explicit Undirected,19,14162350,88
4409,Explicit Undirected,19,14162350,89
4410,Explicit Undirected,19,14162350,90
4411,Explicit Undirected,19,14162350,91
4412,Explicit Undirected,19,14162350,92
4413,Explicit Undirected,19,14162350,93
4414,Explicit Undirected,19,14162350,94
4415,Explicit Undirected,19,14162350,95
4416,Explicit Undirected,19,14162350,96
4417,Explicit Undirected,19,14162350,97
4418,Explicit Undirected,19,14162350,98
4419,Explicit Undirected,19,14162350,99
4420,Explicit Undirected,19,14162350,100
4421,Explicit Undirected,19,14162350,101
4422,Explicit Undirected,19,14162350,102
4423,Explicit Undirected,19,14162350,103
4424,Explicit Undirected,19,14162350,104
4425,Explicit Undirected,19,14162350,105
4426,Explicit Undirected,19,14162350,106
4427,Explicit Undirected,19,14162350,107
4428,Explicit Undirected,19,14162350,108
4429,Explicit Undirected,19,14162350,109
4430,Explicit Undirected,19,14162350,110
4431,Explicit Undirected,19,14162350,111
4432,Explicit Undirected,19,14162350,112
4433,Explicit Undirected,19,14162350,113
4434,Explicit Undirected,19,14162350,114
4435,Explicit Undirected,19,14162350,115
4436,Explicit Undirected,19,14162350,116
4437,Explicit Undirected,19,14162350,117
4438,Explicit Undirected,19,14162350,118
4439,Explicit Undirected,19,14162350,119
4440,Explicit Undirected,19,14162350,120
4441,Explicit Undirected,19,14162350,121
4442,Explicit Undirected,19,14162350,122
4443,Explicit Undirected,19,14162350,123
4444,Explicit Undirected,19,14162350,124
4445,Explicit Undirected,19,14162350,125
4446,Explicit Undirected,19,14162350,126
4447,Explicit Undirected,19,14162350,127
4448,Explicit Undirected,19,14162350,128
4449,Explicit Undirected,19,14162350,129
4450,Explicit Undirected,19,14162350,130
4451,Explicit Undirected,19,14162350,131
4452,Explicit Undirected,19,14162350,132
4453,Explicit Undirected,19,14162350,133
4454,Explicit Undirected,19,14162350,134
4455,Explicit Undirected,19,14162350,135
4456,Explicit Undirected,19,14162350,136
4457,Explicit Undirected,19,14162350,137
4458,Explicit Undirected,19,14162350,138
4459,Explicit Undirected,19,14162350,139
4460,Explicit Undirected,19,14162350,140
4461,Explicit Undirected,19,14162350,141
4462,Explicit Undirected,19,14162350,142
4463,Explicit Undirected,19,14162350,143
4464,Explicit Undirected,19,14162350,144
4465,Explicit Undirected,19,14162350,145
4466,Explicit Undirected,19,14162350,146
4467,Explicit Undirected,19,14162350,147
4468,Explicit Undirected,19,14162350,148
4469,Explicit Undirected,19,14162350,149
4470,Explicit Undirected,19,14162350,150
4471,Explicit Undirected,19,14162350,151
4472,Explicit Undirected,19,14162350,152
4473,Explicit Undirected,19,14162350,153
4474,Explicit Undirected,19,14162350,154
4475,Explicit Undirected,19,14162350,155
4476,Explicit Undirected,19,14162350,156
4477,Explicit Undirected,19,14162350,157
4478,Explicit Undirected,19,14162350,158
4479,Explicit Undirected,19,14162350,159
4480,Explicit Undirected,19,14162350,160
4481,Explicit Undirected,19,14162350,161
4482,Explicit Undirected,19,14162350,162
4483,Explicit Undirected,19,14162350,163
4484,Explicit Undirected,19,14162350,164
4485,Explicit Undirected,19,14162350,165
4486,Explicit Undirected,19,14162350,166
4487,Explicit Undirected,19,14162350,167
4488,Explicit Undirected,19,14162350,168
4489,Explicit Undirected,19,14162350,169
4490,Explicit Undirected,19,14162350,170
4491,Explicit Undirected,19,14162350,171
4492,Explicit Undirected,19,14162350,172
4493,Explicit Undirected,19,14162350,173
4494,Explicit Undirected,19,14162350,174
4495,Explicit Undirected,19,14162350,175
4496,Explicit Undirected,19,14162350,176
4497,Explicit Undirected,19,14162350,177
4498,Explicit Undirected,19,14162350,178
4499,Explicit Undirected,19,14162350,179
4500,Explicit Undirected,19,14162350,180
4501,Explicit Undirected,19,14162350,181
4502,Explicit Undirected,19,14162350,182
4503,Explicit Undirected,19,14162350,183
4504,Explicit Undirected,19,14162350,184
4505,Explicit Undirected,19,14162350,185
4506,Explicit Undirected,19,14162350,186
4507,Explicit Undirected,19,14162350,187
4508,Explicit Undirected,19,14162350,188
4509,Explicit Undirected,19,14162350,189
4510,Explicit Undirected,19,14162350,190
4511,Explicit Undirected,19,14162350,191
4512,Explicit Undirected,19,14162350,192
4513,Explicit Undirected,19,14162350,193
4514,Explicit Undirected,19,14162350,194
4515,Explicit Undirected,19,14162350,195
4516,Explicit Undirected,19,14162350,196
4517,Explicit Undirected,19,14162350,197
4518,Explicit Undirected,19,14162350,198
4519,Explicit Undirected,19,14162350,199
4520,Explicit Undirected,19,14162350,200
4521,Explicit Undirected,19,14162350,201
4522,Explicit Undirected,19,14162350,202
4523,Explicit Undirected,19,14162350,203
4524,Explicit Undirected,19,14162350,204
4525,Explicit Undirected,19,14162350,205
4526,Explicit Undirected,19,14162350,206
4527,Explicit Undirected,19,14162350,207
4528,Explicit Undirected,19,14162350,208
4529,Explicit Undirected,19,14162350,209
4530,Explicit Undirected,19,14162350,210
4531,Explicit Undirected,19,14162350,211
4532,Explicit Undirected,19,14162350,212
4533,Explicit Undirected,19,14162350,213
4534,Explicit Undirected,19,14162350,214
4535,Explicit Undirected,19,14162350,215
4536,Explicit Undirected,19,14162350,216
4537,Explicit Undirected,19,14162350,217
4538,Explicit Undirected,19,14162350,218
4539,Explicit Undirected,19,14162350,219
4540,Explicit Undirected,19,14162350,220
4541,Explicit Undirected,19,14162350,221
4542,Explicit Undirected,19,14162350,222
4543,Explicit Undirected,19,14162350,223
4544,Explicit Undirected,19,14162350,224
4545,Explicit Undirected,19,14162350,225
4546,Explicit Undirected,19,14162350,226
4547,Explicit Undirected,19,14162350,227
4548,Explicit Undirected,19,14162350,228
4549,Explicit Undirected,19,14162350,229
4550,Explicit Undirected,19,14162350,230
4551,Explicit Undirected,19,14162350,231
4552,Explicit Undirected,19,14162350,232
4553,Explicit Undirected,19,14162350,233
4554,Explicit Undirected,19,14162350,234
4555,Explicit Undirected,19,14162350,235
4556,Explicit Undirected,19,14162350,236
4557,Explicit Undirected,19,14162350,237
4558,Explicit Undirected,19,14162350,238
4559,Explicit Undirected,19,14162350,239
4560,Explicit Undirected,19,14162350,240
4561,Explicit Undirected,20,14162386,1
4562,Explicit Undirected,20,14162386,2
4563,Explicit Undirected,20,14162386,3
4564,Explicit Undirected,20,14162386,4
4565,Explicit Undirected,20,14162386,5
4566,Explicit Undirected,20,14162386,6
4567,Explicit Undirected,20,14162386,7
4568,Explicit Undirected,20,14162386,8
4569,Explicit Undirected,20,14162386,9
4570,Explicit Undirected,20,14162386,10
4571,Explicit Undirected,20,14162386,11
4572,Explicit Undirected,20,14162386,12
4573,Explicit Undirected,20,14162386,13
4574,Explicit Undirected,20,14162386,14
4575,Explicit Undirected,20,14162386,15
4576,Explicit Undirected,20,14162386,16
4577,Explicit Undirected,20,14162386,17
4578,Explicit Undirected,20,14162386,18
4579,Explicit Undirected,20,14162386,19
4580,Explicit Undirected,20,14162386,20
4581,Explicit Undirected,20,14162386,21
4582,Explicit Undirected,20,14162386,22
4583,Explicit Undirected,20,14162386,23
4584,Explicit Undirected,20,14162386,24
4585,Explicit Undirected,20,14162386,25
4586,Explicit Undirected,20,14162386,26
4587,Explicit Undirected,20,14162386,27
4588,Explicit Undirected,20,14162386,28
4589,Explicit Undirected,20,14162386,29
4590,Explicit Undirected,20,14162386,30
4591,Explicit Undirected,20,14162386,31
4592,Explicit Undirected,20,14162386,32
4593,Explicit Undirected,20,14162386,33
4594,Explicit Undirected,20,14162386,34
4595,Explicit Undirected,20,14162386,35
4596,Explicit Undirected,20,14162386,36
4597,Explicit Undirected,20,14162386,37
4598,Explicit Undirected,20,14162386,38
4599,Explicit Undirected,20,14162386,39
4600,Explicit Undirected,20,14162386,40
4601,Explicit Undirected,20,14162386,41
4602,Explicit Undirected,20,14162386,42
4603,Explicit Undirected,20,14162386,43
4604,Explicit Undirected,20,14162386,44
4605,Explicit Undirected,20,14162386,45
4606,Explicit Undirected,20,14162386,46
4607,Explicit Undirected,20,14162386,47
4608,Explicit Undirected,20,14162386,48
4609,Explicit Undirected,20,14162386,49
4610,Explicit Undirected,20,14162386,50
4611,Explicit Undirected,20,14162386,51
4612,Explicit Undirected,20,14162386,52
4613,Explicit Undirected,20,14162386,53
4614,Explicit Undirected,20,14162386,54
4615,Explicit Undirected,20,14162386,55
4616,Explicit Undirected,20,14162386,56
4617,Explicit Undirected,20,14162386,57
4618,Explicit Undirected,20,14162386,58
4619,Explicit Undirected,20,14162386,59
4620,Explicit Undirected,20,14162386,60
4621,Explicit Undirected,20,14162386,61
4622,Explicit Undirected,20,14162386,62
4623,Explicit Undirected,20,14162386,63
4624,Explicit Undirected,20,14162386,64
4625,Explicit Undirected,20,14162386,65
4626,Explicit Undirected,20,14162386,66
4627,Explicit Undirected,20,14162386,67
4628,Explicit Undirected,20,14162386,68
4629,Explicit Undirected,20,14162386,69
4630,Explicit Undirected,20,14162386,70
4631,Explicit Undirected,20,14162386,71
4632,Explicit Undirected,20,14162386,72
4633,Explicit Undirected,20,14162386,73
4634,Explicit Undirected,20,14162386,74
4635,Explicit Undirected,20,14162386,75
4636,Explicit Undirected,20,14162386,76
4637,Explicit Undirected,20,14162386,77
4638,Explicit Undirected,20,14162386,78
4639,Explicit Undirected,20,14162386,79
4640,Explicit Undirected,20,14162386,80
4641,Explicit Undirected,20,14162386,81
4642,Explicit Undirected,20,14162386,82
4643,Explicit Undirected,20,14162386,83
4644,Explicit Undirected,20,14162386,84
4645,Explicit Undirected,20,14162386,85
4646,Explicit Undirected,20,14162386,86
4647,Explicit Undirected,20,14162386,87
4648,Explicit Undirected,20,14162386,88
4649,Explicit Undirected,20,14162386,89
4650,Explicit Undirected,20,14162386,90
4651,Explicit Undirected,20,14162386,91
4652,Explicit Undirected,20,14162386,92
4653,Explicit Undirected,20,14162386,93
4654,Explicit Undirected,20,14162386,94
4655,Explicit Undirected,20,14162386,95
4656,Explicit Undirected,20,14162386,96
4657,Explicit Undirected,20,14162386,97
4658,Explicit Undirected,20,14162386,98
4659,Explicit Undirected,20,14162386,99
4660,Explicit Undirected,20,14162386,100
4661,Explicit Undirected,20,14162386,101
4662,Explicit Undirected,20,14162386,102
4663,Explicit Undirected,20,14162386,103
4664,Explicit Undirected,20,14162386,104
4665,Explicit Undirected,20,14162386,105
4666,Explicit Undirected,20,14162386,106
4667,Explicit Undirected,20,14162386,107
4668,Explicit Undirected,20,14162386,108
4669,Explicit Undirected,20,14162386,109
4670,Explicit Undirected,20,14162386,110
4671,Explicit Undirected,20,14162386,111
4672,Explicit Undirected,20,14162386,112
4673,Explicit Undirected,20,14162386,113
4674,Explicit Undirected,20,14162386,114
4675,Explicit Undirected,20,14162386,115
4676,Explicit Undirected,20,14162386,116
4677,Explicit Undirected,20,14162386,117
4678,Explicit Undirected,20,14162386,118
4679,Explicit Undirected,20,14162386,119
4680,Explicit Undirected,20,14162386,120
4681,Explicit Undirected,20,14162386,121
4682,Explicit Undirected,20,14162386,122
4683,Explicit Undirected,20,14162386,123
4684,Explicit Undirected,20,14162386,124
4685,Explicit Undirected,20,14162386,125
4686,Explicit Undirected,20,14162386,126
4687,Explicit Undirected,20,14162386,127
4688,Explicit Undirected,20,14162386,128
4689,Explicit Undirected,20,14162386,129
4690,Explicit Undirected,20,14162386,130
4691,Explicit Undirected,20,14162386,131
4692,Explicit Undirected,20,14162386,132
4693,Explicit Undirected,20,14162386,133
4694,Explicit Undirected,20,14162386,134
4695,Explicit Undirected,20,14162386,135
4696,Explicit Undirected,20,14162386,136
4697,Explicit Undirected,20,14162386,137
4698,Explicit Undirected,20,14162386,138
4699,Explicit Undirected,20,14162386,139
4700,Explicit Undirected,20,14162386,140
4701,Explicit Undirected,20,14162386,141
4702,Explicit Undirected,20,14162386,142
4703,Explicit Undirected,20,14162386,143
4704,Explicit Undirected,20,14162386,144
4705,Explicit Undirected,20,14162386,145
4706,Explicit Undirected,20,14162386,146
4707,Explicit Undirected,20,14162386,147
4708,Explicit Undirected,20,14162386,148
4709,Explicit Undirected,20,14162386,149
4710,Explicit Undirected,20,14162386,150
4711,Explicit Undirected,20,14162386,151
4712,Explicit Undirected,20,14162386,152
4713,Explicit Undirected,20,14162386,153
4714,Explicit Undirected,20,14162386,154
4715,Explicit Undirected,20,14162386,155
4716,Explicit Undirected,20,14162386,156
4717,Explicit Undirected,20,14162386,157
4718,Explicit Undirected,20,14162386,158
4719,Explicit Undirected,20,14162386,159
4720,Explicit Undirected,20,14162386,160
4721,Explicit Undirected,20,14162386,161
4722,Explicit Undirected,20,14162386,162
4723,Explicit Undirected,20,14162386,163
4724,Explicit Undirected,20,14162386,164
4725,Explicit Undirected,20,14162386,165
4726,Explicit Undirected,20,14162386,166
4727,Explicit Undirected,20,14162386,167
4728,Explicit Undirected,20,14162386,168
4729,Explicit Undirected,20,14162386,169
4730,Explicit Undirected,20,14162386,170
4731,Explicit Undirected,20,14162386,171
4732,Explicit Undirected,20,14162386,172
4733,Explicit Undirected,20,14162386,173
4734,Explicit Undirected,20,14162386,174
4735,Explicit Undirected,20,14162386,175
4736,Explicit Undirected,20,14162386,176
4737,Explicit Undirected,20,14162386,177
4738,Explicit Undirected,20,14162386,178
4739,Explicit Undirected,20,14162386,179
4740,Explicit Undirected,20,14162386,180
4741,Explicit Undirected,20,14162386,181
4742,Explicit Undirected,20,14162386,182
4743,Explicit Undirected,20,14162386,183
4744,Explicit Undirected,20,14162386,184
4745,Explicit Undirected,20,14162386,185
4746,Explicit Undirected,20,14162386,186
4747,Explicit Undirected,20,14162386,187
4748,Explicit Undirected,20,14162386,188
4749,Explicit Undirected,20,14162386,189
4750,Explicit Undirected,20,14162386,190
4751,Explicit Undirected,20,14162386,191
4752,Explicit Undirected,20,14162386,192
4753,Explicit Undirected,20,14162386,193
4754,Explicit Undirected,20,14162386,194
4755,Explicit Undirected,20,14162386,195
4756,Explicit Undirected,20,14162386,196
4757,Explicit Undirected,20,14162386,197
4758,Explicit Undirected,20,14162386,198
4759,Explicit Undirected,20,14162386,199
4760,Explicit Undirected,20,14162386,200
4761,Explicit Undirected,20,14162386,201
4762,Explicit Undirected,20,14162386,202
4763,Explicit Undirected,20,14162386,203
4764,Explicit Undirected,20,14162386,204
4765,Explicit Undirected,20,14162386,205
4766,Explicit Undirected,20,14162386,206
4767,Explicit Undirected,20,14162386,207
4768,Explicit Undirected,20,14162386,208
4769,Explicit Undirected,20,14162386,209
4770,Explicit Undirected,20,14162386,210
4771,Explicit Undirected,20,14162386,211
4772,Explicit Undirected,20,14162386,212
4773,Explicit Undirected,20,14162386,213
4774,Explicit Undirected,20,14162386,214
4775,Explicit Undirected,20,14162386,215
4776,Explicit Undirected,20,14162386,216
4777,Explicit Undirected,20,14162386,217
4778,Explicit Undirected,20,14162386,218
4779,Explicit Undirected,20,14162386,219
4780,Explicit Undirected,20,14162386,220
4781,Explicit Undirected,20,14162386,221
4782,Explicit Undirected,20,14162386,222
4783,Explicit Undirected,20,14162386,223
4784,Explicit Undirected,20,14162386,224
4785,Explicit Undirected,20,14162386,225
4786,Explicit Undirected,20,14162386,226
4787,Explicit Undirected,20,14162386,227
4788,Explicit Undirected,20,14162386,228
4789,Explicit Undirected,20,14162386,229
4790,Explicit Undirected,20,14162386,230
4791,Explicit Undirected,20,14162386,231
4792,Explicit Undirected,20,14162386,232
4793,Explicit Undirected,20,14162386,233
4794,Explicit Undirected,20,14162386,234
4795,Explicit Undirected,20,14162386,235
4796,Explicit Undirected,20,14162386,236
4797,Explicit Undirected,20,14162386,237
4798,Explicit Undirected,20,14162386,238
4799,Explicit Undirected,20,14162386,239
4800,Explicit Undirected,20,14162386,240
4801,Explicit Undirected,21,14162394,1
4802,Explicit Undirected,21,14162394,2
4803,Explicit Undirected,21,14162394,3
4804,Explicit Undirected,21,14162394,4
4805,Explicit Undirected,21,14162394,5
4806,Explicit Undirected,21,14162394,6
4807,Explicit Undirected,21,14162394,7
4808,Explicit Undirected,21,14162394,8
4809,Explicit Undirected,21,14162394,9
4810,Explicit Undirected,21,14162394,10
4811,Explicit Undirected,21,14162394,11
4812,Explicit Undirected,21,14162394,12
4813,Explicit Undirected,21,14162394,13
4814,Explicit Undirected,21,14162394,14
4815,Explicit Undirected,21,14162394,15
4816,Explicit Undirected,21,14162394,16
4817,Explicit Undirected,21,14162394,17
4818,Explicit Undirected,21,14162394,18
4819,Explicit Undirected,21,14162394,19
4820,Explicit Undirected,21,14162394,20
4821,Explicit Undirected,21,14162394,21
4822,Explicit Undirected,21,14162394,22
4823,Explicit Undirected,21,14162394,23
4824,Explicit Undirected,21,14162394,24
4825,Explicit Undirected,21,14162394,25
4826,Explicit Undirected,21,14162394,26
4827,Explicit Undirected,21,14162394,27
4828,Explicit Undirected,21,14162394,28
4829,Explicit Undirected,21,14162394,29
4830,Explicit Undirected,21,14162394,30
4831,Explicit Undirected,21,14162394,31
4832,Explicit Undirected,21,14162394,32
4833,Explicit Undirected,21,14162394,33
4834,Explicit Undirected,21,14162394,34
4835,Explicit Undirected,21,14162394,35
4836,Explicit Undirected,21,14162394,36
4837,Explicit Undirected,21,14162394,37
4838,Explicit Undirected,21,14162394,38
4839,Explicit Undirected,21,14162394,39
4840,Explicit Undirected,21,14162394,40
4841,Explicit Undirected,21,14162394,41
4842,Explicit Undirected,21,14162394,42
4843,Explicit Undirected,21,14162394,43
4844,Explicit Undirected,21,14162394,44
4845,Explicit Undirected,21,14162394,45
4846,Explicit Undirected,21,14162394,46
4847,Explicit Undirected,21,14162394,47
4848,Explicit Undirected,21,14162394,48
4849,Explicit Undirected,21,14162394,49
4850,Explicit Undirected,21,14162394,50
4851,Explicit Undirected,21,14162394,51
4852,Explicit Undirected,21,14162394,52
4853,Explicit Undirected,21,14162394,53
4854,Explicit Undirected,21,14162394,54
4855,Explicit Undirected,21,14162394,55
4856,Explicit Undirected,21,14162394,56
4857,Explicit Undirected,21,14162394,57
4858,Explicit Undirected,21,14162394,58
4859,Explicit Undirected,21,14162394,59
4860,Explicit Undirected,21,14162394,60
4861,Explicit Undirected,21,14162394,61
4862,Explicit Undirected,21,14162394,62
4863,Explicit Undirected,21,14162394,63
4864,Explicit Undirected,21,14162394,64
4865,Explicit Undirected,21,14162394,65
4866,Explicit Undirected,21,14162394,66
4867,Explicit Undirected,21,14162394,67
4868,Explicit Undirected,21,14162394,68
4869,Explicit Undirected,21,14162394,69
4870,Explicit Undirected,21,14162394,70
4871,Explicit Undirected,21,14162394,71
4872,Explicit Undirected,21,14162394,72
4873,Explicit Undirected,21,14162394,73
4874,Explicit Undirected,21,14162394,74
4875,Explicit Undirected,21,14162394,75
4876,Explicit Undirected,21,14162394,76
4877,Explicit Undirected,21,14162394,77
4878,Explicit Undirected,21,14162394,78
4879,Explicit Undirected,21,14162394,79
4880,Explicit Undirected,21,14162394,80
4881,Explicit Undirected,21,14162394,81
4882,Explicit Undirected,21,14162394,82
4883,Explicit Undirected,21,14162394,83
4884,Explicit Undirected,21,14162394,84
4885,Explicit Undirected,21,14162394,85
4886,Explicit Undirected,21,14162394,86
4887,Explicit Undirected,21,14162394,87
4888,Explicit Undirected,21,14162394,88
4889,Explicit Undirected,21,14162394,89
4890,Explicit Undirected,21,14162394,90
4891,Explicit Undirected,21,14162394,91
4892,Explicit Undirected,21,14162394,92
4893,Explicit Undirected,21,14162394,93
4894,Explicit Undirected,21,14162394,94
4895,Explicit Undirected,21,14162394,95
4896,Explicit Undirected,21,14162394,96
4897,Explicit Undirected,21,14162394,97
4898,Explicit Undirected,21,14162394,98
4899,Explicit Undirected,21,14162394,99
4900,Explicit Undirected,21,14162394,100
4901,Explicit Undirected,21,14162394,101
4902,Explicit Undirected,21,14162394,102
4903,Explicit Undirected,21,14162394,103
4904,Explicit Undirected,21,14162394,104
4905,Explicit Undirected,21,14162394,105
4906,Explicit Undirected,21,14162394,106
4907,Explicit Undirected,21,14162394,107
4908,Explicit Undirected,21,14162394,108
4909,Explicit Undirected,21,14162394,109
4910,Explicit Undirected,21,14162394,110
4911,Explicit Undirected,21,14162394,111
4912,Explicit Undirected,21,14162394,112
4913,Explicit Undirected,21,14162394,113
4914,Explicit Undirected,21,14162394,114
4915,Explicit Undirected,21,14162394,115
4916,Explicit Undirected,21,14162394,116
4917,Explicit Undirected,21,14162394,117
4918,Explicit Undirected,21,14162394,118
4919,Explicit Undirected,21,14162394,119
4920,Explicit Undirected,21,14162394,120
4921,Explicit Undirected,21,14162394,121
4922,Explicit Undirected,21,14162394,122
4923,Explicit Undirected,21,14162394,123
4924,Explicit Undirected,21,14162394,124
4925,Explicit Undirected,21,14162394,125
4926,Explicit Undirected,21,14162394,126
4927,Explicit Undirected,21,14162394,127
4928,Explicit Undirected,21,14162394,128
4929,Explicit Undirected,21,14162394,129
4930,Explicit Undirected,21,14162394,130
4931,Explicit Undirected,21,14162394,131
4932,Explicit Undirected,21,14162394,132
4933,Explicit Undirected,21,14162394,133
4934,Explicit Undirected,21,14162394,134
4935,Explicit Undirected,21,14162394,135
4936,Explicit Undirected,21,14162394,136
4937,Explicit Undirected,21,14162394,137
4938,Explicit Undirected,21,14162394,138
4939,Explicit Undirected,21,14162394,139
4940,Explicit Undirected,21,14162394,140
4941,Explicit Undirected,21,14162394,141
4942,Explicit Undirected,21,14162394,142
4943,Explicit Undirected,21,14162394,143
4944,Explicit Undirected,21,14162394,144
4945,Explicit Undirected,21,14162394,145
4946,Explicit Undirected,21,14162394,146
4947,Explicit Undirected,21,14162394,147
4948,Explicit Undirected,21,14162394,148
4949,Explicit Undirected,21,14162394,149
4950,Explicit Undirected,21,14162394,150
4951,Explicit Undirected,21,14162394,151
4952,Explicit Undirected,21,14162394,152
4953,Explicit Undirected,21,14162394,153
4954,Explicit Undirected,21,14162394,154
4955,Explicit Undirected,21,14162394,155
4956,Explicit Undirected,21,14162394,156
4957,Explicit Undirected,21,14162394,157
4958,Explicit Undirected,21,14162394,158
4959,Explicit Undirected,21,14162394,159
4960,Explicit Undirected,21,14162394,160
4961,Explicit Undirected,21,14162394,161
4962,Explicit Undirected,21,14162394,162
4963,Explicit Undirected,21,14162394,163
4964,Explicit Undirected,21,14162394,164
4965,Explicit Undirected,21,14162394,165
4966,Explicit Undirected,21,14162394,166
4967,Explicit Undirected,21,14162394,167
4968,Explicit Undirected,21,14162394,168
4969,Explicit Undirected,21,14162394,169
4970,Explicit Undirected,21,14162394,170
4971,Explicit Undirected,21,14162394,171
4972,Explicit Undirected,21,14162394,172
4973,Explicit Undirected,21,14162394,173
4974,Explicit Undirected,21,14162394,174
4975,Explicit Undirected,21,14162394,175
4976,Explicit Undirected,21,14162394,176
4977,Explicit Undirected,21,14162394,177
4978,Explicit Undirected,21,14162394,178
4979,Explicit Undirected,21,14162394,179
4980,Explicit Undirected,21,14162394,180
4981,Explicit Undirected,21,14162394,181
4982,Explicit Undirected,21,14162394,182
4983,Explicit Undirected,21,14162394,183
4984,Explicit Undirected,21,14162394,184
4985,Explicit Undirected,21,14162394,185
4986,Explicit Undirected,21,14162394,186
4987,Explicit Undirected,21,14162394,187
4988,Explicit Undirected,21,14162394,188
4989,Explicit Undirected,21,14162394,189
4990,Explicit Undirected,21,14162394,190
4991,Explicit Undirected,21,14162394,191
4992,Explicit Undirected,21,14162394,192
4993,Explicit Undirected,21,14162394,193
4994,Explicit Undirected,21,14162394,194
4995,Explicit Undirected,21,14162394,195
4996,Explicit Undirected,21,14162394,196
4997,Explicit Undirected,21,14162394,197
4998,Explicit Undirected,21,14162394,198
4999,Explicit Undirected,21,14162394,199
5000,Explicit Undirected,21,14162394,200
5001,Explicit Undirected,21,14162394,201
5002,Explicit Undirected,21,14162394,202
5003,Explicit Undirected,21,14162394,203
5004,Explicit Undirected,21,14162394,204
5005,Explicit Undirected,21,14162394,205
5006,Explicit Undirected,21,14162394,206
5007,Explicit Undirected,21,14162394,207
5008,Explicit Undirected,21,14162394,208
5009,Explicit Undirected,21,14162394,209
5010,Explicit Undirected,21,14162394,210
5011,Explicit Undirected,21,14162394,211
5012,Explicit Undirected,21,14162394,212
5013,Explicit Undirected,21,14162394,213
5014,Explicit Undirected,21,14162394,214
5015,Explicit Undirected,21,14162394,215
5016,Explicit Undirected,21,14162394,216
5017,Explicit Undirected,21,14162394,217
5018,Explicit Undirected,21,14162394,218
5019,Explicit Undirected,21,14162394,219
5020,Explicit Undirected,21,14162394,220
5021,Explicit Undirected,21,14162394,221
5022,Explicit Undirected,21,14162394,222
5023,Explicit Undirected,21,14162394,223
5024,Explicit Undirected,21,14162394,224
5025,Explicit Undirected,21,14162394,225
5026,Explicit Undirected,21,14162394,226
5027,Explicit Undirected,21,14162394,227
5028,Explicit Undirected,21,14162394,228
5029,Explicit Undirected,21,14162394,229
5030,Explicit Undirected,21,14162394,230
5031,Explicit Undirected,21,14162394,231
5032,Explicit Undirected,21,14162394,232
5033,Explicit Undirected,21,14162394,233
5034,Explicit Undirected,21,14162394,234
5035,Explicit Undirected,21,14162394,235
5036,Explicit Undirected,21,14162394,236
5037,Explicit Undirected,21,14162394,237
5038,Explicit Undirected,21,14162394,238
5039,Explicit Undirected,21,14162394,239
5040,Explicit Undirected,21,14162394,240
5041,Explicit Undirected,22,14162428,1
5042,Explicit Undirected,22,14162428,2
5043,Explicit Undirected,22,14162428,3
5044,Explicit Undirected,22,14162428,4
5045,Explicit Undirected,22,14162428,5
5046,Explicit Undirected,22,14162428,6
5047,Explicit Undirected,22,14162428,7
5048,Explicit Undirected,22,14162428,8
5049,Explicit Undirected,22,14162428,9
5050,Explicit Undirected,22,14162428,10
5051,Explicit Undirected,22,14162428,11
5052,Explicit Undirected,22,14162428,12
5053,Explicit Undirected,22,14162428,13
5054,Explicit Undirected,22,14162428,14
5055,Explicit Undirected,22,14162428,15
5056,Explicit Undirected,22,14162428,16
5057,Explicit Undirected,22,14162428,17
5058,Explicit Undirected,22,14162428,18
5059,Explicit Undirected,22,14162428,19
5060,Explicit Undirected,22,14162428,20
5061,Explicit Undirected,22,14162428,21
5062,Explicit Undirected,22,14162428,22
5063,Explicit Undirected,22,14162428,23
5064,Explicit Undirected,22,14162428,24
5065,Explicit Undirected,22,14162428,25
5066,Explicit Undirected,22,14162428,26
5067,Explicit Undirected,22,14162428,27
5068,Explicit Undirected,22,14162428,28
5069,Explicit Undirected,22,14162428,29
5070,Explicit Undirected,22,14162428,30
5071,Explicit Undirected,22,14162428,31
5072,Explicit Undirected,22,14162428,32
5073,Explicit Undirected,22,14162428,33
5074,Explicit Undirected,22,14162428,34
5075,Explicit Undirected,22,14162428,35
5076,Explicit Undirected,22,14162428,36
5077,Explicit Undirected,22,14162428,37
5078,Explicit Undirected,22,14162428,38
5079,Explicit Undirected,22,14162428,39
5080,Explicit Undirected,22,14162428,40
5081,Explicit Undirected,22,14162428,41
5082,Explicit Undirected,22,14162428,42
5083,Explicit Undirected,22,14162428,43
5084,Explicit Undirected,22,14162428,44
5085,Explicit Undirected,22,14162428,45
5086,Explicit Undirected,22,14162428,46
5087,Explicit Undirected,22,14162428,47
5088,Explicit Undirected,22,14162428,48
5089,Explicit Undirected,22,14162428,49
5090,Explicit Undirected,22,14162428,50
5091,Explicit Undirected,22,14162428,51
5092,Explicit Undirected,22,14162428,52
5093,Explicit Undirected,22,14162428,53
5094,Explicit Undirected,22,14162428,54
5095,Explicit Undirected,22,14162428,55
5096,Explicit Undirected,22,14162428,56
5097,Explicit Undirected,22,14162428,57
5098,Explicit Undirected,22,14162428,58
5099,Explicit Undirected,22,14162428,59
5100,Explicit Undirected,22,14162428,60
5101,Explicit Undirected,22,14162428,61
5102,Explicit Undirected,22,14162428,62
5103,Explicit Undirected,22,14162428,63
5104,Explicit Undirected,22,14162428,64
5105,Explicit Undirected,22,14162428,65
5106,Explicit Undirected,22,14162428,66
5107,Explicit Undirected,22,14162428,67
5108,Explicit Undirected,22,14162428,68
5109,Explicit Undirected,22,14162428,69
5110,Explicit Undirected,22,14162428,70
5111,Explicit Undirected,22,14162428,71
5112,Explicit Undirected,22,14162428,72
5113,Explicit Undirected,22,14162428,73
5114,Explicit Undirected,22,14162428,74
5115,Explicit Undirected,22,14162428,75
5116,Explicit Undirected,22,14162428,76
5117,Explicit Undirected,22,14162428,77
5118,Explicit Undirected,22,14162428,78
5119,Explicit Undirected,22,14162428,79
5120,Explicit Undirected,22,14162428,80
5121,Explicit Undirected,22,14162428,81
5122,Explicit Undirected,22,14162428,82
5123,Explicit Undirected,22,14162428,83
5124,Explicit Undirected,22,14162428,84
5125,Explicit Undirected,22,14162428,85
5126,Explicit Undirected,22,14162428,86
5127,Explicit Undirected,22,14162428,87
5128,Explicit Undirected,22,14162428,88
5129,Explicit Undirected,22,14162428,89
5130,Explicit Undirected,22,14162428,90
5131,Explicit Undirected,22,14162428,91
5132,Explicit Undirected,22,14162428,92
5133,Explicit Undirected,22,14162428,93
5134,Explicit Undirected,22,14162428,94
5135,Explicit Undirected,22,14162428,95
5136,Explicit Undirected,22,14162428,96
5137,Explicit Undirected,22,14162428,97
5138,Explicit Undirected,22,14162428,98
5139,Explicit Undirected,22,14162428,99
5140,Explicit Undirected,22,14162428,100
5141,Explicit Undirected,22,14162428,101
5142,Explicit Undirected,22,14162428,102
5143,Explicit Undirected,22,14162428,103
5144,Explicit Undirected,22,14162428,104
5145,Explicit Undirected,22,14162428,105
5146,Explicit Undirected,22,14162428,106
5147,Explicit Undirected,22,14162428,107
5148,Explicit Undirected,22,14162428,108
5149,Explicit Undirected,22,14162428,109
5150,Explicit Undirected,22,14162428,110
5151,Explicit Undirected,22,14162428,111
5152,Explicit Undirected,22,14162428,112
5153,Explicit Undirected,22,14162428,113
5154,Explicit Undirected,22,14162428,114
5155,Explicit Undirected,22,14162428,115
5156,Explicit Undirected,22,14162428,116
5157,Explicit Undirected,22,14162428,117
5158,Explicit Undirected,22,14162428,118
5159,Explicit Undirected,22,14162428,119
5160,Explicit Undirected,22,14162428,120
5161,Explicit Undirected,22,14162428,121
5162,Explicit Undirected,22,14162428,122
5163,Explicit Undirected,22,14162428,123
5164,Explicit Undirected,22,14162428,124
5165,Explicit Undirected,22,14162428,125
5166,Explicit Undirected,22,14162428,126
5167,Explicit Undirected,22,14162428,127
5168,Explicit Undirected,22,14162428,128
5169,Explicit Undirected,22,14162428,129
5170,Explicit Undirected,22,14162428,130
5171,Explicit Undirected,22,14162428,131
5172,Explicit Undirected,22,14162428,132
5173,Explicit Undirected,22,14162428,133
5174,Explicit Undirected,22,14162428,134
5175,Explicit Undirected,22,14162428,135
5176,Explicit Undirected,22,14162428,136
5177,Explicit Undirected,22,14162428,137
5178,Explicit Undirected,22,14162428,138
5179,Explicit Undirected,22,14162428,139
5180,Explicit Undirected,22,14162428,140
5181,Explicit Undirected,22,14162428,141
5182,Explicit Undirected,22,14162428,142
5183,Explicit Undirected,22,14162428,143
5184,Explicit Undirected,22,14162428,144
5185,Explicit Undirected,22,14162428,145
5186,Explicit Undirected,22,14162428,146
5187,Explicit Undirected,22,14162428,147
5188,Explicit Undirected,22,14162428,148
5189,Explicit Undirected,22,14162428,149
5190,Explicit Undirected,22,14162428,150
5191,Explicit Undirected,22,14162428,151
5192,Explicit Undirected,22,14162428,152
5193,Explicit Undirected,22,14162428,153
5194,Explicit Undirected,22,14162428,154
5195,Explicit Undirected,22,14162428,155
5196,Explicit Undirected,22,14162428,156
5197,Explicit Undirected,22,14162428,157
5198,Explicit Undirected,22,14162428,158
5199,Explicit Undirected,22,14162428,159
5200,Explicit Undirected,22,14162428,160
5201,Explicit Undirected,22,14162428,161
5202,Explicit Undirected,22,14162428,162
5203,Explicit Undirected,22,14162428,163
5204,Explicit Undirected,22,14162428,164
5205,Explicit Undirected,22,14162428,165
5206,Explicit Undirected,22,14162428,166
5207,Explicit Undirected,22,14162428,167
5208,Explicit Undirected,22,14162428,168
5209,Explicit Undirected,22,14162428,169
5210,Explicit Undirected,22,14162428,170
5211,Explicit Undirected,22,14162428,171
5212,Explicit Undirected,22,14162428,172
5213,Explicit Undirected,22,14162428,173
5214,Explicit Undirected,22,14162428,174
5215,Explicit Undirected,22,14162428,175
5216,Explicit Undirected,22,14162428,176
5217,Explicit Undirected,22,14162428,177
5218,Explicit Undirected,22,14162428,178
5219,Explicit Undirected,22,14162428,179
5220,Explicit Undirected,22,14162428,180
5221,Explicit Undirected,22,14162428,181
5222,Explicit Undirected,22,14162428,182
5223,Explicit Undirected,22,14162428,183
5224,Explicit Undirected,22,14162428,184
5225,Explicit Undirected,22,14162428,185
5226,Explicit Undirected,22,14162428,186
5227,Explicit Undirected,22,14162428,187
5228,Explicit Undirected,22,14162428,188
5229,Explicit Undirected,22,14162428,189
5230,Explicit Undirected,22,14162428,190
5231,Explicit Undirected,22,14162428,191
5232,Explicit Undirected,22,14162428,192
5233,Explicit Undirected,22,14162428,193
5234,Explicit Undirected,22,14162428,194
5235,Explicit Undirected,22,14162428,195
5236,Explicit Undirected,22,14162428,196
5237,Explicit Undirected,22,14162428,197
5238,Explicit Undirected,22,14162428,198
5239,Explicit Undirected,22,14162428,199
5240,Explicit Undirected,22,14162428,200
5241,Explicit Undirected,22,14162428,201
5242,Explicit Undirected,22,14162428,202
5243,Explicit Undirected,22,14162428,203
5244,Explicit Undirected,22,14162428,204
5245,Explicit Undirected,22,14162428,205
5246,Explicit Undirected,22,14162428,206
5247,Explicit Undirected,22,14162428,207
5248,Explicit Undirected,22,14162428,208
5249,Explicit Undirected,22,14162428,209
5250,Explicit Undirected,22,14162428,210
5251,Explicit Undirected,22,14162428,211
5252,Explicit Undirected,22,14162428,212
5253,Explicit Undirected,22,14162428,213
5254,Explicit Undirected,22,14162428,214
5255,Explicit Undirected,22,14162428,215
5256,Explicit Undirected,22,14162428,216
5257,Explicit Undirected,22,14162428,217
5258,Explicit Undirected,22,14162428,218
5259,Explicit Undirected,22,14162428,219
5260,Explicit Undirected,22,14162428,220
5261,Explicit Undirected,22,14162428,221
5262,Explicit Undirected,22,14162428,222
5263,Explicit Undirected,22,14162428,223
5264,Explicit Undirected,22,14162428,224
5265,Explicit Undirected,22,14162428,225
5266,Explicit Undirected,22,14162428,226
5267,Explicit Undirected,22,14162428,227
5268,Explicit Undirected,22,14162428,228
5269,Explicit Undirected,22,14162428,229
5270,Explicit Undirected,22,14162428,230
5271,Explicit Undirected,22,14162428,231
5272,Explicit Undirected,22,14162428,232
5273,Explicit Undirected,22,14162428,233
5274,Explicit Undirected,22,14162428,234
5275,Explicit Undirected,22,14162428,235
5276,Explicit Undirected,22,14162428,236
5277,Explicit Undirected,22,14162428,237
5278,Explicit Undirected,22,14162428,238
5279,Explicit Undirected,22,14162428,239
5280,Explicit Undirected,22,14162428,240
5281,Explicit Undirected,23,14162434,1
5282,Explicit Undirected,23,14162434,2
5283,Explicit Undirected,23,14162434,3
5284,Explicit Undirected,23,14162434,4
5285,Explicit Undirected,23,14162434,5
5286,Explicit Undirected,23,14162434,6
5287,Explicit Undirected,23,14162434,7
5288,Explicit Undirected,23,14162434,8
5289,Explicit Undirected,23,14162434,9
5290,Explicit Undirected,23,14162434,10
5291,Explicit Undirected,23,14162434,11
5292,Explicit Undirected,23,14162434,12
5293,Explicit Undirected,23,14162434,13
5294,Explicit Undirected,23,14162434,14
5295,Explicit Undirected,23,14162434,15
5296,Explicit Undirected,23,14162434,16
5297,Explicit Undirected,23,14162434,17
5298,Explicit Undirected,23,14162434,18
5299,Explicit Undirected,23,14162434,19
5300,Explicit Undirected,23,14162434,20
5301,Explicit Undirected,23,14162434,21
5302,Explicit Undirected,23,14162434,22
5303,Explicit Undirected,23,14162434,23
5304,Explicit Undirected,23,14162434,24
5305,Explicit Undirected,23,14162434,25
5306,Explicit Undirected,23,14162434,26
5307,Explicit Undirected,23,14162434,27
5308,Explicit Undirected,23,14162434,28
5309,Explicit Undirected,23,14162434,29
5310,Explicit Undirected,23,14162434,30
5311,Explicit Undirected,23,14162434,31
5312,Explicit Undirected,23,14162434,32
5313,Explicit Undirected,23,14162434,33
5314,Explicit Undirected,23,14162434,34
5315,Explicit Undirected,23,14162434,35
5316,Explicit Undirected,23,14162434,36
5317,Explicit Undirected,23,14162434,37
5318,Explicit Undirected,23,14162434,38
5319,Explicit Undirected,23,14162434,39
5320,Explicit Undirected,23,14162434,40
5321,Explicit Undirected,23,14162434,41
5322,Explicit Undirected,23,14162434,42
5323,Explicit Undirected,23,14162434,43
5324,Explicit Undirected,23,14162434,44
5325,Explicit Undirected,23,14162434,45
5326,Explicit Undirected,23,14162434,46
5327,Explicit Undirected,23,14162434,47
5328,Explicit Undirected,23,14162434,48
5329,Explicit Undirected,23,14162434,49
5330,Explicit Undirected,23,14162434,50
5331,Explicit Undirected,23,14162434,51
5332,Explicit Undirected,23,14162434,52
5333,Explicit Undirected,23,14162434,53
5334,Explicit Undirected,23,14162434,54
5335,Explicit Undirected,23,14162434,55
5336,Explicit Undirected,23,14162434,56
5337,Explicit Undirected,23,14162434,57
5338,Explicit Undirected,23,14162434,58
5339,Explicit Undirected,23,14162434,59
5340,Explicit Undirected,23,14162434,60
5341,Explicit Undirected,23,14162434,61
5342,Explicit Undirected,23,14162434,62
5343,Explicit Undirected,23,14162434,63
5344,Explicit Undirected,23,14162434,64
5345,Explicit Undirected,23,14162434,65
5346,Explicit Undirected,23,14162434,66
5347,Explicit Undirected,23,14162434,67
5348,Explicit Undirected,23,14162434,68
5349,Explicit Undirected,23,14162434,69
5350,Explicit Undirected,23,14162434,70
5351,Explicit Undirected,23,14162434,71
5352,Explicit Undirected,23,14162434,72
5353,Explicit Undirected,23,14162434,73
5354,Explicit Undirected,23,14162434,74
5355,Explicit Undirected,23,14162434,75
5356,Explicit Undirected,23,14162434,76
5357,Explicit Undirected,23,14162434,77
5358,Explicit Undirected,23,14162434,78
5359,Explicit Undirected,23,14162434,79
5360,Explicit Undirected,23,14162434,80
5361,Explicit Undirected,23,14162434,81
5362,Explicit Undirected,23,14162434,82
5363,Explicit Undirected,23,14162434,83
5364,Explicit Undirected,23,14162434,84
5365,Explicit Undirected,23,14162434,85
5366,Explicit Undirected,23,14162434,86
5367,Explicit Undirected,23,14162434,87
5368,Explicit Undirected,23,14162434,88
5369,Explicit Undirected,23,14162434,89
5370,Explicit Undirected,23,14162434,90
5371,Explicit Undirected,23,14162434,91
5372,Explicit Undirected,23,14162434,92
5373,Explicit Undirected,23,14162434,93
5374,Explicit Undirected,23,14162434,94
5375,Explicit Undirected,23,14162434,95
5376,Explicit Undirected,23,14162434,96
5377,Explicit Undirected,23,14162434,97
5378,Explicit Undirected,23,14162434,98
5379,Explicit Undirected,23,14162434,99
5380,Explicit Undirected,23,14162434,100
5381,Explicit Undirected,23,14162434,101
5382,Explicit Undirected,23,14162434,102
5383,Explicit Undirected,23,14162434,103
5384,Explicit Undirected,23,14162434,104
5385,Explicit Undirected,23,14162434,105
5386,Explicit Undirected,23,14162434,106
5387,Explicit Undirected,23,14162434,107
5388,Explicit Undirected,23,14162434,108
5389,Explicit Undirected,23,14162434,109
5390,Explicit Undirected,23,14162434,110
5391,Explicit Undirected,23,14162434,111
5392,Explicit Undirected,23,14162434,112
5393,Explicit Undirected,23,14162434,113
5394,Explicit Undirected,23,14162434,114
5395,Explicit Undirected,23,14162434,115
5396,Explicit Undirected,23,14162434,116
5397,Explicit Undirected,23,14162434,117
5398,Explicit Undirected,23,14162434,118
5399,Explicit Undirected,23,14162434,119
5400,Explicit Undirected,23,14162434,120
5401,Explicit Undirected,23,14162434,121
5402,Explicit Undirected,23,14162434,122
5403,Explicit Undirected,23,14162434,123
5404,Explicit Undirected,23,14162434,124
5405,Explicit Undirected,23,14162434,125
5406,Explicit Undirected,23,14162434,126
5407,Explicit Undirected,23,14162434,127
5408,Explicit Undirected,23,14162434,128
5409,Explicit Undirected,23,14162434,129
5410,Explicit Undirected,23,14162434,130
5411,Explicit Undirected,23,14162434,131
5412,Explicit Undirected,23,14162434,132
5413,Explicit Undirected,23,14162434,133
5414,Explicit Undirected,23,14162434,134
5415,Explicit Undirected,23,14162434,135
5416,Explicit Undirected,23,14162434,136
5417,Explicit Undirected,23,14162434,137
5418,Explicit Undirected,23,14162434,138
5419,Explicit Undirected,23,14162434,139
5420,Explicit Undirected,23,14162434,140
5421,Explicit Undirected,23,14162434,141
5422,Explicit Undirected,23,14162434,142
5423,Explicit Undirected,23,14162434,143
5424,Explicit Undirected,23,14162434,144
5425,Explicit Undirected,23,14162434,145
5426,Explicit Undirected,23,14162434,146
5427,Explicit Undirected,23,14162434,147
5428,Explicit Undirected,23,14162434,148
5429,Explicit Undirected,23,14162434,149
5430,Explicit Undirected,23,14162434,150
5431,Explicit Undirected,23,14162434,151
5432,Explicit Undirected,23,14162434,152
5433,Explicit Undirected,23,14162434,153
5434,Explicit Undirected,23,14162434,154
5435,Explicit Undirected,23,14162434,155
5436,Explicit Undirected,23,14162434,156
5437,Explicit Undirected,23,14162434,157
5438,Explicit Undirected,23,14162434,158
5439,Explicit Undirected,23,14162434,159
5440,Explicit Undirected,23,14162434,160
5441,Explicit Undirected,23,14162434,161
5442,Explicit Undirected,23,14162434,162
5443,Explicit Undirected,23,14162434,163
5444,Explicit Undirected,23,14162434,164
5445,Explicit Undirected,23,14162434,165
5446,Explicit Undirected,23,14162434,166
5447,Explicit Undirected,23,14162434,167
5448,Explicit Undirected,23,14162434,168
5449,Explicit Undirected,23,14162434,169
5450,Explicit Undirected,23,14162434,170
5451,Explicit Undirected,23,14162434,171
5452,Explicit Undirected,23,14162434,172
5453,Explicit Undirected,23,14162434,173
5454,Explicit Undirected,23,14162434,174
5455,Explicit Undirected,23,14162434,175
5456,Explicit Undirected,23,14162434,176
5457,Explicit Undirected,23,14162434,177
5458,Explicit Undirected,23,14162434,178
5459,Explicit Undirected,23,14162434,179
5460,Explicit Undirected,23,14162434,180
5461,Explicit Undirected,23,14162434,181
5462,Explicit Undirected,23,14162434,182
5463,Explicit Undirected,23,14162434,183
5464,Explicit Undirected,23,14162434,184
5465,Explicit Undirected,23,14162434,185
5466,Explicit Undirected,23,14162434,186
5467,Explicit Undirected,23,14162434,187
5468,Explicit Undirected,23,14162434,188
5469,Explicit Undirected,23,14162434,189
5470,Explicit Undirected,23,14162434,190
5471,Explicit Undirected,23,14162434,191
5472,Explicit Undirected,23,14162434,192
5473,Explicit Undirected,23,14162434,193
5474,Explicit Undirected,23,14162434,194
5475,Explicit Undirected,23,14162434,195
5476,Explicit Undirected,23,14162434,196
5477,Explicit Undirected,23,14162434,197
5478,Explicit Undirected,23,14162434,198
5479,Explicit Undirected,23,14162434,199
5480,Explicit Undirected,23,14162434,200
5481,Explicit Undirected,23,14162434,201
5482,Explicit Undirected,23,14162434,202
5483,Explicit Undirected,23,14162434,203
5484,Explicit Undirected,23,14162434,204
5485,Explicit Undirected,23,14162434,205
5486,Explicit Undirected,23,14162434,206
5487,Explicit Undirected,23,14162434,207
5488,Explicit Undirected,23,14162434,208
5489,Explicit Undirected,23,14162434,209
5490,Explicit Undirected,23,14162434,210
5491,Explicit Undirected,23,14162434,211
5492,Explicit Undirected,23,14162434,212
5493,Explicit Undirected,23,14162434,213
5494,Explicit Undirected,23,14162434,214
5495,Explicit Undirected,23,14162434,215
5496,Explicit Undirected,23,14162434,216
5497,Explicit Undirected,23,14162434,217
5498,Explicit Undirected,23,14162434,218
5499,Explicit Undirected,23,14162434,219
5500,Explicit Undirected,23,14162434,220
5501,Explicit Undirected,23,14162434,221
5502,Explicit Undirected,23,14162434,222
5503,Explicit Undirected,23,14162434,223
5504,Explicit Undirected,23,14162434,224
5505,Explicit Undirected,23,14162434,225
5506,Explicit Undirected,23,14162434,226
5507,Explicit Undirected,23,14162434,227
5508,Explicit Undirected,23,14162434,228
5509,Explicit Undirected,23,14162434,229
5510,Explicit Undirected,23,14162434,230
5511,Explicit Undirected,23,14162434,231
5512,Explicit Undirected,23,14162434,232
5513,Explicit Undirected,23,14162434,233
5514,Explicit Undirected,23,14162434,234
5515,Explicit Undirected,23,14162434,235
5516,Explicit Undirected,23,14162434,236
5517,Explicit Undirected,23,14162434,237
5518,Explicit Undirected,23,14162434,238
5519,Explicit Undirected,23,14162434,239
5520,Explicit Undirected,23,14162434,240
5521,Explicit Undirected,24,14162440,1
5522,Explicit Undirected,24,14162440,2
5523,Explicit Undirected,24,14162440,3
5524,Explicit Undirected,24,14162440,4
5525,Explicit Undirected,24,14162440,5
5526,Explicit Undirected,24,14162440,6
5527,Explicit Undirected,24,14162440,7
5528,Explicit Undirected,24,14162440,8
5529,Explicit Undirected,24,14162440,9
5530,Explicit Undirected,24,14162440,10
5531,Explicit Undirected,24,14162440,11
5532,Explicit Undirected,24,14162440,12
5533,Explicit Undirected,24,14162440,13
5534,Explicit Undirected,24,14162440,14
5535,Explicit Undirected,24,14162440,15
5536,Explicit Undirected,24,14162440,16
5537,Explicit Undirected,24,14162440,17
5538,Explicit Undirected,24,14162440,18
5539,Explicit Undirected,24,14162440,19
5540,Explicit Undirected,24,14162440,20
5541,Explicit Undirected,24,14162440,21
5542,Explicit Undirected,24,14162440,22
5543,Explicit Undirected,24,14162440,23
5544,Explicit Undirected,24,14162440,24
5545,Explicit Undirected,24,14162440,25
5546,Explicit Undirected,24,14162440,26
5547,Explicit Undirected,24,14162440,27
5548,Explicit Undirected,24,14162440,28
5549,Explicit Undirected,24,14162440,29
5550,Explicit Undirected,24,14162440,30
5551,Explicit Undirected,24,14162440,31
5552,Explicit Undirected,24,14162440,32
5553,Explicit Undirected,24,14162440,33
5554,Explicit Undirected,24,14162440,34
5555,Explicit Undirected,24,14162440,35
5556,Explicit Undirected,24,14162440,36
5557,Explicit Undirected,24,14162440,37
5558,Explicit Undirected,24,14162440,38
5559,Explicit Undirected,24,14162440,39
5560,Explicit Undirected,24,14162440,40
5561,Explicit Undirected,24,14162440,41
5562,Explicit Undirected,24,14162440,42
5563,Explicit Undirected,24,14162440,43
5564,Explicit Undirected,24,14162440,44
5565,Explicit Undirected,24,14162440,45
5566,Explicit Undirected,24,14162440,46
5567,Explicit Undirected,24,14162440,47
5568,Explicit Undirected,24,14162440,48
5569,Explicit Undirected,24,14162440,49
5570,Explicit Undirected,24,14162440,50
5571,Explicit Undirected,24,14162440,51
5572,Explicit Undirected,24,14162440,52
5573,Explicit Undirected,24,14162440,53
5574,Explicit Undirected,24,14162440,54
5575,Explicit Undirected,24,14162440,55
5576,Explicit Undirected,24,14162440,56
5577,Explicit Undirected,24,14162440,57
5578,Explicit Undirected,24,14162440,58
5579,Explicit Undirected,24,14162440,59
5580,Explicit Undirected,24,14162440,60
5581,Explicit Undirected,24,14162440,61
5582,Explicit Undirected,24,14162440,62
5583,Explicit Undirected,24,14162440,63
5584,Explicit Undirected,24,14162440,64
5585,Explicit Undirected,24,14162440,65
5586,Explicit Undirected,24,14162440,66
5587,Explicit Undirected,24,14162440,67
5588,Explicit Undirected,24,14162440,68
5589,Explicit Undirected,24,14162440,69
5590,Explicit Undirected,24,14162440,70
5591,Explicit Undirected,24,14162440,71
5592,Explicit Undirected,24,14162440,72
5593,Explicit Undirected,24,14162440,73
5594,Explicit Undirected,24,14162440,74
5595,Explicit Undirected,24,14162440,75
5596,Explicit Undirected,24,14162440,76
5597,Explicit Undirected,24,14162440,77
5598,Explicit Undirected,24,14162440,78
5599,Explicit Undirected,24,14162440,79
5600,Explicit Undirected,24,14162440,80
5601,Explicit Undirected,24,14162440,81
5602,Explicit Undirected,24,14162440,82
5603,Explicit Undirected,24,14162440,83
5604,Explicit Undirected,24,14162440,84
5605,Explicit Undirected,24,14162440,85
5606,Explicit Undirected,24,14162440,86
5607,Explicit Undirected,24,14162440,87
5608,Explicit Undirected,24,14162440,88
5609,Explicit Undirected,24,14162440,89
5610,Explicit Undirected,24,14162440,90
5611,Explicit Undirected,24,14162440,91
5612,Explicit Undirected,24,14162440,92
5613,Explicit Undirected,24,14162440,93
5614,Explicit Undirected,24,14162440,94
5615,Explicit Undirected,24,14162440,95
5616,Explicit Undirected,24,14162440,96
5617,Explicit Undirected,24,14162440,97
5618,Explicit Undirected,24,14162440,98
5619,Explicit Undirected,24,14162440,99
5620,Explicit Undirected,24,14162440,100
5621,Explicit Undirected,24,14162440,101
5622,Explicit Undirected,24,14162440,102
5623,Explicit Undirected,24,14162440,103
5624,Explicit Undirected,24,14162440,104
5625,Explicit Undirected,24,14162440,105
5626,Explicit Undirected,24,14162440,106
5627,Explicit Undirected,24,14162440,107
5628,Explicit Undirected,24,14162440,108
5629,Explicit Undirected,24,14162440,109
5630,Explicit Undirected,24,14162440,110
5631,Explicit Undirected,24,14162440,111
5632,Explicit Undirected,24,14162440,112
5633,Explicit Undirected,24,14162440,113
5634,Explicit Undirected,24,14162440,114
5635,Explicit Undirected,24,14162440,115
5636,Explicit Undirected,24,14162440,116
5637,Explicit Undirected,24,14162440,117
5638,Explicit Undirected,24,14162440,118
5639,Explicit Undirected,24,14162440,119
5640,Explicit Undirected,24,14162440,120
5641,Explicit Undirected,24,14162440,121
5642,Explicit Undirected,24,14162440,122
5643,Explicit Undirected,24,14162440,123
5644,Explicit Undirected,24,14162440,124
5645,Explicit Undirected,24,14162440,125
5646,Explicit Undirected,24,14162440,126
5647,Explicit Undirected,24,14162440,127
5648,Explicit Undirected,24,14162440,128
5649,Explicit Undirected,24,14162440,129
5650,Explicit Undirected,24,14162440,130
5651,Explicit Undirected,24,14162440,131
5652,Explicit Undirected,24,14162440,132
5653,Explicit Undirected,24,14162440,133
5654,Explicit Undirected,24,14162440,134
5655,Explicit Undirected,24,14162440,135
5656,Explicit Undirected,24,14162440,136
5657,Explicit Undirected,24,14162440,137
5658,Explicit Undirected,24,14162440,138
5659,Explicit Undirected,24,14162440,139
5660,Explicit Undirected,24,14162440,140
5661,Explicit Undirected,24,14162440,141
5662,Explicit Undirected,24,14162440,142
5663,Explicit Undirected,24,14162440,143
5664,Explicit Undirected,24,14162440,144
5665,Explicit Undirected,24,14162440,145
5666,Explicit Undirected,24,14162440,146
5667,Explicit Undirected,24,14162440,147
5668,Explicit Undirected,24,14162440,148
5669,Explicit Undirected,24,14162440,149
5670,Explicit Undirected,24,14162440,150
5671,Explicit Undirected,24,14162440,151
5672,Explicit Undirected,24,14162440,152
5673,Explicit Undirected,24,14162440,153
5674,Explicit Undirected,24,14162440,154
5675,Explicit Undirected,24,14162440,155
5676,Explicit Undirected,24,14162440,156
5677,Explicit Undirected,24,14162440,157
5678,Explicit Undirected,24,14162440,158
5679,Explicit Undirected,24,14162440,159
5680,Explicit Undirected,24,14162440,160
5681,Explicit Undirected,24,14162440,161
5682,Explicit Undirected,24,14162440,162
5683,Explicit Undirected,24,14162440,163
5684,Explicit Undirected,24,14162440,164
5685,Explicit Undirected,24,14162440,165
5686,Explicit Undirected,24,14162440,166
5687,Explicit Undirected,24,14162440,167
5688,Explicit Undirected,24,14162440,168
5689,Explicit Undirected,24,14162440,169
5690,Explicit Undirected,24,14162440,170
5691,Explicit Undirected,24,14162440,171
5692,Explicit Undirected,24,14162440,172
5693,Explicit Undirected,24,14162440,173
5694,Explicit Undirected,24,14162440,174
5695,Explicit Undirected,24,14162440,175
5696,Explicit Undirected,24,14162440,176
5697,Explicit Undirected,24,14162440,177
5698,Explicit Undirected,24,14162440,178
5699,Explicit Undirected,24,14162440,179
5700,Explicit Undirected,24,14162440,180
5701,Explicit Undirected,24,14162440,181
5702,Explicit Undirected,24,14162440,182
5703,Explicit Undirected,24,14162440,183
5704,Explicit Undirected,24,14162440,184
5705,Explicit Undirected,24,14162440,185
5706,Explicit Undirected,24,14162440,186
5707,Explicit Undirected,24,14162440,187
5708,Explicit Undirected,24,14162440,188
5709,Explicit Undirected,24,14162440,189
5710,Explicit Undirected,24,14162440,190
5711,Explicit Undirected,24,14162440,191
5712,Explicit Undirected,24,14162440,192
5713,Explicit Undirected,24,14162440,193
5714,Explicit Undirected,24,14162440,194
5715,Explicit Undirected,24,14162440,195
5716,Explicit Undirected,24,14162440,196
5717,Explicit Undirected,24,14162440,197
5718,Explicit Undirected,24,14162440,198
5719,Explicit Undirected,24,14162440,199
5720,Explicit Undirected,24,14162440,200
5721,Explicit Undirected,24,14162440,201
5722,Explicit Undirected,24,14162440,202
5723,Explicit Undirected,24,14162440,203
5724,Explicit Undirected,24,14162440,204
5725,Explicit Undirected,24,14162440,205
5726,Explicit Undirected,24,14162440,206
5727,Explicit Undirected,24,14162440,207
5728,Explicit Undirected,24,14162440,208
5729,Explicit Undirected,24,14162440,209
5730,Explicit Undirected,24,14162440,210
5731,Explicit Undirected,24,14162440,211
5732,Explicit Undirected,24,14162440,212
5733,Explicit Undirected,24,14162440,213
5734,Explicit Undirected,24,14162440,214
5735,Explicit Undirected,24,14162440,215
5736,Explicit Undirected,24,14162440,216
5737,Explicit Undirected,24,14162440,217
5738,Explicit Undirected,24,14162440,218
5739,Explicit Undirected,24,14162440,219
5740,Explicit Undirected,24,14162440,220
5741,Explicit Undirected,24,14162440,221
5742,Explicit Undirected,24,14162440,222
5743,Explicit Undirected,24,14162440,223
5744,Explicit Undirected,24,14162440,224
5745,Explicit Undirected,24,14162440,225
5746,Explicit Undirected,24,14162440,226
5747,Explicit Undirected,24,14162440,227
5748,Explicit Undirected,24,14162440,228
5749,Explicit Undirected,24,14162440,229
5750,Explicit Undirected,24,14162440,230
5751,Explicit Undirected,24,14162440,231
5752,Explicit Undirected,24,14162440,232
5753,Explicit Undirected,24,14162440,233
5754,Explicit Undirected,24,14162440,234
5755,Explicit Undirected,24,14162440,235
5756,Explicit Undirected,24,14162440,236
5757,Explicit Undirected,24,14162440,237
5758,Explicit Undirected,24,14162440,238
5759,Explicit Undirected,24,14162440,239
5760,Explicit Undirected,24,14162440,240
5761,Explicit Undirected,25,14162457,1
5762,Explicit Undirected,25,14162457,2
5763,Explicit Undirected,25,14162457,3
5764,Explicit Undirected,25,14162457,4
5765,Explicit Undirected,25,14162457,5
5766,Explicit Undirected,25,14162457,6
5767,Explicit Undirected,25,14162457,7
5768,Explicit Undirected,25,14162457,8
5769,Explicit Undirected,25,14162457,9
5770,Explicit Undirected,25,14162457,10
5771,Explicit Undirected,25,14162457,11
5772,Explicit Undirected,25,14162457,12
5773,Explicit Undirected,25,14162457,13
5774,Explicit Undirected,25,14162457,14
5775,Explicit Undirected,25,14162457,15
5776,Explicit Undirected,25,14162457,16
5777,Explicit Undirected,25,14162457,17
5778,Explicit Undirected,25,14162457,18
5779,Explicit Undirected,25,14162457,19
5780,Explicit Undirected,25,14162457,20
5781,Explicit Undirected,25,14162457,21
5782,Explicit Undirected,25,14162457,22
5783,Explicit Undirected,25,14162457,23
5784,Explicit Undirected,25,14162457,24
5785,Explicit Undirected,25,14162457,25
5786,Explicit Undirected,25,14162457,26
5787,Explicit Undirected,25,14162457,27
5788,Explicit Undirected,25,14162457,28
5789,Explicit Undirected,25,14162457,29
5790,Explicit Undirected,25,14162457,30
5791,Explicit Undirected,25,14162457,31
5792,Explicit Undirected,25,14162457,32
5793,Explicit Undirected,25,14162457,33
5794,Explicit Undirected,25,14162457,34
5795,Explicit Undirected,25,14162457,35
5796,Explicit Undirected,25,14162457,36
5797,Explicit Undirected,25,14162457,37
5798,Explicit Undirected,25,14162457,38
5799,Explicit Undirected,25,14162457,39
5800,Explicit Undirected,25,14162457,40
5801,Explicit Undirected,25,14162457,41
5802,Explicit Undirected,25,14162457,42
5803,Explicit Undirected,25,14162457,43
5804,Explicit Undirected,25,14162457,44
5805,Explicit Undirected,25,14162457,45
5806,Explicit Undirected,25,14162457,46
5807,Explicit Undirected,25,14162457,47
5808,Explicit Undirected,25,14162457,48
5809,Explicit Undirected,25,14162457,49
5810,Explicit Undirected,25,14162457,50
5811,Explicit Undirected,25,14162457,51
5812,Explicit Undirected,25,14162457,52
5813,Explicit Undirected,25,14162457,53
5814,Explicit Undirected,25,14162457,54
5815,Explicit Undirected,25,14162457,55
5816,Explicit Undirected,25,14162457,56
5817,Explicit Undirected,25,14162457,57
5818,Explicit Undirected,25,14162457,58
5819,Explicit Undirected,25,14162457,59
5820,Explicit Undirected,25,14162457,60
5821,Explicit Undirected,25,14162457,61
5822,Explicit Undirected,25,14162457,62
5823,Explicit Undirected,25,14162457,63
5824,Explicit Undirected,25,14162457,64
5825,Explicit Undirected,25,14162457,65
5826,Explicit Undirected,25,14162457,66
5827,Explicit Undirected,25,14162457,67
5828,Explicit Undirected,25,14162457,68
5829,Explicit Undirected,25,14162457,69
5830,Explicit Undirected,25,14162457,70
5831,Explicit Undirected,25,14162457,71
5832,Explicit Undirected,25,14162457,72
5833,Explicit Undirected,25,14162457,73
5834,Explicit Undirected,25,14162457,74
5835,Explicit Undirected,25,14162457,75
5836,Explicit Undirected,25,14162457,76
5837,Explicit Undirected,25,14162457,77
5838,Explicit Undirected,25,14162457,78
5839,Explicit Undirected,25,14162457,79
5840,Explicit Undirected,25,14162457,80
5841,Explicit Undirected,25,14162457,81
5842,Explicit Undirected,25,14162457,82
5843,Explicit Undirected,25,14162457,83
5844,Explicit Undirected,25,14162457,84
5845,Explicit Undirected,25,14162457,85
5846,Explicit Undirected,25,14162457,86
5847,Explicit Undirected,25,14162457,87
5848,Explicit Undirected,25,14162457,88
5849,Explicit Undirected,25,14162457,89
5850,Explicit Undirected,25,14162457,90
5851,Explicit Undirected,25,14162457,91
5852,Explicit Undirected,25,14162457,92
5853,Explicit Undirected,25,14162457,93
5854,Explicit Undirected,25,14162457,94
5855,Explicit Undirected,25,14162457,95
5856,Explicit Undirected,25,14162457,96
5857,Explicit Undirected,25,14162457,97
5858,Explicit Undirected,25,14162457,98
5859,Explicit Undirected,25,14162457,99
5860,Explicit Undirected,25,14162457,100
5861,Explicit Undirected,25,14162457,101
5862,Explicit Undirected,25,14162457,102
5863,Explicit Undirected,25,14162457,103
5864,Explicit Undirected,25,14162457,104
5865,Explicit Undirected,25,14162457,105
5866,Explicit Undirected,25,14162457,106
5867,Explicit Undirected,25,14162457,107
5868,Explicit Undirected,25,14162457,108
5869,Explicit Undirected,25,14162457,109
5870,Explicit Undirected,25,14162457,110
5871,Explicit Undirected,25,14162457,111
5872,Explicit Undirected,25,14162457,112
5873,Explicit Undirected,25,14162457,113
5874,Explicit Undirected,25,14162457,114
5875,Explicit Undirected,25,14162457,115
5876,Explicit Undirected,25,14162457,116
5877,Explicit Undirected,25,14162457,117
5878,Explicit Undirected,25,14162457,118
5879,Explicit Undirected,25,14162457,119
5880,Explicit Undirected,25,14162457,120
5881,Explicit Undirected,25,14162457,121
5882,Explicit Undirected,25,14162457,122
5883,Explicit Undirected,25,14162457,123
5884,Explicit Undirected,25,14162457,124
5885,Explicit Undirected,25,14162457,125
5886,Explicit Undirected,25,14162457,126
5887,Explicit Undirected,25,14162457,127
5888,Explicit Undirected,25,14162457,128
5889,Explicit Undirected,25,14162457,129
5890,Explicit Undirected,25,14162457,130
5891,Explicit Undirected,25,14162457,131
5892,Explicit Undirected,25,14162457,132
5893,Explicit Undirected,25,14162457,133
5894,Explicit Undirected,25,14162457,134
5895,Explicit Undirected,25,14162457,135
5896,Explicit Undirected,25,14162457,136
5897,Explicit Undirected,25,14162457,137
5898,Explicit Undirected,25,14162457,138
5899,Explicit Undirected,25,14162457,139
5900,Explicit Undirected,25,14162457,140
5901,Explicit Undirected,25,14162457,141
5902,Explicit Undirected,25,14162457,142
5903,Explicit Undirected,25,14162457,143
5904,Explicit Undirected,25,14162457,144
5905,Explicit Undirected,25,14162457,145
5906,Explicit Undirected,25,14162457,146
5907,Explicit Undirected,25,14162457,147
5908,Explicit Undirected,25,14162457,148
5909,Explicit Undirected,25,14162457,149
5910,Explicit Undirected,25,14162457,150
5911,Explicit Undirected,25,14162457,151
5912,Explicit Undirected,25,14162457,152
5913,Explicit Undirected,25,14162457,153
5914,Explicit Undirected,25,14162457,154
5915,Explicit Undirected,25,14162457,155
5916,Explicit Undirected,25,14162457,156
5917,Explicit Undirected,25,14162457,157
5918,Explicit Undirected,25,14162457,158
5919,Explicit Undirected,25,14162457,159
5920,Explicit Undirected,25,14162457,160
5921,Explicit Undirected,25,14162457,161
5922,Explicit Undirected,25,14162457,162
5923,Explicit Undirected,25,14162457,163
5924,Explicit Undirected,25,14162457,164
5925,Explicit Undirected,25,14162457,165
5926,Explicit Undirected,25,14162457,166
5927,Explicit Undirected,25,14162457,167
5928,Explicit Undirected,25,14162457,168
5929,Explicit Undirected,25,14162457,169
5930,Explicit Undirected,25,14162457,170
5931,Explicit Undirected,25,14162457,171
5932,Explicit Undirected,25,14162457,172
5933,Explicit Undirected,25,14162457,173
5934,Explicit Undirected,25,14162457,174
5935,Explicit Undirected,25,14162457,175
5936,Explicit Undirected,25,14162457,176
5937,Explicit Undirected,25,14162457,177
5938,Explicit Undirected,25,14162457,178
5939,Explicit Undirected,25,14162457,179
5940,Explicit Undirected,25,14162457,180
5941,Explicit Undirected,25,14162457,181
5942,Explicit Undirected,25,14162457,182
5943,Explicit Undirected,25,14162457,183
5944,Explicit Undirected,25,14162457,184
5945,Explicit Undirected,25,14162457,185
5946,Explicit Undirected,25,14162457,186
5947,Explicit Undirected,25,14162457,187
5948,Explicit Undirected,25,14162457,188
5949,Explicit Undirected,25,14162457,189
5950,Explicit Undirected,25,14162457,190
5951,Explicit Undirected,25,14162457,191
5952,Explicit Undirected,25,14162457,192
5953,Explicit Undirected,25,14162457,193
5954,Explicit Undirected,25,14162457,194
5955,Explicit Undirected,25,14162457,195
5956,Explicit Undirected,25,14162457,196
5957,Explicit Undirected,25,14162457,197
5958,Explicit Undirected,25,14162457,198
5959,Explicit Undirected,25,14162457,199
5960,Explicit Undirected,25,14162457,200
5961,Explicit Undirected,25,14162457,201
5962,Explicit Undirected,25,14162457,202
5963,Explicit Undirected,25,14162457,203
5964,Explicit Undirected,25,14162457,204
5965,Explicit Undirected,25,14162457,205
5966,Explicit Undirected,25,14162457,206
5967,Explicit Undirected,25,14162457,207
5968,Explicit Undirected,25,14162457,208
5969,Explicit Undirected,25,14162457,209
5970,Explicit Undirected,25,14162457,210
5971,Explicit Undirected,25,14162457,211
5972,Explicit Undirected,25,14162457,212
5973,Explicit Undirected,25,14162457,213
5974,Explicit Undirected,25,14162457,214
5975,Explicit Undirected,25,14162457,215
5976,Explicit Undirected,25,14162457,216
5977,Explicit Undirected,25,14162457,217
5978,Explicit Undirected,25,14162457,218
5979,Explicit Undirected,25,14162457,219
5980,Explicit Undirected,25,14162457,220
5981,Explicit Undirected,25,14162457,221
5982,Explicit Undirected,25,14162457,222
5983,Explicit Undirected,25,14162457,223
5984,Explicit Undirected,25,14162457,224
5985,Explicit Undirected,25,14162457,225
5986,Explicit Undirected,25,14162457,226
5987,Explicit Undirected,25,14162457,227
5988,Explicit Undirected,25,14162457,228
5989,Explicit Undirected,25,14162457,229
5990,Explicit Undirected,25,14162457,230
5991,Explicit Undirected,25,14162457,231
5992,Explicit Undirected,25,14162457,232
5993,Explicit Undirected,25,14162457,233
5994,Explicit Undirected,25,14162457,234
5995,Explicit Undirected,25,14162457,235
5996,Explicit Undirected,25,14162457,236
5997,Explicit Undirected,25,14162457,237
5998,Explicit Undirected,25,14162457,238
5999,Explicit Undirected,25,14162457,239
6000,Explicit Undirected,25,14162457,240
6001,Explicit Undirected,26,14162638,1
6002,Explicit Undirected,26,14162638,2
6003,Explicit Undirected,26,14162638,3
6004,Explicit Undirected,26,14162638,4
6005,Explicit Undirected,26,14162638,5
6006,Explicit Undirected,26,14162638,6
6007,Explicit Undirected,26,14162638,7
6008,Explicit Undirected,26,14162638,8
6009,Explicit Undirected,26,14162638,9
6010,Explicit Undirected,26,14162638,10
6011,Explicit Undirected,26,14162638,11
6012,Explicit Undirected,26,14162638,12
6013,Explicit Undirected,26,14162638,13
6014,Explicit Undirected,26,14162638,14
6015,Explicit Undirected,26,14162638,15
6016,Explicit Undirected,26,14162638,16
6017,Explicit Undirected,26,14162638,17
6018,Explicit Undirected,26,14162638,18
6019,Explicit Undirected,26,14162638,19
6020,Explicit Undirected,26,14162638,20
6021,Explicit Undirected,26,14162638,21
6022,Explicit Undirected,26,14162638,22
6023,Explicit Undirected,26,14162638,23
6024,Explicit Undirected,26,14162638,24
6025,Explicit Undirected,26,14162638,25
6026,Explicit Undirected,26,14162638,26
6027,Explicit Undirected,26,14162638,27
6028,Explicit Undirected,26,14162638,28
6029,Explicit Undirected,26,14162638,29
6030,Explicit Undirected,26,14162638,30
6031,Explicit Undirected,26,14162638,31
6032,Explicit Undirected,26,14162638,32
6033,Explicit Undirected,26,14162638,33
6034,Explicit Undirected,26,14162638,34
6035,Explicit Undirected,26,14162638,35
6036,Explicit Undirected,26,14162638,36
6037,Explicit Undirected,26,14162638,37
6038,Explicit Undirected,26,14162638,38
6039,Explicit Undirected,26,14162638,39
6040,Explicit Undirected,26,14162638,40
6041,Explicit Undirected,26,14162638,41
6042,Explicit Undirected,26,14162638,42
6043,Explicit Undirected,26,14162638,43
6044,Explicit Undirected,26,14162638,44
6045,Explicit Undirected,26,14162638,45
6046,Explicit Undirected,26,14162638,46
6047,Explicit Undirected,26,14162638,47
6048,Explicit Undirected,26,14162638,48
6049,Explicit Undirected,26,14162638,49
6050,Explicit Undirected,26,14162638,50
6051,Explicit Undirected,26,14162638,51
6052,Explicit Undirected,26,14162638,52
6053,Explicit Undirected,26,14162638,53
6054,Explicit Undirected,26,14162638,54
6055,Explicit Undirected,26,14162638,55
6056,Explicit Undirected,26,14162638,56
6057,Explicit Undirected,26,14162638,57
6058,Explicit Undirected,26,14162638,58
6059,Explicit Undirected,26,14162638,59
6060,Explicit Undirected,26,14162638,60
6061,Explicit Undirected,26,14162638,61
6062,Explicit Undirected,26,14162638,62
6063,Explicit Undirected,26,14162638,63
6064,Explicit Undirected,26,14162638,64
6065,Explicit Undirected,26,14162638,65
6066,Explicit Undirected,26,14162638,66
6067,Explicit Undirected,26,14162638,67
6068,Explicit Undirected,26,14162638,68
6069,Explicit Undirected,26,14162638,69
6070,Explicit Undirected,26,14162638,70
6071,Explicit Undirected,26,14162638,71
6072,Explicit Undirected,26,14162638,72
6073,Explicit Undirected,26,14162638,73
6074,Explicit Undirected,26,14162638,74
6075,Explicit Undirected,26,14162638,75
6076,Explicit Undirected,26,14162638,76
6077,Explicit Undirected,26,14162638,77
6078,Explicit Undirected,26,14162638,78
6079,Explicit Undirected,26,14162638,79
6080,Explicit Undirected,26,14162638,80
6081,Explicit Undirected,26,14162638,81
6082,Explicit Undirected,26,14162638,82
6083,Explicit Undirected,26,14162638,83
6084,Explicit Undirected,26,14162638,84
6085,Explicit Undirected,26,14162638,85
6086,Explicit Undirected,26,14162638,86
6087,Explicit Undirected,26,14162638,87
6088,Explicit Undirected,26,14162638,88
6089,Explicit Undirected,26,14162638,89
6090,Explicit Undirected,26,14162638,90
6091,Explicit Undirected,26,14162638,91
6092,Explicit Undirected,26,14162638,92
6093,Explicit Undirected,26,14162638,93
6094,Explicit Undirected,26,14162638,94
6095,Explicit Undirected,26,14162638,95
6096,Explicit Undirected,26,14162638,96
6097,Explicit Undirected,26,14162638,97
6098,Explicit Undirected,26,14162638,98
6099,Explicit Undirected,26,14162638,99
6100,Explicit Undirected,26,14162638,100
6101,Explicit Undirected,26,14162638,101
6102,Explicit Undirected,26,14162638,102
6103,Explicit Undirected,26,14162638,103
6104,Explicit Undirected,26,14162638,104
6105,Explicit Undirected,26,14162638,105
6106,Explicit Undirected,26,14162638,106
6107,Explicit Undirected,26,14162638,107
6108,Explicit Undirected,26,14162638,108
6109,Explicit Undirected,26,14162638,109
6110,Explicit Undirected,26,14162638,110
6111,Explicit Undirected,26,14162638,111
6112,Explicit Undirected,26,14162638,112
6113,Explicit Undirected,26,14162638,113
6114,Explicit Undirected,26,14162638,114
6115,Explicit Undirected,26,14162638,115
6116,Explicit Undirected,26,14162638,116
6117,Explicit Undirected,26,14162638,117
6118,Explicit Undirected,26,14162638,118
6119,Explicit Undirected,26,14162638,119
6120,Explicit Undirected,26,14162638,120
6121,Explicit Undirected,26,14162638,121
6122,Explicit Undirected,26,14162638,122
6123,Explicit Undirected,26,14162638,123
6124,Explicit Undirected,26,14162638,124
6125,Explicit Undirected,26,14162638,125
6126,Explicit Undirected,26,14162638,126
6127,Explicit Undirected,26,14162638,127
6128,Explicit Undirected,26,14162638,128
6129,Explicit Undirected,26,14162638,129
6130,Explicit Undirected,26,14162638,130
6131,Explicit Undirected,26,14162638,131
6132,Explicit Undirected,26,14162638,132
6133,Explicit Undirected,26,14162638,133
6134,Explicit Undirected,26,14162638,134
6135,Explicit Undirected,26,14162638,135
6136,Explicit Undirected,26,14162638,136
6137,Explicit Undirected,26,14162638,137
6138,Explicit Undirected,26,14162638,138
6139,Explicit Undirected,26,14162638,139
6140,Explicit Undirected,26,14162638,140
6141,Explicit Undirected,26,14162638,141
6142,Explicit Undirected,26,14162638,142
6143,Explicit Undirected,26,14162638,143
6144,Explicit Undirected,26,14162638,144
6145,Explicit Undirected,26,14162638,145
6146,Explicit Undirected,26,14162638,146
6147,Explicit Undirected,26,14162638,147
6148,Explicit Undirected,26,14162638,148
6149,Explicit Undirected,26,14162638,149
6150,Explicit Undirected,26,14162638,150
6151,Explicit Undirected,26,14162638,151
6152,Explicit Undirected,26,14162638,152
6153,Explicit Undirected,26,14162638,153
6154,Explicit Undirected,26,14162638,154
6155,Explicit Undirected,26,14162638,155
6156,Explicit Undirected,26,14162638,156
6157,Explicit Undirected,26,14162638,157
6158,Explicit Undirected,26,14162638,158
6159,Explicit Undirected,26,14162638,159
6160,Explicit Undirected,26,14162638,160
6161,Explicit Undirected,26,14162638,161
6162,Explicit Undirected,26,14162638,162
6163,Explicit Undirected,26,14162638,163
6164,Explicit Undirected,26,14162638,164
6165,Explicit Undirected,26,14162638,165
6166,Explicit Undirected,26,14162638,166
6167,Explicit Undirected,26,14162638,167
6168,Explicit Undirected,26,14162638,168
6169,Explicit Undirected,26,14162638,169
6170,Explicit Undirected,26,14162638,170
6171,Explicit Undirected,26,14162638,171
6172,Explicit Undirected,26,14162638,172
6173,Explicit Undirected,26,14162638,173
6174,Explicit Undirected,26,14162638,174
6175,Explicit Undirected,26,14162638,175
6176,Explicit Undirected,26,14162638,176
6177,Explicit Undirected,26,14162638,177
6178,Explicit Undirected,26,14162638,178
6179,Explicit Undirected,26,14162638,179
6180,Explicit Undirected,26,14162638,180
6181,Explicit Undirected,26,14162638,181
6182,Explicit Undirected,26,14162638,182
6183,Explicit Undirected,26,14162638,183
6184,Explicit Undirected,26,14162638,184
6185,Explicit Undirected,26,14162638,185
6186,Explicit Undirected,26,14162638,186
6187,Explicit Undirected,26,14162638,187
6188,Explicit Undirected,26,14162638,188
6189,Explicit Undirected,26,14162638,189
6190,Explicit Undirected,26,14162638,190
6191,Explicit Undirected,26,14162638,191
6192,Explicit Undirected,26,14162638,192
6193,Explicit Undirected,26,14162638,193
6194,Explicit Undirected,26,14162638,194
6195,Explicit Undirected,26,14162638,195
6196,Explicit Undirected,26,14162638,196
6197,Explicit Undirected,26,14162638,197
6198,Explicit Undirected,26,14162638,198
6199,Explicit Undirected,26,14162638,199
6200,Explicit Undirected,26,14162638,200
6201,Explicit Undirected,26,14162638,201
6202,Explicit Undirected,26,14162638,202
6203,Explicit Undirected,26,14162638,203
6204,Explicit Undirected,26,14162638,204
6205,Explicit Undirected,26,14162638,205
6206,Explicit Undirected,26,14162638,206
6207,Explicit Undirected,26,14162638,207
6208,Explicit Undirected,26,14162638,208
6209,Explicit Undirected,26,14162638,209
6210,Explicit Undirected,26,14162638,210
6211,Explicit Undirected,26,14162638,211
6212,Explicit Undirected,26,14162638,212
6213,Explicit Undirected,26,14162638,213
6214,Explicit Undirected,26,14162638,214
6215,Explicit Undirected,26,14162638,215
6216,Explicit Undirected,26,14162638,216
6217,Explicit Undirected,26,14162638,217
6218,Explicit Undirected,26,14162638,218
6219,Explicit Undirected,26,14162638,219
6220,Explicit Undirected,26,14162638,220
6221,Explicit Undirected,26,14162638,221
6222,Explicit Undirected,26,14162638,222
6223,Explicit Undirected,26,14162638,223
6224,Explicit Undirected,26,14162638,224
6225,Explicit Undirected,26,14162638,225
6226,Explicit Undirected,26,14162638,226
6227,Explicit Undirected,26,14162638,227
6228,Explicit Undirected,26,14162638,228
6229,Explicit Undirected,26,14162638,229
6230,Explicit Undirected,26,14162638,230
6231,Explicit Undirected,26,14162638,231
6232,Explicit Undirected,26,14162638,232
6233,Explicit Undirected,26,14162638,233
6234,Explicit Undirected,26,14162638,234
6235,Explicit Undirected,26,14162638,235
6236,Explicit Undirected,26,14162638,236
6237,Explicit Undirected,26,14162638,237
6238,Explicit Undirected,26,14162638,238
6239,Explicit Undirected,26,14162638,239
6240,Explicit Undirected,26,14162638,240
