"k","variable","param","simulated","estimated","median","q5","q95","bias","abs_bias","covered_90","rhat","ess_bulk","ess_tail"
1,"mu_alpha","alpha",1.62,1.83528195183333,1.8300382,1.4876368,2.197500045,0.215281951833333,0.215281951833333,TRUE,1.00024877940451,2794.07887485286,4880.0872106674
1,"mu_beta","beta",0.284,0.263205872984167,0.26290934,0.179503966,0.3481747355,-0.0207941270158333,0.0207941270158333,TRUE,1.00062142230334,3930.992585167,5902.12366578239
1,"mu_lambda","lambda",0.0517,0.044291791873075,0.0445013515,0.0200994754,0.0677517894,-0.007408208126925,0.007408208126925,TRUE,1.0003143072185,7606.65392576758,6031.57827060576
1,"mu_delta","delta",0.881,0.997603568739167,0.990299655,0.857311776,1.16249991,0.116603568739167,0.116603568739167,TRUE,1.00155838210524,2578.30747290439,3176.15329843596
1,"mu_eta","eta",-0.427,-0.411880084280583,-0.413189295,-0.567991571,-0.256428069,0.0151199157194167,0.0151199157194167,TRUE,1.00133807140716,2762.40711150389,3928.48976703027
2,"mu_alpha","alpha",2.9,3.02625745500833,3.02259955,2.64242175,3.42996511,0.126257455008334,0.126257455008334,TRUE,1.00087087331135,4186.58685336551,5987.83899252495
2,"mu_beta","beta",0.284,0.35722603739,0.355307775,0.2579868175,0.4614032115,0.07322603739,0.07322603739,TRUE,1.00072434512525,3849.71659897117,6242.42337832345
2,"mu_lambda","lambda",0.0517,0.0409572793816583,0.040531784,0.0190194049,0.06398972365,-0.0107427206183417,0.0107427206183417,TRUE,1.001129632601,6396.0560570948,6194.77039895749
2,"mu_delta","delta",0.881,0.679991724984167,0.679838255,0.446011365,0.9167158915,-0.201008275015833,0.201008275015833,TRUE,1.00135507954145,3745.28337934086,3913.86837968151
2,"mu_eta","eta",-0.427,-0.385936855969167,-0.38568408,-0.482171254,-0.289735068,0.0410631440308333,0.0410631440308333,TRUE,1.00149269037684,3061.71112744444,5088.17052228238
3,"mu_alpha","alpha",4.21,4.672728891275,4.66455865,4.20726362,5.157899565,0.462728891275,0.462728891275,TRUE,1.00071598218211,4521.9183379201,6351.53548770184
3,"mu_beta","beta",0.284,0.275773640748682,0.27525339,0.166207443,0.387172962,-0.00822635925131748,0.00822635925131748,TRUE,1.00084452910233,3455.95605225316,5859.77593376151
3,"mu_lambda","lambda",0.0517,0.0476242857054833,0.0475523905,0.0279161007,0.06774816605,-0.00407571429451667,0.00407571429451667,TRUE,1.00138582136201,5212.92411375303,5918.00722424447
3,"mu_delta","delta",0.881,1.08622728813333,1.0762671,0.934851856,1.27489628,0.205227288133333,0.205227288133333,FALSE,1.00348047172994,1737.48307479186,3436.02709287086
3,"mu_eta","eta",-0.427,-0.574978783566667,-0.57474907,-0.6794908565,-0.4717045835,-0.147978783566667,0.147978783566667,FALSE,1.00027528892357,2932.55828480071,4588.44820267369
4,"mu_alpha","alpha",1.62,1.6062758019525,1.5977914,1.279314835,1.962479955,-0.0137241980475,0.0137241980475,TRUE,0.999972540878194,3869.82138740337,6059.63794574763
4,"mu_beta","beta",0.553,0.59008770148,0.5876681,0.495052151,0.6909638175,0.03708770148,0.03708770148,TRUE,1.00030425986992,5276.73715814792,7554.38687118209
4,"mu_lambda","lambda",0.0517,0.0557726530577167,0.055639109,0.03076243075,0.0816721567,0.00407265305771666,0.00407265305771666,TRUE,1.00034981612771,9029.34285193989,8298.56220469682
4,"mu_delta","delta",0.881,0.8564991302075,0.850415895,0.6987416945,1.035216905,-0.0245008697925,0.0245008697925,TRUE,1.00076455138285,3027.73015581922,3827.88897383303
4,"mu_eta","eta",-0.427,-0.412915362884167,-0.41322411,-0.515009317,-0.3069317865,0.0140846371158333,0.0140846371158333,TRUE,1.0000008583209,3377.15636385894,5144.7958869868
5,"mu_alpha","alpha",2.9,2.99719829975833,2.99322255,2.663599265,3.35055004,0.0971982997583334,0.0971982997583334,TRUE,1.00049126096421,6295.9625546174,7918.41534360497
5,"mu_beta","beta",0.553,0.534259861583333,0.533799245,0.444584922,0.6253476895,-0.0187401384166667,0.0187401384166667,TRUE,1.00038339891955,5913.00913571936,7571.85641216509
5,"mu_lambda","lambda",0.0517,0.0670751473535833,0.0671884635,0.0479758468,0.0852129576,0.0153751473535833,0.0153751473535833,TRUE,1.00004118232124,9132.0997364069,8141.06429876136
5,"mu_delta","delta",0.881,0.782390847745,0.7769931,0.565210666,1.019460255,-0.098609152255,0.098609152255,TRUE,1.00147926797429,3750.3349852583,6192.56320962058
5,"mu_eta","eta",-0.427,-0.3943162641925,-0.39449227,-0.473310851,-0.316770551,0.0326837358075,0.0326837358075,TRUE,1.00075721402901,5373.3201720663,7320.03052394938
6,"mu_alpha","alpha",4.21,3.84303562980833,3.83533155,3.47764398,4.229369355,-0.366964370191667,0.366964370191667,TRUE,1.00074369210217,6696.99678883251,7312.23733273212
6,"mu_beta","beta",0.553,0.5823102044825,0.581027705,0.4649943895,0.7023487735,0.0293102044825,0.0293102044825,TRUE,1.00129670635554,3832.93823432106,5828.40355375561
6,"mu_lambda","lambda",0.0517,0.0571041552064167,0.056970931,0.0382759605,0.07605260425,0.00540415520641666,0.00540415520641666,TRUE,1.00020159405306,7192.47774529424,7621.24948655016
6,"mu_delta","delta",0.881,0.9875933433675,0.984220685,0.827954724,1.158464065,0.1065933433675,0.1065933433675,TRUE,1.00102595123694,3271.98448497306,3401.73896504226
6,"mu_eta","eta",-0.427,-0.377380752272167,-0.377393295,-0.4752740725,-0.2788335015,0.0496192477278333,0.0496192477278333,TRUE,1.00258808737824,2778.83290866166,5023.66204449841
7,"mu_alpha","alpha",1.62,1.57987438386833,1.57519685,1.31560811,1.85480615,-0.0401256161316668,0.0401256161316668,TRUE,1.00066588270093,5302.25808376438,7260.63440289588
7,"mu_beta","beta",0.808,0.775057609248333,0.773470815,0.651283331,0.901793786,-0.0329423907516667,0.0329423907516667,TRUE,1.00169549298332,3431.08148857609,5718.28981434963
7,"mu_lambda","lambda",0.0517,0.05328739844775,0.0534242365,0.0342808785,0.07216293685,0.00158739844774999,0.00158739844774999,TRUE,1.00014861367706,9296.16224147925,7316.74544954991
7,"mu_delta","delta",0.881,0.958326717775,0.94225113,0.787561,1.188360855,0.077326717775,0.077326717775,TRUE,1.00203061084776,1427.91848125457,2954.3864245839
7,"mu_eta","eta",-0.427,-0.386962296716083,-0.38690273,-0.4874714885,-0.2856231225,0.0400377032839166,0.0400377032839166,TRUE,1.00122389538346,3956.57276350697,6480.10922055369
8,"mu_alpha","alpha",2.9,2.93913483686667,2.931433,2.56831154,3.334658765,0.0391348368666669,0.0391348368666669,TRUE,1.00187367514503,3951.43688311041,6267.9858876094
8,"mu_beta","beta",0.808,0.81292895174,0.812161895,0.748196256,0.8795663025,0.00492895173999996,0.00492895173999996,TRUE,1.00051928443912,12563.760297744,8395.66045674894
8,"mu_lambda","lambda",0.0517,0.0287248199402675,0.0284885065,0.01229315905,0.0457805174,-0.0229751800597325,0.0229751800597325,FALSE,1.00078875349357,6699.09235293138,5456.94612483033
8,"mu_delta","delta",0.881,0.835842986783333,0.83112142,0.6304999675,1.061265225,-0.0451570132166667,0.0451570132166667,TRUE,1.00030837413204,2818.48326725066,4156.7835252537
8,"mu_eta","eta",-0.427,-0.462165323921667,-0.461970265,-0.5286471155,-0.3971800085,-0.0351653239216667,0.0351653239216667,TRUE,1.00072037628078,3834.81763127864,6135.63203142441
9,"mu_alpha","alpha",4.21,4.13142856751667,4.12195855,3.762376675,4.534793995,-0.0785714324833329,0.0785714324833329,TRUE,1.00070991821357,5508.55557568331,6261.543400184
9,"mu_beta","beta",0.808,0.74720907475,0.746372245,0.671291991,0.82666897,-0.0607909252500001,0.0607909252500001,TRUE,0.999804680903517,6368.2215924917,6095.02442176362
9,"mu_lambda","lambda",0.0517,0.0427158945178833,0.0426182025,0.02491379905,0.06119164115,-0.00898410548211667,0.00898410548211667,TRUE,1.00016865535079,4495.68457824897,5281.52804204231
9,"mu_delta","delta",0.881,0.736970800835,0.73375349,0.6199865235,0.8621860795,-0.144029199165,0.144029199165,FALSE,1.00160417041527,2625.52209993735,3425.40422991374
9,"mu_eta","eta",-0.427,-0.464985929404167,-0.465119225,-0.54355377,-0.385719959,-0.0379859294041667,0.0379859294041667,TRUE,1.00088914528271,2522.43285627603,4534.65026165207
10,"mu_alpha","alpha",1.62,1.66643403296667,1.66169895,1.403762665,1.946487485,0.0464340329666666,0.0464340329666666,TRUE,1.00111633744035,4305.43041295417,7141.40112271109
10,"mu_beta","beta",0.284,0.1877317241125,0.1865735,0.114870073,0.2635965665,-0.0962682758875,0.0962682758875,FALSE,1.00014826466246,4446.63588040236,6498.56578307037
10,"mu_lambda","lambda",0.0814,0.0749086302076667,0.074910206,0.050301316,0.0988498414,-0.00649136979233333,0.00649136979233333,TRUE,1.00022174592431,11156.6469925789,8218.6744847187
10,"mu_delta","delta",0.881,0.849233058520833,0.849322355,0.722043032,0.9780704745,-0.0317669414791667,0.0317669414791667,TRUE,1.00010312930636,5315.4361291559,6887.34778810751
10,"mu_eta","eta",-0.427,-0.400403169445,-0.40098934,-0.5028780655,-0.295845368,0.026596830555,0.026596830555,TRUE,0.999924519051293,7498.96153818337,7826.64451695877
11,"mu_alpha","alpha",2.9,2.87399681535833,2.8684115,2.50227003,3.262967485,-0.0260031846416666,0.0260031846416666,TRUE,1.00034965109221,4416.74852955467,6598.83445001142
11,"mu_beta","beta",0.284,0.279035546817167,0.278690215,0.1868703915,0.371655044,-0.00496445318283328,0.00496445318283328,TRUE,1.00014666651234,4390.49064820728,6666.16806299399
11,"mu_lambda","lambda",0.0814,0.0750639934011667,0.0745457065,0.04562569325,0.10571645,-0.00633600659883334,0.00633600659883334,TRUE,1.00054578638681,5628.80816741001,7192.31190798204
11,"mu_delta","delta",0.881,0.596157877810433,0.60022575,0.3555092325,0.8246332215,-0.284842122189567,0.284842122189567,FALSE,1.00145841284351,4018.51821778409,4374.73679387145
11,"mu_eta","eta",-0.427,-0.309867208287167,-0.30941862,-0.410410655,-0.2120452965,0.117132791712833,0.117132791712833,FALSE,0.99984451026635,4700.96502763202,5933.14643007474
12,"mu_alpha","alpha",4.21,4.039943935125,4.03293835,3.76307162,4.343460695,-0.170056064875,0.170056064875,TRUE,0.999955942009914,12083.4684749479,7934.65579241765
12,"mu_beta","beta",0.284,0.328853173389167,0.32777486,0.242872261,0.4171043755,0.0448531733891667,0.0448531733891667,TRUE,1.000233217954,7046.32624984079,7357.61973539826
12,"mu_lambda","lambda",0.0814,0.0576051109529167,0.0574150325,0.0375001821,0.07889272245,-0.0237948890470833,0.0237948890470833,FALSE,1.00037328114627,7956.80776896629,8237.64978781774
12,"mu_delta","delta",0.881,0.871546299645,0.87035307,0.7404432115,1.00697736,-0.00945370035500004,0.00945370035500004,TRUE,1.00048594445047,3944.44393222878,6812.12880202307
12,"mu_eta","eta",-0.427,-0.446712061751667,-0.445751535,-0.549273721,-0.3445545295,-0.0197120617516667,0.0197120617516667,TRUE,1.00061776435296,4053.05982996713,6131.75781656845
13,"mu_alpha","alpha",1.62,1.64219994376667,1.63827645,1.395907585,1.89769207,0.0221999437666665,0.0221999437666665,TRUE,1.00036258841202,6153.26537630156,7050.09629386596
13,"mu_beta","beta",0.553,0.55711148433,0.55554642,0.459466725,0.6600327295,0.00411148432999997,0.00411148432999997,TRUE,1.00028086207471,4397.35846385229,7029.3303786573
13,"mu_lambda","lambda",0.0814,0.0769200099914167,0.076897638,0.05004570015,0.104195115,-0.00447999000858333,0.00447999000858333,TRUE,1.00019917688642,7333.11223763997,7805.38459459716
13,"mu_delta","delta",0.881,0.895747522044167,0.891103985,0.7446113125,1.062842135,0.0147475220441666,0.0147475220441666,TRUE,1.00064071735051,4337.68018873279,2970.96527835258
13,"mu_eta","eta",-0.427,-0.3873313929525,-0.387637665,-0.455054535,-0.31802677,0.0396686070475,0.0396686070475,TRUE,1.00022050584147,7715.87339807262,7861.59316814289
14,"mu_alpha","alpha",2.9,2.74405659545833,2.73785545,2.328871275,3.172426185,-0.155943404541667,0.155943404541667,TRUE,1.0003518265715,3458.58490876987,5718.38375859033
14,"mu_beta","beta",0.553,0.601645122735833,0.600914405,0.5367255225,0.6695081335,0.0486451227358333,0.0486451227358333,TRUE,1.00042485279483,8868.1965212987,8199.65948297587
14,"mu_lambda","lambda",0.0814,0.0667952868051667,0.0669030795,0.04657646225,0.086906015,-0.0146047131948333,0.0146047131948333,TRUE,1.00076830345785,6760.71941467843,7163.87314186464
14,"mu_delta","delta",0.881,1.04058720795667,1.03410915,0.8345400005,1.28376088,0.159587207956667,0.159587207956667,TRUE,1.00089635684933,2799.31777022967,2852.03334119992
14,"mu_eta","eta",-0.427,-0.434892403271667,-0.43504646,-0.4998943325,-0.368964324,-0.00789240327166668,0.00789240327166668,TRUE,1.00032912411276,5048.49682007388,8030.45546211764
15,"mu_alpha","alpha",4.21,4.37659238596667,4.3656525,4.032539695,4.75999315,0.166592385966667,0.166592385966667,TRUE,1.00075587351084,8699.55856588003,7580.57238957812
15,"mu_beta","beta",0.553,0.527285056414167,0.526215675,0.4017127485,0.656487103,-0.0257149435858334,0.0257149435858334,TRUE,1.00090196170397,3914.47078710182,6329.20886060455
15,"mu_lambda","lambda",0.0814,0.0895974031541667,0.089471987,0.07020429155,0.109694316,0.00819740315416667,0.00819740315416667,TRUE,1.00032959736501,6343.19773514656,8004.7722659439
15,"mu_delta","delta",0.881,0.924607571484167,0.916389155,0.786781443,1.088311785,0.0436075714841666,0.0436075714841666,TRUE,1.00056711950808,3363.17421832739,4524.14438856614
15,"mu_eta","eta",-0.427,-0.408465252965,-0.40835166,-0.512604031,-0.305972285,0.018534747035,0.018534747035,TRUE,1.00197113027067,3017.25774411872,5026.01675241721
16,"mu_alpha","alpha",1.62,1.50123160989667,1.49679045,1.27156759,1.74446309,-0.118768390103333,0.118768390103333,TRUE,1.00039126861707,6683.26462441548,7502.81726645011
16,"mu_beta","beta",0.808,0.845660368119167,0.84486222,0.7244518745,0.9713725155,0.0376603681191666,0.0376603681191666,TRUE,1.00089628225477,4301.20547079934,6501.07193762432
16,"mu_lambda","lambda",0.0814,0.0732373700293333,0.073064013,0.04835284775,0.0987525045,-0.00816262997066666,0.00816262997066666,TRUE,1.00039293592796,6609.02467002659,7132.50789753693
16,"mu_delta","delta",0.881,0.823459892474167,0.825644055,0.641441504,0.9981160455,-0.0575401075258334,0.0575401075258334,TRUE,1.00176583117443,4014.76936866229,5132.94065002488
16,"mu_eta","eta",-0.427,-0.4782845880775,-0.478064035,-0.5655426895,-0.390282415,-0.0512845880775,0.0512845880775,TRUE,1.00015963461609,4135.87939528801,7201.86485472414
17,"mu_alpha","alpha",2.9,2.84431732118333,2.83999745,2.61975264,3.07976309,-0.0556826788166664,0.0556826788166664,TRUE,1.00000511291192,8767.42624789209,6995.30919476616
17,"mu_beta","beta",0.808,0.828366996973333,0.827614405,0.724289273,0.935319992,0.0203669969733333,0.0203669969733333,TRUE,1.00082627433082,5575.60499977674,7614.39391598112
17,"mu_lambda","lambda",0.0814,0.0810981757374167,0.0808650255,0.05899848665,0.104261487,-0.000301824262583336,0.000301824262583336,TRUE,1.00054181883191,4587.72990573389,3546.64089487651
17,"mu_delta","delta",0.881,0.81304620618,0.80813786,0.5551528785,1.079787895,-0.06795379382,0.06795379382,TRUE,1.00135308424703,3214.1798897276,4856.02360748376
17,"mu_eta","eta",-0.427,-0.371324177479833,-0.37165916,-0.47028529,-0.273354097,0.0556758225201667,0.0556758225201667,TRUE,1.00075507347073,2654.83480747035,4703.96340295878
18,"mu_alpha","alpha",4.21,4.28591999911667,4.27628945,3.97861067,4.627451685,0.0759199991166666,0.0759199991166666,TRUE,1.00006194831382,10489.9650966097,7810.98664991343
18,"mu_beta","beta",0.808,0.850453126488333,0.848117225,0.7317860815,0.974902351,0.0424531264883333,0.0424531264883333,TRUE,1.00020075402495,6466.89516618566,7768.42551422243
18,"mu_lambda","lambda",0.0814,0.0821692119574167,0.081924104,0.06064706055,0.104171902,0.000769211957416666,0.000769211957416666,TRUE,1.00032189955593,5021.71780420763,6469.95233088936
18,"mu_delta","delta",0.881,0.930542767509167,0.925100905,0.802324902,1.079203745,0.0495427675091666,0.0495427675091666,TRUE,1.00043916330374,3168.65205085384,5188.00897831356
18,"mu_eta","eta",-0.427,-0.357677659342333,-0.35829319,-0.4665807435,-0.248631534,0.0693223406576667,0.0693223406576667,TRUE,1.00324510655251,2964.54079911095,5132.48215850599
19,"mu_alpha","alpha",1.62,1.3764819452175,1.369361,1.065359415,1.71387008,-0.2435180547825,0.2435180547825,TRUE,0.999920117309061,4780.00623584904,6873.25443696888
19,"mu_beta","beta",0.284,0.314605955637583,0.314328765,0.2214617795,0.4108107875,0.0306059556375833,0.0306059556375833,TRUE,1.00069882190071,5214.44585581399,7636.4641832446
19,"mu_lambda","lambda",0.115,0.0998269251164167,0.099886424,0.0693698853,0.12979763,-0.0151730748835833,0.0151730748835833,TRUE,1.00030879124217,10300.855959889,8103.519029553
19,"mu_delta","delta",0.881,0.736442229498333,0.741356815,0.5701358805,0.8848073965,-0.144557770501667,0.144557770501667,TRUE,1.00016174484196,6415.98383224874,7067.71558731402
19,"mu_eta","eta",-0.427,-0.418528268900833,-0.41846445,-0.536834806,-0.300787322,0.00847173109916666,0.00847173109916666,TRUE,1.00001209778681,7144.72759030363,7593.21649655317
20,"mu_alpha","alpha",2.9,3.00963047721667,3.00412495,2.72119279,3.314314545,0.109630477216667,0.109630477216667,TRUE,1.00012035504141,9558.61542927707,8722.55249690503
20,"mu_beta","beta",0.284,0.318034653243583,0.317519555,0.214763961,0.4228453795,0.0340346532435833,0.0340346532435833,TRUE,1.00030070487417,5705.88737355807,7375.9432887684
20,"mu_lambda","lambda",0.115,0.11674705554475,0.116161275,0.08590707505,0.1492012885,0.00174705554474999,0.00174705554474999,TRUE,0.999985604712505,6795.22988923087,8024.39609345742
20,"mu_delta","delta",0.881,0.850353182913333,0.84183069,0.715715613,1.012101975,-0.0306468170866667,0.0306468170866667,TRUE,1.00201829020094,2300.81151578864,4168.33070918555
20,"mu_eta","eta",-0.427,-0.466716049144167,-0.4666903,-0.582191815,-0.353028703,-0.0397160491441667,0.0397160491441667,TRUE,1.00034545526028,5081.2211905787,6986.77885120208
21,"mu_alpha","alpha",4.21,4.49213830103333,4.4831937,4.103168395,4.908917045,0.282138301033333,0.282138301033333,TRUE,1.00022602939142,8463.46949940124,8385.07295110669
21,"mu_beta","beta",0.284,0.1805223883768,0.18043021,0.0660188865,0.2946499655,-0.1034776116232,0.1034776116232,TRUE,1.00012312374586,5292.86672544101,6812.53271992005
21,"mu_lambda","lambda",0.115,0.130236935246417,0.13007808,0.1027439715,0.1587698415,0.0152369352464167,0.0152369352464167,TRUE,1.00013833515876,5585.62896517489,7823.39269692952
21,"mu_delta","delta",0.881,0.799291191673333,0.79994718,0.63822531,0.9561608165,-0.0817088083266667,0.0817088083266667,TRUE,1.00019379062597,5507.1928313702,5694.60946090385
21,"mu_eta","eta",-0.427,-0.475641462630833,-0.47541701,-0.5858439575,-0.369486021,-0.0486414626308334,0.0486414626308334,TRUE,1.00040903164211,5639.97273437271,7042.40888075371
22,"mu_alpha","alpha",1.62,1.56554326236583,1.5609874,1.30946027,1.839384345,-0.0544567376341667,0.0544567376341667,TRUE,1.00046536497672,5271.96079353971,6931.79442486796
22,"mu_beta","beta",0.553,0.604159521949167,0.60357461,0.5070705235,0.704745718,0.0511595219491666,0.0511595219491666,TRUE,1.00056534733684,5227.16271866234,6766.89517609722
22,"mu_lambda","lambda",0.115,0.1157973029645,0.115786665,0.09066407675,0.140460633,0.000797302964499993,0.000797302964499993,TRUE,0.999859863355334,7655.69807610333,7447.71046479843
22,"mu_delta","delta",0.881,1.13209972592167,1.11532175,0.842760076,1.477845595,0.251099725921667,0.251099725921667,TRUE,1.00499595152577,1348.84064095468,3374.73980920902
22,"mu_eta","eta",-0.427,-0.319491399142075,-0.31989287,-0.4441997535,-0.193526532,0.107508600857925,0.107508600857925,TRUE,1.00291182187726,2491.95434579885,5830.66959777516
23,"mu_alpha","alpha",2.9,2.92380411703333,2.9165142,2.52289734,3.335329865,0.0238041170333334,0.0238041170333334,TRUE,1.00022030343024,3618.15067626209,5528.92068827229
23,"mu_beta","beta",0.553,0.5223843787175,0.52123602,0.437161947,0.611418319,-0.0306156212825001,0.0306156212825001,TRUE,1.00010074265323,5199.25977522321,6753.84427169488
23,"mu_lambda","lambda",0.115,0.0958553634176667,0.0948325895,0.06360631645,0.131346213,-0.0191446365823333,0.0191446365823333,TRUE,1.00254853410625,3146.79116565,5294.24642982195
23,"mu_delta","delta",0.881,0.916062976340833,0.915050575,0.6959111255,1.1447145,0.0350629763408333,0.0350629763408333,TRUE,1.00085288989788,3464.66904500593,4487.64365971068
23,"mu_eta","eta",-0.427,-0.419698522570833,-0.41955859,-0.512128771,-0.32896261,0.00730147742916665,0.00730147742916665,TRUE,1.00129308851412,3489.34806531565,6114.22988091583
24,"mu_alpha","alpha",4.21,4.42045434061667,4.41205715,4.05866033,4.816030255,0.210454340616667,0.210454340616667,TRUE,1.00027370337299,7230.36625622822,6925.40690262823
24,"mu_beta","beta",0.553,0.435230997996667,0.43531334,0.350497537,0.520891531,-0.117769002003333,0.117769002003333,FALSE,1.00103693875065,6681.42036905983,7513.86578364807
24,"mu_lambda","lambda",0.115,0.141778670785,0.1414016,0.1144028065,0.170349706,0.026778670785,0.026778670785,TRUE,1.00028840447636,4131.92557829335,5709.07108367494
24,"mu_delta","delta",0.881,0.878256906560833,0.8809518,0.7551433735,0.9891351615,-0.00274309343916668,0.00274309343916668,TRUE,1.00528442632524,4214.04087387001,3448.07558179609
24,"mu_eta","eta",-0.427,-0.4455312081,-0.44544079,-0.546955791,-0.344393093,-0.0185312081,0.0185312081,TRUE,1.01026094362769,1454.66408779517,3667.3936115099
25,"mu_alpha","alpha",1.62,1.4358373180175,1.43390705,1.18951344,1.69330389,-0.1841626819825,0.1841626819825,TRUE,1.00078243267642,4603.92466894416,6461.62976978963
25,"mu_beta","beta",0.808,0.806776489260833,0.805069335,0.7145386425,0.9016178805,-0.00122351073916671,0.00122351073916671,TRUE,1.00037950333405,5504.92188099075,7576.25324979199
25,"mu_lambda","lambda",0.115,0.126419228105917,0.125693245,0.09626116855,0.158814532,0.0114192281059167,0.0114192281059167,TRUE,1.00044507730479,3988.99271462867,6239.11293862267
25,"mu_delta","delta",0.881,0.834706053966667,0.833197765,0.6114880645,1.06268859,-0.0462939460333334,0.0462939460333334,TRUE,1.00099577822589,2208.2533677445,2750.34484316339
25,"mu_eta","eta",-0.427,-0.456946764765833,-0.457139255,-0.5614387695,-0.351158202,-0.0299467647658334,0.0299467647658334,TRUE,1.00132766037163,2795.70133389596,5286.61506113468
26,"mu_alpha","alpha",2.9,2.905413000375,2.89963215,2.61033019,3.2260439,0.00541300037499992,0.00541300037499992,TRUE,1.00037961888955,9323.37561112209,8973.72331831607
26,"mu_beta","beta",0.808,0.816704361608333,0.81501458,0.699097013,0.9381992245,0.00870436160833332,0.00870436160833332,TRUE,1.0002239680262,6726.54148266221,8053.01272861229
26,"mu_lambda","lambda",0.115,0.115936397902083,0.11586839,0.0942015001,0.1379067755,0.00093639790208333,0.00093639790208333,TRUE,1.0002399337303,7694.34426537652,8641.75696791259
26,"mu_delta","delta",0.881,0.892283348334167,0.899254455,0.706579442,1.056345745,0.0112833483341667,0.0112833483341667,TRUE,1.0002032031691,5347.53214634,6001.45349745128
26,"mu_eta","eta",-0.427,-0.388543049348333,-0.388359135,-0.4836979255,-0.2939591495,0.0384569506516667,0.0384569506516667,TRUE,1.00095778030436,4839.6931948933,6648.91405929508
27,"mu_alpha","alpha",4.21,4.72819690004167,4.7146165,4.34228962,5.155400135,0.518196900041667,0.518196900041667,FALSE,1.00034976193896,7820.85165018944,7846.21573740091
27,"mu_beta","beta",0.808,0.7152828008025,0.713795735,0.6170793965,0.8196116445,-0.0927171991975001,0.0927171991975001,TRUE,1.00019478447329,7214.36277562085,8183.40480365656
27,"mu_lambda","lambda",0.115,0.108838547404667,0.10840536,0.07810365145,0.1411665385,-0.00616145259533334,0.00616145259533334,TRUE,1.00041817157221,2922.57196030137,4664.36930254506
27,"mu_delta","delta",0.881,0.8093479095425,0.81062362,0.666874407,0.9451367495,-0.0716520904575,0.0716520904575,TRUE,1.00125602209205,2780.14520473035,4811.59724201751
27,"mu_eta","eta",-0.427,-0.4399240295975,-0.44000936,-0.5265339495,-0.3523738035,-0.0129240295975,0.0129240295975,TRUE,1.00169032085,3380.61631253765,5151.81907139639
28,"mu_alpha","alpha",1.62,1.62421845701083,1.61927055,1.378577985,1.88317349,0.00421845701083323,0.00421845701083323,TRUE,1.00062296217654,4698.04835016453,6499.56328942121
28,"mu_beta","beta",0.284,0.3293252780075,0.32921369,0.2529522285,0.407104778,0.0453252780075,0.0453252780075,TRUE,1.00061466580814,4211.12818249831,6437.12360630055
28,"mu_lambda","lambda",0.0517,0.0497077242175833,0.049218138,0.0219043335,0.0788506932,-0.00199227578241667,0.00199227578241667,TRUE,1.00028965494361,6770.18529873659,5815.35480531128
28,"mu_delta","delta",0.988,0.9328056743875,0.93488802,0.7242743185,1.130635705,-0.0551943256125,0.0551943256125,TRUE,1.0017489579568,2981.56800835419,4410.74098395857
28,"mu_eta","eta",-0.427,-0.398063129269167,-0.39733219,-0.504586751,-0.295350205,0.0289368707308333,0.0289368707308333,TRUE,1.00072567549092,3713.78594850709,4480.2389501892
29,"mu_alpha","alpha",2.9,2.56328111068333,2.56077495,2.307932745,2.83364241,-0.336718889316666,0.336718889316666,FALSE,1.00055152847956,8846.41683850097,8492.58861349761
29,"mu_beta","beta",0.284,0.278410047996917,0.277852765,0.1902131735,0.3693462,-0.00558995200308332,0.00558995200308332,TRUE,1.00008794023876,5720.8472325105,7151.16947602651
29,"mu_lambda","lambda",0.0517,0.0401405061622683,0.039605494,0.0172572464,0.0642407734,-0.0115594938377317,0.0115594938377317,TRUE,1.0004710926873,9463.25050217671,7551.42920939005
29,"mu_delta","delta",0.988,1.09120000870917,1.0863898,0.917575284,1.28351099,0.103200008709167,0.103200008709167,TRUE,1.00079856288337,4699.50898658314,6958.77324867315
29,"mu_eta","eta",-0.427,-0.334352891802833,-0.33477022,-0.4357925525,-0.2288827145,0.0926471081971666,0.0926471081971666,TRUE,1.00090783592322,6105.4231551865,7919.21015764447
30,"mu_alpha","alpha",4.21,4.10740386300833,4.1019308,3.796296025,4.443122665,-0.102596136991667,0.102596136991667,TRUE,1.00025137920283,7443.82058978524,7215.49316832229
30,"mu_beta","beta",0.284,0.344094519216208,0.343208795,0.221852146,0.468592367,0.0600945192162083,0.0600945192162083,TRUE,1.00093306658597,3020.84526190642,5079.23676963023
30,"mu_lambda","lambda",0.0517,0.0556111920890833,0.055605494,0.04046322555,0.0704382358,0.00391119208908333,0.00391119208908333,TRUE,1.00012248684242,8104.147853729,7046.20078757764
30,"mu_delta","delta",0.988,0.917772387539167,0.9106309,0.77933927,1.075116515,-0.0702276124608333,0.0702276124608333,TRUE,1.00131552478503,3336.4999151791,5014.40855494445
30,"mu_eta","eta",-0.427,-0.4493479351775,-0.45031803,-0.540534203,-0.3565060215,-0.0223479351775,0.0223479351775,TRUE,1.00035264938488,3879.38302089727,5252.31997893125
31,"mu_alpha","alpha",1.62,1.89198698045,1.88738135,1.568208085,2.23307296,0.27198698045,0.27198698045,TRUE,1.00052042356067,3094.2727365466,4904.53398609362
31,"mu_beta","beta",0.553,0.574055083215833,0.574226565,0.482594598,0.667008708,0.0210550832158333,0.0210550832158333,TRUE,1.00109538713684,4284.37434951876,5972.75623168568
31,"mu_lambda","lambda",0.0517,0.08217441203725,0.0818630335,0.0570419044,0.1079836345,0.03047441203725,0.03047441203725,FALSE,1.00114265062768,5763.34312033002,6302.79455298909
31,"mu_delta","delta",0.988,1.12021597949917,1.12262925,0.655869643,1.570059385,0.132215979499167,0.132215979499167,TRUE,1.00186213350633,2218.96141439128,4681.53371917156
31,"mu_eta","eta",-0.427,-0.512898053720833,-0.51248523,-0.5973417815,-0.4283751795,-0.0858980537208333,0.0858980537208333,FALSE,1.00026183706437,3967.75095036677,6366.00246766704
32,"mu_alpha","alpha",2.9,2.85839438380833,2.8511383,2.57699548,3.163302215,-0.0416056161916667,0.0416056161916667,TRUE,1.00094513276755,5211.6871539927,6921.22948342836
32,"mu_beta","beta",0.553,0.560882588988333,0.55927784,0.462981153,0.663926782,0.00788258898833327,0.00788258898833327,TRUE,1.00062026913941,3846.6725662429,5982.42448511126
32,"mu_lambda","lambda",0.0517,0.0607901599210833,0.060635342,0.03813601695,0.08400473975,0.00909015992108333,0.00909015992108333,TRUE,1.00074339079101,4696.80453191891,5912.12498724631
32,"mu_delta","delta",0.988,1.00792719439417,1.00164645,0.848850229,1.18970536,0.0199271943941666,0.0199271943941666,TRUE,1.00041297698551,2504.69114149806,2914.55979064541
32,"mu_eta","eta",-0.427,-0.482940074353333,-0.48268977,-0.5971693175,-0.365421374,-0.0559400743533334,0.0559400743533334,TRUE,1.00065180608026,2393.08157269992,4678.80742971677
33,"mu_alpha","alpha",4.21,4.08941512948333,4.08188385,3.680179175,4.52438577,-0.120584870516667,0.120584870516667,TRUE,1.00017886691636,5794.68544855161,6757.76462262354
33,"mu_beta","beta",0.553,0.556804622289167,0.554925605,0.472839938,0.6439850945,0.00380462228916667,0.00380462228916667,TRUE,1.00027604436645,5745.14847361482,7506.35907732026
33,"mu_lambda","lambda",0.0517,0.056286383569,0.0563173545,0.0418319383,0.0702863779,0.004586383569,0.004586383569,TRUE,1.00034908418274,7541.60499420678,6727.39178091703
33,"mu_delta","delta",0.988,0.949757956675833,0.943200165,0.7848719555,1.13701868,-0.0382420433241667,0.0382420433241667,TRUE,1.0009465548427,2307.43530838599,3949.23835067962
33,"mu_eta","eta",-0.427,-0.339559247661583,-0.33993933,-0.425679563,-0.250920477,0.0874407523384166,0.0874407523384166,FALSE,1.0006036468162,2541.65169861435,5135.5928822319
34,"mu_alpha","alpha",1.62,1.5057776226875,1.5046738,1.26672709,1.74619804,-0.1142223773125,0.1142223773125,TRUE,1.00038406091049,7354.37471555073,8520.21873831589
34,"mu_beta","beta",0.808,0.784933616051667,0.784297795,0.681339491,0.890741623,-0.0230663839483334,0.0230663839483334,TRUE,1.000884173334,6702.60931805594,8408.29477082778
34,"mu_lambda","lambda",0.0517,0.0661875311810833,0.0659951925,0.03902260825,0.09395135115,0.0144875311810833,0.0144875311810833,TRUE,0.999910045654818,7533.23134372911,8300.88438059005
34,"mu_delta","delta",0.988,0.656114310935792,0.65717797,0.278427965,1.021931865,-0.331885689064208,0.331885689064208,TRUE,1.00029615734358,4095.33036919158,6644.34403614477
34,"mu_eta","eta",-0.427,-0.387427373363333,-0.387381635,-0.457189583,-0.317353729,0.0395726266366667,0.0395726266366667,TRUE,1.00000034803799,7299.90971238407,8448.4818024224
35,"mu_alpha","alpha",2.9,2.77022637415833,2.76842425,2.372109785,3.18088808,-0.129773625841667,0.129773625841667,TRUE,1.00014517382582,4817.4565662035,6784.53383745177
35,"mu_beta","beta",0.808,0.833469195150833,0.832599295,0.7476190525,0.923812252,0.0254691951508332,0.0254691951508332,TRUE,1.00026074421692,7257.75866247982,7725.53666123858
35,"mu_lambda","lambda",0.0517,0.062469245126,0.0623588675,0.04204689955,0.08326097255,0.010769245126,0.010769245126,TRUE,1.00019166290589,6907.8942967485,7677.77048349446
35,"mu_delta","delta",0.988,1.071016893375,1.0639961,0.8164578165,1.346804795,0.083016893375,0.083016893375,TRUE,1.00282777075147,1688.49854694165,2240.48899088572
35,"mu_eta","eta",-0.427,-0.422172032036167,-0.42252958,-0.535755647,-0.3056241355,0.00482796796383334,0.00482796796383334,TRUE,1.00097299298642,2700.42499287963,4958.5539031435
36,"mu_alpha","alpha",4.21,4.06999992623333,4.06190215,3.680266935,4.49325043,-0.140000073766666,0.140000073766666,TRUE,1.00069974356895,6842.17676418597,7777.27808884364
36,"mu_beta","beta",0.808,0.725561808285,0.72454587,0.616115752,0.8380605385,-0.082438191715,0.082438191715,TRUE,1.00006603584322,5435.54023064453,8128.34728495925
36,"mu_lambda","lambda",0.0517,0.0460046385343,0.045964602,0.0280818903,0.0641936888,-0.0056953614657,0.0056953614657,TRUE,1.00033717328187,6495.829687243,6889.70382619482
36,"mu_delta","delta",0.988,1.07065345444,1.06013835,0.8968203145,1.28181132,0.0826534544399999,0.0826534544399999,TRUE,1.0018527797286,2324.69837500223,3087.03181452449
36,"mu_eta","eta",-0.427,-0.395609049487333,-0.395066715,-0.5061158235,-0.2871551855,0.0313909505126667,0.0313909505126667,TRUE,1.00409934903949,2369.69767614527,4554.89471537213
37,"mu_alpha","alpha",1.62,1.68759018295833,1.6851088,1.398526095,1.988391155,0.0675901829583332,0.0675901829583332,TRUE,1.00033767232563,5897.16688856976,7891.52878632133
37,"mu_beta","beta",0.284,0.220094283917208,0.22012483,0.126486074,0.315521052,-0.0639057160827916,0.0639057160827916,TRUE,1.0006709749662,5456.32550581372,7133.13467355671
37,"mu_lambda","lambda",0.0814,0.0928220850883333,0.0921889745,0.05971971755,0.128468505,0.0114220850883333,0.0114220850883333,TRUE,1.0003108662728,10487.3220396652,8591.12461783532
37,"mu_delta","delta",0.988,0.949152425695,0.939293625,0.829167754,1.09909565,-0.038847574305,0.038847574305,TRUE,1.00035022753912,3035.58911752499,5813.65296058185
37,"mu_eta","eta",-0.427,-0.41220239669425,-0.413195435,-0.5522578355,-0.2694271365,0.01479760330575,0.01479760330575,TRUE,1.00008510058068,6212.09135794553,7506.96929339118
38,"mu_alpha","alpha",2.9,2.96489653935833,2.95960905,2.58994106,3.36519974,0.0648965393583336,0.0648965393583336,TRUE,1.00003768740972,3863.43777354575,6452.08650811682
38,"mu_beta","beta",0.284,0.310200318195658,0.30922399,0.179409552,0.4439197095,0.0262003181956584,0.0262003181956584,TRUE,1.00127516575587,2380.00442317364,4352.89779796832
38,"mu_lambda","lambda",0.0814,0.0692291612788,0.068520127,0.04051286295,0.100770729,-0.0121708387212,0.0121708387212,TRUE,1.00141493733043,5317.40511346136,6381.63650768562
38,"mu_delta","delta",0.988,0.996229623753333,0.99712869,0.802556984,1.19182229,0.00822962375333336,0.00822962375333336,TRUE,1.00034113075767,4304.46594077614,5086.65582185137
38,"mu_eta","eta",-0.427,-0.4521638380925,-0.451788885,-0.539552034,-0.365246716,-0.0251638380925,0.0251638380925,TRUE,1.00057546746445,5615.09335779765,7308.4431292056
39,"mu_alpha","alpha",4.21,4.58882161603333,4.5799322,4.24375664,4.968759025,0.378821616033333,0.378821616033333,FALSE,1.00014190301034,6148.34447675652,5986.8419482604
39,"mu_beta","beta",0.284,0.330952079393333,0.329944105,0.23929605,0.4255476295,0.0469520793933333,0.0469520793933333,TRUE,1.00018635113853,3679.74596172678,5295.41786631632
39,"mu_lambda","lambda",0.0814,0.0820627500001667,0.082011553,0.0633280532,0.1010989545,0.000662750000166662,0.000662750000166662,TRUE,1.00135873807859,4679.53681266116,5951.22434483483
39,"mu_delta","delta",0.988,0.876029275604167,0.87980651,0.6169380035,1.11948047,-0.111970724395833,0.111970724395833,TRUE,1.00078355584438,3122.91278556057,4504.30279283223
39,"mu_eta","eta",-0.427,-0.388149229648333,-0.388000945,-0.4530394345,-0.3240206575,0.0388507703516667,0.0388507703516667,TRUE,1.00029060733259,4010.08870320935,5733.37870224356
40,"mu_alpha","alpha",1.62,1.50733537937833,1.50306475,1.240934555,1.79223539,-0.112664620621667,0.112664620621667,TRUE,1.00030224688674,4358.85959034158,6050.02398553723
40,"mu_beta","beta",0.553,0.503255052683333,0.501614695,0.4145424955,0.595456211,-0.0497449473166667,0.0497449473166667,TRUE,1.00070670838685,4175.81335948056,6660.26231732996
40,"mu_lambda","lambda",0.0814,0.0540505285186417,0.054193591,0.03240813555,0.07499829625,-0.0273494714813583,0.0273494714813583,FALSE,0.999869564974419,9598.33807794529,6249.27871711558
40,"mu_delta","delta",0.988,1.05258316663083,1.03236915,0.870369481,1.30389446,0.0645831666308334,0.0645831666308334,TRUE,1.00087941034013,2676.38636573749,3130.13521730928
40,"mu_eta","eta",-0.427,-0.443233935055,-0.44358016,-0.5537682715,-0.332939969,-0.016233935055,0.016233935055,TRUE,1.00328421026006,3515.00011499403,6100.7123915142
41,"mu_alpha","alpha",2.9,2.89121975129167,2.88814135,2.605867925,3.189198635,-0.00878024870833327,0.00878024870833327,TRUE,1.00045948863851,6780.31487528722,6505.76709575148
41,"mu_beta","beta",0.553,0.5952277744975,0.593980965,0.461781312,0.733362433,0.0422277744974999,0.0422277744974999,TRUE,1.00050229494076,3082.13488867927,5599.89276067814
41,"mu_lambda","lambda",0.0814,0.0927530750349167,0.092277687,0.06672990445,0.119132765,0.0113530750349167,0.0113530750349167,TRUE,1.00079981597224,5311.1418584637,6835.14698115949
41,"mu_delta","delta",0.988,0.893099717925833,0.893945615,0.7075103805,1.07840959,-0.0949002820741667,0.0949002820741667,TRUE,1.00036306101571,3127.85587178132,4887.04307277536
41,"mu_eta","eta",-0.427,-0.358177462811583,-0.358065335,-0.4596200065,-0.2574982735,0.0688225371884166,0.0688225371884166,TRUE,1.00134671054122,3442.42009863003,5761.37239635569
42,"mu_alpha","alpha",4.21,4.121740871075,4.11498765,3.69851932,4.575149865,-0.0882591289250003,0.0882591289250003,TRUE,1.0002218169695,5971.50228893453,6559.74722005273
42,"mu_beta","beta",0.553,0.655143121785833,0.654251625,0.5566207495,0.756861649,0.102143121785833,0.102143121785833,FALSE,0.999885658549832,5021.85582850801,7130.13652161476
42,"mu_lambda","lambda",0.0814,0.0719439163040833,0.071620341,0.05047171225,0.09428320375,-0.00945608369591666,0.00945608369591666,TRUE,1.00017616135064,4392.50398597211,6345.58346628516
42,"mu_delta","delta",0.988,0.980057745218333,0.9724458,0.743483279,1.241609095,-0.00794225478166666,0.00794225478166666,TRUE,1.00288669611768,2900.49113087041,4438.6673951436
42,"mu_eta","eta",-0.427,-0.3824851080525,-0.38259968,-0.4731954485,-0.291267146,0.0445148919475,0.0445148919475,TRUE,1.00082353886497,3123.5054731979,4310.32823542154
43,"mu_alpha","alpha",1.62,1.49586083881917,1.49357365,1.243738155,1.75594005,-0.124139161180833,0.124139161180833,TRUE,1.00079596427708,4681.59474973047,6958.93712260895
43,"mu_beta","beta",0.808,0.700219568683333,0.69921696,0.626712754,0.7767085245,-0.107780431316667,0.107780431316667,FALSE,1.00067367729054,7626.53697564824,8612.49791396451
43,"mu_lambda","lambda",0.0814,0.0811085810468333,0.080902495,0.05748894865,0.1054200835,-0.000291418953166672,0.000291418953166672,TRUE,1.0005066952563,6630.94604703461,7192.04528530119
43,"mu_delta","delta",0.988,0.880657631179167,0.87899306,0.781886142,0.9854499195,-0.107342368820833,0.107342368820833,FALSE,1.00169317305058,4730.92183413546,4387.09177484156
43,"mu_eta","eta",-0.427,-0.434348640335833,-0.434655935,-0.530123728,-0.3360955525,-0.00734864033583332,0.00734864033583332,TRUE,1.00090404423625,3820.71316251243,5694.75399567622
44,"mu_alpha","alpha",2.9,2.9734402883,2.9687831,2.69753838,3.26860887,0.0734402883,0.0734402883,TRUE,0.999947688799891,8027.06804014952,8022.89635353944
44,"mu_beta","beta",0.808,0.773466117366667,0.77252724,0.705167346,0.8433630245,-0.0345338826333333,0.0345338826333333,TRUE,1.00017600550316,10901.8875098674,8611.89237572198
44,"mu_lambda","lambda",0.0814,0.102316991451083,0.101853375,0.0762291192,0.130208889,0.0209169914510833,0.0209169914510833,TRUE,1.00130013038198,3880.72434472759,6319.5999859819
44,"mu_delta","delta",0.988,1.081817363755,1.08274435,0.912721989,1.25249435,0.0938173637549999,0.0938173637549999,TRUE,1.00154235362479,2204.97736648051,4775.58647687902
44,"mu_eta","eta",-0.427,-0.431814262600833,-0.431422505,-0.525453126,-0.3396796025,-0.00481426260083334,0.00481426260083334,TRUE,1.00229640855571,3218.27229604711,5208.55851585528
45,"mu_alpha","alpha",4.21,4.26488664003333,4.25490055,3.830121615,4.733154305,0.0548866400333337,0.0548866400333337,TRUE,1.00014209239683,7292.37969242253,6943.84401196357
45,"mu_beta","beta",0.808,0.8210905681675,0.819086185,0.6902671215,0.9571749115,0.0130905681675,0.0130905681675,TRUE,1.00091469172727,4409.27964133381,7014.46798853338
45,"mu_lambda","lambda",0.0814,0.0606663687309167,0.0606164045,0.03853035935,0.08329192675,-0.0207336312690833,0.0207336312690833,TRUE,1.00010861196204,5191.31595296183,6478.99013250886
45,"mu_delta","delta",0.988,1.09371572981,1.08608485,0.955625724,1.25729152,0.10571572981,0.10571572981,TRUE,1.00050845306202,3062.47903895563,5164.20953028616
45,"mu_eta","eta",-0.427,-0.351709733746667,-0.35237252,-0.4385362235,-0.262096887,0.0752902662533333,0.0752902662533333,TRUE,1.0008639952267,3387.82980445578,5764.6490559818
46,"mu_alpha","alpha",1.62,1.52929972604917,1.52686165,1.30576326,1.763968465,-0.0907002739508334,0.0907002739508334,TRUE,1.00022912050642,5897.64721468807,7383.51935161597
46,"mu_beta","beta",0.284,0.318427265502667,0.317375915,0.230797191,0.4115027705,0.0344272655026667,0.0344272655026667,TRUE,1.00013106110686,4526.25751485415,6546.47696132641
46,"mu_lambda","lambda",0.115,0.143814886932917,0.14309967,0.1038401095,0.1861039785,0.0288148869329167,0.0288148869329167,TRUE,1.00083033802413,5835.22813213071,7168.52318824572
46,"mu_delta","delta",0.988,0.9248422171825,0.92594769,0.7057068005,1.139541525,-0.0631577828175,0.0631577828175,TRUE,1.00213137924501,2448.13625020622,5050.81901292907
46,"mu_eta","eta",-0.427,-0.431369867373333,-0.43167066,-0.5420684875,-0.318204068,-0.00436986737333334,0.00436986737333334,TRUE,1.00063082280425,4063.51102966645,6579.9930854038
47,"mu_alpha","alpha",2.9,2.58421120969167,2.57979055,2.25477986,2.93567683,-0.315788790308333,0.315788790308333,TRUE,1.00217417856481,4699.54351284738,7139.94104914773
47,"mu_beta","beta",0.284,0.162765211810642,0.161731,0.0885319346,0.2390861455,-0.121234788189358,0.121234788189358,FALSE,1.0003134515683,5303.0895772383,7381.96103615248
47,"mu_lambda","lambda",0.115,0.124286657312,0.123858,0.09693976195,0.1532433845,0.009286657312,0.009286657312,TRUE,1.00012152023919,7415.40571491347,8245.89909880928
47,"mu_delta","delta",0.988,0.979878311483333,0.989969905,0.784943815,1.13954839,-0.00812168851666661,0.00812168851666661,TRUE,1.00097304475148,2720.58855603915,2806.71014379948
47,"mu_eta","eta",-0.427,-0.480754559120833,-0.479378035,-0.602450027,-0.363630772,-0.0537545591208333,0.0537545591208333,TRUE,1.00176297130116,4067.82520942237,4937.54925988251
48,"mu_alpha","alpha",4.21,4.21870832719167,4.2104418,3.883795645,4.5818243,0.00870832719166703,0.00870832719166703,TRUE,1.00000638649011,6452.44030454721,6780.23756568303
48,"mu_beta","beta",0.284,0.248682938672308,0.248396175,0.1476200075,0.3499162625,-0.0353170613276916,0.0353170613276916,TRUE,1.00114788546411,3650.62997694536,6113.55314780583
48,"mu_lambda","lambda",0.115,0.113203656870667,0.112679835,0.08717747025,0.140605114,-0.00179634312933334,0.00179634312933334,TRUE,1.00020120988319,4489.98333326421,6812.6617286335
48,"mu_delta","delta",0.988,1.04090595185333,1.034474,0.8383641555,1.267051735,0.0529059518533332,0.0529059518533332,TRUE,1.00012694197855,3553.52725982801,5563.74484005951
48,"mu_eta","eta",-0.427,-0.41003225873,-0.410064725,-0.5151877635,-0.3040077805,0.01696774127,0.01696774127,TRUE,1.00071521129883,3127.75526687431,5411.42950007088
49,"mu_alpha","alpha",1.62,1.6410922640475,1.63526365,1.294706425,2.004447,0.0210922640475,0.0210922640475,TRUE,1.00118734839416,2278.7804583686,3675.55117018273
49,"mu_beta","beta",0.553,0.530023623764167,0.528895695,0.4516837685,0.6103148265,-0.0229763762358334,0.0229763762358334,TRUE,1.0001450127789,4521.30266329233,5886.87117412919
49,"mu_lambda","lambda",0.115,0.12007470797125,0.119956445,0.08786600025,0.152838248,0.00507470797124999,0.00507470797124999,TRUE,1.00054196409464,4279.4498984363,5641.89661518432
49,"mu_delta","delta",0.988,1.10905269806583,1.09951775,0.88292339,1.372457215,0.121052698065833,0.121052698065833,TRUE,1.00171434391558,2792.40134042818,3078.89066310267
49,"mu_eta","eta",-0.427,-0.440377812003333,-0.43986367,-0.5442363445,-0.335890298,-0.0133778120033333,0.0133778120033333,TRUE,1.00158306298496,3120.93984059738,5298.32798200122
50,"mu_alpha","alpha",2.9,2.70455622399167,2.6980395,2.293151275,3.143311555,-0.195443776008333,0.195443776008333,TRUE,1.00044358071274,5713.1550982218,7947.38631646704
50,"mu_beta","beta",0.553,0.623426987944167,0.62238815,0.525639344,0.7249701475,0.0704269879441666,0.0704269879441666,TRUE,0.999998113862425,6416.01114220668,6987.83446517186
50,"mu_lambda","lambda",0.115,0.124990798181,0.124217905,0.0919607622,0.160386852,0.009990798181,0.009990798181,TRUE,1.00055929876374,5786.56977654074,7609.6652881795
50,"mu_delta","delta",0.988,0.957759293965833,0.942058295,0.847723841,1.118488025,-0.0302407060341666,0.0302407060341666,TRUE,1.00034657767931,3274.76414819692,4181.68942913238
50,"mu_eta","eta",-0.427,-0.496490545620833,-0.49565742,-0.5927886015,-0.404204416,-0.0694905456208333,0.0694905456208333,TRUE,1.00014499419096,5105.97654829904,7259.93653321633
51,"mu_alpha","alpha",4.21,4.38517354160833,4.3767882,4.02460497,4.773437705,0.175173541608333,0.175173541608333,TRUE,1.00074910608175,7857.34845156789,7735.5137890301
51,"mu_beta","beta",0.553,0.567633596791667,0.56653998,0.469178618,0.669934082,0.0146335967916666,0.0146335967916666,TRUE,1.00039961513519,5574.12519702365,7657.90014930531
51,"mu_lambda","lambda",0.115,0.127417195501917,0.126654425,0.09745052595,0.1597935385,0.0124171955019167,0.0124171955019167,TRUE,1.00092236627055,3212.03395407554,5378.2056309336
51,"mu_delta","delta",0.988,0.997752816914167,0.988405405,0.7605998815,1.26522102,0.00975281691416663,0.00975281691416663,TRUE,1.00196592912466,2449.08672883956,3558.2760945164
51,"mu_eta","eta",-0.427,-0.458358035218333,-0.4591055,-0.547257244,-0.3685890135,-0.0313580352183334,0.0313580352183334,TRUE,0.999987437807723,3074.88326543731,5200.80124322695
52,"mu_alpha","alpha",1.62,1.89299592329167,1.88994905,1.60153014,2.200816325,0.272995923291667,0.272995923291667,TRUE,1.00023970726756,6688.6613970803,7970.36217937463
52,"mu_beta","beta",0.808,0.828338038868333,0.827575845,0.6853109615,0.976455937,0.0203380388683333,0.0203380388683333,TRUE,1.00197465406096,4103.680548052,6223.77283571801
52,"mu_lambda","lambda",0.115,0.1257942346335,0.125750255,0.1058755105,0.1458351385,0.0107942346335,0.0107942346335,TRUE,1.00174909446501,10800.3443031977,8614.86752270063
52,"mu_delta","delta",0.988,1.066089520815,1.04906525,0.872198275,1.31280694,0.0780895208150001,0.0780895208150001,TRUE,1.08154071583476,33.2839540310325,315.411820127507
52,"mu_eta","eta",-0.427,-0.432055474723167,-0.432102975,-0.554655734,-0.310488014,-0.0050554747231667,0.0050554747231667,TRUE,1.12077986646319,21.8810286028523,433.654095708362
53,"mu_alpha","alpha",2.9,2.70822597776667,2.70021245,2.349702605,3.0915392,-0.191774022233333,0.191774022233333,TRUE,0.999926030817438,4046.20580205097,6307.60723873178
53,"mu_beta","beta",0.808,0.7500439850425,0.748749955,0.6511333525,0.852577309,-0.0579560149575,0.0579560149575,TRUE,1.00076969306165,4408.36068065778,6662.07695594837
53,"mu_lambda","lambda",0.115,0.146315734858917,0.146251465,0.12193044,0.171043417,0.0313157348589167,0.0313157348589167,FALSE,1.00075629721971,4708.70609907139,7145.21178009272
53,"mu_delta","delta",0.988,1.1343812013175,1.12217685,0.960239572,1.345944875,0.1463812013175,0.1463812013175,TRUE,1.00054294915683,2148.61455948718,3623.32713099773
53,"mu_eta","eta",-0.427,-0.518386808023333,-0.518020065,-0.660699724,-0.3758987705,-0.0913868080233334,0.0913868080233334,TRUE,1.00108421142103,1902.26902221053,3773.1570081296
54,"mu_alpha","alpha",4.21,3.71335142941667,3.7066449,3.34559877,4.103317925,-0.496648570583333,0.496648570583333,FALSE,1.000293760261,6196.58929126165,7497.66545390091
54,"mu_beta","beta",0.808,0.9074563377175,0.905712735,0.8133258905,1.006512265,0.0994563377175,0.0994563377175,FALSE,1.00023080930224,7577.54937541524,7911.79668600712
54,"mu_lambda","lambda",0.115,0.1110356849825,0.110203065,0.0792549247,0.145268454,-0.00396431501750001,0.00396431501750001,TRUE,1.00236502213623,2627.22229890126,4944.40421756422
54,"mu_delta","delta",0.988,0.886359111629167,0.88546995,0.8082518985,0.9631231245,-0.101640888370833,0.101640888370833,FALSE,1.00054043973347,5499.77233851716,4214.85952954711
54,"mu_eta","eta",-0.427,-0.380105226603333,-0.380233715,-0.4489245485,-0.311171932,0.0468947733966666,0.0468947733966666,TRUE,1.00016377733304,4203.67887043807,5915.75804455146
55,"mu_alpha","alpha",1.62,1.48072204956,1.4779339,1.24501635,1.725439855,-0.13927795044,0.13927795044,TRUE,1.00046734855913,4013.56112712947,5849.67938407466
55,"mu_beta","beta",0.284,0.301360535428333,0.30119747,0.2285212845,0.3730814745,0.0173605354283334,0.0173605354283334,TRUE,1.00021835088876,3929.95498621631,5551.45493309007
55,"mu_lambda","lambda",0.0517,0.0392665393726942,0.0385516105,0.0150913094,0.06568335815,-0.0124334606273058,0.0124334606273058,TRUE,1.00029789884709,7075.01681899984,6353.91933464288
55,"mu_delta","delta",1.12,0.83849459617,0.83547307,0.602287995,1.08560398,-0.28150540383,0.28150540383,FALSE,1.00142225525715,3106.88691121917,5122.38625110735
55,"mu_eta","eta",-0.427,-0.457848591258333,-0.45853733,-0.581413538,-0.332318038,-0.0308485912583333,0.0308485912583333,TRUE,1.00144753733577,3826.46765901671,5903.39457687417
56,"mu_alpha","alpha",2.9,3.09305837411667,3.0842524,2.713846435,3.49626785,0.193058374116667,0.193058374116667,TRUE,1.00078887334217,4279.67009092278,6042.29455282091
56,"mu_beta","beta",0.284,0.181921689175167,0.18186151,0.0802213475,0.286896473,-0.102078310824833,0.102078310824833,TRUE,1.00084103103894,3048.40743184491,4745.33615885483
56,"mu_lambda","lambda",0.0517,0.0544862409647583,0.05456832,0.03313613185,0.0751618338,0.00278624096475833,0.00278624096475833,TRUE,1.00056904130726,6835.26782112362,6145.43277171913
56,"mu_delta","delta",1.12,1.21599257986083,1.20742745,0.976696791,1.4901256,0.0959925798608332,0.0959925798608332,TRUE,1.00109217772125,2575.56342754167,4529.14833593568
56,"mu_eta","eta",-0.427,-0.48592243498,-0.48642005,-0.5852007495,-0.3843311215,-0.05892243498,0.05892243498,TRUE,1.00129663623566,4022.6318392627,5925.24899746826
57,"mu_alpha","alpha",4.21,3.8002127635,3.7954436,3.553566645,4.063139595,-0.4097872365,0.4097872365,FALSE,1.00003694406921,8627.47024551579,8160.24857004742
57,"mu_beta","beta",0.284,0.32876260254,0.327802445,0.252769503,0.407910812,0.04476260254,0.04476260254,TRUE,1.00094953993301,4939.63107763408,6023.89579700014
57,"mu_lambda","lambda",0.0517,0.0365040581743833,0.0361539345,0.0175784194,0.0559783392,-0.0151959418256167,0.0151959418256167,TRUE,1.00035652585134,6148.72813449972,6315.04442116567
57,"mu_delta","delta",1.12,1.0133508470575,1.011498,0.760008014,1.27273983,-0.1066491529425,0.1066491529425,TRUE,1.00446102251281,2716.26322491233,4759.73298925994
57,"mu_eta","eta",-0.427,-0.504972883175833,-0.50480226,-0.6052788185,-0.4045233335,-0.0779728831758333,0.0779728831758333,TRUE,1.00075730770338,2543.15932258554,4791.94332475507
58,"mu_alpha","alpha",1.62,1.66333333673333,1.66102605,1.460878035,1.876574995,0.0433333367333333,0.0433333367333333,TRUE,1.00042627783578,5325.07867808231,6807.76411784485
58,"mu_beta","beta",0.553,0.540772240265833,0.53970883,0.4349377705,0.649172364,-0.0122277597341667,0.0122277597341667,TRUE,1.00255589450439,2785.28331199494,4988.61230794027
58,"mu_lambda","lambda",0.0517,0.05937683772175,0.0593766315,0.0394327252,0.0795929073,0.00767683772175,0.00767683772175,TRUE,1.00022769524151,6993.34922292554,6092.4404319375
58,"mu_delta","delta",1.12,1.06747533729333,1.0676639,0.8417231155,1.292826935,-0.0525246627066667,0.0525246627066667,TRUE,1.00149845437185,2354.75152086922,4068.75699674634
58,"mu_eta","eta",-0.427,-0.57489478936,-0.57489641,-0.675973758,-0.47332036,-0.14789478936,0.14789478936,FALSE,1.00126662996603,3756.73876303311,5835.33346740058
59,"mu_alpha","alpha",2.9,2.69506426196667,2.6881985,2.4196514,2.9880439,-0.204935738033333,0.204935738033333,TRUE,0.999905484992297,7449.62974551339,7095.41681206317
59,"mu_beta","beta",0.553,0.597535928005833,0.596676455,0.500806521,0.6980225255,0.0445359280058333,0.0445359280058333,TRUE,1.00115160432309,4721.13595957421,6812.01548245099
59,"mu_lambda","lambda",0.0517,0.042418682141075,0.042589298,0.02378011815,0.0600376488,-0.009281317858925,0.009281317858925,TRUE,1.00038133916682,8851.59662103551,6319.50686178421
59,"mu_delta","delta",1.12,1.22211181395417,1.21647205,1.08035217,1.38036658,0.102111813954167,0.102111813954167,TRUE,1.00185621089307,2227.90508913791,1222.65670434425
59,"mu_eta","eta",-0.427,-0.425021188571667,-0.424701375,-0.518130211,-0.332097072,0.00197881142833334,0.00197881142833334,TRUE,1.00118885331041,3901.2670671899,5911.08105305445
60,"mu_alpha","alpha",4.21,4.6931403673,4.6801192,4.326577015,5.10327754,0.4831403673,0.4831403673,FALSE,1.00014606388315,9190.86099842225,6760.56109534138
60,"mu_beta","beta",0.553,0.493146063143333,0.492136885,0.3736728365,0.6163148115,-0.0598539368566667,0.0598539368566667,TRUE,1.00058776292858,5588.47913083145,7665.61730663196
60,"mu_lambda","lambda",0.0517,0.03717436434975,0.036749494,0.01936297285,0.05579700945,-0.01452563565025,0.01452563565025,TRUE,1.0004806611128,8875.18599259906,7749.52475573962
60,"mu_delta","delta",1.12,1.08470310074083,1.07784555,0.9518706675,1.245201685,-0.0352968992591667,0.0352968992591667,TRUE,1.0007020164819,2096.47752658073,4795.6528254987
60,"mu_eta","eta",-0.427,-0.279473465662167,-0.278567475,-0.3811611585,-0.1805732395,0.147526534337833,0.147526534337833,FALSE,1.00134434650489,3434.09458303025,6003.49226830561
61,"mu_alpha","alpha",1.62,1.62923431786667,1.6255107,1.37826211,1.89589029,0.00923431786666651,0.00923431786666651,TRUE,0.999883048906465,6323.45244565821,8104.25972534111
61,"mu_beta","beta",0.808,0.920343256744167,0.91841614,0.841277476,1.005411165,0.112343256744167,0.112343256744167,FALSE,0.999918825782613,9916.53236259484,9180.37473692447
61,"mu_lambda","lambda",0.0517,0.0703348674890833,0.070123919,0.04831050385,0.09312823895,0.0186348674890833,0.0186348674890833,TRUE,1.00013537780211,6460.72690099225,7411.9863106498
61,"mu_delta","delta",1.12,1.07088990104083,1.0565111,0.8950574315,1.29284072,-0.0491100989591668,0.0491100989591668,TRUE,1.00483288007589,2279.42940625368,3313.43731124446
61,"mu_eta","eta",-0.427,-0.442323729765,-0.44227456,-0.538074758,-0.3490062225,-0.015323729765,0.015323729765,TRUE,1.00059359612356,3836.23936850513,6436.92997249902
62,"mu_alpha","alpha",2.9,2.98508843184167,2.9770342,2.66484935,3.333670455,0.0850884318416667,0.0850884318416667,TRUE,1.00125802425644,5147.08212496616,6335.16878458601
62,"mu_beta","beta",0.808,0.86201691918,0.86075805,0.764054155,0.9636852325,0.05401691918,0.05401691918,TRUE,1.00150965019052,4857.07975240129,6308.45476262005
62,"mu_lambda","lambda",0.0517,0.0475534926941667,0.047348869,0.0275268773,0.0676588616,-0.00414650730583334,0.00414650730583334,TRUE,1.00037425722097,5062.76879249768,6341.9315204241
62,"mu_delta","delta",1.12,1.10815988943167,1.1038864,0.916078039,1.31570398,-0.0118401105683335,0.0118401105683335,TRUE,1.0016374774275,2796.74327000388,5276.24264175407
62,"mu_eta","eta",-0.427,-0.3893033460825,-0.38914735,-0.4869315715,-0.291736248,0.0376966539175,0.0376966539175,TRUE,1.0012076644644,2706.92358849843,5002.48497419633
63,"mu_alpha","alpha",4.21,4.0761078777,4.0665451,3.663667045,4.52105337,-0.1338921223,0.1338921223,TRUE,1.00069374786139,5597.04947873613,7238.53448546965
63,"mu_beta","beta",0.808,0.742775850851667,0.74191198,0.6513203735,0.838379545,-0.0652241491483334,0.0652241491483334,TRUE,1.00012646770091,5928.67789290061,6873.98323995031
63,"mu_lambda","lambda",0.0517,0.0460188658752583,0.0460646155,0.0285815168,0.0634668544,-0.00568113412474167,0.00568113412474167,TRUE,1.0008694475953,5969.67637563641,6379.68975073227
63,"mu_delta","delta",1.12,1.39871670866667,1.39290055,1.26783016,1.551207545,0.278716708666667,0.278716708666667,FALSE,1.00024269846685,5553.52623822245,5264.77987658249
63,"mu_eta","eta",-0.427,-0.438963076299167,-0.438932585,-0.517423411,-0.360766223,-0.0119630762991667,0.0119630762991667,TRUE,1.00181374358395,3039.37881201399,5418.02621447499
64,"mu_alpha","alpha",1.62,1.52656250367667,1.52282635,1.301546495,1.76501055,-0.0934374963233335,0.0934374963233335,TRUE,1.00055787155483,4090.76625005987,5995.42032755587
64,"mu_beta","beta",0.284,0.201961844489183,0.201442005,0.1284580215,0.2770398625,-0.0820381555108166,0.0820381555108166,FALSE,1.00011610384019,4024.54479930163,6247.38977426486
64,"mu_lambda","lambda",0.0814,0.0850616247493333,0.0844237235,0.0535301578,0.1184629255,0.00366162474933333,0.00366162474933333,TRUE,1.0001351661173,6794.64390834407,6932.65291775866
64,"mu_delta","delta",1.12,1.09313922983917,1.09946635,0.8072397775,1.356124035,-0.0268607701608334,0.0268607701608334,TRUE,1.00152138240867,2573.29099143898,5001.10362833251
64,"mu_eta","eta",-0.427,-0.488717231274167,-0.491333455,-0.588741153,-0.3790262695,-0.0617172312741667,0.0617172312741667,TRUE,1.00062186841944,4050.60256162163,5345.22323762073
65,"mu_alpha","alpha",2.9,3.0228929441,3.0180879,2.676300175,3.383125925,0.1228929441,0.1228929441,TRUE,1.00029957830094,6143.05128428633,7794.38280824988
65,"mu_beta","beta",0.284,0.322882062856667,0.322461485,0.2292649715,0.416430051,0.0388820628566667,0.0388820628566667,TRUE,1.00126781724995,5201.76322341562,7397.32384261752
65,"mu_lambda","lambda",0.0814,0.0699258636248333,0.069776233,0.0472931363,0.0929142699,-0.0114741363751667,0.0114741363751667,TRUE,1.00023605481202,8079.4674717914,7706.50569211021
65,"mu_delta","delta",1.12,1.22569967159167,1.2281333,0.940351192,1.511022865,0.105699671591666,0.105699671591666,TRUE,1.00147223299545,4003.76457626711,5466.83478791845
65,"mu_eta","eta",-0.427,-0.436213896793333,-0.435200015,-0.5151855405,-0.3601369705,-0.00921389679333334,0.00921389679333334,TRUE,1.00004110375637,6957.40884501456,7979.09363426109
66,"mu_alpha","alpha",4.21,4.31086496661667,4.3027187,3.9388395,4.710136715,0.100864966616666,0.100864966616666,TRUE,1.00057915068221,9313.81681827066,8210.178698114
66,"mu_beta","beta",0.284,0.277851977521667,0.27742603,0.2199898075,0.3365978795,-0.00614802247833329,0.00614802247833329,TRUE,1.00023667588848,13308.4501795344,8940.44366606747
66,"mu_lambda","lambda",0.0814,0.06383174923275,0.063903519,0.04537911755,0.0823804783,-0.01756825076725,0.01756825076725,TRUE,1.00017279111878,8660.32870597419,7782.29399729988
66,"mu_delta","delta",1.12,1.16024111250083,1.15603885,1.03656601,1.297230645,0.0402411125008333,0.0402411125008333,TRUE,1.00236984252408,4754.19499073422,6640.54480832023
66,"mu_eta","eta",-0.427,-0.479944984735833,-0.479685225,-0.5686625055,-0.3920893895,-0.0529449847358334,0.0529449847358334,TRUE,1.00085404514253,4065.75187467254,6840.77636674369
67,"mu_alpha","alpha",1.62,1.49659800953583,1.48874235,1.152963175,1.872706365,-0.123401990464167,0.123401990464167,TRUE,1.00072052724287,2914.88371459042,4933.56860692908
67,"mu_beta","beta",0.553,0.637806696121667,0.63687311,0.5304331215,0.7485101145,0.0848066961216666,0.0848066961216666,TRUE,1.00180558738463,2891.97475806476,5412.68374996708
67,"mu_lambda","lambda",0.0814,0.1017937184215,0.101502345,0.0714207583,0.1332475805,0.0203937184215,0.0203937184215,TRUE,1.00080038309873,5032.06814333452,6200.81692070988
67,"mu_delta","delta",1.12,1.1175649357375,1.0777181,0.9422099615,1.437086015,-0.00243506426250018,0.00243506426250018,TRUE,1.00251566172656,1421.1686035169,2786.43530254659
67,"mu_eta","eta",-0.427,-0.460367093431667,-0.460012135,-0.578388143,-0.3440790025,-0.0333670934316667,0.0333670934316667,TRUE,1.0009470806101,3586.7184654572,6067.30371743624
68,"mu_alpha","alpha",2.9,2.69619565376667,2.6945856,2.41257343,2.990282635,-0.203804346233333,0.203804346233333,TRUE,1.00023143760765,9195.58690812165,8499.73226869499
68,"mu_beta","beta",0.553,0.5803988897475,0.579292135,0.4980095665,0.6684883745,0.0273988897474999,0.0273988897474999,TRUE,1.00038498841138,8826.53968155772,9347.06174260229
68,"mu_lambda","lambda",0.0814,0.092913585404,0.0928315655,0.0704862013,0.115942134,0.011513585404,0.011513585404,TRUE,1.00034305190765,9705.3634052718,8229.13824604658
68,"mu_delta","delta",1.12,1.11112418585167,1.10536465,0.9629936095,1.282272925,-0.00887581414833338,0.00887581414833338,TRUE,1.00035274585289,5517.86872212984,7755.58039791743
68,"mu_eta","eta",-0.427,-0.4472111814225,-0.447039295,-0.546927358,-0.3475572465,-0.0202111814225,0.0202111814225,TRUE,1.00009222100533,5400.99960124784,7619.08289061725
69,"mu_alpha","alpha",4.21,4.15233614105833,4.14173025,3.8105876,4.531972055,-0.0576638589416669,0.0576638589416669,TRUE,1.00103311456771,5976.69936666608,6340.58585273721
69,"mu_beta","beta",0.553,0.561183279866667,0.559720575,0.435724799,0.6890831995,0.00818327986666667,0.00818327986666667,TRUE,1.00047169731769,2666.1393477875,4678.07973068161
69,"mu_lambda","lambda",0.0814,0.0906343995505833,0.0900890395,0.0647974085,0.1183857485,0.00923439955058333,0.00923439955058333,TRUE,1.00191157816492,3084.17152125838,4813.13759302302
69,"mu_delta","delta",1.12,1.10989954758917,1.09953735,0.900090582,1.357452155,-0.0101004524108335,0.0101004524108335,TRUE,1.00876289125452,1109.29312277325,2436.89631606639
69,"mu_eta","eta",-0.427,-0.380060636093333,-0.379504265,-0.4832084145,-0.2773048275,0.0469393639066666,0.0469393639066666,TRUE,1.00562029111352,983.784810298938,4085.3191807939
70,"mu_alpha","alpha",1.62,1.692265192725,1.68977915,1.438336855,1.963606765,0.072265192725,0.072265192725,TRUE,1.00048917852809,5726.81310890394,7235.35057432452
70,"mu_beta","beta",0.808,0.825244554405833,0.8242129,0.7061032045,0.9492002355,0.0172445544058333,0.0172445544058333,TRUE,1.00143660900946,4538.17379921583,6481.92937943544
70,"mu_lambda","lambda",0.0814,0.0801515873545,0.0800677125,0.05620158325,0.104387106,-0.0012484126455,0.0012484126455,TRUE,1.00056218692643,6129.69689702425,7208.19083632558
70,"mu_delta","delta",1.12,1.051498591775,1.03690655,0.8588421665,1.29414776,-0.0685014082250002,0.0685014082250002,TRUE,1.00028441457006,3701.62948342898,4334.89906039398
70,"mu_eta","eta",-0.427,-0.424722688803333,-0.424536595,-0.525201769,-0.3248993645,0.00227731119666663,0.00227731119666663,TRUE,1.00036727019981,4193.49812187786,5565.39193773619
71,"mu_alpha","alpha",2.9,2.99157915236667,2.9829118,2.570271555,3.437898935,0.0915791523666667,0.0915791523666667,TRUE,1.00107884575083,3856.97295382047,6079.16163041897
71,"mu_beta","beta",0.808,0.7895497267525,0.78858368,0.7008646875,0.882323293,-0.0184502732475,0.0184502732475,TRUE,1.00052356341712,6199.11366175738,8070.13336427383
71,"mu_lambda","lambda",0.0814,0.07070270962425,0.0706767935,0.0517983798,0.08998569555,-0.01069729037575,0.01069729037575,TRUE,1.00081266922749,6436.89544764613,7555.99653669242
71,"mu_delta","delta",1.12,1.2965664729275,1.28024435,1.01251806,1.635145405,0.1765664729275,0.1765664729275,TRUE,1.00215350487815,2274.51647345484,5021.50440980846
71,"mu_eta","eta",-0.427,-0.4726281367775,-0.472664725,-0.551690599,-0.3942501985,-0.0456281367775,0.0456281367775,TRUE,1.00096376783492,3884.6801204967,6135.55709368017
72,"mu_alpha","alpha",4.21,4.28135215551667,4.273099,3.97647426,4.61808074,0.0713521555166663,0.0713521555166663,TRUE,1.00019268508651,8057.68924246783,7466.87487684446
72,"mu_beta","beta",0.808,0.839021969481667,0.837582545,0.7310538205,0.951633906,0.0310219694816666,0.0310219694816666,TRUE,1.00027327056965,5500.09839770195,7469.64225447742
72,"mu_lambda","lambda",0.0814,0.0732787713236667,0.073023397,0.05289067855,0.09404718975,-0.00812122867633333,0.00812122867633333,TRUE,1.0002255503812,4129.67176577585,6969.20363088567
72,"mu_delta","delta",1.12,1.25642033229333,1.24020105,1.07773655,1.491787535,0.136420332293333,0.136420332293333,TRUE,1.00351904554693,1432.93258588845,2480.53790711426
72,"mu_eta","eta",-0.427,-0.352168040287083,-0.35249803,-0.4528756915,-0.2513455005,0.0748319597129167,0.0748319597129167,TRUE,1.00083932560948,2147.89813410008,3783.72576692331
73,"mu_alpha","alpha",1.62,1.70450174640833,1.6982167,1.4297094,2.00184185,0.0845017464083333,0.0845017464083333,TRUE,1.00053311316346,5081.59608469093,7197.988977445
73,"mu_beta","beta",0.284,0.292583531151667,0.291292475,0.2249810565,0.363761549,0.00858353115166671,0.00858353115166671,TRUE,1.00013877464683,7787.9565863103,8262.81935779773
73,"mu_lambda","lambda",0.115,0.12232756798725,0.122006385,0.08988255615,0.15580678,0.00732756798725,0.00732756798725,TRUE,1.00060264271186,8270.31694857449,8219.88704990747
73,"mu_delta","delta",1.12,1.01532426278583,1.0148188,0.8537124475,1.179626895,-0.104675737214167,0.104675737214167,TRUE,1.0000205146909,4341.35305180174,6261.19261488157
73,"mu_eta","eta",-0.427,-0.323095462798775,-0.324645545,-0.4411292815,-0.200156239,0.103904537201225,0.103904537201225,TRUE,1.00087202434009,6510.04262284727,8049.03444466731
74,"mu_alpha","alpha",2.9,3.323281672275,3.3158142,2.95641627,3.711898025,0.423281672275,0.423281672275,FALSE,1.00015963592563,7106.10008799025,8055.65654761134
74,"mu_beta","beta",0.284,0.308463318593083,0.3080863,0.216901369,0.4016116405,0.0244633185930834,0.0244633185930834,TRUE,1.00045376064505,6459.82545458416,8063.79263914751
74,"mu_lambda","lambda",0.115,0.1392079349695,0.138607275,0.1068255965,0.173992575,0.0242079349695,0.0242079349695,TRUE,1.00033908589251,5890.56283683114,7885.5457733986
74,"mu_delta","delta",1.12,1.032730932695,1.0287585,0.896527069,1.18222784,-0.0872690673050001,0.0872690673050001,TRUE,1.00097431464433,5127.13061474612,5683.23736811126
74,"mu_eta","eta",-0.427,-0.531545979089167,-0.53047243,-0.657419827,-0.409173697,-0.104545979089167,0.104545979089167,TRUE,1.00004708737308,4682.83709568269,6495.80903191511
75,"mu_alpha","alpha",4.21,4.03854837259167,4.03093425,3.62425748,4.489417025,-0.171451627408334,0.171451627408334,TRUE,1.01094499378472,3065.32872906271,6929.82810347179
75,"mu_beta","beta",0.284,0.355863094609167,0.355318335,0.260992905,0.4536612015,0.0718630946091667,0.0718630946091667,TRUE,1.00091172784004,4323.37013191515,6208.32399109584
75,"mu_lambda","lambda",0.115,0.0993088786806667,0.099193279,0.0732731345,0.1255578985,-0.0156911213193333,0.0156911213193333,TRUE,1.00162959748925,4748.69586717467,6822.45285415055
75,"mu_delta","delta",1.12,0.906954556108583,0.911752785,0.5918466025,1.206366935,-0.213045443891417,0.213045443891417,TRUE,1.02649435911275,2967.06431952509,193.685442164095
75,"mu_eta","eta",-0.427,-0.427828785808333,-0.42696366,-0.5327867755,-0.326714273,-0.000828785808333343,0.000828785808333343,TRUE,1.01012307238094,1737.24134767822,4828.98327228493
76,"mu_alpha","alpha",1.62,1.65061275866583,1.64682825,1.36789832,1.94342135,0.0306127586658331,0.0306127586658331,TRUE,1.00221642699492,3757.40304497765,6073.41908744078
76,"mu_beta","beta",0.553,0.459500312855833,0.458480885,0.3857618385,0.537805969,-0.0934996871441667,0.0934996871441667,FALSE,1.00015680911932,5356.99708942355,6542.48065893679
76,"mu_lambda","lambda",0.115,0.154660976918917,0.15421813,0.115680135,0.1950822865,0.0396609769189167,0.0396609769189167,FALSE,1.00122930009672,3800.63608689007,5244.91362437979
76,"mu_delta","delta",1.12,1.12495749507583,1.11620915,0.906154973,1.376974695,0.00495749507583332,0.00495749507583332,TRUE,1.00218386789982,2944.68268604447,4119.98183679773
76,"mu_eta","eta",-0.427,-0.463028302964,-0.461644655,-0.608789675,-0.3177167245,-0.036028302964,0.036028302964,TRUE,1.00488215106749,2230.752040135,4265.79399711753
77,"mu_alpha","alpha",2.9,2.82340937351667,2.81998925,2.384196955,3.277725285,-0.0765906264833331,0.0765906264833331,TRUE,1.00080362005166,3095.86699416609,4938.29958766778
77,"mu_beta","beta",0.553,0.520928226951667,0.52055724,0.413165674,0.630763729,-0.0320717730483334,0.0320717730483334,TRUE,1.00169771074289,3434.98775374226,5492.05296753243
77,"mu_lambda","lambda",0.115,0.1235945853745,0.123091285,0.09613646785,0.152646598,0.00859458537449999,0.00859458537449999,TRUE,1.00068146223126,4539.93494528312,5891.39283611458
77,"mu_delta","delta",1.12,1.05505709324583,1.0509551,0.9275518785,1.192272305,-0.0649429067541667,0.0649429067541667,TRUE,1.00032610292144,3265.85627022608,5071.53523188369
77,"mu_eta","eta",-0.427,-0.602673563159167,-0.60223787,-0.726594502,-0.4797297045,-0.175673563159167,0.175673563159167,FALSE,1.000173415563,3354.31628055535,5246.45401073428
78,"mu_alpha","alpha",4.21,4.40111502349167,4.3914937,3.97181803,4.868500685,0.191115023491666,0.191115023491666,TRUE,1.00048500312557,4765.1371038052,5840.47457285043
78,"mu_beta","beta",0.553,0.552122527355833,0.55184141,0.445419372,0.66118636,-0.00087747264416671,0.00087747264416671,TRUE,1.00068667311454,4063.69662534713,6780.28202859146
78,"mu_lambda","lambda",0.115,0.1304794979425,0.129599355,0.0959746284,0.1683558735,0.0154794979425,0.0154794979425,TRUE,1.0023634977375,2168.25479557644,4317.33681777597
78,"mu_delta","delta",1.12,1.13322689352083,1.13011185,0.8651467755,1.41639104,0.0132268935208333,0.0132268935208333,TRUE,1.00188723690484,2147.6051466961,4162.74082279159
78,"mu_eta","eta",-0.427,-0.378388877284167,-0.376884835,-0.4707050575,-0.2898529225,0.0486111227158333,0.0486111227158333,TRUE,1.00244900220037,2664.99753486967,4502.43183383649
79,"mu_alpha","alpha",1.62,1.569001656325,1.5656714,1.296420395,1.852202095,-0.0509983436750001,0.0509983436750001,TRUE,1.00018267281685,6048.26464607842,7396.65318062788
79,"mu_beta","beta",0.808,0.7721749895575,0.771241435,0.664399147,0.883252558,-0.0358250104425001,0.0358250104425001,TRUE,1.00031538196604,5509.94643021379,7513.62504348204
79,"mu_lambda","lambda",0.115,0.117878210001917,0.11771173,0.09024470255,0.146089497,0.00287821000191667,0.00287821000191667,TRUE,1.00019464161346,7419.10365733987,8485.0150441935
79,"mu_delta","delta",1.12,1.36915341706167,1.36524435,1.00665443,1.75412776,0.249153417061666,0.249153417061666,TRUE,1.00079648858943,2819.62059775255,6429.47583616574
79,"mu_eta","eta",-0.427,-0.467466452025833,-0.46860646,-0.5394515475,-0.3897644185,-0.0404664520258333,0.0404664520258333,TRUE,1.00045700349883,4714.15073939398,7217.57242215287
80,"mu_alpha","alpha",2.9,3.30952510463333,3.3019495,2.87362326,3.772675655,0.409525104633333,0.409525104633333,TRUE,1.00115707484767,3728.00352927254,5374.22369092903
80,"mu_beta","beta",0.808,0.7801742824875,0.77974365,0.6661986545,0.898712055,-0.0278257175125001,0.0278257175125001,TRUE,1.00074101256372,4516.65343149987,6732.11269650787
80,"mu_lambda","lambda",0.115,0.120443514146833,0.120329585,0.1032760195,0.137838461,0.00544351414683333,0.00544351414683333,TRUE,1.00004567110953,7319.59703412231,6815.07670388065
80,"mu_delta","delta",1.12,1.04531562361167,1.032096,0.853908862,1.28203119,-0.0746843763883334,0.0746843763883334,TRUE,1.00080512051385,2525.0290461566,3414.61335239772
80,"mu_eta","eta",-0.427,-0.340709820641833,-0.3410661,-0.4716110995,-0.2079349585,0.0862901793581666,0.0862901793581666,TRUE,1.00267632945856,2070.90752245969,4300.61161625413
81,"mu_alpha","alpha",4.21,4.22561988011667,4.21802865,3.914083215,4.56821428,0.0156198801166667,0.0156198801166667,TRUE,1.00000826554575,10860.5757030034,8259.94880653058
81,"mu_beta","beta",0.808,0.824093681888333,0.822811795,0.7319978005,0.9201490015,0.0160936818883333,0.0160936818883333,TRUE,0.999890461665964,10649.9814747763,9237.65898366773
81,"mu_lambda","lambda",0.115,0.11058515120825,0.11026664,0.0858950531,0.136575767,-0.00441484879175001,0.00441484879175001,TRUE,1.00054212795092,5173.7276010943,7229.67298885004
81,"mu_delta","delta",1.12,1.1853208806825,1.1759745,1.052199315,1.347334345,0.0653208806824999,0.0653208806824999,TRUE,1.00071963447999,4755.6937801392,5415.96995230107
81,"mu_eta","eta",-0.427,-0.436235103344167,-0.435414805,-0.5421707745,-0.3365833055,-0.00923510334416666,0.00923510334416666,TRUE,1.00081772594359,3999.36538950122,6436.02815988226
82,"mu_alpha","alpha",1.62,1.589828877625,1.586643,1.40970485,1.778712475,-0.0301711223750001,0.0301711223750001,TRUE,1.00039159126031,9327.59833176718,9765.91181879955
82,"mu_beta","beta",0.284,0.2827671662725,0.282436115,0.2104453505,0.356078368,-0.00123283372749999,0.00123283372749999,TRUE,1.00075476867629,6977.79400288979,7760.90320355689
82,"mu_lambda","lambda",0.0517,0.0388061201389417,0.038781643,0.0189047131,0.0583421626,-0.0128938798610583,0.0128938798610583,TRUE,1.0000095059936,13762.8239450356,6668.9792275703
82,"mu_delta","delta",0.881,0.9400759624925,0.9352837,0.8422305015,1.05615207,0.0590759624925,0.0590759624925,TRUE,1.00009688310024,5797.92065768734,7209.52275757419
82,"mu_eta","eta",-0.3,-0.205605872467541,-0.206724535,-0.309027915,-0.0966185850000001,0.0943941275324593,0.0943941275324593,TRUE,1.00077562462817,7609.08174208568,8568.22063110862
83,"mu_alpha","alpha",2.9,2.959570892,2.95363015,2.502872635,3.434768645,0.059570892,0.059570892,TRUE,1.00025452391043,3100.26324849912,5344.46998342332
83,"mu_beta","beta",0.284,0.381291959161667,0.3810899,0.264041314,0.5009418835,0.0972919591616667,0.0972919591616667,TRUE,1.00170598454587,3108.41040813587,5083.16869621077
83,"mu_lambda","lambda",0.0517,0.0474054315131833,0.0471097475,0.02492103185,0.07014263025,-0.00429456848681667,0.00429456848681667,TRUE,1.00063502955828,6195.734082621,6004.24574148397
83,"mu_delta","delta",0.881,0.776904037,0.78425053,0.565523439,0.9658299655,-0.104095963,0.104095963,TRUE,1.00058710979668,4432.70280724687,4897.22343887781
83,"mu_eta","eta",-0.3,-0.284759979374083,-0.28501202,-0.366058348,-0.2030500585,0.0152400206259167,0.0152400206259167,TRUE,1.00008979459773,5029.79278123459,6337.11405772605
84,"mu_alpha","alpha",4.21,4.027902586575,4.01908285,3.716720055,4.36480679,-0.182097413425,0.182097413425,TRUE,1.00031453323603,10856.2241923258,8970.33741745236
84,"mu_beta","beta",0.284,0.233832033962917,0.23328386,0.16562498,0.304203621,-0.0501679660370833,0.0501679660370833,TRUE,1.00055746988046,9530.61913114148,9408.76838906776
84,"mu_lambda","lambda",0.0517,0.0593784525808333,0.0594113015,0.04114717965,0.07733083995,0.00767845258083333,0.00767845258083333,TRUE,0.999879950406459,10304.6742944453,8914.37724670818
84,"mu_delta","delta",0.881,0.813608648935,0.82137012,0.6508316875,0.950743683,-0.067391351065,0.067391351065,TRUE,1.0003229623494,5472.33445223057,6643.94920977425
84,"mu_eta","eta",-0.3,-0.350695463619333,-0.35061676,-0.4547170135,-0.248833707,-0.0506954636193334,0.0506954636193334,TRUE,1.00045247718253,4495.7740136315,6038.62543745967
85,"mu_alpha","alpha",1.62,1.790327244975,1.7852906,1.53854273,2.060088145,0.170327244975,0.170327244975,TRUE,1.00077602595011,5248.34208893068,7180.0987112375
85,"mu_beta","beta",0.553,0.529037692328333,0.52827873,0.447076663,0.613303471,-0.0239623076716667,0.0239623076716667,TRUE,1.00049078970507,5554.2890074933,7265.83222256774
85,"mu_lambda","lambda",0.0517,0.0574887602533333,0.0574409295,0.04092968385,0.0738250568,0.00578876025333333,0.00578876025333333,TRUE,0.99984620972711,13360.8394549702,7128.11837063541
85,"mu_delta","delta",0.881,0.7786681288825,0.786098805,0.543417575,0.986938107,-0.1023318711175,0.1023318711175,TRUE,1.00070289202711,3408.34726127938,5555.89625396803
85,"mu_eta","eta",-0.3,-0.299125226257333,-0.29895296,-0.3897198945,-0.209774882,0.000874773742666646,0.000874773742666646,TRUE,1.00033518154915,6021.32325268687,6066.9312666079
86,"mu_alpha","alpha",2.9,2.8829530785,2.87945465,2.579904975,3.20121507,-0.0170469215,0.0170469215,TRUE,1.00031003767174,5688.05139638601,7289.85243863524
86,"mu_beta","beta",0.553,0.647929873664167,0.646143835,0.5295312555,0.7744233945,0.0949298736641666,0.0949298736641666,TRUE,1.00031601124764,2867.20501318359,4641.93704543534
86,"mu_lambda","lambda",0.0517,0.0385468599607333,0.0385070635,0.0210140857,0.0559681436,-0.0131531400392667,0.0131531400392667,TRUE,1.00070967049191,7014.12671443094,6551.16837131372
86,"mu_delta","delta",0.881,1.03444596653833,1.0227397,0.836648494,1.272563985,0.153445966538333,0.153445966538333,TRUE,1.00248742293138,1626.67451871661,3175.52835426172
86,"mu_eta","eta",-0.3,-0.227513013976542,-0.227742765,-0.325385963,-0.126946871,0.0724869860234583,0.0724869860234583,TRUE,1.00133833925496,2646.63913581007,4868.57601095477
87,"mu_alpha","alpha",4.21,4.107584007325,4.09991825,3.745506445,4.49184369,-0.102415992675,0.102415992675,TRUE,1.00007017264139,8634.32467280124,8238.53726611604
87,"mu_beta","beta",0.553,0.472307996633333,0.471311125,0.387048444,0.5611008135,-0.0806920033666667,0.0806920033666667,TRUE,1.00025690540938,7471.15659348103,8027.86422805039
87,"mu_lambda","lambda",0.0517,0.0547073908835,0.054893557,0.0395630388,0.06951019575,0.00300739088349999,0.00300739088349999,TRUE,1.0001529523517,9379.93850599032,7660.2156856433
87,"mu_delta","delta",0.881,0.712840817390833,0.71791733,0.534746241,0.8783384345,-0.168159182609167,0.168159182609167,FALSE,1.00054267271025,3540.38170212014,5537.01660650964
87,"mu_eta","eta",-0.3,-0.282730869229167,-0.282237325,-0.383405778,-0.182317561,0.0172691307708333,0.0172691307708333,TRUE,1.00089128758853,3222.80168029074,5423.65503952485
88,"mu_alpha","alpha",1.62,1.736208432875,1.73415345,1.414809835,2.069696655,0.116208432875,0.116208432875,TRUE,1.00026950409141,4502.35696278079,7190.52533225708
88,"mu_beta","beta",0.808,0.836388428574167,0.834458895,0.7516515915,0.9255226325,0.0283884285741666,0.0283884285741666,TRUE,0.999878753306026,8429.53280185983,8334.13111300861
88,"mu_lambda","lambda",0.0517,0.0451100638815167,0.045118116,0.02773873735,0.06253170925,-0.00658993611848334,0.00658993611848334,TRUE,0.999914123774712,10071.703688491,6720.25993829676
88,"mu_delta","delta",0.881,0.8247025691625,0.82788926,0.6416268335,0.99992544,-0.0562974308375001,0.0562974308375001,TRUE,1.00052744373792,4706.79726126746,6614.14559390493
88,"mu_eta","eta",-0.3,-0.235410111130587,-0.234131405,-0.340042536,-0.132408969,0.0645898888694133,0.0645898888694133,TRUE,1.00132292052809,3324.81325368564,4928.28388007798
89,"mu_alpha","alpha",2.9,3.55541861880833,3.54682675,3.104897905,4.04128748,0.655418618808334,0.655418618808334,FALSE,1.00024989367557,4593.66473438198,6215.08310860229
89,"mu_beta","beta",0.808,0.847294555869167,0.846295385,0.6739075215,1.02220641,0.0392945558691666,0.0392945558691666,TRUE,1.00100375135385,2874.20025247804,4612.36684136213
89,"mu_lambda","lambda",0.0517,0.0497168613798333,0.049435807,0.0293904104,0.0710476863,-0.00198313862016667,0.00198313862016667,TRUE,1.00033827021147,5442.05547426884,6422.07409115872
89,"mu_delta","delta",0.881,0.956381808273333,0.94747981,0.733556818,1.21451346,0.0753818082733333,0.0753818082733333,TRUE,1.00159112941705,1987.8420099835,2107.5241461549
89,"mu_eta","eta",-0.3,-0.294603337077758,-0.295122715,-0.3944334015,-0.1924077875,0.00539666292224167,0.00539666292224167,TRUE,1.00046778711602,2817.47402616466,4737.96494544159
90,"mu_alpha","alpha",4.21,4.01187398295,4.00053665,3.646584635,4.41811344,-0.19812601705,0.19812601705,TRUE,1.00022755088175,6387.97087893747,6515.1053927571
90,"mu_beta","beta",0.808,0.828019919396667,0.827007035,0.7131717905,0.9458418795,0.0200199193966666,0.0200199193966666,TRUE,1.0009688013828,4854.20682443046,6961.92175939979
90,"mu_lambda","lambda",0.0517,0.0458571129865,0.04588515,0.02841103905,0.0631249689,-0.0058428870135,0.0058428870135,TRUE,1.00048076187287,5611.51972588868,6169.38851943581
90,"mu_delta","delta",0.881,0.855318801170833,0.85169355,0.685274654,1.039955385,-0.0256811988291666,0.0256811988291666,TRUE,1.00063813706874,2867.41627345391,4377.73094299242
90,"mu_eta","eta",-0.3,-0.353643979125,-0.35441669,-0.438451456,-0.2671016225,-0.053643979125,0.053643979125,TRUE,1.00149071689833,2729.83726516773,4201.13155298671
91,"mu_alpha","alpha",1.62,1.515520336425,1.51404905,1.26855114,1.76594441,-0.104479663575,0.104479663575,TRUE,1.0007053506149,3913.51971430381,6159.10774606377
91,"mu_beta","beta",0.284,0.250830089936,0.25060917,0.15500027,0.3459484665,-0.033169910064,0.033169910064,TRUE,1.00077514525751,2695.15842754105,4513.24253562002
91,"mu_lambda","lambda",0.0814,0.0623685203347917,0.062157377,0.0313270479,0.0943522107,-0.0190314796652083,0.0190314796652083,TRUE,1.00026468505476,5775.89221310741,5154.22075266747
91,"mu_delta","delta",0.881,0.746697244589167,0.75062315,0.5362068105,0.9452199815,-0.134302755410833,0.134302755410833,TRUE,1.00067134946751,3964.18490560136,4565.8341451773
91,"mu_eta","eta",-0.3,-0.415038108494833,-0.4151879,-0.5254205805,-0.302679784,-0.115038108494833,0.115038108494833,FALSE,1.00056481024666,4171.34383094532,5895.14170038302
92,"mu_alpha","alpha",2.9,2.76163147895,2.75483155,2.45652526,3.08293694,-0.13836852105,0.13836852105,TRUE,1.00033903529502,5439.11295677102,7430.75578950358
92,"mu_beta","beta",0.284,0.204414942396337,0.204191515,0.08707527335,0.32563397,-0.0795850576036633,0.0795850576036633,TRUE,1.00138471832356,2646.00506984798,4475.58666218775
92,"mu_lambda","lambda",0.0814,0.0693198469338333,0.069054255,0.0415013671,0.0978190631,-0.0120801530661667,0.0120801530661667,TRUE,1.00040479526266,6231.77190439993,6357.36858637418
92,"mu_delta","delta",0.881,0.860157894333333,0.86473488,0.68216222,1.025555015,-0.0208421056666667,0.0208421056666667,TRUE,1.00118380591388,3807.50597684592,4530.94204298197
92,"mu_eta","eta",-0.3,-0.373271188221333,-0.374753805,-0.4960653375,-0.249331473,-0.0732711882213333,0.0732711882213333,TRUE,1.00130317633882,3703.00260054834,5381.76394486549
93,"mu_alpha","alpha",4.21,4.18699162965833,4.18128245,3.746933425,4.656152555,-0.0230083703416666,0.0230083703416666,TRUE,1.00003914335061,5191.44251439931,7629.20614817608
93,"mu_beta","beta",0.284,0.26172502586165,0.260559505,0.16425661,0.3638389835,-0.02227497413835,0.02227497413835,TRUE,1.00142550484809,4398.78157357375,6586.77442825435
93,"mu_lambda","lambda",0.0814,0.067439686084,0.0671985275,0.04453386175,0.09130924765,-0.013960313916,0.013960313916,TRUE,1.00115537753699,6101.35531827749,7674.82870947565
93,"mu_delta","delta",0.881,0.88583160383,0.88824418,0.7569332465,1.008630315,0.00483160383000003,0.00483160383000003,TRUE,1.00009580077815,4528.25255705673,5867.93200416141
93,"mu_eta","eta",-0.3,-0.32866346870275,-0.329397405,-0.424668497,-0.2309279695,-0.02866346870275,0.02866346870275,TRUE,1.00030764735282,3701.06502038384,5557.57723739587
94,"mu_alpha","alpha",1.62,1.58742671336333,1.5840062,1.3406899,1.847773665,-0.0325732866366668,0.0325732866366668,TRUE,1.00068558650502,6326.26686485542,7455.74105510215
94,"mu_beta","beta",0.553,0.615526569518333,0.61405197,0.5377211135,0.695869376,0.0625265695183332,0.0625265695183332,TRUE,1.00006378576535,8042.0340084035,8980.5115846801
94,"mu_lambda","lambda",0.0814,0.065867307178375,0.065478895,0.0397098526,0.0933624256,-0.015532692821625,0.015532692821625,TRUE,1.00010920244786,8066.73662178669,7933.30770997986
94,"mu_delta","delta",0.881,1.00329228884167,0.989995495,0.8994038745,1.15057055,0.122292288841667,0.122292288841667,FALSE,1.00685046142463,680.479606163869,869.971189726507
94,"mu_eta","eta",-0.3,-0.4169583504925,-0.416593075,-0.5401249655,-0.293673415,-0.1169583504925,0.1169583504925,TRUE,1.00217321102669,2961.89627116366,5359.99075425986
95,"mu_alpha","alpha",2.9,2.79342544145833,2.78881325,2.52254406,3.083968865,-0.106574558541666,0.106574558541666,TRUE,1.0004575700162,7015.8339679347,7386.75543209246
95,"mu_beta","beta",0.553,0.529875108878333,0.52965707,0.4124467895,0.650294772,-0.0231248911216667,0.0231248911216667,TRUE,1.0017633123677,2898.5482128958,5020.3354687481
95,"mu_lambda","lambda",0.0814,0.0666594317058333,0.066201592,0.03992712955,0.09486496935,-0.0147405682941667,0.0147405682941667,TRUE,1.00088222508293,4073.80828621768,5690.62983513854
95,"mu_delta","delta",0.881,0.725198024238583,0.72738993,0.464036756,0.97656623,-0.155801975761417,0.155801975761417,TRUE,1.00906224389857,1531.9596804864,1427.48580963893
95,"mu_eta","eta",-0.3,-0.311497086854333,-0.30985713,-0.414342553,-0.215510956,-0.0114970868543334,0.0114970868543334,TRUE,1.12580331286817,20.7470123546392,47.6540702575779
96,"mu_alpha","alpha",4.21,4.416422233375,4.40455835,4.10230274,4.76668781,0.206422233375,0.206422233375,TRUE,1.00017694317676,8829.85314354515,6840.16009758292
96,"mu_beta","beta",0.553,0.571397951586667,0.57090898,0.463023183,0.682896429,0.0183979515866666,0.0183979515866666,TRUE,1.00105349723672,5270.12696064786,6727.61693582087
96,"mu_lambda","lambda",0.0814,0.102585450095917,0.102201105,0.0779819507,0.1282613535,0.0211854500959167,0.0211854500959167,TRUE,1.00041630781162,4418.44237324155,6303.25968547939
96,"mu_delta","delta",0.881,0.822133242528333,0.82686214,0.658188403,0.9702656,-0.0588667574716667,0.0588667574716667,TRUE,1.001495058138,3943.33090332875,3282.4532909049
96,"mu_eta","eta",-0.3,-0.307930639374244,-0.30758261,-0.4046401165,-0.213273587,-0.00793063937424415,0.00793063937424415,TRUE,1.001122170319,3083.41834788263,4914.64362354425
97,"mu_alpha","alpha",1.62,1.62895017461667,1.6259511,1.359812855,1.914024965,0.00895017461666647,0.00895017461666647,TRUE,1.0005526148825,4037.33881622549,6274.36324531355
97,"mu_beta","beta",0.808,0.802266316859167,0.80067506,0.706190691,0.901264366,-0.00573368314083333,0.00573368314083333,TRUE,1.00123542915889,4758.46101348741,6355.8615777366
97,"mu_lambda","lambda",0.0814,0.0746372030924167,0.0746245775,0.0511840277,0.09858517685,-0.00676279690758333,0.00676279690758333,TRUE,1.00107544515064,5451.58461870737,6470.54125156583
97,"mu_delta","delta",0.881,0.95049450875,0.939137815,0.856188776,1.088042345,0.06949450875,0.06949450875,TRUE,1.00140871257896,2831.90286539356,2549.65950876852
97,"mu_eta","eta",-0.3,-0.279897802815442,-0.28056601,-0.398562187,-0.162004843,0.0201021971845583,0.0201021971845583,TRUE,1.00118001274672,2687.15915116017,4468.9762403756
98,"mu_alpha","alpha",2.9,3.03296201745833,3.02663605,2.69153617,3.397754285,0.132962017458333,0.132962017458333,TRUE,1.00089534227041,5185.11236597783,6607.76248470246
98,"mu_beta","beta",0.808,0.818055511848333,0.81768406,0.7111324385,0.9276809655,0.0100555118483333,0.0100555118483333,TRUE,1.00071592382359,4791.9893260426,6666.74917561508
98,"mu_lambda","lambda",0.0814,0.0981695012995833,0.097813255,0.07637826045,0.1208894245,0.0167695012995833,0.0167695012995833,TRUE,1.00091318326652,4897.92657655685,6079.61507148021
98,"mu_delta","delta",0.881,0.914929875525833,0.908445385,0.675274717,1.17515348,0.0339298755258334,0.0339298755258334,TRUE,1.00342197112917,2108.25101579722,4317.69772390717
98,"mu_eta","eta",-0.3,-0.288472401905917,-0.288260045,-0.3890608155,-0.190511976,0.0115275980940833,0.0115275980940833,TRUE,1.00254361272366,2587.29160456128,5504.0788939726
99,"mu_alpha","alpha",4.21,4.4129012605,4.4041295,4.101290345,4.758735995,0.2029012605,0.2029012605,TRUE,0.999847060709592,9250.72847906966,7031.27204646024
99,"mu_beta","beta",0.808,0.696705979511667,0.695790435,0.597637638,0.799919692,-0.111294020488333,0.111294020488333,FALSE,1.00108768257974,6214.1916164384,6838.3039045111
99,"mu_lambda","lambda",0.0814,0.0979183135878333,0.09750126,0.07183571205,0.125896019,0.0165183135878333,0.0165183135878333,TRUE,1.00093224238023,3911.6692558007,5539.60362710727
99,"mu_delta","delta",0.881,0.8950395384675,0.88172899,0.7139051175,1.13248795,0.0140395384674999,0.0140395384674999,TRUE,1.1113672127892,55.4532885046537,34.9774862474459
99,"mu_eta","eta",-0.3,-0.283092267284167,-0.27963135,-0.407884183,-0.1698213235,0.0169077327158333,0.0169077327158333,TRUE,1.08775357267445,31.3888895214083,102.35317084041
100,"mu_alpha","alpha",1.62,1.6166506640925,1.61431285,1.37219907,1.87013006,-0.00334933590750008,0.00334933590750008,TRUE,1.00000573578516,5396.28679824729,7154.21347287838
100,"mu_beta","beta",0.284,0.30903248125525,0.30837012,0.215359138,0.4053765645,0.02503248125525,0.02503248125525,TRUE,1.00084482892647,3613.29819622368,5985.09024211961
100,"mu_lambda","lambda",0.115,0.110753527099917,0.109902935,0.07768836605,0.1459470115,-0.00424647290008334,0.00424647290008334,TRUE,1.0004392515934,7484.43449699866,7992.90761715557
100,"mu_delta","delta",0.881,0.821451744925833,0.82957262,0.6020019505,1.0129807,-0.0595482550741667,0.0595482550741667,TRUE,1.00067792740595,4539.83939037355,5793.53327663182
100,"mu_eta","eta",-0.3,-0.409256763854167,-0.409562835,-0.499165154,-0.3208321185,-0.109256763854167,0.109256763854167,FALSE,1.00013040213821,7519.63971393737,7738.9444800077
101,"mu_alpha","alpha",2.9,2.95487365258333,2.94820705,2.63820945,3.29649329,0.0548736525833333,0.0548736525833333,TRUE,1.00031324811342,6269.89879311606,7454.8742576521
101,"mu_beta","beta",0.284,0.32667484039525,0.325956635,0.2311912925,0.424116451,0.04267484039525,0.04267484039525,TRUE,1.00113735837711,4951.45091855742,7048.62207379407
101,"mu_lambda","lambda",0.115,0.107975911243417,0.10751406,0.0757910513,0.141913721,-0.00702408875658334,0.00702408875658334,TRUE,1.00030555631589,4449.64810924384,6084.53009211661
101,"mu_delta","delta",0.881,0.937914517151667,0.93062733,0.684690552,1.218941915,0.0569145171516666,0.0569145171516666,TRUE,1.00184414475021,2462.92901540171,3001.5371311854
101,"mu_eta","eta",-0.3,-0.305673063926833,-0.30574646,-0.4036166685,-0.206863198,-0.00567306392683337,0.00567306392683337,TRUE,1.00059877091386,5503.99825383482,6980.45269315398
102,"mu_alpha","alpha",4.21,3.90234014441667,3.8975174,3.64489069,4.18359637,-0.307659855583333,0.307659855583333,FALSE,1.00030947482941,11392.042800942,8358.36310957541
102,"mu_beta","beta",0.284,0.298087331969817,0.29815662,0.1761683255,0.420562992,0.0140873319698167,0.0140873319698167,TRUE,1.00141620912333,3243.03950863813,5089.52560482129
102,"mu_lambda","lambda",0.115,0.0947974666403333,0.094656193,0.07423741685,0.1155247665,-0.0202025333596667,0.0202025333596667,TRUE,1.00040857113877,6659.52392554952,7788.78947106095
102,"mu_delta","delta",0.881,0.9527068517775,0.94893596,0.707677408,1.211529665,0.0717068517775,0.0717068517775,TRUE,1.0013286476689,3763.6012851802,5001.76962815733
102,"mu_eta","eta",-0.3,-0.292916571061917,-0.292904765,-0.396549648,-0.187150532,0.00708342893808334,0.00708342893808334,TRUE,1.00117435216014,3828.35656774626,6284.93594798929
103,"mu_alpha","alpha",1.62,1.84723686245833,1.8439171,1.60646889,2.10570224,0.227236862458333,0.227236862458333,TRUE,1.00005505690511,5132.59676528812,6761.48370458247
103,"mu_beta","beta",0.553,0.507127425338333,0.50662625,0.42387621,0.595684952,-0.0458725746616667,0.0458725746616667,TRUE,1.00173373360633,4801.05993390074,6787.09919513737
103,"mu_lambda","lambda",0.115,0.102528847469,0.10267022,0.0801548411,0.1242752525,-0.012471152531,0.012471152531,TRUE,1.00065837970739,6981.13674689502,7486.43854725681
103,"mu_delta","delta",0.881,0.980664434718333,0.973535395,0.7837626505,1.207283245,0.0996644347183333,0.0996644347183333,TRUE,1.00257717561544,2256.38001715654,3790.75351157236
103,"mu_eta","eta",-0.3,-0.187115603407761,-0.18660931,-0.3205853875,-0.0545897645,0.112884396592239,0.112884396592239,TRUE,1.0017554829359,3553.97570726181,5638.22839063936
104,"mu_alpha","alpha",2.9,2.586601005425,2.58307995,2.29863792,2.8879557,-0.313398994575,0.313398994575,FALSE,1.0006275557317,6135.95595818161,8438.64404242684
104,"mu_beta","beta",0.553,0.556837318721667,0.55551428,0.4772405165,0.64001888,0.00383731872166659,0.00383731872166659,TRUE,1.00050269999316,7665.8747874444,8227.63054817441
104,"mu_lambda","lambda",0.115,0.119362268873417,0.11921307,0.094573058,0.1445840955,0.00436226887341666,0.00436226887341666,TRUE,1.00067161597842,5763.41435038512,7400.70769785833
104,"mu_delta","delta",0.881,0.856105495526667,0.86032251,0.6513632955,1.049739855,-0.0248945044733333,0.0248945044733333,TRUE,1.00034367811156,4155.76805454511,5929.76391175933
104,"mu_eta","eta",-0.3,-0.332084659362667,-0.33199948,-0.431947855,-0.2320604815,-0.0320846593626667,0.0320846593626667,TRUE,1.00086778920236,3607.16409909835,5778.934882819
105,"mu_alpha","alpha",4.21,4.61205845601667,4.60416025,4.10731805,5.13887539,0.402058456016666,0.402058456016666,TRUE,1.0002692962993,7565.84275568467,7803.13855690562
105,"mu_beta","beta",0.553,0.5272129325575,0.526844995,0.427377855,0.62944541,-0.0257870674425,0.0257870674425,TRUE,1.0003514998754,8033.70631224871,8653.76782057464
105,"mu_lambda","lambda",0.115,0.119851553992417,0.11981521,0.0938376043,0.146206604,0.00485155399241666,0.00485155399241666,TRUE,1.00012043408279,5826.54130096113,7572.35305560474
105,"mu_delta","delta",0.881,0.9495476089675,0.94231155,0.833188572,1.09202759,0.0685476089675,0.0685476089675,TRUE,1.00017179896922,5191.1095619414,6486.87140291966
105,"mu_eta","eta",-0.3,-0.311937575623583,-0.312151195,-0.397589388,-0.224107992,-0.0119375756235833,0.0119375756235833,TRUE,1.00038815126456,5589.14800343272,6917.55996977649
106,"mu_alpha","alpha",1.62,1.61388244411667,1.6114956,1.3627294,1.875416155,-0.00611755588333351,0.00611755588333351,TRUE,0.999961415310578,5170.82977197762,7527.85346762497
106,"mu_beta","beta",0.808,0.762698157546667,0.76156759,0.684676009,0.84443629,-0.0453018424533334,0.0453018424533334,TRUE,1.00014880544472,6382.88942057715,7678.30963025275
106,"mu_lambda","lambda",0.115,0.128849021582417,0.12846142,0.0952611339,0.164976159,0.0138490215824167,0.0138490215824167,TRUE,1.00092489735629,3731.00362343076,5993.11390041803
106,"mu_delta","delta",0.881,0.779774066054917,0.807509375,0.3266410865,1.138206435,-0.101225933945083,0.101225933945083,TRUE,1.00038844435245,3711.4057815877,5605.56331841736
106,"mu_eta","eta",-0.3,-0.3936700981525,-0.392894915,-0.457322246,-0.334069781,-0.0936700981525,0.0936700981525,FALSE,1.00016557584545,7074.21256507736,6021.93137492522
107,"mu_alpha","alpha",2.9,2.65680885005833,2.65384135,2.34799852,2.978506505,-0.243191149941667,0.243191149941667,TRUE,0.999931693529602,7404.89117905208,8700.22589806822
107,"mu_beta","beta",0.808,0.764061265395,0.763199455,0.6401710225,0.891359302,-0.0439387346050001,0.0439387346050001,TRUE,1.00040694210847,4685.81664768622,6666.13684367556
107,"mu_lambda","lambda",0.115,0.106011479937083,0.105642145,0.08006686755,0.1330492735,-0.00898852006291667,0.00898852006291667,TRUE,1.00020529732377,6147.11334376849,7573.27701160139
107,"mu_delta","delta",0.881,0.896815977656667,0.89368031,0.7157143585,1.09024078,0.0158159776566666,0.0158159776566666,TRUE,1.00117048461548,4016.71151406705,4602.42722062234
107,"mu_eta","eta",-0.3,-0.297183633714167,-0.29752568,-0.4004508265,-0.1933397465,0.00281636628583332,0.00281636628583332,TRUE,1.0002736054128,3659.32230064648,5817.01851932442
108,"mu_alpha","alpha",4.21,4.25041442856667,4.2403681,3.88952017,4.659277795,0.0404144285666668,0.0404144285666668,TRUE,1.00021108508069,5977.1298453541,6452.27191139335
108,"mu_beta","beta",0.808,0.83109029663,0.830027715,0.701041497,0.963165112,0.02309029663,0.02309029663,TRUE,1.00117546975927,4025.37804910619,5612.43358112403
108,"mu_lambda","lambda",0.115,0.0949205163764167,0.094428947,0.06700998695,0.125123482,-0.0200794836235833,0.0200794836235833,TRUE,1.00028695047261,2850.25070717207,4922.7906193149
108,"mu_delta","delta",0.881,0.889495935651667,0.89215158,0.741489638,1.03575702,0.00849593565166662,0.00849593565166662,TRUE,1.00104867646084,2256.70260994767,2947.29285099088
108,"mu_eta","eta",-0.3,-0.244556136884,-0.245092565,-0.350838354,-0.138177429,0.055443863116,0.055443863116,TRUE,1.0007744253235,2124.5467223236,3840.3955811637
109,"mu_alpha","alpha",1.62,1.50360468121167,1.5020794,1.256740135,1.756159105,-0.116395318788334,0.116395318788334,TRUE,1.0005857213082,5393.55069191243,6664.41163142607
109,"mu_beta","beta",0.284,0.125981236417376,0.126805835,0.0114961538,0.239876908,-0.158018763582624,0.158018763582624,FALSE,1.00056873170578,2434.10605209134,5178.73745407035
109,"mu_lambda","lambda",0.0517,0.067308213342275,0.067297365,0.04112488775,0.093269636,0.015608213342275,0.015608213342275,TRUE,0.999877769312475,11584.9439151147,6857.40766831386
109,"mu_delta","delta",0.988,1.0421504704275,1.04323525,0.8644159255,1.219876555,0.0541504704275,0.0541504704275,TRUE,1.0005641489329,4936.81844336136,6818.62552128886
109,"mu_eta","eta",-0.3,-0.2780138763457,-0.274823855,-0.3848467445,-0.1807852295,0.0219861236543,0.0219861236543,TRUE,1.00025909250401,7670.2064598406,7768.61796774291
110,"mu_alpha","alpha",2.9,2.6871757132,2.68176365,2.3748065,3.023605915,-0.2128242868,0.2128242868,TRUE,1.00175347562272,3214.3618515809,4706.35409101046
110,"mu_beta","beta",0.284,0.250486958170483,0.249339755,0.1580830085,0.3454081335,-0.0335130418295166,0.0335130418295166,TRUE,1.0006055568117,2660.79682846644,4842.6566293069
110,"mu_lambda","lambda",0.0517,0.0560311435879583,0.0561454725,0.03385715695,0.078228403,0.00433114358795833,0.00433114358795833,TRUE,0.999993508537634,5424.12024924594,5559.68802430617
110,"mu_delta","delta",0.988,0.919002945588333,0.92240049,0.8232258125,1.003212395,-0.0689970544116667,0.0689970544116667,TRUE,1.00101171140494,5783.27702055207,5959.99172253997
110,"mu_eta","eta",-0.3,-0.355889772188333,-0.35578254,-0.438207082,-0.272823361,-0.0558897721883334,0.0558897721883334,TRUE,1.00029094086773,4164.27898312464,5992.59092192597
111,"mu_alpha","alpha",4.21,4.28898142985833,4.28155005,3.81943939,4.79529057,0.0789814298583336,0.0789814298583336,TRUE,1.00193482199426,3922.48732829725,5741.41228568857
111,"mu_beta","beta",0.284,0.276862781025017,0.276347245,0.173803222,0.382142513,-0.00713721897498332,0.00713721897498332,TRUE,1.00057959742265,3095.19138128131,5668.87099955413
111,"mu_lambda","lambda",0.0517,0.0423842392734667,0.0419769965,0.0231288373,0.0630493878,-0.00931576072653333,0.00931576072653333,TRUE,1.00042419846051,5493.54641304829,6133.47258520199
111,"mu_delta","delta",0.988,1.0234553502975,1.00774085,0.792860749,1.29648056,0.0354553502974999,0.0354553502974999,TRUE,1.00307466561013,1197.75532844965,2714.13013750603
111,"mu_eta","eta",-0.3,-0.339403802331667,-0.33996469,-0.4184310715,-0.2583915375,-0.0394038023316667,0.0394038023316667,TRUE,1.0020277921125,1557.01314969059,5373.09928741879
112,"mu_alpha","alpha",1.62,1.37821190335917,1.37571935,1.152097125,1.61618491,-0.241788096640833,0.241788096640833,FALSE,1.00068637585541,4930.70454416635,6754.69686649966
112,"mu_beta","beta",0.553,0.566315689250833,0.565004115,0.4651034665,0.6727591615,0.0133156892508333,0.0133156892508333,TRUE,1.00042551190503,3455.3356167051,5699.02918937951
112,"mu_lambda","lambda",0.0517,0.0734956816418333,0.073484266,0.0506524692,0.09646148005,0.0217956816418333,0.0217956816418333,TRUE,1.0004810634447,6660.18184905133,6170.01986190352
112,"mu_delta","delta",0.988,0.929379268766667,0.934326365,0.831763508,1.009014285,-0.0586207312333333,0.0586207312333333,TRUE,1.00081010167643,4425.39473940708,3951.51981168298
112,"mu_eta","eta",-0.3,-0.251923760355565,-0.252179055,-0.3663347355,-0.135294274,0.048076239644435,0.048076239644435,TRUE,1.00085266545314,3492.62484604582,5917.62309932664
113,"mu_alpha","alpha",2.9,3.1460114065,3.1414147,2.80332979,3.50331776,0.2460114065,0.2460114065,TRUE,1.00090956248941,3485.9397166127,6010.51542775088
113,"mu_beta","beta",0.553,0.482332866155833,0.48094333,0.3797770365,0.591392849,-0.0706671338441667,0.0706671338441667,TRUE,1.00070122139223,2720.15308522058,4488.59755953062
113,"mu_lambda","lambda",0.0517,0.0223720917504561,0.021862332,0.006196187035,0.04029292385,-0.0293279082495439,0.0293279082495439,FALSE,1.00073014444505,4450.27504201272,3682.89969793564
113,"mu_delta","delta",0.988,1.145020483625,1.12546025,0.9331427545,1.42268016,0.157020483625,0.157020483625,TRUE,1.00479729616985,824.791200869607,2396.08975453698
113,"mu_eta","eta",-0.3,-0.222899131754908,-0.224314415,-0.315817615,-0.1270365585,0.0771008682450917,0.0771008682450917,TRUE,1.00107595236821,2294.80686356246,3832.21136471691
114,"mu_alpha","alpha",4.21,4.3705433552,4.3646685,3.92617979,4.84108983,0.1605433552,0.1605433552,TRUE,1.00002187391511,4318.80663235721,3515.7494633584
114,"mu_beta","beta",0.553,0.547834177869167,0.546471755,0.4507102405,0.6495609545,-0.00516582213083339,0.00516582213083339,TRUE,1.00051671413575,4762.40459357875,6202.07237725087
114,"mu_lambda","lambda",0.0517,0.0618029053015,0.061831049,0.0477052524,0.07559142865,0.0101029053015,0.0101029053015,TRUE,1.0004812117355,6218.41037358137,2264.91557973332
114,"mu_delta","delta",0.988,1.0930357376925,1.09400785,0.972142734,1.2106614,0.1050357376925,0.1050357376925,TRUE,1.0009995287495,2979.68820156299,4130.84404191208
114,"mu_eta","eta",-0.3,-0.259226572344667,-0.259698185,-0.363848556,-0.153776381,0.0407734276553333,0.0407734276553333,TRUE,1.00094720668302,2586.88727241401,5201.38053736621
115,"mu_alpha","alpha",1.62,1.31574032525917,1.3114847,1.08251383,1.564429525,-0.304259674740833,0.304259674740833,FALSE,1.00059220369128,4788.66372680731,6876.2740529716
115,"mu_beta","beta",0.808,0.839997693124167,0.83845214,0.7399154835,0.9451817175,0.0319976931241667,0.0319976931241667,TRUE,1.00022745599752,4840.56765142543,7316.69974226219
115,"mu_lambda","lambda",0.0517,0.0585162507241667,0.0586934955,0.0410658766,0.07578637035,0.00681625072416667,0.00681625072416667,TRUE,1.0003184987858,8753.64339711264,6832.91598539103
115,"mu_delta","delta",0.988,1.11648723233083,1.1057107,0.9551092225,1.310169735,0.128487232330833,0.128487232330833,TRUE,1.00093475543129,3023.22114108464,4296.61241001917
115,"mu_eta","eta",-0.3,-0.303394168842287,-0.303502545,-0.426985913,-0.1776994475,-0.00339416884228749,0.00339416884228749,TRUE,1.00155621917449,2719.32358896491,4369.4022178323
116,"mu_alpha","alpha",2.9,2.89771913956667,2.8906275,2.589214195,3.230512,-0.00228086043333331,0.00228086043333331,TRUE,1.00019927487141,5934.7470725075,7341.74372295939
116,"mu_beta","beta",0.808,0.805400046594167,0.80346651,0.697178061,0.923717312,-0.00259995340583341,0.00259995340583341,TRUE,1.00040009093855,4633.70599750412,6652.82805881971
116,"mu_lambda","lambda",0.0517,0.0424312344709083,0.042462349,0.02555461165,0.0587220978,-0.00926876552909167,0.00926876552909167,TRUE,1.00206853899674,7624.94045016529,6316.00489584684
116,"mu_delta","delta",0.988,1.01288800748333,0.99561619,0.7600205615,1.320692595,0.0248880074833333,0.0248880074833333,TRUE,1.05568092543826,49.298943664272,139.924789122299
116,"mu_eta","eta",-0.3,-0.313588768383333,-0.31460667,-0.4287992245,-0.195569066,-0.0135887683833333,0.0135887683833333,TRUE,1.08804524007379,31.486916560706,288.070398778984
117,"mu_alpha","alpha",4.21,4.324827625875,4.31216425,3.914999505,4.773154515,0.114827625875,0.114827625875,TRUE,1.00051819782161,5202.49437489834,5993.23137087456
117,"mu_beta","beta",0.808,0.691492155936667,0.69052498,0.585178751,0.801812489,-0.116507844063333,0.116507844063333,FALSE,1.00088559896245,4116.2800466517,5757.36460067906
117,"mu_lambda","lambda",0.0517,0.0444071196863583,0.04422844,0.02548902295,0.06413162255,-0.00729288031364167,0.00729288031364167,TRUE,1.00054687663248,4300.67170569749,5677.50718826086
117,"mu_delta","delta",0.988,0.751430372035,0.74593685,0.5737805365,0.949566173,-0.236569627965,0.236569627965,FALSE,1.00152386706589,2429.8027951164,3781.61280666807
117,"mu_eta","eta",-0.3,-0.3527247880075,-0.35240735,-0.4567629865,-0.2478927825,-0.0527247880075,0.0527247880075,TRUE,1.00194410698742,1819.94500660277,3544.03547816125
118,"mu_alpha","alpha",1.62,1.67185350674167,1.66932065,1.427771485,1.929873565,0.0518535067416666,0.0518535067416666,TRUE,1.00033022055146,5754.07862602531,7464.55851247813
118,"mu_beta","beta",0.284,0.328558223936333,0.32768814,0.2189894655,0.43995988,0.0445582239363334,0.0445582239363334,TRUE,1.0004691970204,3365.58099560887,5375.44206090837
118,"mu_lambda","lambda",0.0814,0.100341928007667,0.10007038,0.06882788245,0.1324866005,0.0189419280076667,0.0189419280076667,TRUE,1.00079049542386,6899.07867068866,7535.28670984121
118,"mu_delta","delta",0.988,1.01844048440333,1.01036915,0.926664958,1.138190255,0.0304404844033332,0.0304404844033332,TRUE,1.00089334554098,2808.14434311662,4261.49922395295
118,"mu_eta","eta",-0.3,-0.252406181814155,-0.251898395,-0.3691417035,-0.138625168,0.0475938181858453,0.0475938181858453,TRUE,1.00021169900781,5293.92335446918,7123.00454449401
119,"mu_alpha","alpha",2.9,2.94157824049167,2.9350254,2.56121789,3.34006471,0.0415782404916669,0.0415782404916669,TRUE,1.0000903063955,4537.70503205367,7212.5530165019
119,"mu_beta","beta",0.284,0.283920174754833,0.283397175,0.191220464,0.378464057,-7.98252451666426e-05,7.98252451666426e-05,TRUE,1.00064957545354,4519.52457865058,6504.66258232958
119,"mu_lambda","lambda",0.0814,0.0743853947128333,0.073784572,0.0469233366,0.1032971375,-0.00701460528716667,0.00701460528716667,TRUE,1.00004798859509,5868.46753042379,6964.66527132768
119,"mu_delta","delta",0.988,0.982905635718333,0.972951995,0.781938811,1.22087432,-0.00509436428166665,0.00509436428166665,TRUE,1.0010971338452,2974.35947989767,3474.97267498741
119,"mu_eta","eta",-0.3,-0.232380414308808,-0.231738625,-0.340064279,-0.1270087845,0.0676195856911917,0.0676195856911917,TRUE,1.000889757055,3706.49415196607,6097.15162342646
120,"mu_alpha","alpha",4.21,4.181434593925,4.17623855,3.78052112,4.60066753,-0.0285654060749998,0.0285654060749998,TRUE,1.00003096520929,8507.91364579227,8501.4371330318
120,"mu_beta","beta",0.284,0.345693739297417,0.344948975,0.243755692,0.4503395865,0.0616937392974167,0.0616937392974167,TRUE,1.0006591564402,5189.34830463045,7853.00969967547
120,"mu_lambda","lambda",0.0814,0.0627021589005,0.0625226685,0.0416511241,0.0842370915,-0.0186978410995,0.0186978410995,TRUE,1.00032439700439,7775.34359238057,7519.15213372644
120,"mu_delta","delta",0.988,0.990963130779167,0.98316365,0.8720959145,1.13441025,0.00296313077916666,0.00296313077916666,TRUE,1.06910841931434,39.3689029869122,89.6284839968856
120,"mu_eta","eta",-0.3,-0.36660051387525,-0.366389485,-0.4714329095,-0.2613984055,-0.06660051387525,0.06660051387525,TRUE,1.0168316580033,530.558663161225,5481.55658205936
121,"mu_alpha","alpha",1.62,1.51598288358667,1.5095344,1.184478615,1.87272066,-0.104017116413333,0.104017116413333,TRUE,1.00162466444844,3221.67844014888,5089.24405766172
121,"mu_beta","beta",0.553,0.549087000935,0.548126145,0.454579879,0.6479940105,-0.00391299906500009,0.00391299906500009,TRUE,1.00085580727923,4905.87466174921,7063.04586067421
121,"mu_lambda","lambda",0.0814,0.0888106735135833,0.088916452,0.06885780675,0.1087276595,0.00741067351358334,0.00741067351358334,TRUE,1.00098149118545,11970.9721853681,9062.71868865711
121,"mu_delta","delta",0.988,0.837150016308333,0.835381245,0.661754168,1.01688972,-0.150849983691667,0.150849983691667,TRUE,1.00100620328273,3517.66888047131,6358.59449062639
121,"mu_eta","eta",-0.3,-0.191820772223571,-0.192298035,-0.298385017,-0.0855728921,0.108179227776429,0.108179227776429,FALSE,1.00029497608568,4990.23115033156,6950.21777790009
122,"mu_alpha","alpha",2.9,2.689307799925,2.6816949,2.271644055,3.13549373,-0.210692200075,0.210692200075,TRUE,1.00107685903991,4071.29390909755,6460.89449993659
122,"mu_beta","beta",0.553,0.59762251201,0.59666558,0.5068806535,0.6910366675,0.04462251201,0.04462251201,TRUE,1.00009862848613,5561.3598295918,7793.57878381456
122,"mu_lambda","lambda",0.0814,0.099285770922,0.0989229975,0.0671588877,0.133256781,0.017885770922,0.017885770922,TRUE,1.00037444205706,4351.13393196899,5708.73090535996
122,"mu_delta","delta",0.988,1.10853719648417,1.0951005,0.9620901725,1.30155452,0.120537196484167,0.120537196484167,TRUE,1.00034619248032,3365.54472214723,3486.0639429262
122,"mu_eta","eta",-0.3,-0.239524531611583,-0.239619385,-0.340564827,-0.1375256975,0.0604754683884167,0.0604754683884167,TRUE,1.00073131780544,4137.29416921871,6873.26485496385
123,"mu_alpha","alpha",4.21,4.180556153625,4.17067495,3.85497765,4.55009114,-0.029443846375,0.029443846375,TRUE,1.00039414597396,8683.56603311667,6868.97131756078
123,"mu_beta","beta",0.553,0.6636045112575,0.66279022,0.5554014545,0.7742279925,0.1106045112575,0.1106045112575,FALSE,1.00093131197042,5312.17326155224,7424.70300788525
123,"mu_lambda","lambda",0.0814,0.0934650978498333,0.093267516,0.0727781993,0.114894422,0.0120650978498333,0.0120650978498333,TRUE,1.00046351678799,5309.21841707688,7229.76338307016
123,"mu_delta","delta",0.988,1.08374974343583,1.07509405,0.901281952,1.294346615,0.0957497434358334,0.0957497434358334,TRUE,1.00142840954252,3731.07043443157,4935.67505543167
123,"mu_eta","eta",-0.3,-0.233811618784167,-0.234239195,-0.3137498675,-0.151892514,0.0661883812158333,0.0661883812158333,TRUE,1.00023334908586,3872.51015646405,5944.89809651572
124,"mu_alpha","alpha",1.62,1.6572651126175,1.65528245,1.314702005,2.01618828,0.0372651126174999,0.0372651126174999,TRUE,1.00125459469,3453.78732653206,5357.27103553618
124,"mu_beta","beta",0.808,0.879498142259167,0.87826357,0.7879683925,0.975431702,0.0714981422591666,0.0714981422591666,TRUE,1.00051740837313,6319.1474133882,7902.72730253513
124,"mu_lambda","lambda",0.0814,0.0700433712016667,0.069292301,0.0433399349,0.09915007985,-0.0113566287983333,0.0113566287983333,TRUE,1.00003064266835,4521.34586369668,6550.76294227317
124,"mu_delta","delta",0.988,1.07598008916917,1.0674305,0.8543446905,1.330174335,0.0879800891691667,0.0879800891691667,TRUE,1.01900562524452,216.852810012536,4407.7675271291
124,"mu_eta","eta",-0.3,-0.233857475022813,-0.23389534,-0.3550410385,-0.112245215,0.0661425249771866,0.0661425249771866,TRUE,1.0141000932368,1232.66442408659,2222.14843143371
125,"mu_alpha","alpha",2.9,2.80973745449167,2.79977325,2.443790045,3.205493095,-0.0902625455083332,0.0902625455083332,TRUE,1.0014689169669,4475.35203856853,6971.30922205771
125,"mu_beta","beta",0.808,0.914198972580833,0.91293918,0.807923472,1.025672805,0.106198972580833,0.106198972580833,TRUE,1.00093715773656,5464.58640194711,7764.72173026752
125,"mu_lambda","lambda",0.0814,0.0740954826435833,0.0741867285,0.05974758455,0.0883062729,-0.00730451735641667,0.00730451735641667,TRUE,1.00024092383951,9978.44466685513,8138.36551370608
125,"mu_delta","delta",0.988,0.990452323618333,0.98378765,0.764256012,1.234978835,0.00245232361833336,0.00245232361833336,TRUE,1.00327091604725,2824.05823122401,5060.81560737388
125,"mu_eta","eta",-0.3,-0.326481110609167,-0.325766465,-0.4047787895,-0.24944027,-0.0264811106091667,0.0264811106091667,TRUE,1.0020042347686,3048.46092372987,4755.95124412243
126,"mu_alpha","alpha",4.21,4.089294792325,4.0774757,3.73346823,4.48020421,-0.120705207675,0.120705207675,TRUE,1.00073606729026,8093.92972449584,8128.3964705539
126,"mu_beta","beta",0.808,0.85049797999,0.847965065,0.7167657965,0.9946413275,0.0424979799899999,0.0424979799899999,TRUE,1.00102197504809,2744.15500607437,1321.68834340254
126,"mu_lambda","lambda",0.0814,0.0906903660973333,0.090046151,0.06517665935,0.1184242805,0.00929036609733333,0.00929036609733333,TRUE,1.00081267725469,4050.51623484121,6348.2790655035
126,"mu_delta","delta",0.988,0.995097433651667,0.9852125,0.850704402,1.180307635,0.00709743365166671,0.00709743365166671,TRUE,1.00182127610354,2685.86415058943,1177.90189054313
126,"mu_eta","eta",-0.3,-0.32223705599065,-0.322846905,-0.4432637475,-0.1986858375,-0.02223705599065,0.02223705599065,TRUE,1.00140349859061,2358.70194162898,4491.53724921317
127,"mu_alpha","alpha",1.62,1.55658959673833,1.5520934,1.270425975,1.85802148,-0.0634104032616667,0.0634104032616667,TRUE,1.00027128973949,6111.10587479213,7655.11316461021
127,"mu_beta","beta",0.284,0.291510858778333,0.29112881,0.211825883,0.3740066705,0.00751085877833335,0.00751085877833335,TRUE,1.00037042116836,6742.55434466653,7934.99838810093
127,"mu_lambda","lambda",0.115,0.104391110887917,0.10446288,0.08207895925,0.1263431845,-0.0106088891120833,0.0106088891120833,TRUE,1.00151953910051,16245.0287039385,8423.35445511297
127,"mu_delta","delta",0.988,1.08184863564333,1.0854235,0.927765577,1.22465959,0.0938486356433335,0.0938486356433335,TRUE,1.00049871265396,4973.46134654566,5935.70629417071
127,"mu_eta","eta",-0.3,-0.464571592536667,-0.466382405,-0.565520267,-0.3598551155,-0.164571592536667,0.164571592536667,FALSE,1.00022143073968,9441.21574453242,8954.83342503138
128,"mu_alpha","alpha",2.9,3.10139880113333,3.0942849,2.771486795,3.453047415,0.201398801133334,0.201398801133334,TRUE,1.00020207805231,7438.30767342333,7930.99120352441
128,"mu_beta","beta",0.284,0.279856426529167,0.278779045,0.2228890055,0.339807918,-0.00414357347083333,0.00414357347083333,TRUE,1.00063690278197,11528.1319429946,8801.86850833276
128,"mu_lambda","lambda",0.115,0.105161343226667,0.10529202,0.0828492291,0.127423022,-0.00983865677333334,0.00983865677333334,TRUE,1.00024363475309,9028.69092659004,7760.21474114423
128,"mu_delta","delta",0.988,1.01605527519417,1.0192717,0.827539657,1.191605455,0.0280552751941667,0.0280552751941667,TRUE,1.00069956647022,4100.27984714649,6120.25757269548
128,"mu_eta","eta",-0.3,-0.321498627031667,-0.321739115,-0.39960012,-0.2428203915,-0.0214986270316667,0.0214986270316667,TRUE,1.00045580484727,6496.01300940368,8190.56159389815
129,"mu_alpha","alpha",4.21,3.936801740175,3.9313705,3.66146537,4.237155385,-0.273198259825,0.273198259825,TRUE,1.00047937842372,8794.52353666532,7858.96133937614
129,"mu_beta","beta",0.284,0.2892299880595,0.28944799,0.185069429,0.392616766,0.00522998805950003,0.00522998805950003,TRUE,1.00027930643699,3892.76801343118,6234.71988260936
129,"mu_lambda","lambda",0.115,0.13429295093425,0.1338439,0.108381088,0.161321733,0.01929295093425,0.01929295093425,TRUE,1.00032435363195,4210.49313656336,6258.49916193014
129,"mu_delta","delta",0.988,1.03482419329583,1.03335515,0.8078935835,1.265635945,0.0468241932958333,0.0468241932958333,TRUE,1.00090116903962,3706.70855934584,5045.15482470968
129,"mu_eta","eta",-0.3,-0.27759950889575,-0.278523515,-0.3664783485,-0.1863272295,0.02240049110425,0.02240049110425,TRUE,1.00068987726686,3507.14281747959,5702.36167908771
130,"mu_alpha","alpha",1.62,1.523982645775,1.52052065,1.235068965,1.82905975,-0.096017354225,0.096017354225,TRUE,1.00025415585327,5090.69460098838,7372.93720649615
130,"mu_beta","beta",0.553,0.5354736108625,0.534432335,0.418102186,0.6573464655,-0.0175263891375,0.0175263891375,TRUE,1.00048129303885,3545.6920712092,5507.49046679825
130,"mu_lambda","lambda",0.115,0.147447889694833,0.146092925,0.1064714945,0.193299694,0.0324478896948333,0.0324478896948333,TRUE,1.0012664729089,5272.79937150067,7049.19910576189
130,"mu_delta","delta",0.988,0.9628224100725,0.957924055,0.806084654,1.137165865,-0.0251775899275,0.0251775899275,TRUE,1.00032231829515,3881.08947206102,5205.57400545286
130,"mu_eta","eta",-0.3,-0.245503726863008,-0.24706568,-0.354183901,-0.131575794,0.0544962731369917,0.0544962731369917,TRUE,1.00030129253891,5534.41830276642,7651.00351114741
131,"mu_alpha","alpha",2.9,2.89858663004167,2.89235905,2.65120167,3.170101155,-0.00141336995833319,0.00141336995833319,TRUE,1.00047005914832,10493.6037346504,8086.58527477057
131,"mu_beta","beta",0.553,0.638239092594167,0.63665472,0.534544559,0.7461589435,0.0852390925941666,0.0852390925941666,TRUE,1.00007830433116,5821.09749025498,7545.39966541749
131,"mu_lambda","lambda",0.115,0.123502361516417,0.123340475,0.100114246,0.147778773,0.00850236151641666,0.00850236151641666,TRUE,1.00030786782545,6680.13648129277,7549.19580921307
131,"mu_delta","delta",0.988,1.0233787327375,1.0166455,0.782723582,1.28476385,0.0353787327374999,0.0353787327374999,TRUE,1.01045467689803,2543.23062415828,4959.79828402467
131,"mu_eta","eta",-0.3,-0.1469490336382,-0.14444154,-0.2897573485,-0.0125206343500001,0.1530509663618,0.1530509663618,FALSE,1.05661679595916,49.9027029076971,95.8602584141989
132,"mu_alpha","alpha",4.21,4.62667063586667,4.6230257,4.13985045,5.11753155,0.416670635866667,0.416670635866667,TRUE,1.00040628303932,6913.17696743309,7385.11221774378
132,"mu_beta","beta",0.553,0.5565610771975,0.555792485,0.456189028,0.659847163,0.00356107719749998,0.00356107719749998,TRUE,1.00011644205443,7416.30403647584,8608.57194606714
132,"mu_lambda","lambda",0.115,0.138995003673583,0.13865924,0.1128116055,0.1661542655,0.0239950036735833,0.0239950036735833,TRUE,1.00080282769057,4129.70532202033,6330.0936982572
132,"mu_delta","delta",0.988,0.845735264765833,0.84788397,0.648476028,1.03027379,-0.142264735234167,0.142264735234167,TRUE,1.00100424687985,3802.08458945378,6262.98403991634
132,"mu_eta","eta",-0.3,-0.280565752846667,-0.280476915,-0.370706657,-0.190195446,0.0194342471533333,0.0194342471533333,TRUE,1.00118451295518,3742.19580512245,6667.71836273216
133,"mu_alpha","alpha",1.62,1.71422828166083,1.71090945,1.40405638,2.041559495,0.0942282816608333,0.0942282816608333,TRUE,1.00025707361845,5256.03673740899,7169.91900155602
133,"mu_beta","beta",0.808,0.862311326535,0.861003465,0.7707714325,0.9581771655,0.0543113265349999,0.0543113265349999,TRUE,1.00011272733826,7497.38336577856,8474.46356600974
133,"mu_lambda","lambda",0.115,0.135472262007667,0.134710365,0.1052155135,0.1680991105,0.0204722620076667,0.0204722620076667,TRUE,1.0006178893629,5012.97330458605,7511.35569878988
133,"mu_delta","delta",0.988,1.00019770278167,0.99508556,0.7312652495,1.28319443,0.0121977027816667,0.0121977027816667,TRUE,1.00080918642166,3574.2104129076,5267.46442255149
133,"mu_eta","eta",-0.3,-0.275687678488853,-0.275363,-0.4012943215,-0.149085102,0.0243123215111467,0.0243123215111467,TRUE,1.00044537546532,3009.92755105366,5344.83326092491
134,"mu_alpha","alpha",2.9,2.68926724060833,2.68330525,2.41301944,2.98233783,-0.210732759391667,0.210732759391667,TRUE,1.00049871245487,6984.37962889943,7984.25087824746
134,"mu_beta","beta",0.808,0.790333400546667,0.78957822,0.6897066185,0.894630891,-0.0176665994533334,0.0176665994533334,TRUE,1.00022803696464,5221.4930008247,7442.25689787794
134,"mu_lambda","lambda",0.115,0.109285515031667,0.10869682,0.0839496998,0.136436869,-0.00571448496833334,0.00571448496833334,TRUE,1.00058700866691,4809.78169066626,6658.88888196634
134,"mu_delta","delta",0.988,1.04859379751417,1.0446704,0.8334363135,1.27929411,0.0605937975141666,0.0605937975141666,TRUE,1.00135671556599,3927.83645247718,5427.75924804485
134,"mu_eta","eta",-0.3,-0.30543104547,-0.305147665,-0.3892616535,-0.222426128,-0.00543104547000001,0.00543104547000001,TRUE,1.00061210344307,4005.58376948976,5188.40201434197
135,"mu_alpha","alpha",4.21,4.41714501523333,4.40435045,4.052339505,4.82149554,0.207145015233333,0.207145015233333,TRUE,1.000262114568,6458.63073561544,5523.31379008648
135,"mu_beta","beta",0.808,0.880663326036667,0.879351845,0.7953945635,0.9696811275,0.0726633260366666,0.0726633260366666,TRUE,1.00036252780391,9302.71448794536,8155.03072443803
135,"mu_lambda","lambda",0.115,0.13735025317475,0.136687055,0.11139651,0.164875024,0.02235025317475,0.02235025317475,TRUE,1.0011218658133,2503.95249291601,5141.82026926484
135,"mu_delta","delta",0.988,0.9248694228675,0.922792095,0.6721784255,1.185422015,-0.0631305771325,0.0631305771325,TRUE,1.00205498578735,2732.86718189195,3730.6873958511
135,"mu_eta","eta",-0.3,-0.225065389318842,-0.225184625,-0.310227449,-0.1401624275,0.0749346106811583,0.0749346106811583,TRUE,1.00152437747985,3107.9789575125,5437.46993606628
136,"mu_alpha","alpha",1.62,1.79585708588333,1.7944532,1.52836892,2.073896035,0.175857085883333,0.175857085883333,TRUE,1.00014978425744,6072.10807697502,7557.10281562693
136,"mu_beta","beta",0.284,0.253450832776312,0.25469325,0.1319567185,0.3749921675,-0.0305491672236883,0.0305491672236883,TRUE,1.00154265030699,2694.73116707187,4582.22999568474
136,"mu_lambda","lambda",0.0517,0.04817610997185,0.0475014395,0.0205890672,0.0776971614,-0.00352389002815,0.00352389002815,TRUE,1.00007701838633,9092.28810082587,7278.04983622843
136,"mu_delta","delta",1.12,1.0349910459525,1.02713135,0.920048114,1.176543435,-0.0850089540475001,0.0850089540475001,TRUE,1.00083238919693,3432.38948801638,3797.62941806669
136,"mu_eta","eta",-0.3,-0.182909810928802,-0.18153595,-0.2978703215,-0.07243637285,0.117090189071198,0.117090189071198,FALSE,1.00061014131738,6159.95425122496,7224.05457253611
137,"mu_alpha","alpha",2.9,2.92105486954167,2.91834015,2.620348675,3.238438645,0.0210548695416666,0.0210548695416666,TRUE,1.00091456120308,4910.29331186449,6229.80167166316
137,"mu_beta","beta",0.284,0.409635896407583,0.40786005,0.296222862,0.526827883,0.125635896407583,0.125635896407583,FALSE,1.00162538171909,2660.85253797085,5133.68874659856
137,"mu_lambda","lambda",0.0517,0.0678102334186667,0.067628557,0.0428075382,0.09346148515,0.0161102334186667,0.0161102334186667,TRUE,1.00016250191887,4399.14138035064,5458.84446097701
137,"mu_delta","delta",1.12,1.27025404630083,1.26039985,1.05646067,1.52031658,0.150254046300833,0.150254046300833,TRUE,1.00165075655148,2894.06974674382,5197.57569682258
137,"mu_eta","eta",-0.3,-0.28161369222225,-0.283456415,-0.378363954,-0.178754088,0.01838630777775,0.01838630777775,TRUE,1.00141743164944,2975.14384095024,4951.46318794908
138,"mu_alpha","alpha",4.21,3.84557415140833,3.8398777,3.50273258,4.20757448,-0.364425848591666,0.364425848591666,FALSE,1.00013526023688,6480.1072625664,7392.92605660244
138,"mu_beta","beta",0.284,0.370721638855,0.369575335,0.297357311,0.447808796,0.086721638855,0.086721638855,FALSE,1.00090794700528,5666.85401542361,7008.55602203688
138,"mu_lambda","lambda",0.0517,0.0578012522888333,0.057693959,0.0393087018,0.0761564272,0.00610125228883333,0.00610125228883333,TRUE,1.00043167092615,6079.24524766752,6392.0401787599
138,"mu_delta","delta",1.12,1.20119732743917,1.1898546,0.9289221145,1.517089495,0.0811973274391666,0.0811973274391666,TRUE,1.00163017353185,2678.43783833552,4017.0351294643
138,"mu_eta","eta",-0.3,-0.201542974738502,-0.20179262,-0.2910802775,-0.11316658,0.0984570252614983,0.0984570252614983,FALSE,1.0007026626751,3043.99200443601,5388.45051371564
139,"mu_alpha","alpha",1.62,1.64545442639167,1.64283665,1.434491965,1.867800235,0.0254544263916665,0.0254544263916665,TRUE,1.00056976483755,5588.31669520911,4351.05816135282
139,"mu_beta","beta",0.553,0.56683357416,0.5659798,0.4400319965,0.697655321,0.01383357416,0.01383357416,TRUE,1.00044500385838,3033.76798293737,4987.03967241253
139,"mu_lambda","lambda",0.0517,0.0581582667463667,0.0580376175,0.03461961375,0.08205986625,0.00645826674636667,0.00645826674636667,TRUE,1.00058314327093,7146.80255906352,6725.35584224589
139,"mu_delta","delta",1.12,1.31913156370833,1.30231315,1.114730435,1.588848535,0.199131563708333,0.199131563708333,TRUE,1.00531852788683,1011.10405499462,1522.37387599497
139,"mu_eta","eta",-0.3,-0.326001906250667,-0.32716839,-0.45927344,-0.1914117695,-0.0260019062506667,0.0260019062506667,TRUE,1.0015375637339,2341.00484799154,4637.92585226215
140,"mu_alpha","alpha",2.9,2.77034900635833,2.76323675,2.444254995,3.11996043,-0.129650993641667,0.129650993641667,TRUE,1.0012325765948,4002.41977350831,1996.32523702156
140,"mu_beta","beta",0.553,0.637489644100833,0.636151095,0.513927026,0.76704965,0.0844896441008333,0.0844896441008333,TRUE,1.00184534210118,3201.24412614484,4740.87451309481
140,"mu_lambda","lambda",0.0517,0.05632475156375,0.0565612345,0.03835545085,0.07412833275,0.00462475156374999,0.00462475156374999,TRUE,1.00039818756065,7430.25913783705,6555.40446401359
140,"mu_delta","delta",1.12,0.976539085325833,0.9736153,0.7512085195,1.211349965,-0.143460914674167,0.143460914674167,TRUE,1.00058150329257,2402.32054684704,4423.02472884319
140,"mu_eta","eta",-0.3,-0.256614156932892,-0.25814228,-0.357792487,-0.152237167,0.0433858430671083,0.0433858430671083,TRUE,1.00013552398058,3183.54067348835,5983.29856440071
141,"mu_alpha","alpha",4.21,4.35588680365833,4.34532135,3.986914815,4.771221685,0.145886803658334,0.145886803658334,TRUE,1.00015500975866,7298.69426593805,6917.31936095722
141,"mu_beta","beta",0.553,0.538753656595,0.53819989,0.464718831,0.615412402,-0.0142463434050001,0.0142463434050001,TRUE,1.0002945497826,8745.3512799166,8015.93110386597
141,"mu_lambda","lambda",0.0517,0.06181219495,0.061627456,0.041288163,0.0823018787,0.01011219495,0.01011219495,TRUE,0.99991432398963,5202.43767656631,6301.60063063301
141,"mu_delta","delta",1.12,1.09353599985083,1.08919185,0.992159466,1.21053304,-0.0264640001491667,0.0264640001491667,TRUE,1.00060405068018,4935.64072771916,4349.01510349182
141,"mu_eta","eta",-0.3,-0.3148854099875,-0.31491922,-0.3784911285,-0.251444372,-0.0148854099875,0.0148854099875,TRUE,1.00015664211184,4659.80171967508,6580.62476596571
142,"mu_alpha","alpha",1.62,1.766599414575,1.76231325,1.484994605,2.069629335,0.146599414575,0.146599414575,TRUE,1.00081178324961,6625.13155875628,7675.98697432338
142,"mu_beta","beta",0.808,0.664782720573333,0.66397706,0.578183269,0.7540883345,-0.143217279426667,0.143217279426667,FALSE,1.00009040187248,8368.7005397649,8722.20468336539
142,"mu_lambda","lambda",0.0517,0.0443238190320917,0.044326494,0.02414041865,0.0642220516,-0.00737618096790833,0.00737618096790833,TRUE,1.00014143699765,10492.9051441316,7340.8317307405
142,"mu_delta","delta",1.12,1.1336219647325,1.1344656,1.028624695,1.23642582,0.0136219647325,0.0136219647325,TRUE,1.00046117927653,2832.62920664819,4256.21606666172
142,"mu_eta","eta",-0.3,-0.38054304203025,-0.380239515,-0.4837908145,-0.277968508,-0.08054304203025,0.08054304203025,TRUE,1.00081039357758,3594.6300100505,5078.83766707003
143,"mu_alpha","alpha",2.9,2.97167601736667,2.9656648,2.591992285,3.36919591,0.0716760173666668,0.0716760173666668,TRUE,1.00085896333701,4548.29986754095,6589.72254132633
143,"mu_beta","beta",0.808,0.829101601560833,0.82750888,0.707225169,0.9549693285,0.0211016015608333,0.0211016015608333,TRUE,0.999913697226901,4166.94891455051,6271.59262977458
143,"mu_lambda","lambda",0.0517,0.0671440355069167,0.0671178625,0.0461742286,0.088797079,0.0154440355069167,0.0154440355069167,TRUE,1.00055915798823,5129.45423117124,6495.40595482123
143,"mu_delta","delta",1.12,1.2517231166175,1.2266571,1.058441725,1.52682767,0.1317231166175,0.1317231166175,TRUE,1.00363126364079,1563.30600537609,3317.48955206353
143,"mu_eta","eta",-0.3,-0.2835374308235,-0.283872205,-0.3849007145,-0.179252907,0.0164625691765,0.0164625691765,TRUE,1.0021265276239,2374.79376838169,4781.81814627524
144,"mu_alpha","alpha",4.21,3.67380984865833,3.66514875,3.355763165,4.025163655,-0.536190151341667,0.536190151341667,FALSE,1.00125808980949,7221.00330927815,7345.95645358998
144,"mu_beta","beta",0.808,0.85050513934,0.84860294,0.762137271,0.945018478,0.04250513934,0.04250513934,TRUE,1.00025621577077,6243.48524369592,6995.60867206614
144,"mu_lambda","lambda",0.0517,0.0624778526319167,0.061959795,0.03946924355,0.08740510065,0.0107778526319167,0.0107778526319167,TRUE,1.00056050619579,3842.31215272303,5617.5434767142
144,"mu_delta","delta",1.12,1.29122564409583,1.2595146,1.125042815,1.55178092,0.171225644095833,0.171225644095833,FALSE,1.00213694683742,1373.62820241374,2947.77708941343
144,"mu_eta","eta",-0.3,-0.2710687876795,-0.27066971,-0.364074854,-0.176960556,0.0289312123205,0.0289312123205,TRUE,1.00423052209714,2401.86844934358,4615.8812185055
145,"mu_alpha","alpha",1.62,1.45749498004333,1.4525027,1.194255685,1.734595615,-0.162505019956667,0.162505019956667,TRUE,1.0001337084827,6056.86642260661,8049.27205021965
145,"mu_beta","beta",0.284,0.37177115056,0.3714911,0.297088204,0.446125299,0.08777115056,0.08777115056,FALSE,1.00029219365986,8134.57373823751,9282.97732014567
145,"mu_lambda","lambda",0.0814,0.0922929451309167,0.0914696115,0.0582418235,0.128605137,0.0108929451309167,0.0108929451309167,TRUE,1.00009268001394,9641.56555767658,8879.2054820163
145,"mu_delta","delta",1.12,1.1169620351575,1.1117952,0.9881683775,1.264880415,-0.00303796484250007,0.00303796484250007,TRUE,1.00023474128314,6507.55013445157,7035.93439364572
145,"mu_eta","eta",-0.3,-0.3579991499275,-0.360908785,-0.4673843795,-0.2418850245,-0.0579991499275,0.0579991499275,TRUE,1.00017417254366,7963.96203609023,6905.32730672997
146,"mu_alpha","alpha",2.9,2.76060515120833,2.7518457,2.340536945,3.197482885,-0.139394848791667,0.139394848791667,TRUE,1.00093428038455,4586.21828257176,6257.61627446675
146,"mu_beta","beta",0.284,0.306753995158233,0.30677559,0.213193145,0.4022095635,0.0227539951582333,0.0227539951582333,TRUE,1.00018974705471,5587.83704204813,7364.83269378492
146,"mu_lambda","lambda",0.0814,0.07977204201725,0.0789213845,0.04756510965,0.1144985555,-0.00162795798275001,0.00162795798275001,TRUE,1.00012149496527,6271.06893625848,8026.43737937281
146,"mu_delta","delta",1.12,1.21634119097,1.2072453,1.08461004,1.383838555,0.0963411909699998,0.0963411909699998,TRUE,1.00042651996193,7232.01340294479,6665.49532196909
146,"mu_eta","eta",-0.3,-0.323421216278,-0.32370021,-0.408066488,-0.23749152,-0.023421216278,0.023421216278,TRUE,1.00036275039255,7693.77433049896,8591.4549711474
147,"mu_alpha","alpha",4.21,4.47561554379167,4.47031645,4.08093036,4.890465295,0.265615543791666,0.265615543791666,TRUE,1.00027390696819,7173.75725547716,8058.22257920641
147,"mu_beta","beta",0.284,0.24344823092725,0.24299923,0.180338716,0.3080454805,-0.04055176907275,0.04055176907275,TRUE,0.999894472559754,9034.04993629882,7730.68111660517
147,"mu_lambda","lambda",0.0814,0.0964270724393333,0.096091406,0.07340375885,0.120391419,0.0150270724393333,0.0150270724393333,TRUE,1.00024686018787,4536.61077796513,6949.00967614571
147,"mu_delta","delta",1.12,1.12127809079167,1.1170704,0.9165849835,1.337341935,0.00127809079166652,0.00127809079166652,TRUE,1.00194313288865,2113.94499749604,3829.00109196847
147,"mu_eta","eta",-0.3,-0.214270561986658,-0.213845405,-0.297252516,-0.133213656,0.0857294380133417,0.0857294380133417,FALSE,1.0002626007463,4684.0628053642,5885.17273326191
148,"mu_alpha","alpha",1.62,1.35422584854833,1.3488964,1.090241825,1.630170385,-0.265774151451667,0.265774151451667,TRUE,1.00058735823413,3666.77647843706,6594.41955990997
148,"mu_beta","beta",0.553,0.493017258871667,0.491468725,0.4149813455,0.575090754,-0.0599827411283334,0.0599827411283334,TRUE,1.00049127329229,4972.30182657396,6962.01889426881
148,"mu_lambda","lambda",0.0814,0.0816583422990833,0.0817144895,0.05493761235,0.108307289,0.000258342299083336,0.000258342299083336,TRUE,1.0006905243118,6933.25984959155,7157.83773547498
148,"mu_delta","delta",1.12,1.05924274853667,1.05893605,0.8469175225,1.275233605,-0.0607572514633334,0.0607572514633334,TRUE,1.00138361377843,3524.77267875999,5258.22919236378
148,"mu_eta","eta",-0.3,-0.31809372517,-0.318383585,-0.423058697,-0.2112372095,-0.01809372517,0.01809372517,TRUE,1.00512851409388,3109.03526013161,3753.14771076952
149,"mu_alpha","alpha",2.9,2.566374449375,2.56123985,2.24864094,2.909621485,-0.333625550625,0.333625550625,TRUE,1.00196777341194,6117.27083042668,7649.6875966067
149,"mu_beta","beta",0.553,0.614098327236667,0.61367585,0.524244328,0.7077505155,0.0610983272366666,0.0610983272366666,TRUE,1.00027105370956,7191.99255127259,8322.05047729506
149,"mu_lambda","lambda",0.0814,0.0982443376589167,0.098051846,0.07601972675,0.1207813975,0.0168443376589167,0.0168443376589167,TRUE,1.00022764769932,7730.73364847125,8147.32771050645
149,"mu_delta","delta",1.12,1.13822528420667,1.1341179,0.9671264925,1.322221535,0.0182252842066666,0.0182252842066666,TRUE,1.07616191603679,32.8963733026338,4159.66484529892
149,"mu_eta","eta",-0.3,-0.294508415971525,-0.295971825,-0.4090810855,-0.176900437,0.00549158402847499,0.00549158402847499,TRUE,1.05467845841436,51.688218280299,2719.85832438617
150,"mu_alpha","alpha",4.21,4.21973986983333,4.20647905,3.83634683,4.646008595,0.00973986983333308,0.00973986983333308,TRUE,1.00643403015326,6298.2752500527,7337.28510007736
150,"mu_beta","beta",0.553,0.5117681847825,0.51016842,0.415285266,0.6133308785,-0.0412318152175001,0.0412318152175001,TRUE,1.00243462888885,5179.5741721139,6786.502768859
150,"mu_lambda","lambda",0.0814,0.0876709705990833,0.0874967155,0.0705601014,0.1049235635,0.00627097059908334,0.00627097059908334,TRUE,1.0020991786443,6538.54585419872,8156.9095579666
150,"mu_delta","delta",1.12,1.1646431591425,1.10044015,0.88211377,1.64755236,0.0446431591424998,0.0446431591424998,TRUE,1.32004463186016,9.64663557002131,29.8293913608159
150,"mu_eta","eta",-0.3,-0.273919809807575,-0.27893397,-0.412135429,-0.1189306975,0.026080190192425,0.026080190192425,TRUE,1.22689176685396,12.5268949424398,49.531715100466
151,"mu_alpha","alpha",1.62,1.63393655840833,1.6315343,1.421916905,1.85527757,0.0139365584083333,0.0139365584083333,TRUE,1.0000649233216,7260.86656492202,7663.85313810818
151,"mu_beta","beta",0.808,0.795149366148333,0.793081835,0.687157833,0.909102774,-0.0128506338516667,0.0128506338516667,TRUE,1.00099913581184,4167.77100094548,6643.00293937407
151,"mu_lambda","lambda",0.0814,0.103493455924167,0.10352896,0.08162833825,0.1251492545,0.0220934559241667,0.0220934559241667,FALSE,1.00011642821721,8259.57788776032,8089.04167367463
151,"mu_delta","delta",1.12,1.24526732422583,1.2528489,1.0554119,1.406452475,0.125267324225833,0.125267324225833,TRUE,1.00260281908715,2551.23448156276,2822.31768391186
151,"mu_eta","eta",-0.3,-0.2662586811915,-0.266922655,-0.3598932685,-0.168982123,0.0337413188085,0.0337413188085,TRUE,1.00137114655237,3901.49645433993,6165.97350246676
152,"mu_alpha","alpha",2.9,2.65906171393333,2.652712,2.356872535,2.979782975,-0.240938286066667,0.240938286066667,TRUE,1.00096395171044,5585.27799437552,6700.40172397049
152,"mu_beta","beta",0.808,0.796127306865833,0.795135325,0.7106556455,0.886913741,-0.0118726931341667,0.0118726931341667,TRUE,1.00013327455513,6318.16181611566,7837.72915641027
152,"mu_lambda","lambda",0.0814,0.0925750154479167,0.092636158,0.07194869245,0.1129137335,0.0111750154479167,0.0111750154479167,TRUE,1.00021869057,5920.90894589532,6561.72878821905
152,"mu_delta","delta",1.12,1.09131615566,1.089227,0.808595403,1.38156603,-0.0286838443400002,0.0286838443400002,TRUE,1.01228312916354,851.653333195758,3211.40726479469
152,"mu_eta","eta",-0.3,-0.2744566702225,-0.27416325,-0.3493972385,-0.2004383055,0.0255433297775,0.0255433297775,TRUE,1.00700370256859,1534.8263585258,6083.23629207747
153,"mu_alpha","alpha",4.21,4.1733589792,4.16637705,3.88603267,4.490197635,-0.0366410208000003,0.0366410208000003,TRUE,1.00067444452571,9312.43279906583,6413.75840722061
153,"mu_beta","beta",0.808,0.830431015989167,0.82888038,0.7055393175,0.9594354295,0.0224310159891666,0.0224310159891666,TRUE,1.00050095851489,4233.92064166537,6561.69733762169
153,"mu_lambda","lambda",0.0814,0.0739520926385833,0.073788286,0.0558688595,0.09215634455,-0.00744790736141666,0.00744790736141666,TRUE,1.00065586671296,4921.44885067676,7108.81790923163
153,"mu_delta","delta",1.12,1.06562468184667,1.05712695,0.917159183,1.24320136,-0.0543753181533335,0.0543753181533335,TRUE,1.00082795232808,1935.42566970224,3464.5953443559
153,"mu_eta","eta",-0.3,-0.35626386413525,-0.35565181,-0.454553474,-0.260877473,-0.05626386413525,0.05626386413525,TRUE,1.00189453914121,2319.44865484959,2162.27860618369
154,"mu_alpha","alpha",1.62,1.49692948554167,1.49230445,1.222547415,1.78241162,-0.123070514458334,0.123070514458334,TRUE,1.00058534615482,3448.99344592157,5386.01251926879
154,"mu_beta","beta",0.284,0.285448487617242,0.28516832,0.207898673,0.3658766115,0.0014484876172417,0.0014484876172417,TRUE,1.00067128385584,4256.39427646146,6514.90441503629
154,"mu_lambda","lambda",0.115,0.110692653146417,0.110102815,0.06835566775,0.155833099,-0.00430734685358333,0.00430734685358333,TRUE,1.00073330569214,4332.41419221378,5635.57899653341
154,"mu_delta","delta",1.12,1.08387791535917,1.0821839,0.8516562355,1.32133381,-0.0361220846408334,0.0361220846408334,TRUE,1.00122372750214,2813.82507603076,4901.5081362497
154,"mu_eta","eta",-0.3,-0.317961485757067,-0.31882266,-0.440979894,-0.192793094,-0.0179614857570667,0.0179614857570667,TRUE,1.00043539546088,4713.20364938172,6525.52607116777
155,"mu_alpha","alpha",2.9,2.72510140635,2.7213835,2.360946035,3.11176992,-0.17489859365,0.17489859365,TRUE,1.000260146072,5035.32342228044,6786.06128951333
155,"mu_beta","beta",0.284,0.288441709102333,0.288129395,0.191134885,0.3872703895,0.00444170910233338,0.00444170910233338,TRUE,1.00070917803586,4663.77535026896,6446.99539909434
155,"mu_lambda","lambda",0.115,0.115947995803583,0.11583454,0.08493459645,0.1481795715,0.000947995803583332,0.000947995803583332,TRUE,1.00020632226931,5584.74943439861,6877.65228682674
155,"mu_delta","delta",1.12,1.20576349467917,1.2039016,1.11343395,1.30505443,0.0857634946791666,0.0857634946791666,TRUE,1.00050867533748,7094.61101613,7137.6971213935
155,"mu_eta","eta",-0.3,-0.335076099041667,-0.33433461,-0.4389908735,-0.233354582,-0.0350760990416667,0.0350760990416667,TRUE,1.00064843061977,5258.12811007062,7023.21096891814
156,"mu_alpha","alpha",4.21,4.64905212165,4.64168465,4.23390248,5.09492353,0.43905212165,0.43905212165,FALSE,1.00042841462571,9600.22670039227,7779.99244830724
156,"mu_beta","beta",0.284,0.251018227921208,0.25087789,0.1487400245,0.355158864,-0.0329817720787917,0.0329817720787917,TRUE,1.00012711012291,5657.40934079909,7047.31424271347
156,"mu_lambda","lambda",0.115,0.12253400434,0.12214632,0.09542102685,0.1507111535,0.00753400434,0.00753400434,TRUE,1.00063353508586,5550.30281718951,7593.42061289874
156,"mu_delta","delta",1.12,1.09877367811417,1.09663105,1.00596778,1.19738138,-0.0212263218858335,0.0212263218858335,TRUE,1.00054190773537,3884.19653170061,5936.8238276206
156,"mu_eta","eta",-0.3,-0.3440027613085,-0.3438519,-0.4600157785,-0.2281982555,-0.0440027613085,0.0440027613085,TRUE,1.0017900297291,3782.80919446311,6198.42499333792
157,"mu_alpha","alpha",1.62,1.3992550394925,1.3966029,1.111901265,1.70357549,-0.2207449605075,0.2207449605075,TRUE,1.00112245471212,3745.65025652552,6367.65256863256
157,"mu_beta","beta",0.553,0.613999430886667,0.61302577,0.5423641225,0.689568786,0.0609994308866666,0.0609994308866666,TRUE,1.00021278856494,6778.53285636692,7427.20165033668
157,"mu_lambda","lambda",0.115,0.102687533605333,0.102680905,0.0801069609,0.1255174155,-0.0123124663946667,0.0123124663946667,TRUE,1.00007942209013,7953.97196490089,6919.40780120375
157,"mu_delta","delta",1.12,0.891668276044167,0.890316325,0.8137530145,0.9718692935,-0.228331723955833,0.228331723955833,FALSE,1.00045663784629,6218.93296861922,5475.65516177786
157,"mu_eta","eta",-0.3,-0.339925416265833,-0.340043995,-0.438891175,-0.241234887,-0.0399254162658333,0.0399254162658333,TRUE,1.00023882448614,4238.08794479444,5672.44760096207
158,"mu_alpha","alpha",2.9,2.84275596575,2.83853405,2.623186005,3.07938709,-0.05724403425,0.05724403425,TRUE,1.000807499262,7534.24346465893,6896.93001689346
158,"mu_beta","beta",0.553,0.5312747423525,0.53011827,0.424399282,0.6437400715,-0.0217252576475,0.0217252576475,TRUE,1.00069336161166,3195.91422292709,5363.47729888492
158,"mu_lambda","lambda",0.115,0.118515573679833,0.117812295,0.0882490734,0.1517322045,0.00351557367983332,0.00351557367983332,TRUE,1.00135871940403,3323.07415464933,4627.82552158691
158,"mu_delta","delta",1.12,1.2070866441175,1.191675,1.04834484,1.4143461,0.0870866441175,0.0870866441175,TRUE,1.00109997551466,3264.69449371264,3166.1313152167
158,"mu_eta","eta",-0.3,-0.331650349661667,-0.331659405,-0.423400513,-0.2387289145,-0.0316503496616667,0.0316503496616667,TRUE,1.00063107025782,3270.62329174329,5861.47783598257
159,"mu_alpha","alpha",4.21,3.922074207125,3.9136847,3.44950187,4.4178216,-0.287925792875,0.287925792875,TRUE,1.00085051512275,4420.29066882573,6550.66510303104
159,"mu_beta","beta",0.553,0.595766541451667,0.594387155,0.4651534255,0.7279063425,0.0427665414516666,0.0427665414516666,TRUE,1.00064934403035,3658.37008434263,5568.39873693073
159,"mu_lambda","lambda",0.115,0.1340480767875,0.13356635,0.1059263165,0.1644572115,0.0190480767875,0.0190480767875,TRUE,1.00064294681018,3844.97954144356,5943.25951527196
159,"mu_delta","delta",1.12,1.04023074020417,1.04057165,0.8590531575,1.221981495,-0.0797692597958335,0.0797692597958335,TRUE,1.01590117634307,377.167056820539,3029.94083589146
159,"mu_eta","eta",-0.3,-0.266036175606258,-0.26516206,-0.381344378,-0.1537690485,0.0339638243937417,0.0339638243937417,TRUE,1.0197391083557,219.969008175119,3143.66939136238
160,"mu_alpha","alpha",1.62,1.54237552893083,1.53959235,1.2977922,1.79950955,-0.0776244710691667,0.0776244710691667,TRUE,1.00021917487067,4975.83290282997,6721.32917573778
160,"mu_beta","beta",0.808,0.920545807589167,0.919864705,0.8045317185,1.039774585,0.112545807589167,0.112545807589167,TRUE,1.00069025608193,3927.29912444801,5829.278113486
160,"mu_lambda","lambda",0.115,0.107912241181667,0.107579565,0.08497615365,0.131324816,-0.00708775881833335,0.00708775881833335,TRUE,1.00064076633897,5671.03045952747,7202.91879178224
160,"mu_delta","delta",1.12,1.40162800950917,1.4043892,1.191727935,1.600323755,0.281628009509167,0.281628009509167,FALSE,1.00220153338816,2481.12017334848,3374.20719708745
160,"mu_eta","eta",-0.3,-0.286373656445333,-0.28645586,-0.37450981,-0.1976807565,0.0136263435546666,0.0136263435546666,TRUE,1.00078194739191,3084.29207763835,4255.65887761723
161,"mu_alpha","alpha",2.9,3.053357767,3.04330725,2.63701271,3.507796525,0.153357767,0.153357767,TRUE,1.00122767586593,4144.12737138086,6200.80320632017
161,"mu_beta","beta",0.808,0.898450613705833,0.89818369,0.76678747,1.03294617,0.0904506137058333,0.0904506137058333,TRUE,1.00374593968887,3717.15441353648,5598.90942754489
161,"mu_lambda","lambda",0.115,0.117002935383417,0.11670268,0.0934010868,0.1418670355,0.00200293538341666,0.00200293538341666,TRUE,1.00137546731623,4599.37515148371,6634.54989166195
161,"mu_delta","delta",1.12,1.1370339900975,1.12488105,0.82911005,1.493524215,0.0170339900974998,0.0170339900974998,TRUE,1.02106590424214,606.061135862028,4154.73242398205
161,"mu_eta","eta",-0.3,-0.218552586042333,-0.219261715,-0.299397297,-0.1337142955,0.0814474139576667,0.0814474139576667,FALSE,1.10896887183866,23.9256960804842,461.332477932227
162,"mu_alpha","alpha",4.21,4.34230855073333,4.3311079,4.004256665,4.72432039,0.132308550733334,0.132308550733334,TRUE,1.00093495523329,7681.60937281705,6961.89759164506
162,"mu_beta","beta",0.808,0.900470022614167,0.89803284,0.7673445485,1.04017534,0.0924700226141666,0.0924700226141666,TRUE,1.00045994867651,4541.81600353035,6854.26610761587
162,"mu_lambda","lambda",0.115,0.120709302140333,0.120429335,0.0973998634,0.1456702155,0.00570930214033333,0.00570930214033333,TRUE,1.00097103554248,4064.67940647124,5704.80396212631
162,"mu_delta","delta",1.12,0.994622997739167,0.973609745,0.884810063,1.17513162,-0.125377002260833,0.125377002260833,TRUE,1.00090075055801,640.495803117037,569.107324604342
162,"mu_eta","eta",-0.3,-0.2247503100971,-0.22404623,-0.328486743,-0.124161624,0.0752496899029,0.0752496899029,TRUE,1.00048569028186,2849.94032635419,4334.49161887509
163,"mu_alpha","alpha",1.62,1.50307283447,1.50088715,1.27635404,1.742132545,-0.11692716553,0.11692716553,TRUE,1.00088988241758,6165.83838255067,7642.31493509777
163,"mu_beta","beta",0.284,0.27080471545075,0.27050865,0.183405489,0.358169852,-0.01319528454925,0.01319528454925,TRUE,1.0011635245874,4657.16693162236,6617.56988933479
163,"mu_lambda","lambda",0.0517,0.0409249313276683,0.041074925,0.0192068157,0.0617583598,-0.0107750686723317,0.0107750686723317,TRUE,1.00092488646173,12287.814819153,6928.27784508022
163,"mu_delta","delta",0.881,0.909233260413333,0.90743855,0.7651818815,1.05973451,0.0282332604133333,0.0282332604133333,TRUE,1.00191175748067,4429.38259796071,6624.13768984606
163,"mu_eta","eta",-0.172,-0.0856517153943032,-0.084896544,-0.1811023485,0.00774220610499999,0.0863482846056968,0.0863482846056968,TRUE,1.00031067674644,8418.69749212051,9034.35958674963
164,"mu_alpha","alpha",2.9,3.03002334368333,3.0230557,2.74130765,3.333624875,0.130023343683333,0.130023343683333,TRUE,1.00025997305671,5520.15312823645,6191.15735746561
164,"mu_beta","beta",0.284,0.236755418015097,0.236894865,0.138958883,0.336213847,-0.0472445819849033,0.0472445819849033,TRUE,1.00089929813978,3322.74288115165,5134.91835072766
164,"mu_lambda","lambda",0.0517,0.0458976186526333,0.0460808545,0.02519041755,0.0663127071,-0.00580238134736667,0.00580238134736667,TRUE,1.00042017014447,7254.37472555659,6344.65358568003
164,"mu_delta","delta",0.881,0.884978995196667,0.88161839,0.6726363915,1.109484485,0.00397899519666667,0.00397899519666667,TRUE,1.00164917636808,2959.69359420248,5409.31722283482
164,"mu_eta","eta",-0.172,-0.182793235772943,-0.183567765,-0.282932576,-0.08403768685,-0.0107932357729434,0.0107932357729434,TRUE,1.00006673378984,4249.73006224103,6375.41055997859
165,"mu_alpha","alpha",4.21,4.03584530423333,4.0258896,3.66157621,4.436385805,-0.174154695766666,0.174154695766666,TRUE,1.0015706088204,5151.41544384408,7026.91640312202
165,"mu_beta","beta",0.284,0.318645494076333,0.317804205,0.2253706505,0.4178497155,0.0346454940763334,0.0346454940763334,TRUE,1.0006180957184,4023.96746842458,5922.96119092341
165,"mu_lambda","lambda",0.0517,0.04978011880275,0.049949287,0.03510766225,0.0641121601,-0.00191988119725001,0.00191988119725001,TRUE,1.00044796884771,8740.38755266309,6862.91655323902
165,"mu_delta","delta",0.881,0.874359828723333,0.886314325,0.6755430985,1.030603995,-0.00664017127666672,0.00664017127666672,TRUE,1.00034517393413,2577.46991741383,4126.40856523236
165,"mu_eta","eta",-0.172,-0.225492661977808,-0.22552962,-0.318746549,-0.1303620925,-0.0534926619778084,0.0534926619778084,TRUE,1.00141580601106,3348.20228353783,5295.62787184779
166,"mu_alpha","alpha",1.62,1.68025784189667,1.6741291,1.34921769,2.03203288,0.0602578418966666,0.0602578418966666,TRUE,1.00211738667132,2502.86137860952,4521.62724503611
166,"mu_beta","beta",0.553,0.584372897414167,0.582666345,0.490598714,0.6821693205,0.0313728974141666,0.0313728974141666,TRUE,1.00175347842037,3485.80215218929,5145.40926266908
166,"mu_lambda","lambda",0.0517,0.0761605694701667,0.076185143,0.05896020635,0.0931518121,0.0244605694701667,0.0244605694701667,FALSE,0.999905706992632,10075.903297921,6792.1585471742
166,"mu_delta","delta",0.881,1.02036982624833,1.01308,0.802601544,1.25992166,0.139369826248333,0.139369826248333,TRUE,1.04986419813902,58.2342439520455,2760.36084138078
166,"mu_eta","eta",-0.172,-0.26434739934115,-0.26412463,-0.3949023545,-0.1325282865,-0.09234739934115,0.09234739934115,TRUE,1.06877084057062,40.8384425133372,606.091051671897
167,"mu_alpha","alpha",2.9,3.27108389753333,3.26448335,2.81353898,3.747328815,0.371083897533333,0.371083897533333,TRUE,1.00031394730375,3685.45742785856,6243.2382339982
167,"mu_beta","beta",0.553,0.582204500235,0.58152397,0.490386238,0.676008479,0.029204500235,0.029204500235,TRUE,1.00058213989759,5381.3361612139,7212.08194944803
167,"mu_lambda","lambda",0.0517,0.0434497009197333,0.042882658,0.02214627245,0.0667530891,-0.00825029908026667,0.00825029908026667,TRUE,1.00051314877697,5931.39962773537,6528.91129154866
167,"mu_delta","delta",0.881,0.80436647859,0.80374527,0.6184201375,0.9943287025,-0.07663352141,0.07663352141,TRUE,1.0006952513938,3806.98796140587,4352.5526041004
167,"mu_eta","eta",-0.172,-0.0627552878910066,-0.063384228,-0.1417205215,0.0183588105,0.109244712108993,0.109244712108993,FALSE,1.0013053246795,4598.01762619749,6792.15671934814
168,"mu_alpha","alpha",4.21,4.37531930688333,4.3661364,3.98757172,4.794756575,0.165319306883333,0.165319306883333,TRUE,1.0003843669157,6670.48157662822,7549.83918565263
168,"mu_beta","beta",0.553,0.653963513336667,0.65283821,0.533217641,0.7827842115,0.100963513336667,0.100963513336667,TRUE,1.00087527443397,3857.99966674607,6180.73958302494
168,"mu_lambda","lambda",0.0517,0.06626566265775,0.0663346345,0.05173500275,0.08029389285,0.01456566265775,0.01456566265775,FALSE,1.00400351973794,8013.5782562124,7330.68732615072
168,"mu_delta","delta",0.881,0.920415222381667,0.911354125,0.7421608935,1.130013885,0.0394152223816666,0.0394152223816666,TRUE,1.07632499236392,37.1336412859689,1079.07336952
168,"mu_eta","eta",-0.172,-0.271697089157354,-0.273131645,-0.3888330985,-0.149749224,-0.0996970891573542,0.0996970891573542,TRUE,1.02781358634346,248.904253946348,3490.03847840721
169,"mu_alpha","alpha",1.62,1.78068085549167,1.77686255,1.46265231,2.111904975,0.160680855491667,0.160680855491667,TRUE,1.00057243784682,4248.52314148405,6533.58062886447
169,"mu_beta","beta",0.808,0.820644202301667,0.81949749,0.700313577,0.9461900665,0.0126442023016666,0.0126442023016666,TRUE,1.00014863234575,4279.8156400123,5980.18094450598
169,"mu_lambda","lambda",0.0517,0.0468172628515917,0.0469442475,0.02676000405,0.06626412565,-0.00488273714840834,0.00488273714840834,TRUE,1.00050805855651,7971.41631813185,7147.1709821032
169,"mu_delta","delta",0.881,0.83054864715,0.828964335,0.7073079385,0.958554485,-0.05045135285,0.05045135285,TRUE,1.00131931519526,4505.37312831166,5504.55719526779
169,"mu_eta","eta",-0.172,-0.160305573906072,-0.160562625,-0.276218726,-0.04542210485,0.0116944260939277,0.0116944260939277,TRUE,1.00218827004189,2723.8505778796,4790.7698836552
170,"mu_alpha","alpha",2.9,2.5306383199,2.52419685,2.174250465,2.906916795,-0.3693616801,0.3693616801,TRUE,1.00149229114663,4042.35553454037,6074.8098921338
170,"mu_beta","beta",0.808,0.775543426106667,0.774336835,0.689151943,0.865631016,-0.0324565738933333,0.0324565738933333,TRUE,1.00012465196297,7029.47262318072,7485.88711242478
170,"mu_lambda","lambda",0.0517,0.0451730038690417,0.044122964,0.02005706055,0.07357196695,-0.00652699613095833,0.00652699613095833,TRUE,1.00057504209834,4690.73978629611,6529.12680251988
170,"mu_delta","delta",0.881,0.979703450458333,0.976281755,0.8057953945,1.16763253,0.0987034504583333,0.0987034504583333,TRUE,1.00062628823178,3912.22893491724,5741.79489586689
170,"mu_eta","eta",-0.172,-0.141440056055479,-0.14225381,-0.2424486335,-0.03755670355,0.030559943944521,0.030559943944521,TRUE,1.00134313158594,2704.51749153897,4678.35979724424
171,"mu_alpha","alpha",4.21,4.00439587183333,3.99371545,3.61658749,4.43515187,-0.205604128166667,0.205604128166667,TRUE,1.00056463416123,6345.23645076629,6763.21640137779
171,"mu_beta","beta",0.808,0.816562114093333,0.813901775,0.7029290315,0.937554215,0.0085621140933333,0.0085621140933333,TRUE,1.0011706252537,4842.28196769554,6586.15844253379
171,"mu_lambda","lambda",0.0517,0.0554827240345833,0.0556017115,0.03933600245,0.07098064745,0.00378272403458333,0.00378272403458333,TRUE,1.00106559662498,7309.75141390669,7581.9422202423
171,"mu_delta","delta",0.881,0.904563487455833,0.902563085,0.8203921165,0.9965051175,0.0235634874558334,0.0235634874558334,TRUE,1.00141445948674,3715.81708575509,4083.45137479099
171,"mu_eta","eta",-0.172,-0.107986402534857,-0.10827805,-0.201036431,-0.0134484176000001,0.0640135974651435,0.0640135974651435,TRUE,1.00069699898191,2866.99409935898,4946.59600142072
172,"mu_alpha","alpha",1.62,1.58750996200833,1.58402735,1.33060897,1.856934475,-0.0324900379916668,0.0324900379916668,TRUE,1.00052562244308,5333.85854204256,7442.73730375187
172,"mu_beta","beta",0.284,0.25172650315725,0.25071169,0.1723622115,0.3344777585,-0.03227349684275,0.03227349684275,TRUE,1.00034191916326,5391.81240293509,7822.95588285097
172,"mu_lambda","lambda",0.0814,0.10754721888925,0.107408835,0.0822725506,0.133227497,0.02614721888925,0.02614721888925,FALSE,1.00004621062413,13853.3191773962,8537.24433965638
172,"mu_delta","delta",0.881,0.7992315567325,0.802345765,0.64024714,0.9484963135,-0.0817684432675,0.0817684432675,TRUE,1.00045277942734,4889.33924874661,6559.44125883587
172,"mu_eta","eta",-0.172,-0.199151494722759,-0.19838119,-0.308992357,-0.09170973435,-0.0271514947227592,0.0271514947227592,TRUE,1.00009919441541,7895.83046831621,8379.11034853543
173,"mu_alpha","alpha",2.9,2.708606853775,2.7037548,2.389978835,3.04250057,-0.191393146225,0.191393146225,TRUE,1.00004324291884,7894.995834123,8446.59370509494
173,"mu_beta","beta",0.284,0.273628688605167,0.27220523,0.175487976,0.379497822,-0.0103713113948333,0.0103713113948333,TRUE,1.00033715066131,5389.73091270729,6817.0777211765
173,"mu_lambda","lambda",0.0814,0.089853914843,0.089001322,0.0554115768,0.1271170495,0.008453914843,0.008453914843,TRUE,1.00105498975696,6819.67471831701,7896.53624580141
173,"mu_delta","delta",0.881,0.867531519235833,0.865031365,0.755131457,0.986438117,-0.0134684807641666,0.0134684807641666,TRUE,1.00066415082225,5119.23541884892,6170.26128343491
173,"mu_eta","eta",-0.172,-0.154952630037696,-0.155154425,-0.2889134355,-0.0219053615,0.0170473699623043,0.0170473699623043,TRUE,1.00030487923093,5455.29906350222,7279.93467478817
174,"mu_alpha","alpha",4.21,4.35000697670833,4.3408818,3.985834545,4.743702075,0.140006976708333,0.140006976708333,TRUE,1.00054736870446,8437.78486624738,7703.55664937192
174,"mu_beta","beta",0.284,0.39883106624,0.397420815,0.2982825125,0.5049959205,0.11483106624,0.11483106624,FALSE,1.00109215419306,5358.11072317852,7333.27413211274
174,"mu_lambda","lambda",0.0814,0.0804045896302,0.079422878,0.04606206895,0.1181823825,-0.000995410369799998,0.000995410369799998,TRUE,1.0011222203019,3650.76421834964,5571.22001266554
174,"mu_delta","delta",0.881,0.944954275195833,0.941400775,0.813397151,1.08540805,0.0639542751958333,0.0639542751958333,TRUE,1.00052664129624,4131.50482290024,4796.36528263697
174,"mu_eta","eta",-0.172,-0.19124164889393,-0.191595845,-0.297224379,-0.08487277055,-0.0192416488939298,0.0192416488939298,TRUE,1.00093946445518,3289.71682981328,5350.11390970611
175,"mu_alpha","alpha",1.62,1.84886668569167,1.84822835,1.643644265,2.063900565,0.228866685691667,0.228866685691667,FALSE,1.00109157130759,7724.45751744177,7865.38896385943
175,"mu_beta","beta",0.553,0.519985728399167,0.520321365,0.420219979,0.622578157,-0.0330142716008334,0.0330142716008334,TRUE,1.00064789507021,5359.49612594713,7383.52059519612
175,"mu_lambda","lambda",0.0814,0.09553286920425,0.0953418035,0.07069769075,0.121263912,0.01413286920425,0.01413286920425,TRUE,1.00047947491064,8074.57283471412,8101.82200695271
175,"mu_delta","delta",0.881,1.00014208545,0.99167457,0.8446496215,1.18388107,0.11914208545,0.11914208545,TRUE,1.00196451714347,3167.15506103633,5647.8095363213
175,"mu_eta","eta",-0.172,-0.185211983156617,-0.187126365,-0.2654411525,-0.0979446346500001,-0.0132119831566167,0.0132119831566167,TRUE,1.00012103507403,6575.41109654061,7920.16406199867
176,"mu_alpha","alpha",2.9,3.29515770761667,3.29056045,2.957651265,3.65212124,0.395157707616667,0.395157707616667,FALSE,1.00088374079027,3965.73601563002,6165.42952941734
176,"mu_beta","beta",0.553,0.533267049135,0.532135665,0.426971058,0.641858699,-0.019732950865,0.019732950865,TRUE,1.00239422774195,3164.44238744182,5127.72688806976
176,"mu_lambda","lambda",0.0814,0.100973107611417,0.100412195,0.07105705165,0.1335963675,0.0195731076114167,0.0195731076114167,TRUE,1.00237899380861,2841.91770632526,5038.92023227878
176,"mu_delta","delta",0.881,0.842333828839167,0.841036625,0.609934621,1.0775295,-0.0386661711608334,0.0386661711608334,TRUE,1.00083336730811,2216.940317832,3597.11197978159
176,"mu_eta","eta",-0.172,-0.142225676945364,-0.14201732,-0.232875307,-0.05448241245,0.0297743230546356,0.0297743230546356,TRUE,1.00378862232662,2973.26998955002,5150.73525416367
177,"mu_alpha","alpha",4.21,4.34350175995833,4.3373051,3.911837655,4.806239155,0.133501759958333,0.133501759958333,TRUE,1.00048563521564,7199.98437231146,6851.48083425692
177,"mu_beta","beta",0.553,0.451689245400833,0.450673985,0.3475349235,0.55828541,-0.101310754599167,0.101310754599167,TRUE,1.00042149417634,6101.76885485756,7956.26393216815
177,"mu_lambda","lambda",0.0814,0.0735296655864167,0.0731432145,0.05045373095,0.0979173396,-0.00787033441358333,0.00787033441358333,TRUE,1.00064961341162,5029.98116606473,6729.44668167811
177,"mu_delta","delta",0.881,0.908770134471667,0.8969558,0.640667956,1.22472968,0.0277701344716667,0.0277701344716667,TRUE,1.00072193128272,3543.90420829583,5716.57541628071
177,"mu_eta","eta",-0.172,-0.274110324758117,-0.274300155,-0.38103409,-0.1628808925,-0.102110324758117,0.102110324758117,TRUE,1.00086719197765,3762.58341125631,5565.77284655167
178,"mu_alpha","alpha",1.62,1.392497522975,1.3879842,1.105840345,1.691434035,-0.227502477025,0.227502477025,TRUE,1.0006812741513,3299.42617842272,5738.45100193658
178,"mu_beta","beta",0.808,0.83644965437,0.83573135,0.7066855125,0.9695061405,0.0284496543699999,0.0284496543699999,TRUE,1.00106363133042,3147.5762473113,5421.42142748278
178,"mu_lambda","lambda",0.0814,0.07667326678875,0.0761105195,0.0513212019,0.103516334,-0.00472673321125,0.00472673321125,TRUE,1.00081655300852,5278.24243221415,7234.23370804059
178,"mu_delta","delta",0.881,0.729599356879167,0.73856247,0.5544573265,0.8737086875,-0.151400643120833,0.151400643120833,FALSE,1.00139729039355,3951.95045131643,4563.66774911766
178,"mu_eta","eta",-0.172,-0.182461337969692,-0.18287375,-0.2675838295,-0.09683161245,-0.0104613379696917,0.0104613379696917,TRUE,1.00189708960811,3446.37064834465,5601.06578496588
179,"mu_alpha","alpha",2.9,2.93727391365,2.93093755,2.594843585,3.29632569,0.03727391365,0.03727391365,TRUE,1.00028806152819,4487.23767960731,6421.32448945199
179,"mu_beta","beta",0.808,0.782233340589167,0.781397385,0.687733715,0.8811565565,-0.0257666594108333,0.0257666594108333,TRUE,0.999980153790202,5407.20098605021,6740.34617304235
179,"mu_lambda","lambda",0.0814,0.0874205284048333,0.0872220885,0.06174660435,0.1138480465,0.00602052840483333,0.00602052840483333,TRUE,1.00008026838117,3808.38480179438,6061.79497445059
179,"mu_delta","delta",0.881,0.816429388091667,0.813993355,0.578533047,1.06494758,-0.0645706119083334,0.0645706119083334,TRUE,1.00175495613138,2308.20671007751,4370.19467392114
179,"mu_eta","eta",-0.172,-0.232470004713408,-0.23238827,-0.332618589,-0.1324454405,-0.0604700047134084,0.0604700047134084,TRUE,1.00254511160078,2584.67574689778,4247.38896147233
180,"mu_alpha","alpha",4.21,4.31079739971667,4.30247295,3.906347475,4.739309745,0.100797399716667,0.100797399716667,TRUE,1.00017399911679,6631.894728328,7312.93655726813
180,"mu_beta","beta",0.808,0.813131692635,0.812453105,0.7306071045,0.8981648045,0.00513169263499991,0.00513169263499991,TRUE,1.00035734479476,10170.9325888392,8307.96933414767
180,"mu_lambda","lambda",0.0814,0.0815697797893333,0.0814604945,0.06127079235,0.101993817,0.00016977978933333,0.00016977978933333,TRUE,1.00026787035058,4224.29214833451,6388.743763099
180,"mu_delta","delta",0.881,0.85476380705,0.852367085,0.6947062405,1.023331515,-0.02623619295,0.02623619295,TRUE,1.00012693084118,3248.16397446813,5267.70186252079
180,"mu_eta","eta",-0.172,-0.183916354053527,-0.18358787,-0.2846545035,-0.08505870215,-0.0119163540535275,0.0119163540535275,TRUE,1.00092910001563,2239.07957619798,4179.43561886434
181,"mu_alpha","alpha",1.62,1.970453582825,1.96651935,1.74798907,2.20800074,0.350453582825,0.350453582825,FALSE,1.00009637982991,7982.77994648869,8233.56293436641
181,"mu_beta","beta",0.284,0.255666935255667,0.25462885,0.161228595,0.3536629735,-0.0283330647443333,0.0283330647443333,TRUE,1.00058711441562,3785.27241770961,6392.29652016027
181,"mu_lambda","lambda",0.115,0.103443915975833,0.103082955,0.0739096251,0.1340860045,-0.0115560840241667,0.0115560840241667,TRUE,1.00028372128694,8285.14017663122,8552.7685086788
181,"mu_delta","delta",0.881,0.899558124359167,0.895029385,0.817418316,1.00037596,0.0185581243591667,0.0185581243591667,TRUE,1.0005037998788,4184.06351516809,4909.03278526647
181,"mu_eta","eta",-0.172,-0.208638038748179,-0.208490125,-0.3553246575,-0.060525216,-0.0366380387481793,0.0366380387481793,TRUE,0.999962472364575,4602.45747173904,6436.36283501703
182,"mu_alpha","alpha",2.9,3.30098577719167,3.29528565,2.84588907,3.771885405,0.400985777191667,0.400985777191667,TRUE,1.00065003558335,5574.6902828582,7608.92498671967
182,"mu_beta","beta",0.284,0.33728322462025,0.33660945,0.2401557155,0.4367867735,0.05328322462025,0.05328322462025,TRUE,1.0001731264953,6004.42233402924,7247.25051172226
182,"mu_lambda","lambda",0.115,0.117053892879333,0.116576185,0.08902380625,0.146424795,0.00205389287933333,0.00205389287933333,TRUE,1.00004743527771,6685.70545268103,7218.05513516768
182,"mu_delta","delta",0.881,0.887749312203333,0.88590099,0.756588529,1.02820248,0.0067493122033333,0.0067493122033333,TRUE,1.00395917040251,5292.04527434017,2721.01437189211
182,"mu_eta","eta",-0.172,-0.245508892801117,-0.244954905,-0.343842252,-0.1477591345,-0.0735088928011167,0.0735088928011167,TRUE,1.00024764173572,6044.36407896191,7546.37186150571
183,"mu_alpha","alpha",4.21,4.46698353584167,4.4578134,4.11974132,4.849327055,0.256983535841667,0.256983535841667,TRUE,1.00019749629582,9264.05509936718,7350.2872486626
183,"mu_beta","beta",0.284,0.3126655756505,0.312490385,0.21841948,0.407356355,0.0286655756505,0.0286655756505,TRUE,1.00038485065064,6079.37403990133,7144.77894771229
183,"mu_lambda","lambda",0.115,0.133691552203,0.132993485,0.104367587,0.1650949225,0.018691552203,0.018691552203,TRUE,1.00047169230855,4266.43362950557,6290.24539068401
183,"mu_delta","delta",0.881,0.787578065340833,0.78992685,0.654824563,0.910876116,-0.0934219346591667,0.0934219346591667,TRUE,1.00116569294167,4298.48866224683,5921.5553884106
183,"mu_eta","eta",-0.172,-0.179214544622861,-0.1791403,-0.288739726,-0.0710188029,-0.00721454462286078,0.00721454462286078,TRUE,1.00019572618875,3833.22846499567,5173.12957286129
184,"mu_alpha","alpha",1.62,1.61481032034417,1.6111846,1.34950931,1.892623235,-0.0051896796558335,0.0051896796558335,TRUE,1.0004209922528,4400.9341983276,6003.59330023172
184,"mu_beta","beta",0.553,0.538952309901667,0.538337255,0.4374851625,0.643548461,-0.0140476900983334,0.0140476900983334,TRUE,1.00028870004322,3749.1480077339,6018.31192380885
184,"mu_lambda","lambda",0.115,0.0964129981439167,0.095990994,0.06450086345,0.129883813,-0.0185870018560833,0.0185870018560833,TRUE,1.00047994009701,4582.15305085603,6439.71485052084
184,"mu_delta","delta",0.881,0.925237295875833,0.9181515,0.677900196,1.189836705,0.0442372958758334,0.0442372958758334,TRUE,1.00159599782346,2807.63331210749,4715.43670330314
184,"mu_eta","eta",-0.172,-0.27427628783425,-0.274232185,-0.3676847045,-0.180904757,-0.10227628783425,0.10227628783425,FALSE,1.00048687893068,4564.22015685187,6030.25932824644
185,"mu_alpha","alpha",2.9,3.21099581776667,3.20415375,2.838424515,3.60179991,0.310995817766667,0.310995817766667,TRUE,1.0006644556045,4555.09357326569,6929.6986464176
185,"mu_beta","beta",0.553,0.437528004620833,0.437288375,0.358143221,0.5177336825,-0.115471995379167,0.115471995379167,FALSE,1.00033951733728,6187.57569335863,7586.32591451296
185,"mu_lambda","lambda",0.115,0.118027860027667,0.117477355,0.08681830035,0.1503496685,0.00302786002766667,0.00302786002766667,TRUE,1.00127730933565,3879.20022982021,6054.96573164205
185,"mu_delta","delta",0.881,0.896015402394167,0.893025445,0.7489893605,1.05352084,0.0150154023941667,0.0150154023941667,TRUE,1.00143803720736,2699.10596175144,4170.58890826265
185,"mu_eta","eta",-0.172,-0.164375514649371,-0.16380007,-0.294171703,-0.0365770187500002,0.00762448535062915,0.00762448535062915,TRUE,1.00124481311662,2725.91128553959,4836.17650528877
186,"mu_alpha","alpha",4.21,4.422671851375,4.4125935,4.093673715,4.788888815,0.212671851375,0.212671851375,TRUE,1.00060118386424,7325.14751006245,6470.87781757795
186,"mu_beta","beta",0.553,0.535521976485,0.53466926,0.44426242,0.6287347695,-0.0174780235150001,0.0174780235150001,TRUE,1.00007360136873,6292.57609682285,7359.51891601789
186,"mu_lambda","lambda",0.115,0.129593571545333,0.129218045,0.1041087675,0.1558129515,0.0145935715453333,0.0145935715453333,TRUE,1.00072736753916,3919.18714630292,5800.85005369076
186,"mu_delta","delta",0.881,0.943123904175,0.93831174,0.766593439,1.136475565,0.062123904175,0.062123904175,TRUE,1.00137472728463,2051.42378746215,3842.09179256726
186,"mu_eta","eta",-0.172,-0.212586843070283,-0.212267925,-0.3192429495,-0.1093911445,-0.0405868430702833,0.0405868430702833,TRUE,1.00300506529748,2359.4009299765,4691.1136897617
187,"mu_alpha","alpha",1.62,1.49337904224583,1.48936605,1.17463168,1.82404484,-0.126620957754167,0.126620957754167,TRUE,1.00110162777168,4042.65387311922,7131.90119739068
187,"mu_beta","beta",0.808,0.738346289913333,0.737171425,0.637275321,0.8443227615,-0.0696537100866668,0.0696537100866668,TRUE,1.00001292841081,4601.5189686051,6659.84304082886
187,"mu_lambda","lambda",0.115,0.111885992862917,0.11165329,0.08438523915,0.14037225,-0.00311400713708333,0.00311400713708333,TRUE,1.00171967486924,6371.16071740423,6864.62905542206
187,"mu_delta","delta",0.881,0.760856281405833,0.752956915,0.6129622255,0.9409677375,-0.120143718594167,0.120143718594167,TRUE,1.00068469083644,2774.02623559834,4340.13316109942
187,"mu_eta","eta",-0.172,-0.17392133388756,-0.17425001,-0.2818547375,-0.0658563538,-0.00192133388756002,0.00192133388756002,TRUE,1.00137412578019,4194.92349465357,6286.98477774101
188,"mu_alpha","alpha",2.9,3.07348127693333,3.06881545,2.74676613,3.4159332,0.173481276933333,0.173481276933333,TRUE,1.00029775755071,6117.30139647755,6120.52496431171
188,"mu_beta","beta",0.808,0.7708244924875,0.769390725,0.681139257,0.8642007295,-0.0371755075125001,0.0371755075125001,TRUE,1.00001819700573,6438.75309171973,7062.50340521112
188,"mu_lambda","lambda",0.115,0.126352037140583,0.125921935,0.09743438395,0.156586533,0.0113520371405833,0.0113520371405833,TRUE,1.00284145923189,3070.37326500368,5794.70462911644
188,"mu_delta","delta",0.881,0.9083670942375,0.9016334,0.8106985485,1.027089205,0.0273670942374999,0.0273670942374999,TRUE,1.00058975460005,3465.06716499952,4425.22605146774
188,"mu_eta","eta",-0.172,-0.151580248877032,-0.15233174,-0.2519977475,-0.04888568355,0.0204197511229685,0.0204197511229685,TRUE,1.00047198025007,2943.65379466966,5769.58313531774
189,"mu_alpha","alpha",4.21,4.34066100124167,4.3296038,4.02908014,4.68677057,0.130661001241667,0.130661001241667,TRUE,1.00019589396181,9487.22077066826,8007.4262018539
189,"mu_beta","beta",0.808,0.747474887881667,0.74569903,0.6493932155,0.8497828625,-0.0605251121183333,0.0605251121183333,TRUE,1.00024893131368,6550.92238524113,7767.62109143105
189,"mu_lambda","lambda",0.115,0.1156471843005,0.11493512,0.0854996643,0.147324428,0.000647184300499995,0.000647184300499995,TRUE,1.00110817564997,3172.79368530585,5532.49928278401
189,"mu_delta","delta",0.881,0.89096405828,0.88976797,0.7642485485,1.0243128,0.00996405828000002,0.00996405828000002,TRUE,1.000607928392,4209.91492638063,5820.63765972227
189,"mu_eta","eta",-0.172,-0.101794380746426,-0.102273195,-0.197676759,-0.00592293793500002,0.0702056192535736,0.0702056192535736,TRUE,1.00131790084022,3067.19345570894,5246.45325894956
190,"mu_alpha","alpha",1.62,1.96051721103333,1.9512112,1.58170092,2.36170386,0.340517211033333,0.340517211033333,TRUE,1.00085778754752,4068.26250023842,6439.18784183476
190,"mu_beta","beta",0.284,0.293866329344333,0.29266444,0.1972546085,0.392097445,0.00986632934433335,0.00986632934433335,TRUE,1.00029838751829,5287.91242682433,7768.68828739663
190,"mu_lambda","lambda",0.0517,0.0588565316651417,0.0588997365,0.03300897665,0.08471961255,0.00715653166514166,0.00715653166514166,TRUE,1.00009034095275,11446.51794924,8415.90509856909
190,"mu_delta","delta",0.988,1.08023613804583,1.08150215,0.952942238,1.20158936,0.0922361380458334,0.0922361380458334,TRUE,1.00139686915392,5095.09532814346,6527.110899598
190,"mu_eta","eta",-0.172,-0.159814287463316,-0.162216315,-0.274037698,-0.0372968026000002,0.0121857125366839,0.0121857125366839,TRUE,1.00094840395856,6212.04654284952,7867.91587419354
191,"mu_alpha","alpha",2.9,3.03863434796667,3.03320885,2.777572135,3.315960185,0.138634347966667,0.138634347966667,TRUE,1.00021153392308,6920.27126577425,7150.51815740633
191,"mu_beta","beta",0.284,0.317152284439167,0.31649267,0.220305517,0.413371103,0.0331522844391667,0.0331522844391667,TRUE,1.000272643911,3252.37237291433,5909.18331605471
191,"mu_lambda","lambda",0.0517,0.0653871287641667,0.065181425,0.0457145157,0.0851220042,0.0136871287641667,0.0136871287641667,TRUE,1.00025711602906,7036.75589604351,6791.28135233419
191,"mu_delta","delta",0.988,1.05209733833,1.04324785,0.9428032,1.192748695,0.0640973383300001,0.0640973383300001,TRUE,1.00016538339404,2744.32902301307,4471.56649651198
191,"mu_eta","eta",-0.172,-0.203560055395733,-0.204239475,-0.2941773585,-0.112447822,-0.0315600553957333,0.0315600553957333,TRUE,1.00061046260782,3184.00037324762,4651.73260243108
192,"mu_alpha","alpha",4.21,4.16618106285,4.1597836,3.908733985,4.448306035,-0.0438189371500002,0.0438189371500002,TRUE,1.00054543182532,8556.13097845895,7038.24427611379
192,"mu_beta","beta",0.284,0.290187266720433,0.290345455,0.1696946655,0.4123802475,0.00618726672043335,0.00618726672043335,TRUE,1.00169776282094,2241.58801897079,4163.17655980752
192,"mu_lambda","lambda",0.0517,0.0487929535223833,0.0488732155,0.0320382972,0.0654680687,-0.00290704647761667,0.00290704647761667,TRUE,1.00023311566105,5388.02847163101,6227.48875623953
192,"mu_delta","delta",0.988,1.09295337290167,1.05868885,0.8536553325,1.45949826,0.104953372901667,0.104953372901667,TRUE,1.16013533798592,17.0942857521189,32.3213813176895
192,"mu_eta","eta",-0.172,-0.196796333055166,-0.200487105,-0.3167557145,-0.0617807870500001,-0.0247963330551658,0.0247963330551658,TRUE,1.07869852579,35.0866831478941,50.0299720834281
193,"mu_alpha","alpha",1.62,1.81153321235,1.80213575,1.48645081,2.161372725,0.19153321235,0.19153321235,TRUE,1.00218968236334,3413.15191970215,5115.93283552263
193,"mu_beta","beta",0.553,0.559717468251667,0.557996745,0.461570537,0.6630874925,0.00671746825166664,0.00671746825166664,TRUE,1.00009575075417,4178.69366235806,5808.4352141881
193,"mu_lambda","lambda",0.0517,0.0586278454006083,0.058463341,0.03176484425,0.086439581,0.00692784540060833,0.00692784540060833,TRUE,1.0005660224843,5775.75959499152,5789.13507404721
193,"mu_delta","delta",0.988,1.14886840739333,1.14817745,0.807975058,1.49820914,0.160868407393333,0.160868407393333,TRUE,1.00153268803404,3319.31885846881,5109.15090598344
193,"mu_eta","eta",-0.172,-0.173451961623623,-0.173625155,-0.263971708,-0.0812747664500001,-0.00145196162362335,0.00145196162362335,TRUE,1.00118187091971,4051.61167851154,6765.92817327712
194,"mu_alpha","alpha",2.9,2.82433857788333,2.8129709,2.40924944,3.2859883,-0.0756614221166667,0.0756614221166667,TRUE,1.0008745070006,3590.98290855988,5555.7363833348
194,"mu_beta","beta",0.553,0.507343331926667,0.506398735,0.3914471025,0.6265858475,-0.0456566680733334,0.0456566680733334,TRUE,0.999953568769511,3743.35284055004,5792.94216944515
194,"mu_lambda","lambda",0.0517,0.0380049695742083,0.0378335465,0.0194025666,0.05722991605,-0.0136950304257917,0.0136950304257917,TRUE,1.0010780142851,7333.23442486814,6642.91292170814
194,"mu_delta","delta",0.988,1.10040663747083,1.0939615,0.924409661,1.299160305,0.112406637470833,0.112406637470833,TRUE,1.00090470125687,3774.37918185251,4647.6477785259
194,"mu_eta","eta",-0.172,-0.171396077892503,-0.171538545,-0.2916679765,-0.0491463447,0.000603922107497046,0.000603922107497046,TRUE,1.00188076934961,3377.58764898124,5458.94138382325
195,"mu_alpha","alpha",4.21,4.1000696676,4.0894337,3.773203475,4.460301825,-0.1099303324,0.1099303324,TRUE,0.999912085771046,8823.51993663831,7598.23733499387
195,"mu_beta","beta",0.553,0.482186037034167,0.48144657,0.376737738,0.5932986235,-0.0708139629658334,0.0708139629658334,TRUE,1.00263944783236,4486.28395975101,7195.3265074299
195,"mu_lambda","lambda",0.0517,0.0474571969818917,0.047186919,0.0265414714,0.06987544995,-0.00424280301810834,0.00424280301810834,TRUE,0.999854167628889,6037.18826273805,7026.18660781768
195,"mu_delta","delta",0.988,0.8991297170475,0.89834669,0.7552394695,1.04614664,-0.0888702829525,0.0888702829525,TRUE,1.00045031787475,3541.33157160046,4828.95221675188
195,"mu_eta","eta",-0.172,-0.249952055871833,-0.24978239,-0.339549438,-0.1592373855,-0.0779520558718333,0.0779520558718333,TRUE,1.00104209367889,3734.36908447775,6081.4583611243
196,"mu_alpha","alpha",1.62,1.98146834863333,1.97500815,1.68807323,2.291487295,0.361468348633333,0.361468348633333,FALSE,1.00051720866624,4895.5912094685,6969.64257255538
196,"mu_beta","beta",0.808,0.9106806362,0.90931106,0.816291438,1.010787325,0.1026806362,0.1026806362,FALSE,1.00019128694002,6833.77617483353,6978.8669388319
196,"mu_lambda","lambda",0.0517,0.0559200146237833,0.055666068,0.033536766,0.07915688585,0.00422001462378333,0.00422001462378333,TRUE,1.00088635924714,5883.53046731944,6241.10158155789
196,"mu_delta","delta",0.988,0.951731183724167,0.944736905,0.7780008465,1.148753125,-0.0362688162758333,0.0362688162758333,TRUE,1.00098478713361,3334.5467916347,4813.94236932985
196,"mu_eta","eta",-0.172,-0.0882633698969403,-0.0883235325,-0.182967445,0.00727180238499999,0.0837366301030597,0.0837366301030597,TRUE,1.0008464113088,3695.43272957666,5616.73274900665
197,"mu_alpha","alpha",2.9,2.9019895767,2.89477125,2.581628195,3.24377955,0.00198957670000022,0.00198957670000022,TRUE,1.00043736426046,4885.9108704128,6091.3254210692
197,"mu_beta","beta",0.808,0.768499910491667,0.76728392,0.660342085,0.8815166995,-0.0395000895083334,0.0395000895083334,TRUE,1.00073718501059,4210.27035629151,5357.76481263895
197,"mu_lambda","lambda",0.0517,0.0410324671444,0.0402293295,0.01759430755,0.06698046115,-0.0106675328556,0.0106675328556,TRUE,1.00065479222268,4744.61627460774,6088.25844943868
197,"mu_delta","delta",0.988,1.085839967655,1.0667035,0.831597616,1.412413305,0.0978399676549999,0.0978399676549999,TRUE,1.00115592974564,3076.86999738082,4587.73235387926
197,"mu_eta","eta",-0.172,-0.232367344626933,-0.23220291,-0.3155774835,-0.1507220425,-0.0603673446269334,0.0603673446269334,TRUE,1.00128221891902,3311.74527498576,5929.09945129753
198,"mu_alpha","alpha",4.21,4.50067189493333,4.4904691,4.061254365,4.97849725,0.290671894933333,0.290671894933333,TRUE,1.00036215131687,5337.74316111763,5519.21983472678
198,"mu_beta","beta",0.808,0.812583825388333,0.81138292,0.689156687,0.938688544,0.00458382538833324,0.00458382538833324,TRUE,1.00120548053705,4099.64534721373,5957.61987779774
198,"mu_lambda","lambda",0.0517,0.08172299139075,0.081759968,0.06656444835,0.09706035155,0.03002299139075,0.03002299139075,FALSE,1.00082806821409,6287.63732854441,6594.63112459424
198,"mu_delta","delta",0.988,0.9611592422725,0.955903205,0.7479022145,1.187626285,-0.0268407577274999,0.0268407577274999,TRUE,1.00216007201636,2823.6703538728,3956.60452401079
198,"mu_eta","eta",-0.172,-0.159851208822288,-0.16050439,-0.2345429085,-0.08431264225,0.0121487911777116,0.0121487911777116,TRUE,1.0068859582608,1005.9619250928,3517.95016594247
199,"mu_alpha","alpha",1.62,1.5456836311025,1.542091,1.27632525,1.821640035,-0.0743163688975002,0.0743163688975002,TRUE,1.00066491095187,4462.05787709653,6512.59686748222
199,"mu_beta","beta",0.284,0.229102241608673,0.22873032,0.1361396245,0.323564451,-0.0548977583913266,0.0548977583913266,TRUE,1.00050687768891,3944.83585580341,5881.81777135176
199,"mu_lambda","lambda",0.0814,0.0787985762191667,0.078940376,0.05096871375,0.1058382245,-0.00260142378083333,0.00260142378083333,TRUE,1.00000043197986,10879.5354922756,7550.65708672578
199,"mu_delta","delta",0.988,1.02067558975917,1.0131598,0.9045234245,1.1645159,0.0326755897591666,0.0326755897591666,TRUE,1.00073880425616,2856.67363601659,3884.54279842675
199,"mu_eta","eta",-0.172,-0.076382652440138,-0.0783762985,-0.1766631485,0.0290085473,0.095617347559862,0.095617347559862,TRUE,1.00054180374325,7733.11414757079,8780.60499405421
200,"mu_alpha","alpha",2.9,2.72642714694167,2.7195329,2.375881135,3.09812496,-0.173572853058333,0.173572853058333,TRUE,1.0000126969406,5638.83501522623,7398.50215302966
200,"mu_beta","beta",0.284,0.208094629116132,0.20758497,0.1031041175,0.313406901,-0.0759053708838675,0.0759053708838675,TRUE,1.00176475020994,4341.53559886096,6903.19139824245
200,"mu_lambda","lambda",0.0814,0.0870895684249167,0.087296292,0.06626762105,0.1073342465,0.00568956842491666,0.00568956842491666,TRUE,0.999979797394016,13595.0980178964,8841.68934546563
200,"mu_delta","delta",0.988,0.921292848343333,0.91952344,0.7916288235,1.058563275,-0.0667071516566666,0.0667071516566666,TRUE,1.00034825176752,5642.6936322192,7516.74714853673
200,"mu_eta","eta",-0.172,-0.259364888145358,-0.259807815,-0.361100755,-0.1566718795,-0.0873648881453584,0.0873648881453584,TRUE,0.999950325334829,6636.58126890627,7968.64133094344
201,"mu_alpha","alpha",4.21,4.67678365230833,4.67063575,4.17812839,5.200160075,0.466783652308333,0.466783652308333,TRUE,1.0031069822739,4516.29211879171,6139.92680109128
201,"mu_beta","beta",0.284,0.203856433468583,0.20263314,0.1117846865,0.2976898915,-0.0801435665314166,0.0801435665314166,TRUE,1.00161591059939,4295.7060881616,6612.57169903297
201,"mu_lambda","lambda",0.0814,0.0811851684449167,0.081254518,0.06259300305,0.0998907695,-0.000214831555083339,0.000214831555083339,TRUE,1.00233484976914,6161.82139909572,7281.0415280103
201,"mu_delta","delta",0.988,0.931433618686667,0.9289037,0.728993809,1.14244872,-0.0565663813133334,0.0565663813133334,TRUE,1.01597724109131,1529.31492524167,4021.94755360511
201,"mu_eta","eta",-0.172,-0.166281526289564,-0.165872595,-0.284311914,-0.04698041745,0.00571847371043574,0.00571847371043574,TRUE,1.05123337989426,60.1424883092283,795.672593927435
202,"mu_alpha","alpha",1.62,1.63623643895583,1.6277427,1.299464875,2.002402155,0.0162364389558332,0.0162364389558332,TRUE,1.00072371650379,4274.89347684938,6426.1595573765
202,"mu_beta","beta",0.553,0.6013057780025,0.60058887,0.495783455,0.7114694735,0.0483057780024999,0.0483057780024999,TRUE,1.00039088568552,4545.72243386361,6707.63758751321
202,"mu_lambda","lambda",0.0814,0.0792640863993083,0.0784355765,0.0432532374,0.117255922,-0.00213591360069167,0.00213591360069167,TRUE,1.00099122323836,5755.33278726576,7059.45892184797
202,"mu_delta","delta",0.988,0.961345164078333,0.957046845,0.808546816,1.12564828,-0.0266548359216666,0.0266548359216666,TRUE,1.00023161167612,4071.85134829817,5802.77075112816
202,"mu_eta","eta",-0.172,-0.069482617883127,-0.0695660825,-0.1640765375,0.02574517085,0.102517382116873,0.102517382116873,FALSE,1.00083871351948,5955.58522735308,7852.54889820872
203,"mu_alpha","alpha",2.9,2.99852365831667,2.9900036,2.5777021,3.44690307,0.0985236583166667,0.0985236583166667,TRUE,1.00078180961235,3914.186635414,5657.49594917441
203,"mu_beta","beta",0.553,0.539388745385,0.53847032,0.417193988,0.6659844895,-0.013611254615,0.013611254615,TRUE,1.00084396373662,3494.65290646836,5927.67409616978
203,"mu_lambda","lambda",0.0814,0.0758424289865,0.0756200165,0.05199423135,0.100478981,-0.0055575710135,0.0055575710135,TRUE,1.00130696676694,5261.65136593706,5776.47523300494
203,"mu_delta","delta",0.988,0.957622256745,0.955057375,0.8535651195,1.068338915,-0.030377743255,0.030377743255,TRUE,1.00156954985294,3552.57316667471,5557.63402931039
203,"mu_eta","eta",-0.172,-0.11340002976522,-0.114341135,-0.2160169915,-0.00860284764500013,0.0585999702347804,0.0585999702347804,TRUE,1.00124677651277,2992.59441705402,4633.25874632704
204,"mu_alpha","alpha",4.21,4.54610712155833,4.5367728,4.069283655,5.052565385,0.336107121558333,0.336107121558333,TRUE,1.00018840170664,6115.17712844225,6715.86672998837
204,"mu_beta","beta",0.553,0.569842216878333,0.568243155,0.4661684295,0.68056071,0.0168422168783333,0.0168422168783333,TRUE,1.00033814660934,4940.73625897939,6307.93095376373
204,"mu_lambda","lambda",0.0814,0.0755636368690833,0.0752675815,0.05339384765,0.09850906745,-0.00583636313091666,0.00583636313091666,TRUE,1.00035877156628,4949.93524712068,6216.76551821127
204,"mu_delta","delta",0.988,1.01405845999167,1.00835885,0.7880553595,1.25960034,0.0260584599916667,0.0260584599916667,TRUE,1.00119985902257,3303.48969491398,4461.42793429802
204,"mu_eta","eta",-0.172,-0.269911344852917,-0.270591445,-0.335685161,-0.2017158655,-0.0979113448529167,0.0979113448529167,FALSE,1.00022130881922,4820.27008057621,6482.6740465157
205,"mu_alpha","alpha",1.62,1.71127711370083,1.70583505,1.392600055,2.05171707,0.0912771137008332,0.0912771137008332,TRUE,1.00063009729564,4033.69005164344,5509.80433583274
205,"mu_beta","beta",0.808,0.853353004561667,0.85163152,0.761961077,0.949281705,0.0453530045616666,0.0453530045616666,TRUE,1.00010402904863,7074.33750284406,7703.80249520664
205,"mu_lambda","lambda",0.0814,0.0902840859546667,0.090151776,0.0654817165,0.116048105,0.00888408595466667,0.00888408595466667,TRUE,1.00032029901914,5464.51113854593,7238.21551854095
205,"mu_delta","delta",0.988,0.974259732405,0.960422405,0.818743332,1.179733435,-0.013740267595,0.013740267595,TRUE,1.00302175825703,863.367180557518,890.965708708412
205,"mu_eta","eta",-0.172,-0.121583508191604,-0.12182371,-0.205906372,-0.03563758215,0.050416491808396,0.050416491808396,TRUE,1.00039252805374,4467.65165857811,6341.24790626813
206,"mu_alpha","alpha",2.9,2.617856726275,2.6140548,2.3324841,2.918352515,-0.282143273725,0.282143273725,TRUE,1.00048509956691,6316.4914955435,7343.8216108893
206,"mu_beta","beta",0.808,0.7093636487375,0.707893895,0.622440917,0.801951137,-0.0986363512625,0.0986363512625,FALSE,1.00068541653387,6221.25285048901,7818.52412079895
206,"mu_lambda","lambda",0.0814,0.0923431780754167,0.0916055865,0.062292626,0.125556827,0.0109431780754167,0.0109431780754167,TRUE,1.00069726366456,3511.91889978763,5496.43892274654
206,"mu_delta","delta",0.988,1.02361554277083,1.0160912,0.8232522775,1.24875049,0.0356155427708333,0.0356155427708333,TRUE,1.00088267658651,3709.39555626319,4327.03874792911
206,"mu_eta","eta",-0.172,-0.222397341656233,-0.222655855,-0.3024558255,-0.141100943,-0.0503973416562334,0.0503973416562334,TRUE,1.00062979482473,4915.70344268069,7021.15019667315
207,"mu_alpha","alpha",4.21,4.1924360452,4.1878886,3.810872625,4.59217482,-0.0175639547999999,0.0175639547999999,TRUE,1.00120094259572,6574.24273884312,6774.2116569253
207,"mu_beta","beta",0.808,0.861243615135,0.859509925,0.7456265405,0.984606924,0.053243615135,0.053243615135,TRUE,1.00019026038967,4408.40096960492,7155.23048705842
207,"mu_lambda","lambda",0.0814,0.090554520996,0.090197926,0.0679463393,0.114259179,0.009154520996,0.009154520996,TRUE,1.0005847628471,3969.04331033539,5297.8069857962
207,"mu_delta","delta",0.988,1.0813654691375,1.0650377,0.870051772,1.353559255,0.0933654691375001,0.0933654691375001,TRUE,1.00401536867912,982.63569765893,1740.54988704637
207,"mu_eta","eta",-0.172,-0.198816720650067,-0.199002785,-0.27622785,-0.1231963835,-0.0268167206500667,0.0268167206500667,TRUE,1.00271741846021,3003.13798755768,4584.73689964773
208,"mu_alpha","alpha",1.62,1.50410219076333,1.5011849,1.27503781,1.74326402,-0.115897809236667,0.115897809236667,TRUE,1.00026336476269,6332.28906496344,7454.94150501557
208,"mu_beta","beta",0.284,0.233819936885823,0.23281158,0.139342674,0.3286094565,-0.0501800631141766,0.0501800631141766,TRUE,1.00099488103975,4531.28492906405,6614.52640614594
208,"mu_lambda","lambda",0.115,0.117094907815583,0.11642399,0.076279354,0.1608572775,0.00209490781558333,0.00209490781558333,TRUE,1.00050399236217,7094.37568834219,7860.0873979761
208,"mu_delta","delta",0.988,1.066403355545,1.06310815,0.8623033415,1.285149535,0.0784033555450001,0.0784033555450001,TRUE,1.00250629364582,3132.06488997949,5879.81719421333
208,"mu_eta","eta",-0.172,-0.263571553463759,-0.26444938,-0.4038123215,-0.116525086,-0.0915715534637592,0.0915715534637592,TRUE,1.00051832665278,6408.18415298101,8007.084286255
209,"mu_alpha","alpha",2.9,2.78870459594167,2.781991,2.50542264,3.09099233,-0.111295404058333,0.111295404058333,TRUE,1.00059323717896,6421.26933583494,7580.40497120813
209,"mu_beta","beta",0.284,0.271338565164833,0.27054834,0.178568546,0.3662585925,-0.0126614348351666,0.0126614348351666,TRUE,1.00052162450966,4510.2197038588,6520.64563219867
209,"mu_lambda","lambda",0.115,0.104177303089167,0.10396527,0.07808234045,0.1304734735,-0.0108226969108333,0.0108226969108333,TRUE,1.00028857526315,7543.03982406009,7758.54047377816
209,"mu_delta","delta",0.988,0.7823195704975,0.785605875,0.638951176,0.9118665775,-0.2056804295025,0.2056804295025,FALSE,1.00031960619875,5095.51111871819,6661.68724120873
209,"mu_eta","eta",-0.172,-0.135635155117586,-0.13527615,-0.217208934,-0.0550303623,0.0363648448824141,0.0363648448824141,TRUE,1.00009083924687,7315.30208496304,8084.53605855956
210,"mu_alpha","alpha",4.21,4.28496776599167,4.2803833,3.98262079,4.60814744,0.0749677659916665,0.0749677659916665,TRUE,1.00029880922727,11406.4620492856,9003.66767659499
210,"mu_beta","beta",0.284,0.241807873172917,0.241623895,0.170653127,0.3147118075,-0.0421921268270833,0.0421921268270833,TRUE,0.999982453535059,10059.6293970555,8096.24092946118
210,"mu_lambda","lambda",0.115,0.111025037164667,0.110290855,0.08060542075,0.143538411,-0.00397496283533334,0.00397496283533334,TRUE,1.00026181218433,4329.3785742174,6381.7501481269
210,"mu_delta","delta",0.988,0.9240901429375,0.91818195,0.796333905,1.073745805,-0.0639098570625,0.0639098570625,TRUE,1.0005768305326,4506.02651527976,5462.22592530361
210,"mu_eta","eta",-0.172,-0.170930035963043,-0.17041845,-0.2645866395,-0.0773392864000001,0.00106996403695667,0.00106996403695667,TRUE,1.00037832635368,5556.11606456352,7369.54419785386
211,"mu_alpha","alpha",1.62,1.636373175455,1.6302379,1.312610715,1.976673925,0.0163731754549998,0.0163731754549998,TRUE,1.00052174550544,4596.9049534232,6871.2351550194
211,"mu_beta","beta",0.553,0.545840800510833,0.54512288,0.460928407,0.6337789455,-0.00715919948916677,0.00715919948916677,TRUE,1.00046423174287,7331.11980022227,8665.42298203976
211,"mu_lambda","lambda",0.115,0.0799111996260833,0.079881172,0.0544257564,0.1056417065,-0.0350888003739167,0.0350888003739167,FALSE,1.00002142021952,9515.06124039925,8621.8542007502
211,"mu_delta","delta",0.988,1.07280573736667,1.0653175,0.9558778375,1.215136355,0.0848057373666666,0.0848057373666666,TRUE,1.00219987926107,2931.72020524122,1867.3796148371
211,"mu_eta","eta",-0.172,-0.111404804690302,-0.11187419,-0.2201765185,0.000408522826499933,0.0605951953096982,0.0605951953096982,TRUE,1.00090415747667,5614.27737122656,7409.79869389982
212,"mu_alpha","alpha",2.9,3.03781816621667,3.0341925,2.728835315,3.36566392,0.137818166216667,0.137818166216667,TRUE,1.00035218091186,6333.56937968136,7643.67311004526
212,"mu_beta","beta",0.553,0.599963372748333,0.598659065,0.513769429,0.6897327935,0.0469633727483333,0.0469633727483333,TRUE,1.00041139682916,6163.27191856931,7648.22279082968
212,"mu_lambda","lambda",0.115,0.1669721175675,0.16616932,0.1284045495,0.2089259705,0.0519721175675,0.0519721175675,FALSE,1.00130956311976,2665.88929989891,5308.0677007478
212,"mu_delta","delta",0.988,0.87485689289,0.881983885,0.6893246425,1.0360881,-0.11314310711,0.11314310711,TRUE,1.00019957372673,4360.08369491345,4574.08192485512
212,"mu_eta","eta",-0.172,-0.370336656179417,-0.370776625,-0.462222043,-0.27692125,-0.198336656179417,0.198336656179417,FALSE,1.00011280100356,4361.90276851226,6454.112874962
213,"mu_alpha","alpha",4.21,3.7508353816,3.74306635,3.395631925,4.133419485,-0.4591646184,0.4591646184,FALSE,0.999996259895208,7696.42138445733,7890.99077817401
213,"mu_beta","beta",0.553,0.618697848639167,0.618086905,0.515741364,0.724508787,0.0656978486391666,0.0656978486391666,TRUE,1.00078758551103,5947.65744973629,7877.63124125437
213,"mu_lambda","lambda",0.115,0.128486203004583,0.12805103,0.101192432,0.1573171995,0.0134862030045833,0.0134862030045833,TRUE,1.00032164860425,4843.18209172656,7167.67105356501
213,"mu_delta","delta",0.988,0.7912410760825,0.79110609,0.5786854385,1.00251995,-0.1967589239175,0.1967589239175,TRUE,1.0008058831292,3264.95915760614,6780.04912248387
213,"mu_eta","eta",-0.172,-0.245168393031475,-0.24512175,-0.3373093915,-0.154726716,-0.073168393031475,0.073168393031475,TRUE,1.00053765631545,4478.0818942005,6234.04638137886
214,"mu_alpha","alpha",1.62,1.58181490019083,1.5780271,1.274163935,1.89829298,-0.0381850998091668,0.0381850998091668,TRUE,0.999974560211187,5383.28006403771,7249.38744205621
214,"mu_beta","beta",0.808,0.802559745974167,0.80261493,0.7094541965,0.8966809645,-0.00544025402583337,0.00544025402583337,TRUE,1.0000383995326,7664.85069442974,8017.03571510656
214,"mu_lambda","lambda",0.115,0.119524024968083,0.118820585,0.08764430825,0.153647473,0.00452402496808332,0.00452402496808332,TRUE,1.00010044322255,5721.93101128401,6857.94566011607
214,"mu_delta","delta",0.988,1.06685288952833,1.06059365,0.9407685355,1.216383995,0.0788528895283334,0.0788528895283334,TRUE,1.00448693394063,2456.94455621409,4949.73874959228
214,"mu_eta","eta",-0.172,-0.18875006831002,-0.189254355,-0.31330716,-0.06119577155,-0.0167500683100197,0.0167500683100197,TRUE,1.00309232207025,3292.07452428728,5411.52806075784
215,"mu_alpha","alpha",2.9,3.00010816693333,2.9988574,2.65598952,3.35387092,0.100108166933333,0.100108166933333,TRUE,1.0000176623234,5128.39611445436,7398.17253968465
215,"mu_beta","beta",0.808,0.792843899334167,0.79107233,0.7038120905,0.88902806,-0.0151561006658334,0.0151561006658334,TRUE,1.00188417459421,5666.70683559409,6617.99398242972
215,"mu_lambda","lambda",0.115,0.103139258902417,0.10231788,0.07050466955,0.137941015,-0.0118607410975833,0.0118607410975833,TRUE,1.00154729575242,2841.96023615837,4694.02624635622
215,"mu_delta","delta",0.988,0.857341750655833,0.871230045,0.739210437,0.925836435,-0.130658249344167,0.130658249344167,FALSE,1.00147118546168,2718.93072414202,2678.85716809894
215,"mu_eta","eta",-0.172,-0.10857871919985,-0.109138875,-0.1886415865,-0.0256994741000001,0.0634212808001502,0.0634212808001502,TRUE,1.00045054975625,3564.23296455111,5176.99712343344
216,"mu_alpha","alpha",4.21,4.33243543138333,4.3272446,4.049506725,4.6416207,0.122435431383334,0.122435431383334,TRUE,0.999928775142821,12134.825438691,6967.04812833423
216,"mu_beta","beta",0.808,0.846848439204167,0.84532995,0.7355992345,0.962723431,0.0388484392041666,0.0388484392041666,TRUE,1.00014367607383,5863.59612171137,7446.50129848383
216,"mu_lambda","lambda",0.115,0.141846644261583,0.141620055,0.113242842,0.1710026875,0.0268466442615833,0.0268466442615833,TRUE,1.00068429641316,2884.12423341409,5100.67798499408
216,"mu_delta","delta",0.988,0.9927888056025,0.989450435,0.82665287,1.171513795,0.00478880560250006,0.00478880560250006,TRUE,1.00038207357988,3178.97643222653,4996.11864061675
216,"mu_eta","eta",-0.172,-0.143940488565235,-0.14377991,-0.2435787575,-0.04475318805,0.028059511434765,0.028059511434765,TRUE,1.00166582070692,3559.64006940465,6014.60719670979
217,"mu_alpha","alpha",1.62,1.52114041436833,1.51635325,1.24894003,1.807124915,-0.0988595856316667,0.0988595856316667,TRUE,1.0001006896461,3249.26200877149,5803.6595413327
217,"mu_beta","beta",0.284,0.312624381173333,0.312198745,0.246424215,0.3801801515,0.0286243811733334,0.0286243811733334,TRUE,1.00062695082837,4960.751640161,6971.79515130804
217,"mu_lambda","lambda",0.0517,0.0340170949207117,0.0330355085,0.00963818753,0.06148049205,-0.0176829050792883,0.0176829050792883,TRUE,1.0003182445505,7534.91438348551,5827.73621546444
217,"mu_delta","delta",1.12,1.08596059220583,1.07871195,0.8884243205,1.30332965,-0.0340394077941668,0.0340394077941668,TRUE,1.00235659065054,3110.67143806759,4973.10648436582
217,"mu_eta","eta",-0.172,-0.202898690526922,-0.203667985,-0.325620598,-0.0761528455,-0.0308986905269225,0.0308986905269225,TRUE,1.00010717567868,4098.42390202557,6104.01031035611
218,"mu_alpha","alpha",2.9,2.90456807165833,2.89672255,2.51669553,3.31638068,0.00456807165833339,0.00456807165833339,TRUE,1.0008771057661,3318.03859643964,4928.35905277053
218,"mu_beta","beta",0.284,0.316990216284917,0.31670289,0.21912586,0.4168604885,0.0329902162849167,0.0329902162849167,TRUE,1.00149019032045,3260.78036894514,5670.85096369019
218,"mu_lambda","lambda",0.0517,0.0397638322313517,0.03979992,0.0196165401,0.05998913725,-0.0119361677686483,0.0119361677686483,TRUE,1.00027048021958,6998.51503355215,6306.82372855979
218,"mu_delta","delta",1.12,1.05508884053333,1.0511485,0.8920043965,1.23439202,-0.0649111594666667,0.0649111594666667,TRUE,1.00152009189003,2649.07791408429,4038.02752202229
218,"mu_eta","eta",-0.172,-0.0390973785042179,-0.0379560635,-0.1671240195,0.08505224915,0.132902621495782,0.132902621495782,FALSE,1.00079208395973,2964.70785784964,5339.96747727696
219,"mu_alpha","alpha",4.21,3.85711715415,3.8534447,3.61833122,4.10586394,-0.35288284585,0.35288284585,FALSE,1.00147643081972,12976.7272822526,8513.78786339389
219,"mu_beta","beta",0.284,0.274512247626917,0.27399892,0.2001756225,0.350544295,-0.0094877523730833,0.0094877523730833,TRUE,1.00029167544402,6813.31728319521,7684.88638052754
219,"mu_lambda","lambda",0.0517,0.05834574653625,0.0580759415,0.0388072691,0.0780545235,0.00664574653625,0.00664574653625,TRUE,0.999895168883954,6796.99412529791,6848.62500093539
219,"mu_delta","delta",1.12,0.934311361096667,0.924091125,0.770286961,1.131079645,-0.185688638903333,0.185688638903333,TRUE,1.02236102922546,180.999948571582,1208.88058235062
219,"mu_eta","eta",-0.172,-0.2047591062144,-0.203718655,-0.331114878,-0.07915466245,-0.0327591062144,0.0327591062144,TRUE,1.03293808961662,107.99365939887,2268.89952598607
220,"mu_alpha","alpha",1.62,1.51878899044583,1.51626755,1.25555296,1.793863245,-0.101211009554167,0.101211009554167,TRUE,1.00089149880913,4047.10740165092,6078.71612692448
220,"mu_beta","beta",0.553,0.509663558199167,0.50908023,0.4109618185,0.6111723145,-0.0433364418008334,0.0433364418008334,TRUE,1.00029528249157,3927.3236507759,5610.55847856795
220,"mu_lambda","lambda",0.0517,0.0599769813206667,0.060031713,0.0355016839,0.0846275253,0.00827698132066666,0.00827698132066666,TRUE,1.00075293705122,8408.49146554514,7577.71991165466
220,"mu_delta","delta",1.12,1.27550526630833,1.26750785,1.165649445,1.41095378,0.155505266308333,0.155505266308333,FALSE,1.00016472769985,5510.2723517097,5230.75993760356
220,"mu_eta","eta",-0.172,-0.205076616543048,-0.205925425,-0.326188393,-0.08295261415,-0.0330766165430484,0.0330766165430484,TRUE,1.00039561282938,3692.18442115193,6061.90532473995
221,"mu_alpha","alpha",2.9,3.0998563875,3.09319945,2.749605905,3.47156715,0.1998563875,0.1998563875,TRUE,1.00061166989716,4715.62346851639,6469.51452735057
221,"mu_beta","beta",0.553,0.554993096786667,0.553842895,0.473215773,0.640540035,0.00199309678666659,0.00199309678666659,TRUE,1.00019327670385,5865.70037753247,6827.94067597484
221,"mu_lambda","lambda",0.0517,0.0248480150499917,0.0239995925,0.007685401725,0.0448693249,-0.0268519849500083,0.0268519849500083,FALSE,1.00003062529211,6775.24930696502,6288.72948533439
221,"mu_delta","delta",1.12,1.0141690177525,1.01214645,0.6649728115,1.37061583,-0.1058309822475,0.1058309822475,TRUE,1.0008212962385,3070.44084817746,5122.34706709396
221,"mu_eta","eta",-0.172,-0.230258476219192,-0.23023257,-0.3190421225,-0.1421428945,-0.0582584762191917,0.0582584762191917,TRUE,1.00020307376892,3903.97810935457,5565.87819767545
222,"mu_alpha","alpha",4.21,4.70692717589167,4.70479655,4.17863862,5.256605105,0.496927175891667,0.496927175891667,TRUE,1.00456909157667,4425.28780233488,6499.31781245444
222,"mu_beta","beta",0.553,0.537810049801667,0.53833213,0.425668608,0.6504812135,-0.0151899501983334,0.0151899501983334,TRUE,1.00138586766464,3949.22187100593,5991.76461880912
222,"mu_lambda","lambda",0.0517,0.0438835012065167,0.0436307555,0.0244319554,0.06391819125,-0.00781649879348334,0.00781649879348334,TRUE,1.00159237959333,4677.45413557034,5784.81251893421
222,"mu_delta","delta",1.12,1.03915271195417,1.02656855,0.80066773,1.31686278,-0.0808472880458335,0.0808472880458335,TRUE,1.09442742908059,28.9542325019381,180.1945150626
222,"mu_eta","eta",-0.172,-0.269736255986667,-0.2655766,-0.3940922135,-0.1631733715,-0.0977362559866667,0.0977362559866667,TRUE,1.11569021639703,23.7994417358965,49.8421856313488
223,"mu_alpha","alpha",1.62,1.60653780144333,1.6028618,1.34135084,1.887967885,-0.0134621985566667,0.0134621985566667,TRUE,1.00005993544029,3479.4610332807,6073.85627581348
223,"mu_beta","beta",0.808,0.75754952538,0.755884745,0.635153834,0.8848064405,-0.0504504746200001,0.0504504746200001,TRUE,1.00061841428918,2651.413765691,4640.86333126977
223,"mu_lambda","lambda",0.0517,0.04514700085655,0.045205472,0.03029543025,0.05975324845,-0.00655299914345001,0.00655299914345001,TRUE,1.00015693379784,11568.785535151,6991.86384421861
223,"mu_delta","delta",1.12,1.42259732445833,1.42260505,1.163583815,1.69576597,0.302597324458333,0.302597324458333,FALSE,1.01124405721611,799.888179960459,2374.60562908308
223,"mu_eta","eta",-0.172,-0.162504211542627,-0.162625255,-0.292640264,-0.0316762332500001,0.00949578845737298,0.00949578845737298,TRUE,1.00458321182089,1563.75816049707,2872.58370342218
224,"mu_alpha","alpha",2.9,2.82313044380833,2.8169819,2.47390994,3.197195205,-0.0768695561916668,0.0768695561916668,TRUE,1.00073724945935,4307.7706766029,6736.69079385078
224,"mu_beta","beta",0.808,0.828157635609167,0.82642916,0.7319623795,0.931343219,0.0201576356091666,0.0201576356091666,TRUE,1.00050409330664,5181.08712410981,8061.13814818717
224,"mu_lambda","lambda",0.0517,0.0246607505405692,0.023885382,0.008172931405,0.0439032086,-0.0270392494594308,0.0270392494594308,FALSE,1.00049254473926,6473.506592858,6980.55873104228
224,"mu_delta","delta",1.12,1.10903087295417,1.09114795,0.9222494465,1.359961365,-0.0109691270458334,0.0109691270458334,TRUE,1.00190851124408,2292.11834183817,3817.31607754027
224,"mu_eta","eta",-0.172,-0.264089572442458,-0.264353845,-0.354889215,-0.172535503,-0.0920895724424584,0.0920895724424584,FALSE,1.00078348939168,3160.57159459911,5006.9836142442
225,"mu_alpha","alpha",4.21,4.019467121225,4.01122825,3.70557403,4.36481516,-0.190532878775,0.190532878775,TRUE,1.00020336174679,10255.296634616,7624.36482107301
225,"mu_beta","beta",0.808,0.8988304530175,0.897435245,0.8089395415,0.9932641265,0.0908304530174999,0.0908304530174999,FALSE,1.00012581230836,10449.1173171742,8436.15433520298
225,"mu_lambda","lambda",0.0517,0.0433493848703333,0.0429014165,0.02421418115,0.06429432605,-0.00835061512966667,0.00835061512966667,TRUE,1.00086188660623,5427.15862171192,7213.98923345705
225,"mu_delta","delta",1.12,1.13140052295667,1.12010875,1.020784105,1.27548632,0.0114005229566665,0.0114005229566665,TRUE,1.0033250714425,748.264345557628,289.350440339445
225,"mu_eta","eta",-0.172,-0.149903755562855,-0.15052526,-0.295844784,-0.006216872915,0.0220962444371453,0.0220962444371453,TRUE,1.00131608581345,2027.71774302104,3486.55809711332
226,"mu_alpha","alpha",1.62,1.28527859828667,1.28317555,1.066639185,1.504799705,-0.334721401713334,0.334721401713334,FALSE,1.03011726380431,111.628609899222,1099.42902092787
226,"mu_beta","beta",0.284,0.215973022455027,0.21539841,0.1130336675,0.320995303,-0.0680269775449733,0.0680269775449733,TRUE,1.00222870264833,2985.9134860967,4841.373984313
226,"mu_lambda","lambda",0.0814,0.0577951448604,0.055874753,0.01933603215,0.1038882705,-0.0236048551396,0.0236048551396,TRUE,1.0023405109771,7026.78799891176,7413.03759857843
226,"mu_delta","delta",1.12,1.15442465665917,1.1518181,0.96902364,1.3475931,0.0344246566591666,0.0344246566591666,TRUE,1.0057295132967,2654.60655895991,5048.10227432907
226,"mu_eta","eta",-0.172,-0.131062502389006,-0.118364085,-0.3233445395,-0.00713493234500006,0.0409374976109942,0.0409374976109942,TRUE,1.1574573745537,31.3539577428456,27.5958106473063
227,"mu_alpha","alpha",2.9,2.57537446981667,2.5716223,2.248580835,2.92317269,-0.324625530183333,0.324625530183333,TRUE,1.0010407604573,5068.35490976068,7713.30658469513
227,"mu_beta","beta",0.284,0.16088080574112,0.160386105,0.0604271458,0.26405337,-0.12311919425888,0.12311919425888,FALSE,1.0005317643551,3935.99732925473,5234.9071434144
227,"mu_lambda","lambda",0.0814,0.0902904405956667,0.090444454,0.0681884165,0.112217453,0.00889044059566667,0.00889044059566667,TRUE,1.00011128674452,11518.1203372506,8676.89598221473
227,"mu_delta","delta",1.12,1.0727021853025,1.0704347,0.915761281,1.23870216,-0.0472978146975001,0.0472978146975001,TRUE,1.00098962124539,3122.0346766001,5560.15458215691
227,"mu_eta","eta",-0.172,-0.194616020390135,-0.19425279,-0.3009687495,-0.09172091145,-0.022616020390135,0.022616020390135,TRUE,1.00011475727715,6156.27818989921,7690.90039366247
228,"mu_alpha","alpha",4.21,4.38330181965833,4.37652085,4.045096885,4.744122935,0.173301819658334,0.173301819658334,TRUE,1.00013579233535,8049.62761535427,7801.93971089872
228,"mu_beta","beta",0.284,0.343239610863333,0.34209881,0.2393863595,0.4488344905,0.0592396108633333,0.0592396108633333,TRUE,1.00015871984327,4010.11590748943,6290.31460931164
228,"mu_lambda","lambda",0.0814,0.0919028109974167,0.0920538755,0.07314495875,0.1103529845,0.0105028109974167,0.0105028109974167,TRUE,1.00049670982816,6702.949389439,7788.74005364725
228,"mu_delta","delta",1.12,1.19992972032917,1.2005305,1.026101605,1.372659465,0.0799297203291665,0.0799297203291665,TRUE,1.00296165481439,2643.5270070364,5608.51327359257
228,"mu_eta","eta",-0.172,-0.128819308694644,-0.13008995,-0.2267991265,-0.0269226511500001,0.0431806913053561,0.0431806913053561,TRUE,1.00059955070959,3006.93735356799,5277.22798865128
229,"mu_alpha","alpha",1.62,1.74082507631667,1.7382255,1.512281675,1.974818885,0.120825076316667,0.120825076316667,TRUE,1.0003168376511,5960.24533490533,7531.8252614249
229,"mu_beta","beta",0.553,0.4655465440075,0.464590315,0.368551089,0.5655635035,-0.0874534559925,0.0874534559925,TRUE,1.00080654957661,3668.96394256335,5321.31170652508
229,"mu_lambda","lambda",0.0814,0.0825232883414167,0.0824276105,0.0581111334,0.1073939865,0.00112328834141667,0.00112328834141667,TRUE,1.0000936188829,7844.32111297539,7378.40576787698
229,"mu_delta","delta",1.12,1.17906864816583,1.1699203,1.032922095,1.35439364,0.0590686481658331,0.0590686481658331,TRUE,1.00496275835215,1216.11989909886,4190.53645034696
229,"mu_eta","eta",-0.172,-0.0994200058886067,-0.10001141,-0.213025894,0.01686023705,0.0725799941113933,0.0725799941113933,TRUE,1.00043205325201,3879.17110881127,6186.13721939428
230,"mu_alpha","alpha",2.9,3.28078900800833,3.27670625,2.926481845,3.654381575,0.380789008008334,0.380789008008334,FALSE,1.00104778699635,4772.20337322243,6860.2452819125
230,"mu_beta","beta",0.553,0.523447980555,0.522944015,0.407398865,0.63905424,-0.0295520194450001,0.0295520194450001,TRUE,1.00008485333288,2957.65265551554,4425.87132812739
230,"mu_lambda","lambda",0.0814,0.0773847168101667,0.077216021,0.0529341196,0.1021892445,-0.00401528318983334,0.00401528318983334,TRUE,1.0007670073395,4240.49232089552,6314.77093007507
230,"mu_delta","delta",1.12,1.07351193049333,1.07693115,0.864709584,1.27216664,-0.0464880695066667,0.0464880695066667,TRUE,1.00079942420688,2956.33012786289,5664.8275270602
230,"mu_eta","eta",-0.172,-0.255237625157717,-0.254856525,-0.350557487,-0.162549991,-0.0832376251577167,0.0832376251577167,TRUE,1.00141449044814,3484.14162705532,5624.26299571044
231,"mu_alpha","alpha",4.21,4.54639905534167,4.5342813,4.138384635,4.996703555,0.336399055341666,0.336399055341666,TRUE,0.99994818208496,7007.33422790242,7095.44119874228
231,"mu_beta","beta",0.553,0.492895388475833,0.491583905,0.3939113445,0.5944833025,-0.0601046115241667,0.0601046115241667,TRUE,1.00038510601745,5290.62171385019,7071.26667485652
231,"mu_lambda","lambda",0.0814,0.0796863859885833,0.079015781,0.05222011575,0.109255203,-0.00171361401141666,0.00171361401141666,TRUE,1.00067713865076,3480.77612944349,5203.98956301148
231,"mu_delta","delta",1.12,1.25152464579083,1.23844785,1.099070655,1.449073585,0.131524645790833,0.131524645790833,TRUE,1.00079235240925,1810.11619058851,3847.97481941695
231,"mu_eta","eta",-0.172,-0.185357692666967,-0.184811805,-0.278581185,-0.09274218365,-0.0133576926669667,0.0133576926669667,TRUE,1.00043757581117,3057.12639709072,5502.05051022955
232,"mu_alpha","alpha",1.62,2.00869037455833,2.0029547,1.68603348,2.35035945,0.388690374558333,0.388690374558333,FALSE,1.00054262531412,3763.52396356105,4853.18576456371
232,"mu_beta","beta",0.808,0.862659138536667,0.861408945,0.7082556865,1.01914755,0.0546591385366666,0.0546591385366666,TRUE,1.00161929911111,2407.4344360787,4174.60294022462
232,"mu_lambda","lambda",0.0814,0.0681438122631667,0.067990388,0.04568466095,0.09060634135,-0.0132561877368333,0.0132561877368333,TRUE,1.0003459528139,5376.21483512277,6405.77399188615
232,"mu_delta","delta",1.12,1.09642176068083,1.0711914,1.00590154,1.2720988,-0.0235782393191668,0.0235782393191668,TRUE,1.02043195097362,251.640092963451,618.388172350479
232,"mu_eta","eta",-0.172,-0.225617320175133,-0.223080025,-0.3437543055,-0.1184298945,-0.0536173201751333,0.0536173201751333,TRUE,1.00877655006329,650.857103893,1168.12776759237
233,"mu_alpha","alpha",2.9,2.6961628796,2.6919647,2.40654421,3.001751375,-0.2038371204,0.2038371204,TRUE,1.00007216896424,8206.19617966969,7824.27937111637
233,"mu_beta","beta",0.808,0.769371783928333,0.767959495,0.6753127555,0.8659991175,-0.0386282160716667,0.0386282160716667,TRUE,1.00019268550332,8334.99471758051,7603.23503431671
233,"mu_lambda","lambda",0.0814,0.105509358772667,0.105173295,0.08064175145,0.1316204435,0.0241093587726667,0.0241093587726667,TRUE,1.000517300694,6437.40701644127,7395.676960312
233,"mu_delta","delta",1.12,1.21533592088917,1.21147745,1.115539365,1.332215995,0.0953359208891666,0.0953359208891666,TRUE,1.00098007864776,4780.46093469907,3988.15209747289
233,"mu_eta","eta",-0.172,-0.19326430016465,-0.194271945,-0.3086156415,-0.0755079809500001,-0.02126430016465,0.02126430016465,TRUE,1.00038108611105,3487.58618825559,5117.25142120922
234,"mu_alpha","alpha",4.21,4.01486037371667,4.00425775,3.525642765,4.539731665,-0.195139626283333,0.195139626283333,TRUE,1.00211548413056,4484.66634637941,4104.49653247221
234,"mu_beta","beta",0.808,0.860943881626667,0.85965147,0.783162536,0.942610157,0.0529438816266666,0.0529438816266666,TRUE,1.00026781561557,12356.1140506987,9094.59724852153
234,"mu_lambda","lambda",0.0814,0.0892665096344167,0.089025635,0.06737596705,0.11225097,0.00786650963441667,0.00786650963441667,TRUE,1.00170301441036,4975.99847048306,6805.87005949857
234,"mu_delta","delta",1.12,1.0921035866175,1.08347205,0.956163467,1.259958785,-0.0278964133825002,0.0278964133825002,TRUE,1.00185168646655,2735.54480886158,4971.11587799752
234,"mu_eta","eta",-0.172,-0.156277711457403,-0.156636375,-0.241232448,-0.06972494085,0.0157222885425972,0.0157222885425972,TRUE,1.00090052516989,4069.02525685427,6306.22260995381
235,"mu_alpha","alpha",1.62,1.91539289470833,1.91231755,1.602302105,2.24453733,0.295392894708333,0.295392894708333,TRUE,1.00040212291534,7089.75112687871,8364.828735008
235,"mu_beta","beta",0.284,0.317242734018833,0.316571175,0.2034522835,0.431998337,0.0332427340188334,0.0332427340188334,TRUE,1.0000803544371,4894.17116490525,6553.99450651308
235,"mu_lambda","lambda",0.115,0.125857651298667,0.125049235,0.0913914289,0.163264561,0.0108576512986667,0.0108576512986667,TRUE,1.00044734430943,8892.19280233103,8418.30444644279
235,"mu_delta","delta",1.12,0.9082072637175,0.908462665,0.732400416,1.075766895,-0.2117927362825,0.2117927362825,FALSE,1.00066346037846,4164.25970221116,6738.4941435248
235,"mu_eta","eta",-0.172,-0.19173463689848,-0.1923004,-0.2847153885,-0.0950226662000001,-0.01973463689848,0.01973463689848,TRUE,1.00041373080549,9575.73312818146,8196.27720792819
236,"mu_alpha","alpha",2.9,3.1221890207,3.11498155,2.74649266,3.524114275,0.2221890207,0.2221890207,TRUE,1.00112530612876,5025.13872152659,6591.96723000332
236,"mu_beta","beta",0.284,0.22443445442875,0.22317327,0.140823395,0.310746752,-0.05956554557125,0.05956554557125,TRUE,1.00052581588458,5652.18552040773,7267.94898608736
236,"mu_lambda","lambda",0.115,0.110336568932333,0.10988999,0.0784970712,0.143215207,-0.00466343106766667,0.00466343106766667,TRUE,1.00074830596263,4903.86935354152,6840.83391332132
236,"mu_delta","delta",1.12,1.11023560723333,1.107812,0.851291899,1.37474802,-0.00976439276666685,0.00976439276666685,TRUE,1.00222525803821,3152.16966118434,6004.4967006977
236,"mu_eta","eta",-0.172,-0.163358928886829,-0.1652711,-0.264224488,-0.0590876047000001,0.00864107111317081,0.00864107111317081,TRUE,1.00049734475,5008.26484807939,5785.6550673091
237,"mu_alpha","alpha",4.21,4.36498405426667,4.35644625,3.992131865,4.767126805,0.154984054266667,0.154984054266667,TRUE,1.00049320833334,8298.77008659124,7836.45961277698
237,"mu_beta","beta",0.284,0.35902269909025,0.358865515,0.2488389065,0.4701303115,0.07502269909025,0.07502269909025,TRUE,1.0010787130594,5173.8682383613,7073.22170189668
237,"mu_lambda","lambda",0.115,0.134651048311333,0.134285765,0.1062066305,0.163957066,0.0196510483113333,0.0196510483113333,TRUE,1.00097098319251,4257.78586559638,6697.94209850961
237,"mu_delta","delta",1.12,1.09444615035583,1.0903569,0.916912931,1.2838485,-0.0255538496441667,0.0255538496441667,TRUE,1.00075252348401,3925.17694890668,5584.88060129598
237,"mu_eta","eta",-0.172,-0.0514243166364637,-0.052289935,-0.144081604,0.0435090294499999,0.120575683363536,0.120575683363536,FALSE,1.00023181165293,4788.91675714908,7280.97721012231
238,"mu_alpha","alpha",1.62,1.610830846725,1.6091595,1.41278988,1.822261265,-0.00916915327500001,0.00916915327500001,TRUE,1.0007333938648,9330.07182904087,8680.21288299961
238,"mu_beta","beta",0.553,0.528458884924167,0.527570845,0.4370785615,0.624008237,-0.0245411150758333,0.0245411150758333,TRUE,1.00025670436644,5549.06147393687,7608.67444777668
238,"mu_lambda","lambda",0.115,0.126969595769833,0.126667925,0.0966576382,0.158106594,0.0119695957698333,0.0119695957698333,TRUE,1.00028375625867,7783.84755837955,7801.9802642314
238,"mu_delta","delta",1.12,1.05069256395833,1.04226285,0.9272041975,1.20687872,-0.0693074360416668,0.0693074360416668,TRUE,1.00114062921669,3313.11156315416,3281.17463009914
238,"mu_eta","eta",-0.172,-0.257289943640175,-0.258659615,-0.364565348,-0.144860437,-0.085289943640175,0.085289943640175,TRUE,1.00120788629613,5983.11068011262,6632.75934342233
239,"mu_alpha","alpha",2.9,2.96858882193333,2.96313735,2.60942173,3.351716385,0.0685888219333335,0.0685888219333335,TRUE,1.00019709063987,5489.8357169827,7735.19719038757
239,"mu_beta","beta",0.553,0.66697594746,0.666445615,0.536026309,0.7988138455,0.11397594746,0.11397594746,TRUE,1.00133090576446,3605.00549597373,5906.85245170849
239,"mu_lambda","lambda",0.115,0.100095825901417,0.0990796895,0.06710580055,0.136088225,-0.0149041740985833,0.0149041740985833,TRUE,1.00112476220937,3949.89458978041,6213.28898858033
239,"mu_delta","delta",1.12,1.16925224052333,1.15444775,0.979147705,1.41166525,0.0492522405233333,0.0492522405233333,TRUE,1.00137354360827,2369.09733455837,4012.25876901056
239,"mu_eta","eta",-0.172,-0.171951067492006,-0.17176248,-0.276984663,-0.0673826723,4.89325079943981e-05,4.89325079943981e-05,TRUE,1.00112229597806,3239.57078025792,4997.50219944797
240,"mu_alpha","alpha",4.21,4.52153288678333,4.51123135,4.104315455,4.970255805,0.311532886783334,0.311532886783334,TRUE,1.00335803752072,5260.11878915506,6810.4608920712
240,"mu_beta","beta",0.553,0.584987402935833,0.58422793,0.4564904245,0.713221121,0.0319874029358332,0.0319874029358332,TRUE,1.00206641534791,3378.35854000884,5635.69155681975
240,"mu_lambda","lambda",0.115,0.136682462056167,0.136288185,0.1118444875,0.162733427,0.0216824620561667,0.0216824620561667,TRUE,1.00122627261679,3206.65629000224,5596.07471421282
240,"mu_delta","delta",1.12,1.03473957837917,1.0267523,0.8331796195,1.26431348,-0.0852604216208335,0.0852604216208335,TRUE,1.05723744569333,51.1171742091535,97.2334487957482
240,"mu_eta","eta",-0.172,-0.175635985655866,-0.1744361,-0.301263397,-0.0541390872000002,-0.00363598565586612,0.00363598565586612,TRUE,1.044872057315,90.2840845410361,3607.32440528448
241,"mu_alpha","alpha",1.62,1.5066178883,1.5037843,1.287282735,1.731548405,-0.1133821117,0.1133821117,TRUE,1.00021417547355,7042.72459381776,7380.46990175322
241,"mu_beta","beta",0.808,0.827848975543333,0.826470155,0.72231618,0.938782272,0.0198489755433333,0.0198489755433333,TRUE,1.00033899577916,4956.50624403101,7088.88078019817
241,"mu_lambda","lambda",0.115,0.113598182695417,0.113531345,0.0913067349,0.135751744,-0.00140181730458334,0.00140181730458334,TRUE,1.00027625016567,8449.3262682301,8450.9055758135
241,"mu_delta","delta",1.12,1.17277761882917,1.1674728,0.959453659,1.405796785,0.0527776188291667,0.0527776188291667,TRUE,1.00160322265689,2881.1343696465,4979.08855524681
241,"mu_eta","eta",-0.172,-0.103603165409412,-0.104289835,-0.204618673,-0.000673236883000108,0.0683968345905884,0.0683968345905884,TRUE,1.00311761703741,3601.95435339105,6674.35287673395
242,"mu_alpha","alpha",2.9,2.83732062494167,2.8326115,2.59313077,3.098395005,-0.0626793750583334,0.0626793750583334,TRUE,1.00040176034302,9570.95878840984,7596.4584857467
242,"mu_beta","beta",0.808,0.832744273588333,0.83137846,0.7450158655,0.925402464,0.0247442735883333,0.0247442735883333,TRUE,1.00040357523977,6783.17216145274,6656.29642725864
242,"mu_lambda","lambda",0.115,0.1183094091305,0.117509225,0.09159851765,0.147455297,0.0033094091305,0.0033094091305,TRUE,1.00052538438582,4318.38541900881,5984.61931550868
242,"mu_delta","delta",1.12,0.9624915064425,0.95774371,0.809374328,1.129990105,-0.1575084935575,0.1575084935575,TRUE,1.00018745719726,3943.81840655924,5720.33972394625
242,"mu_eta","eta",-0.172,-0.102145677158371,-0.10265388,-0.179832713,-0.02295205015,0.0698543228416287,0.0698543228416287,TRUE,1.00102834814664,4862.39434401741,6101.91571557371
243,"mu_alpha","alpha",4.21,4.17001002385,4.1626466,3.892810565,4.4724577,-0.0399899761500002,0.0399899761500002,TRUE,1.00053197394997,12166.4815808039,7563.62271563023
243,"mu_beta","beta",0.808,0.831122646315,0.830814725,0.7374555645,0.927588293,0.0231226463149999,0.0231226463149999,TRUE,1.0017419633507,7625.36521186041,8337.8990747836
243,"mu_lambda","lambda",0.115,0.113221116731417,0.112639435,0.08790456195,0.1400482445,-0.00177888326858335,0.00177888326858335,TRUE,1.0015533876177,3513.12684825662,5702.09575260917
243,"mu_delta","delta",1.12,1.13323289185917,1.11795565,0.949793504,1.36656495,0.0132328918591667,0.0132328918591667,TRUE,1.06367045867795,43.6568162605152,2981.65870612777
243,"mu_eta","eta",-0.172,-0.121188324938237,-0.12069295,-0.227745459,-0.0140641476,0.0508116750617632,0.0508116750617632,TRUE,1.03150048283766,120.974210524258,3699.10829856958
