"k","variable","param","simulated","estimated","median","q5","q95","bias","abs_bias","covered_90","rhat","ess_bulk","ess_tail"
1,"mu_alpha","alpha",1.57,1.843093770275,1.8366587,1.524103075,2.18045359,0.273093770275,0.273093770275,TRUE,1.00110323898852,3519.00203636051,5881.4152444713
1,"mu_beta","beta",0.394,0.389214833098333,0.3889085,0.297967641,0.480835326,-0.00478516690166669,0.00478516690166669,TRUE,1.00057856531881,4073.82619737649,6399.14539229066
1,"mu_lambda","lambda",0.0182,0.0135386464507789,0.012521214,0.00152730152,0.0289822516,-0.00466135354922115,0.00466135354922115,TRUE,1.00012562615579,11085.3345892524,7033.01356581695
1,"mu_delta","delta",0.906,0.871145586821667,0.8734877,0.677586265,1.058494555,-0.0348544131783334,0.0348544131783334,TRUE,1.01533534753967,3188.02309083436,926.347834402173
1,"mu_eta","eta",-0.382,-0.367834062393117,-0.369789015,-0.493258535,-0.239003459,0.0141659376068833,0.0141659376068833,TRUE,1.00206956407524,4057.79004167692,5997.49924245016
2,"mu_alpha","alpha",2.47,2.48041813604167,2.4726556,2.10305874,2.887971275,0.0104181360416664,0.0104181360416664,TRUE,1.00048675070825,2983.72387445364,4861.90876412049
2,"mu_beta","beta",0.394,0.436302296791667,0.435763505,0.341520991,0.5338385725,0.0423022967916666,0.0423022967916666,TRUE,1.0002947359801,3492.16977004193,5191.19789020954
2,"mu_lambda","lambda",0.0182,0.00585613368410443,0.0046569408,0.000345421565,0.0154088508,-0.0123438663158956,0.0123438663158956,FALSE,0.999906449900537,8828.14348860454,6603.78009571246
2,"mu_delta","delta",0.906,0.993140868848333,0.98667921,0.74434557,1.260726575,0.0871408688483333,0.0871408688483333,TRUE,1.00302537178731,2307.92576092971,3484.26944870534
2,"mu_eta","eta",-0.382,-0.400029052396233,-0.40102018,-0.5309666815,-0.2667896595,-0.0180290523962333,0.0180290523962333,TRUE,1.00163639849721,2416.66066551865,4753.59271823809
3,"mu_alpha","alpha",3.47,3.91978509341667,3.91028145,3.45112004,4.410812605,0.449785093416666,0.449785093416666,TRUE,1.00077760701898,5065.82888870353,6444.31138702771
3,"mu_beta","beta",0.394,0.377475094030417,0.375043225,0.248650038,0.5136096175,-0.0165249059695833,0.0165249059695833,TRUE,1.00159114721333,2967.50300735095,5357.80015443825
3,"mu_lambda","lambda",0.0182,0.0162340326041617,0.0155704865,0.003846950865,0.03067158545,-0.00196596739583827,0.00196596739583827,TRUE,1.0000978494501,7802.68075016662,6375.94531760779
3,"mu_delta","delta",0.906,1.0554525235775,1.03349075,0.798035878,1.39035978,0.1494525235775,0.1494525235775,TRUE,1.08875856510104,30.5344754237841,178.680390398164
3,"mu_eta","eta",-0.382,-0.492406865715833,-0.49151137,-0.59410444,-0.3931688045,-0.110406865715833,0.110406865715833,FALSE,1.00056234451714,3802.66524542109,5872.78426201096
4,"mu_alpha","alpha",1.57,1.204830178175,1.19846,0.921199071,1.51372563,-0.365169821825,0.365169821825,FALSE,1.00213184934689,3545.98264679561,5648.21303208495
4,"mu_beta","beta",0.67,0.8050518339925,0.80367128,0.711149005,0.899853377,0.1350518339925,0.1350518339925,FALSE,1.00026593167041,4556.34561451455,6592.79306427909
4,"mu_lambda","lambda",0.0182,0.0153061646860148,0.0147585335,0.00258686565,0.03026738185,-0.00289383531398517,0.00289383531398517,TRUE,1.00040914046504,6875.27831658343,4724.79178642142
4,"mu_delta","delta",0.906,0.9801680614775,0.97163456,0.6806272005,1.30756951,0.0741680614775,0.0741680614775,TRUE,1.00047826821144,2605.33059984191,4789.17598694953
4,"mu_eta","eta",-0.382,-0.2902474564135,-0.289651975,-0.3919279895,-0.1881153215,0.0917525435865,0.0917525435865,TRUE,1.00095864278867,3420.16128020907,5763.64708202944
5,"mu_alpha","alpha",2.47,2.52404375829167,2.51776555,2.20410895,2.86232832,0.0540437582916664,0.0540437582916664,TRUE,1.00018970263005,5761.82225599383,6820.14067629147
5,"mu_beta","beta",0.67,0.762374851951667,0.76120154,0.654316478,0.876133417,0.0923748519516666,0.0923748519516666,TRUE,1.00083182024873,5093.19064538654,6501.17249183422
5,"mu_lambda","lambda",0.0182,0.0429716788828333,0.0430353695,0.02911511865,0.05634141275,0.0247716788828333,0.0247716788828333,FALSE,1.00047181945697,11043.4760864167,6931.3867885958
5,"mu_delta","delta",0.906,1.07348697427167,1.0348878,0.8156048265,1.46307584,0.167486974271667,0.167486974271667,TRUE,1.01864292242652,184.437969560412,1216.32184423779
5,"mu_eta","eta",-0.382,-0.351036871222417,-0.352833575,-0.45084845,-0.247442134,0.0309631287775833,0.0309631287775833,TRUE,1.02274712451226,159.388548418907,1125.44322855166
6,"mu_alpha","alpha",3.47,2.92720829986667,2.92052775,2.62066693,3.25855218,-0.542791700133333,0.542791700133333,FALSE,1.00001068788282,7037.81616131751,8544.45286451579
6,"mu_beta","beta",0.67,0.6421988369575,0.639894375,0.528896319,0.759757204,-0.0278011630425,0.0278011630425,TRUE,1.00102027711304,4675.35432852014,6899.70311567537
6,"mu_lambda","lambda",0.0182,0.00684969450990461,0.0058898222,0.0004487971255,0.0164715665,-0.0113503054900954,0.0113503054900954,FALSE,0.999979918262658,12842.19645931,7407.6157511794
6,"mu_delta","delta",0.906,1.0521761608075,1.0419765,0.8851884225,1.25507395,0.1461761608075,0.1461761608075,TRUE,1.00051751410202,3572.81795595262,4822.48081616331
6,"mu_eta","eta",-0.382,-0.369015191568333,-0.368714,-0.476685591,-0.262128648,0.0129848084316667,0.0129848084316667,TRUE,1.00054848913196,3618.98829159925,4981.53109110828
7,"mu_alpha","alpha",1.57,1.3703267565025,1.3649611,1.06872978,1.68620411,-0.1996732434975,0.1996732434975,TRUE,1.00210789351461,3666.75493684913,5710.49841093428
7,"mu_beta","beta",0.947,0.887721078015833,0.88665691,0.771995161,1.007245085,-0.0592789219841666,0.0592789219841666,TRUE,1.00034043464785,3716.42550494427,5528.43950494785
7,"mu_lambda","lambda",0.0182,0.0217960725934825,0.02154573,0.00666679303,0.03771395465,0.0035960725934825,0.0035960725934825,TRUE,1.00069190072376,8408.76264790156,5746.21742343881
7,"mu_delta","delta",0.906,1.07258803437,1.066089,0.745645729,1.42037563,0.16658803437,0.16658803437,TRUE,1.00134571381018,2356.75906168887,4078.86854818088
7,"mu_eta","eta",-0.382,-0.421093564424167,-0.42117343,-0.529477977,-0.3142605375,-0.0390935644241667,0.0390935644241667,TRUE,1.0010830709472,2549.13281743276,4931.79696398681
8,"mu_alpha","alpha",2.47,2.82485320283333,2.8141382,2.41874005,3.268881435,0.354853202833333,0.354853202833333,TRUE,1.00051153304461,3944.55099497804,5422.55108027837
8,"mu_beta","beta",0.947,0.9254025602975,0.924113105,0.8335942165,1.023539375,-0.0215974397024999,0.0215974397024999,TRUE,1.00033574136103,8866.41341240553,8950.91593073843
8,"mu_lambda","lambda",0.0182,0.00979301577229512,0.00917397485,0.001309314275,0.02029093195,-0.00840698422770488,0.00840698422770488,TRUE,0.999959309927871,10011.4172009689,5810.10407012996
8,"mu_delta","delta",0.906,0.905244486541667,0.89299733,0.7211641915,1.12735847,-0.000755513458333357,0.000755513458333357,TRUE,1.01333515768585,613.560171363043,135.121126214525
8,"mu_eta","eta",-0.382,-0.446730045004667,-0.447876345,-0.5533256035,-0.336797461,-0.0647300450046667,0.0647300450046667,TRUE,1.00697224211437,1174.62926089905,608.135490121001
9,"mu_alpha","alpha",3.47,3.4373033495,3.4292915,3.074503725,3.82993247,-0.0326966505000001,0.0326966505000001,TRUE,1.00022886198341,8803.03128390939,8320.35477363822
9,"mu_beta","beta",0.947,0.868241920170833,0.8667735,0.7546046545,0.9852653325,-0.0787580798291666,0.0787580798291666,TRUE,1.000751102341,7209.10366299948,8445.36201677684
9,"mu_lambda","lambda",0.0182,0.0282163447383417,0.02828057,0.01603202815,0.0399433762,0.0100163447383417,0.0100163447383417,TRUE,1.00003237514321,12948.275142046,6560.92692468479
9,"mu_delta","delta",0.906,0.768586464725833,0.767446185,0.628059012,0.912254227,-0.137413535274167,0.137413535274167,TRUE,1.00035435769591,3868.45322183947,5221.44071608923
9,"mu_eta","eta",-0.382,-0.469596009943333,-0.4704033,-0.5513555585,-0.3865765675,-0.0875960099433333,0.0875960099433333,FALSE,1.00097418080972,5159.94695851494,7340.66223283623
10,"mu_alpha","alpha",1.57,1.69347257595917,1.6844889,1.36942382,2.0436404,0.123472575959167,0.123472575959167,TRUE,1.0006846719098,3523.21606528646,5357.63146407106
10,"mu_beta","beta",0.394,0.361645262179333,0.360338335,0.2711307075,0.4550965195,-0.0323547378206667,0.0323547378206667,TRUE,1.00100530122859,3985.26541369006,5826.21538016577
10,"mu_lambda","lambda",0.0743,0.0935409279170833,0.0930807205,0.06541555825,0.1231592945,0.0192409279170833,0.0192409279170833,TRUE,1.00046218682548,6493.88374587542,6730.23021854616
10,"mu_delta","delta",0.906,0.994662847818333,0.975038735,0.811071542,1.250920515,0.0886628478183333,0.0886628478183333,TRUE,1.00172133881643,1126.30002244562,1776.88948420364
10,"mu_eta","eta",-0.382,-0.3497565919865,-0.35112386,-0.494096926,-0.2066650235,0.0322434080135,0.0322434080135,TRUE,1.00054710401838,2837.54213120885,5345.46582890402
11,"mu_alpha","alpha",2.47,2.57968617460833,2.5682704,2.117949245,3.072301905,0.109686174608333,0.109686174608333,TRUE,1.00078298690192,2645.02042349743,4591.85752843531
11,"mu_beta","beta",0.394,0.343649852951583,0.34282594,0.2462040915,0.444283443,-0.0503501470484167,0.0503501470484167,TRUE,1.00204141210904,3300.15715814498,5786.94317398431
11,"mu_lambda","lambda",0.0743,0.0755439941285833,0.0757117565,0.05174679675,0.09854362955,0.00124399412858332,0.00124399412858332,TRUE,1.00007846719631,5999.91504580692,4864.74790297929
11,"mu_delta","delta",0.906,0.6299065030705,0.637059205,0.3945924235,0.844429487,-0.2760934969295,0.2760934969295,FALSE,0.999961922089414,3683.77936293072,4997.14527014778
11,"mu_eta","eta",-0.382,-0.3535175377045,-0.35340374,-0.4734153975,-0.2315062305,0.0284824622955,0.0284824622955,TRUE,1.00109359061697,2840.76211414149,4928.85806996211
12,"mu_alpha","alpha",3.47,3.41355643593333,3.40573395,3.004211675,3.859241065,-0.056443564066667,0.056443564066667,TRUE,1.00087196716192,5745.37366190827,6795.24365014355
12,"mu_beta","beta",0.394,0.437076072231667,0.43609623,0.3656273895,0.511055506,0.0430760722316667,0.0430760722316667,TRUE,1.00034710122317,8591.56801053202,8050.87748354651
12,"mu_lambda","lambda",0.0743,0.0597727833851667,0.059849801,0.0436372259,0.07569124045,-0.0145272166148333,0.0145272166148333,TRUE,1.00067419321413,10273.8135635352,6442.58266325497
12,"mu_delta","delta",0.906,0.921236073368333,0.915954235,0.7268673125,1.1430757,0.0152360733683333,0.0152360733683333,TRUE,1.00157317707426,2177.43580568706,2517.34745980597
12,"mu_eta","eta",-0.382,-0.3466316249375,-0.34666264,-0.456004909,-0.2366663255,0.0353683750625,0.0353683750625,TRUE,1.00073868799566,3454.2851898779,4571.01478764496
13,"mu_alpha","alpha",1.57,1.53812353058583,1.53384865,1.270845495,1.8184852,-0.0318764694141667,0.0318764694141667,TRUE,1.00049591503628,4410.98352670046,6173.5970139612
13,"mu_beta","beta",0.67,0.6846866995275,0.683841135,0.5769174165,0.794216292,0.0146866995275,0.0146866995275,TRUE,1.00067155163975,4015.22600059551,5829.72167640057
13,"mu_lambda","lambda",0.0743,0.0849083774185833,0.0847975435,0.0594837711,0.110405951,0.0106083774185833,0.0106083774185833,TRUE,0.999949044289351,5699.91764713838,6319.25390309339
13,"mu_delta","delta",0.906,0.918089416728333,0.89996907,0.626778023,1.27335922,0.0120894167283333,0.0120894167283333,TRUE,1.00724754557953,828.257117407105,1675.53900143804
13,"mu_eta","eta",-0.382,-0.343208225179167,-0.344844465,-0.4401251395,-0.2386565785,0.0387917748208333,0.0387917748208333,TRUE,1.01048640253522,283.166743654784,1765.5162775171
14,"mu_alpha","alpha",2.47,2.472584064275,2.4635,2.08144836,2.897601935,0.00258406427499969,0.00258406427499969,TRUE,1.00131830914057,3968.77204267749,6339.25080267003
14,"mu_beta","beta",0.67,0.702880937323333,0.702632115,0.599433035,0.80745242,0.0328809373233333,0.0328809373233333,TRUE,1.00039995392329,4947.191110344,6779.20174503626
14,"mu_lambda","lambda",0.0743,0.0709667187581667,0.0707158925,0.0514826596,0.09080532895,-0.00333328124183334,0.00333328124183334,TRUE,1.00002897367506,7136.83801609962,6567.50567723176
14,"mu_delta","delta",0.906,0.964262049950833,0.95571563,0.66314102,1.28603625,0.0582620499508333,0.0582620499508333,TRUE,1.00082506798757,2665.67846050242,4252.19382827032
14,"mu_eta","eta",-0.382,-0.372895954600833,-0.37244219,-0.472500852,-0.2758808095,0.00910404539916665,0.00910404539916665,TRUE,1.00264175218003,2505.95974824193,5756.9148350378
15,"mu_alpha","alpha",3.47,3.35128987660833,3.34665705,2.96882147,3.75807772,-0.118710123391667,0.118710123391667,TRUE,1.00046305475111,5253.45824831408,7238.86728029847
15,"mu_beta","beta",0.67,0.620009545826667,0.61881897,0.497895554,0.7461690885,-0.0499904541733334,0.0499904541733334,TRUE,1.00069137887374,4038.3291772204,5936.06737365978
15,"mu_lambda","lambda",0.0743,0.0814261677659167,0.081196219,0.0595759873,0.103696362,0.00712616776591667,0.00712616776591667,TRUE,1.00048237086684,5962.60312970055,6776.02130168895
15,"mu_delta","delta",0.906,0.912868487474167,0.89904245,0.6717295895,1.20171078,0.00686848747416668,0.00686848747416668,TRUE,1.01868457968934,273.694731966302,1382.65906772795
15,"mu_eta","eta",-0.382,-0.381632373036667,-0.38230927,-0.5167807495,-0.2435115835,0.000367626963333367,0.000367626963333367,TRUE,1.02353107570955,164.819516547168,3060.97049031362
16,"mu_alpha","alpha",1.57,1.38864548557667,1.3843266,1.14526071,1.645982595,-0.181354514423334,0.181354514423334,TRUE,1.00016336115954,5517.34652692579,7371.84627710883
16,"mu_beta","beta",0.947,0.974252409304167,0.97295128,0.8432299955,1.107740125,0.0272524093041667,0.0272524093041667,TRUE,1.00053408259042,3951.86664822882,5702.35005495194
16,"mu_lambda","lambda",0.0743,0.0704032989365833,0.0701047645,0.04338744485,0.09833710235,-0.00389670106341668,0.00389670106341668,TRUE,1.00042180962029,4992.79724763234,6082.05052305484
16,"mu_delta","delta",0.906,1.12604840689667,1.11731375,0.739479023,1.53809124,0.220048406896667,0.220048406896667,TRUE,1.00090536985524,3274.24594355596,5154.29763780838
16,"mu_eta","eta",-0.382,-0.4228754925925,-0.422739715,-0.501532553,-0.3439287175,-0.0408754925925,0.0408754925925,TRUE,1.00046249604832,4585.70004265937,6161.19177481032
17,"mu_alpha","alpha",2.47,2.63465973260833,2.62905385,2.348740235,2.94014947,0.164659732608333,0.164659732608333,TRUE,1.00046803526176,7354.30061301663,7819.56850940171
17,"mu_beta","beta",0.947,0.907805621454167,0.90591907,0.8123960055,1.009823985,-0.0391943785458333,0.0391943785458333,TRUE,1.00060670823899,6718.89669807202,7745.51175074708
17,"mu_lambda","lambda",0.0743,0.0881474676725,0.088130278,0.0676215582,0.1088154365,0.0138474676725,0.0138474676725,TRUE,1.0005129001458,6720.95248631563,7388.08237739036
17,"mu_delta","delta",0.906,0.8693596714075,0.85800446,0.5545793825,1.225804905,-0.0366403285925,0.0366403285925,TRUE,1.00050752427631,1856.42421804091,4630.82520480102
17,"mu_eta","eta",-0.382,-0.320970271233833,-0.319623195,-0.427340841,-0.2183947395,0.0610297287661667,0.0610297287661667,TRUE,1.0003962224595,3078.71202555593,5123.33214234567
18,"mu_alpha","alpha",3.47,3.62147219413333,3.6131934,3.1942791,4.07699263,0.151472194133333,0.151472194133333,TRUE,1.00045219968367,6013.33593770948,7165.61617082004
18,"mu_beta","beta",0.947,0.950785900195833,0.949041725,0.837024395,1.070985415,0.00378590019583336,0.00378590019583336,TRUE,1.00017948170099,5797.94686763817,7209.68915124118
18,"mu_lambda","lambda",0.0743,0.0547581075908667,0.0541312795,0.0302080695,0.0810945256,-0.0195418924091333,0.0195418924091333,TRUE,1.0016088612265,4146.78590882617,6261.90894158597
18,"mu_delta","delta",0.906,0.944091860156667,0.93163401,0.6846978825,1.23303286,0.0380918601566667,0.0380918601566667,TRUE,1.00761254966679,785.037225015405,962.553184104667
18,"mu_eta","eta",-0.382,-0.342340660280667,-0.342245155,-0.445497291,-0.238228246,0.0396593397193333,0.0396593397193333,TRUE,1.00382897095511,2075.69471328649,4871.28139741397
19,"mu_alpha","alpha",1.57,1.31756635584417,1.31420825,0.9665140745,1.683353055,-0.252433644155833,0.252433644155833,TRUE,1.00001396455564,3182.22067918658,4875.66776570735
19,"mu_beta","beta",0.394,0.354446198135833,0.353572045,0.2532759165,0.4593245395,-0.0395538018641667,0.0395538018641667,TRUE,1.00110430422365,3788.4888088633,5641.45787823281
19,"mu_lambda","lambda",0.164,0.1526253973745,0.15156933,0.1127615935,0.1964017575,-0.0113746026255,0.0113746026255,TRUE,1.00008918818182,5406.58182880817,7145.04758228849
19,"mu_delta","delta",0.906,0.706488562945833,0.70619501,0.477007339,0.9305616455,-0.199511437054167,0.199511437054167,TRUE,1.00056912046603,3274.21770901908,5247.42683534981
19,"mu_eta","eta",-0.382,-0.3676214788377,-0.36953685,-0.502244346,-0.2291633625,0.0143785211623,0.0143785211623,TRUE,1.00226621078366,4114.62373805548,6676.42599853644
20,"mu_alpha","alpha",2.47,2.661968213375,2.65515385,2.3123164,3.028036265,0.191968213375,0.191968213375,TRUE,1.00019458393195,6450.83603543954,7967.58289364962
20,"mu_beta","beta",0.394,0.398770507301417,0.39818417,0.294040621,0.5050763735,0.00477050730141665,0.00477050730141665,TRUE,1.00020532949432,6089.20628992829,7769.45192394349
20,"mu_lambda","lambda",0.164,0.164775170444917,0.16381681,0.123431773,0.209238804,0.000775170444916651,0.000775170444916651,TRUE,1.00113362750397,5341.91009259513,7511.42245321399
20,"mu_delta","delta",0.906,0.930062451871083,0.93414946,0.5488279465,1.295926375,0.0240624518710834,0.0240624518710834,TRUE,1.00172052415416,5071.44659588221,6451.20814915903
20,"mu_eta","eta",-0.382,-0.40933580036,-0.409363925,-0.5030879645,-0.3172310485,-0.02733580036,0.02733580036,TRUE,1.00089468091081,6854.12693900877,8712.26279993053
21,"mu_alpha","alpha",3.47,3.76563983775,3.7628793,3.31570119,4.233847295,0.29563983775,0.29563983775,TRUE,1.00136223383937,5137.04279619593,6650.50258705981
21,"mu_beta","beta",0.394,0.316706724033455,0.31592555,0.211707908,0.4213609625,-0.077293275966545,0.077293275966545,TRUE,1.00043442527792,4915.60939039089,6859.65139473819
21,"mu_lambda","lambda",0.164,0.173963805694583,0.173117445,0.1319196755,0.2194596355,0.00996380569458333,0.00996380569458333,TRUE,1.00082027423575,2974.60441246294,5003.87213482099
21,"mu_delta","delta",0.906,0.998369761989167,0.988613995,0.8614940585,1.168268325,0.0923697619891667,0.0923697619891667,TRUE,1.00062997244807,3140.17146073367,3954.22857848652
21,"mu_eta","eta",-0.382,-0.475134034161667,-0.47533554,-0.5727733505,-0.375519358,-0.0931340341616667,0.0931340341616667,TRUE,1.0008868277257,5271.20319418216,6475.54518032974
22,"mu_alpha","alpha",1.57,1.5267972356875,1.5215961,1.22513257,1.853126585,-0.0432027643125001,0.0432027643125001,TRUE,1.00047156684125,4523.82898863591,6766.36919637512
22,"mu_beta","beta",0.67,0.6945293424675,0.692800975,0.5939205035,0.800197006,0.0245293424674999,0.0245293424674999,TRUE,1.00066076400952,4493.20743389636,6821.69072895119
22,"mu_lambda","lambda",0.164,0.145373912281083,0.144628625,0.112166453,0.180484145,-0.0186260877189167,0.0186260877189167,TRUE,1.00010412299379,5014.76321826485,6742.18881321233
22,"mu_delta","delta",0.906,0.843868895110833,0.847155125,0.5189067325,1.1528206,-0.0621311048891667,0.0621311048891667,TRUE,1.00054959817575,4085.74700339975,5920.75201067551
22,"mu_eta","eta",-0.382,-0.410865892979167,-0.41151438,-0.5040022915,-0.314841632,-0.0288658929791666,0.0288658929791666,TRUE,1.00062329351815,4879.15985360816,7405.07419836209
23,"mu_alpha","alpha",2.47,2.64065288075833,2.6342344,2.22732068,3.073624075,0.170652880758333,0.170652880758333,TRUE,1.00048750674073,3906.82486457998,5717.0985140873
23,"mu_beta","beta",0.67,0.617494079654167,0.61683455,0.520299701,0.71840032,-0.0525059203458333,0.0525059203458333,TRUE,1.00018656430517,5009.99525769569,6494.30365497628
23,"mu_lambda","lambda",0.164,0.144042350581917,0.14325811,0.0997905525,0.1920699225,-0.0199576494180833,0.0199576494180833,TRUE,1.00081481740187,2984.06531397631,4973.35406098113
23,"mu_delta","delta",0.906,0.935075268675833,0.917188085,0.724194998,1.207616765,0.0290752686758333,0.0290752686758333,TRUE,1.00162690400492,1826.91023897525,3485.06329615152
23,"mu_eta","eta",-0.382,-0.400354663111417,-0.40044977,-0.5342082145,-0.265702082,-0.0183546631114166,0.0183546631114166,TRUE,1.00129537895353,2358.05555592746,4476.55959924156
24,"mu_alpha","alpha",3.47,3.98366187548333,3.97869765,3.487149335,4.50136476,0.513661875483333,0.513661875483333,FALSE,1.00075107821767,5241.63383362181,6503.89069541606
24,"mu_beta","beta",0.67,0.654927520045833,0.65377942,0.553381823,0.759325572,-0.0150724799541667,0.0150724799541667,TRUE,1.00042410509479,7991.89471640157,8136.08055780264
24,"mu_lambda","lambda",0.164,0.204082835075833,0.203330945,0.1680130485,0.2419272405,0.0400828350758333,0.0400828350758333,FALSE,1.00012149264884,4322.92184183566,6695.74292131822
24,"mu_delta","delta",0.906,0.862057944753333,0.85625067,0.6941969805,1.05098035,-0.0439420552466667,0.0439420552466667,TRUE,1.00139353852782,3855.49287044658,4853.75862563879
24,"mu_eta","eta",-0.382,-0.39286537969,-0.39203474,-0.492280932,-0.2971132845,-0.01086537969,0.01086537969,TRUE,1.00069597995022,4822.31576520115,6758.11218111804
25,"mu_alpha","alpha",1.57,1.25743306177,1.2523399,0.893739592,1.642187465,-0.31256693823,0.31256693823,TRUE,1.00182916576017,3282.45823257336,5299.84028063782
25,"mu_beta","beta",0.947,1.05522135781,1.0539483,0.9372713155,1.17427672,0.10822135781,0.10822135781,TRUE,1.00037364144675,4583.8689120152,6762.54817507534
25,"mu_lambda","lambda",0.164,0.199560824007583,0.199160115,0.164079145,0.237237625,0.0355608240075833,0.0355608240075833,FALSE,1.00153349790493,3494.49066350097,5221.06476550103
25,"mu_delta","delta",0.906,1.03681077486667,1.0177061,0.757872761,1.379844405,0.130810774866667,0.130810774866667,TRUE,1.00073551936239,1193.22623658786,2736.44785898808
25,"mu_eta","eta",-0.382,-0.472831920375833,-0.47257854,-0.578592868,-0.3687247185,-0.0908319203758333,0.0908319203758333,TRUE,1.00036572298571,2591.00815714651,4817.67426396455
26,"mu_alpha","alpha",2.47,2.24205000051667,2.2342447,1.81923962,2.692716555,-0.227949999483334,0.227949999483334,TRUE,1.00084085872949,5086.05182822226,7605.84491847134
26,"mu_beta","beta",0.947,0.985973933916667,0.983976205,0.855660079,1.12278312,0.0389739339166667,0.0389739339166667,TRUE,1.00034976828236,5290.34710370316,7638.2313465814
26,"mu_lambda","lambda",0.164,0.153539286149667,0.153016955,0.120451703,0.188319287,-0.0104607138503333,0.0104607138503333,TRUE,1.00030641363342,4482.0099779685,7064.57307961085
26,"mu_delta","delta",0.906,1.06905567174583,1.0624703,0.8326304575,1.336201415,0.163055671745833,0.163055671745833,TRUE,1.00093640946897,3459.96192901823,4898.89708784379
26,"mu_eta","eta",-0.382,-0.411257469025,-0.411345285,-0.493373025,-0.328947666,-0.029257469025,0.029257469025,TRUE,1.00031809363616,4962.54263817245,6231.80607681385
27,"mu_alpha","alpha",3.47,3.59324714523333,3.58247625,3.265581475,3.952948015,0.123247145233333,0.123247145233333,TRUE,1.00026843412883,8247.35647685505,7032.30262431409
27,"mu_beta","beta",0.947,0.927345823501667,0.926336305,0.808273494,1.0502651,-0.0196541764983332,0.0196541764983332,TRUE,1.00007360704653,7119.73636991142,6834.68063948443
27,"mu_lambda","lambda",0.164,0.16505515016075,0.16402249,0.126093254,0.206781984,0.00105515016075,0.00105515016075,TRUE,1.00158453476287,3157.81190176799,5002.50391486795
27,"mu_delta","delta",0.906,0.847214645755833,0.84952057,0.724234138,0.962138791,-0.0587853542441666,0.0587853542441666,TRUE,1.00168034289579,3886.21594567409,4243.48711307817
27,"mu_eta","eta",-0.382,-0.463004462518333,-0.46355877,-0.5508832725,-0.372752582,-0.0810044625183333,0.0810044625183333,TRUE,1.00031931550701,4122.00375586651,6302.42788516201
28,"mu_alpha","alpha",1.57,1.55359325129417,1.5492253,1.29415129,1.83250854,-0.0164067487058335,0.0164067487058335,TRUE,1.00161773129832,3100.90188249116,5365.58810070096
28,"mu_beta","beta",0.394,0.427435871070833,0.42663929,0.3671857385,0.4897551575,0.0334358710708333,0.0334358710708333,TRUE,1.00040076750377,4928.47318726688,6778.79214528964
28,"mu_lambda","lambda",0.0182,0.0147166635550544,0.0136985265,0.00191600015,0.03110119975,-0.00348333644494555,0.00348333644494555,TRUE,1.00009923932522,7510.27198898683,4897.30533242728
28,"mu_delta","delta",1.08,1.14359235367483,1.1351485,0.804194104,1.51683433,0.0635923536748333,0.0635923536748333,TRUE,1.00237206987348,2687.71483311583,3756.2794556436
28,"mu_eta","eta",-0.382,-0.411858519608333,-0.412595845,-0.490782351,-0.329410612,-0.0298585196083333,0.0298585196083333,TRUE,1.00145070756404,3677.63896330944,6065.02805265333
29,"mu_alpha","alpha",2.47,2.192135515875,2.18643935,1.853845915,2.55356696,-0.277864484125,0.277864484125,TRUE,1.00027065133278,3861.4705638055,5862.74655809255
29,"mu_beta","beta",0.394,0.38422481834975,0.38366196,0.289557205,0.4831211195,-0.00977518165025004,0.00977518165025004,TRUE,1.00106605194981,3640.77608828436,5795.22268338848
29,"mu_lambda","lambda",0.0182,0.0066891602210653,0.00539723265,0.000392986801,0.0174953886,-0.0115108397789347,0.0115108397789347,FALSE,1.00007894679335,11620.5334039006,7239.45603952194
29,"mu_delta","delta",1.08,1.15130257497,1.1210183,0.9857650575,1.422311605,0.07130257497,0.07130257497,TRUE,1.00463817223974,1406.73336205542,2567.22872818901
29,"mu_eta","eta",-0.382,-0.311615756023517,-0.312968305,-0.4344208945,-0.1854388575,0.0703842439764834,0.0703842439764834,TRUE,1.00112845555704,2866.14763559852,4131.31785658675
30,"mu_alpha","alpha",3.47,3.892590720375,3.88016305,3.41561252,4.395083945,0.422590720375,0.422590720375,TRUE,1.00022662737408,3635.67118269241,5464.54110113672
30,"mu_beta","beta",0.394,0.396307318453417,0.39505245,0.2876432805,0.50845319,0.00230731845341664,0.00230731845341664,TRUE,1.00051112053199,3535.53555277042,5367.36372650219
30,"mu_lambda","lambda",0.0182,0.0215986233812693,0.021543934,0.00734483302,0.0361195498,0.00339862338126933,0.00339862338126933,TRUE,1.00092377346391,6441.81910397087,5089.63446713017
30,"mu_delta","delta",1.08,0.998127717908333,0.98504655,0.771457215,1.283169975,-0.0818722820916667,0.0818722820916667,TRUE,1.00459466677052,1911.7382257071,1099.91818729731
30,"mu_eta","eta",-0.382,-0.348417599161167,-0.347721575,-0.4585627735,-0.242779893,0.0335824008388333,0.0335824008388333,TRUE,1.00297833420315,2340.00388925569,4963.64876849212
31,"mu_alpha","alpha",1.57,1.89493297659167,1.88873635,1.52801811,2.281896045,0.324932976591667,0.324932976591667,TRUE,1.00144651868272,3645.94823950618,5943.96052127982
31,"mu_beta","beta",0.67,0.677681680634167,0.676903855,0.5684653075,0.791175175,0.00768168063416663,0.00768168063416663,TRUE,1.00007725933961,4378.44678966297,6688.26178900965
31,"mu_lambda","lambda",0.0182,0.0312956846224625,0.031428771,0.01504539935,0.04724403985,0.0130956846224625,0.0130956846224625,TRUE,0.999977750292788,9657.07849613538,5845.69228719808
31,"mu_delta","delta",1.08,0.935619802108583,0.949250325,0.489112357,1.32852203,-0.144380197891417,0.144380197891417,TRUE,1.00148916957497,3938.59908737304,6196.89932006551
31,"mu_eta","eta",-0.382,-0.481241829231667,-0.480914945,-0.571583532,-0.3916275225,-0.0992418292316666,0.0992418292316666,FALSE,1.00272396044982,3702.79857581952,6237.08945202185
32,"mu_alpha","alpha",2.47,2.249386389125,2.24226875,1.97666298,2.54215675,-0.220613610875,0.220613610875,TRUE,1.00043675524906,5462.11353792043,7148.61924014187
32,"mu_beta","beta",0.67,0.68996808405,0.689429055,0.570229816,0.8154564225,0.0199680840499999,0.0199680840499999,TRUE,1.00045702568775,3679.52163430816,5706.33911668934
32,"mu_lambda","lambda",0.0182,0.0120988169094486,0.01115846,0.001767957135,0.02549559565,-0.00610118309055138,0.00610118309055138,TRUE,1.00103710990517,8526.8677883916,5901.63221394714
32,"mu_delta","delta",1.08,1.04552397449417,1.0347418,0.922074056,1.20705073,-0.0344760255058334,0.0344760255058334,TRUE,1.00547594752844,745.641832285443,1927.00676611418
32,"mu_eta","eta",-0.382,-0.4187495591495,-0.418890235,-0.5442878065,-0.29417767,-0.0367495591495,0.0367495591495,TRUE,1.00194493871928,2762.41969314786,5147.16482680711
33,"mu_alpha","alpha",3.47,3.30608517204167,3.2957876,2.905855465,3.74231741,-0.163914827958334,0.163914827958334,TRUE,0.999985222888461,5669.22233813647,7035.85062310498
33,"mu_beta","beta",0.67,0.6462674001175,0.645614725,0.558559659,0.738468904,-0.0237325998825001,0.0237325998825001,TRUE,1.00050026698821,7379.27891062084,8102.93268238824
33,"mu_lambda","lambda",0.0182,0.0212565786172967,0.021291875,0.00837401716,0.03369463125,0.00305657861729667,0.00305657861729667,TRUE,1.00012900666179,8777.95403369736,5008.46008574377
33,"mu_delta","delta",1.08,1.08800731508917,1.0744971,0.9450430255,1.288807125,0.00800731508916663,0.00800731508916663,TRUE,1.0015258509788,2719.66534074842,2928.58141492837
33,"mu_eta","eta",-0.382,-0.26328582333,-0.263783895,-0.342973418,-0.1821094395,0.11871417667,0.11871417667,FALSE,1.00086486796986,4695.09867241698,6320.64219681723
34,"mu_alpha","alpha",1.57,1.322010788875,1.3177679,1.066758335,1.596664695,-0.247989211125,0.247989211125,TRUE,1.00108838145969,4266.10951409414,5637.81232623475
34,"mu_beta","beta",0.947,0.8994994902325,0.898263535,0.8144576935,0.9891955785,-0.0475005097675,0.0475005097675,TRUE,1.00018763960891,7498.91463593508,8520.76962039639
34,"mu_lambda","lambda",0.0182,0.0174910792966712,0.016956975,0.00407599068,0.03248969465,-0.000708920703328751,0.000708920703328751,TRUE,1.00003455613287,9645.72238219014,6233.82367468361
34,"mu_delta","delta",1.08,1.00369083587,0.980583545,0.690071093,1.39701447,-0.07630916413,0.07630916413,TRUE,1.0021557924786,2036.2659956406,3662.72665577996
34,"mu_eta","eta",-0.382,-0.3980738972525,-0.398642635,-0.4772194205,-0.317374491,-0.0160738972525,0.0160738972525,TRUE,1.00072695613605,4752.65004030198,6283.08514774258
35,"mu_alpha","alpha",2.47,2.36271857701667,2.35699035,2.038368835,2.70355886,-0.107281422983334,0.107281422983334,TRUE,1.00045601546763,4387.80475233495,6542.44925127339
35,"mu_beta","beta",0.947,0.892008420145,0.89154189,0.823739987,0.9609767865,-0.0549915798549999,0.0549915798549999,TRUE,1.00027291193447,11242.1352945142,8096.37737450812
35,"mu_lambda","lambda",0.0182,0.0221293269340558,0.0222517,0.00840523213,0.03537567125,0.00392932693405583,0.00392932693405583,TRUE,1.00017348758112,7899.20472774532,4290.07051932254
35,"mu_delta","delta",1.08,1.16116160446333,1.1362364,0.944411445,1.462323245,0.0811616044633332,0.0811616044633332,TRUE,1.00330869686988,1076.82829081024,1810.67177658623
35,"mu_eta","eta",-0.382,-0.384584305516417,-0.383907595,-0.5221892,-0.2455273375,-0.00258430551641664,0.00258430551641664,TRUE,1.00266696958091,1797.26549170225,3996.01704553667
36,"mu_alpha","alpha",3.47,3.3898832441,3.3789544,2.9133418,3.90061457,-0.0801167559000002,0.0801167559000002,TRUE,1.00020118404681,5300.56387291583,7205.35267388319
36,"mu_beta","beta",0.947,0.961438316963333,0.959891745,0.8272908645,1.10069102,0.0144383169633334,0.0144383169633334,TRUE,1.00035465747903,5669.20277540772,7813.9187245586
36,"mu_lambda","lambda",0.0182,0.0109467575551931,0.0102811525,0.001810545075,0.02210549005,-0.0072532424448069,0.0072532424448069,TRUE,1.00012386131176,10380.1988371276,6774.78614019359
36,"mu_delta","delta",1.08,1.19297735414167,1.16661725,0.985569637,1.490167705,0.112977354141667,0.112977354141667,TRUE,1.00254821036987,2437.99372364844,2779.48623167778
36,"mu_eta","eta",-0.382,-0.341440431594,-0.33959826,-0.4536905085,-0.2317045515,0.040559568406,0.040559568406,TRUE,1.00232275093418,3087.83986156193,5409.28911232435
37,"mu_alpha","alpha",1.57,1.653541211375,1.647312,1.337490345,1.982561585,0.083541211375,0.083541211375,TRUE,1.00045455747925,4905.99548483823,6559.21034424624
37,"mu_beta","beta",0.394,0.360265719279167,0.360502325,0.249349409,0.469124904,-0.0337342807208333,0.0337342807208333,TRUE,1.00085523085646,3962.23145127978,6287.00517670726
37,"mu_lambda","lambda",0.0743,0.0956483923431667,0.095049,0.0638680036,0.1297698705,0.0213483923431667,0.0213483923431667,TRUE,1.00008999171915,7944.17677442353,7362.09746214458
37,"mu_delta","delta",1.08,1.05558024147917,1.0489577,0.906227983,1.23015142,-0.0244197585208334,0.0244197585208334,TRUE,1.00405989556863,1156.72183356648,1372.34165157306
37,"mu_eta","eta",-0.382,-0.402253194427558,-0.404549675,-0.5610609385,-0.2399237475,-0.0202531944275584,0.0202531944275584,TRUE,1.00273564562109,1757.03923366881,3282.54652163304
38,"mu_alpha","alpha",2.47,2.45240175253333,2.4488584,2.18350112,2.735645265,-0.0175982474666667,0.0175982474666667,TRUE,1.00014574913242,5911.55872130571,7518.4085026271
38,"mu_beta","beta",0.394,0.415052978956583,0.41323958,0.2975176605,0.5412043815,0.0210529789565833,0.0210529789565833,TRUE,1.00200166197938,2658.40946581259,4787.19250637151
38,"mu_lambda","lambda",0.0743,0.07716423859225,0.0765617215,0.0455309918,0.109636561,0.00286423859224999,0.00286423859224999,TRUE,1.00005280448283,5201.70970226746,7090.80142644488
38,"mu_delta","delta",1.08,1.22604991059242,1.2446495,0.84318191,1.5152899,0.146049910592417,0.146049910592417,TRUE,1.00337374684765,3156.12734461781,2622.67796632601
38,"mu_eta","eta",-0.382,-0.435776484733333,-0.4350519,-0.5460507865,-0.3262324465,-0.0537764847333334,0.0537764847333334,TRUE,1.00055225569474,4370.26170346019,6530.11713503138
39,"mu_alpha","alpha",3.47,3.69140588330833,3.68579475,3.28939545,4.11789789,0.221405883308333,0.221405883308333,TRUE,1.0002363840979,5972.03387682916,6812.46146715221
39,"mu_beta","beta",0.394,0.454209039550833,0.453417035,0.3674396165,0.5424354305,0.0602090395508333,0.0602090395508333,TRUE,1.0000285293768,6261.5229569086,7723.71445576323
39,"mu_lambda","lambda",0.0743,0.0792883067089167,0.079258808,0.0545604091,0.104413321,0.00498830670891666,0.00498830670891666,TRUE,1.00046908061816,5018.45434399838,6325.62722965688
39,"mu_delta","delta",1.08,1.14935278459667,1.13518595,0.934219039,1.409704335,0.0693527845966666,0.0693527845966666,TRUE,1.00195871066899,4073.17369972596,4824.50086831577
39,"mu_eta","eta",-0.382,-0.366102795616,-0.36537523,-0.451797571,-0.282123905,0.015897204384,0.015897204384,TRUE,1.0007132869364,4260.95427380981,6804.84318459592
40,"mu_alpha","alpha",1.57,1.71584767490833,1.70921065,1.42534367,2.028420275,0.145847674908333,0.145847674908333,TRUE,1.00076928401565,4119.50870251721,5881.30482056671
40,"mu_beta","beta",0.67,0.6584327818925,0.65764524,0.553397817,0.7657326995,-0.0115672181075001,0.0115672181075001,TRUE,1.00027779285866,4195.59625375513,6490.21947330389
40,"mu_lambda","lambda",0.0743,0.07167333452,0.0719069375,0.05215555925,0.09031287105,-0.00262666548,0.00262666548,TRUE,1.0006440324339,8508.37927009393,6299.29325880551
40,"mu_delta","delta",1.08,1.16251181053583,1.144962,0.8979630885,1.483999615,0.0825118105358333,0.0825118105358333,TRUE,1.00545249426555,1648.03416248915,3887.63590783515
40,"mu_eta","eta",-0.382,-0.362783229865725,-0.363395175,-0.486304337,-0.240018554,0.019216770134275,0.019216770134275,TRUE,1.00378054003419,2307.35246885635,5010.5180362616
41,"mu_alpha","alpha",2.47,2.83579426028333,2.8279395,2.45079658,3.24449494,0.365794260283333,0.365794260283333,TRUE,1.00055053451724,5557.3364209896,5905.21857651395
41,"mu_beta","beta",0.67,0.651901751260833,0.65050179,0.490114676,0.821601133,-0.0180982487391667,0.0180982487391667,TRUE,1.00098207304829,2993.07759132401,4620.04850908092
41,"mu_lambda","lambda",0.0743,0.105938445057417,0.105821925,0.08188546335,0.130139914,0.0316384450574167,0.0316384450574167,FALSE,1.0002499984431,6943.95140279939,7744.81156357098
41,"mu_delta","delta",1.08,1.26212050979667,1.2498522,0.972674441,1.5956952,0.182120509796666,0.182120509796666,TRUE,1.00151919866223,2406.26206586566,5280.41955162476
41,"mu_eta","eta",-0.382,-0.331334911039175,-0.33185571,-0.4380208975,-0.224021133,0.050665088960825,0.050665088960825,TRUE,1.00094222264352,3424.06241536721,5163.74699040763
42,"mu_alpha","alpha",3.47,3.40044001586667,3.39295245,3.053276935,3.76973225,-0.0695599841333334,0.0695599841333334,TRUE,0.999998084980761,5557.08283769118,6589.27290142608
42,"mu_beta","beta",0.67,0.733627316586667,0.731456715,0.6208208615,0.850616299,0.0636273165866666,0.0636273165866666,TRUE,1.00048548633953,4166.84437427884,6193.95610380234
42,"mu_lambda","lambda",0.0743,0.0640510326835,0.063764025,0.04312247125,0.0857081321,-0.0102489673165,0.0102489673165,TRUE,1.00135614639328,4775.19570331137,6264.98770369843
42,"mu_delta","delta",1.08,1.19890937632833,1.17290435,0.956497333,1.53837714,0.118909376328333,0.118909376328333,TRUE,1.001873181293,1658.6567728892,2013.8517511982
42,"mu_eta","eta",-0.382,-0.331555124620833,-0.33182942,-0.4116555125,-0.2501546635,0.0504448753791667,0.0504448753791667,TRUE,1.00072559832672,2014.15645772647,3089.05497822038
43,"mu_alpha","alpha",1.57,1.4869479296125,1.485382,1.257692355,1.732452855,-0.0830520703875,0.0830520703875,TRUE,1.0005499011292,5448.22133464011,7950.37025229108
43,"mu_beta","beta",0.947,0.7741034222225,0.77225645,0.6551502275,0.8991750585,-0.1728965777775,0.1728965777775,FALSE,1.0017307707063,3421.5159010566,5704.33965645561
43,"mu_lambda","lambda",0.0743,0.0635661523006667,0.0635892725,0.0461225953,0.08087146725,-0.0107338476993333,0.0107338476993333,TRUE,0.999986711032606,10489.1887113066,7380.9980772837
43,"mu_delta","delta",1.08,1.0696082616325,0.98364365,0.920486794,1.54169897,-0.0103917383675001,0.0103917383675001,TRUE,1.45462605133868,7.94112857372117,30.5461819602024
43,"mu_eta","eta",-0.382,-0.334557159292293,-0.336257205,-0.462329712,-0.2001693075,0.0474428407077067,0.0474428407077067,TRUE,1.0546567002956,55.4638166025602,158.470808036656
44,"mu_alpha","alpha",2.47,2.581397729725,2.5736384,2.23875054,2.937492405,0.111397729725,0.111397729725,TRUE,1.00012567441031,7566.22842414636,8020.52932879995
44,"mu_beta","beta",0.947,0.9899285775475,0.988723225,0.873515474,1.11115381,0.0429285775475,0.0429285775475,TRUE,1.00014984815027,8134.04758567313,8707.06226176071
44,"mu_lambda","lambda",0.0743,0.0985556086701667,0.0982151985,0.072930656,0.125516434,0.0242556086701667,0.0242556086701667,TRUE,1.00033840139621,5842.17427715727,7338.48385550356
44,"mu_delta","delta",1.08,1.18300108073333,1.1411702,0.9331359535,1.585919455,0.103001080733333,0.103001080733333,TRUE,1.0865489313282,29.8041691603124,248.73947564912
44,"mu_eta","eta",-0.382,-0.37392985056375,-0.37425156,-0.4914807205,-0.2528275,0.00807014943625001,0.00807014943625001,TRUE,1.06151241638574,42.6709674819612,1143.51727421731
45,"mu_alpha","alpha",3.47,3.51299874775,3.5027243,3.174805655,3.89056422,0.04299874775,0.04299874775,TRUE,1.00040451349518,5997.09322116045,7287.7362927343
45,"mu_beta","beta",0.947,0.92729528249,0.925434815,0.7728728625,1.082835605,-0.0197047175099999,0.0197047175099999,TRUE,1.00082287178103,3204.14620352768,5144.41763888371
45,"mu_lambda","lambda",0.0743,0.0530491537195833,0.0530313405,0.03454672285,0.0719440593,-0.0212508462804167,0.0212508462804167,FALSE,1.00013926601733,5397.1587054439,6336.21625820052
45,"mu_delta","delta",1.08,0.964434348656667,0.953550145,0.7334204125,1.236633095,-0.115565651343333,0.115565651343333,TRUE,1.00164634072077,2277.0332916073,3570.01045960473
45,"mu_eta","eta",-0.382,-0.310534550212083,-0.30921382,-0.397258388,-0.2270632135,0.0714654497879167,0.0714654497879167,TRUE,1.00191828904998,3396.22092236897,5525.69019539506
46,"mu_alpha","alpha",1.57,1.538387991515,1.53654125,1.2945495,1.792915075,-0.031612008485,0.031612008485,TRUE,1.00056261981509,5446.89767364927,7712.8081589525
46,"mu_beta","beta",0.394,0.354888214470833,0.354441745,0.24466388,0.4666729845,-0.0391117855291667,0.0391117855291667,TRUE,1.00176283267893,3258.98775060683,5855.81732489112
46,"mu_lambda","lambda",0.164,0.14191653636225,0.14097681,0.0906743205,0.197587211,-0.02208346363775,0.02208346363775,TRUE,1.00017447386613,4428.67278960174,6911.4615576048
46,"mu_delta","delta",1.08,1.08985423234333,1.0898252,0.887567254,1.28883321,0.00985423234333327,0.00985423234333327,TRUE,1.00067528615034,4141.47255201895,5135.89215852778
46,"mu_eta","eta",-0.382,-0.45752316102275,-0.458605315,-0.571680783,-0.341101409,-0.07552316102275,0.07552316102275,TRUE,1.00040767404004,7627.64988664226,7370.31105684708
47,"mu_alpha","alpha",2.47,2.25204954738333,2.24393385,1.7709472,2.76178588,-0.217950452616667,0.217950452616667,TRUE,1.00159276615259,2607.66541632329,4892.02419321396
47,"mu_beta","beta",0.394,0.26624427353375,0.26537791,0.1536732475,0.3819000815,-0.12775572646625,0.12775572646625,FALSE,1.00170382228966,3141.61373542523,5710.73348736763
47,"mu_lambda","lambda",0.164,0.171444558792833,0.1706318,0.1299049765,0.2166658975,0.00744455879283332,0.00744455879283332,TRUE,1.00080134421978,4564.88331815475,6300.69794356188
47,"mu_delta","delta",1.08,1.1750586839775,1.17090635,0.9767439685,1.385531995,0.0950586839774998,0.0950586839774998,TRUE,1.00195655637844,3622.38458813945,4904.64642278801
47,"mu_eta","eta",-0.382,-0.413563819068667,-0.415556985,-0.5381420945,-0.281005627,-0.0315638190686667,0.0315638190686667,TRUE,1.00059918891874,4809.81168392509,6521.92621267833
48,"mu_alpha","alpha",3.47,3.55638535109167,3.54695335,3.093379925,4.05546842,0.0863853510916663,0.0863853510916663,TRUE,1.00033725745073,5703.96288947584,7133.94392739714
48,"mu_beta","beta",0.394,0.321599927126917,0.32102222,0.207440259,0.439425658,-0.0724000728730834,0.0724000728730834,TRUE,1.00116274730381,5212.07962441401,7096.84290967473
48,"mu_lambda","lambda",0.164,0.168133610240333,0.167588935,0.1341811825,0.2043089445,0.00413361024033332,0.00413361024033332,TRUE,1.00012459886233,5438.6521743943,7468.04706305861
48,"mu_delta","delta",1.08,1.03526639608,1.03334975,0.862325306,1.215284705,-0.0447336039200001,0.0447336039200001,TRUE,1.00073705679517,2570.77028532886,4645.84662506996
48,"mu_eta","eta",-0.382,-0.324318166787967,-0.32356955,-0.4690277515,-0.1819953035,0.0576818332120334,0.0576818332120334,TRUE,1.00053117934337,3624.63954395944,6907.72967227458
49,"mu_alpha","alpha",1.57,1.650673552025,1.64732405,1.399342155,1.91121847,0.0806735520249999,0.0806735520249999,TRUE,1.00023090998925,6924.01108743128,7378.52237351324
49,"mu_beta","beta",0.67,0.617314106075833,0.61673818,0.5105569435,0.7247182765,-0.0526858939241667,0.0526858939241667,TRUE,1.00062405664275,5395.67607967668,7186.84336323562
49,"mu_lambda","lambda",0.164,0.193686036829583,0.193119415,0.1601197665,0.2284120115,0.0296860368295833,0.0296860368295833,TRUE,1.00028610524983,7300.99227259183,8560.65020417896
49,"mu_delta","delta",1.08,1.18332409817333,1.17472805,0.833909495,1.577007205,0.103324098173333,0.103324098173333,TRUE,1.00070473435555,4853.65710059832,6222.78422652196
49,"mu_eta","eta",-0.382,-0.440178484769167,-0.441863335,-0.5635905425,-0.310945075,-0.0581784847691666,0.0581784847691666,TRUE,1.0006510811037,4815.39206781202,6786.18495159943
50,"mu_alpha","alpha",2.47,2.43716945433333,2.43059415,2.11701666,2.7840433,-0.0328305456666667,0.0328305456666667,TRUE,1.00009272414638,5416.08388035237,6940.13153856562
50,"mu_beta","beta",0.67,0.737281980303333,0.73614957,0.654074311,0.823851705,0.0672819803033333,0.0672819803033333,TRUE,1.00028275805248,8372.29460627505,7708.97584597962
50,"mu_lambda","lambda",0.164,0.181814818244417,0.180359855,0.141120551,0.227008496,0.0178148182444167,0.0178148182444167,TRUE,1.00062857964217,3315.30721271853,5389.39964129053
50,"mu_delta","delta",1.08,1.28067756120417,1.2684043,0.962432982,1.639440715,0.200677561204167,0.200677561204167,TRUE,1.00423057947691,3305.61543657196,6419.37750744645
50,"mu_eta","eta",-0.382,-0.407515184545833,-0.40693281,-0.516110065,-0.300567896,-0.0255151845458333,0.0255151845458333,TRUE,1.00124015387965,4190.50858242047,6707.44683415034
51,"mu_alpha","alpha",3.47,3.41688968996667,3.409055,3.04369265,3.81032502,-0.0531103100333334,0.0531103100333334,TRUE,1.00001883262588,5665.07473489524,7262.57794566052
51,"mu_beta","beta",0.67,0.7334054342275,0.73204683,0.649827709,0.820682655,0.0634054342275,0.0634054342275,TRUE,1.00017206189886,8128.70564679181,8396.28904139509
51,"mu_lambda","lambda",0.164,0.198689125853333,0.198043955,0.1631197275,0.237036292,0.0346891258533333,0.0346891258533333,TRUE,1.00084421766998,3585.89995777186,5733.32803629622
51,"mu_delta","delta",1.08,1.24495928624667,1.2340087,0.9201501405,1.610653195,0.164959286246667,0.164959286246667,TRUE,1.00300384664818,1560.76907827515,4188.97413525058
51,"mu_eta","eta",-0.382,-0.387136615807333,-0.387192255,-0.5018509295,-0.272385725,-0.00513661580733332,0.00513661580733332,TRUE,1.00087764887786,3542.62539131128,5432.24182726972
52,"mu_alpha","alpha",1.57,1.51187902960833,1.50917355,1.21250416,1.81299846,-0.0581209703916667,0.0581209703916667,TRUE,1.00160129942968,5107.44427149417,6849.06760196714
52,"mu_beta","beta",0.947,1.00469532282583,1.00295145,0.8601449985,1.149269085,0.0576953228258333,0.0576953228258333,TRUE,1.00069135431975,4466.43140369907,6448.25216562946
52,"mu_lambda","lambda",0.164,0.1725685895645,0.171662705,0.135258319,0.2124897845,0.00856858956449999,0.00856858956449999,TRUE,1.00040723338933,3911.74621980406,5719.57116172048
52,"mu_delta","delta",1.08,1.2866763331175,1.22179585,1.05317925,1.716396835,0.2066763331175,0.2066763331175,TRUE,1.31061764095981,10.0414433463758,34.5399164973747
52,"mu_eta","eta",-0.382,-0.366368125992758,-0.36644594,-0.504746527,-0.228728668,0.0156318740072417,0.0156318740072417,TRUE,1.00130910465673,2662.969559939,4813.45619252711
53,"mu_alpha","alpha",2.47,2.43791277400833,2.43133895,2.097664985,2.80131471,-0.0320872259916669,0.0320872259916669,TRUE,1.00017034041277,6148.58118166179,8266.56072692143
53,"mu_beta","beta",0.947,0.916329282195,0.915815855,0.8063935315,1.029059765,-0.030670717805,0.030670717805,TRUE,1.00040094261741,6189.59768709996,8060.6811278029
53,"mu_lambda","lambda",0.164,0.18655521638925,0.18593651,0.145082573,0.230911581,0.02255521638925,0.02255521638925,TRUE,1.00235240830716,3002.16017936422,4839.19375346286
53,"mu_delta","delta",1.08,1.12588099441333,1.09391435,0.9330876815,1.4217644,0.0458809944133332,0.0458809944133332,TRUE,1.007246060047,521.157986567342,1215.37748656111
53,"mu_eta","eta",-0.382,-0.402482244734917,-0.40149938,-0.550971664,-0.2555733665,-0.0204822447349167,0.0204822447349167,TRUE,1.00040185533036,2615.91519758837,4360.23835858939
54,"mu_alpha","alpha",3.47,3.10278489761667,3.09322545,2.649867315,3.580000185,-0.367215102383334,0.367215102383334,TRUE,1.00063622742063,3818.05567085485,5792.21890033494
54,"mu_beta","beta",0.947,1.11374034104833,1.11262255,0.999031779,1.23134334,0.166740341048333,0.166740341048333,FALSE,1.00109241148438,5447.04082139256,6211.97168113206
54,"mu_lambda","lambda",0.164,0.194545947435,0.193558085,0.154020829,0.239057152,0.030545947435,0.030545947435,TRUE,1.00052885044028,2249.23413405263,3966.68949759063
54,"mu_delta","delta",1.08,1.07197830543333,1.0593073,0.820489536,1.36380292,-0.00802169456666668,0.00802169456666668,TRUE,1.00154824962535,2286.51863791979,3922.55379794362
54,"mu_eta","eta",-0.382,-0.327696455844917,-0.327282295,-0.429509133,-0.2271181235,0.0543035441550833,0.0543035441550833,TRUE,1.00115980184635,2454.95645593798,4765.71804113523
55,"mu_alpha","alpha",1.57,1.36050324050167,1.35515275,1.08201378,1.65732411,-0.209496759498333,0.209496759498333,TRUE,1.00130199523243,3443.40210493446,6271.1045668336
55,"mu_beta","beta",0.394,0.396780049898333,0.39633345,0.3109845975,0.483991451,0.0027800498983333,0.0027800498983333,TRUE,1.00131197268231,4317.48973277132,6123.13087644296
55,"mu_lambda","lambda",0.0182,0.0192098584561017,0.018684467,0.003126442005,0.0371230857,0.00100985845610167,0.00100985845610167,TRUE,1.00041796007459,10950.258534414,5765.56311441304
55,"mu_delta","delta",1.3,1.37828899761917,1.36969795,1.09934687,1.68375496,0.0782889976191665,0.0782889976191665,TRUE,1.0001974282394,4034.51197518821,5448.90048570867
55,"mu_eta","eta",-0.382,-0.382938766978833,-0.38482392,-0.515193577,-0.2390304875,-0.000938766978833327,0.000938766978833327,TRUE,1.0000186321443,3929.329837714,6236.55001391655
56,"mu_alpha","alpha",2.47,2.79037003223333,2.78589135,2.41430878,3.187201145,0.320370032233333,0.320370032233333,TRUE,1.00085385095634,3041.62030029931,4251.89877442801
56,"mu_beta","beta",0.394,0.273066021191028,0.272306175,0.146516888,0.401697738,-0.120933978808972,0.120933978808972,TRUE,1.00265356028345,1789.04169977096,3758.21045141175
56,"mu_lambda","lambda",0.0182,0.0247326739585868,0.0247156105,0.00990197466,0.03964386855,0.00653267395858683,0.00653267395858683,TRUE,0.99997310309972,8274.75425901687,4829.47332943245
56,"mu_delta","delta",1.3,1.3782566774875,1.3653112,1.17912909,1.63057041,0.0782566774875,0.0782566774875,TRUE,1.00148500997175,1702.42030901186,2979.36638992337
56,"mu_eta","eta",-0.382,-0.4611578935425,-0.462338185,-0.5750071355,-0.345018369,-0.0791578935425,0.0791578935425,TRUE,1.002449101565,2356.46432532911,4859.22602584582
57,"mu_alpha","alpha",3.47,3.33030952690833,3.32324885,3.04145324,3.640512985,-0.139690473091667,0.139690473091667,TRUE,1.00023001979271,7094.26177625347,7219.32488658271
57,"mu_beta","beta",0.394,0.423023800554167,0.42225281,0.3275757025,0.5214176605,0.0290238005541666,0.0290238005541666,TRUE,1.00168242113414,3917.6633676502,5447.14201390463
57,"mu_lambda","lambda",0.0182,0.0220787413035758,0.022041957,0.00770941421,0.0365725312,0.00387874130357583,0.00387874130357583,TRUE,1.00043168316329,8440.82043499477,5543.00449452013
57,"mu_delta","delta",1.3,1.203680195025,1.1868943,0.986700797,1.475965975,-0.096319804975,0.096319804975,TRUE,1.00140293657393,2934.39449526813,4416.13232996496
57,"mu_eta","eta",-0.382,-0.4799943879275,-0.480121675,-0.6170213925,-0.3431667385,-0.0979943879275,0.0979943879275,TRUE,1.00182698535555,1936.21730071615,3056.9813023489
58,"mu_alpha","alpha",1.57,1.822240176625,1.8191021,1.623908285,2.03300458,0.252240176625,0.252240176625,FALSE,1.00072238584002,9104.32086996743,7966.30535909038
58,"mu_beta","beta",0.67,0.649049444146667,0.64761053,0.53583694,0.767811567,-0.0209505558533334,0.0209505558533334,TRUE,1.00052516467209,4474.46071929045,6479.94997452199
58,"mu_lambda","lambda",0.0182,0.0125524458045341,0.0117523855,0.0016417311,0.02637093025,-0.00564755419546588,0.00564755419546588,TRUE,1.00069374870923,11792.4567921552,7306.83593090356
58,"mu_delta","delta",1.3,1.406557354175,1.39279955,1.125979155,1.73195774,0.106557354175,0.106557354175,TRUE,1.00910340979325,270.194932501841,412.920819449716
58,"mu_eta","eta",-0.382,-0.519682528556667,-0.520958785,-0.6294976525,-0.406707889,-0.137682528556667,0.137682528556667,FALSE,1.00255040193463,1574.9698646258,3036.62897961766
59,"mu_alpha","alpha",2.47,2.336794831225,2.33071655,2.07279695,2.62312629,-0.133205168775,0.133205168775,TRUE,1.00034009359112,7877.88685931082,7908.78338818569
59,"mu_beta","beta",0.67,0.661244954763333,0.65921838,0.580058729,0.746819955,-0.0087550452366667,0.0087550452366667,TRUE,1.00012301455481,7325.61032838003,7572.15459954625
59,"mu_lambda","lambda",0.0182,0.00778933547664146,0.00653157425,0.0006106084675,0.01920624205,-0.0104106645233585,0.0104106645233585,TRUE,1.00044741400031,11388.6108038746,7122.00559811543
59,"mu_delta","delta",1.3,1.33682040228833,1.34035605,1.025223665,1.638926655,0.0368204022883334,0.0368204022883334,TRUE,1.00018672589633,2758.12594757324,3514.77936874462
59,"mu_eta","eta",-0.382,-0.315714037523917,-0.314686225,-0.426408446,-0.2081099735,0.0662859624760833,0.0662859624760833,TRUE,1.00101862629733,3886.7440460037,5859.36924450003
60,"mu_alpha","alpha",3.47,3.93293717516667,3.9227947,3.55634499,4.339795295,0.462937175166667,0.462937175166667,FALSE,1.00038298239131,6786.09017067366,6230.0293721729
60,"mu_beta","beta",0.67,0.655672520188333,0.654054255,0.5209221725,0.796131365,-0.0143274798116667,0.0143274798116667,TRUE,1.00026465983254,3201.09713925585,4793.73440499455
60,"mu_lambda","lambda",0.0182,0.012031701835239,0.011460443,0.00231689944,0.023628356,-0.00616829816476098,0.00616829816476098,TRUE,1.00012328058865,8019.51642815388,5172.73685474425
60,"mu_delta","delta",1.3,1.45857836074667,1.44762445,1.25030908,1.71175047,0.158578360746667,0.158578360746667,TRUE,1.00434886992969,785.702525472219,3486.77212628204
60,"mu_eta","eta",-0.382,-0.272582524254475,-0.27025017,-0.3965596995,-0.155106582,0.109417475745525,0.109417475745525,TRUE,1.00108500150654,1539.28172807178,3345.75252445342
61,"mu_alpha","alpha",1.57,1.61468890536417,1.60864125,1.298692695,1.95708508,0.0446889053641666,0.0446889053641666,TRUE,1.00153104785683,3550.42097755136,5684.52096482269
61,"mu_beta","beta",0.947,0.938964255131667,0.937503055,0.848732654,1.03458911,-0.00803574486833325,0.00803574486833325,TRUE,1.00062057389181,5696.3287058411,6694.15697664312
61,"mu_lambda","lambda",0.0182,0.0177631328483625,0.017285039,0.004592504295,0.03180062605,-0.000436867151637519,0.000436867151637519,TRUE,1.00074146309435,8198.36716859589,5687.59190360109
61,"mu_delta","delta",1.3,1.309101676615,1.2751895,0.993032539,1.736819645,0.00910167661500005,0.00910167661500005,TRUE,1.14953015458157,18.5525039446875,67.5944022236506
61,"mu_eta","eta",-0.382,-0.391702571761667,-0.391450615,-0.505316379,-0.2800692865,-0.00970257176166667,0.00970257176166667,TRUE,1.04270403889699,80.9586722971039,1807.5960967134
62,"mu_alpha","alpha",2.47,2.62415283289167,2.6199541,2.40177508,2.86814651,0.154152832891667,0.154152832891667,TRUE,0.999958347974186,9791.1221836378,8538.14949342233
62,"mu_beta","beta",0.947,0.9200326249325,0.917764055,0.803783848,1.04543766,-0.0269673750674999,0.0269673750674999,TRUE,1.00008186168098,4967.08407382237,7084.98935079862
62,"mu_lambda","lambda",0.0182,0.0120830160914798,0.0114993875,0.002273839825,0.0239120125,-0.00611698390852024,0.00611698390852024,TRUE,1.00010850502328,10227.7223898047,6571.96577815725
62,"mu_delta","delta",1.3,1.45743496083917,1.47269025,1.057612335,1.829444425,0.157434960839167,0.157434960839167,TRUE,1.08881957779582,29.514036143936,163.590458878303
62,"mu_eta","eta",-0.382,-0.302832419102083,-0.30365514,-0.389938218,-0.2128209455,0.0791675808979167,0.0791675808979167,TRUE,1.01733067164994,354.182515989292,432.166056399114
63,"mu_alpha","alpha",3.47,3.35474063205,3.3452415,2.900989265,3.84594546,-0.11525936795,0.11525936795,TRUE,1.00012635530536,5451.28792875247,7062.01560637095
63,"mu_beta","beta",0.947,0.979095555306667,0.976644315,0.8345593105,1.13484505,0.0320955553066667,0.0320955553066667,TRUE,1.00081510859938,4736.15817805344,6557.74498455536
63,"mu_lambda","lambda",0.0182,0.00839247379408034,0.00757003045,0.000936054527,0.0185521854,-0.00980752620591966,0.00980752620591966,TRUE,1.00014625221676,8425.23772082065,6082.51586606895
63,"mu_delta","delta",1.3,1.427315134355,1.41911595,1.22471724,1.66048862,0.127315134355,0.127315134355,TRUE,1.00060403320745,3588.95959966608,4950.2714025761
63,"mu_eta","eta",-0.382,-0.403369786838333,-0.403405605,-0.492817284,-0.314640873,-0.0213697868383333,0.0213697868383333,TRUE,1.00157829514675,2841.82188408643,4604.43999395545
64,"mu_alpha","alpha",1.57,1.28925541893833,1.28382275,1.01801817,1.57340395,-0.280744581061667,0.280744581061667,TRUE,1.00040478460669,6142.47474000368,7466.57229571384
64,"mu_beta","beta",0.394,0.401942406369167,0.400877175,0.3171334715,0.4906739995,0.00794240636916665,0.00794240636916665,TRUE,1.00064639402606,6398.31171048579,6977.27211257518
64,"mu_lambda","lambda",0.0743,0.0701889108813917,0.069811232,0.03668784865,0.1049723405,-0.00411108911860834,0.00411108911860834,TRUE,1.00065029670913,9297.23563492412,7223.63538587563
64,"mu_delta","delta",1.3,1.47173715434917,1.46235455,1.231398535,1.751587875,0.171737154349167,0.171737154349167,TRUE,1.0000162474744,5014.61500081817,4367.98639307867
64,"mu_eta","eta",-0.382,-0.42993065783275,-0.43129181,-0.5482671445,-0.30805988,-0.04793065783275,0.04793065783275,TRUE,1.00018870323333,6168.04438227466,8138.06182926606
65,"mu_alpha","alpha",2.47,2.585252254075,2.58099265,2.210510255,2.975731955,0.115252254075,0.115252254075,TRUE,1.00110608667367,4395.57223478043,6258.46996667609
65,"mu_beta","beta",0.394,0.458152477168333,0.45838601,0.32748223,0.589360605,0.0641524771683333,0.0641524771683333,TRUE,1.00050912417438,3179.31514706257,4880.38694233237
65,"mu_lambda","lambda",0.0743,0.0564064031440583,0.056272902,0.0319274287,0.08156563055,-0.0178935968559417,0.0178935968559417,TRUE,1.00090549679419,6159.28102699419,6279.84772962456
65,"mu_delta","delta",1.3,1.28092462062833,1.29016015,0.902363787,1.62282583,-0.0190753793716667,0.0190753793716667,TRUE,1.00612545989227,1287.78568589587,955.176760626568
65,"mu_eta","eta",-0.382,-0.369890781049167,-0.370964345,-0.4608555785,-0.274976832,0.0121092189508333,0.0121092189508333,TRUE,1.00040599408367,4963.94427516843,6359.22703979035
66,"mu_alpha","alpha",3.47,3.89382055695833,3.8878189,3.44615046,4.364746585,0.423820556958333,0.423820556958333,TRUE,1.00110312579016,5462.17802635862,7174.55432313058
66,"mu_beta","beta",0.394,0.489594109693333,0.488581355,0.4090950745,0.573040489,0.0955941096933333,0.0955941096933333,FALSE,1.00023897859858,7167.46603301232,7749.14541840415
66,"mu_lambda","lambda",0.0743,0.0437250506113,0.043174676,0.0222938088,0.0671051729,-0.0305749493887,0.0305749493887,FALSE,1.00023270571954,6407.74030906779,7032.11776218895
66,"mu_delta","delta",1.3,1.34936297925,1.3369372,1.18861194,1.552398965,0.0493629792499999,0.0493629792499999,TRUE,1.00013546438247,5087.22970889232,5063.9000450856
66,"mu_eta","eta",-0.382,-0.4201085589325,-0.420648,-0.5184484365,-0.3228588555,-0.0381085589325,0.0381085589325,TRUE,1.00053905271067,3872.648964799,6214.4096983715
67,"mu_alpha","alpha",1.57,1.77565659311167,1.76444535,1.37810382,2.21362124,0.205656593111667,0.205656593111667,TRUE,1.00053600262021,2695.24178604722,4250.82929616047
67,"mu_beta","beta",0.67,0.757178680878333,0.75520067,0.6090700395,0.9106368645,0.0871786808783332,0.0871786808783332,TRUE,1.00120489503846,2473.15401427639,3988.25769231391
67,"mu_lambda","lambda",0.0743,0.103433863926083,0.102129055,0.06679690265,0.1452461885,0.0291338639260833,0.0291338639260833,TRUE,1.0015803108049,3130.06115475904,4651.33839545039
67,"mu_delta","delta",1.3,1.38278322173,1.3586713,1.159536695,1.689861775,0.08278322173,0.08278322173,TRUE,1.00266900154472,1880.11487270187,2211.84710108241
67,"mu_eta","eta",-0.382,-0.357728477778175,-0.35803159,-0.494155212,-0.221889104,0.024271522221825,0.024271522221825,TRUE,1.00141335148854,2265.95491437176,4261.72813693369
68,"mu_alpha","alpha",2.47,2.48623459814167,2.47871425,2.216956695,2.775239405,0.0162345981416663,0.0162345981416663,TRUE,1.00045826292359,6626.05689009081,6933.45912216538
68,"mu_beta","beta",0.67,0.637343312560833,0.636092155,0.533209987,0.7450442225,-0.0326566874391667,0.0326566874391667,TRUE,1.00065833317824,4922.77325439274,6718.071465437
68,"mu_lambda","lambda",0.0743,0.0779277869904167,0.077761772,0.05482347205,0.1015089965,0.00362778699041666,0.00362778699041666,TRUE,1.00068310969594,6380.2423679107,7383.50839110866
68,"mu_delta","delta",1.3,1.13829504283333,1.131932,0.9790182955,1.32504769,-0.161704957166667,0.161704957166667,TRUE,1.00136994378499,3123.27952022823,3199.19891149603
68,"mu_eta","eta",-0.382,-0.391988332746667,-0.39232952,-0.483339584,-0.299353023,-0.00998833274666666,0.00998833274666666,TRUE,1.00009279509417,4531.0391420154,7104.85281752007
69,"mu_alpha","alpha",3.47,3.42559763848333,3.417976,3.02827381,3.84198324,-0.0444023615166667,0.0444023615166667,TRUE,1.00278645295274,5497.52017875712,7939.89668787339
69,"mu_beta","beta",0.67,0.756814817975,0.75610193,0.636196778,0.878728652,0.086814817975,0.086814817975,TRUE,1.00042129460607,5418.17012133841,7103.9016562617
69,"mu_lambda","lambda",0.0743,0.0743313724699167,0.073380114,0.04441114865,0.1070031425,3.13724699166629e-05,3.13724699166629e-05,TRUE,1.00189585874089,4533.54865119267,6373.40013859693
69,"mu_delta","delta",1.3,1.37867779588833,1.35978845,1.102030645,1.73252348,0.0786777958883333,0.0786777958883333,TRUE,1.11102454598601,23.0384982431634,1168.94053464673
69,"mu_eta","eta",-0.382,-0.403271468170833,-0.40538314,-0.5326103325,-0.2651060265,-0.0212714681708333,0.0212714681708333,TRUE,1.09626424941355,27.9059229756554,57.2600134112911
70,"mu_alpha","alpha",1.57,1.93896070225,1.933025,1.623110025,2.27795918,0.36896070225,0.36896070225,FALSE,1.0002470524217,6287.85588118004,8066.91263809362
70,"mu_beta","beta",0.947,0.977159196085,0.976513335,0.8520342655,1.105446925,0.0301591960850001,0.0301591960850001,TRUE,1.00006301363521,6068.33481298673,7025.80862731249
70,"mu_lambda","lambda",0.0743,0.0931986436788333,0.093009253,0.07079541555,0.1160283215,0.0188986436788333,0.0188986436788333,TRUE,1.00020447531865,8319.78260614827,8260.72060339686
70,"mu_delta","delta",1.3,1.4511063423625,1.43624185,1.161718985,1.79427878,0.1511063423625,0.1511063423625,TRUE,1.00027097678692,4559.60887634308,5941.02564447735
70,"mu_eta","eta",-0.382,-0.36411520872,-0.36409942,-0.441065624,-0.2891292965,0.01788479128,0.01788479128,TRUE,1.00049642033632,5885.13651728501,7312.89709356665
71,"mu_alpha","alpha",2.47,2.655708052975,2.64783635,2.292624435,3.04533246,0.185708052975,0.185708052975,TRUE,1.00110928074204,3691.87400901029,5400.93310734618
71,"mu_beta","beta",0.947,0.970441290044167,0.968816355,0.869649961,1.07655424,0.0234412900441667,0.0234412900441667,TRUE,1.00079471931381,5552.22127345305,7341.52143062806
71,"mu_lambda","lambda",0.0743,0.0767490133358333,0.076474893,0.05592456185,0.0981262005,0.00244901333583333,0.00244901333583333,TRUE,1.0024207547107,5261.46776875403,6122.53473312409
71,"mu_delta","delta",1.3,1.5267295518575,1.5356747,1.12847288,1.90146309,0.2267295518575,0.2267295518575,TRUE,1.23012648200506,12.4115993199751,36.2147379515767
71,"mu_eta","eta",-0.382,-0.344394351489675,-0.34804216,-0.43790963,-0.239666073,0.037605648510325,0.037605648510325,TRUE,1.09029711886447,32.4231065708586,71.2672010233989
72,"mu_alpha","alpha",3.47,3.27205160066667,3.2636641,2.96104164,3.61327194,-0.197948399333334,0.197948399333334,TRUE,1.00029097355735,6072.13274808396,6887.40167442145
72,"mu_beta","beta",0.947,0.981066438064167,0.978430715,0.88571591,1.08477952,0.0340664380641668,0.0340664380641668,TRUE,1.00083421476764,6389.476885143,6735.10677452128
72,"mu_lambda","lambda",0.0743,0.0611467536753333,0.060864679,0.0406579323,0.0828887707,-0.0131532463246667,0.0131532463246667,TRUE,1.00060259167173,4135.29577494609,5912.95865183527
72,"mu_delta","delta",1.3,1.36860727215917,1.35243895,1.1092853,1.690480605,0.0686072721591666,0.0686072721591666,TRUE,1.00366560850048,1210.19914666418,2531.63061755548
72,"mu_eta","eta",-0.382,-0.40456881979,-0.401814705,-0.536117857,-0.281626071,-0.02256881979,0.02256881979,TRUE,1.00184641456426,1993.3257159938,3378.2255071429
73,"mu_alpha","alpha",1.57,1.5037916088975,1.49781655,1.235681105,1.78691331,-0.0662083911025,0.0662083911025,TRUE,1.00030208462806,4946.46471182688,6849.49344088057
73,"mu_beta","beta",0.394,0.455780222964167,0.455101135,0.3640143565,0.549151622,0.0617802229641666,0.0617802229641666,TRUE,1.0000316689565,4770.01385008352,6589.84224297343
73,"mu_lambda","lambda",0.164,0.145968821193417,0.144862225,0.104517875,0.191321567,-0.0180311788065833,0.0180311788065833,TRUE,1.00051966032582,5010.34274662908,6455.73404943073
73,"mu_delta","delta",1.3,1.28610671685333,1.2718162,1.14295407,1.47678749,-0.0138932831466667,0.0138932831466667,TRUE,1.00046738448658,4802.40107525641,4892.50196134241
73,"mu_eta","eta",-0.382,-0.425752811191583,-0.42488378,-0.5731685805,-0.2811694065,-0.0437528111915833,0.0437528111915833,TRUE,1.00046183875059,4641.48206727445,6611.31939867514
74,"mu_alpha","alpha",2.47,2.7081990589,2.7024426,2.396404485,3.04195329,0.2381990589,0.2381990589,TRUE,1.00056609296375,7258.19238396477,8311.66348629109
74,"mu_beta","beta",0.394,0.402672732756667,0.401776565,0.294286421,0.515121593,0.00867273275666663,0.00867273275666663,TRUE,1.00058556296071,5404.18571995656,6534.61332421428
74,"mu_lambda","lambda",0.164,0.17796021951675,0.176994235,0.143579357,0.21575932,0.01396021951675,0.01396021951675,TRUE,1.00010624469081,5764.76090976707,7707.71079257726
74,"mu_delta","delta",1.3,1.4063117932625,1.41565725,1.07123748,1.70093638,0.1063117932625,0.1063117932625,TRUE,1.00027865394231,5187.91247529326,6276.8414302589
74,"mu_eta","eta",-0.382,-0.444334314713333,-0.445015925,-0.5483333975,-0.3406143675,-0.0623343147133333,0.0623343147133333,TRUE,1.00023642257105,6650.04115578142,7814.69361637391
75,"mu_alpha","alpha",3.47,3.52693092745,3.51948155,3.04519848,4.03091159,0.0569309274499998,0.0569309274499998,TRUE,1.00073677756971,3733.71201051217,5894.68751108587
75,"mu_beta","beta",0.394,0.502059850170833,0.50154904,0.3784502545,0.6274166905,0.108059850170833,0.108059850170833,TRUE,1.00119213985606,3122.51803670577,4903.37142462923
75,"mu_lambda","lambda",0.164,0.150537054274833,0.150196545,0.123613801,0.178585608,-0.0134629457251667,0.0134629457251667,TRUE,1.00097053948423,4445.52013449653,6381.67717830235
75,"mu_delta","delta",1.3,1.59394873953333,1.599317,1.27744509,1.88501124,0.293948739533333,0.293948739533333,TRUE,1.00131901311477,2911.56466022143,5159.22752166607
75,"mu_eta","eta",-0.382,-0.413065290608333,-0.412566175,-0.5112094595,-0.315885904,-0.0310652906083334,0.0310652906083334,TRUE,1.00015157296066,2431.0940120457,4756.30368463545
76,"mu_alpha","alpha",1.57,1.53377051023417,1.52571615,1.19234276,1.899186045,-0.0362294897658333,0.0362294897658333,TRUE,1.0017350887014,3256.20770734537,5590.83605744251
76,"mu_beta","beta",0.67,0.57838351616,0.576951935,0.4844837845,0.6755137325,-0.09161648384,0.09161648384,TRUE,1.00037642546001,4423.87057765726,5880.75386399038
76,"mu_lambda","lambda",0.164,0.206979769888583,0.20558574,0.150056353,0.269752255,0.0429797698885833,0.0429797698885833,TRUE,1.00158690403302,2780.27706386944,5067.31225955081
76,"mu_delta","delta",1.3,1.32681569759083,1.3287677,0.9524652035,1.694587095,0.0268156975908334,0.0268156975908334,TRUE,1.00308583910594,2354.56704549497,3327.34118276092
76,"mu_eta","eta",-0.382,-0.48951097425,-0.489993495,-0.642658094,-0.3321975325,-0.10751097425,0.10751097425,TRUE,1.00136005817159,2743.1832277284,4957.32494443951
77,"mu_alpha","alpha",2.47,2.40110490926667,2.3939163,1.98019864,2.85072392,-0.0688950907333337,0.0688950907333337,TRUE,1.00017706460852,3729.73525373649,5550.57632352725
77,"mu_beta","beta",0.67,0.633477855394167,0.632371595,0.5084464285,0.7652786515,-0.0365221446058334,0.0365221446058334,TRUE,1.00047219731631,3515.85774976025,6046.2308644494
77,"mu_lambda","lambda",0.164,0.173356616945833,0.172612085,0.1412840685,0.206834377,0.00935661694583334,0.00935661694583334,TRUE,1.00032769647143,5324.64566642058,7582.98043969071
77,"mu_delta","delta",1.3,1.18526213581917,1.1693985,1.05250634,1.37242401,-0.114737864180833,0.114737864180833,TRUE,1.00055869892731,3009.95075251323,2657.70570678909
77,"mu_eta","eta",-0.382,-0.5896200135525,-0.589742115,-0.71576262,-0.464586815,-0.2076200135525,0.2076200135525,FALSE,1.00050233916781,3706.83275711726,5573.52443559159
78,"mu_alpha","alpha",3.47,3.25903528306667,3.2514564,2.9200784,3.61276711,-0.210964716933334,0.210964716933334,TRUE,1.00019885677448,6191.29259594657,7397.61277517907
78,"mu_beta","beta",0.67,0.674068292619167,0.672257025,0.531280084,0.817970627,0.00406829261916664,0.00406829261916664,TRUE,1.00009626521223,3541.38652611257,5892.24489521059
78,"mu_lambda","lambda",0.164,0.166139842853833,0.165195715,0.129016632,0.2060978955,0.00213984285383334,0.00213984285383334,TRUE,1.00150640188866,2963.4575090153,4474.52405011832
78,"mu_delta","delta",1.3,1.49605953523,1.4898927,1.277638505,1.729841245,0.19605953523,0.19605953523,TRUE,1.00022390917809,4229.40990322447,4264.76198168425
78,"mu_eta","eta",-0.382,-0.335740520397,-0.335358935,-0.424127392,-0.2491925745,0.046259479603,0.046259479603,TRUE,1.00024525220928,3885.43226734409,5950.20647957103
79,"mu_alpha","alpha",1.57,1.57159272565417,1.5686396,1.32257978,1.82953771,0.00159272565416657,0.00159272565416657,TRUE,1.00056178405024,6179.89175557884,7423.9978864172
79,"mu_beta","beta",0.947,0.822958938466667,0.82250564,0.71217977,0.936959165,-0.124041061533333,0.124041061533333,FALSE,1.00021359437119,5049.33675935888,7262.83098237339
79,"mu_lambda","lambda",0.164,0.142710935132083,0.142147235,0.1063116905,0.180917089,-0.0212890648679167,0.0212890648679167,TRUE,1.00155226993198,4512.27001856998,6419.29595399639
79,"mu_delta","delta",1.3,1.08608168857583,1.08863825,0.7758345635,1.39953345,-0.213918311424167,0.213918311424167,TRUE,1.00103941716866,3580.0820928142,6123.16214273482
79,"mu_eta","eta",-0.382,-0.37620245215,-0.37701716,-0.464708764,-0.2860397165,0.00579754785000003,0.00579754785000003,TRUE,1.0004444046974,5100.6817901608,7563.58494499215
80,"mu_alpha","alpha",2.47,2.73826183935833,2.7288891,2.355940435,3.148224595,0.268261839358333,0.268261839358333,TRUE,1.00066290017625,4870.81653748038,6462.66116554139
80,"mu_beta","beta",0.947,0.978946571369167,0.977887725,0.8534646105,1.110029505,0.0319465713691667,0.0319465713691667,TRUE,1.00034586680156,4699.71460765794,6506.01109022438
80,"mu_lambda","lambda",0.164,0.163570744751333,0.163122785,0.133346012,0.195904501,-0.00042925524866666,0.00042925524866666,TRUE,1.00070318941424,3614.61837354323,5357.95741034579
80,"mu_delta","delta",1.3,1.29944872254083,1.28666435,1.03508586,1.61112837,-0.000551277459166721,0.000551277459166721,TRUE,1.0016556329406,2548.04775349169,4198.14306159508
80,"mu_eta","eta",-0.382,-0.376070566613583,-0.376084435,-0.537366904,-0.214398959,0.00592943338641666,0.00592943338641666,TRUE,1.00275159170594,2312.04878838378,4524.19558928439
81,"mu_alpha","alpha",3.47,3.64354565006667,3.63284855,3.275307395,4.052815165,0.173545650066667,0.173545650066667,TRUE,1.00064978200249,7718.42747202582,6413.63203757797
81,"mu_beta","beta",0.947,1.03566717918583,1.033633,0.913342156,1.161826815,0.0886671791858334,0.0886671791858334,TRUE,1.00011338987806,7055.37406377357,7631.54726094149
81,"mu_lambda","lambda",0.164,0.148969084710833,0.14845174,0.1181980645,0.180764834,-0.0150309152891667,0.0150309152891667,TRUE,1.00126597996322,3640.3965356518,5793.77410409887
81,"mu_delta","delta",1.3,1.30423881786,1.2722041,1.10930527,1.60736457,0.00423881785999991,0.00423881785999991,TRUE,1.19555322664544,13.9990105198029,53.0665753374276
81,"mu_eta","eta",-0.382,-0.333650428791582,-0.33534898,-0.4615369705,-0.199530149,0.0483495712084183,0.0483495712084183,TRUE,1.07423647665792,37.4124127205635,134.371219119875
82,"mu_alpha","alpha",1.57,1.5020726893975,1.4972593,1.27198369,1.75156494,-0.0679273106025,0.0679273106025,TRUE,1.00044883182713,5902.74223593492,7477.79272079986
82,"mu_beta","beta",0.394,0.4178394118275,0.41702478,0.329538059,0.5067997695,0.0238394118275,0.0238394118275,TRUE,1.00020594843686,4291.80637394094,6508.60306146068
82,"mu_lambda","lambda",0.0182,0.0169173243069573,0.0160790435,0.00265187243,0.0342910378,-0.0012826756930427,0.0012826756930427,TRUE,1.00006667371449,9853.01698039119,5889.42775791075
82,"mu_delta","delta",0.906,0.879869018924167,0.879291865,0.778145326,0.985809559,-0.0261309810758333,0.0261309810758333,TRUE,1.00020717388,4901.76769847075,6093.85592983651
82,"mu_eta","eta",-0.219,-0.195945481042079,-0.19530006,-0.329952041,-0.0639638933000002,0.0230545189579208,0.0230545189579208,TRUE,1.00013025704239,4551.27201322643,6150.90267908078
83,"mu_alpha","alpha",2.47,2.35764993516667,2.35105325,1.98607328,2.74496495,-0.112350064833334,0.112350064833334,TRUE,1.00102056810882,4806.98633002495,5511.60502639482
83,"mu_beta","beta",0.394,0.481959228468333,0.48027169,0.3591980405,0.607287486,0.0879592284683333,0.0879592284683333,TRUE,1.00076417397994,4032.30287005669,6046.3160326267
83,"mu_lambda","lambda",0.0182,0.0218161563919517,0.021401655,0.00670433659,0.0380187702,0.00361615639195166,0.00361615639195166,TRUE,0.999951630970356,10836.0476950231,7100.45710909959
83,"mu_delta","delta",0.906,0.980856489211667,0.969069655,0.827406479,1.17392901,0.0748564892116667,0.0748564892116667,TRUE,1.00218827730611,2205.1102310266,2210.63905310821
83,"mu_eta","eta",-0.219,-0.191519195213683,-0.191235795,-0.284089722,-0.09764465985,0.0274808047863167,0.0274808047863167,TRUE,1.00036483196899,5872.46896679116,7650.40536742297
84,"mu_alpha","alpha",3.47,3.30799083021667,3.302703,3.03488172,3.6065822,-0.162009169783333,0.162009169783333,TRUE,1.00012067985469,10069.3747919548,8969.41611157638
84,"mu_beta","beta",0.394,0.318743014842833,0.31829716,0.2429303955,0.395397382,-0.0752569851571667,0.0752569851571667,TRUE,1.0004473479781,7836.57652512819,8547.98740204714
84,"mu_lambda","lambda",0.0182,0.011041666729842,0.010312799,0.001150054365,0.0233424267,-0.00715833327015804,0.00715833327015804,TRUE,1.00036768987698,12189.6123067292,6658.62035340592
84,"mu_delta","delta",0.906,0.927555858109167,0.928818775,0.752327885,1.097759375,0.0215558581091666,0.0215558581091666,TRUE,1.00051411732755,3831.40520852658,6229.08872090754
84,"mu_eta","eta",-0.219,-0.224951804521262,-0.225963665,-0.3547022175,-0.0919286516,-0.00595180452126168,0.00595180452126168,TRUE,1.00050162981504,3796.75469681106,5624.10662130826
85,"mu_alpha","alpha",1.57,1.80372166886667,1.7959001,1.484142575,2.14160653,0.233721668866667,0.233721668866667,TRUE,1.00111752972094,4301.20888440076,6321.19512842459
85,"mu_beta","beta",0.67,0.741894451345,0.74077163,0.6344211195,0.8540234035,0.0718944513449999,0.0718944513449999,TRUE,1.00162078164948,4455.70830634371,6510.13814352888
85,"mu_lambda","lambda",0.0182,0.02506184442025,0.025139059,0.01042625,0.0396703621,0.00686184442025,0.00686184442025,TRUE,1.00021646942481,11142.1431923964,6294.15889502537
85,"mu_delta","delta",0.906,0.887367266865833,0.884829285,0.6606333055,1.122139985,-0.0186327331341667,0.0186327331341667,TRUE,1.00060064461515,4105.04763236116,5894.23865531851
85,"mu_eta","eta",-0.219,-0.235144942207575,-0.23479514,-0.3275362835,-0.145041203,-0.016144942207575,0.016144942207575,TRUE,1.00043756119877,4623.36244594768,6273.33723753752
86,"mu_alpha","alpha",2.47,2.34983129565,2.3423378,2.002927475,2.715091915,-0.12016870435,0.12016870435,TRUE,1.00031667690771,4603.3549125988,6686.57482855787
86,"mu_beta","beta",0.67,0.8120606669775,0.80934327,0.6700509295,0.9627721435,0.1420606669775,0.1420606669775,FALSE,1.0012529291876,3400.87822202209,5293.0921338492
86,"mu_lambda","lambda",0.0182,0.0157275376366682,0.015466727,0.00383956595,0.02805336965,-0.00247246236333184,0.00247246236333184,TRUE,1.00045595520419,8631.44013511304,5090.59481288356
86,"mu_delta","delta",0.906,0.984362804820833,0.975512175,0.8183875565,1.18245232,0.0783628048208334,0.0783628048208334,TRUE,1.0055981918344,994.969071522278,473.53058966405
86,"mu_eta","eta",-0.219,-0.127314566249465,-0.126581525,-0.2305739135,-0.0240584729500001,0.0916854337505345,0.0916854337505345,TRUE,1.00075776730191,2845.04612804923,5521.65341249457
87,"mu_alpha","alpha",3.47,3.4960539183,3.48922185,3.112707485,3.895372695,0.0260539182999997,0.0260539182999997,TRUE,1.00032022439905,5852.98207858776,7217.00846392208
87,"mu_beta","beta",0.67,0.6230631631875,0.622393995,0.5370335135,0.711880691,-0.0469368368125,0.0469368368125,TRUE,1.00029913114433,7374.77608120962,8550.06061049236
87,"mu_lambda","lambda",0.0182,0.0269916010641133,0.0271893375,0.0115639439,0.04168791555,0.00879160106411333,0.00879160106411333,TRUE,1.00024089362961,7249.78917363277,5042.40315341896
87,"mu_delta","delta",0.906,0.76721052755,0.770134925,0.569811329,0.9570595125,-0.13878947245,0.13878947245,TRUE,1.00043450030492,3710.82373321746,5419.48589347976
87,"mu_eta","eta",-0.219,-0.178954203239397,-0.180036485,-0.2852589885,-0.0723476388,0.0400457967606035,0.0400457967606035,TRUE,1.00060845306847,2814.28885923825,4508.69498881693
88,"mu_alpha","alpha",1.57,1.7081373318025,1.70291975,1.375549445,2.058616245,0.1381373318025,0.1381373318025,TRUE,1.00045451292526,4903.22753928185,6395.26953090073
88,"mu_beta","beta",0.947,0.961464515063333,0.95954362,0.870400302,1.05804099,0.0144645150633333,0.0144645150633333,TRUE,1.00035466637394,8325.4438720006,8090.47234782472
88,"mu_lambda","lambda",0.0182,0.0299016409525083,0.029945604,0.01339707375,0.04617575545,0.0117016409525083,0.0117016409525083,TRUE,1.0002819454215,9227.76970942848,6512.1122054047
88,"mu_delta","delta",0.906,0.9365904164825,0.925637605,0.5628962495,1.35148271,0.0305904164824999,0.0305904164824999,TRUE,1.0017722721029,3274.34093196663,6031.63658169087
88,"mu_eta","eta",-0.219,-0.20406246754354,-0.20506416,-0.3154325985,-0.09018902925,0.01493753245646,0.01493753245646,TRUE,1.00015654182664,3107.30263198135,5218.26287085071
89,"mu_alpha","alpha",2.47,2.7988613715,2.7897367,2.45418997,3.169023215,0.3288613715,0.3288613715,TRUE,1.00053875238596,5688.54219916779,6843.72544881543
89,"mu_beta","beta",0.947,0.910590172664167,0.90848213,0.7689002985,1.056695225,-0.0364098273358333,0.0364098273358333,TRUE,1.00227420287931,3780.26257183952,5890.07743277241
89,"mu_lambda","lambda",0.0182,0.02456979869354,0.024099012,0.00871093183,0.0415870825,0.00636979869354,0.00636979869354,TRUE,1.00018067210273,7451.2425344704,5768.26990161829
89,"mu_delta","delta",0.906,0.731623445942917,0.73487527,0.405462199,1.05016627,-0.174376554057083,0.174376554057083,TRUE,1.00102814051642,3560.82579569163,5179.47996721182
89,"mu_eta","eta",-0.219,-0.216535511431464,-0.21624625,-0.3156533495,-0.1165855225,0.00246448856853609,0.00246448856853609,TRUE,1.00069276734405,3053.19354385899,5843.73535681987
90,"mu_alpha","alpha",3.47,3.332553216125,3.32255485,2.996550165,3.703042805,-0.137446783875,0.137446783875,TRUE,1.00027253999648,7113.91054664915,7711.81843865895
90,"mu_beta","beta",0.947,0.9928334063775,0.99133906,0.887071499,1.1041451,0.0458334063775,0.0458334063775,TRUE,1.00016992638464,6971.17045226328,8338.78734118283
90,"mu_lambda","lambda",0.0182,0.0145686928573871,0.0143941325,0.003526262655,0.0262251882,-0.00363130714261292,0.00363130714261292,TRUE,1.00026655536928,8425.29859016054,5545.07968036072
90,"mu_delta","delta",0.906,0.911295902805,0.90037225,0.707188657,1.152320345,0.00529590280499992,0.00529590280499992,TRUE,1.00059206688408,2456.93261995655,1994.87040931942
90,"mu_eta","eta",-0.219,-0.255906892719108,-0.25662982,-0.345735035,-0.1641683125,-0.0369068927191083,0.0369068927191083,TRUE,1.00279917773622,2570.67118344856,4527.02364873231
91,"mu_alpha","alpha",1.57,1.34250193203417,1.33928445,1.082037485,1.608632345,-0.227498067965833,0.227498067965833,TRUE,1.00034316258075,5457.2433295074,7696.30510222903
91,"mu_beta","beta",0.394,0.409234603272333,0.408135825,0.296549193,0.525879291,0.0152346032723333,0.0152346032723333,TRUE,1.00154291465882,3678.16434010202,5660.91687333416
91,"mu_lambda","lambda",0.0743,0.0534392085734833,0.052398614,0.0209999672,0.089617984,-0.0208607914265167,0.0208607914265167,TRUE,1.00019735493625,7419.93427203971,7123.98534691999
91,"mu_delta","delta",0.906,0.867072741176667,0.86935578,0.6653471605,1.06315837,-0.0389272588233334,0.0389272588233334,TRUE,1.00140487082807,4299.42840654024,5793.43491112355
91,"mu_eta","eta",-0.219,-0.391769529748333,-0.392265405,-0.4776518675,-0.3033396605,-0.172769529748333,0.172769529748333,FALSE,1.00006647379344,8376.59874081175,7573.51745859877
92,"mu_alpha","alpha",2.47,2.4434335865,2.44154065,2.113086935,2.786811625,-0.0265664135000003,0.0265664135000003,TRUE,1.00034358249701,4894.05622086794,6980.14676476537
92,"mu_beta","beta",0.394,0.310670336600917,0.30990356,0.186227464,0.436899164,-0.0833296633990834,0.0833296633990834,TRUE,1.00118339303552,2860.29035105199,4951.91695351526
92,"mu_lambda","lambda",0.0743,0.0631034865091667,0.0630200065,0.0356485743,0.0908192563,-0.0111965134908333,0.0111965134908333,TRUE,1.00040728337094,7068.2223713017,6992.31949353849
92,"mu_delta","delta",0.906,0.927630761705,0.925091175,0.779080897,1.088071305,0.021630761705,0.021630761705,TRUE,1.00130602894697,2689.42569658284,4678.15224297063
92,"mu_eta","eta",-0.219,-0.16502665143472,-0.16770178,-0.330920545,0.00605123318999999,0.05397334856528,0.05397334856528,TRUE,1.00202590995021,2989.93137611843,4962.38976534914
93,"mu_alpha","alpha",3.47,3.42483594405,3.41577145,3.082244725,3.78603581,-0.0451640559500004,0.0451640559500004,TRUE,1.0006991180434,6562.42689108226,7668.23005681036
93,"mu_beta","beta",0.394,0.371435997834167,0.37110669,0.2737045095,0.470531706,-0.0225640021658334,0.0225640021658334,TRUE,1.00020113061798,4654.38607112704,6435.86621909916
93,"mu_lambda","lambda",0.0743,0.088207109862,0.087987043,0.0631235242,0.1139729005,0.013907109862,0.013907109862,TRUE,1.00070979268457,5561.47151540358,7129.75981916792
93,"mu_delta","delta",0.906,0.908358581035,0.90634157,0.8265619765,0.996297817,0.00235858103499997,0.00235858103499997,TRUE,1.00063673429617,5392.83684008246,4738.71466377629
93,"mu_eta","eta",-0.219,-0.288874547154417,-0.289232845,-0.387766267,-0.1893982045,-0.0698745471544167,0.0698745471544167,TRUE,1.00237683702522,3286.80169941587,5492.61802506643
94,"mu_alpha","alpha",1.57,1.52875761337167,1.5222598,1.25773224,1.81945995,-0.0412423866283333,0.0412423866283333,TRUE,1.00032861601122,5889.49523983738,7422.53497355187
94,"mu_beta","beta",0.67,0.748360267513333,0.747130125,0.658103016,0.8418823445,0.0783602675133332,0.0783602675133332,TRUE,1.00035356648516,7369.7902321888,7803.86805899103
94,"mu_lambda","lambda",0.0743,0.0411359138645675,0.040159713,0.0156360556,0.069328189,-0.0331640861354325,0.0331640861354325,FALSE,1.00031931386663,7986.13785300005,7536.10666112189
94,"mu_delta","delta",0.906,1.105084090975,1.1130559,0.898838987,1.29184908,0.199084090975,0.199084090975,TRUE,1.00177663147721,2929.10608109424,6653.00788317612
94,"mu_eta","eta",-0.219,-0.268683674965667,-0.268955135,-0.3712380745,-0.163962175,-0.0496836749656666,0.0496836749656666,TRUE,1.00006849604139,5138.78711568031,6235.95481775186
95,"mu_alpha","alpha",2.47,2.4191902243,2.41562875,2.167908945,2.684788915,-0.0508097757000003,0.0508097757000003,TRUE,1.00093069145351,6264.04108477817,6559.93523385277
95,"mu_beta","beta",0.67,0.666303073140833,0.66548382,0.533867136,0.79875745,-0.00369692685916667,0.00369692685916667,TRUE,1.0001470348826,3029.5236409778,5062.73633629702
95,"mu_lambda","lambda",0.0743,0.0597538771933583,0.059176088,0.0334172809,0.08736790995,-0.0145461228066417,0.0145461228066417,TRUE,0.999922988674288,4226.27693941742,6229.1896014525
95,"mu_delta","delta",0.906,1.02236486394583,1.01364565,0.6826942715,1.389243715,0.116364863945833,0.116364863945833,TRUE,1.00051471616476,3138.98987733457,4761.21899023661
95,"mu_eta","eta",-0.219,-0.211411688757083,-0.211350175,-0.289909542,-0.134424962,0.00758831124291667,0.00758831124291667,TRUE,1.0004821723364,5075.96672639838,6068.74029335987
96,"mu_alpha","alpha",3.47,3.40054069219167,3.3929529,2.957867795,3.86202411,-0.0694593078083336,0.0694593078083336,TRUE,1.00003956776184,4365.31372861732,6341.00334631067
96,"mu_beta","beta",0.67,0.648848945293333,0.647631655,0.5574257105,0.7458244755,-0.0211510547066667,0.0211510547066667,TRUE,1.00049348447502,5713.37112304294,6224.18266792301
96,"mu_lambda","lambda",0.0743,0.07973529131925,0.0794425945,0.0545796523,0.105778275,0.00543529131925,0.00543529131925,TRUE,1.00056140777564,4270.17598544647,5752.2670145236
96,"mu_delta","delta",0.906,0.772112032379583,0.7602729,0.581863749,1.01129814,-0.133887967620417,0.133887967620417,TRUE,1.00061205245358,2346.98180987227,2787.27379803881
96,"mu_eta","eta",-0.219,-0.253684717339825,-0.25265291,-0.3421183285,-0.1674251525,-0.034684717339825,0.034684717339825,TRUE,1.00068227661657,3229.89801346199,5540.06185070747
97,"mu_alpha","alpha",1.57,1.41687939196167,1.4083001,1.07295432,1.78807125,-0.153120608038333,0.153120608038333,TRUE,1.00118713477406,3938.12869202576,6160.46393003511
97,"mu_beta","beta",0.947,0.941296950474167,0.939647085,0.8339437845,1.055196525,-0.00570304952583334,0.00570304952583334,TRUE,1.00042307471681,6047.05854116844,7168.11833614568
97,"mu_lambda","lambda",0.0743,0.0584617966908333,0.05836592,0.0368125271,0.0803183901,-0.0158382033091667,0.0158382033091667,TRUE,0.999991417224113,7412.26454874584,7157.59300353846
97,"mu_delta","delta",0.906,0.9139095405175,0.91099738,0.8074691355,1.030325315,0.00790954051749992,0.00790954051749992,TRUE,1.00299607691344,2665.84001678559,1297.17252982309
97,"mu_eta","eta",-0.219,-0.285678673983033,-0.28615929,-0.4097863415,-0.1628042855,-0.0666786739830333,0.0666786739830333,TRUE,1.00140193218032,2737.51384867713,4806.57018370639
98,"mu_alpha","alpha",2.47,2.52237928011667,2.51536275,2.181909955,2.884077325,0.0523792801166665,0.0523792801166665,TRUE,1.00019267731347,7526.33409334397,8503.67170489759
98,"mu_beta","beta",0.947,0.93627235714,0.934632,0.8391717,1.03938861,-0.0107276428599999,0.0107276428599999,TRUE,1.00141095239142,9273.9162546692,8885.06835198949
98,"mu_lambda","lambda",0.0743,0.0784018316726667,0.0783964005,0.0627294745,0.0939054317,0.00410183167266666,0.00410183167266666,TRUE,1.00015059856204,11251.9602746805,8508.53415144737
98,"mu_delta","delta",0.906,0.867275645100833,0.86360114,0.706451806,1.04094519,-0.0387243548991667,0.0387243548991667,TRUE,1.00079451182879,5242.91959941513,6556.35187278784
98,"mu_eta","eta",-0.219,-0.184671374103084,-0.184853715,-0.2931851145,-0.0769412009000002,0.0343286258969158,0.0343286258969158,TRUE,1.00169890156415,4023.25411372772,5771.96230190499
99,"mu_alpha","alpha",3.47,3.62089189085,3.6088433,3.26083588,4.0141464,0.15089189085,0.15089189085,TRUE,1.00051999963817,9102.81973565144,8402.26879949476
99,"mu_beta","beta",0.947,0.94581077166,0.94285531,0.8115788185,1.0872806,-0.0011892283399999,0.0011892283399999,TRUE,1.00074205665828,6067.55744973595,6963.53477131173
99,"mu_lambda","lambda",0.0743,0.0978000135539167,0.097384928,0.0730269011,0.123942537,0.0235000135539167,0.0235000135539167,TRUE,1.00026387712047,5296.16301659822,7456.84610318712
99,"mu_delta","delta",0.906,1.0116767943025,1.0009443,0.8358133165,1.223840905,0.1056767943025,0.1056767943025,TRUE,1.00093747194673,1735.7917759403,1996.11991591012
99,"mu_eta","eta",-0.219,-0.170932939953381,-0.17073117,-0.282628857,-0.0568895172,0.0480670600466194,0.0480670600466194,TRUE,1.00101202172685,3419.04765578647,5539.44402677807
100,"mu_alpha","alpha",1.57,1.788924886675,1.78472445,1.430788325,2.15794472,0.218924886675,0.218924886675,TRUE,1.00026349661336,5044.17149500917,7072.15663454805
100,"mu_beta","beta",0.394,0.425787206295833,0.423759315,0.31800228,0.5398678725,0.0317872062958333,0.0317872062958333,TRUE,1.00119742079627,5244.04665671946,7133.59008226718
100,"mu_lambda","lambda",0.164,0.195745045536667,0.194454345,0.155784709,0.239864436,0.0317450455366667,0.0317450455366667,TRUE,1.00007001585081,7223.82968697684,8118.01429642159
100,"mu_delta","delta",0.906,0.899945313151667,0.90094838,0.7330156235,1.064322765,-0.00605468684833332,0.00605468684833332,TRUE,1.00043941327947,4704.53032244684,5678.6003880973
100,"mu_eta","eta",-0.219,-0.316197321669,-0.31601154,-0.4442946205,-0.187542749,-0.097197321669,0.097197321669,TRUE,1.0003974124118,4024.58423033444,7541.41178886843
101,"mu_alpha","alpha",2.47,2.56602056111667,2.5607459,2.182901595,2.974675565,0.0960205611166667,0.0960205611166667,TRUE,1.00184606203187,4239.79990653308,6472.04478422189
101,"mu_beta","beta",0.394,0.5079518748575,0.50693468,0.389829058,0.62911996,0.1139518748575,0.1139518748575,TRUE,1.00026211108145,4250.90270606468,6344.10098948682
101,"mu_lambda","lambda",0.164,0.162706715538083,0.162076825,0.130832813,0.196440415,-0.00129328446191668,0.00129328446191668,TRUE,1.00021260765431,5883.60607551391,7405.64728979505
101,"mu_delta","delta",0.906,1.17451675853917,1.17137295,0.999036736,1.36775269,0.268516758539167,0.268516758539167,FALSE,1.00039745932987,3384.17977771754,4821.14249056402
101,"mu_eta","eta",-0.219,-0.178421940433503,-0.179560765,-0.284216475,-0.07121211735,0.0405780595664969,0.0405780595664969,TRUE,1.00020650522913,4876.028330866,6423.46177106059
102,"mu_alpha","alpha",3.47,3.53467692143333,3.5263638,3.141707335,3.960698165,0.0646769214333331,0.0646769214333331,TRUE,1.00040545042058,4785.09193404216,5891.47699363678
102,"mu_beta","beta",0.394,0.4130761473885,0.41244664,0.286251635,0.5423601655,0.0190761473885,0.0190761473885,TRUE,1.00083457559252,3078.92237626752,4997.5180791762
102,"mu_lambda","lambda",0.164,0.135654177592417,0.135311955,0.107437832,0.1645394295,-0.0283458224075833,0.0283458224075833,TRUE,1.00054156063701,4144.20424092106,6272.11458806637
102,"mu_delta","delta",0.906,1.00805337097667,1.0135211,0.6813627395,1.314730155,0.102053370976667,0.102053370976667,TRUE,1.00050432310628,4058.8062434886,5619.90877194549
102,"mu_eta","eta",-0.219,-0.294974212394958,-0.29592082,-0.3869562825,-0.2004012855,-0.0759742123949584,0.0759742123949584,TRUE,1.00007205079083,4535.10923113331,6349.81162245326
103,"mu_alpha","alpha",1.57,1.688715206,1.68490225,1.42395927,1.96779338,0.118715206,0.118715206,TRUE,1.00064168010259,5762.51372189117,7551.9432255857
103,"mu_beta","beta",0.67,0.73178257861,0.73049257,0.62219271,0.845447107,0.0617825786099999,0.0617825786099999,TRUE,1.00107792315675,4204.74407833717,5728.51098156354
103,"mu_lambda","lambda",0.164,0.187779590973333,0.187391875,0.1611056585,0.215763196,0.0237795909733333,0.0237795909733333,TRUE,1.00049097163152,7261.06283124008,7795.50036229677
103,"mu_delta","delta",0.906,0.933780570836667,0.933429365,0.6963502415,1.17014617,0.0277805708366666,0.0277805708366666,TRUE,1.00098381153935,2340.78168385944,4978.7203834092
103,"mu_eta","eta",-0.219,-0.0863252485835574,-0.085552056,-0.2079286535,0.0311548945999999,0.132674751416443,0.132674751416443,FALSE,1.00092427068111,3807.91399225044,5501.76334766999
104,"mu_alpha","alpha",2.47,2.0992943249,2.09413845,1.81873985,2.392883,-0.3707056751,0.3707056751,FALSE,1.00050455544769,5004.63558014483,6972.27484397501
104,"mu_beta","beta",0.67,0.641919451539167,0.64195798,0.541979342,0.7423977105,-0.0280805484608334,0.0280805484608334,TRUE,1.00047661654289,4630.74684986379,6441.06981603294
104,"mu_lambda","lambda",0.164,0.169223950492333,0.16847172,0.131975448,0.20880669,0.00522395049233332,0.00522395049233332,TRUE,1.00149819367992,3454.46871181652,5347.22542658679
104,"mu_delta","delta",0.906,0.951022905889167,0.947281815,0.659277668,1.24934976,0.0450229058891667,0.0450229058891667,TRUE,1.00291496966661,2680.52073186055,4012.2036817829
104,"mu_eta","eta",-0.219,-0.314008833786333,-0.314089525,-0.4470160435,-0.1814848615,-0.0950088337863333,0.0950088337863333,TRUE,1.00106062112122,2025.08254219231,4283.46975377582
105,"mu_alpha","alpha",3.47,3.62173700248333,3.6073373,3.17241409,4.111681855,0.151737002483333,0.151737002483333,TRUE,1.00022338010069,4234.66135778243,6314.50132936917
105,"mu_beta","beta",0.67,0.586813305285,0.586426775,0.4966790165,0.680078927,-0.0831866947150001,0.0831866947150001,TRUE,1.00039532043675,5858.10154659919,6194.67067593989
105,"mu_lambda","lambda",0.164,0.166431609431667,0.1657111,0.1338145535,0.2015694635,0.00243160943166665,0.00243160943166665,TRUE,1.00077157336014,3324.65963987776,5410.18812200372
105,"mu_delta","delta",0.906,0.9246649624225,0.9182202,0.814006193,1.05866726,0.0186649624224999,0.0186649624224999,TRUE,1.00216099176776,2410.60900022636,1786.17474911328
105,"mu_eta","eta",-0.219,-0.194775758457966,-0.194806775,-0.293314871,-0.09788644015,0.0242242415420342,0.0242242415420342,TRUE,1.00082377855495,3275.67171641376,5149.62689817833
106,"mu_alpha","alpha",1.57,1.62438710144333,1.6193931,1.294614525,1.97859632,0.0543871014433333,0.0543871014433333,TRUE,1.00064500092142,4669.17008336528,6545.35162072555
106,"mu_beta","beta",0.947,0.960285626623333,0.958262075,0.849497087,1.078624515,0.0132856266233334,0.0132856266233334,TRUE,1.00012716479263,5500.36019247761,6582.07499200296
106,"mu_lambda","lambda",0.164,0.193302010258083,0.19250603,0.152726484,0.2371240585,0.0293020102580833,0.0293020102580833,TRUE,1.00137328574602,3376.55676234329,5094.24088233427
106,"mu_delta","delta",0.906,0.8740652821925,0.875743755,0.790059478,0.9518792635,-0.0319347178075,0.0319347178075,TRUE,0.999932510374649,6952.78447683969,6560.39599464125
106,"mu_eta","eta",-0.219,-0.22872736274425,-0.22836352,-0.3180716905,-0.138350903,-0.00972736274425001,0.00972736274425001,TRUE,1.00023396287889,4724.4615648664,6884.69086088202
107,"mu_alpha","alpha",2.47,2.51039070540833,2.5099412,2.03629058,2.9989416,0.040390705408333,0.040390705408333,TRUE,1.00069992806794,4448.32741535334,6141.0955311303
107,"mu_beta","beta",0.947,0.9601266965175,0.95767934,0.799332797,1.125800465,0.0131266965175001,0.0131266965175001,TRUE,1.00053501340222,4468.46612192701,6047.97254861531
107,"mu_lambda","lambda",0.164,0.1765222364475,0.17618709,0.151788118,0.2021858105,0.0125222364475,0.0125222364475,TRUE,1.00092040718323,6838.88416006159,7813.9784084851
107,"mu_delta","delta",0.906,0.993158320669167,0.973181835,0.7279065425,1.32873754,0.0871583206691666,0.0871583206691666,TRUE,1.0008319500235,2761.19974352689,4392.54311772112
107,"mu_eta","eta",-0.219,-0.159322989745153,-0.16087557,-0.2672987905,-0.04740818185,0.0596770102548468,0.0596770102548468,TRUE,1.00016413801921,4058.22262643251,6129.2410752067
108,"mu_alpha","alpha",3.47,3.460655069375,3.45131115,3.04778724,3.909580125,-0.00934493062500019,0.00934493062500019,TRUE,1.00048872240915,7377.49717887146,7409.83966258714
108,"mu_beta","beta",0.947,0.995447945154167,0.992704315,0.872477581,1.12675499,0.0484479451541667,0.0484479451541667,TRUE,1.00019269913496,8307.79222581145,8075.47581771617
108,"mu_lambda","lambda",0.164,0.15455418352075,0.15396301,0.120724626,0.1908667785,-0.00944581647925,0.00944581647925,TRUE,1.00108377393403,4175.93189567197,6116.3712034416
108,"mu_delta","delta",0.906,0.9894176475275,0.985671095,0.8581920085,1.128612435,0.0834176475275,0.0834176475275,TRUE,1.00178585237415,2237.30759502094,1318.30999623435
108,"mu_eta","eta",-0.219,-0.170556350661947,-0.1710692,-0.268269517,-0.0711245472,0.0484436493380527,0.0484436493380527,TRUE,1.00105978658325,4895.61818960723,7175.50098481498
109,"mu_alpha","alpha",1.57,1.27234113842417,1.26654355,1.04810154,1.51216923,-0.297658861575833,0.297658861575833,FALSE,1.00050364876801,5379.54279316278,7556.91044209163
109,"mu_beta","beta",0.394,0.330365344394667,0.329608535,0.2111802865,0.453339772,-0.0636346556053333,0.0636346556053333,TRUE,1.00146358509348,2745.63288362196,4842.08784483748
109,"mu_lambda","lambda",0.0182,0.0198765113767629,0.0188978975,0.00314216484,0.0401388399,0.00167651137676291,0.00167651137676291,TRUE,1.00015990198911,11348.3430770271,6764.48927764828
109,"mu_delta","delta",1.08,1.1117970125525,1.1116551,0.906373853,1.31756274,0.0317970125525,0.0317970125525,TRUE,1.00044140431663,4557.09716779571,6275.30125671966
109,"mu_eta","eta",-0.219,-0.2557304977305,-0.25740835,-0.3394164435,-0.1669918995,-0.0367304977305,0.0367304977305,TRUE,1.0000925548722,7589.7974306975,7996.51648418949
110,"mu_alpha","alpha",2.47,2.48071890899167,2.47686275,2.21012115,2.762642015,0.0107189089916666,0.0107189089916666,TRUE,1.00038473114771,7583.01024953321,8345.39431809085
110,"mu_beta","beta",0.394,0.387285384635,0.38647149,0.295216943,0.4814480465,-0.00671461536500001,0.00671461536500001,TRUE,1.00064590107392,4894.58241901342,7554.59212960778
110,"mu_lambda","lambda",0.0182,0.0202185008206695,0.0198881785,0.005156669575,0.0362916999,0.0020185008206695,0.0020185008206695,TRUE,1.00012567858773,10232.0572200722,6197.57216099354
110,"mu_delta","delta",1.08,0.956302961905,0.9527776,0.783541382,1.139607585,-0.123697038095,0.123697038095,TRUE,1.00136464033372,4172.40910648203,6024.00167715143
110,"mu_eta","eta",-0.219,-0.307759939697417,-0.308066595,-0.428226726,-0.1867287975,-0.0887599396974167,0.0887599396974167,TRUE,1.00007507365891,4033.20815067536,6281.68729154326
111,"mu_alpha","alpha",3.47,3.52522856555833,3.51390845,3.019952125,4.07517909,0.0552285655583331,0.0552285655583331,TRUE,1.00218971259314,3147.26678793901,4761.1340541336
111,"mu_beta","beta",0.394,0.382672187840083,0.38256417,0.2756146515,0.492008364,-0.0113278121599167,0.0113278121599167,TRUE,1.00084828774506,3203.3793611501,5156.23946869866
111,"mu_lambda","lambda",0.0182,0.0168784565173141,0.0160985155,0.0036452191,0.03293066885,-0.00132154348268592,0.00132154348268592,TRUE,1.00097992897106,6964.36600890423,5864.2930826483
111,"mu_delta","delta",1.08,0.993447618896,0.99088861,0.6866159925,1.31080012,-0.0865523811040001,0.0865523811040001,TRUE,1.00727693195395,1712.80797150322,4099.00352473353
111,"mu_eta","eta",-0.219,-0.199172140381255,-0.197736185,-0.310339703,-0.0908584669,0.0198278596187446,0.0198278596187446,TRUE,1.04221736962446,75.6769784763449,186.261054422022
112,"mu_alpha","alpha",1.57,1.44355619005667,1.44055405,1.23318924,1.663085845,-0.126443809943333,0.126443809943333,TRUE,1.00035237760234,8517.89210608612,9263.54042258998
112,"mu_beta","beta",0.67,0.633875373783333,0.63303857,0.5046681525,0.765674296,-0.0361246262166667,0.0361246262166667,TRUE,1.00077448914731,4050.81005892848,6035.1654659808
112,"mu_lambda","lambda",0.0182,0.0350262738396692,0.035306347,0.01629573855,0.05282878075,0.0168262738396692,0.0168262738396692,TRUE,1.00027625964831,10564.5757378511,6046.98233343274
112,"mu_delta","delta",1.08,1.06237417636667,1.05477315,0.9192817665,1.22747563,-0.0176258236333333,0.0176258236333333,TRUE,1.00093141720616,4612.15687886077,4420.16083691465
112,"mu_eta","eta",-0.219,-0.180118139686028,-0.17978483,-0.3131426365,-0.0459684563,0.038881860313972,0.038881860313972,TRUE,1.00085673056161,4528.91228931444,6672.300261122
113,"mu_alpha","alpha",2.47,2.69931524204167,2.6898305,2.28567734,3.143621655,0.229315242041666,0.229315242041666,TRUE,1.00084968542478,3483.14129199753,6151.91450351063
113,"mu_beta","beta",0.67,0.707219151865833,0.70541957,0.586317988,0.833877305,0.0372191518658332,0.0372191518658332,TRUE,1.00158209985928,3394.14349844879,6326.72290949348
113,"mu_lambda","lambda",0.0182,0.0161414511375128,0.0157207175,0.00349685562,0.0299300289,-0.00205854886248715,0.00205854886248715,TRUE,1.00054785515674,7246.29636581103,5172.77004142062
113,"mu_delta","delta",1.08,1.03094109048583,1.0219378,0.857240071,1.23661364,-0.0490589095141667,0.0490589095141667,TRUE,1.0005336179892,3342.02493004462,4839.79500383797
113,"mu_eta","eta",-0.219,-0.21390647852175,-0.214615075,-0.2936508015,-0.1315946365,0.00509352147825001,0.00509352147825001,TRUE,1.000757542274,3961.8298307156,5588.0170318933
114,"mu_alpha","alpha",3.47,3.62067040569167,3.6135876,3.09738297,4.155445755,0.150670405691666,0.150670405691666,TRUE,1.00090553844449,3621.71210179252,5964.18773403836
114,"mu_beta","beta",0.67,0.619432247651667,0.61711805,0.5096307945,0.737823614,-0.0505677523483333,0.0505677523483333,TRUE,1.00059784993646,4137.28729110668,5723.34835415998
114,"mu_lambda","lambda",0.0182,0.0280566641190033,0.028121053,0.0157047833,0.0403238895,0.00985666411900333,0.00985666411900333,TRUE,1.00054331532889,11349.22071545,5996.40461252962
114,"mu_delta","delta",1.08,1.12999450452,1.11398295,0.9317622545,1.377576395,0.0499945045199999,0.0499945045199999,TRUE,1.00236270865156,857.747067093468,2154.47441752433
114,"mu_eta","eta",-0.219,-0.25374601250435,-0.25373241,-0.3638748195,-0.1449983715,-0.03474601250435,0.03474601250435,TRUE,1.00221507730797,1331.97979503744,3602.69411082529
115,"mu_alpha","alpha",1.57,1.25461249144,1.251655,1.00643768,1.50387711,-0.31538750856,0.31538750856,FALSE,1.00085394681238,4429.35183471593,6382.22665305754
115,"mu_beta","beta",0.947,0.9631866757375,0.96136736,0.85519983,1.078762215,0.0161866757375001,0.0161866757375001,TRUE,1.00066253726507,4343.29747254319,5435.83501537555
115,"mu_lambda","lambda",0.0182,0.0254158681885467,0.0254759105,0.009512703485,0.04076082355,0.00721586818854666,0.00721586818854666,TRUE,1.00094956964391,6668.09553877259,4229.69135496583
115,"mu_delta","delta",1.08,1.22059954920167,1.1814182,0.9693130435,1.6059972,0.140599549201667,0.140599549201667,TRUE,1.03068568156872,122.24804695568,341.065051422786
115,"mu_eta","eta",-0.219,-0.242086955419484,-0.243596545,-0.3761009825,-0.1020983315,-0.0230869554194842,0.0230869554194842,TRUE,1.01565032713388,441.481407276385,2051.29878201973
116,"mu_alpha","alpha",2.47,2.63015536245833,2.6246719,2.242214345,3.02884426,0.160155362458333,0.160155362458333,TRUE,1.00020443435608,4508.27395419214,7035.47425712223
116,"mu_beta","beta",0.947,0.95909156451,0.95656967,0.832659922,1.096088755,0.01209156451,0.01209156451,TRUE,1.00053686580033,4886.12687954232,7088.70959822934
116,"mu_lambda","lambda",0.0182,0.015782024720579,0.0155746935,0.00360953339,0.02899487875,-0.002417975279421,0.002417975279421,TRUE,1.00024083303297,8102.10323105533,5725.0858902303
116,"mu_delta","delta",1.08,0.9273906989775,0.9172802,0.7529780785,1.13388462,-0.1526093010225,0.1526093010225,TRUE,1.02318807518163,198.818815898395,130.429683647436
116,"mu_eta","eta",-0.219,-0.232030948369667,-0.231461925,-0.349283187,-0.117407945,-0.0130309483696667,0.0130309483696667,TRUE,1.02935681278843,143.191068289124,2073.62168188714
117,"mu_alpha","alpha",3.47,3.273751007475,3.26749285,2.86039123,3.716508495,-0.196248992525,0.196248992525,TRUE,1.0003369692204,4953.10836555412,7139.1994432421
117,"mu_beta","beta",0.947,0.873047935215833,0.872358035,0.772651356,0.9766693275,-0.0739520647841666,0.0739520647841666,TRUE,1.00080051410221,7532.61675548573,8158.9954950239
117,"mu_lambda","lambda",0.0182,0.0189913141469531,0.019049892,0.00669622547,0.03103877945,0.000791314146953083,0.000791314146953083,TRUE,1.0003190890823,8505.2688718678,4712.07969947681
117,"mu_delta","delta",1.08,0.924487791488333,0.905980895,0.7407693545,1.174307415,-0.155512208511667,0.155512208511667,TRUE,1.00011583014701,2304.2598258366,2770.0480474103
117,"mu_eta","eta",-0.219,-0.294546975288333,-0.294276195,-0.3948836855,-0.191977859,-0.0755469752883333,0.0755469752883333,TRUE,1.00180173901979,2750.62295497367,4733.93685239082
118,"mu_alpha","alpha",1.57,1.66154936400333,1.65805155,1.385345135,1.94862863,0.0915493640033334,0.0915493640033334,TRUE,1.00028892435546,6724.992379557,8359.4681132967
118,"mu_beta","beta",0.394,0.4110732026975,0.410748325,0.3033437555,0.5186532965,0.0170732026975,0.0170732026975,TRUE,1.00094341867842,5253.4868217598,7180.09947115967
118,"mu_lambda","lambda",0.0743,0.0624786355846917,0.062383836,0.03556266845,0.08948322535,-0.0118213644153083,0.0118213644153083,TRUE,1.00005701338436,10334.8088427008,7197.90976122103
118,"mu_delta","delta",1.08,1.07736518907333,1.07032725,0.946719636,1.231356525,-0.00263481092666673,0.00263481092666673,TRUE,0.999984527137486,5170.81309801851,5821.153771946
118,"mu_eta","eta",-0.219,-0.245873091278949,-0.24688034,-0.3626823255,-0.1262791195,-0.0268730912789492,0.0268730912789492,TRUE,1.00056025398988,6673.96654965602,8137.54695390345
119,"mu_alpha","alpha",2.47,2.33979732809167,2.3313033,1.951636495,2.751793655,-0.130202671908334,0.130202671908334,TRUE,1.00074113646531,3384.86564107303,5148.79178665386
119,"mu_beta","beta",0.394,0.35098499582425,0.34982723,0.2359062635,0.4688672285,-0.04301500417575,0.04301500417575,TRUE,1.00120900448703,2785.33459332419,5215.15051411144
119,"mu_lambda","lambda",0.0743,0.0424050627998567,0.0410732805,0.01481810495,0.07520207885,-0.0318949372001433,0.0318949372001433,TRUE,1.00022138915686,5183.97378472675,5881.90933672835
119,"mu_delta","delta",1.08,1.0484838370575,1.03600735,0.845337874,1.290335685,-0.0315161629425,0.0315161629425,TRUE,1.00119879527226,2101.82203088834,3850.37816298729
119,"mu_eta","eta",-0.219,-0.172622937900989,-0.17178272,-0.2794584645,-0.06817919735,0.0463770620990108,0.0463770620990108,TRUE,1.00018383691392,3623.04285630595,6268.33180178622
120,"mu_alpha","alpha",3.47,3.23044793388333,3.2231623,2.88770146,3.602923045,-0.239552066116667,0.239552066116667,TRUE,1.00034148282,6664.19783931254,7582.37049767272
120,"mu_beta","beta",0.394,0.576707814321667,0.57531421,0.4726753515,0.6859317155,0.182707814321667,0.182707814321667,FALSE,1.00056836988694,5254.65218110926,6992.6127144617
120,"mu_lambda","lambda",0.0743,0.053993256827375,0.0534149295,0.02951649995,0.07970704905,-0.020306743172625,0.020306743172625,TRUE,0.99990558881292,6145.55442387622,6704.21204397127
120,"mu_delta","delta",1.08,1.0233067175325,1.0190066,0.964095957,1.097418635,-0.0566932824675002,0.0566932824675002,TRUE,1.00055871243498,5777.16258753061,5657.38398881224
120,"mu_eta","eta",-0.219,-0.304670374501583,-0.304575,-0.409051337,-0.2004856375,-0.0856703745015834,0.0856703745015834,TRUE,1.0009955263009,3786.22822365859,5739.53289693141
121,"mu_alpha","alpha",1.57,1.42615410108917,1.41775555,1.10654478,1.77859749,-0.143845898910833,0.143845898910833,TRUE,1.00137719771413,4694.56845816418,6651.88915720159
121,"mu_beta","beta",0.67,0.66616328916,0.66419956,0.5580961,0.7786071275,-0.00383671084000003,0.00383671084000003,TRUE,1.00037155839395,5606.18929094002,7594.36049419426
121,"mu_lambda","lambda",0.0743,0.0593557083828583,0.0590891395,0.0327123452,0.08660790635,-0.0149442916171417,0.0149442916171417,TRUE,0.999895776347337,9078.20138833852,8320.49761311622
121,"mu_delta","delta",1.08,0.957202521715,0.952637785,0.8030497205,1.124120885,-0.122797478285,0.122797478285,TRUE,1.00062018347573,2971.1685506486,5085.13530000946
121,"mu_eta","eta",-0.219,-0.051698781725611,-0.051407885,-0.1682243345,0.06289793055,0.167301218274389,0.167301218274389,FALSE,1.00045324033623,4281.85742125404,5898.59544273322
122,"mu_alpha","alpha",2.47,2.05235818644167,2.0435893,1.68030346,2.44115334,-0.417641813558334,0.417641813558334,FALSE,1.00155399126446,3738.83214533658,5519.01105500837
122,"mu_beta","beta",0.67,0.6879399072075,0.686506175,0.59916054,0.780046988,0.0179399072074999,0.0179399072074999,TRUE,1.00011728120737,6253.34581026989,7562.67114775771
122,"mu_lambda","lambda",0.0743,0.0906451791815833,0.0897572835,0.058247451,0.124676943,0.0163451791815833,0.0163451791815833,TRUE,1.00026267226207,4547.84618474128,6102.44500952408
122,"mu_delta","delta",1.08,1.244210670685,1.2225496,1.017983125,1.54284576,0.164210670685,0.164210670685,TRUE,1.00483156188855,772.270841877777,3831.54939053786
122,"mu_eta","eta",-0.219,-0.264614416204417,-0.26467258,-0.3851647745,-0.1421965995,-0.0456144162044167,0.0456144162044167,TRUE,1.00773442597695,594.303166307224,3388.94859006857
123,"mu_alpha","alpha",3.47,3.30491049604167,3.29772135,2.97462295,3.66869718,-0.165089503958333,0.165089503958333,TRUE,1.00035920258623,7177.23167816527,7762.33059216688
123,"mu_beta","beta",0.67,0.761398240890833,0.76008591,0.651443794,0.8746462405,0.0913982408908333,0.0913982408908333,TRUE,0.999947163543503,6147.31463657131,7622.29792880537
123,"mu_lambda","lambda",0.0743,0.0757876932738333,0.075943075,0.05704393005,0.09404233445,0.00148769327383333,0.00148769327383333,TRUE,1.00083594246714,6849.14097799753,7298.70512837893
123,"mu_delta","delta",1.08,1.01213485195167,1.0101973,0.794433585,1.23851939,-0.0678651480483334,0.0678651480483334,TRUE,1.00065329757445,3698.56478479633,5157.17133956026
123,"mu_eta","eta",-0.219,-0.160799182154832,-0.16044195,-0.224516942,-0.09698032835,0.0582008178451683,0.0582008178451683,TRUE,1.00063752534595,5735.10748317919,7926.65862654869
124,"mu_alpha","alpha",1.57,1.67022600559667,1.6650775,1.371525395,1.989158215,0.100226005596667,0.100226005596667,TRUE,1.00088714349859,5068.86630718093,6680.59604307925
124,"mu_beta","beta",0.947,0.983952103995,0.98228444,0.878045059,1.09733194,0.036952103995,0.036952103995,TRUE,1.00068814631178,6168.58760463397,7576.94218122917
124,"mu_lambda","lambda",0.0743,0.0631876448009167,0.062452559,0.03867953045,0.0905733036,-0.0111123551990833,0.0111123551990833,TRUE,1.0006014383728,5868.23450320849,7206.48256113854
124,"mu_delta","delta",1.08,1.26064510771583,1.24771685,1.033027455,1.53462973,0.180645107715833,0.180645107715833,TRUE,1.00149645977272,3875.46501224909,4893.03806265051
124,"mu_eta","eta",-0.219,-0.216621909915409,-0.218482075,-0.3427119175,-0.08320074365,0.00237809008459083,0.00237809008459083,TRUE,1.00182072772842,2831.55265282009,5147.82147054222
125,"mu_alpha","alpha",2.47,2.37013276013333,2.36613855,2.074335305,2.68217294,-0.0998672398666667,0.0998672398666667,TRUE,1.00012009706128,6872.75515343137,7092.81686817609
125,"mu_beta","beta",0.947,1.08910889961083,1.0870153,0.960879363,1.225409565,0.142108899610833,0.142108899610833,FALSE,1.00046798972687,5920.26692456643,6911.59459986574
125,"mu_lambda","lambda",0.0743,0.0737596259935833,0.0737175435,0.05906423685,0.0880818881,-0.000540374006416669,0.000540374006416669,TRUE,1.00021043326245,10368.1567799415,6809.57045764777
125,"mu_delta","delta",1.08,0.980543084625,0.960016475,0.815341969,1.220233935,-0.0994569153750001,0.0994569153750001,TRUE,1.04437755118237,70.2771617561721,110.147965354651
125,"mu_eta","eta",-0.219,-0.2788089416835,-0.278395075,-0.375886649,-0.1819631455,-0.0598089416835,0.0598089416835,TRUE,1.02230161469839,216.824966932697,2865.63057043601
126,"mu_alpha","alpha",3.47,3.76442041663333,3.7542563,3.20649046,4.35668916,0.294420416633333,0.294420416633333,TRUE,1.000302434366,4366.71134418305,5339.70272376008
126,"mu_beta","beta",0.947,0.99732062303,0.99496289,0.872324092,1.128270355,0.0503206230300001,0.0503206230300001,TRUE,1.00028332270263,4998.32306724222,6532.31274185607
126,"mu_lambda","lambda",0.0743,0.0895097565009167,0.088740859,0.06274682695,0.1196135535,0.0152097565009167,0.0152097565009167,TRUE,1.00051442401404,3482.43499895951,4923.76249916091
126,"mu_delta","delta",1.08,1.28582784842,1.27641745,1.096678095,1.50649678,0.20582784842,0.20582784842,FALSE,1.00051869360148,3951.54814257794,4980.02657395685
126,"mu_eta","eta",-0.219,-0.184620340771368,-0.187346225,-0.350875477,-0.00831975991500002,0.0343796592286318,0.0343796592286318,TRUE,1.00159905990021,2405.59685037518,4211.77374530845
127,"mu_alpha","alpha",1.57,1.801116546375,1.79668785,1.493611025,2.11648216,0.231116546375,0.231116546375,TRUE,1.00048042484721,5416.44859175352,7299.41384822274
127,"mu_beta","beta",0.394,0.454221806773333,0.453529805,0.350469285,0.5595614125,0.0602218067733333,0.0602218067733333,TRUE,1.0014639692733,4302.45531038301,6577.33875783382
127,"mu_lambda","lambda",0.164,0.208049524551083,0.20670576,0.160089315,0.2597361435,0.0440495245510833,0.0440495245510833,TRUE,1.0003773202853,4375.79024585077,6540.78838091426
127,"mu_delta","delta",1.08,1.19978641604917,1.19968785,1.00650287,1.39438938,0.119786416049167,0.119786416049167,TRUE,1.00050189009641,3593.16891610812,5017.64690970049
127,"mu_eta","eta",-0.219,-0.254087971631953,-0.256582595,-0.395182736,-0.105632864,-0.0350879716319533,0.0350879716319533,TRUE,1.00154345765092,4049.87713833633,6181.95380278531
128,"mu_alpha","alpha",2.47,2.6250522315,2.61748225,2.240180065,3.035221545,0.1550522315,0.1550522315,TRUE,1.00156031772491,3454.12245137204,6027.23117647591
128,"mu_beta","beta",0.394,0.483255011533333,0.482212985,0.375751565,0.5929383565,0.0892550115333333,0.0892550115333333,TRUE,1.00109475384695,3717.61187574832,5855.16933873463
128,"mu_lambda","lambda",0.164,0.164204258365833,0.163777555,0.142002796,0.188327113,0.000204258365833321,0.000204258365833321,TRUE,1.00003941738769,8577.14230906478,8436.41271393853
128,"mu_delta","delta",1.08,1.04206391579333,1.0391817,0.792124155,1.30160954,-0.0379360842066667,0.0379360842066667,TRUE,1.00047453262243,2652.60378182053,4789.89653173451
128,"mu_eta","eta",-0.219,-0.159877536002633,-0.15881343,-0.2412689575,-0.08290907055,0.0591224639973667,0.0591224639973667,TRUE,1.00045560498713,4627.22623993074,5573.93084146454
129,"mu_alpha","alpha",3.47,3.370921172625,3.3648645,3.028338295,3.730963315,-0.0990788273750001,0.0990788273750001,TRUE,1.00063040583946,5238.16646956902,6270.99159449994
129,"mu_beta","beta",0.394,0.322801028457583,0.32115061,0.238836941,0.4110151385,-0.0711989715424167,0.0711989715424167,TRUE,1.00008801484264,5875.5669690129,6995.21649589618
129,"mu_lambda","lambda",0.164,0.1744079713685,0.174199285,0.14238968,0.208079828,0.0104079713685,0.0104079713685,TRUE,1.00083077517274,3891.75630412196,5556.03288607565
129,"mu_delta","delta",1.08,1.04672967247583,1.0387399,0.7919776805,1.325286815,-0.0332703275241668,0.0332703275241668,TRUE,1.00166472460692,1929.43373114623,3239.27228784466
129,"mu_eta","eta",-0.219,-0.192233181037781,-0.19105638,-0.3023843845,-0.0863853653000001,0.0267668189622194,0.0267668189622194,TRUE,1.00484862276878,2149.50311344857,3803.14140593911
130,"mu_alpha","alpha",1.57,1.59971328252833,1.5970234,1.31998683,1.893623835,0.0297132825283333,0.0297132825283333,TRUE,1.00014393128357,5954.40259544898,7142.76360847124
130,"mu_beta","beta",0.67,0.653950331955,0.65443501,0.528268063,0.7795108365,-0.0160496680450001,0.0160496680450001,TRUE,1.00176749897544,3913.71636827622,5856.40399310887
130,"mu_lambda","lambda",0.164,0.2220926531975,0.22118405,0.184783621,0.262926914,0.0580926531975,0.0580926531975,FALSE,1.00012043011752,6055.97114204786,7205.23378115504
130,"mu_delta","delta",1.08,1.02042274805917,1.0135232,0.8963998465,1.16897014,-0.0595772519408333,0.0595772519408333,TRUE,1.00069210267677,3451.68717662142,5391.66610459931
130,"mu_eta","eta",-0.219,-0.238377382424242,-0.238772085,-0.358026407,-0.114427685,-0.0193773824242417,0.0193773824242417,TRUE,1.00087636565467,4965.20624841191,6540.27593921288
131,"mu_alpha","alpha",2.47,2.558685206425,2.555589,2.301510595,2.829439185,0.0886852064249997,0.0886852064249997,TRUE,1.00085907037766,8099.31874386871,7997.88240507865
131,"mu_beta","beta",0.67,0.7356402210075,0.735035845,0.640977688,0.8333182695,0.0656402210075,0.0656402210075,TRUE,1.00016986173848,5707.19703753332,7303.21315089929
131,"mu_lambda","lambda",0.164,0.15629547572575,0.15591034,0.1224009705,0.191849744,-0.00770452427425,0.00770452427425,TRUE,1.00034091936672,3230.61868360228,5430.09464147639
131,"mu_delta","delta",1.08,1.04251150672333,1.040298,0.7546619005,1.33448923,-0.0374884932766668,0.0374884932766668,TRUE,1.00113649551168,2466.60326075466,4475.24871635634
131,"mu_eta","eta",-0.219,-0.127765439526169,-0.128119405,-0.245029741,-0.00986425609000008,0.0912345604738307,0.0912345604738307,TRUE,1.00097537185056,2821.85502062267,4136.36608156882
132,"mu_alpha","alpha",3.47,4.05837284424167,4.04946185,3.5734928,4.557774185,0.588372844241667,0.588372844241667,FALSE,1.00022741185078,7910.35014152566,7930.4550609303
132,"mu_beta","beta",0.67,0.687214934863333,0.685593725,0.579938985,0.7986610065,0.0172149348633333,0.0172149348633333,TRUE,1.00040822579009,8407.5800099109,7630.50833623948
132,"mu_lambda","lambda",0.164,0.210720014901667,0.20972097,0.1720447765,0.2523839115,0.0467200149016667,0.0467200149016667,FALSE,1.00057575840129,4493.70877773424,6187.30183872812
132,"mu_delta","delta",1.08,1.03801527906083,1.0304007,0.844488756,1.26365155,-0.0419847209391668,0.0419847209391668,TRUE,1.00058480060828,4544.58965780349,5891.40197926544
132,"mu_eta","eta",-0.219,-0.153911326255117,-0.15363285,-0.2685402125,-0.03938202205,0.0650886737448833,0.0650886737448833,TRUE,1.00145776186936,4741.79445535527,6285.09066069345
133,"mu_alpha","alpha",1.57,1.6831051433675,1.67869045,1.297054005,2.08612065,0.1131051433675,0.1131051433675,TRUE,1.00120407135725,3680.1160247035,6229.93920201671
133,"mu_beta","beta",0.947,1.0141339123,1.0116755,0.888660617,1.14790241,0.0671339123,0.0671339123,TRUE,1.00169596315334,4597.17667593301,6389.74722235228
133,"mu_lambda","lambda",0.164,0.194571986926667,0.19388649,0.156791301,0.2351728335,0.0305719869266667,0.0305719869266667,TRUE,1.00067775074701,3250.40186510996,5355.73467808467
133,"mu_delta","delta",1.08,0.934198984793333,0.928022115,0.700919594,1.186902485,-0.145801015206667,0.145801015206667,TRUE,1.0012466265135,2608.60326658773,3908.55785839522
133,"mu_eta","eta",-0.219,-0.17395018464756,-0.17423331,-0.2962438525,-0.0512588806500001,0.0450498153524396,0.0450498153524396,TRUE,1.00049629239424,3077.92674636947,5285.14627058096
134,"mu_alpha","alpha",2.47,2.41597367363333,2.40983845,2.063343595,2.79281906,-0.0540263263666669,0.0540263263666669,TRUE,1.0006725290907,5594.67404756849,7228.23102121922
134,"mu_beta","beta",0.947,0.920349731013333,0.918865145,0.8300263055,1.01620788,-0.0266502689866667,0.0266502689866667,TRUE,1.00027543424027,8079.75707190545,8406.86411454272
134,"mu_lambda","lambda",0.164,0.168277263041833,0.167421895,0.130357788,0.210335149,0.00427726304183332,0.00427726304183332,TRUE,1.00225766122298,3460.82880547173,4639.38269504845
134,"mu_delta","delta",1.08,0.945927751533333,0.93612264,0.8093952405,1.121410065,-0.134072248466667,0.134072248466667,TRUE,1.00181937523438,2186.25511969439,1578.17098940373
134,"mu_eta","eta",-0.219,-0.0943109342946326,-0.095592905,-0.205316466,0.01906377675,0.124689065705367,0.124689065705367,FALSE,1.00126408233347,3266.227597327,5172.53246728371
135,"mu_alpha","alpha",3.47,3.62131153580833,3.61504435,3.26190782,4.004046275,0.151311535808333,0.151311535808333,TRUE,0.999994271066828,6975.74347976734,6512.75663802489
135,"mu_beta","beta",0.947,1.00821960429583,1.00676205,0.8947499575,1.128162435,0.0612196042958334,0.0612196042958334,TRUE,1.00043185140032,7097.60308670581,7634.00694713109
135,"mu_lambda","lambda",0.164,0.186641119179167,0.18575686,0.1527034965,0.2226708975,0.0226411191791667,0.0226411191791667,TRUE,1.00088213225988,3303.49592138062,5312.58714400826
135,"mu_delta","delta",1.08,1.09358215493833,1.0828884,0.849952143,1.377944285,0.0135821549383333,0.0135821549383333,TRUE,1.00061663559034,3056.41035087422,4365.84051298167
135,"mu_eta","eta",-0.219,-0.119470688017983,-0.12050266,-0.210813339,-0.02402376945,0.0995293119820172,0.0995293119820172,FALSE,1.00029255970303,3964.00329407559,5249.6108625374
136,"mu_alpha","alpha",1.57,1.6864144179925,1.67937425,1.39527802,1.995352225,0.1164144179925,0.1164144179925,TRUE,1.00065479824868,4472.56559530423,6443.20863510165
136,"mu_beta","beta",0.394,0.423133252019167,0.42130385,0.318293087,0.5324656685,0.0291332520191667,0.0291332520191667,TRUE,1.00065534854973,3648.30472385422,5934.47215540224
136,"mu_lambda","lambda",0.0182,0.0214106552330083,0.021074274,0.004823811585,0.03896141215,0.00321065523300829,0.00321065523300829,TRUE,0.999912079005278,8519.33361945272,5102.8284084327
136,"mu_delta","delta",1.3,1.38033853845583,1.369578,1.130109295,1.66870099,0.0803385384558333,0.0803385384558333,TRUE,1.00592741318755,846.816522502716,2017.20339392445
136,"mu_eta","eta",-0.219,-0.207840853074135,-0.208627745,-0.336163656,-0.0749666929,0.011159146925865,0.011159146925865,TRUE,1.00170394333725,3200.44516954657,5605.29968149247
137,"mu_alpha","alpha",2.47,2.60137300505,2.59865515,2.323304965,2.88352255,0.13137300505,0.13137300505,TRUE,1.00096322259865,6065.97812461372,7941.37595399775
137,"mu_beta","beta",0.394,0.4650292486625,0.46487426,0.370779813,0.5592536535,0.0710292486625,0.0710292486625,TRUE,1.00081309154278,4265.66507330503,6851.20280400763
137,"mu_lambda","lambda",0.0182,0.0528446930564167,0.0529832135,0.03676415415,0.06841634785,0.0346446930564167,0.0346446930564167,FALSE,1.00019095741919,11605.7016905745,7208.91058646583
137,"mu_delta","delta",1.3,1.36319626617417,1.35791915,1.097049395,1.65001252,0.0631962661741665,0.0631962661741665,TRUE,1.00079735562879,1227.76075518471,4001.38340765868
137,"mu_eta","eta",-0.219,-0.241651264247933,-0.24333784,-0.370184192,-0.1095379685,-0.0226512642479325,0.0226512642479325,TRUE,1.0011023555855,1303.5846141244,3603.84435723007
138,"mu_alpha","alpha",3.47,3.34974027636667,3.3437563,3.03851307,3.679303875,-0.120259723633334,0.120259723633334,TRUE,1.00024490962366,7868.18629962322,8195.56024017237
138,"mu_beta","beta",0.394,0.415379226399167,0.4150009,0.3393704465,0.493758988,0.0213792263991667,0.0213792263991667,TRUE,0.999843019238011,7295.07729145609,7737.74357916968
138,"mu_lambda","lambda",0.0182,0.0206734851465442,0.0203691045,0.00689772176,0.0351961954,0.00247348514654417,0.00247348514654417,TRUE,1.00029858047844,9191.29485270079,6952.35061882364
138,"mu_delta","delta",1.3,1.41483282663333,1.4115253,1.234167815,1.60083362,0.114832826633333,0.114832826633333,TRUE,1.00216847338269,3038.45401667911,4316.08214169341
138,"mu_eta","eta",-0.219,-0.104449433226489,-0.10711665,-0.233630016,0.0344930314,0.114550566773511,0.114550566773511,TRUE,1.00098026967201,2758.19362833052,5037.41602203882
139,"mu_alpha","alpha",1.57,1.80379283445,1.79691435,1.526558155,2.11277676,0.23379283445,0.23379283445,TRUE,1.00130852013381,4042.30194620388,6219.97930228835
139,"mu_beta","beta",0.67,0.700222297461667,0.69921861,0.596674171,0.8082376725,0.0302222974616666,0.0302222974616666,TRUE,1.000657067402,3849.02909279119,6110.34654063942
139,"mu_lambda","lambda",0.0182,0.033207705551005,0.0333720465,0.01868993135,0.047606477,0.015007705551005,0.015007705551005,FALSE,1.00010677981011,8763.17345720138,4692.0467901965
139,"mu_delta","delta",1.3,1.33392285272,1.3219051,1.10355437,1.62371926,0.03392285272,0.03392285272,TRUE,1.01476717122777,488.873107457317,1558.06618248453
139,"mu_eta","eta",-0.219,-0.298676832202664,-0.30041236,-0.454671427,-0.1377344665,-0.0796768322026642,0.0796768322026642,TRUE,1.00124300727366,1882.52303277322,3869.84901269156
140,"mu_alpha","alpha",2.47,2.28795932394167,2.28425665,2.01533531,2.57798714,-0.182040676058334,0.182040676058334,TRUE,1.00025206545109,6640.710572962,7681.97203088189
140,"mu_beta","beta",0.67,0.745000346423333,0.743340655,0.643031099,0.8513840565,0.0750003464233333,0.0750003464233333,TRUE,1.0009447264848,5873.03445469622,7109.86562126863
140,"mu_lambda","lambda",0.0182,0.0128484439175886,0.012346903,0.00205629318,0.02550462515,-0.00535155608241139,0.00535155608241139,TRUE,1.00020056103765,10516.5766236715,5919.83732626384
140,"mu_delta","delta",1.3,1.27047106880583,1.25489145,1.038647785,1.55822869,-0.0295289311941667,0.0295289311941667,TRUE,1.00026534959125,4496.35988198617,5358.88056074733
140,"mu_eta","eta",-0.219,-0.0703101725150599,-0.071642913,-0.1491727345,0.01188720085,0.14868982748494,0.14868982748494,FALSE,1.00015930686106,5382.15786948286,7116.29012256452
141,"mu_alpha","alpha",3.47,3.44337015641667,3.43690525,3.04385047,3.87486648,-0.0266298435833336,0.0266298435833336,TRUE,1.00060042428433,4418.88665562256,6441.633722539
141,"mu_beta","beta",0.67,0.726742948965,0.725019755,0.6064096825,0.8538920755,0.056742948965,0.056742948965,TRUE,1.00001040910432,2974.55531223904,5280.26723678524
141,"mu_lambda","lambda",0.0182,0.00797685488833826,0.00708334575,0.000777670435,0.0182289847,-0.0102231451116617,0.0102231451116617,TRUE,0.999991383021579,8534.1029254714,5673.02925144843
141,"mu_delta","delta",1.3,1.4882066046175,1.47231585,1.203873505,1.82802033,0.1882066046175,0.1882066046175,TRUE,1.01784997780545,203.141294275238,523.632858362395
141,"mu_eta","eta",-0.219,-0.236868391604367,-0.23516486,-0.3353972945,-0.1434676535,-0.0178683916043667,0.0178683916043667,TRUE,1.00348968642943,598.73119810567,1402.55327551391
142,"mu_alpha","alpha",1.57,1.72965558334,1.7258106,1.444629035,2.03038086,0.15965558334,0.15965558334,TRUE,1.00067711715539,3970.84481634805,5416.54620968981
142,"mu_beta","beta",0.947,0.86971677977,0.868121315,0.772082191,0.973264247,-0.07728322023,0.07728322023,TRUE,1.00007646617695,5543.54315889074,7256.59926001044
142,"mu_lambda","lambda",0.0182,0.0132427474843902,0.0124962375,0.00199253948,0.02748531345,-0.00495725251560985,0.00495725251560985,TRUE,1.00027199609851,7955.04925117574,6374.2824744541
142,"mu_delta","delta",1.3,1.14939773273333,1.13568245,0.9202331685,1.431135725,-0.150602267266667,0.150602267266667,TRUE,1.04883532150505,54.6324911438312,2129.20484323556
142,"mu_eta","eta",-0.219,-0.259871669847558,-0.2589799,-0.378555163,-0.1458428925,-0.0408716698475583,0.0408716698475583,TRUE,1.02436740658305,152.210601439589,2752.16268922735
143,"mu_alpha","alpha",2.47,2.402057086925,2.3934277,2.025494555,2.80540415,-0.067942913075,0.067942913075,TRUE,1.00133455599412,3072.06932106011,5273.82926063211
143,"mu_beta","beta",0.947,0.96287306065,0.96117171,0.846214003,1.08629168,0.01587306065,0.01587306065,TRUE,1.00147659321852,4386.47893779073,5445.54259324377
143,"mu_lambda","lambda",0.0182,0.0179323910652575,0.0176172515,0.004342911455,0.03267971275,-0.000267608934742501,0.000267608934742501,TRUE,1.00080031681016,6470.93726056959,5430.31816144455
143,"mu_delta","delta",1.3,1.2209241654725,1.2043971,1.088628075,1.41069932,-0.0790758345275,0.0790758345275,TRUE,1.00044243594199,3630.49610084794,3811.84407182988
143,"mu_eta","eta",-0.219,-0.144711290224042,-0.146222935,-0.219414132,-0.06488514415,0.0742887097759583,0.0742887097759583,TRUE,1.00041371468561,3335.53094345977,5189.07827077169
144,"mu_alpha","alpha",3.47,3.090663003325,3.08342645,2.78936294,3.418344955,-0.379336996675,0.379336996675,FALSE,1.00036652930718,6805.59487093722,6499.97298203355
144,"mu_beta","beta",0.947,1.00024799552083,0.998458995,0.8969480225,1.111758215,0.0532479955208335,0.0532479955208335,TRUE,1.00072123254766,6564.55097094964,7291.27534361301
144,"mu_lambda","lambda",0.0182,0.0303145578133675,0.0304466665,0.0138057339,0.0463686673,0.0121145578133675,0.0121145578133675,TRUE,1.00001864876597,7109.39624821012,5028.03879355259
144,"mu_delta","delta",1.3,1.24639863670583,1.2255873,1.06332697,1.49934273,-0.0536013632941668,0.0536013632941668,TRUE,1.00089135423152,2725.95464185626,3549.24721521568
144,"mu_eta","eta",-0.219,-0.198528815172092,-0.19869914,-0.279951172,-0.116097626,0.0204711848279083,0.0204711848279083,TRUE,1.00036767176747,3276.97426612612,5290.04401746977
145,"mu_alpha","alpha",1.57,1.51729286012417,1.50882905,1.22103576,1.843733905,-0.0527071398758334,0.0527071398758334,TRUE,1.00045475204722,5740.59884355174,7248.61833909096
145,"mu_beta","beta",0.394,0.479215806759167,0.478013295,0.4076477265,0.553903407,0.0852158067591666,0.0852158067591666,FALSE,1.00059393488852,9529.64890168749,8770.67342424357
145,"mu_lambda","lambda",0.0743,0.0710378694313267,0.071038343,0.04116757325,0.101425995,-0.00326213056867333,0.00326213056867333,TRUE,1.00030184572574,9197.0170607116,8279.08142680041
145,"mu_delta","delta",1.3,1.27543110561667,1.26938875,1.15660703,1.41055669,-0.0245688943833333,0.0245688943833333,TRUE,1.00024096259518,5831.40896504132,6641.02427284172
145,"mu_eta","eta",-0.219,-0.252440620810333,-0.252927635,-0.392527337,-0.1117152525,-0.0334406208103334,0.0334406208103334,TRUE,1.00017604039819,5153.50306924302,6439.44166105101
146,"mu_alpha","alpha",2.47,2.28663999101667,2.2818234,1.91177367,2.676845175,-0.183360008983334,0.183360008983334,TRUE,1.00092043866265,3285.08019877824,5039.13351822695
146,"mu_beta","beta",0.394,0.43134886817,0.430665325,0.3272893905,0.537989513,0.03734886817,0.03734886817,TRUE,1.0015855127683,3477.81515963194,5836.62715158026
146,"mu_lambda","lambda",0.0743,0.0555670423892583,0.054498931,0.02584986315,0.08805700815,-0.0187329576107417,0.0187329576107417,TRUE,1.00057442270891,4785.93907367553,5153.49822654421
146,"mu_delta","delta",1.3,1.60274746821333,1.6000144,1.34850296,1.864356005,0.302747468213333,0.302747468213333,FALSE,1.00054168288934,4310.07611854557,5326.40204805869
146,"mu_eta","eta",-0.219,-0.224663708428435,-0.22595553,-0.3519786885,-0.0944601439,-0.00566370842843497,0.00566370842843497,TRUE,1.00118143965992,2442.61347087874,5449.677826717
147,"mu_alpha","alpha",3.47,3.54548631415833,3.53875615,3.14350956,3.972469965,0.0754863141583333,0.0754863141583333,TRUE,1.00022577664614,6710.57566450776,7579.45664873691
147,"mu_beta","beta",0.394,0.418068383140833,0.417612285,0.356164116,0.4822924665,0.0240683831408333,0.0240683831408333,TRUE,1.00047813455341,11451.2373287244,8998.65876577032
147,"mu_lambda","lambda",0.0743,0.0777995855328333,0.0773060065,0.0501722529,0.1069205045,0.00349958553283333,0.00349958553283333,TRUE,1.00043302503522,5848.20344634979,7441.39480858242
147,"mu_delta","delta",1.3,1.24093603331833,1.228276,1.038274265,1.484379585,-0.0590639666816668,0.0590639666816668,TRUE,1.00020504611161,3515.75714058415,4094.26711039404
147,"mu_eta","eta",-0.219,-0.236298554908609,-0.23657482,-0.3470031755,-0.1233084935,-0.0172985549086092,0.0172985549086092,TRUE,1.00013714417269,3974.33792493849,6734.7699498385
148,"mu_alpha","alpha",1.57,1.404378042485,1.3994779,1.138678995,1.68640674,-0.165621957515,0.165621957515,TRUE,1.00176421129488,3943.92818807094,5854.6112266685
148,"mu_beta","beta",0.67,0.614157268256667,0.612700005,0.5266558745,0.7046040805,-0.0558427317433333,0.0558427317433333,TRUE,1.00031749398977,5058.18746911512,6044.38003344205
148,"mu_lambda","lambda",0.0743,0.0771496421173333,0.077111833,0.0488362047,0.106402867,0.00284964211733332,0.00284964211733332,TRUE,1.0003433589291,5305.0970681754,5665.83295602715
148,"mu_delta","delta",1.3,1.54133790114833,1.5419378,1.1867137,1.888759615,0.241337901148333,0.241337901148333,TRUE,1.01741352888094,267.322888017685,2396.38102825678
148,"mu_eta","eta",-0.219,-0.266115059743163,-0.265907595,-0.4103954665,-0.124114441,-0.0471150597431625,0.0471150597431625,TRUE,1.01888854015153,288.504777787527,516.948621365654
149,"mu_alpha","alpha",2.47,2.34880660111667,2.34364795,2.060395675,2.656580025,-0.121193398883333,0.121193398883333,TRUE,1.00124379030081,4740.03800836607,6953.94279818799
149,"mu_beta","beta",0.67,0.630933450067917,0.6302211,0.508991392,0.7535617865,-0.0390665499320834,0.0390665499320834,TRUE,1.00316046238337,2883.5514138337,5230.17015621969
149,"mu_lambda","lambda",0.0743,0.0852517839379167,0.0849584045,0.0579105533,0.112967792,0.0109517839379167,0.0109517839379167,TRUE,1.00009939171971,4157.4718972193,5328.03567557943
149,"mu_delta","delta",1.3,1.35836923509833,1.3418103,1.069226265,1.712790175,0.0583692350983334,0.0583692350983334,TRUE,1.08309853951343,33.8465045513202,618.32642430522
149,"mu_eta","eta",-0.219,-0.275647133637943,-0.27511591,-0.4302160225,-0.1267578695,-0.0566471336379434,0.0566471336379434,TRUE,1.06512935912545,43.0755567792707,2282.99031897557
150,"mu_alpha","alpha",3.47,3.615280316525,3.60376295,3.083233665,4.18683925,0.145280316525,0.145280316525,TRUE,1.00095100334231,4310.39719411354,6361.47284919352
150,"mu_beta","beta",0.67,0.598550687956667,0.597767495,0.5052077425,0.695794986,-0.0714493120433334,0.0714493120433334,TRUE,1.00077560613011,6467.34790093128,7734.64685463411
150,"mu_lambda","lambda",0.0743,0.0725539804510833,0.0723311445,0.04914703085,0.09701000715,-0.00174601954891668,0.00174601954891668,TRUE,1.0001102127816,5871.39627137486,7269.29357338577
150,"mu_delta","delta",1.3,1.13527509117,1.1189501,1.0358748,1.296548745,-0.16472490883,0.16472490883,FALSE,1.01108094983734,353.934005079381,107.275339444506
150,"mu_eta","eta",-0.219,-0.203101953012265,-0.20356723,-0.315077225,-0.0901856077000001,0.015898046987735,0.015898046987735,TRUE,1.00086353953636,3035.44335119958,5019.24974092805
151,"mu_alpha","alpha",1.57,1.45037586945,1.4454838,1.166485345,1.750252055,-0.11962413055,0.11962413055,TRUE,1.00198981596871,4748.80612340275,6697.80725137505
151,"mu_beta","beta",0.947,0.949877046673333,0.948062795,0.8334087595,1.07308697,0.00287704667333333,0.00287704667333333,TRUE,1.0011309649145,5328.55909149216,7070.53007443662
151,"mu_lambda","lambda",0.0743,0.0749416235783333,0.0745863905,0.0476337218,0.1036196835,0.000641623578333333,0.000641623578333333,TRUE,1.00029674528711,5733.22999225554,7477.5594336695
151,"mu_delta","delta",1.3,1.38375513002917,1.36315805,1.18749861,1.65946545,0.0837551300291666,0.0837551300291666,TRUE,1.000954433291,3041.41162879854,2607.16761355876
151,"mu_eta","eta",-0.219,-0.139472039292626,-0.14163833,-0.2469280925,-0.0252059055,0.079527960707374,0.079527960707374,TRUE,1.00075643693058,4089.50022572724,6073.88208644576
152,"mu_alpha","alpha",2.47,2.314466037125,2.30717955,2.015211335,2.63594191,-0.155533962875,0.155533962875,TRUE,1.00068483113931,5479.52140988338,6235.42573686384
152,"mu_beta","beta",0.947,0.938488667613333,0.93743509,0.832690864,1.048251065,-0.00851133238666657,0.00851133238666657,TRUE,1.00030085447032,6460.09066955587,7335.80817356871
152,"mu_lambda","lambda",0.0743,0.0834391141545833,0.0834531815,0.0646345585,0.101832366,0.00913911415458332,0.00913911415458332,TRUE,1.0003620010149,7739.05447454225,7350.70832598461
152,"mu_delta","delta",1.3,1.2590404140125,1.2489106,1.09373695,1.46928129,-0.0409595859875,0.0409595859875,TRUE,1.00068272774242,3920.51145776204,4019.94139989412
152,"mu_eta","eta",-0.219,-0.116670687667451,-0.116092515,-0.235160075,0.00157809120999978,0.102329312332549,0.102329312332549,TRUE,1.00096319898233,3376.77127017115,5172.00447050224
153,"mu_alpha","alpha",3.47,3.69000694868333,3.67823935,3.25823364,4.156240725,0.220006948683333,0.220006948683333,TRUE,1.00004455354253,8157.97868523524,8368.6383868947
153,"mu_beta","beta",0.947,1.03055248701417,1.0285581,0.8890010255,1.177986025,0.0835524870141667,0.0835524870141667,TRUE,1.00008923492644,6103.25382943566,7560.83893143885
153,"mu_lambda","lambda",0.0743,0.0575839497370833,0.057601578,0.0419590603,0.0729290485,-0.0167160502629167,0.0167160502629167,FALSE,1.00005976155875,10132.4465113264,7595.15634967965
153,"mu_delta","delta",1.3,1.33096790564167,1.32419385,1.052831285,1.6290652,0.0309679056416665,0.0309679056416665,TRUE,1.00107427445578,4992.60294414372,6952.75528634617
153,"mu_eta","eta",-0.219,-0.253843597971417,-0.25326524,-0.3640642625,-0.1457513415,-0.0348435979714166,0.0348435979714166,TRUE,1.00126021585395,2729.88168811364,5212.55346789332
154,"mu_alpha","alpha",1.57,1.35938190186833,1.35491825,1.110780665,1.62381051,-0.210618098131667,0.210618098131667,TRUE,1.0010293480935,5669.33061313771,6880.13727727327
154,"mu_beta","beta",0.394,0.45444914642,0.453945545,0.3439385565,0.566355819,0.06044914642,0.06044914642,TRUE,1.00164665253881,3692.69057481938,5289.98377231874
154,"mu_lambda","lambda",0.164,0.134102833373083,0.13357372,0.0907589863,0.179823274,-0.0298971666269167,0.0298971666269167,TRUE,1.00090648336826,4682.00362957145,6349.76496953856
154,"mu_delta","delta",1.3,1.48816945804583,1.4856589,1.242339905,1.753837085,0.188169458045833,0.188169458045833,TRUE,1.12549302181506,20.5409106264948,68.3674343983259
154,"mu_eta","eta",-0.219,-0.108112227274881,-0.113757145,-0.2825375445,0.0845190433,0.110887772725119,0.110887772725119,TRUE,1.0147356516276,789.957813824258,4600.2787717676
155,"mu_alpha","alpha",2.47,2.49017142093333,2.4855715,2.134248765,2.866318895,0.020171420933333,0.020171420933333,TRUE,1.0007104580781,4915.36371428031,7256.10667037345
155,"mu_beta","beta",0.394,0.312321989079833,0.311628815,0.2029449925,0.4238970525,-0.0816780109201667,0.0816780109201667,TRUE,1.00013408046297,4012.33864107127,5939.79626237352
155,"mu_lambda","lambda",0.164,0.168338337907833,0.16657392,0.1168744045,0.226024713,0.00433833790783333,0.00433833790783333,TRUE,1.00204307997729,3815.86492857388,6380.39332511076
155,"mu_delta","delta",1.3,1.44636617165,1.4366489,1.280533305,1.64588182,0.14636617165,0.14636617165,TRUE,1.00055505406214,5372.84569939164,6430.88329145375
155,"mu_eta","eta",-0.219,-0.155373064837527,-0.1576963,-0.255038024,-0.0449864349500001,0.0636269351624733,0.0636269351624733,TRUE,1.0000226864003,7125.79626014988,8055.59972473577
156,"mu_alpha","alpha",3.47,3.685373328675,3.6797718,3.42130123,3.967984835,0.215373328675,0.215373328675,TRUE,1.00065204288301,13108.0324461132,8488.69412085024
156,"mu_beta","beta",0.394,0.433159309520833,0.43252287,0.3157992675,0.5532499775,0.0391593095208333,0.0391593095208333,TRUE,1.00138552228853,5339.14712494518,6617.58552933178
156,"mu_lambda","lambda",0.164,0.184540372546667,0.18408108,0.1554317655,0.214596536,0.0205403725466667,0.0205403725466667,TRUE,1.00043123277232,5716.74830917424,7265.48183342816
156,"mu_delta","delta",1.3,1.26861605841,1.24210955,1.11689591,1.505428475,-0.0313839415900001,0.0313839415900001,TRUE,1.08341895317217,31.0909137516956,128.156183704074
156,"mu_eta","eta",-0.219,-0.223125716466212,-0.22244552,-0.3791979185,-0.0661921243000001,-0.00412571646621249,0.00412571646621249,TRUE,1.03106063325516,98.087495018792,1841.47151604103
157,"mu_alpha","alpha",1.57,1.45108802506583,1.44804595,1.12590175,1.78733799,-0.118911974934167,0.118911974934167,TRUE,1.00013178197188,3948.80592020912,6247.39140590099
157,"mu_beta","beta",0.67,0.862212348343333,0.86193152,0.761918686,0.965914067,0.192212348343333,0.192212348343333,FALSE,1.00022936851042,5524.99932512187,7140.71937378584
157,"mu_lambda","lambda",0.164,0.188296319521667,0.18783102,0.151445386,0.227237338,0.0242963195216667,0.0242963195216667,TRUE,1.00019199407239,3917.49738142757,6375.34170842898
157,"mu_delta","delta",1.3,1.28386127086667,1.26835485,1.06340506,1.559697245,-0.0161387291333335,0.0161387291333335,TRUE,1.00045963163946,2312.6508662884,4071.90547349591
157,"mu_eta","eta",-0.219,-0.2179748801849,-0.218650535,-0.3289819415,-0.1047236175,0.00102511981510001,0.00102511981510001,TRUE,1.00029150038845,3669.83992353542,6801.2176011369
158,"mu_alpha","alpha",2.47,2.50960601270833,2.5043896,2.212791095,2.829924005,0.0396060127083331,0.0396060127083331,TRUE,1.00062671962962,6754.51238343321,7918.25141210142
158,"mu_beta","beta",0.67,0.568496023724167,0.569226295,0.4541722585,0.685003118,-0.101503976275833,0.101503976275833,TRUE,1.00111590019516,4559.32971029848,6986.28031929241
158,"mu_lambda","lambda",0.164,0.17041598804425,0.16967258,0.1360446955,0.2073019545,0.00641598804425,0.00641598804425,TRUE,1.00027779102233,4608.2086586993,5860.71679364505
158,"mu_delta","delta",1.3,1.16278054305,1.1529035,0.960417761,1.401267655,-0.13721945695,0.13721945695,TRUE,1.00088455045579,2908.38799111884,4634.54382667383
158,"mu_eta","eta",-0.219,-0.2864646627503,-0.287136345,-0.382047674,-0.187662202,-0.0674646627503,0.0674646627503,TRUE,1.00041179016003,5567.83993553642,6936.3852481268
159,"mu_alpha","alpha",3.47,3.35123987800833,3.3421888,2.919704375,3.809643485,-0.118760121991667,0.118760121991667,TRUE,1.00044661497537,6377.61286080624,7328.35273038173
159,"mu_beta","beta",0.67,0.681864278935833,0.679873465,0.570159244,0.7992216965,0.0118642789358333,0.0118642789358333,TRUE,0.999814211216695,6741.97080495919,7544.28177741055
159,"mu_lambda","lambda",0.164,0.186074608198333,0.185296845,0.1473894555,0.227147633,0.0220746081983333,0.0220746081983333,TRUE,1.00111230882714,3639.23376912094,6126.87488516416
159,"mu_delta","delta",1.3,1.49665806596833,1.49751015,1.23630842,1.76710796,0.196658065968333,0.196658065968333,TRUE,1.00037595492662,4407.66532752998,5503.1534962996
159,"mu_eta","eta",-0.219,-0.29231054676075,-0.29310913,-0.3807623725,-0.2003769635,-0.07331054676075,0.07331054676075,TRUE,1.00052714982919,5017.25364615142,5665.02629719465
160,"mu_alpha","alpha",1.57,1.40331055787667,1.3987599,1.1170441,1.70086412,-0.166689442123333,0.166689442123333,TRUE,1.00034755364754,4702.05390857787,6126.17924503281
160,"mu_beta","beta",0.947,1.06862176643833,1.06740305,0.950144563,1.19390431,0.121621766438333,0.121621766438333,FALSE,1.00098094563003,4918.46434952918,7108.11771986589
160,"mu_lambda","lambda",0.164,0.134064129256833,0.133741295,0.1101432255,0.159459339,-0.0299358707431667,0.0299358707431667,FALSE,1.00095411188613,5878.19700368628,7235.74405295822
160,"mu_delta","delta",1.3,1.25462350196917,1.24604255,0.816362258,1.709646965,-0.0453764980308333,0.0453764980308333,TRUE,1.02351257266632,321.468667503624,1385.36523931322
160,"mu_eta","eta",-0.219,-0.182290467248714,-0.178657955,-0.312313588,-0.06653867055,0.0367095327512858,0.0367095327512858,TRUE,1.04887305919661,126.240049153151,75.5724610474645
161,"mu_alpha","alpha",2.47,2.69179058018333,2.68487355,2.18150549,3.224012405,0.221790580183333,0.221790580183333,TRUE,1.00088808240541,4427.44796367955,6835.49081234763
161,"mu_beta","beta",0.947,1.02709106367,1.02593205,0.8953479235,1.161964335,0.08009106367,0.08009106367,TRUE,1.00051722973779,6057.81946977485,7965.55799723948
161,"mu_lambda","lambda",0.164,0.172373856038333,0.171596285,0.1428424435,0.2041355725,0.00837385603833332,0.00837385603833332,TRUE,1.00120832907101,5042.64151679954,6606.28281412552
161,"mu_delta","delta",1.3,1.648854292445,1.66242485,1.310940135,1.935010795,0.348854292445,0.348854292445,FALSE,1.00053695751295,6881.73359209622,8097.98948589301
161,"mu_eta","eta",-0.219,-0.231097954057042,-0.232792085,-0.3142928965,-0.1421998805,-0.0120979540570417,0.0120979540570417,TRUE,1.00023583121764,5220.79325020126,6209.17757745662
162,"mu_alpha","alpha",3.47,3.48133218698333,3.47232515,3.13207938,3.86455939,0.0113321869833332,0.0113321869833332,TRUE,1.00035978517043,5833.35821804748,7330.60845860562
162,"mu_beta","beta",0.947,0.888033608706667,0.886403655,0.746262316,1.034460005,-0.0589663912933333,0.0589663912933333,TRUE,1.00137175235608,3818.38670939211,6100.84178128961
162,"mu_lambda","lambda",0.164,0.175538239720167,0.17481867,0.142121844,0.2104719335,0.0115382397201667,0.0115382397201667,TRUE,1.00273924238619,2708.87856922583,5279.26690388103
162,"mu_delta","delta",1.3,1.29546028542,1.2653429,1.052757365,1.628073185,-0.00453971458000013,0.00453971458000013,TRUE,1.00136793365687,829.850690388739,2945.80886857962
162,"mu_eta","eta",-0.219,-0.242556844795417,-0.24531674,-0.336789288,-0.139777466,-0.0235568447954167,0.0235568447954167,TRUE,1.00077687851733,2178.27914466896,4769.66599842695
163,"mu_alpha","alpha",1.57,1.3644094120875,1.35551035,1.04567564,1.710959375,-0.2055905879125,0.2055905879125,TRUE,1.00034920233559,4268.27877816903,6371.13152980155
163,"mu_beta","beta",0.394,0.463802063459167,0.462527135,0.35507672,0.57519365,0.0698020634591667,0.0698020634591667,TRUE,1.0006800066132,4340.67558343439,5789.32499015574
163,"mu_lambda","lambda",0.0182,0.0112246582237707,0.00986418965,0.00090977007,0.0259955236,-0.00697534177622933,0.00697534177622933,TRUE,0.99987142679802,13189.6430848831,6612.0125225867
163,"mu_delta","delta",0.906,1.00179019819667,0.9987737,0.8574118095,1.157335065,0.0957901981966666,0.0957901981966666,TRUE,1.00033120894637,4996.99666502432,6024.842451558
163,"mu_eta","eta",-0.0696,-0.0134734791831744,-0.012910092,-0.115687761,0.08744033475,0.0561265208168256,0.0561265208168256,TRUE,1.00111439657178,6256.24587926515,8662.98168959275
164,"mu_alpha","alpha",2.47,2.72723251795833,2.7188662,2.34608322,3.12473015,0.257232517958333,0.257232517958333,TRUE,1.00156306152413,3255.56503259052,5025.72814962496
164,"mu_beta","beta",0.394,0.463609149544167,0.463390595,0.360395138,0.5709999715,0.0696091495441666,0.0696091495441666,TRUE,1.00139390895039,3030.63061680748,4903.55059362498
164,"mu_lambda","lambda",0.0182,0.0193757486640754,0.0188800085,0.0048012708,0.0355322174,0.00117574866407542,0.00117574866407542,TRUE,1.00026766838283,7033.70886818833,5814.12996974646
164,"mu_delta","delta",0.906,0.98738110065,0.983512865,0.784100763,1.205496035,0.0813811006499999,0.0813811006499999,TRUE,1.00212999867108,2828.80113652991,4511.93799374618
164,"mu_eta","eta",-0.0696,-0.00813809179142192,-0.00776338185,-0.1137323075,0.09731223035,0.0614619082085781,0.0614619082085781,TRUE,1.00169564190208,2913.72456135559,4910.54382232016
165,"mu_alpha","alpha",3.47,3.30866888413333,3.302751,2.94899746,3.69163356,-0.161331115866667,0.161331115866667,TRUE,1.00064001932875,4477.71129007793,6227.38301605124
165,"mu_beta","beta",0.394,0.4388325817625,0.43834617,0.343205822,0.535654692,0.0448325817625,0.0448325817625,TRUE,1.00049763448594,3884.68922128325,6719.42154076472
165,"mu_lambda","lambda",0.0182,0.0167713049720148,0.0165540435,0.004251039445,0.0301285536,-0.00142869502798517,0.00142869502798517,TRUE,1.00022876805079,9609.68121143245,6286.0677864325
165,"mu_delta","delta",0.906,0.87511988008,0.87407215,0.68111217,1.06979991,-0.0308801199200001,0.0308801199200001,TRUE,1.000565910839,2713.51671083549,4679.05885143866
165,"mu_eta","eta",-0.0696,-0.0758856622244422,-0.0762777505,-0.188278422,0.0384893170999999,-0.00628566222444217,0.00628566222444217,TRUE,1.00078239073739,2830.0707642631,4656.77768695973
166,"mu_alpha","alpha",1.57,1.60013382565,1.59492525,1.339422055,1.87470449,0.0301338256499999,0.0301338256499999,TRUE,1.00055196481246,5381.85225973217,6672.2828910409
166,"mu_beta","beta",0.67,0.58737265828,0.585823175,0.5014688665,0.6779558555,-0.0826273417200001,0.0826273417200001,TRUE,1.00036178618623,5640.50711058324,8065.18509211325
166,"mu_lambda","lambda",0.0182,0.00853771907321128,0.0070181546,0.000590662361,0.02187414075,-0.00966228092678872,0.00966228092678872,TRUE,0.999932395983207,10344.1025971292,7795.95493878845
166,"mu_delta","delta",0.906,0.924120557499167,0.920326225,0.643774648,1.21838954,0.0181205574991666,0.0181205574991666,TRUE,1.00149882056172,3012.61610147879,5033.49525605943
166,"mu_eta","eta",-0.0696,-0.0534769294080144,-0.0546543825,-0.178994072,0.07591958405,0.0161230705919856,0.0161230705919856,TRUE,1.00008511420774,4081.33453528399,6457.86920131634
167,"mu_alpha","alpha",2.47,3.00990424659167,3.00257295,2.61691089,3.4194119,0.539904246591667,0.539904246591667,FALSE,1.00015981671318,4774.16161762252,6893.72427762242
167,"mu_beta","beta",0.67,0.723983048156667,0.722448405,0.6053573475,0.849738521,0.0539830481566667,0.0539830481566667,TRUE,1.00085467323787,4779.10802555868,6781.41640984891
167,"mu_lambda","lambda",0.0182,0.0238254247243942,0.023608395,0.00831137502,0.03992779375,0.00562542472439417,0.00562542472439417,TRUE,0.99996347166916,8019.01787189322,5858.34342637831
167,"mu_delta","delta",0.906,0.775249268865833,0.77750889,0.6478806765,0.89328746,-0.130750731134167,0.130750731134167,FALSE,1.00056164644336,4088.31332292883,3555.00754032064
167,"mu_eta","eta",-0.0696,-0.0200328968351393,-0.0208388785,-0.118100806,0.0797774808,0.0495671031648607,0.0495671031648607,TRUE,1.00072268742898,3006.68960777638,5278.39306674934
168,"mu_alpha","alpha",3.47,3.61782171433333,3.6104551,3.241868665,4.021598095,0.147821714333333,0.147821714333333,TRUE,1.00492947487055,6352.05412120703,7732.61028098545
168,"mu_beta","beta",0.67,0.773564817214167,0.7715858,0.665994731,0.887245715,0.103564817214167,0.103564817214167,TRUE,1.00125856143385,6151.70183857108,8254.29562802597
168,"mu_lambda","lambda",0.0182,0.0198515209892572,0.0199278775,0.006886426165,0.0325708497,0.00165152098925717,0.00165152098925717,TRUE,1.00105705042384,8980.98441402957,5275.64306014365
168,"mu_delta","delta",0.906,0.81542642705825,0.81084006,0.5728456835,1.082290175,-0.0905735729417501,0.0905735729417501,TRUE,1.06865467987725,194.934198690757,46.7643598723677
168,"mu_eta","eta",-0.0696,-0.107249290464129,-0.108426325,-0.2365775315,0.0261329476499999,-0.0376492904641288,0.0376492904641288,TRUE,1.02319752043352,242.119778327143,1682.91905784691
169,"mu_alpha","alpha",1.57,1.8424252354,1.83663155,1.54917501,2.15465833,0.2724252354,0.2724252354,TRUE,1.0004473407551,4177.84997647952,6453.93131116423
169,"mu_beta","beta",0.947,0.956792946285833,0.95422748,0.836282991,1.084696725,0.00979294628583338,0.00979294628583338,TRUE,1.00034843476446,3700.91508909522,5828.53482278713
169,"mu_lambda","lambda",0.0182,0.0159550358406581,0.015606955,0.00394251706,0.029257433,-0.0022449641593419,0.0022449641593419,TRUE,1.00120243434561,8148.50252143546,4850.80968597521
169,"mu_delta","delta",0.906,0.885752554899167,0.88448842,0.7126864255,1.0612543,-0.0202474451008333,0.0202474451008333,TRUE,1.0013069739883,2316.52924683069,4070.53657017032
169,"mu_eta","eta",-0.0696,-0.00854133170145687,-0.00976603975,-0.119351807,0.106908027,0.0610586682985431,0.0610586682985431,TRUE,1.00267475085231,2114.29254547613,4210.036273992
170,"mu_alpha","alpha",2.47,2.101679375075,2.098221,1.79244515,2.421541245,-0.368320624925,0.368320624925,FALSE,1.00025832367631,4169.01033232822,6376.8988184259
170,"mu_beta","beta",0.947,0.901409160924167,0.89994782,0.7843879785,1.024081685,-0.0455908390758333,0.0455908390758333,TRUE,1.00067929024663,4353.01352215864,6990.20468439482
170,"mu_lambda","lambda",0.0182,0.0259317086578125,0.026104544,0.0115318897,0.03977824245,0.0077317086578125,0.0077317086578125,TRUE,1.00057563443041,9100.70866367346,5235.4385560203
170,"mu_delta","delta",0.906,0.992772839070833,0.98798308,0.80951337,1.19663722,0.0867728390708333,0.0867728390708333,TRUE,1.00141371051382,1694.8684925862,3876.75643787181
170,"mu_eta","eta",-0.0696,-0.0451372460957842,-0.0450160675,-0.1505589245,0.05979729375,0.0244627539042158,0.0244627539042158,TRUE,1.00116800349666,2736.98251477019,4483.9455476986
171,"mu_alpha","alpha",3.47,3.11342911155,3.1030768,2.724468525,3.53466233,-0.35657088845,0.35657088845,TRUE,1.00019793024712,5278.47288479926,6792.24850779611
171,"mu_beta","beta",0.947,0.912589130809167,0.910985935,0.770366004,1.05894236,-0.0344108691908332,0.0344108691908332,TRUE,1.00044695106646,4222.96113921225,6178.24303529033
171,"mu_lambda","lambda",0.0182,0.0124105653772628,0.011878931,0.002417056415,0.0240759778,-0.00578943462273717,0.00578943462273717,TRUE,1.00069400475533,9063.64455456132,6397.12994612912
171,"mu_delta","delta",0.906,0.964878414925,0.95076671,0.811172798,1.161343545,0.058878414925,0.058878414925,TRUE,1.02882753377653,129.011566698633,220.813360624457
171,"mu_eta","eta",-0.0696,0.000827484932847067,0.00110779025,-0.1151859845,0.1142118125,0.0704274849328471,0.0704274849328471,TRUE,1.01127526974304,1216.53886135326,3231.08253613152
172,"mu_alpha","alpha",1.57,1.41666743015667,1.41357045,1.191637105,1.656446015,-0.153332569843333,0.153332569843333,TRUE,1.00018482229802,5816.97054874714,7273.0144972372
172,"mu_beta","beta",0.394,0.367063373522583,0.366166895,0.2541489025,0.4821946755,-0.0269366264774167,0.0269366264774167,TRUE,1.00100872041461,3125.51836881942,4915.98151123855
172,"mu_lambda","lambda",0.0743,0.0895248154803333,0.0893064395,0.06412102055,0.1154206645,0.0152248154803333,0.0152248154803333,TRUE,1.00032590469569,11045.6977650412,7580.63211875619
172,"mu_delta","delta",0.906,0.863076913133333,0.862714265,0.6740137425,1.049425395,-0.0429230868666667,0.0429230868666667,TRUE,1.00140960330093,3624.06059752257,5269.76076657162
172,"mu_eta","eta",-0.0696,-0.0939498626480547,-0.0941620325,-0.1847091535,-0.00225060894000008,-0.0243498626480547,0.0243498626480547,TRUE,1.00033644385903,5290.6146104809,3396.56054331818
173,"mu_alpha","alpha",2.47,2.16685116556667,2.1626014,1.791989045,2.558605925,-0.303148834433334,0.303148834433334,TRUE,1.00042192535089,4429.57613537482,7046.44744860127
173,"mu_beta","beta",0.394,0.3760560405,0.37524118,0.294918242,0.459902437,-0.0179439595,0.0179439595,TRUE,1.00005500985726,6442.21222613171,7653.03154178484
173,"mu_lambda","lambda",0.0743,0.0768443269525583,0.075796303,0.04173303775,0.11584992,0.00254432695255832,0.00254432695255832,TRUE,1.00053333395249,7012.21245760131,7433.46251117564
173,"mu_delta","delta",0.906,0.911445167805,0.90399653,0.821479041,1.03048841,0.00544516780499993,0.00544516780499993,TRUE,1.00019441867233,3183.84069049264,3357.58382341965
173,"mu_eta","eta",-0.0696,-0.0811487679720555,-0.0819192615,-0.213323367,0.0524312309,-0.0115487679720555,0.0115487679720555,TRUE,1.00037171052356,4777.74953082639,6199.33857543767
174,"mu_alpha","alpha",3.47,3.37813252390833,3.3707155,3.010928365,3.772340585,-0.0918674760916667,0.0918674760916667,TRUE,1.00019710029887,6225.89924944689,7559.31820660014
174,"mu_beta","beta",0.394,0.509797653289167,0.50908869,0.410766828,0.612267407,0.115797653289167,0.115797653289167,FALSE,1.00002533868856,6024.01054455779,7467.42409257205
174,"mu_lambda","lambda",0.0743,0.0821431474158333,0.0812663765,0.0484023639,0.119371212,0.00784314741583333,0.00784314741583333,TRUE,1.00018452683841,3469.17547761753,6147.10550216524
174,"mu_delta","delta",0.906,0.867425058846667,0.872950225,0.754590064,0.963053142,-0.0385749411533334,0.0385749411533334,TRUE,1.00031550124402,4806.61370706929,5686.68985590349
174,"mu_eta","eta",-0.0696,-0.120325081090625,-0.1203868,-0.218741089,-0.0204566874500001,-0.0507250810906247,0.0507250810906247,TRUE,1.00092399656189,3871.4773006477,5945.59446468675
175,"mu_alpha","alpha",1.57,1.66135392123667,1.6563774,1.416849855,1.920591845,0.0913539212366665,0.0913539212366665,TRUE,1.00032842135471,7093.4349743192,6859.38954211647
175,"mu_beta","beta",0.67,0.646206159965833,0.645153105,0.5272393,0.7678036915,-0.0237938400341667,0.0237938400341667,TRUE,1.00071411764237,4555.38179888172,6401.08625137834
175,"mu_lambda","lambda",0.0743,0.062699035804525,0.061769436,0.0318760369,0.0962670723,-0.011600964195475,0.011600964195475,TRUE,1.00032473861871,5854.80520813106,6918.09434968578
175,"mu_delta","delta",0.906,0.938848589665833,0.932230585,0.7713796715,1.128599325,0.0328485896658333,0.0328485896658333,TRUE,1.00022773587085,3638.24909945659,5320.86858489911
175,"mu_eta","eta",-0.0696,-0.0780920577299438,-0.0778988195,-0.18141734,0.02349874525,-0.00849205772994376,0.00849205772994376,TRUE,1.00057322936491,5233.2730798095,7182.79175695152
176,"mu_alpha","alpha",2.47,2.9315410046,2.9271813,2.582176855,3.307692295,0.4615410046,0.4615410046,FALSE,1.00071033695017,4859.98744649122,6691.480019173
176,"mu_beta","beta",0.67,0.601800823295833,0.60152398,0.464235209,0.741318674,-0.0681991767041668,0.0681991767041668,TRUE,1.00070843143428,3303.06719790116,4667.02501376087
176,"mu_lambda","lambda",0.0743,0.0641561030198167,0.063528605,0.03838995205,0.0918545046,-0.0101438969801833,0.0101438969801833,TRUE,1.00179215431087,4916.33246937463,6254.50136017526
176,"mu_delta","delta",0.906,0.911676123563333,0.91046684,0.6901836405,1.136324655,0.00567612356333336,0.00567612356333336,TRUE,1.00062232433037,3174.99092429585,4691.34193468434
176,"mu_eta","eta",-0.0696,-0.050746629255582,-0.0514223275,-0.1600886725,0.06167604395,0.018853370744418,0.018853370744418,TRUE,1.00072046969987,3158.0185210431,4870.07360476195
177,"mu_alpha","alpha",3.47,3.53046062226667,3.51769705,3.18886945,3.91449198,0.0604606222666666,0.0604606222666666,TRUE,1.00022147328154,6028.08473634412,6230.10711265425
177,"mu_beta","beta",0.67,0.6413819355375,0.640233105,0.550058717,0.7372493805,-0.0286180644625,0.0286180644625,TRUE,1.0004299781741,5581.39315239167,6757.08093994234
177,"mu_lambda","lambda",0.0743,0.065828401820125,0.0653848205,0.041726145,0.09127702745,-0.008471598179875,0.008471598179875,TRUE,1.00049016136901,4046.27785208447,5721.44580663399
177,"mu_delta","delta",0.906,0.924917393995833,0.91884911,0.662152726,1.20426249,0.0189173939958333,0.0189173939958333,TRUE,1.00091756159015,2670.1542051957,4787.30379191399
177,"mu_eta","eta",-0.0696,-0.194663065519721,-0.195873395,-0.3059705355,-0.0819850267000001,-0.125063065519721,0.125063065519721,FALSE,1.0014506063375,2903.50269121712,4443.78539565943
178,"mu_alpha","alpha",1.57,1.4312983517975,1.42621545,1.195943675,1.674544145,-0.1387016482025,0.1387016482025,TRUE,1.00032311127637,8168.44386507132,7505.02752521121
178,"mu_beta","beta",0.947,0.977691411781667,0.97669754,0.831208515,1.12814107,0.0306914117816667,0.0306914117816667,TRUE,1.00201529003659,4621.5545129729,6929.03176630492
178,"mu_lambda","lambda",0.0743,0.0494138380012167,0.048265539,0.0238904102,0.0785072102,-0.0248861619987833,0.0248861619987833,TRUE,1.00047226532093,6995.04000152691,7929.49893601397
178,"mu_delta","delta",0.906,0.889268620823333,0.88825734,0.778229031,1.00376746,-0.0167313791766667,0.0167313791766667,TRUE,1.00123476795645,5307.82861838561,5047.32538978582
178,"mu_eta","eta",-0.0696,-0.120879665715491,-0.120751745,-0.2178946885,-0.0218466519,-0.0512796657154907,0.0512796657154907,TRUE,1.00056940660617,4637.02831445366,6665.40365748068
179,"mu_alpha","alpha",2.47,2.41925355858333,2.41196795,2.06012291,2.801115555,-0.050746441416667,0.050746441416667,TRUE,1.00167272955387,3261.06902814327,5357.09910976056
179,"mu_beta","beta",0.947,0.9194440349975,0.91854272,0.8076486285,1.034314545,-0.0275559650024999,0.0275559650024999,TRUE,1.00056565753245,4164.65565300344,6500.12546220199
179,"mu_lambda","lambda",0.0743,0.08709166720075,0.08682743,0.05928238875,0.115996272,0.01279166720075,0.01279166720075,TRUE,1.00124767048059,3249.78551237868,5664.68698552954
179,"mu_delta","delta",0.906,0.872056960876667,0.88000036,0.7513595925,0.9559412925,-0.0339430391233334,0.0339430391233334,TRUE,1.00110457422822,2812.74714218396,1921.18080591264
179,"mu_eta","eta",-0.0696,-0.114714503422706,-0.115535055,-0.207437359,-0.017954158,-0.0451145034227061,0.0451145034227061,TRUE,1.00208467125455,2136.92107996694,3643.87859458783
180,"mu_alpha","alpha",3.47,3.74590713009167,3.73959865,3.289181695,4.23143321,0.275907130091666,0.275907130091666,TRUE,1.00098024274942,5667.58276832525,7369.52066271827
180,"mu_beta","beta",0.947,1.04691182922167,1.0464232,0.9236019055,1.170293975,0.0999118292216666,0.0999118292216666,TRUE,0.999935433729528,7043.43568775865,7765.63375278315
180,"mu_lambda","lambda",0.0743,0.08198858884475,0.081618287,0.05970736015,0.105687606,0.00768858884474999,0.00768858884474999,TRUE,1.00043115157125,4751.70569146166,6869.54327270577
180,"mu_delta","delta",0.906,0.896998147434167,0.891891745,0.7776430555,1.03647239,-0.00900185256583341,0.00900185256583341,TRUE,1.00227492148215,2975.01439342239,2900.55825402201
180,"mu_eta","eta",-0.0696,-0.107240908117554,-0.107221945,-0.1992552825,-0.01378185565,-0.0376409081175544,0.0376409081175544,TRUE,1.00075093592769,3400.0540177702,5547.31451681275
181,"mu_alpha","alpha",1.57,1.89306084300833,1.8900389,1.636828745,2.16191409,0.323060843008333,0.323060843008333,FALSE,1.00045486554664,7344.7785336005,8074.93853357436
181,"mu_beta","beta",0.394,0.417665966636667,0.416318545,0.30482929,0.53568432,0.0236659666366666,0.0236659666366666,TRUE,1.00062083275088,4433.10565704378,6531.16934840526
181,"mu_lambda","lambda",0.164,0.14952245076925,0.149469335,0.1201524815,0.1794304335,-0.01447754923075,0.01447754923075,TRUE,1.00006079218763,9022.95564565722,7775.54946199348
181,"mu_delta","delta",0.906,0.910386628233333,0.908363185,0.8031924265,1.02359879,0.00438662823333336,0.00438662823333336,TRUE,1.00041414259372,3566.14312478537,5699.63414620388
181,"mu_eta","eta",-0.0696,0.00340798751072533,0.0018681507,-0.12952123,0.1392367945,0.0730079875107253,0.0730079875107253,TRUE,1.00110937141887,4988.62570546389,6845.44916025954
182,"mu_alpha","alpha",2.47,2.925176685325,2.9176316,2.446018115,3.42784703,0.455176685325,0.455176685325,TRUE,1.00048769874939,5329.25390748441,6632.14085679641
182,"mu_beta","beta",0.394,0.4964247899725,0.4944105,0.3907249005,0.607482262,0.1024247899725,0.1024247899725,TRUE,1.00091148852247,6055.14136603047,7192.89116458741
182,"mu_lambda","lambda",0.164,0.165502092663333,0.164928435,0.134791429,0.197674944,0.00150209266333332,0.00150209266333332,TRUE,1.00018370423359,7256.33465457698,7813.70682771894
182,"mu_delta","delta",0.906,0.7969272878625,0.798964425,0.6532531105,0.931986896,-0.1090727121375,0.1090727121375,TRUE,1.00033856337748,5371.48449102656,6289.49469555649
182,"mu_eta","eta",-0.0696,-0.0972660160519953,-0.098017039,-0.192363072,-0.000239539246500003,-0.0276660160519953,0.0276660160519953,TRUE,1.00085285974345,5581.11705343678,7812.08915479572
183,"mu_alpha","alpha",3.47,3.60097136223333,3.5966391,3.19477444,4.023610305,0.130971362233333,0.130971362233333,TRUE,1.00037332247108,7331.94556565537,8261.13829635903
183,"mu_beta","beta",0.394,0.454470986223333,0.45311549,0.3777167545,0.5351767025,0.0604709862233333,0.0604709862233333,TRUE,1.00011332557447,9920.18906388284,8062.52782818817
183,"mu_lambda","lambda",0.164,0.22181584033475,0.221110575,0.1782886875,0.26833457,0.05781584033475,0.05781584033475,FALSE,1.0012249278953,4249.20005004392,5648.37062895035
183,"mu_delta","delta",0.906,0.886211451465,0.8814323,0.7201329565,1.073085825,-0.019788548535,0.019788548535,TRUE,1.03364312672907,110.11283702947,115.754730972593
183,"mu_eta","eta",-0.0696,-0.0713354744908282,-0.0679728195,-0.221767155,0.06853083695,-0.00173547449082825,0.00173547449082825,TRUE,1.07363187126558,38.0568607959041,121.114692989634
184,"mu_alpha","alpha",1.57,1.7242326423975,1.7182313,1.416440265,2.060553845,0.1542326423975,0.1542326423975,TRUE,1.00078835643948,5176.82057692522,7388.3780739346
184,"mu_beta","beta",0.67,0.542395839329167,0.54179861,0.464866017,0.622770769,-0.127604160670833,0.127604160670833,FALSE,1.00030965837649,7633.60289465287,8425.44596966033
184,"mu_lambda","lambda",0.164,0.166477749595,0.165517755,0.125432393,0.2111682755,0.002477749595,0.002477749595,TRUE,1.00099098898464,4316.91819423291,6116.49831252569
184,"mu_delta","delta",0.906,0.847994055905,0.84512207,0.6939222315,1.009888565,-0.058005944095,0.058005944095,TRUE,1.0025003676207,3155.27669148647,5274.81276240599
184,"mu_eta","eta",-0.0696,-0.0876236129581289,-0.088116211,-0.2182119405,0.04298213595,-0.0180236129581289,0.0180236129581289,TRUE,1.00065151185364,4628.07833699486,6361.55657835313
185,"mu_alpha","alpha",2.47,2.758301939775,2.74965745,2.32150271,3.225698325,0.288301939775,0.288301939775,TRUE,1.0007442163661,3809.71612486256,5748.48284419441
185,"mu_beta","beta",0.67,0.525005338249167,0.523541715,0.4398063535,0.6147054775,-0.144994661750833,0.144994661750833,FALSE,1.00060512939266,6664.9836547364,7668.27801543195
185,"mu_lambda","lambda",0.164,0.13843776313525,0.137746165,0.0974013399,0.1816518985,-0.02556223686475,0.02556223686475,TRUE,0.999960425501387,2914.01237969594,5324.58082651043
185,"mu_delta","delta",0.906,0.999939364365,0.996124315,0.804683966,1.209490575,0.0939393643649999,0.0939393643649999,TRUE,1.00244097100863,2322.26164098875,2551.58006702076
185,"mu_eta","eta",-0.0696,-0.0580216341209063,-0.0571492485,-0.2116211675,0.0950859890499999,0.0115783658790937,0.0115783658790937,TRUE,1.0015182175871,2873.6051094942,4484.79904376276
186,"mu_alpha","alpha",3.47,3.68367524783333,3.67297045,3.3117258,4.08906932,0.213675247833333,0.213675247833333,TRUE,0.999925069774432,6918.86150947575,7610.51972479249
186,"mu_beta","beta",0.67,0.637535701529167,0.63652881,0.5304030805,0.7478687615,-0.0324642984708333,0.0324642984708333,TRUE,1.00033125691609,6754.3677789984,7534.34218435718
186,"mu_lambda","lambda",0.164,0.16921238577,0.168765705,0.1416852065,0.1985388515,0.00521238576999999,0.00521238576999999,TRUE,1.00058003650377,5289.47052778139,7139.35246655948
186,"mu_delta","delta",0.906,0.833787775930833,0.835924415,0.6084635725,1.053137325,-0.0722122240691667,0.0722122240691667,TRUE,1.00021635938682,4176.32039800267,5508.2777212767
186,"mu_eta","eta",-0.0696,-0.185584997398377,-0.18451691,-0.2802777935,-0.0931440274,-0.115984997398377,0.115984997398377,FALSE,1.00026239490805,3151.2410381834,6393.19664967673
187,"mu_alpha","alpha",1.57,1.62304070461417,1.61550985,1.280672925,1.98668614,0.0530407046141665,0.0530407046141665,TRUE,1.00008700317302,5827.74890791212,6845.39982852399
187,"mu_beta","beta",0.947,0.862176070418333,0.86094392,0.767064818,0.9607181995,-0.0848239295816666,0.0848239295816666,TRUE,1.00016299337397,9286.62411815056,8647.15361839512
187,"mu_lambda","lambda",0.164,0.147769570748917,0.146926905,0.1098781795,0.188401243,-0.0162304292510833,0.0162304292510833,TRUE,1.00001637347504,4979.23171388099,7226.71935016262
187,"mu_delta","delta",0.906,0.7629195190475,0.76240066,0.618466125,0.908583555,-0.1430804809525,0.1430804809525,TRUE,1.00167607392088,3644.11124234661,5419.71297968352
187,"mu_eta","eta",-0.0696,-0.0671786184105804,-0.0681398405,-0.2023635695,0.071445728,0.00242138158941958,0.00242138158941958,TRUE,1.00080187206578,3595.8792195476,5607.07084472103
188,"mu_alpha","alpha",2.47,2.51979118034167,2.51362655,2.212594125,2.851271795,0.0497911803416664,0.0497911803416664,TRUE,1.0008410163679,5568.76607059913,6899.50561094734
188,"mu_beta","beta",0.947,0.916035732055833,0.91471638,0.831652598,1.004704915,-0.0309642679441666,0.0309642679441666,TRUE,0.999985596282432,9655.28008492567,7798.93084980753
188,"mu_lambda","lambda",0.164,0.190069887050833,0.18940245,0.157064731,0.2252311845,0.0260698870508333,0.0260698870508333,TRUE,1.00046747503459,3840.03835678286,5785.256171106
188,"mu_delta","delta",0.906,0.925025343200833,0.9252393,0.797384321,1.05271029,0.0190253432008333,0.0190253432008333,TRUE,1.00073773185085,3081.34143755452,4150.30962839452
188,"mu_eta","eta",-0.0696,-0.06546577055109,-0.067335017,-0.195889461,0.07232918205,0.00413422944891,0.00413422944891,TRUE,1.00161742792083,2807.38068476977,4543.88975978327
189,"mu_alpha","alpha",3.47,3.58452260919167,3.5762214,3.22717514,3.96265277,0.114522609191666,0.114522609191666,TRUE,1.00197656019168,6198.3289784232,7218.38931508375
189,"mu_beta","beta",0.947,0.8455676967425,0.844308665,0.718948389,0.974741712,-0.1014323032575,0.1014323032575,TRUE,1.00164888495277,4426.19746600013,6277.39624714696
189,"mu_lambda","lambda",0.164,0.156651748958083,0.155842195,0.120411509,0.196000486,-0.00734825104191666,0.00734825104191666,TRUE,1.00197772601546,2278.81093537846,3771.84966206025
189,"mu_delta","delta",0.906,1.0465732288725,1.0237927,0.7657766945,1.4054611,0.1405732288725,0.1405732288725,TRUE,1.07948551279827,35.3070356023589,215.963368430542
189,"mu_eta","eta",-0.0696,-0.0890184376119615,-0.088522865,-0.2118869325,0.0311786641,-0.0194184376119615,0.0194184376119615,TRUE,1.00605714654451,966.907351264684,2631.85188495658
190,"mu_alpha","alpha",1.57,1.9506704289275,1.9400636,1.52587494,2.408830915,0.3806704289275,0.3806704289275,TRUE,1.00031092019767,3327.53832628047,5511.59596059168
190,"mu_beta","beta",0.394,0.389972055839167,0.389449255,0.293981269,0.4873595825,-0.00402794416083335,0.00402794416083335,TRUE,1.00087470200578,4183.10432831722,6397.38524442965
190,"mu_lambda","lambda",0.0182,0.0270141543971383,0.0264679075,0.007870235075,0.0479864008,0.00881415439713833,0.00881415439713833,TRUE,1.00003018288061,9344.38933163974,6696.50972316576
190,"mu_delta","delta",1.08,1.03108788173667,1.02669225,0.9084437235,1.16898465,-0.0489121182633334,0.0489121182633334,TRUE,1.00104145500836,3448.11942226167,5114.98927825509
190,"mu_eta","eta",-0.0696,-0.0876045103788302,-0.088233642,-0.2180327145,0.04598844065,-0.0180045103788302,0.0180045103788302,TRUE,1.00080737746976,4572.38771107958,6604.35444047444
191,"mu_alpha","alpha",2.47,2.39788467711667,2.3922244,2.0941615,2.715640005,-0.0721153228833336,0.0721153228833336,TRUE,1.00075138523805,6082.19553568723,8293.88211679805
191,"mu_beta","beta",0.394,0.490612568243333,0.4893785,0.3786178095,0.606178744,0.0966125682433333,0.0966125682433333,TRUE,1.00061439738061,4278.15913220975,5543.93197481341
191,"mu_lambda","lambda",0.0182,0.0264821802424333,0.026498529,0.01062245955,0.04210838265,0.00828218024243333,0.00828218024243333,TRUE,1.0000589580844,10462.8415389201,6309.31610635068
191,"mu_delta","delta",1.08,1.11161871274167,1.10404655,0.8154258285,1.443942055,0.0316187127416665,0.0316187127416665,TRUE,1.00136176549094,2182.99225494324,2389.95844752568
191,"mu_eta","eta",-0.0696,-0.15768889600794,-0.15790942,-0.2553598115,-0.05970969775,-0.08808889600794,0.08808889600794,TRUE,1.00643267837137,1136.69602096321,2051.75268008864
192,"mu_alpha","alpha",3.47,3.687343176075,3.6812937,3.39213269,4.01022625,0.217343176075,0.217343176075,TRUE,1.0003599670596,7724.98567877905,7079.14152981439
192,"mu_beta","beta",0.394,0.379925951095833,0.378974065,0.2770369075,0.4856671815,-0.0140740489041667,0.0140740489041667,TRUE,1.00047294214022,3309.4054644626,5545.15160144767
192,"mu_lambda","lambda",0.0182,0.0199885767973454,0.019751127,0.00660246378,0.0341267592,0.00178857679734542,0.00178857679734542,TRUE,1.00061490086918,7758.9781684521,4449.80854945615
192,"mu_delta","delta",1.08,1.06576158190583,1.0659702,0.8614890285,1.274402975,-0.0142384180941668,0.0142384180941668,TRUE,1.00078746968964,2954.64569545469,4512.39076512868
192,"mu_eta","eta",-0.0696,-0.0809510359124195,-0.08311651,-0.199461784,0.0430025352999999,-0.0113510359124196,0.0113510359124196,TRUE,1.00054935306856,2434.12322874762,4154.14840296022
193,"mu_alpha","alpha",1.57,1.5583108788375,1.5500098,1.202359215,1.942508365,-0.0116891211625001,0.0116891211625001,TRUE,1.00141397865195,2485.23927417873,3835.21566328953
193,"mu_beta","beta",0.67,0.592631929853333,0.59107972,0.4877683275,0.703343076,-0.0773680701466667,0.0773680701466667,TRUE,1.00180002816604,2950.79328104065,4401.04961530488
193,"mu_lambda","lambda",0.0182,0.016137962376732,0.015569316,0.00271012083,0.03155107385,-0.00206203762326804,0.00206203762326804,TRUE,1.00041352756186,7977.24882872768,4788.8778411905
193,"mu_delta","delta",1.08,1.17559991783833,1.1730742,0.9391030065,1.423544755,0.0955999178383333,0.0955999178383333,TRUE,1.0005484140759,2913.50744483078,4467.44169522871
193,"mu_eta","eta",-0.0696,-0.0592094636320713,-0.0593918165,-0.160596026,0.04401381245,0.0103905363679287,0.0103905363679287,TRUE,1.0009969842129,3648.82373337753,4856.30240434634
194,"mu_alpha","alpha",2.47,2.40732379621667,2.4015222,1.980898455,2.864399025,-0.0626762037833335,0.0626762037833335,TRUE,1.00118563183752,3182.06981925479,5817.31000868676
194,"mu_beta","beta",0.67,0.612265678128333,0.61082243,0.5112781905,0.7156138355,-0.0577343218716667,0.0577343218716667,TRUE,1.00020068006082,4290.31057654836,6979.66201651559
194,"mu_lambda","lambda",0.0182,0.0133065239560375,0.0126938965,0.001962090695,0.0269918172,-0.00489347604396253,0.00489347604396253,TRUE,1.00013556332454,8436.08103051592,5951.73883837898
194,"mu_delta","delta",1.08,1.16347034075583,1.15458415,0.942886072,1.41888142,0.0834703407558333,0.0834703407558333,TRUE,1.0022617689458,4106.69763828539,5539.73536535878
194,"mu_eta","eta",-0.0696,-0.124558275066355,-0.126020265,-0.2480455925,0.00437614285999993,-0.0549582750663553,0.0549582750663553,TRUE,1.00063908397073,3466.65058030449,5669.35594346585
195,"mu_alpha","alpha",3.47,3.42619465845833,3.4195031,3.139221745,3.732854655,-0.0438053415416668,0.0438053415416668,TRUE,0.999989945832929,10372.1328022841,7407.12286537147
195,"mu_beta","beta",0.67,0.628128442731667,0.626271295,0.544991359,0.7170927375,-0.0418715572683334,0.0418715572683334,TRUE,1.00008251998205,7967.52262811396,8250.17852100527
195,"mu_lambda","lambda",0.0182,0.0186438682648196,0.0184113215,0.00491918656,0.03340034295,0.000443868264819566,0.000443868264819566,TRUE,1.00059535606073,7560.65155552408,5559.75934520076
195,"mu_delta","delta",1.08,0.999135945176667,0.993026085,0.8662241735,1.14981193,-0.0808640548233334,0.0808640548233334,TRUE,1.00081453130867,3457.78666484156,3793.36364826443
195,"mu_eta","eta",-0.0696,-0.0561603115042589,-0.057138371,-0.1825848535,0.0758714420499999,0.0134396884957411,0.0134396884957411,TRUE,1.00138748559988,2969.36683252728,5129.62824155204
196,"mu_alpha","alpha",1.57,1.6776692370675,1.6745716,1.311898995,2.060438255,0.1076692370675,0.1076692370675,TRUE,1.00038125286999,2737.99176741668,4753.43832674167
196,"mu_beta","beta",0.947,1.02176857666333,1.01973,0.9225680495,1.127214595,0.0747685766633334,0.0747685766633334,TRUE,1.00011682599734,5270.08024785828,7352.14337161634
196,"mu_lambda","lambda",0.0182,0.0267059811915467,0.026757492,0.0127275799,0.04043123,0.00850598119154667,0.00850598119154667,TRUE,1.00031597176023,8188.23085439974,5456.71161943077
196,"mu_delta","delta",1.08,1.0946333817875,1.0761707,0.853107655,1.400090215,0.0146333817875,0.0146333817875,TRUE,1.0031817010109,1338.32525988828,2228.28051066126
196,"mu_eta","eta",-0.0696,-0.058762723180636,-0.059207151,-0.153225356,0.0380319542499999,0.010837276819364,0.010837276819364,TRUE,1.00136371995051,1764.30885633828,2794.37831937306
197,"mu_alpha","alpha",2.47,2.37898206325833,2.37339855,1.94685682,2.831210655,-0.0910179367416668,0.0910179367416668,TRUE,1.00058412017732,3383.12072047041,5541.38101173272
197,"mu_beta","beta",0.947,0.972553068553333,0.97084701,0.846789054,1.106810115,0.0255530685533334,0.0255530685533334,TRUE,1.00056847994725,5067.10899012277,7452.88208065241
197,"mu_lambda","lambda",0.0182,0.0168815210129615,0.01638885,0.003926929245,0.0318506479,-0.0013184789870385,0.0013184789870385,TRUE,1.00058927532231,7364.01670982481,4939.80390246291
197,"mu_delta","delta",1.08,0.875354602398333,0.87281437,0.5393887645,1.219335435,-0.204645397601667,0.204645397601667,TRUE,1.00153688378643,2911.04419591708,2997.88249340196
197,"mu_eta","eta",-0.0696,-0.225368101062567,-0.22499234,-0.298568681,-0.1524980975,-0.155768101062567,0.155768101062567,FALSE,1.00157580783575,3724.31195650788,6337.94137890553
198,"mu_alpha","alpha",3.47,3.545459209325,3.5340453,3.118714685,4.00879233,0.0754592093249999,0.0754592093249999,TRUE,1.0001331194288,5458.89010777732,6758.67102872863
198,"mu_beta","beta",0.947,0.8971753401075,0.89535532,0.7881568945,1.01139496,-0.0498246598925,0.0498246598925,TRUE,1.00032199822188,6308.70655200272,7696.92065764534
198,"mu_lambda","lambda",0.0182,0.0306658293057333,0.030863686,0.01580527405,0.0444082246,0.0124658293057333,0.0124658293057333,TRUE,1.00013206076702,7699.00133946656,5441.28010826168
198,"mu_delta","delta",1.08,0.948035411763333,0.944136965,0.776406039,1.139459215,-0.131964588236667,0.131964588236667,TRUE,1.00121626792087,2659.17296942402,4393.2157297642
198,"mu_eta","eta",-0.0696,-0.037257403750868,-0.038424575,-0.1500773235,0.07804145545,0.032342596249132,0.032342596249132,TRUE,1.00186598046644,2752.60505755714,4401.00383136951
199,"mu_alpha","alpha",1.57,1.5986866736,1.5955457,1.37115469,1.834502835,0.0286866736,0.0286866736,TRUE,1.00027203407494,7365.12214071313,7158.03573049308
199,"mu_beta","beta",0.394,0.345799689254167,0.345907665,0.248441931,0.443184614,-0.0482003107458334,0.0482003107458334,TRUE,1.00005714313566,5344.47811224443,7050.54395753736
199,"mu_lambda","lambda",0.0743,0.07875016717175,0.078605679,0.0568190028,0.100522344,0.00445016717174999,0.00445016717174999,TRUE,1.00028190469829,12922.9511309459,6668.21780220064
199,"mu_delta","delta",1.08,1.14850299978417,1.14452695,1.04165373,1.268304785,0.0685029997841666,0.0685029997841666,TRUE,1.00028052874712,5933.26756715857,7048.00976577979
199,"mu_eta","eta",-0.0696,-0.0853483009029323,-0.0880737645,-0.199312047,0.0388259546,-0.0157483009029323,0.0157483009029323,TRUE,1.00041945077617,6716.55080728439,8184.16198231161
200,"mu_alpha","alpha",2.47,2.20405551700833,2.19984885,1.84623368,2.58370541,-0.265944482991667,0.265944482991667,TRUE,1.00037811811225,3696.42313831214,6836.25206062103
200,"mu_beta","beta",0.394,0.31240142194725,0.311179775,0.2148268545,0.412592978,-0.08159857805275,0.08159857805275,TRUE,1.0003192163804,3950.17848808993,5745.0382509857
200,"mu_lambda","lambda",0.0743,0.071594936278,0.071701923,0.0506835828,0.0921463482,-0.00270506372200001,0.00270506372200001,TRUE,1.00059499998599,11497.1760596857,8213.36260635553
200,"mu_delta","delta",1.08,1.13110948228917,1.12175505,0.958057029,1.34108946,0.0511094822891667,0.0511094822891667,TRUE,1.0004521518554,2776.27424294997,4148.53214048901
200,"mu_eta","eta",-0.0696,-0.124815216924239,-0.126048505,-0.264317402,0.0181509969499999,-0.0552152169242387,0.0552152169242387,TRUE,1.00075239069748,4232.68152225728,7169.92366944193
201,"mu_alpha","alpha",3.47,3.667476250575,3.65739025,3.16406923,4.202201225,0.197476250575,0.197476250575,TRUE,1.0005759212312,5502.11175641066,6918.98048002642
201,"mu_beta","beta",0.394,0.31423976107,0.313766775,0.22241792,0.410099005,-0.07976023893,0.07976023893,TRUE,1.00095737088161,7429.79889085852,7815.34312431447
201,"mu_lambda","lambda",0.0743,0.07705910184,0.076739116,0.05365585975,0.1010738005,0.00275910184,0.00275910184,TRUE,1.00004314582425,7682.55816834686,7266.85517373174
201,"mu_delta","delta",1.08,0.9967637178325,0.99316445,0.8659212035,1.137437585,-0.0832362821675001,0.0832362821675001,TRUE,1.0007324588422,4629.760245586,5801.63446781047
201,"mu_eta","eta",-0.0696,-0.0051007488770853,-0.0058331386,-0.0944786772,0.086502113,0.0644992511229147,0.0644992511229147,TRUE,1.00023295099142,6778.71655933449,7078.38095668332
202,"mu_alpha","alpha",1.57,1.4987358884325,1.49360605,1.20214749,1.81675008,-0.0712641115675001,0.0712641115675001,TRUE,0.999942905230607,5797.63375186675,6565.1250040975
202,"mu_beta","beta",0.67,0.674696106165833,0.674274375,0.584464481,0.7682308055,0.00469610616583327,0.00469610616583327,TRUE,1.00017587591374,7238.24305505447,7633.50213801117
202,"mu_lambda","lambda",0.0743,0.0904263685071667,0.0894401975,0.05313532565,0.1316723105,0.0161263685071667,0.0161263685071667,TRUE,1.00086097022795,5544.4216711119,6818.80233195682
202,"mu_delta","delta",1.08,1.192286583095,1.16627945,0.9878399355,1.48753072,0.112286583095,0.112286583095,TRUE,1.00292088949034,755.071286583067,1980.44036224861
202,"mu_eta","eta",-0.0696,-0.0669877749758103,-0.066760157,-0.1688049685,0.03534863665,0.00261222502418969,0.00261222502418969,TRUE,1.00126008352916,4651.37529073673,5578.9741858254
203,"mu_alpha","alpha",2.47,2.55465715051667,2.5473719,2.157355505,2.97742834,0.0846571505166667,0.0846571505166667,TRUE,1.00081617744926,5153.03112019827,6587.1000221098
203,"mu_beta","beta",0.67,0.688856695585833,0.687860745,0.556033987,0.8253866265,0.0188566955858332,0.0188566955858332,TRUE,1.00079436796331,4564.79620628926,6845.10399036562
203,"mu_lambda","lambda",0.0743,0.0715600473474167,0.071544175,0.0502303988,0.09303611705,-0.00273995265258334,0.00273995265258334,TRUE,1.00090085195815,8076.3602015979,7749.03784805586
203,"mu_delta","delta",1.08,0.969974357465833,0.96014362,0.82471609,1.150494045,-0.110025642534167,0.110025642534167,TRUE,1.00399122752122,3097.60328932086,4536.91201875735
203,"mu_eta","eta",-0.0696,-0.111097599007134,-0.11213571,-0.2233662515,0.00386484579999987,-0.0414975990071337,0.0414975990071337,TRUE,1.00156284406162,3884.65257031917,6207.92058202557
204,"mu_alpha","alpha",3.47,3.742224027925,3.7318657,3.31378393,4.212008335,0.272224027925,0.272224027925,TRUE,1.0006376317076,5883.84486946208,7526.20882626144
204,"mu_beta","beta",0.67,0.6323497237875,0.630293145,0.5341815345,0.738081826,-0.0376502762125001,0.0376502762125001,TRUE,1.00056140693283,6252.57831433331,7615.43222051323
204,"mu_lambda","lambda",0.0743,0.0681524386669,0.0673337155,0.04192358065,0.096692666,-0.0061475613331,0.0061475613331,TRUE,1.00089856641325,4736.59845268206,6469.28033598427
204,"mu_delta","delta",1.08,0.8753295766855,0.867142435,0.5050617115,1.28179406,-0.2046704233145,0.2046704233145,TRUE,1.00127914843481,3273.93668859277,4688.44334972606
204,"mu_eta","eta",-0.0696,-0.129908200254253,-0.12902301,-0.216466071,-0.0483690853,-0.0603082002542527,0.0603082002542527,TRUE,1.00608460836924,2093.65083853139,3735.21681865046
205,"mu_alpha","alpha",1.57,1.50455547113167,1.4995313,1.180321405,1.84729158,-0.0654445288683334,0.0654445288683334,TRUE,1.00064862760913,4826.74191884387,6995.45300682669
205,"mu_beta","beta",0.947,0.996846720853333,0.99583087,0.9042844085,1.093644855,0.0498467208533334,0.0498467208533334,TRUE,1.00000722594953,8991.14083471898,8576.47688000432
205,"mu_lambda","lambda",0.0743,0.0833117496308333,0.0827187075,0.05698790355,0.1113304035,0.00901174963083333,0.00901174963083333,TRUE,1.00046319065695,6254.95455054694,6589.30816045063
205,"mu_delta","delta",1.08,1.1938248401375,1.1595768,0.9965106055,1.511847215,0.1138248401375,0.1138248401375,TRUE,1.01069126708482,558.425660374262,970.614123670025
205,"mu_eta","eta",-0.0696,-0.0178724972757878,-0.0165705575,-0.109060495,0.07063272755,0.0517275027242122,0.0517275027242122,TRUE,1.00021967327563,2688.76125337116,2735.57907846753
206,"mu_alpha","alpha",2.47,2.18407813563333,2.1778833,1.76776358,2.626498445,-0.285921864366667,0.285921864366667,TRUE,1.00043877187328,2968.48194434694,4901.75778687262
206,"mu_beta","beta",0.947,0.883243604983333,0.88210308,0.7998406475,0.9714050575,-0.0637563950166666,0.0637563950166666,TRUE,1.00026213222695,7696.66723339592,7150.65351107687
206,"mu_lambda","lambda",0.0743,0.0948094953638333,0.0945220145,0.0691861771,0.1217778305,0.0205094953638333,0.0205094953638333,TRUE,1.00092883692326,4146.20582498387,6001.85503636514
206,"mu_delta","delta",1.08,1.15899426133583,1.1454634,0.985549324,1.37166052,0.0789942613358332,0.0789942613358332,TRUE,1.00097091706287,2803.38759062354,3490.52625346995
206,"mu_eta","eta",-0.0696,-0.0773735168110198,-0.078253851,-0.190553163,0.0418602125,-0.00777351681101976,0.00777351681101976,TRUE,1.0014156332149,2939.66475664437,5270.20859574522
207,"mu_alpha","alpha",3.47,3.32970495274167,3.31581245,2.97671064,3.716960515,-0.140295047258334,0.140295047258334,TRUE,1.00025244482031,7214.95324388279,7530.28189782036
207,"mu_beta","beta",0.947,0.966651887259167,0.964867065,0.8513373855,1.09230687,0.0196518872591667,0.0196518872591667,TRUE,1.00025594517258,6039.53648245541,6565.80376072647
207,"mu_lambda","lambda",0.0743,0.08707409757625,0.086405174,0.0598881968,0.116549415,0.01277409757625,0.01277409757625,TRUE,1.00133108528405,4500.88574072135,6017.17574347839
207,"mu_delta","delta",1.08,1.0690308177075,1.06471365,0.8965864215,1.255402525,-0.0109691822925,0.0109691822925,TRUE,1.00054686730068,3856.78908437757,6367.02899023981
207,"mu_eta","eta",-0.0696,-0.0957223229408502,-0.0959661045,-0.1773044035,-0.0138964452,-0.0261223229408502,0.0261223229408502,TRUE,1.00020823820731,5219.45078618818,6743.20907648767
208,"mu_alpha","alpha",1.57,1.51047373065,1.5092616,1.33640075,1.69085229,-0.05952626935,0.05952626935,TRUE,1.00047790516634,14901.4463160855,8992.40426682806
208,"mu_beta","beta",0.394,0.384476777365,0.38402597,0.283011693,0.488419756,-0.00952322263499999,0.00952322263499999,TRUE,1.00073341674121,4934.33948001263,7524.89767143417
208,"mu_lambda","lambda",0.164,0.222747415805,0.22225836,0.1791735415,0.269254911,0.058747415805,0.058747415805,FALSE,1.0005590866683,8098.15166717349,8747.85105070064
208,"mu_delta","delta",1.08,1.1052991615975,1.0998614,0.9634152945,1.26915758,0.0252991615975,0.0252991615975,TRUE,1.00053546038098,3377.95897626788,4102.15619233148
208,"mu_eta","eta",-0.0696,-0.177289878134258,-0.17696144,-0.320486159,-0.0343380293500001,-0.107689878134258,0.107689878134258,TRUE,1.00011034313738,7799.87380813242,9076.7558869946
209,"mu_alpha","alpha",2.47,2.50213987754167,2.49208635,2.08932125,2.94213212,0.0321398775416664,0.0321398775416664,TRUE,1.00078041813274,2818.79846147175,4600.13795309261
209,"mu_beta","beta",0.394,0.447702017821083,0.446640665,0.3388676345,0.557429191,0.0537020178210833,0.0537020178210833,TRUE,1.0005102778613,2826.2321830026,4543.8565342724
209,"mu_lambda","lambda",0.164,0.145222268517333,0.14421352,0.1045063925,0.188724781,-0.0187777314826667,0.0187777314826667,TRUE,0.999993685638819,2993.61304882276,4926.5047354669
209,"mu_delta","delta",1.08,1.07981131073083,1.07228255,0.884981342,1.30323934,-0.000188689269166709,0.000188689269166709,TRUE,1.00175851669413,2197.73171835403,3456.78347234714
209,"mu_eta","eta",-0.0696,-0.0346010196119635,-0.037031053,-0.168520067,0.105070296,0.0349989803880365,0.0349989803880365,TRUE,1.00044015018599,3123.41614409302,4869.13725113869
210,"mu_alpha","alpha",3.47,3.453064675525,3.44865325,3.09052071,3.836086005,-0.0169353244750003,0.0169353244750003,TRUE,1.00045629099596,5657.91881715545,7122.7307528919
210,"mu_beta","beta",0.394,0.412280329719167,0.412438935,0.298604509,0.524621157,0.0182803297191667,0.0182803297191667,TRUE,1.00072916069885,4071.81023087786,5413.13488891227
210,"mu_lambda","lambda",0.164,0.175739155304,0.17513917,0.1320329,0.221577988,0.011739155304,0.011739155304,TRUE,1.00097554531406,2877.41943992818,4841.41563919294
210,"mu_delta","delta",1.08,1.21751567346417,1.2090642,0.969267962,1.503934885,0.137515673464166,0.137515673464166,TRUE,1.00107988335215,3150.64490094289,5199.57573071738
210,"mu_eta","eta",-0.0696,-0.0585341650168465,-0.0606006525,-0.142700595,0.0352635815,0.0110658349831535,0.0110658349831535,TRUE,1.00048920511404,5590.70143345872,6704.71166795321
211,"mu_alpha","alpha",1.57,1.40628100417417,1.4034213,1.14730916,1.675434965,-0.163718995825833,0.163718995825833,TRUE,1.00052421173037,4910.18404540258,6818.17217439682
211,"mu_beta","beta",0.67,0.6175640911375,0.61744058,0.551084386,0.684282313,-0.0524359088625,0.0524359088625,TRUE,1.00027727756342,8985.17242770973,8387.70933179606
211,"mu_lambda","lambda",0.164,0.119407202984583,0.11816576,0.08117827545,0.1613069475,-0.0445927970154167,0.0445927970154167,FALSE,1.00036414785248,4113.36199937107,6389.53068822271
211,"mu_delta","delta",1.08,1.1036007118225,1.09219585,0.938922656,1.30075338,0.0236007118224999,0.0236007118224999,TRUE,1.0010811424982,2180.39295388885,3389.28599001809
211,"mu_eta","eta",-0.0696,-0.105406085695266,-0.106157945,-0.238367493,0.03097607325,-0.0358060856952659,0.0358060856952659,TRUE,1.00053658936343,3962.49863088725,5797.63884506536
212,"mu_alpha","alpha",2.47,2.59045961599167,2.585748,2.317267115,2.87192266,0.120459615991666,0.120459615991666,TRUE,0.999896513236629,9303.31439468077,8561.80994220134
212,"mu_beta","beta",0.67,0.6935502541725,0.692713695,0.6040198515,0.7863770715,0.0235502541725,0.0235502541725,TRUE,1.00064803822487,8325.79555569682,8298.69740748773
212,"mu_lambda","lambda",0.164,0.242932450155,0.241739455,0.1929831735,0.298389278,0.078932450155,0.078932450155,FALSE,1.00160027414186,3337.8275248804,5405.93858943856
212,"mu_delta","delta",1.08,1.12054805051167,1.1148007,0.9269440695,1.337182275,0.0405480505116667,0.0405480505116667,TRUE,1.00016299216669,2791.69128094508,4922.80947498831
212,"mu_eta","eta",-0.0696,-0.177257448458515,-0.179076245,-0.3119088275,-0.0353835982000001,-0.107657448458515,0.107657448458515,TRUE,1.00051583786726,3176.86754607334,5538.03242534365
213,"mu_alpha","alpha",3.47,3.27206235525,3.26548025,2.95609418,3.614702675,-0.19793764475,0.19793764475,TRUE,1.0002411629571,7033.61299219044,7499.25698613472
213,"mu_beta","beta",0.67,0.673225378126667,0.671795095,0.58456961,0.7675731155,0.00322537812666668,0.00322537812666668,TRUE,1.00019128222816,7231.76305509747,7256.73754635981
213,"mu_lambda","lambda",0.164,0.169842110939,0.169227605,0.1327908525,0.2084873865,0.005842110939,0.005842110939,TRUE,1.00085729116769,3318.056395422,5625.20511693101
213,"mu_delta","delta",1.08,1.10077844445,1.0980622,0.8689690835,1.339053825,0.0207784444499999,0.0207784444499999,TRUE,1.00171075651428,2819.33904310238,5278.62057782409
213,"mu_eta","eta",-0.0696,-0.0907591631332489,-0.0913505465,-0.187724885,0.00777940634999998,-0.0211591631332489,0.0211591631332489,TRUE,1.00068401367227,4664.66495815021,6803.85608449736
214,"mu_alpha","alpha",1.57,1.6753738046625,1.67246255,1.29376525,2.071311145,0.1053738046625,0.1053738046625,TRUE,1.00051057928046,4214.09299761907,6016.53965612906
214,"mu_beta","beta",0.947,0.911237510368333,0.90887397,0.8131644415,1.01478808,-0.0357624896316666,0.0357624896316666,TRUE,1.00030699200604,6800.01709279605,6955.29776496555
214,"mu_lambda","lambda",0.164,0.169068329631917,0.16833217,0.1309837205,0.209284043,0.00506832963191667,0.00506832963191667,TRUE,1.00032102707093,4323.69815661464,6573.95381819591
214,"mu_delta","delta",1.08,1.0777551493975,1.07670685,0.975505128,1.186736925,-0.00224485060250013,0.00224485060250013,TRUE,1.001491406561,3289.8024340195,4983.54314785647
214,"mu_eta","eta",-0.0696,-0.0705767418394124,-0.0716582985,-0.194104152,0.058047877,-0.000976741839412418,0.000976741839412418,TRUE,1.00092594521911,4093.83933278265,6280.32714444617
215,"mu_alpha","alpha",2.47,2.494020364325,2.4865842,2.14430742,2.86238588,0.0240203643249997,0.0240203643249997,TRUE,1.00015895157174,6962.63928149807,8287.73087635453
215,"mu_beta","beta",0.947,0.962419414644167,0.96083173,0.8593566375,1.070129165,0.0154194146441667,0.0154194146441667,TRUE,1.00090797903445,9257.69770629159,8991.59626177054
215,"mu_lambda","lambda",0.164,0.142250402740833,0.14175982,0.1135099175,0.172398858,-0.0217495972591667,0.0217495972591667,TRUE,1.00027377414842,5299.04412335368,7013.34777662268
215,"mu_delta","delta",1.08,0.9957664631625,0.98415905,0.8576808735,1.17096557,-0.0842335368375001,0.0842335368375001,TRUE,1.00069353343371,2835.90953796613,3336.16643860642
215,"mu_eta","eta",-0.0696,0.0301905769174008,0.029106631,-0.0695708317,0.13394331,0.0997905769174008,0.0997905769174008,FALSE,1.00068506531065,5487.95271932817,7026.84717685593
216,"mu_alpha","alpha",3.47,3.90450592265,3.89378535,3.548690815,4.289830915,0.43450592265,0.43450592265,FALSE,1.00033271409799,6921.82249027038,6423.0938516008
216,"mu_beta","beta",0.947,0.962795701240833,0.96069187,0.846824177,1.084940065,0.0157957012408334,0.0157957012408334,TRUE,1.0000150109096,5735.53405045897,7116.08850126733
216,"mu_lambda","lambda",0.164,0.198023711334167,0.19735261,0.163270177,0.2347475465,0.0340237113341667,0.0340237113341667,TRUE,1.00181747186772,2663.42179985053,4412.73158841903
216,"mu_delta","delta",1.08,1.07012855044833,1.06181625,0.9103865755,1.25832757,-0.00987144955166674,0.00987144955166674,TRUE,1.00043396009403,3360.97491925077,4692.66633218237
216,"mu_eta","eta",-0.0696,-0.132638304169032,-0.13411469,-0.200983482,-0.05972666245,-0.0630383041690325,0.0630383041690325,TRUE,1.00043028175167,5131.46778201225,6188.5473534615
217,"mu_alpha","alpha",1.57,1.39646530780667,1.3922806,1.12371618,1.681949585,-0.173534692193333,0.173534692193333,TRUE,1.00082384750029,3680.82838957005,6178.90269100117
217,"mu_beta","beta",0.394,0.422200885230833,0.42139802,0.343977477,0.5040493955,0.0282008852308333,0.0282008852308333,TRUE,1.0000448133118,5021.43124580107,7031.45264094671
217,"mu_lambda","lambda",0.0182,0.0154972377302646,0.014621762,0.00191596076,0.0321932722,-0.00270276226973539,0.00270276226973539,TRUE,1.00030892961409,11586.9360742408,6889.91928897953
217,"mu_delta","delta",1.3,1.182989698745,1.1728554,1.017392065,1.38375578,-0.117010301255,0.117010301255,TRUE,1.00099847664808,2356.75935104033,6064.75149402101
217,"mu_eta","eta",-0.0696,-0.123462071285835,-0.12534738,-0.25181296,0.01331425535,-0.0538620712858345,0.0538620712858345,TRUE,1.00094088103175,4242.81930822191,6624.84436685314
218,"mu_alpha","alpha",2.47,2.48786376719167,2.48140655,2.122813365,2.880484395,0.0178637671916664,0.0178637671916664,TRUE,1.00046907895056,4616.74398346731,6285.11620903156
218,"mu_beta","beta",0.394,0.4647404052675,0.46441161,0.3620567605,0.5698631775,0.0707404052675,0.0707404052675,TRUE,1.00085638278513,4354.15822254642,6378.08838537845
218,"mu_lambda","lambda",0.0182,0.02409719148627,0.023471861,0.006573429845,0.0438590105,0.00589719148627,0.00589719148627,TRUE,1.00080202624301,8390.49862617994,6435.14739359024
218,"mu_delta","delta",1.3,1.28279651880583,1.27084345,1.060861245,1.547132425,-0.0172034811941668,0.0172034811941668,TRUE,1.00178529604408,1727.71860619358,4036.05239413148
218,"mu_eta","eta",-0.0696,-0.0645030152671797,-0.0659285555,-0.193558031,0.067899728,0.00509698473282028,0.00509698473282028,TRUE,1.00177568217964,3805.01733898558,5379.50000967193
219,"mu_alpha","alpha",3.47,3.401537053975,3.3915819,3.056782265,3.776234785,-0.0684629460250004,0.0684629460250004,TRUE,1.0008709660874,8823.8616049227,8393.08455818528
219,"mu_beta","beta",0.394,0.324771078835483,0.323188115,0.2043725555,0.4498344645,-0.0692289211645167,0.0692289211645167,TRUE,1.00017388348396,4707.17089393816,6605.95884816392
219,"mu_lambda","lambda",0.0182,0.0191556494146925,0.0189696635,0.005514879275,0.03346081405,0.000955649414692498,0.000955649414692498,TRUE,1.00013215893723,11847.8680517195,7001.05170726866
219,"mu_delta","delta",1.3,1.01791762202083,1.01525335,0.707527487,1.33432607,-0.282082377979167,0.282082377979167,TRUE,0.999974302932297,5076.84139590685,7500.97376718245
219,"mu_eta","eta",-0.0696,-0.161154619026199,-0.16129238,-0.258502603,-0.0641034187,-0.0915546190261991,0.0915546190261991,TRUE,1.00042744250128,5681.38836212729,7147.12909023022
220,"mu_alpha","alpha",1.57,1.4772717003025,1.4716777,1.174308375,1.793920355,-0.0927282996975001,0.0927282996975001,TRUE,1.00037866993106,3154.82674242668,5925.36693432155
220,"mu_beta","beta",0.67,0.672181400888333,0.671093285,0.570022514,0.777910322,0.0021814008883333,0.0021814008883333,TRUE,1.0003805265449,3780.28934608099,5934.83654842928
220,"mu_lambda","lambda",0.0182,0.0196794309643669,0.019441569,0.005174081225,0.0352690238,0.00147943096436692,0.00147943096436692,TRUE,1.00038444808091,8355.99867356978,4670.82535448885
220,"mu_delta","delta",1.3,1.40807088625833,1.3936228,1.22815611,1.64055691,0.108070886258333,0.108070886258333,TRUE,1.00047304586316,4139.48564430012,3895.69745191545
220,"mu_eta","eta",-0.0696,-0.164918473322036,-0.165458215,-0.265653631,-0.0606763285,-0.0953184733220361,0.0953184733220361,TRUE,1.00179210237868,3600.29467480212,6134.95707653538
221,"mu_alpha","alpha",2.47,2.58761300363333,2.58109595,2.281981835,2.91063857,0.117613003633333,0.117613003633333,TRUE,1.00030405100104,4689.1723609003,7208.84393726843
221,"mu_beta","beta",0.67,0.7275237078575,0.72560277,0.621940159,0.8371332565,0.0575237078574999,0.0575237078574999,TRUE,1.00004108071427,4196.72338688855,5963.97025425846
221,"mu_lambda","lambda",0.0182,0.018440982699942,0.018319623,0.004859234565,0.0324921024,0.000240982699941997,0.000240982699941997,TRUE,1.0002578447871,6595.11801649457,4757.41318986978
221,"mu_delta","delta",1.3,1.33467799574083,1.32991365,1.174884195,1.50989182,0.0346779957408332,0.0346779957408332,TRUE,1.0015125852001,1714.67010905643,3234.38643766796
221,"mu_eta","eta",-0.0696,0.0184681221167718,0.017718054,-0.08630387135,0.1226059175,0.0880681221167718,0.0880681221167718,TRUE,1.0015596625032,2122.72652296514,3696.46575169037
222,"mu_alpha","alpha",3.47,3.913094959625,3.901413,3.465900395,4.39778348,0.443094959625,0.443094959625,TRUE,1.00314446668803,4303.45398734822,5699.48746870778
222,"mu_beta","beta",0.67,0.657726568728333,0.65598934,0.553689402,0.765103667,-0.0122734312716667,0.0122734312716667,TRUE,1.00041206265744,3700.1002201416,6833.88044210162
222,"mu_lambda","lambda",0.0182,0.0122446506189023,0.0118985975,0.002060633425,0.0235931719,-0.00595534938109771,0.00595534938109771,TRUE,1.00063515325898,6545.61524505562,4699.43781321518
222,"mu_delta","delta",1.3,1.42294796512417,1.3916979,1.161557185,1.783314415,0.122947965124167,0.122947965124167,TRUE,1.2327571609365,12.1047866981249,42.0487750464512
222,"mu_eta","eta",-0.0696,-0.128339314077197,-0.12591367,-0.2345098065,-0.03036329135,-0.058739314077197,0.058739314077197,TRUE,1.21123968197746,13.147441081514,38.3446361119663
223,"mu_alpha","alpha",1.57,1.59730295801083,1.5936934,1.342759645,1.86028959,0.0273029580108333,0.0273029580108333,TRUE,1.00122545454753,4641.27720434031,6805.23725107016
223,"mu_beta","beta",0.947,0.817616121805833,0.815641055,0.708139386,0.934911652,-0.129383878194167,0.129383878194167,FALSE,1.00077670347182,3901.05813307211,5890.89434978371
223,"mu_lambda","lambda",0.0182,0.00703187967425256,0.0058042854,0.0004317696555,0.0179360043,-0.0111681203257474,0.0111681203257474,FALSE,1.00000873063551,8475.44318989396,5420.21872115139
223,"mu_delta","delta",1.3,1.44352885449167,1.4271912,1.251399605,1.69297003,0.143528854491667,0.143528854491667,TRUE,1.00167589842845,2020.40208484184,2312.92371115305
223,"mu_eta","eta",-0.0696,-0.115993489447621,-0.11750451,-0.2636669415,0.03701027735,-0.0463934894476208,0.0463934894476208,TRUE,1.00106881526047,2510.86205812943,4127.72509200849
224,"mu_alpha","alpha",2.47,2.63543102919167,2.6295735,2.37501126,2.91528936,0.165431029191666,0.165431029191666,TRUE,1.00055087470332,8399.21390969627,8704.62500107526
224,"mu_beta","beta",0.947,0.951404664025833,0.94965515,0.8453154955,1.06346707,0.00440466402583339,0.00440466402583339,TRUE,1.00018435599553,7238.71979798029,8292.5086743905
224,"mu_lambda","lambda",0.0182,0.0117672711904542,0.0108384485,0.001546144975,0.0253873537,-0.0064327288095458,0.0064327288095458,TRUE,0.999956324626223,8043.60245567564,6467.14401217649
224,"mu_delta","delta",1.3,1.51050867683583,1.4859636,1.252934055,1.85161103,0.210508676835833,0.210508676835833,TRUE,1.00305246381341,1512.11989653495,2527.5884587749
224,"mu_eta","eta",-0.0696,-0.19596682994985,-0.19543839,-0.320872945,-0.07319993685,-0.12636682994985,0.12636682994985,FALSE,1.00082757510665,2443.24470041901,4394.88402244467
225,"mu_alpha","alpha",3.47,3.42223189825833,3.4129757,2.99148513,3.883108235,-0.0477681017416667,0.0477681017416667,TRUE,0.999941191176528,4624.30290237786,6161.65562874786
225,"mu_beta","beta",0.947,0.988989900724167,0.98655946,0.9039764945,1.081697365,0.0419899007241668,0.0419899007241668,TRUE,1.00016972384058,8450.75565176483,7833.98473386546
225,"mu_lambda","lambda",0.0182,0.016878361330985,0.0163290075,0.004666780115,0.03101650575,-0.001321638669015,0.001321638669015,TRUE,1.00035444420765,7384.09098956392,6542.64882681462
225,"mu_delta","delta",1.3,1.28339799603583,1.2589898,1.101663785,1.54275463,-0.0166020039641668,0.0166020039641668,TRUE,1.00282968795859,496.836200438972,1392.10553813108
225,"mu_eta","eta",-0.0696,-0.0523217296908068,-0.0538370645,-0.170585734,0.07312511255,0.0172782703091932,0.0172782703091932,TRUE,1.00093588708299,2351.7168275211,4288.27573975903
226,"mu_alpha","alpha",1.57,1.31273388266167,1.3122182,1.07465363,1.55491393,-0.257266117338333,0.257266117338333,FALSE,1.00038127331949,4820.91251755042,6581.80353480708
226,"mu_beta","beta",0.394,0.222705113618017,0.222471795,0.1202425955,0.32844668,-0.171294886381983,0.171294886381983,FALSE,0.999953569801197,2700.00143009995,5137.73629828369
226,"mu_lambda","lambda",0.0743,0.062862117327125,0.06128138,0.02321528535,0.107936592,-0.011437882672875,0.011437882672875,TRUE,1.00027319788166,6245.80699875229,6370.84966342035
226,"mu_delta","delta",1.3,1.29560279348083,1.2878469,1.13789591,1.48201545,-0.00439720651916664,0.00439720651916664,TRUE,1.00206124257906,3132.91604196684,4435.039610205
226,"mu_eta","eta",-0.0696,-0.112742727664905,-0.109137105,-0.2981116475,0.0598593055999998,-0.0431427276649051,0.0431427276649051,TRUE,1.00096920246048,3070.787069989,4363.46698787905
227,"mu_alpha","alpha",2.47,2.02021203465,2.0165492,1.724231435,2.32580568,-0.44978796535,0.44978796535,FALSE,1.00031044047112,5694.72775523456,7013.73153508828
227,"mu_beta","beta",0.394,0.292262350584417,0.29131855,0.2044630815,0.3828276595,-0.101737649415583,0.101737649415583,FALSE,1.0005532988231,5022.81143892614,5928.28108906366
227,"mu_lambda","lambda",0.0743,0.0724306991714167,0.0723944,0.0457733096,0.09921028085,-0.00186930082858335,0.00186930082858335,TRUE,1.00006727954656,8671.28860370794,6542.32081001716
227,"mu_delta","delta",1.3,1.27641720625,1.2700986,1.13574592,1.43596973,-0.0235827937499999,0.0235827937499999,TRUE,1.01232622394266,394.484652810939,1060.96726051678
227,"mu_eta","eta",-0.0696,-0.0488974340854383,-0.0489765405,-0.178120262,0.08307484095,0.0207025659145617,0.0207025659145617,TRUE,1.00278168164877,1157.90729397708,1983.90674625534
228,"mu_alpha","alpha",3.47,3.75118990396667,3.73967275,3.294934325,4.24590028,0.281189903966666,0.281189903966666,TRUE,1.00066179092377,4740.60808650479,5712.12605789789
228,"mu_beta","beta",0.394,0.455707581029167,0.455149425,0.3541893475,0.560598744,0.0617075810291666,0.0617075810291666,TRUE,1.00061779891186,4900.67344510389,6541.20252314911
228,"mu_lambda","lambda",0.0743,0.07418166861475,0.074126377,0.05402805045,0.0944059581,-0.000118331385250012,0.000118331385250012,TRUE,1.00003497198095,7070.47702992515,7802.28747144385
228,"mu_delta","delta",1.3,1.45734507661667,1.4511751,1.214806825,1.731946925,0.157345076616667,0.157345076616667,TRUE,1.00085285272954,3661.36889700164,4099.52789406623
228,"mu_eta","eta",-0.0696,-0.0997078105238929,-0.101898065,-0.2038845505,0.00908784081499997,-0.0301078105238929,0.0301078105238929,TRUE,1.00021005377895,4431.10074720277,7140.49733948096
229,"mu_alpha","alpha",1.57,1.64614896707333,1.6389122,1.33472406,1.974027445,0.0761489670733333,0.0761489670733333,TRUE,1.00072863956326,4342.39904912001,6820.00255957233
229,"mu_beta","beta",0.67,0.658314238059167,0.657693325,0.559124229,0.760764644,-0.0116857619408334,0.0116857619408334,TRUE,1.00079454233951,5604.39191300115,7946.12367091292
229,"mu_lambda","lambda",0.0743,0.0954157478583333,0.095523247,0.0698254767,0.1209454835,0.0211157478583333,0.0211157478583333,TRUE,0.999852862793159,7853.19873135425,7596.07415305778
229,"mu_delta","delta",1.3,1.26530373857083,1.2553896,1.09212597,1.47641689,-0.0346962614291668,0.0346962614291668,TRUE,1.00082635613737,3857.52047236259,4427.53620334485
229,"mu_eta","eta",-0.0696,-0.0562389217014237,-0.0582160975,-0.1579889665,0.05159839875,0.0133610782985762,0.0133610782985762,TRUE,1.0001272686188,4878.53403580316,6326.49829284424
230,"mu_alpha","alpha",2.47,2.847844569375,2.8342641,2.31483639,3.42856089,0.377844569375,0.377844569375,TRUE,1.00041439335794,3570.60702445533,5854.38246975165
230,"mu_beta","beta",0.67,0.6955883934325,0.693779315,0.548754317,0.8468192885,0.0255883934325,0.0255883934325,TRUE,1.00084924102128,3632.35116475534,5987.32638175441
230,"mu_lambda","lambda",0.0743,0.0708803973723333,0.0706605555,0.0461549615,0.09632183385,-0.00341960262766668,0.00341960262766668,TRUE,1.00028815787717,6042.40470812939,6995.6438139868
230,"mu_delta","delta",1.3,1.11957665787417,1.1034949,0.9392140035,1.354408395,-0.180423342125833,0.180423342125833,TRUE,1.0013955065132,3137.3570875136,4468.21241954343
230,"mu_eta","eta",-0.0696,-0.13134451570864,-0.130884355,-0.249872354,-0.01131467225,-0.0617445157086395,0.0617445157086395,TRUE,1.00079119969534,3525.78852967006,5974.2436186426
231,"mu_alpha","alpha",3.47,3.520349557175,3.51012595,3.087598475,3.984557085,0.0503495571749997,0.0503495571749997,TRUE,1.0004295237534,7575.68801896579,8519.93356685362
231,"mu_beta","beta",0.67,0.633989469404167,0.633381975,0.53200773,0.741003293,-0.0360105305958334,0.0360105305958334,TRUE,1.00051558165021,8171.7546799863,8118.29639775872
231,"mu_lambda","lambda",0.0743,0.0769725483605833,0.0765842465,0.05309122235,0.1015551155,0.00267254836058332,0.00267254836058332,TRUE,0.999927084275273,7711.538737763,8103.93730302019
231,"mu_delta","delta",1.3,1.45698573687417,1.4459723,1.260836375,1.69187354,0.156985736874167,0.156985736874167,TRUE,1.00002912652781,6615.67979277986,5732.52917891679
231,"mu_eta","eta",-0.0696,-0.0729281593221519,-0.0728023965,-0.15170385,0.00597932861499989,-0.0033281593221519,0.0033281593221519,TRUE,0.999923829183232,7750.07161898046,8571.42990476443
232,"mu_alpha","alpha",1.57,1.85837069436917,1.8486044,1.456312265,2.298492625,0.288370694369167,0.288370694369167,TRUE,1.00157098291151,2828.01303366599,5642.75622682563
232,"mu_beta","beta",0.947,0.8746960151075,0.87381765,0.753921669,0.9987473625,-0.0723039848925,0.0723039848925,TRUE,1.0003785283071,3885.79230329866,5691.44136062579
232,"mu_lambda","lambda",0.0743,0.0689636984750833,0.0689440235,0.0497803516,0.08788820075,-0.00533630152491667,0.00533630152491667,TRUE,1.00041237433941,6797.37061285051,6724.13115891755
232,"mu_delta","delta",1.3,1.334636679075,1.31981525,1.19263586,1.526279215,0.0346366790749999,0.0346366790749999,TRUE,1.0010892969237,3064.27405192192,3662.2345886715
232,"mu_eta","eta",-0.0696,-0.016862676446203,-0.015807849,-0.1428336955,0.1047190685,0.052737323553797,0.052737323553797,TRUE,1.00165955536422,2677.59199372855,4737.40604815743
233,"mu_alpha","alpha",2.47,2.19761406815,2.1959628,1.98340744,2.416721135,-0.27238593185,0.27238593185,FALSE,1.00026352807793,11808.7868006902,7225.39095850049
233,"mu_beta","beta",0.947,0.9288158467975,0.92746678,0.7966484955,1.06296063,-0.0181841532025,0.0181841532025,TRUE,1.00012464951404,4835.80808555857,7213.09586188119
233,"mu_lambda","lambda",0.0743,0.107652565439833,0.10733218,0.08365922425,0.1319356245,0.0333525654398333,0.0333525654398333,FALSE,1.00053696154397,6665.68999440709,7298.39239325539
233,"mu_delta","delta",1.3,1.27297347665083,1.2551636,1.15818246,1.447122775,-0.0270265233491667,0.0270265233491667,TRUE,1.00098076355925,3674.36106113317,3348.33342223781
233,"mu_eta","eta",-0.0696,-0.0939599376102263,-0.093750992,-0.230796376,0.0387060576499999,-0.0243599376102263,0.0243599376102263,TRUE,1.00183797648941,3110.01239985604,5490.46454154622
234,"mu_alpha","alpha",3.47,3.412627552325,3.40145815,2.964386625,3.89405845,-0.0573724476750002,0.0573724476750002,TRUE,1.00085878224983,5366.50290475692,7112.34693843433
234,"mu_beta","beta",0.947,0.8435335283875,0.842526285,0.7632983425,0.9282169785,-0.1034664716125,0.1034664716125,FALSE,1.00049793174851,10534.0741198478,8100.80318372513
234,"mu_lambda","lambda",0.0743,0.0869041630505833,0.0863541615,0.061633144,0.1142746115,0.0126041630505833,0.0126041630505833,TRUE,1.00155453392269,4364.45968411314,5890.06251448366
234,"mu_delta","delta",1.3,1.39734212530833,1.36535735,1.203222855,1.711684135,0.0973421253083333,0.0973421253083333,TRUE,1.00407974176263,806.918153887892,2125.54582004766
234,"mu_eta","eta",-0.0696,-0.0475322092699184,-0.051646971,-0.200468366,0.118700332,0.0220677907300816,0.0220677907300816,TRUE,1.00165717940835,1446.66151255412,3567.37667003382
235,"mu_alpha","alpha",1.57,1.9171656215,1.91635625,1.71734236,2.118987295,0.3471656215,0.3471656215,FALSE,1.00032470324543,13670.9697744647,8738.16875879893
235,"mu_beta","beta",0.394,0.472492629708333,0.47173131,0.3486183605,0.5988571925,0.0784926297083333,0.0784926297083333,TRUE,1.00047176973113,4823.78575905555,6690.77137833873
235,"mu_lambda","lambda",0.164,0.169236741343583,0.16848851,0.129727184,0.2117692245,0.00523674134358332,0.00523674134358332,TRUE,1.00146106390096,6271.46848266482,7777.94581228905
235,"mu_delta","delta",1.3,1.19488351180583,1.1868154,1.07399022,1.34606549,-0.105116488194167,0.105116488194167,TRUE,1.00028266630847,4858.25829417673,5789.12803477528
235,"mu_eta","eta",-0.0696,-0.0259715470003411,-0.0303746365,-0.1480033285,0.109517672,0.0436284529996588,0.0436284529996588,TRUE,1.00058030339611,6347.82039022257,7912.35526201457
236,"mu_alpha","alpha",2.47,2.61943493679167,2.6126659,2.2708252,2.983597875,0.149434936791666,0.149434936791666,TRUE,1.00066145618728,4888.76172459427,7012.93656615871
236,"mu_beta","beta",0.394,0.334802394126667,0.33357135,0.243256331,0.42942286,-0.0591976058733333,0.0591976058733333,TRUE,1.00143158140414,4935.40582239099,6895.73503641153
236,"mu_lambda","lambda",0.164,0.164117787550833,0.16353544,0.138059811,0.191729987,0.000117787550833331,0.000117787550833331,TRUE,1.00032476415605,8749.21953561009,8833.84311231313
236,"mu_delta","delta",1.3,1.185519521395,1.1807377,1.010421745,1.38019797,-0.114480478605,0.114480478605,TRUE,1.00494653292854,997.410107304334,4962.70146138095
236,"mu_eta","eta",-0.0696,-0.0848262453675994,-0.0813238015,-0.265982931,0.0862002747,-0.0152262453675994,0.0152262453675994,TRUE,1.00298263908298,1417.89854161292,4093.45923232257
237,"mu_alpha","alpha",3.47,3.41930293416667,3.4131445,2.93304953,3.932126105,-0.0506970658333334,0.0506970658333334,TRUE,1.00047139421963,5138.22309250378,6904.54794116057
237,"mu_beta","beta",0.394,0.4289033461275,0.42828115,0.33434973,0.524818824,0.0349033461275,0.0349033461275,TRUE,1.00031627714681,6829.28673820098,7654.07693903123
237,"mu_lambda","lambda",0.164,0.165288306145667,0.16432571,0.1315145105,0.201871648,0.00128830614566666,0.00128830614566666,TRUE,1.00136455904782,5283.85651170375,7052.82255342924
237,"mu_delta","delta",1.3,1.34360743866083,1.33727895,1.17197597,1.529158835,0.0436074386608334,0.0436074386608334,TRUE,1.00067763905994,5049.01926251986,6729.50119779402
237,"mu_eta","eta",-0.0696,0.00905211963327417,0.0053448826,-0.103987968,0.1314825335,0.0786521196332742,0.0786521196332742,TRUE,1.00017063479488,5509.17980217276,7083.59850174861
238,"mu_alpha","alpha",1.57,1.636078739475,1.6322848,1.41302029,1.869786765,0.066078739475,0.066078739475,TRUE,1.00041642979509,8691.71575454671,8507.03369384202
238,"mu_beta","beta",0.67,0.596018362024167,0.59512013,0.501836116,0.693876433,-0.0739816379758333,0.0739816379758333,TRUE,1.00030435418208,6241.81974220965,7696.83833816803
238,"mu_lambda","lambda",0.164,0.182090054281667,0.181218125,0.150681303,0.2174604675,0.0180900542816667,0.0180900542816667,TRUE,1.00013547760593,7089.71404405575,8503.55263234433
238,"mu_delta","delta",1.3,1.246862950425,1.23083915,1.086247925,1.463931495,-0.0531370495750001,0.0531370495750001,TRUE,1.00025694378288,4549.93268944688,4385.77076330759
238,"mu_eta","eta",-0.0696,-0.187634005800344,-0.18969346,-0.3214242875,-0.04819092425,-0.118034005800344,0.118034005800344,TRUE,1.00038251924786,4752.01970318155,6616.69332659609
239,"mu_alpha","alpha",2.47,2.53169015065833,2.52508015,2.152172215,2.933786075,0.0616901506583329,0.0616901506583329,TRUE,1.00139736447504,4933.10893723563,6693.88387201413
239,"mu_beta","beta",0.67,0.7622978701925,0.76171234,0.629214556,0.898312203,0.0922978701924999,0.0922978701924999,TRUE,1.00149247194592,4523.07310825576,6371.76734958895
239,"mu_lambda","lambda",0.164,0.162103631975,0.161047425,0.1223555555,0.20527087,-0.00189636802500001,0.00189636802500001,TRUE,1.00126459422362,4051.30414325423,5980.5938031025
239,"mu_delta","delta",1.3,1.43531394286833,1.42425235,1.200975745,1.708685185,0.135313942868333,0.135313942868333,TRUE,1.00115903289108,4228.27288033255,4728.4245942196
239,"mu_eta","eta",-0.0696,-0.115671131911876,-0.117701065,-0.240856799,0.0160147674499999,-0.0460711319118763,0.0460711319118763,TRUE,1.0038752520654,3066.83031302245,6005.58747990089
240,"mu_alpha","alpha",3.47,3.39986095668333,3.3913308,3.04934433,3.784499605,-0.0701390433166669,0.0701390433166669,TRUE,1.00040505388651,5546.10227097962,6263.03048910494
240,"mu_beta","beta",0.67,0.672281024164167,0.67157288,0.5880113525,0.76045978,0.00228102416416665,0.00228102416416665,TRUE,1.00003429778769,7216.24645186247,6861.45806123382
240,"mu_lambda","lambda",0.164,0.158488695981,0.15740459,0.1178268975,0.2015908025,-0.00551130401900002,0.00551130401900002,TRUE,1.0030933332067,2754.29067336892,4547.32672576567
240,"mu_delta","delta",1.3,1.21729816167333,1.2049933,1.062911355,1.411464965,-0.0827018383266667,0.0827018383266667,TRUE,1.00365627112167,2000.95770268076,2317.87065621926
240,"mu_eta","eta",-0.0696,-0.0333155833756659,-0.0349182795,-0.153409326,0.0941131843,0.0362844166243341,0.0362844166243341,TRUE,1.00044135187983,2971.98071099787,4303.66224100117
241,"mu_alpha","alpha",1.57,1.386197930635,1.38593675,1.17985087,1.59276518,-0.183802069365,0.183802069365,TRUE,1.0000292765919,11550.2246982354,9099.95626184716
241,"mu_beta","beta",0.947,1.044711100125,1.04399925,0.940853611,1.15280458,0.0977111001250001,0.0977111001250001,TRUE,1.0000862042567,9037.24954373057,9579.90349798419
241,"mu_lambda","lambda",0.164,0.165030225143583,0.16442846,0.129505325,0.202584506,0.00103022514358334,0.00103022514358334,TRUE,1.00086411864026,4714.12952978072,6790.06290472017
241,"mu_delta","delta",1.3,1.35458873756083,1.33797565,1.16038422,1.61032992,0.0545887375608334,0.0545887375608334,TRUE,1.00030928792609,5424.68834640485,4464.60213799421
241,"mu_eta","eta",-0.0696,-0.101296850195817,-0.102673045,-0.197520721,0.000547774275499932,-0.0316968501958172,0.0316968501958172,TRUE,1.00078798599306,5732.33271854235,6808.89755080521
242,"mu_alpha","alpha",2.47,2.514437223,2.5092859,2.21611479,2.827754735,0.0444372229999996,0.0444372229999996,TRUE,1.00036322243566,5615.62853711707,7303.30954839127
242,"mu_beta","beta",0.947,0.944787533508333,0.94334767,0.8450308285,1.051542345,-0.00221246649166662,0.00221246649166662,TRUE,1.00057260269979,5896.11632333521,7138.46731200738
242,"mu_lambda","lambda",0.164,0.184533079193333,0.18406942,0.1514215425,0.2191459255,0.0205330791933333,0.0205330791933333,TRUE,1.00049242685501,3251.52511285638,5213.20361456347
242,"mu_delta","delta",1.3,1.25409072374,1.24411875,1.08057487,1.462167455,-0.04590927626,0.04590927626,TRUE,1.00313484126889,747.481633088776,2536.69826454153
242,"mu_eta","eta",-0.0696,0.0055971050332815,0.0049686245,-0.1251125965,0.140217685,0.0751971050332815,0.0751971050332815,TRUE,1.00181833987824,1471.26251382265,4397.55881717962
243,"mu_alpha","alpha",3.47,3.78248756163333,3.77201625,3.43068609,4.16188359,0.312487561633333,0.312487561633333,TRUE,1.0004491628596,7048.38926016376,7559.55617019767
243,"mu_beta","beta",0.947,0.939716324746667,0.937975655,0.830504411,1.05626165,-0.00728367525333329,0.00728367525333329,TRUE,1.00035721801809,6989.7251176784,7422.7948382479
243,"mu_lambda","lambda",0.164,0.1657603469875,0.16452389,0.126247611,0.2080271495,0.00176034698749999,0.00176034698749999,TRUE,1.00223798398666,2510.77661759904,4163.31076610509
243,"mu_delta","delta",1.3,1.2955101091325,1.2788534,1.091850915,1.553861795,-0.00448989086749996,0.00448989086749996,TRUE,1.00132453683148,2230.06138428354,4385.79741222832
243,"mu_eta","eta",-0.0696,-0.0326956420468763,-0.0334365905,-0.14413873,0.0802635826499999,0.0369043579531237,0.0369043579531237,TRUE,1.0053234367809,1681.36627997971,3016.33929390675
