"k","variable","param","simulated","estimated","median","q5","q95","bias","abs_bias","covered_90","rhat","ess_bulk","ess_tail"
1,"mu_alpha","alpha",2.33,2.74483216271667,2.73204285,2.22671324,3.307404045,0.414832162716666,0.414832162716666,TRUE,1.00186199129823,2940.83648109957,4953.63172208081
1,"mu_beta","beta",0.381,0.379601011489667,0.3781333,0.252728961,0.510725755,-0.00139898851033332,0.00139898851033332,TRUE,1.00137552611532,3230.64206036413,5194.54812751668
1,"mu_lambda","lambda",0.0401,0.03518658326468,0.035001978,0.01383959095,0.0568127047,-0.00491341673532,0.00491341673532,TRUE,1.00039994565732,8064.37317597071,6235.75026154657
1,"mu_delta","delta",0.229,0.115703072771531,0.10604188,0.015859351,0.247613059,-0.113296927228469,0.113296927228469,TRUE,1.00043741696449,7883.92433090658,7047.92273611753
1,"mu_eta","eta",-0.346,-0.367502460491333,-0.367511095,-0.488491674,-0.245231463,-0.0215024604913334,0.0215024604913334,TRUE,1.00029839636807,3069.62831363002,5071.29764117615
2,"mu_alpha","alpha",3.66,3.90316903845833,3.89822265,3.39565752,4.44006821,0.243169038458333,0.243169038458333,TRUE,1.00065149228291,5026.98206349015,6413.21066764793
2,"mu_beta","beta",0.381,0.4809068820025,0.479408195,0.360461399,0.606128916,0.0999068820025,0.0999068820025,TRUE,1.00020346013383,3641.79869966247,5599.97068038559
2,"mu_lambda","lambda",0.0401,0.0235729367281397,0.0228029995,0.006522606775,0.04296286775,-0.0165270632718603,0.0165270632718603,TRUE,1.00076339972828,6701.8385198608,5988.21066274606
2,"mu_delta","delta",0.229,0.159116731328312,0.145643155,0.033200965,0.3300858455,-0.0698832686716875,0.0698832686716875,TRUE,1.00185267819573,3539.18169262845,3433.24800843647
2,"mu_eta","eta",-0.346,-0.238525086035292,-0.239586495,-0.3640670915,-0.1085780225,0.107474913964707,0.107474913964707,TRUE,1.00045310241194,2176.77793630234,4104.06201937071
3,"mu_alpha","alpha",4.96,5.40394153079167,5.4042115,4.99459736,5.80601066,0.443941530791666,0.443941530791666,FALSE,1.00030129617926,8729.62600332163,6213.64853185213
3,"mu_beta","beta",0.381,0.287647893384675,0.28703688,0.1555223165,0.427046854,-0.093352106615325,0.093352106615325,TRUE,1.0002113560217,3167.16249356038,5437.97429602918
3,"mu_lambda","lambda",0.0401,0.0386448234417942,0.038113096,0.0182490053,0.06041399785,-0.00145517655820583,0.00145517655820583,TRUE,1.00040050885549,5085.03843159112,5812.76661851942
3,"mu_delta","delta",0.229,0.326878253344325,0.32538149,0.157866368,0.501936327,0.097878253344325,0.097878253344325,TRUE,1.00014753642799,5252.04186340216,5132.4193849912
3,"mu_eta","eta",-0.346,-0.4254213004975,-0.424888,-0.519226094,-0.333362035,-0.0794213004975,0.0794213004975,TRUE,1.00054325569516,3009.02968946786,5112.82406857643
4,"mu_alpha","alpha",2.33,1.979249137275,1.96160405,1.60547741,2.39453503,-0.350750862725,0.350750862725,TRUE,1.00837481271661,1001.02005552711,2722.56067932783
4,"mu_beta","beta",0.645,0.666775851645833,0.66569057,0.565941543,0.779794805,0.0217758516458333,0.0217758516458333,TRUE,1.02031934148596,267.885599887562,3907.35576221021
4,"mu_lambda","lambda",0.0401,0.0182125438484077,0.0174100895,0.00445846931,0.0359166028,-0.0218874561515923,0.0218874561515923,FALSE,1.00912705659259,548.666197366877,2353.26206432785
4,"mu_delta","delta",0.229,0.199648724444586,0.173378425,0.0329947769,0.553205819999999,-0.0293512755554142,0.0293512755554142,TRUE,1.05786129867819,98.2798812533795,27.2410427488394
4,"mu_eta","eta",-0.346,-0.255674502304358,-0.25383412,-0.3605389,-0.169625817,0.0903254976956416,0.0903254976956416,TRUE,1.05279593159079,71.7176495685961,45.5749786617895
5,"mu_alpha","alpha",3.66,3.815551168575,3.80622985,3.3157473,4.352842365,0.155551168575,0.155551168575,TRUE,1.00188865130849,4449.60816745469,6680.42592281025
5,"mu_beta","beta",0.645,0.679097304056667,0.677919645,0.590853298,0.770390254,0.0340973040566667,0.0340973040566667,TRUE,1.00070513897571,7501.09273140798,8240.49244832567
5,"mu_lambda","lambda",0.0401,0.06389434630875,0.064112931,0.0467380717,0.08009042535,0.02379434630875,0.02379434630875,FALSE,1.00003848181036,8185.19963714814,7028.43696944375
5,"mu_delta","delta",0.229,0.141749902401566,0.1177099,0.01390252975,0.3516424715,-0.0872500975984344,0.0872500975984344,TRUE,1.00164382820959,4914.42265480465,6832.68007415624
5,"mu_eta","eta",-0.346,-0.344557308528333,-0.344114215,-0.4307521735,-0.259411924,0.00144269147166665,0.00144269147166665,TRUE,1.00075413674912,3010.71212322528,4475.93951287477
6,"mu_alpha","alpha",4.96,5.01887243005,5.0114119,4.51719382,5.56070193,0.0588724300500001,0.0588724300500001,TRUE,1.00061195818237,5555.51865696662,4795.53793580028
6,"mu_beta","beta",0.645,0.647845825414167,0.645913445,0.541981212,0.760100129,0.00284582541416667,0.00284582541416667,TRUE,1.00201229282607,5187.01408701453,6129.68141516751
6,"mu_lambda","lambda",0.0401,0.0473965609782083,0.047493616,0.0325048423,0.0618966821,0.00729656097820833,0.00729656097820833,TRUE,1.00029170739946,7292.25305826823,5878.06164414517
6,"mu_delta","delta",0.229,0.3837122774345,0.38751813,0.233359832,0.518501597,0.1547122774345,0.1547122774345,FALSE,1.00079844201833,6270.4344212341,4670.66738851668
6,"mu_eta","eta",-0.346,-0.374411476848333,-0.37431029,-0.456627922,-0.291546462,-0.0284114768483333,0.0284114768483333,TRUE,1.00100208075241,2783.80240657578,5262.93542314292
7,"mu_alpha","alpha",2.33,1.99354837983333,1.98611075,1.65212194,2.35810255,-0.336451620166667,0.336451620166667,TRUE,1.00030259597891,3330.27565447331,5575.03960184903
7,"mu_beta","beta",0.914,0.8191681439,0.81784919,0.7135207475,0.9295133105,-0.0948318561,0.0948318561,TRUE,1.00084114793525,4949.67974888835,7160.58641676048
7,"mu_lambda","lambda",0.0401,0.0232718867223383,0.022387682,0.00612600977,0.0433612653,-0.0168281132776617,0.0168281132776617,TRUE,1.00055362051196,5650.48190805117,4964.15402149835
7,"mu_delta","delta",0.229,0.237540196031246,0.23264554,0.0590822302,0.4320006615,0.00854019603124581,0.00854019603124581,TRUE,1.0001851725283,6739.2628047904,5402.66085069233
7,"mu_eta","eta",-0.346,-0.362474831695583,-0.36150415,-0.4636905375,-0.264778719,-0.0164748316955833,0.0164748316955833,TRUE,1.0011714493381,2702.60280544542,4519.48168003112
8,"mu_alpha","alpha",3.66,3.99081004595833,3.9738427,3.594282325,4.44248123,0.330810045958333,0.330810045958333,TRUE,1.00103003220718,6154.11182238268,5548.04639984858
8,"mu_beta","beta",0.914,0.931140309951667,0.929487915,0.8406311765,1.02781339,0.0171403099516666,0.0171403099516666,TRUE,1.00009259958923,8848.8144681082,7186.17406244494
8,"mu_lambda","lambda",0.0401,0.0159762343439367,0.015186894,0.00363745381,0.0308520253,-0.0241237656560633,0.0241237656560633,FALSE,1.00035247567653,6961.61518420475,6265.51612152145
8,"mu_delta","delta",0.229,0.264194207354208,0.26723781,0.123423352,0.3934539315,0.0351942073542083,0.0351942073542083,TRUE,1.00028170731842,6635.67673846688,4881.61156700366
8,"mu_eta","eta",-0.346,-0.362758656568417,-0.36326611,-0.458033742,-0.26547703,-0.0167586565684167,0.0167586565684167,TRUE,1.00044186429706,2346.08106733743,3698.96174257664
9,"mu_alpha","alpha",4.96,5.122315137575,5.11425475,4.736133725,5.53648328,0.162315137575,0.162315137575,TRUE,1.00046072826185,10346.1849104429,6315.61011389302
9,"mu_beta","beta",0.914,0.978639148145,0.97713458,0.849271596,1.11344932,0.0646391481449999,0.0646391481449999,TRUE,1.00088416217371,6826.20247966966,7891.7030480598
9,"mu_lambda","lambda",0.0401,0.0463085934163583,0.046301848,0.03147905095,0.06093552995,0.00620859341635834,0.00620859341635834,TRUE,1.00086029207203,7293.28100578199,6864.94274100238
9,"mu_delta","delta",0.229,0.180164748654269,0.1769507,0.0583266336,0.3092837865,-0.0488352513457311,0.0488352513457311,TRUE,1.00040050409952,7011.06500728722,6307.4236896446
9,"mu_eta","eta",-0.346,-0.427594565004167,-0.427891335,-0.525705152,-0.329893827,-0.0815945650041667,0.0815945650041667,TRUE,1.00076134875918,2059.2872920622,4179.366773709
10,"mu_alpha","alpha",2.33,2.298771490525,2.2946687,1.942407065,2.674427065,-0.031228509475,0.031228509475,TRUE,1.0002418414726,4023.86729877827,5988.58302369502
10,"mu_beta","beta",0.381,0.315889790265833,0.31534093,0.2430316705,0.3893279415,-0.0651102097341666,0.0651102097341666,TRUE,1.00078636558757,7679.631738206,8253.85234739111
10,"mu_lambda","lambda",0.0704,0.0928277619475833,0.0922558485,0.0652660339,0.1221753995,0.0224277619475833,0.0224277619475833,TRUE,1.00035119442952,7464.24058288529,7437.16095447172
10,"mu_delta","delta",0.229,0.189468136446754,0.18168388,0.03901697435,0.369222386,-0.0395318635532458,0.0395318635532458,TRUE,1.00056942958462,8975.5683503535,6472.5549622571
10,"mu_eta","eta",-0.346,-0.26423861153415,-0.26559019,-0.359642709,-0.1648108965,0.08176138846585,0.08176138846585,TRUE,1.00086514428442,4997.63572447323,6416.70444660571
11,"mu_alpha","alpha",3.66,3.38513140548333,3.3780875,2.959391865,3.829242155,-0.274868594516667,0.274868594516667,TRUE,1.00023528523102,3933.90194885943,6066.74293398228
11,"mu_beta","beta",0.381,0.374476812116667,0.373479045,0.281913773,0.468848594,-0.00652318788333334,0.00652318788333334,TRUE,1.00026655009596,4775.58799314082,6755.45723376058
11,"mu_lambda","lambda",0.0704,0.07235799605675,0.0722991245,0.0533595953,0.09116302755,0.00195799605675,0.00195799605675,TRUE,0.999887680732924,7496.79712176364,7300.55374027401
11,"mu_delta","delta",0.229,0.106595718677368,0.09172891,0.0098532335,0.253749124,-0.122404281322632,0.122404281322632,TRUE,0.999910039444479,6863.97554445923,6307.43632289094
11,"mu_eta","eta",-0.346,-0.389316126845833,-0.39069033,-0.5043479895,-0.2720942695,-0.0433161268458334,0.0433161268458334,TRUE,1.00280024331639,2134.61993985201,3982.8325905663
12,"mu_alpha","alpha",4.96,5.40904173263333,5.4252491,4.928594325,5.842277965,0.449041732633334,0.449041732633334,TRUE,1.0007111543645,6265.03200371483,4976.90412945062
12,"mu_beta","beta",0.381,0.465693250774167,0.4644829,0.3851658045,0.548532785,0.0846932507741667,0.0846932507741667,FALSE,1.00018786620012,6773.50778005216,7132.46669928683
12,"mu_lambda","lambda",0.0704,0.0612235326201667,0.061119331,0.04113705515,0.08214331655,-0.00917646737983334,0.00917646737983334,TRUE,1.00061171420758,4277.04157911171,5934.01901338812
12,"mu_delta","delta",0.229,0.228617983712217,0.226261855,0.0876448479,0.373096986,-0.000382016287783338,0.000382016287783338,TRUE,1.00050421970359,5784.02904914216,5045.16102897854
12,"mu_eta","eta",-0.346,-0.329144733928692,-0.32946175,-0.4393774215,-0.218690176,0.0168552660713083,0.0168552660713083,TRUE,1.002021132129,2370.3936451309,3736.69729124787
13,"mu_alpha","alpha",2.33,2.36098926423333,2.358021,2.070875275,2.661521685,0.0309892642333334,0.0309892642333334,TRUE,1.00002743386575,6812.65763173211,7815.21707160514
13,"mu_beta","beta",0.645,0.654425935425833,0.65352535,0.5712070455,0.741037177,0.00942593542583336,0.00942593542583336,TRUE,1.00020281592547,6722.93163438242,6171.383401576
13,"mu_lambda","lambda",0.0704,0.0839444581655833,0.0832964015,0.0558203955,0.1140959475,0.0135444581655833,0.0135444581655833,TRUE,0.999957296381441,5398.12302774383,6363.24665348871
13,"mu_delta","delta",0.229,0.221599413826746,0.207744985,0.0456874154,0.4421710935,-0.00740058617325418,0.00740058617325418,TRUE,1.00033277281792,6874.78690901257,6845.6409444006
13,"mu_eta","eta",-0.346,-0.318710860569583,-0.318536435,-0.41494313,-0.222431937,0.0272891394304167,0.0272891394304167,TRUE,1.00057486928488,3846.07102587912,5840.00916217748
14,"mu_alpha","alpha",3.66,3.35657044685,3.35081435,2.911941615,3.8321915,-0.30342955315,0.30342955315,TRUE,1.00155338848385,4862.54315238896,6751.20812881007
14,"mu_beta","beta",0.645,0.763171872583333,0.761138465,0.664263796,0.8682933595,0.118171872583333,0.118171872583333,FALSE,1.00019233981203,6738.49824323408,7606.90601712657
14,"mu_lambda","lambda",0.0704,0.0567265647059167,0.056957049,0.0409742102,0.07145759255,-0.0136734352940833,0.0136734352940833,TRUE,1.00001500463193,8483.66659715338,6320.72257824133
14,"mu_delta","delta",0.229,0.2737162308615,0.27379365,0.101257988,0.4367526155,0.0447162308615003,0.0447162308615003,TRUE,1.0007749032044,5615.0373170911,4003.4889846895
14,"mu_eta","eta",-0.346,-0.364678192037583,-0.364654745,-0.45856349,-0.273760949,-0.0186781920375834,0.0186781920375834,TRUE,1.00186833974901,3007.34118790102,4023.89681205939
15,"mu_alpha","alpha",4.96,5.17538483986667,5.17014295,4.684091725,5.690326795,0.215384839866667,0.215384839866667,TRUE,1.00018399682207,6282.78368022504,4944.91522734027
15,"mu_beta","beta",0.645,0.536817372366667,0.53550222,0.392587516,0.6853215005,-0.108182627633333,0.108182627633333,TRUE,1.0003862183767,3409.74343729811,4680.01185111265
15,"mu_lambda","lambda",0.0704,0.0676916023974083,0.067151396,0.04232428615,0.09469336705,-0.00270839760259167,0.00270839760259167,TRUE,1.00058937181367,3959.73901788343,6182.11896470698
15,"mu_delta","delta",0.229,0.168691833679256,0.16836683,0.0457396086,0.2913227515,-0.0603081663207442,0.0603081663207442,TRUE,1.00009874217244,8080.14612851291,4658.11395631688
15,"mu_eta","eta",-0.346,-0.346859745102417,-0.34735917,-0.464663945,-0.2265260865,-0.000859745102416709,0.000859745102416709,TRUE,1.0008980251302,1920.74344846244,3535.14154729572
16,"mu_alpha","alpha",2.33,2.150864105775,2.14536335,1.762826675,2.556836825,-0.179135894225,0.179135894225,TRUE,1.00082819303003,3836.26797266132,5677.89859657774
16,"mu_beta","beta",0.914,1.035179547525,1.0334194,0.918674898,1.16005105,0.121179547525,0.121179547525,FALSE,1.00100355293605,5849.59045833138,6593.35339316036
16,"mu_lambda","lambda",0.0704,0.0645495208525833,0.064015092,0.03894544365,0.09136591455,-0.00585047914741667,0.00585047914741667,TRUE,1.0012287750288,5182.85510549045,6289.6122992508
16,"mu_delta","delta",0.229,0.371515018306667,0.37542555,0.2350186675,0.493016267,0.142515018306667,0.142515018306667,FALSE,1.00029055021083,8742.42843515587,4981.52709533634
16,"mu_eta","eta",-0.346,-0.3621683474125,-0.36212783,-0.45707061,-0.267296685,-0.0161683474125,0.0161683474125,TRUE,1.00074764511461,2869.97051626518,5219.70858001776
17,"mu_alpha","alpha",3.66,3.67915233339167,3.6730371,3.32614136,4.06524074,0.0191523333916663,0.0191523333916663,TRUE,1.0002186245111,7060.49919944977,7699.44137848824
17,"mu_beta","beta",0.914,0.906813162751667,0.905365145,0.789767646,1.029155175,-0.00718683724833336,0.00718683724833336,TRUE,1.00047075898666,5694.08157707582,6652.92135244177
17,"mu_lambda","lambda",0.0704,0.0816348443030833,0.0817073975,0.06314921235,0.0998647967,0.0112348443030833,0.0112348443030833,TRUE,1.00102282093297,6183.48590375109,7008.11807463558
17,"mu_delta","delta",0.229,0.307276356294767,0.308701135,0.143554282,0.4634607985,0.0782763562947667,0.0782763562947667,TRUE,1.00151634186816,4446.15103149719,3867.88487435139
17,"mu_eta","eta",-0.346,-0.30380963407875,-0.30434575,-0.427682459,-0.178397389,0.04219036592125,0.04219036592125,TRUE,1.00215150592938,1826.42992206278,3397.10489698728
18,"mu_alpha","alpha",4.96,5.38570156195833,5.38757695,4.950029175,5.818223465,0.425701561958333,0.425701561958333,TRUE,1.00079565647813,6390.73015823991,6262.23730719375
18,"mu_beta","beta",0.914,0.914611440021667,0.912719245,0.7796808835,1.056097335,0.000611440021666576,0.000611440021666576,TRUE,1.0012123790789,4405.70462197418,6782.71808474648
18,"mu_lambda","lambda",0.0704,0.0915863285355,0.091499319,0.07024531575,0.112552986,0.0211863285355,0.0211863285355,TRUE,1.00041896298611,3815.13329898577,5323.28000057301
18,"mu_delta","delta",0.229,0.250155956914833,0.24625459,0.1249579205,0.3868591555,0.0211559569148333,0.0211559569148333,TRUE,1.00056398102944,4810.06699947411,3559.67492847905
18,"mu_eta","eta",-0.346,-0.339444257098917,-0.33933663,-0.445237527,-0.236806909,0.00655574290108329,0.00655574290108329,TRUE,1.00078542788186,1880.97685715412,3956.11067915832
19,"mu_alpha","alpha",2.33,2.14070515249333,2.13349605,1.704886785,2.607903245,-0.189294847506667,0.189294847506667,TRUE,1.00090309379213,3764.82042308318,5644.94321557015
19,"mu_beta","beta",0.381,0.3412704242145,0.340613275,0.2062657455,0.47817815,-0.0397295757855,0.0397295757855,TRUE,1.00085328769694,3143.89627166304,5685.75088006524
19,"mu_lambda","lambda",0.103,0.10091100465925,0.10057491,0.0647163916,0.137842172,-0.00208899534074999,0.00208899534074999,TRUE,1.00071277460411,6071.66650496634,7386.05702336787
19,"mu_delta","delta",0.229,0.224262569367409,0.222584585,0.0606180586,0.3948873775,-0.00473743063259086,0.00473743063259086,TRUE,1.00003220073902,11198.427098129,6155.87011516031
19,"mu_eta","eta",-0.346,-0.3395087307135,-0.33966339,-0.437745552,-0.2401790505,0.00649126928649996,0.00649126928649996,TRUE,1.00050521090204,5455.58727807834,7898.62092430018
20,"mu_alpha","alpha",3.66,3.67185133106667,3.6654972,3.265595445,4.10093301,0.0118513310666666,0.0118513310666666,TRUE,1.00107120872399,4935.65713026661,6162.32481773977
20,"mu_beta","beta",0.381,0.37829012715325,0.37682635,0.255682723,0.506745401,-0.00270987284675001,0.00270987284675001,TRUE,1.00072420615409,3251.56585507044,5344.42765081161
20,"mu_lambda","lambda",0.103,0.0911000701585,0.0904239415,0.06182195605,0.1230651055,-0.0118999298415,0.0118999298415,TRUE,1.00001285547984,4039.58412811647,6097.84072227465
20,"mu_delta","delta",0.229,0.191672462956901,0.183958255,0.0424732258,0.365103833,-0.0373275370430989,0.0373275370430989,TRUE,1.00074263166165,6161.7674472105,5750.09161283784
20,"mu_eta","eta",-0.346,-0.357813939529833,-0.358264635,-0.469007434,-0.2443593125,-0.0118139395298333,0.0118139395298333,TRUE,1.00125553689142,2879.54171504348,4614.21767740465
21,"mu_alpha","alpha",4.96,5.29541677166667,5.2989803,4.82000676,5.75579781,0.335416771666667,0.335416771666667,TRUE,1.00057234060365,5610.90013562739,5821.18663605635
21,"mu_beta","beta",0.381,0.217429351393167,0.21628681,0.140448258,0.2964865865,-0.163570648606833,0.163570648606833,FALSE,1.00069724618495,7276.3393552691,6592.66833793753
21,"mu_lambda","lambda",0.103,0.111525123795917,0.11119547,0.0879496451,0.135790577,0.00852512379591668,0.00852512379591668,TRUE,1.0015613002879,4024.65790871527,6618.63867276971
21,"mu_delta","delta",0.229,0.151864678724035,0.140559275,0.0268164219,0.3171330635,-0.0771353212759653,0.0771353212759653,TRUE,1.0005988634403,5522.49125965004,5008.94072827558
21,"mu_eta","eta",-0.346,-0.357699195131333,-0.357548295,-0.478169161,-0.2391054105,-0.0116991951313334,0.0116991951313334,TRUE,1.00152018572949,1974.08867407244,1208.16586216962
22,"mu_alpha","alpha",2.33,2.51379786701667,2.50610665,2.078524405,2.969276725,0.183797867016667,0.183797867016667,TRUE,1.00027046753471,4201.51511643073,5425.39696705284
22,"mu_beta","beta",0.645,0.575485768075,0.574418205,0.4956939865,0.6588432595,-0.0695142319250001,0.0695142319250001,TRUE,1.00024942740392,8445.83199838031,7916.56381339213
22,"mu_lambda","lambda",0.103,0.0921380222565833,0.0914676295,0.06070640725,0.125866213,-0.0108619777434167,0.0108619777434167,TRUE,1.0004644131319,6269.49778339187,7061.77507544109
22,"mu_delta","delta",0.229,0.200418353137242,0.197865605,0.04990394245,0.3586729975,-0.0285816468627579,0.0285816468627579,TRUE,1.00088264606453,6625.22166614651,4062.74174443741
22,"mu_eta","eta",-0.346,-0.325233166924333,-0.3248714,-0.441960519,-0.208436875,0.0207668330756666,0.0207668330756666,TRUE,1.00098673814299,3774.48671310825,5238.4478061622
23,"mu_alpha","alpha",3.66,3.48997664256667,3.48514295,2.95819433,4.02096547,-0.170023357433334,0.170023357433334,TRUE,1.00079266439006,4069.89305073686,5463.12252269534
23,"mu_beta","beta",0.645,0.687732255406667,0.687665705,0.5290167895,0.846556497,0.0427322554066667,0.0427322554066667,TRUE,1.00067719637796,3035.80840647963,4510.54048272009
23,"mu_lambda","lambda",0.103,0.0879603329414167,0.086887984,0.0545959061,0.124810118,-0.0150396670585833,0.0150396670585833,TRUE,1.00145055643852,3447.19880095071,5120.13876815242
23,"mu_delta","delta",0.229,0.0935950560428198,0.0829328475,0.00926574737,0.216815055,-0.13540494395718,0.13540494395718,FALSE,0.99997464766509,8363.61239779875,7548.45610446294
23,"mu_eta","eta",-0.346,-0.319911042758167,-0.31994303,-0.41808165,-0.2219102005,0.0260889572418333,0.0260889572418333,TRUE,1.00135977326989,2591.83187543381,5008.27464215801
24,"mu_alpha","alpha",4.96,5.35485428716667,5.3523742,4.91445605,5.795147055,0.394854287166667,0.394854287166667,TRUE,1.0003855352374,6559.0549088449,5491.42659524955
24,"mu_beta","beta",0.645,0.558353914735,0.55651867,0.455245781,0.667933896,-0.0866460852650001,0.0866460852650001,TRUE,1.00065877718989,5821.78065726791,7402.18564200981
24,"mu_lambda","lambda",0.103,0.1309989050005,0.130288725,0.0972610191,0.16637831,0.0279989050005,0.0279989050005,TRUE,1.00055685808441,3094.30267982018,5264.0788117472
24,"mu_delta","delta",0.229,0.224416842096475,0.226912685,0.0945962016,0.346282665,-0.00458315790352501,0.00458315790352501,TRUE,1.00034668392962,8638.02818609167,4533.91005268608
24,"mu_eta","eta",-0.346,-0.3827848284475,-0.382385305,-0.4904503015,-0.276514962,-0.0367848284475,0.0367848284475,TRUE,1.00071358651395,2499.01836565551,4236.98218222532
25,"mu_alpha","alpha",2.33,2.13380985724167,2.12935175,1.803091595,2.47859466,-0.196190142758333,0.196190142758333,TRUE,1.00012501270048,5897.32691675257,6891.76088094862
25,"mu_beta","beta",0.914,0.867287491186667,0.86665628,0.744349439,0.9957598165,-0.0467125088133333,0.0467125088133333,TRUE,1.00124915359544,5500.29167583325,7301.40064965681
25,"mu_lambda","lambda",0.103,0.103664688707083,0.103563625,0.077802657,0.1303318205,0.000664688707083333,0.000664688707083333,TRUE,1.00025247806956,5891.91605664855,7394.10567383562
25,"mu_delta","delta",0.229,0.132666219121085,0.121793365,0.0173356359,0.2810176725,-0.0963337808789154,0.0963337808789154,TRUE,1.00081610135324,9682.80123150964,7453.05677044261
25,"mu_eta","eta",-0.346,-0.416048306385,-0.41620805,-0.534062216,-0.298847466,-0.070048306385,0.070048306385,TRUE,1.00057068946663,2916.46940573748,4205.38991346378
26,"mu_alpha","alpha",3.66,3.153410978525,3.14760955,2.752757405,3.57809122,-0.506589021475,0.506589021475,FALSE,1.00003215790062,7760.32666360585,8308.87402778021
26,"mu_beta","beta",0.914,0.945988481058333,0.944868825,0.8168222745,1.08012216,0.0319884810583333,0.0319884810583333,TRUE,1.00128491626663,7478.97607626969,8129.05623096731
26,"mu_lambda","lambda",0.103,0.0838747244133333,0.083817103,0.0599768431,0.107837965,-0.0191252755866667,0.0191252755866667,TRUE,1.00039767566633,6991.45721641008,7406.18523966774
26,"mu_delta","delta",0.229,0.413491596227283,0.42175859,0.21952329,0.575556317,0.184491596227283,0.184491596227283,TRUE,1.00022313970688,9200.4519049448,5169.49836363433
26,"mu_eta","eta",-0.346,-0.319983586664667,-0.319468085,-0.401927542,-0.2387398145,0.0260164133353333,0.0260164133353333,TRUE,1.00047031346628,4689.42906658622,6846.7004952165
27,"mu_alpha","alpha",4.96,5.1554503027,5.1484859,4.70465902,5.63017778,0.1954503027,0.1954503027,TRUE,1.00017101483129,7343.54836178266,6559.66972409741
27,"mu_beta","beta",0.914,0.89964798997,0.897297405,0.7657298535,1.04008311,-0.0143520100300001,0.0143520100300001,TRUE,1.00051911070151,5387.65307357581,6271.23384363275
27,"mu_lambda","lambda",0.103,0.103460519253417,0.101992205,0.07207262315,0.1397924695,0.000460519253416669,0.000460519253416669,TRUE,1.00068382180319,2680.18247397614,4056.6057768391
27,"mu_delta","delta",0.229,0.226846802384017,0.227003375,0.102402134,0.348121129,-0.00215319761598334,0.00215319761598334,TRUE,1.00050006505655,7653.21203279879,5447.21177701136
27,"mu_eta","eta",-0.346,-0.3833548137975,-0.383448165,-0.4766175735,-0.2909670385,-0.0373548137975001,0.0373548137975001,TRUE,1.00225642412589,2256.25554714819,4012.61617560044
28,"mu_alpha","alpha",2.33,2.49836568704167,2.48991435,2.132825095,2.88978529,0.168365687041667,0.168365687041667,TRUE,1.00067075760862,3994.77340508847,6381.32132141081
28,"mu_beta","beta",0.381,0.439739040993333,0.439670585,0.3505393355,0.530321272,0.0587390409933333,0.0587390409933333,TRUE,1.00063734250042,4807.00351665866,6561.31606853466
28,"mu_lambda","lambda",0.0401,0.0434123039667083,0.0434472115,0.02037648165,0.06652350575,0.00331230396670833,0.00331230396670833,TRUE,1.00022964971237,6557.45700220071,5132.24665410268
28,"mu_delta","delta",0.765,0.445737284665702,0.44785391,0.1456564875,0.735870908,-0.319262715334298,0.319262715334298,FALSE,1.0012387069852,4243.06768625358,5976.64865867164
28,"mu_eta","eta",-0.346,-0.359683654226583,-0.359790305,-0.4443522945,-0.275359022,-0.0136836542265834,0.0136836542265834,TRUE,1.00081816671233,3959.70355613159,4182.43912654614
29,"mu_alpha","alpha",3.66,3.67179503688333,3.66435,3.258934825,4.11275237,0.0117950368833331,0.0117950368833331,TRUE,1.0000576351528,6128.80239275948,6864.74991951158
29,"mu_beta","beta",0.381,0.356533247248333,0.35587436,0.2734132955,0.442267436,-0.0244667527516667,0.0244667527516667,TRUE,1.00003001605117,7348.81751000532,7885.48594169933
29,"mu_lambda","lambda",0.0401,0.0522856456605083,0.051814197,0.03011932205,0.07507443025,0.0121856456605083,0.0121856456605083,TRUE,1.00038719814892,6586.34177704843,6248.27467113387
29,"mu_delta","delta",0.765,0.852878549421667,0.854510135,0.740635528,0.9576034265,0.0878785494216666,0.0878785494216666,TRUE,1.00109990256948,3580.3051407972,2138.03646924098
29,"mu_eta","eta",-0.346,-0.3815508386665,-0.38182045,-0.4931258845,-0.2682283995,-0.0355508386665001,0.0355508386665001,TRUE,1.00080362877321,3222.59659962671,5700.22181227285
30,"mu_alpha","alpha",4.96,4.78810870763333,4.78180345,4.443821855,5.16219025,-0.171891292366666,0.171891292366666,TRUE,1.00074817088104,10002.6274406401,6774.58763994626
30,"mu_beta","beta",0.381,0.523557701768333,0.52150048,0.391641993,0.6583484505,0.142557701768333,0.142557701768333,FALSE,1.00104743054476,3751.19176555903,4782.31433658145
30,"mu_lambda","lambda",0.0401,0.0447380359933333,0.0448022335,0.03248862525,0.0566501929,0.00463803599333334,0.00463803599333334,TRUE,1.00051855533196,10641.2968715522,6888.69450948136
30,"mu_delta","delta",0.765,0.373405078292842,0.36775266,0.1395193225,0.623448568,-0.391594921707158,0.391594921707158,FALSE,1.00130238142892,3990.56272262417,3049.06219529067
30,"mu_eta","eta",-0.346,-0.337936432466583,-0.337237945,-0.437018694,-0.2406804805,0.00806356753341664,0.00806356753341664,TRUE,1.00050692524573,2315.10312120981,3907.35963190324
31,"mu_alpha","alpha",2.33,2.66738017040833,2.6601649,2.239798785,3.12068282,0.337380170408333,0.337380170408333,TRUE,1.00009093566986,3812.14338609758,6058.11264787674
31,"mu_beta","beta",0.645,0.645826583365,0.64499726,0.5537699115,0.743210933,0.000826583364999967,0.000826583364999967,TRUE,1.00023984476335,5565.01449309616,7516.63681038375
31,"mu_lambda","lambda",0.0401,0.045138043701645,0.0438529745,0.01811388675,0.0757315552,0.005038043701645,0.005038043701645,TRUE,1.00086727183101,4615.64125492754,5965.35991511525
31,"mu_delta","delta",0.765,0.79546427999975,0.79283105,0.5600603855,1.03872357,0.03046427999975,0.03046427999975,TRUE,1.00016875583167,3208.46047158205,5004.48918491016
31,"mu_eta","eta",-0.346,-0.412114748030833,-0.41171837,-0.5247294445,-0.3012292325,-0.0661147480308333,0.0661147480308333,TRUE,1.00149918746847,3379.73332482376,5438.26340246289
32,"mu_alpha","alpha",3.66,3.64589790923333,3.63433935,3.204849835,4.12462531,-0.0141020907666669,0.0141020907666669,TRUE,1.00071584002812,5127.47196710796,5978.24679605553
32,"mu_beta","beta",0.645,0.6937001107175,0.691744805,0.5332711405,0.860221459,0.0487001107175,0.0487001107175,TRUE,1.00118531431307,3599.50621382978,5385.84852451753
32,"mu_lambda","lambda",0.0401,0.0374957036733167,0.037589204,0.019429063,0.05499748055,-0.00260429632668333,0.00260429632668333,TRUE,1.00091685819967,5859.36678067269,5600.5403272952
32,"mu_delta","delta",0.765,0.740332935248333,0.741777065,0.5875816795,0.8848191285,-0.0246670647516667,0.0246670647516667,TRUE,1.00089495612408,3738.52791344569,4891.8773401439
32,"mu_eta","eta",-0.346,-0.364859954650833,-0.365093365,-0.4602706045,-0.26840676,-0.0188599546508333,0.0188599546508333,TRUE,1.00126187248613,2986.01826040595,4949.19629475129
33,"mu_alpha","alpha",4.96,5.0516265636,5.044888,4.645731005,5.486241565,0.0916265636000002,0.0916265636000002,TRUE,1.00013284813446,7296.06520573385,5065.789608826
33,"mu_beta","beta",0.645,0.6640174351025,0.66338388,0.561959326,0.7688426935,0.0190174351025,0.0190174351025,TRUE,1.0006256335134,6147.18491007507,7559.04393985341
33,"mu_lambda","lambda",0.0401,0.0437572568724167,0.043860131,0.0312878683,0.0558982315,0.00365725687241667,0.00365725687241667,TRUE,1.00058411426526,9454.1198355222,6726.51416429259
33,"mu_delta","delta",0.765,0.69590530133175,0.69610447,0.4801502225,0.90741281,-0.06909469866825,0.06909469866825,TRUE,1.00171764183857,2628.91037194308,3366.78069254087
33,"mu_eta","eta",-0.346,-0.259229010468167,-0.258951945,-0.341740267,-0.174048169,0.0867709895318333,0.0867709895318333,FALSE,1.00046196174826,2904.81176086549,5022.3140964722
34,"mu_alpha","alpha",2.33,2.25048719240833,2.2445744,1.91572398,2.61082833,-0.0795128075916667,0.0795128075916667,TRUE,1.0014961299428,3499.84101290104,4156.83319873692
34,"mu_beta","beta",0.914,0.887941478349167,0.88683155,0.772452333,1.009822375,-0.0260585216508333,0.0260585216508333,TRUE,1.0005724678765,5067.79861146026,6507.9232691422
34,"mu_lambda","lambda",0.0401,0.0301998241147567,0.029675938,0.0108345506,0.0514348917,-0.00990017588524333,0.00990017588524333,TRUE,1.00087820810011,5628.17557030897,4719.23965296601
34,"mu_delta","delta",0.765,0.211840408484452,0.19517381,0.02819923705,0.454155519,-0.553159591515548,0.553159591515548,FALSE,1.00004520579968,4773.17176787723,5624.30648079334
34,"mu_eta","eta",-0.346,-0.32950198467525,-0.328826125,-0.408290686,-0.2533624325,0.01649801532475,0.01649801532475,TRUE,1.00085203940858,3205.45740396088,5862.067679158
35,"mu_alpha","alpha",3.66,3.598916722425,3.58682065,3.09572135,4.126206145,-0.0610832775750003,0.0610832775750003,TRUE,1.00044339789186,4500.15388309941,6269.84536037818
35,"mu_beta","beta",0.914,0.902613281054167,0.90041491,0.7973100295,1.019017255,-0.0113867189458333,0.0113867189458333,TRUE,1.00077603048784,6025.31454142777,6986.45130786422
35,"mu_lambda","lambda",0.0401,0.0407959690180833,0.0407919005,0.02167799975,0.0598769838,0.000695969018083338,0.000695969018083338,TRUE,1.00032405250141,5160.19864262266,5783.648665603
35,"mu_delta","delta",0.765,0.621745509059833,0.620095505,0.3695874205,0.879085199,-0.143254490940167,0.143254490940167,TRUE,1.00081948241252,3225.15896929631,5304.70343108571
35,"mu_eta","eta",-0.346,-0.323329953141167,-0.32438072,-0.4427525375,-0.2005891695,0.0226700468588333,0.0226700468588333,TRUE,1.00165034813042,1928.66277822798,3685.25478545935
36,"mu_alpha","alpha",4.96,4.85699224458333,4.84109635,4.44011343,5.325198945,-0.103007755416667,0.103007755416667,TRUE,1.0005765187587,7877.55775763584,5827.5634147915
36,"mu_beta","beta",0.914,0.859746493224167,0.857950495,0.707520156,1.01910354,-0.0542535067758334,0.0542535067758334,TRUE,1.00104717885644,4685.68640498326,5541.27705320915
36,"mu_lambda","lambda",0.0401,0.0331835091429667,0.033378258,0.01957112885,0.0461128367,-0.00691649085703333,0.00691649085703333,TRUE,1.00023892830757,8687.27940809948,6378.6462316786
36,"mu_delta","delta",0.765,0.881837561040833,0.87054532,0.7524291305,1.05134799,0.116837561040833,0.116837561040833,TRUE,1.08465666663088,30.4193823184057,81.0819927731923
36,"mu_eta","eta",-0.346,-0.360579586207417,-0.360653475,-0.479984959,-0.2398095595,-0.0145795862074167,0.0145795862074167,TRUE,1.05475816267637,53.6124813038538,1568.54363367388
37,"mu_alpha","alpha",2.33,2.2177599127225,2.2038597,1.726975125,2.74585646,-0.1122400872775,0.1122400872775,TRUE,1.00074477497549,2799.19312571623,4425.72702731146
37,"mu_beta","beta",0.381,0.325871285353583,0.326021745,0.1930469065,0.460910954,-0.0551287146464167,0.0551287146464167,TRUE,1.00147645178561,2731.35859824478,4146.45672645881
37,"mu_lambda","lambda",0.0704,0.0840655607116667,0.0842104805,0.05812612235,0.1098491515,0.0136655607116667,0.0136655607116667,TRUE,1.00001021471335,7826.37568166956,7023.95128135776
37,"mu_delta","delta",0.765,0.779489888101,0.787411035,0.546760659,0.9858395315,0.0144898881009999,0.0144898881009999,TRUE,1.00108346218447,2942.9261437969,4144.32798260541
37,"mu_eta","eta",-0.346,-0.382971187102417,-0.38324903,-0.5028782545,-0.2617500635,-0.0369711871024167,0.0369711871024167,TRUE,1.00036470032869,3955.02047862974,6509.88017863355
38,"mu_alpha","alpha",3.66,3.50485403849167,3.49732635,3.22920774,3.80055,-0.155145961508333,0.155145961508333,TRUE,1.00010654516902,8978.32508926772,6980.18463647988
38,"mu_beta","beta",0.381,0.421364360750083,0.42001716,0.297336246,0.5494579005,0.0403643607500833,0.0403643607500833,TRUE,0.99998361067894,3906.06932971768,5877.74859195563
38,"mu_lambda","lambda",0.0704,0.0657696153661083,0.064641405,0.03480360285,0.0997680093,-0.00463038463389168,0.00463038463389168,TRUE,1.00006722854527,4047.58242210848,5733.98969229973
38,"mu_delta","delta",0.765,0.748503433790142,0.770724135,0.3008732565,1.125505385,-0.0164965662098584,0.0164965662098584,TRUE,1.00049247642126,2845.34987389063,4664.23376827793
38,"mu_eta","eta",-0.346,-0.40857832919,-0.408012285,-0.49081391,-0.326317865,-0.06257832919,0.06257832919,TRUE,1.00001943014103,5282.86861468379,6585.05980798805
39,"mu_alpha","alpha",4.96,5.2964577994,5.2978008,4.825901005,5.761950025,0.3364577994,0.3364577994,TRUE,1.00132801270486,6286.49997354003,6212.31485248379
39,"mu_beta","beta",0.381,0.48212166193,0.481380155,0.363326034,0.6055245845,0.10112166193,0.10112166193,TRUE,1.0009845374024,5208.58456114037,7714.6883794343
39,"mu_lambda","lambda",0.0704,0.0645426428764167,0.064580711,0.04612084465,0.08285817255,-0.00585735712358333,0.00585735712358333,TRUE,1.00002355556078,6387.07251197395,6534.98452144433
39,"mu_delta","delta",0.765,0.596278340772,0.604324235,0.311774059,0.8507174625,-0.168721659228,0.168721659228,TRUE,1.00138802402905,3930.94436481766,4004.68008814697
39,"mu_eta","eta",-0.346,-0.3087029531965,-0.30846192,-0.3855431905,-0.2317000105,0.0372970468035,0.0372970468035,TRUE,1.00055424464494,3986.61227676189,5822.73932655393
40,"mu_alpha","alpha",2.33,2.4662874853,2.45616055,2.022623725,2.94207194,0.1362874853,0.1362874853,TRUE,1.00047664512754,3278.68704582224,5992.15259801011
40,"mu_beta","beta",0.645,0.629338278249167,0.628816485,0.4828660375,0.7796311395,-0.0156617217508334,0.0156617217508334,TRUE,1.00103070972456,3272.52044887024,4625.65720130766
40,"mu_lambda","lambda",0.0704,0.0579500884090333,0.0579416105,0.03471883405,0.0819372574,-0.0124499115909667,0.0124499115909667,TRUE,1.00038236568373,6540.37795378103,6396.72470082376
40,"mu_delta","delta",0.765,0.896715849236667,0.89112322,0.5827818135,1.227695905,0.131715849236667,0.131715849236667,TRUE,1.00076482900196,3281.46121712396,5074.22043819527
40,"mu_eta","eta",-0.346,-0.385361303988833,-0.38574968,-0.499837917,-0.2694288995,-0.0393613039888334,0.0393613039888334,TRUE,1.00104349773107,3305.16800794513,4984.94847972348
41,"mu_alpha","alpha",3.66,3.727894173625,3.72013495,3.31592447,4.16735158,0.0678941736250001,0.0678941736250001,TRUE,1.0003429677527,6610.10086415493,7736.99127934867
41,"mu_beta","beta",0.645,0.697073183123333,0.69660558,0.5440107495,0.8537042265,0.0520731831233333,0.0520731831233333,TRUE,1.00076539728481,3908.47833831353,5907.49952722023
41,"mu_lambda","lambda",0.0704,0.09765096275425,0.0974341915,0.0723585928,0.1236880045,0.02725096275425,0.02725096275425,FALSE,1.00074562126912,5155.07267252214,6895.86503347646
41,"mu_delta","delta",0.765,0.7909423973575,0.796843425,0.5685343525,0.9854217965,0.0259423973575,0.0259423973575,TRUE,1.00031476375981,3934.35135714667,5272.24158847671
41,"mu_eta","eta",-0.346,-0.294312815256883,-0.294236015,-0.407765787,-0.1817199225,0.0516871847431166,0.0516871847431166,TRUE,1.00105992974108,3353.04259897711,5600.59292310387
42,"mu_alpha","alpha",4.96,5.28732372961667,5.281056,4.90034851,5.6989241,0.327323729616666,0.327323729616666,TRUE,1.00034926917425,10864.1818059608,6043.84539330558
42,"mu_beta","beta",0.645,0.794005170609167,0.79264699,0.6864518705,0.9057869585,0.149005170609167,0.149005170609167,FALSE,1.00012198256288,9672.22435739668,7852.93102222891
42,"mu_lambda","lambda",0.0704,0.0897483553929167,0.0888921375,0.06217043825,0.120092663,0.0193483553929167,0.0193483553929167,TRUE,1.0009505746102,3890.70210077744,5215.36120147757
42,"mu_delta","delta",0.765,0.712951276260833,0.72043289,0.5329919465,0.863193749,-0.0520487237391667,0.0520487237391667,TRUE,1.00006285285915,6347.0859412451,5580.13461951088
42,"mu_eta","eta",-0.346,-0.299912155943083,-0.299942475,-0.3758910585,-0.223349035,0.0460878440569166,0.0460878440569166,TRUE,1.00017518233835,5550.07526281661,6471.14963531624
43,"mu_alpha","alpha",2.33,1.89600317434167,1.8918177,1.57697379,2.226998995,-0.433996825658333,0.433996825658333,FALSE,1.00088687451001,4520.45830731184,6561.16908490652
43,"mu_beta","beta",0.914,0.7411426106875,0.739680895,0.622474712,0.866086769,-0.1728573893125,0.1728573893125,FALSE,1.00045958121433,3932.389622209,6373.50866347536
43,"mu_lambda","lambda",0.0704,0.058939551755,0.0591409755,0.0381307441,0.07925630195,-0.011460448245,0.011460448245,TRUE,1.00026296473059,7462.14279350431,6418.04866664572
43,"mu_delta","delta",0.765,0.71143463186425,0.7246769,0.451689828,0.928006568,-0.05356536813575,0.05356536813575,TRUE,1.00084064286297,3396.62178891852,3778.81582988535
43,"mu_eta","eta",-0.346,-0.380997827705083,-0.380278295,-0.4938871885,-0.2682624355,-0.0349978277050834,0.0349978277050834,TRUE,1.0008451295283,3120.94372238998,5208.99211766448
44,"mu_alpha","alpha",3.66,3.71434973066667,3.706863,3.352713595,4.10714451,0.0543497306666665,0.0543497306666665,TRUE,1.000214639137,9296.79345563851,7738.88950237062
44,"mu_beta","beta",0.914,0.967038857801667,0.965022905,0.8559875135,1.084867875,0.0530388578016666,0.0530388578016666,TRUE,1.00004351320969,8529.53700743137,7881.75248190715
44,"mu_lambda","lambda",0.0704,0.0836306274715833,0.082613049,0.05355027335,0.1165869305,0.0132306274715833,0.0132306274715833,TRUE,1.00089026544348,4359.92209328998,5285.54244089586
44,"mu_delta","delta",0.765,0.762819387660833,0.77314736,0.471630061,1.015521045,-0.00218061233916667,0.00218061233916667,TRUE,1.00126680180253,2739.89241901,4138.13629646994
44,"mu_eta","eta",-0.346,-0.280909353473583,-0.28109303,-0.369372252,-0.1929045295,0.0650906465264167,0.0650906465264167,TRUE,1.00033396613897,4824.55805838044,6521.46214931445
45,"mu_alpha","alpha",4.96,4.76054787940833,4.74372215,4.303244135,5.26962635,-0.199452120591666,0.199452120591666,TRUE,1.00043571977591,7279.25733734167,6170.97925515004
45,"mu_beta","beta",0.914,0.993100300051667,0.992071495,0.841198404,1.15230028,0.0791003000516667,0.0791003000516667,TRUE,1.00012350581331,4866.39442617637,6096.87298960052
45,"mu_lambda","lambda",0.0704,0.0498752863032417,0.049862002,0.0323776553,0.0677157765,-0.0205247136967583,0.0205247136967583,FALSE,1.00006896051531,6116.66689588117,6853.96270199878
45,"mu_delta","delta",0.765,0.775236773473333,0.77661682,0.588492725,0.956970229,0.0102367734733333,0.0102367734733333,TRUE,1.00039131462662,3615.17960682356,5768.11617445185
45,"mu_eta","eta",-0.346,-0.29734176428275,-0.29714053,-0.3837797635,-0.21117107,0.04865823571725,0.04865823571725,TRUE,1.00168163011612,3342.48724440801,6015.12804922877
46,"mu_alpha","alpha",2.33,2.1890514621,2.18496025,1.904954775,2.48800337,-0.1409485379,0.1409485379,TRUE,0.999814728254973,7108.07460043532,8434.25703323457
46,"mu_beta","beta",0.381,0.4108868964425,0.409716975,0.3118174105,0.513600771,0.0298868964425,0.0298868964425,TRUE,1.00040435409334,5865.10331917136,7068.3315668154
46,"mu_lambda","lambda",0.103,0.0872421481559417,0.0855216115,0.0463653001,0.1340446205,-0.0157578518440583,0.0157578518440583,TRUE,1.00011176274928,5272.88108827789,6284.2644490732
46,"mu_delta","delta",0.765,0.740233963864167,0.744459505,0.5394131885,0.92629702,-0.0247660361358334,0.0247660361358334,TRUE,1.00064176852801,4936.2923962959,6052.31884058392
46,"mu_eta","eta",-0.346,-0.335622920177558,-0.336620885,-0.46421195,-0.201928175,0.0103770798224416,0.0103770798224416,TRUE,1.00069912108241,3889.47346553021,6344.97353723816
47,"mu_alpha","alpha",3.66,3.1106779984,3.10719195,2.775683555,3.46926966,-0.5493220016,0.5493220016,FALSE,1.00043104139119,7306.18002209105,7591.61026344079
47,"mu_beta","beta",0.381,0.285641433963167,0.28403988,0.1813118195,0.394391228,-0.0953585660368333,0.0953585660368333,TRUE,0.999991614853448,4419.16490951798,7048.11004309608
47,"mu_lambda","lambda",0.103,0.0880464480185,0.087739654,0.0615835584,0.1150844105,-0.0149535519815,0.0149535519815,TRUE,1.00013910276923,7003.41621339328,7396.99202835916
47,"mu_delta","delta",0.765,0.792055282368333,0.797365185,0.6271217565,0.9385384165,0.0270552823683333,0.0270552823683333,TRUE,1.00062725024362,5311.87462889801,6514.63629528344
47,"mu_eta","eta",-0.346,-0.347450176249917,-0.34808736,-0.4763145325,-0.2152678015,-0.00145017624991667,0.00145017624991667,TRUE,1.00120035859054,3854.0263445129,6352.88644675494
48,"mu_alpha","alpha",4.96,4.87781163454167,4.8711885,4.549320035,5.23541901,-0.0821883654583333,0.0821883654583333,TRUE,1.00020985438001,8291.25927315049,6329.84493475713
48,"mu_beta","beta",0.381,0.32295910575125,0.32134619,0.2143208135,0.434893356,-0.05804089424875,0.05804089424875,TRUE,1.00047745364414,4263.53962615374,5862.5359419119
48,"mu_lambda","lambda",0.103,0.09852326959825,0.097699538,0.0645706944,0.135223224,-0.00447673040174999,0.00447673040174999,TRUE,1.00092149588681,2801.98682656131,3720.40771376947
48,"mu_delta","delta",0.765,0.840935319926667,0.843239285,0.719408566,0.9553554415,0.0759353199266667,0.0759353199266667,TRUE,1.00132993184337,4197.13694205504,5186.99088123806
48,"mu_eta","eta",-0.346,-0.216210636063763,-0.216422305,-0.329544007,-0.1036983885,0.129789363936237,0.129789363936237,FALSE,1.00145756929009,2254.41410600415,4476.58911924013
49,"mu_alpha","alpha",2.33,2.43661428696667,2.43200845,2.007846865,2.887885245,0.106614286966666,0.106614286966666,TRUE,1.00074323513636,3464.69778361029,5279.88941427673
49,"mu_beta","beta",0.645,0.622122761566667,0.62065855,0.514229175,0.7351421895,-0.0228772384333333,0.0228772384333333,TRUE,1.00033075654329,5205.11880160995,6492.88253607284
49,"mu_lambda","lambda",0.103,0.1360203154175,0.135428825,0.09697448815,0.1767832785,0.0330203154175,0.0330203154175,TRUE,1.00094138830248,3672.49282765834,5594.73573464512
49,"mu_delta","delta",0.765,0.570543964209892,0.58107049,0.231566304,0.86408695,-0.194456035790108,0.194456035790108,TRUE,1.00158765243289,2958.57362462154,3215.60520396979
49,"mu_eta","eta",-0.346,-0.425038067480833,-0.425131695,-0.529638526,-0.321030922,-0.0790380674808334,0.0790380674808334,TRUE,1.00052243985214,3825.37308406048,6117.23284205689
50,"mu_alpha","alpha",3.66,3.54917192979167,3.54070735,3.05275622,4.07118954,-0.110828070208334,0.110828070208334,TRUE,1.00077066128873,4636.1455040844,6326.03956158479
50,"mu_beta","beta",0.645,0.748549676311667,0.74663426,0.6298057985,0.8751572575,0.103549676311667,0.103549676311667,TRUE,1.00073489426662,5271.70524878428,6359.70911303516
50,"mu_lambda","lambda",0.103,0.100115139586333,0.099169673,0.06802584775,0.1357440825,-0.00288486041366666,0.00288486041366666,TRUE,0.999998535706931,3873.78841211387,5685.05063891086
50,"mu_delta","delta",0.765,0.839882061209167,0.83674795,0.6409620655,1.04977652,0.0748820612091666,0.0748820612091666,TRUE,1.00295192077594,1556.12612352347,4604.57156505378
50,"mu_eta","eta",-0.346,-0.410452845440833,-0.410285805,-0.506673387,-0.3113704475,-0.0644528454408334,0.0644528454408334,TRUE,1.00045334073992,2367.46229507487,3830.14881200652
51,"mu_alpha","alpha",4.96,4.61829947971667,4.60733335,4.24989385,5.02494575,-0.341700520283333,0.341700520283333,TRUE,1.00042425244783,8793.18601621405,5246.59368462104
51,"mu_beta","beta",0.645,0.617505237316667,0.616286175,0.480675333,0.7549439515,-0.0274947626833334,0.0274947626833334,TRUE,1.0005205175275,5467.00257936536,7256.79698848738
51,"mu_lambda","lambda",0.103,0.136451872263167,0.13607992,0.111499765,0.162981719,0.0334518722631667,0.0334518722631667,FALSE,1.00035575771167,5073.15920223218,6890.97638261153
51,"mu_delta","delta",0.765,0.704896908673083,0.708049075,0.3866693055,1.00728841,-0.0601030913269167,0.0601030913269167,TRUE,1.00107727942486,4345.65019490998,6668.75591634203
51,"mu_eta","eta",-0.346,-0.338996056865,-0.339473865,-0.4248402175,-0.252525106,0.00700394313499997,0.00700394313499997,TRUE,1.00043562697997,5282.35904480165,6981.5788694488
52,"mu_alpha","alpha",2.33,2.23972492269167,2.2336079,1.98505843,2.519209265,-0.0902750773083336,0.0902750773083336,TRUE,1.00014390291967,8040.56368406081,8392.41994435356
52,"mu_beta","beta",0.914,0.929766020053333,0.928572215,0.803291698,1.060873155,0.0157660200533333,0.0157660200533333,TRUE,1.00063803457569,5321.1269313428,6434.1158473988
52,"mu_lambda","lambda",0.103,0.0920517017903333,0.091877996,0.0662935143,0.1181008935,-0.0109482982096667,0.0109482982096667,TRUE,1.00040199530064,5875.90075976045,6729.39356714509
52,"mu_delta","delta",0.765,0.931777116469167,0.932030075,0.8253716385,1.0382795,0.166777116469167,0.166777116469167,FALSE,1.0079261460503,2549.94964223954,671.727182386161
52,"mu_eta","eta",-0.346,-0.308365491745627,-0.307071855,-0.4360281335,-0.184359022,0.0376345082543725,0.0376345082543725,TRUE,1.005648708509,1643.33664573536,3309.61621975984
53,"mu_alpha","alpha",3.66,3.725828218525,3.7131709,3.32770535,4.17283996,0.0658282185249996,0.0658282185249996,TRUE,1.00053846191056,6905.30978965459,6675.74392156952
53,"mu_beta","beta",0.914,0.992900554798333,0.99017667,0.851132323,1.14064332,0.0789005547983332,0.0789005547983332,TRUE,1.00077226502496,5444.37520047439,7119.62996929624
53,"mu_lambda","lambda",0.103,0.12984633977325,0.12919012,0.1003402015,0.1615980855,0.02684633977325,0.02684633977325,TRUE,1.00129989985437,3223.59860466186,5093.17355870332
53,"mu_delta","delta",0.765,0.597929439400833,0.596862605,0.4412465665,0.7554876875,-0.167070560599167,0.167070560599167,FALSE,1.0013466238766,4501.61569071396,6946.25978128739
53,"mu_eta","eta",-0.346,-0.329943949415925,-0.330659725,-0.4556951215,-0.1996108995,0.016056050584075,0.016056050584075,TRUE,1.00164158427372,2018.49270519545,3327.97423881983
54,"mu_alpha","alpha",4.96,4.89730703843333,4.88660645,4.39569791,5.433118995,-0.0626929615666665,0.0626929615666665,TRUE,1.00022284787538,7657.36708953954,6417.18104032047
54,"mu_beta","beta",0.914,1.04564576362417,1.0446745,0.893963988,1.199119135,0.131645763624167,0.131645763624167,TRUE,1.0009797749687,6386.32816563973,7266.32200011975
54,"mu_lambda","lambda",0.103,0.138084046718583,0.13738943,0.1055584675,0.1725920175,0.0350840467185833,0.0350840467185833,FALSE,1.0005346048961,3421.96246338945,5929.87198138378
54,"mu_delta","delta",0.765,0.937124710336667,0.930588135,0.7414250265,1.157609075,0.172124710336667,0.172124710336667,TRUE,1.00054709820128,4131.73694705322,5402.23121256617
54,"mu_eta","eta",-0.346,-0.265281389751675,-0.266105575,-0.356057619,-0.172430437,0.080718610248325,0.080718610248325,TRUE,1.00150031917294,4142.90504351977,5880.65225585762
55,"mu_alpha","alpha",2.33,2.15715404895833,2.152764,1.830188055,2.50272363,-0.172845951041667,0.172845951041667,TRUE,1.00671037226527,3903.87445011125,6720.14865807762
55,"mu_beta","beta",0.381,0.390074976761667,0.38910548,0.3001750715,0.4842070825,0.00907497676166669,0.00907497676166669,TRUE,1.00105604999126,4575.43849942914,6192.90034653479
55,"mu_lambda","lambda",0.0401,0.0338522528074658,0.033500938,0.01275586725,0.05552985375,-0.00624774719253416,0.00624774719253416,TRUE,1.00059487068999,7476.60374673635,5719.52435585878
55,"mu_delta","delta",1.3,1.2737105415325,1.23920435,0.9346504945,1.7094081,-0.0262894584675,0.0262894584675,TRUE,1.1058152188423,24.5689794139342,155.870224199387
55,"mu_eta","eta",-0.346,-0.384697182039742,-0.38067329,-0.5650637075,-0.217420392,-0.0386971820397417,0.0386971820397417,TRUE,1.03654031057492,96.3148115343304,184.07144632617
56,"mu_alpha","alpha",3.66,4.0221530773,4.0125865,3.54525093,4.527930075,0.362153077299999,0.362153077299999,TRUE,1.00573044003218,5901.84959599736,7783.44225277035
56,"mu_beta","beta",0.381,0.332503217859667,0.33107281,0.198886826,0.4694693045,-0.0484967821403333,0.0484967821403333,TRUE,1.00104987226304,2960.03455635441,5378.58898471473
56,"mu_lambda","lambda",0.0401,0.051774047298425,0.0514746095,0.02921889225,0.07500830355,0.011674047298425,0.011674047298425,TRUE,1.00045258893134,6628.08013598664,6235.60919243416
56,"mu_delta","delta",1.3,1.3359949855675,1.3360802,1.17109931,1.50109053,0.0359949855674999,0.0359949855674999,TRUE,1.11734833407865,22.3120669608037,154.23062036976
56,"mu_eta","eta",-0.346,-0.380671400289083,-0.37888805,-0.528521003,-0.239668202,-0.0346714002890833,0.0346714002890833,TRUE,1.13946438734031,19.2063057852077,244.736186962126
57,"mu_alpha","alpha",4.96,4.97208004475,4.95922785,4.58294616,5.4021809,0.0120800447500002,0.0120800447500002,TRUE,1.00023931355963,8951.90001347774,6826.93784306928
57,"mu_beta","beta",0.381,0.422159431175833,0.422130395,0.322259482,0.5237325705,0.0411594311758333,0.0411594311758333,TRUE,0.999974053015655,7077.17379547448,7679.84263589368
57,"mu_lambda","lambda",0.0401,0.0477535828331833,0.0476636475,0.0281827619,0.06751068715,0.00765358283318333,0.00765358283318333,TRUE,1.00048522808593,6793.91074865068,6905.85143560676
57,"mu_delta","delta",1.3,1.2500555494275,1.24429915,1.05425368,1.46989545,-0.0499444505725,0.0499444505725,TRUE,1.00177143493119,2610.50157160444,6126.72326974415
57,"mu_eta","eta",-0.346,-0.463784492466667,-0.464305605,-0.5886345515,-0.3384581495,-0.117784492466667,0.117784492466667,TRUE,1.00235696428714,2242.26272339276,3910.28610000597
58,"mu_alpha","alpha",2.33,2.35385173404167,2.34921055,2.11202964,2.611978125,0.0238517340416666,0.0238517340416666,TRUE,1.00012010268087,5349.34210486353,6496.35990647963
58,"mu_beta","beta",0.645,0.652966893275833,0.65144736,0.5424001075,0.7695792285,0.00796689327583333,0.00796689327583333,TRUE,1.00085511340714,3639.63647759261,5501.38757064818
58,"mu_lambda","lambda",0.0401,0.0381307538419542,0.037732003,0.01661587795,0.06060379615,-0.00196924615804583,0.00196924615804583,TRUE,1.00017439691673,5478.74450566198,4702.77291645437
58,"mu_delta","delta",1.3,1.31473660824333,1.2961519,1.14421015,1.54054185,0.0147366082433333,0.0147366082433333,TRUE,1.00111819162758,1998.93139341251,1753.60060649418
58,"mu_eta","eta",-0.346,-0.501019960183333,-0.50031242,-0.619613573,-0.387313969,-0.155019960183333,0.155019960183333,FALSE,1.0026633146245,2868.71328023037,4932.34595425348
59,"mu_alpha","alpha",3.66,3.4098262392,3.40355075,3.083583255,3.76908983,-0.2501737608,0.2501737608,TRUE,1.00073427716689,6594.2266392265,7539.27170573118
59,"mu_beta","beta",0.645,0.666337091185,0.664604095,0.563668053,0.7735888025,0.0213370911849999,0.0213370911849999,TRUE,1.00032432473129,5990.06626950178,7189.55715412913
59,"mu_lambda","lambda",0.0401,0.0519100379264167,0.0519953645,0.0355171558,0.0681080095,0.0118100379264167,0.0118100379264167,TRUE,1.00016588198023,8765.71920114264,6065.83179589087
59,"mu_delta","delta",1.3,1.16819293881583,1.1647793,1.060725725,1.28313393,-0.131807061184167,0.131807061184167,FALSE,1.00034677105192,3375.32350097976,3335.52189651311
59,"mu_eta","eta",-0.346,-0.420792583823333,-0.420357535,-0.548256494,-0.2960695625,-0.0747925838233334,0.0747925838233334,TRUE,1.00088206833393,2181.0257717362,3780.76963415384
60,"mu_alpha","alpha",4.96,5.56627957125833,5.5800819,5.16676415,5.91902262,0.606279571258334,0.606279571258334,FALSE,1.00436852021907,7922.2975695018,5862.55090191163
60,"mu_beta","beta",0.645,0.6288417311625,0.6284529,0.473603827,0.7855138705,-0.0161582688375,0.0161582688375,TRUE,1.00215972080699,3247.32019854564,5463.4250217861
60,"mu_lambda","lambda",0.0401,0.0346845016767817,0.034716919,0.0187320381,0.050482193,-0.00541549832321833,0.00541549832321833,TRUE,1.00054544330081,6347.77098624533,5082.39844656628
60,"mu_delta","delta",1.3,1.2903029294325,1.28405185,1.088368215,1.52416903,-0.00969707056750013,0.00969707056750013,TRUE,1.30437672467594,10.0710087229199,40.2923958180068
60,"mu_eta","eta",-0.346,-0.107437573343853,-0.107228055,-0.24164978,0.02293866505,0.238562426656147,0.238562426656147,FALSE,1.07764478125323,35.5310730740548,352.630012239651
61,"mu_alpha","alpha",2.33,2.21646689070833,2.2069254,1.833748085,2.63104512,-0.113533109291667,0.113533109291667,TRUE,1.0058268388747,3554.64353390639,5036.65303144083
61,"mu_beta","beta",0.914,0.9141034074675,0.911638685,0.8186335075,1.016611055,0.000103407467499927,0.000103407467499927,TRUE,1.00260309062297,7090.32799821279,7725.11614149586
61,"mu_lambda","lambda",0.0401,0.0464728808334167,0.0467542195,0.03102697425,0.0612908125,0.00637288083341667,0.00637288083341667,TRUE,1.00041515590955,9215.1361302472,5235.96593219091
61,"mu_delta","delta",1.3,1.05125553525917,1.01802365,0.922103208,1.29763692,-0.248744464740833,0.248744464740833,FALSE,1.20045247883315,16.5766043076236,31.1180329755582
61,"mu_eta","eta",-0.346,-0.35063904619555,-0.350854945,-0.4884327325,-0.2106315115,-0.00463904619555,0.00463904619555,TRUE,1.11209570531715,24.6511475525486,569.981649003791
62,"mu_alpha","alpha",3.66,3.69658702765833,3.68524015,3.35156247,4.071920045,0.0365870276583333,0.0365870276583333,TRUE,1.00431697260077,5882.8532696534,7016.61958110573
62,"mu_beta","beta",0.914,0.8954744265325,0.893996845,0.8042826005,0.991796224,-0.0185255734675001,0.0185255734675001,TRUE,1.00155494807538,7768.24946628774,8453.8897381986
62,"mu_lambda","lambda",0.0401,0.038671854495225,0.038427592,0.0205675763,0.0574590074,-0.001428145504775,0.001428145504775,TRUE,0.999979991000085,5280.40229733551,5194.77625241998
62,"mu_delta","delta",1.3,1.16536748336917,1.1428832,0.929785092,1.48474374,-0.134632516630833,0.134632516630833,TRUE,1.0537264533457,51.8253211994048,1317.10951128229
62,"mu_eta","eta",-0.346,-0.218023782270801,-0.2189733,-0.3637459895,-0.0699278299500001,0.127976217729199,0.127976217729199,TRUE,1.02220186768594,451.710495164011,2973.57760698302
63,"mu_alpha","alpha",4.96,4.797600223975,4.7817102,4.354176625,5.29140391,-0.162399776025,0.162399776025,TRUE,1.01401984603408,529.910138845719,6378.07551940275
63,"mu_beta","beta",0.914,0.9176410094625,0.916190105,0.8166777675,1.022574635,0.00364100946250001,0.00364100946250001,TRUE,1.03126952945581,99.319372591395,2228.1728774887
63,"mu_lambda","lambda",0.0401,0.0323817202181875,0.0318009105,0.01551968985,0.05068829255,-0.0077182797818125,0.0077182797818125,TRUE,1.00124018776542,6225.78520178662,6570.58817539678
63,"mu_delta","delta",1.3,1.1237248472175,1.0928946,0.9684510105,1.382893955,-0.1762751527825,0.1762751527825,TRUE,1.36659189916145,8.93606261749249,129.85075336812
63,"mu_eta","eta",-0.346,-0.380847951459333,-0.38763887,-0.5055707905,-0.23331831,-0.0348479514593333,0.0348479514593333,TRUE,1.13325634806951,20.4569590767703,189.253833278699
64,"mu_alpha","alpha",2.33,2.30018308336667,2.29315285,1.90155234,2.72946566,-0.0298169166333335,0.0298169166333335,TRUE,1.00059750947392,3686.25184051583,5588.00420629028
64,"mu_beta","beta",0.381,0.315283931419417,0.31419439,0.2189700625,0.4142156555,-0.0657160685805833,0.0657160685805833,TRUE,1.00045766957206,4350.79735153017,6237.89561940177
64,"mu_lambda","lambda",0.0704,0.0723064500726667,0.0717428865,0.04284649905,0.103589712,0.00190645007266667,0.00190645007266667,TRUE,1.00138043514369,5828.05222672226,6111.5956235062
64,"mu_delta","delta",1.3,1.33291254376333,1.3283128,1.169240495,1.51342535,0.0329125437633333,0.0329125437633333,TRUE,1.00093014686137,4179.57708747891,4753.95197204491
64,"mu_eta","eta",-0.346,-0.411974588676083,-0.413371365,-0.53492531,-0.282446244,-0.0659745886760834,0.0659745886760834,TRUE,1.00008095757794,3588.61377338824,5454.59881774697
65,"mu_alpha","alpha",3.66,3.839894975075,3.830771,3.334331685,4.38786022,0.179894975075,0.179894975075,TRUE,1.00117065428885,4307.28055171896,6620.33385574231
65,"mu_beta","beta",0.381,0.467825391826667,0.466902395,0.357889818,0.5812214705,0.0868253918266667,0.0868253918266667,TRUE,1.0010749953123,4009.44654118874,5896.49056114988
65,"mu_lambda","lambda",0.0704,0.0743485668166667,0.0733977115,0.0437394839,0.1074665555,0.00394856681666667,0.00394856681666667,TRUE,1.00008706960882,3529.78935848234,5444.42337187496
65,"mu_delta","delta",1.3,1.15188486316,1.150298,0.808415403,1.49256695,-0.14811513684,0.14811513684,TRUE,1.00341181262625,2831.14979380853,4477.50774506324
65,"mu_eta","eta",-0.346,-0.358714038803,-0.358733305,-0.45922531,-0.2561893465,-0.012714038803,0.012714038803,TRUE,1.00149745351466,3300.18347256236,5047.41912808522
66,"mu_alpha","alpha",4.96,5.41271550253333,5.41565055,4.99014212,5.826409765,0.452715502533334,0.452715502533334,FALSE,1.00003971687245,6880.08823050238,5124.94996044211
66,"mu_beta","beta",0.381,0.420686243673333,0.41974956,0.3387024275,0.5053431915,0.0396862436733333,0.0396862436733333,TRUE,0.999937685826927,8163.27096340165,7398.85328007792
66,"mu_lambda","lambda",0.0704,0.0571404811971667,0.0570669355,0.03853273355,0.0756967657,-0.0132595188028333,0.0132595188028333,TRUE,1.00067507254702,4705.51793279316,4991.3090976305
66,"mu_delta","delta",1.3,1.3854184205,1.3825695,1.196461775,1.588034785,0.0854184204999999,0.0854184204999999,TRUE,1.00135163144287,2990.27144392506,5068.07275870559
66,"mu_eta","eta",-0.346,-0.43883430819,-0.437770145,-0.5343347375,-0.3469669595,-0.09283430819,0.09283430819,FALSE,1.00203201541799,2059.29494908244,3655.23885856002
67,"mu_alpha","alpha",2.33,2.30922516690917,2.2969821,1.787511615,2.863973655,-0.0207748330908335,0.0207748330908335,TRUE,1.0004586894585,3166.30767968893,5298.0037578319
67,"mu_beta","beta",0.645,0.781801801378333,0.779865095,0.6311346795,0.9380537735,0.136801801378333,0.136801801378333,TRUE,1.00128082008458,3074.10209930016,5181.41537881459
67,"mu_lambda","lambda",0.0704,0.0740461733329167,0.0735939925,0.0474326741,0.101771297,0.00364617333291667,0.00364617333291667,TRUE,1.00029274167424,5173.1558265774,6455.37568921915
67,"mu_delta","delta",1.3,1.19202442152583,1.17882555,1.015210825,1.42708684,-0.107975578474167,0.107975578474167,TRUE,1.53164814709847,7.11897193507232,82.1953263638166
67,"mu_eta","eta",-0.346,-0.324466949466687,-0.30550387,-0.583893589,-0.123737889,0.0215330505333133,0.0215330505333133,TRUE,1.21617741708483,13.246473407827,118.294838347909
68,"mu_alpha","alpha",3.66,3.583483846975,3.5714944,3.19297427,4.008114875,-0.076516153025,0.076516153025,TRUE,1.00017744560196,7428.87881316492,8001.60067931528
68,"mu_beta","beta",0.645,0.637800786349167,0.635781075,0.5373865065,0.747592165,-0.00719921365083331,0.00719921365083331,TRUE,1.0001819219201,7271.49362302482,7932.7839363392
68,"mu_lambda","lambda",0.0704,0.0780146855468333,0.07753588,0.05223309735,0.105257594,0.00761468554683332,0.00761468554683332,TRUE,1.00038239412331,5897.57867593392,7222.83602420173
68,"mu_delta","delta",1.3,1.37541401866167,1.35370255,1.16014642,1.675418045,0.0754140186616665,0.0754140186616665,TRUE,1.00137028756042,2245.03204015124,3465.83400429017
68,"mu_eta","eta",-0.346,-0.359826361371167,-0.360611265,-0.453710284,-0.2654846595,-0.0138263613711667,0.0138263613711667,TRUE,1.0012913656728,3056.26346951713,5951.10035845521
69,"mu_alpha","alpha",4.96,5.37708069364167,5.3957057,4.86449103,5.83323071,0.417080693641667,0.417080693641667,TRUE,1.00017509233211,7028.25133009765,6094.3280765818
69,"mu_beta","beta",0.645,0.660668385743333,0.659082425,0.534050007,0.7905412825,0.0156683857433333,0.0156683857433333,TRUE,1.00009657897596,4959.23072929045,6761.33485766344
69,"mu_lambda","lambda",0.0704,0.0856118600884167,0.084665505,0.05700403795,0.117202697,0.0152118600884167,0.0152118600884167,TRUE,1.00100921660676,2744.55550880375,5099.74256077847
69,"mu_delta","delta",1.3,1.26503477944667,1.2488038,1.07032454,1.516493045,-0.0349652205533333,0.0349652205533333,TRUE,1.00124613342461,3039.99342363313,3818.62187720721
69,"mu_eta","eta",-0.346,-0.315549160561917,-0.31571518,-0.413371325,-0.217294767,0.0304508394380833,0.0304508394380833,TRUE,1.00401611790375,2568.37287627622,4835.1541647621
70,"mu_alpha","alpha",2.33,2.47761919171667,2.4718331,2.12275181,2.85782574,0.147619191716667,0.147619191716667,TRUE,1.00026613724299,7473.89769595306,8510.53937436761
70,"mu_beta","beta",0.914,0.950627798151667,0.947016585,0.801606526,1.11279973,0.0366277981516666,0.0366277981516666,TRUE,1.00073769856185,5236.65470343691,7158.85616378921
70,"mu_lambda","lambda",0.0704,0.0705615094146667,0.0705399935,0.04812676555,0.0933003909,0.000161509414666666,0.000161509414666666,TRUE,1.00017520017732,7291.84128778532,7986.90902230235
70,"mu_delta","delta",1.3,1.24285542664,1.2349398,0.976341939,1.54053951,-0.05714457336,0.05714457336,TRUE,1.00263781762814,3378.2312134039,5299.65975478497
70,"mu_eta","eta",-0.346,-0.258832757870183,-0.25924344,-0.365982043,-0.1499362765,0.0871672421298166,0.0871672421298166,TRUE,1.00062408600633,3524.03066218813,6032.28806776567
71,"mu_alpha","alpha",3.66,4.041555274525,4.02832805,3.504161845,4.62751134,0.381555274525,0.381555274525,TRUE,1.00089100407212,6051.550366416,6984.99565542655
71,"mu_beta","beta",0.914,0.8801635153825,0.87849456,0.760563726,1.00632423,-0.0338364846175,0.0338364846175,TRUE,1.00002997107335,6583.33585512832,7031.21260603691
71,"mu_lambda","lambda",0.0704,0.0657359172041667,0.065458573,0.0455926912,0.0866439098,-0.00466408279583334,0.00466408279583334,TRUE,1.00033956844021,6148.77278533018,6836.20260188549
71,"mu_delta","delta",1.3,1.12661865315583,1.12079325,0.930842997,1.341862235,-0.173381346844167,0.173381346844167,TRUE,1.0035181796148,1566.37679098253,3494.32685135655
71,"mu_eta","eta",-0.346,-0.322433949857833,-0.322393855,-0.410631701,-0.2351623055,0.0235660501421666,0.0235660501421666,TRUE,1.00058137041024,3565.96203396989,5828.42368180765
72,"mu_alpha","alpha",4.96,4.67893353238333,4.6656119,4.323842065,5.083974395,-0.281066467616666,0.281066467616666,TRUE,1.00060499319098,9255.36278566494,6078.63157933842
72,"mu_beta","beta",0.914,0.883409649218333,0.88156326,0.7569849165,1.01753859,-0.0305903507816667,0.0305903507816667,TRUE,1.00058675382218,5674.58264446455,6700.52128809032
72,"mu_lambda","lambda",0.0704,0.0519652198964667,0.0514301515,0.0282039802,0.07743943715,-0.0184347801035333,0.0184347801035333,TRUE,1.00085705446395,3695.11214334632,5372.49990355863
72,"mu_delta","delta",1.3,1.31247050485917,1.29594865,1.12096033,1.55991057,0.0124705048591667,0.0124705048591667,TRUE,1.13855854908911,19.0219392494025,147.239131342575
72,"mu_eta","eta",-0.346,-0.285030119384387,-0.284644775,-0.436381857,-0.1336046485,0.0609698806156133,0.0609698806156133,TRUE,1.0441235996202,75.1005612236192,378.323620065412
73,"mu_alpha","alpha",2.33,2.5292653628,2.52030495,2.09741429,2.977900725,0.1992653628,0.1992653628,TRUE,1.00250251667636,4417.01732724629,6283.87422553221
73,"mu_beta","beta",0.381,0.4089592543375,0.40796525,0.328936156,0.4925995185,0.0279592543375,0.0279592543375,TRUE,1.00027093138237,7658.52203902529,8042.86534589191
73,"mu_lambda","lambda",0.103,0.1166252306745,0.11499735,0.0742416063,0.1637521155,0.0136252306745,0.0136252306745,TRUE,1.00158376866026,3599.08467709629,5644.70242251245
73,"mu_delta","delta",1.3,1.27449921615667,1.2716327,1.015089265,1.539291695,-0.0255007838433334,0.0255007838433334,TRUE,1.04922892745762,55.8771370497348,3265.28313335034
73,"mu_eta","eta",-0.346,-0.327902873065208,-0.330509325,-0.4868758365,-0.1586508005,0.0180971269347917,0.0180971269347917,TRUE,1.05327941933484,55.1771895459792,787.950708121663
74,"mu_alpha","alpha",3.66,3.94120562228333,3.93347905,3.42957134,4.4778787,0.281205622283333,0.281205622283333,TRUE,1.00092156136563,4937.5738482545,5685.56855755248
74,"mu_beta","beta",0.381,0.35730886762475,0.356296825,0.242869861,0.474103767,-0.02369113237525,0.02369113237525,TRUE,1.00305717027649,4723.62553736252,6441.4755940008
74,"mu_lambda","lambda",0.103,0.111977354963167,0.11101463,0.078607397,0.1474913,0.00897735496316668,0.00897735496316668,TRUE,1.00119332564634,4115.17828613473,5956.85324991282
74,"mu_delta","delta",1.3,1.32024548444667,1.31430695,1.097587575,1.56969145,0.0202454844466666,0.0202454844466666,TRUE,1.13979729433143,19.7460306784808,87.1927543429359
74,"mu_eta","eta",-0.346,-0.401721384696808,-0.40642123,-0.539261923,-0.2471800555,-0.0557213846968084,0.0557213846968084,TRUE,1.09192359408986,30.1804281817647,71.8038960375224
75,"mu_alpha","alpha",4.96,4.89279551973333,4.88884145,4.387136975,5.42125887,-0.0672044802666667,0.0672044802666667,TRUE,1.00538857151535,6090.51700286357,5880.89880395637
75,"mu_beta","beta",0.381,0.462510792029167,0.46080203,0.3605178805,0.5693721185,0.0815107920291667,0.0815107920291667,TRUE,1.00123303591092,6590.36322374778,7560.14585751644
75,"mu_lambda","lambda",0.103,0.0845818540405,0.0843367075,0.0620598681,0.1078890515,-0.0184181459595,0.0184181459595,TRUE,0.999967892461716,5758.37513593623,7120.3055782195
75,"mu_delta","delta",1.3,1.21497108827583,1.2095736,0.949373811,1.503080825,-0.0850289117241667,0.0850289117241667,TRUE,1.04602806587053,58.3306735268265,4628.84391722777
75,"mu_eta","eta",-0.346,-0.272497972690167,-0.269959475,-0.3800359,-0.172787792,0.0735020273098333,0.0735020273098333,TRUE,1.15484981227929,17.6667383298106,171.203379486792
76,"mu_alpha","alpha",2.33,2.18280355633333,2.1734237,1.79929353,2.600486415,-0.147196443666667,0.147196443666667,TRUE,1.00798572969656,3732.53306863459,6642.34084877901
76,"mu_beta","beta",0.645,0.5607262115525,0.559059015,0.445934416,0.679049656,-0.0842737884475,0.0842737884475,TRUE,1.00035736528522,5583.99735719954,7436.73841068156
76,"mu_lambda","lambda",0.103,0.1353522381455,0.13433352,0.0949119179,0.1793561065,0.0323522381455,0.0323522381455,TRUE,1.00010074576874,5148.16065679372,6534.77275915923
76,"mu_delta","delta",1.3,1.47182074189917,1.467656,1.214711995,1.75408705,0.171820741899167,0.171820741899167,TRUE,1.12331595237327,20.9461695075134,126.045447090408
76,"mu_eta","eta",-0.346,-0.471157522712167,-0.464613215,-0.645420801,-0.3202470295,-0.125157522712167,0.125157522712167,TRUE,1.09829788372278,26.6758284545609,41.164630058818
77,"mu_alpha","alpha",3.66,3.45212194413333,3.44339635,2.730955215,4.187674535,-0.207878055866667,0.207878055866667,TRUE,1.00031389521339,3213.96407992285,5093.21502976191
77,"mu_beta","beta",0.645,0.672213726055833,0.67091989,0.550818089,0.7980226485,0.0272137260558333,0.0272137260558333,TRUE,1.00021789885605,3778.92612511582,6064.45882057207
77,"mu_lambda","lambda",0.103,0.111696919684333,0.111228595,0.0780043251,0.147893786,0.00869691968433334,0.00869691968433334,TRUE,1.00059844811124,3123.04109421161,4694.06047261294
77,"mu_delta","delta",1.3,1.2503441178025,1.2359779,1.047448495,1.50062439,-0.0496558821974999,0.0496558821974999,TRUE,1.00044533999337,2992.97477812175,4542.68546524673
77,"mu_eta","eta",-0.346,-0.4623246641425,-0.461447525,-0.573266848,-0.35114507,-0.1163246641425,0.1163246641425,FALSE,1.00180019770891,3023.20613627747,4568.89136629673
78,"mu_alpha","alpha",4.96,4.80912598880833,4.7969149,4.443609585,5.218341385,-0.150874011191666,0.150874011191666,TRUE,1.00323913520511,7663.1232810715,6446.97960474454
78,"mu_beta","beta",0.645,0.597440799151667,0.59700479,0.476434514,0.7225765025,-0.0475592008483333,0.0475592008483333,TRUE,1.00183448122471,4863.22892877356,6945.09310814868
78,"mu_lambda","lambda",0.103,0.10521721664925,0.104171,0.07439058,0.139414729,0.00221721664925001,0.00221721664925001,TRUE,1.0010146069925,3000.07649129538,3841.09431817153
78,"mu_delta","delta",1.3,1.55561454458667,1.5632049,1.2397693,1.845385675,0.255614544586667,0.255614544586667,TRUE,1.01499496640805,1512.80766759271,4003.00231202477
78,"mu_eta","eta",-0.346,-0.356491107035333,-0.355480645,-0.44930429,-0.26644595,-0.0104911070353333,0.0104911070353333,TRUE,1.05014079050039,67.2301333467553,2885.29094477559
79,"mu_alpha","alpha",2.33,2.45179947783333,2.4423296,2.05161792,2.89456761,0.121799477833333,0.121799477833333,TRUE,1.00109280058892,4593.40634192046,6541.20213265951
79,"mu_beta","beta",0.914,0.869388798019167,0.867381615,0.7390223135,1.0034822,-0.0446112019808333,0.0446112019808333,TRUE,1.00034062622957,5143.13353872504,6783.419677307
79,"mu_lambda","lambda",0.103,0.0923585994849167,0.0920056845,0.0659974595,0.1195560735,-0.0106414005150833,0.0106414005150833,TRUE,1.00038381535007,5676.99657249502,7185.64916070806
79,"mu_delta","delta",1.3,1.29752415941917,1.2962766,1.088495585,1.517635425,-0.00247584058083339,0.00247584058083339,TRUE,1.00157104098227,2775.24488984886,5049.63093633255
79,"mu_eta","eta",-0.346,-0.370192089133333,-0.373159165,-0.4367482245,-0.294337455,-0.0241920891333334,0.0241920891333334,TRUE,1.00220593740344,2775.44734624699,5307.49210056973
80,"mu_alpha","alpha",3.66,3.926379964725,3.9143091,3.453699705,4.442819835,0.266379964725,0.266379964725,TRUE,1.00093326120824,7500.49200826526,7559.16792220678
80,"mu_beta","beta",0.914,0.845517908188333,0.843143495,0.7319109085,0.966523493,-0.0684820918116668,0.0684820918116668,TRUE,1.00033649255962,8378.83088189735,7841.58991144172
80,"mu_lambda","lambda",0.103,0.0849213878795833,0.084924358,0.06321043375,0.106325673,-0.0180786121204167,0.0180786121204167,TRUE,1.0003384950914,7563.21036482236,7435.58999478297
80,"mu_delta","delta",1.3,1.2180633276925,1.1990654,1.035979,1.469230495,-0.0819366723075001,0.0819366723075001,TRUE,1.00113256389592,2478.71636033171,4350.51604873866
80,"mu_eta","eta",-0.346,-0.300776312302887,-0.30329809,-0.4826059835,-0.1102188345,0.0452236876971125,0.0452236876971125,TRUE,1.00076312404328,2027.51225980664,4286.60771647005
81,"mu_alpha","alpha",4.96,4.94038311883333,4.9327059,4.52894523,5.38897342,-0.0196168811666668,0.0196168811666668,TRUE,1.00723406657919,6190.63619072953,1390.6768082086
81,"mu_beta","beta",0.914,0.986504936598333,0.98496927,0.8375286815,1.142752655,0.0725049365983333,0.0725049365983333,TRUE,1.01090407854933,2741.07228138156,5413.3249711284
81,"mu_lambda","lambda",0.103,0.102023902529083,0.10146709,0.0757851519,0.1304777755,-0.000976097470916662,0.000976097470916662,TRUE,1.0015616046784,3225.83755670729,5461.94570096835
81,"mu_delta","delta",1.3,1.38629702472417,1.4003874,1.09564832,1.66544793,0.0862970247241666,0.0862970247241666,TRUE,1.4832209735356,7.47619729095668,24.27577091377
81,"mu_eta","eta",-0.346,-0.3033289445927,-0.29801606,-0.450162005,-0.1702190665,0.0426710554073,0.0426710554073,TRUE,1.23972211822922,12.3018718879303,62.7779871391343
82,"mu_alpha","alpha",2.33,2.34324228486667,2.33604425,1.9908413,2.72807336,0.0132422848666667,0.0132422848666667,TRUE,1.00059604088878,4160.71501750668,5838.70337803601
82,"mu_beta","beta",0.381,0.429689439661417,0.428055125,0.3108017625,0.553744025,0.0486894396614166,0.0486894396614166,TRUE,1.00019190369181,3569.50292091646,5986.52999549078
82,"mu_lambda","lambda",0.0401,0.0539866832616667,0.054101865,0.03488425655,0.0724015491,0.0138866832616667,0.0138866832616667,TRUE,1.00033409218077,9076.37638586145,5863.96481453867
82,"mu_delta","delta",0.229,0.123423716883919,0.111006115,0.0155030557,0.2705206725,-0.105576283116081,0.105576283116081,TRUE,1.00000863489671,8138.24681310716,7322.53398353279
82,"mu_eta","eta",-0.245,-0.211681970143513,-0.21185491,-0.3147152335,-0.1067826365,0.0333180298564867,0.0333180298564867,TRUE,1.00201404029299,3478.62485474093,5361.06909851056
83,"mu_alpha","alpha",3.66,3.90597264303333,3.89521015,3.3056597,4.54877501,0.245972643033333,0.245972643033333,TRUE,1.00024894933729,3825.0126493338,5616.38928785141
83,"mu_beta","beta",0.381,0.421470053807,0.419978855,0.2925313475,0.5551848795,0.040470053807,0.040470053807,TRUE,1.00100978887335,4272.55980626781,6584.11294896017
83,"mu_lambda","lambda",0.0401,0.0512533165216,0.051417549,0.0334443965,0.06859873555,0.0111533165216,0.0111533165216,TRUE,1.00044487421026,8947.06404729441,6297.13093073367
83,"mu_delta","delta",0.229,0.299498418577677,0.30229583,0.1255328145,0.4632602345,0.0704984185776767,0.0704984185776767,TRUE,1.00020990346331,8291.2205282977,4828.10396706688
83,"mu_eta","eta",-0.245,-0.2190323266705,-0.21917513,-0.3054351505,-0.1334535705,0.0259676733295,0.0259676733295,TRUE,1.00045531801143,3390.35837751769,6454.13800214075
84,"mu_alpha","alpha",4.96,4.65363320825,4.639462,4.270113535,5.09165757,-0.30636679175,0.30636679175,TRUE,1.00027990125158,8061.53983689295,6001.09410349498
84,"mu_beta","beta",0.381,0.3387440577525,0.33870966,0.2630989675,0.4153243195,-0.0422559422475,0.0422559422475,TRUE,1.00046257108663,9823.37470206097,7974.68209560004
84,"mu_lambda","lambda",0.0401,0.04232208382535,0.0422422215,0.0235357915,0.06126056205,0.00222208382535,0.00222208382535,TRUE,0.999979535683503,7950.46796289433,7060.60629007366
84,"mu_delta","delta",0.229,0.358086723339917,0.35982291,0.22112703,0.4871089125,0.129086723339917,0.129086723339917,TRUE,1.00037170224494,7546.28127640123,6042.09033416432
84,"mu_eta","eta",-0.245,-0.251365840289625,-0.251744295,-0.378305444,-0.1241401065,-0.006365840289625,0.006365840289625,TRUE,1.00022340056526,2589.03749466423,4461.62942203517
85,"mu_alpha","alpha",2.33,2.60014855423333,2.59163805,2.112646825,3.117221995,0.270148554233333,0.270148554233333,TRUE,1.00198054582209,3370.76905174441,5935.57607201744
85,"mu_beta","beta",0.645,0.7483643982775,0.74659614,0.640385075,0.860514378,0.1033643982775,0.1033643982775,TRUE,0.999842870989859,5591.69269602009,7523.72201798386
85,"mu_lambda","lambda",0.0401,0.0373263950764,0.0372331345,0.01886748415,0.0556088088,-0.00277360492359999,0.00277360492359999,TRUE,1.00005126699911,7696.99239267525,5678.34043671718
85,"mu_delta","delta",0.229,0.334864285941158,0.32692438,0.1069519215,0.5915136895,0.105864285941158,0.105864285941158,TRUE,1.00096784967245,4729.95904162201,5373.65573158931
85,"mu_eta","eta",-0.245,-0.263232419388667,-0.26301788,-0.347721593,-0.1796710185,-0.0182324193886667,0.0182324193886667,TRUE,1.00045597034769,3808.57054077725,5743.52706323112
86,"mu_alpha","alpha",3.66,3.84455520395,3.8371098,3.53553183,4.178376405,0.18455520395,0.18455520395,TRUE,1.00063396225765,8657.37136202648,7482.67898457984
86,"mu_beta","beta",0.645,0.745704907374167,0.743487745,0.6111288925,0.887489261,0.100704907374167,0.100704907374167,TRUE,0.999936092109356,3781.4061370732,6331.62711709828
86,"mu_lambda","lambda",0.0401,0.0389553119341,0.038944446,0.02118188595,0.0564692129,-0.0011446880659,0.0011446880659,TRUE,1.00012937673371,6814.91131723186,6624.75493826594
86,"mu_delta","delta",0.229,0.337623828715333,0.34270621,0.187176843,0.4655778235,0.108623828715333,0.108623828715333,TRUE,1.0002862741835,7404.94337434108,5163.62171632546
86,"mu_eta","eta",-0.245,-0.142429944710624,-0.14189957,-0.2529036815,-0.0345881391,0.102570055289376,0.102570055289376,TRUE,1.00088119560637,2541.04112780022,4472.34996896924
87,"mu_alpha","alpha",4.96,5.245133779275,5.2479542,4.74482077,5.737610045,0.285133779275,0.285133779275,TRUE,1.00076215331784,5373.30566676123,5212.41302625772
87,"mu_beta","beta",0.645,0.479536733781667,0.47899788,0.397254618,0.5641376935,-0.165463266218333,0.165463266218333,FALSE,1.00075612126385,6919.43758093045,6821.72476584279
87,"mu_lambda","lambda",0.0401,0.05838695789225,0.0583014345,0.04012150025,0.0774946169,0.01828695789225,0.01828695789225,FALSE,1.00058510327241,4300.01606363815,5428.68460054702
87,"mu_delta","delta",0.229,0.184880974214508,0.185151405,0.06472817905,0.3052609615,-0.0441190257854917,0.0441190257854917,TRUE,1.00051903338539,6171.81095362984,4323.0069939542
87,"mu_eta","eta",-0.245,-0.214408470210903,-0.213842845,-0.332712512,-0.09534921555,0.0305915297890967,0.0305915297890967,TRUE,1.00077510779583,1492.19286634926,2885.34539062254
88,"mu_alpha","alpha",2.33,2.18643670516667,2.17869435,1.84921685,2.544775785,-0.143563294833333,0.143563294833333,TRUE,1.00027690023139,4139.01139612861,6346.37458268534
88,"mu_beta","beta",0.914,0.910084047451667,0.90814505,0.8125903545,1.014283665,-0.00391595254833332,0.00391595254833332,TRUE,1.00039568882395,7200.94969371448,8379.59156355358
88,"mu_lambda","lambda",0.0401,0.037422295000375,0.0374656455,0.0212946957,0.05289245185,-0.002677704999625,0.002677704999625,TRUE,1.00067061738422,8815.18313012997,6572.67448934541
88,"mu_delta","delta",0.229,0.205583295027961,0.18363191,0.0321598105,0.449913378,-0.0234167049720392,0.0234167049720392,TRUE,1.00057888816273,6317.77876407318,6752.17700790809
88,"mu_eta","eta",-0.245,-0.191501531804242,-0.19172665,-0.2832491455,-0.09922820295,0.0534984681957583,0.0534984681957583,TRUE,1.00105753180293,2332.22270084734,4399.05569117459
89,"mu_alpha","alpha",3.66,3.98922169651667,3.9738865,3.596794465,4.4367224,0.329221696516667,0.329221696516667,TRUE,1.00005031308048,5197.67709287954,5173.56718249374
89,"mu_beta","beta",0.914,0.8496970175425,0.84732491,0.6976074755,1.011326645,-0.0643029824575,0.0643029824575,TRUE,1.00035780017052,3305.19273083533,4633.45853903105
89,"mu_lambda","lambda",0.0401,0.030412888766515,0.029947959,0.0118169046,0.05095867245,-0.009687111233485,0.009687111233485,TRUE,1.00054752405358,4636.19892306368,5140.35979614801
89,"mu_delta","delta",0.229,0.181400449276248,0.177961675,0.05712060815,0.3144268515,-0.0475995507237517,0.0475995507237517,TRUE,1.00064713227121,6163.02024075676,5040.72204827057
89,"mu_eta","eta",-0.245,-0.26858431651312,-0.2688941,-0.3882933745,-0.148468202,-0.02358431651312,0.02358431651312,TRUE,1.00129430672166,1659.84891828898,2792.95806531298
90,"mu_alpha","alpha",4.96,4.96240350538333,4.94877805,4.531902825,5.44320182,0.00240350538333356,0.00240350538333356,TRUE,1.00079318383608,5772.78853849261,4230.33141721373
90,"mu_beta","beta",0.914,0.9448615713775,0.94384149,0.8231506235,1.070662135,0.0308615713775,0.0308615713775,TRUE,0.999945768460141,6342.75313003525,7368.39036244033
90,"mu_lambda","lambda",0.0401,0.0400330854787,0.040357558,0.0264103141,0.05273023045,-6.69145212999975e-05,6.69145212999975e-05,TRUE,1.00003286157479,6714.76842245134,4859.63227991872
90,"mu_delta","delta",0.229,0.13816939444056,0.12882264,0.026188487,0.281494145,-0.09083060555944,0.09083060555944,TRUE,1.00026670019416,7310.20316659967,7274.69250197633
90,"mu_eta","eta",-0.245,-0.235350928812646,-0.23633441,-0.3404681525,-0.1277369035,0.00964907118735417,0.00964907118735417,TRUE,1.00638071513741,1569.38846400577,2779.47030298946
91,"mu_alpha","alpha",2.33,2.31124750631667,2.3047707,1.95827651,2.68769556,-0.0187524936833334,0.0187524936833334,TRUE,1.00158442113287,4479.8094127864,6023.10818842417
91,"mu_beta","beta",0.381,0.322166855753308,0.321000725,0.209929467,0.437117057,-0.0588331442466917,0.0588331442466917,TRUE,1.00350018096953,3670.56714585439,5127.41558716359
91,"mu_lambda","lambda",0.0704,0.05280830523855,0.051716593,0.02161048635,0.0874188242,-0.01759169476145,0.01759169476145,TRUE,1.00052516191912,5212.04147777659,6211.98569775056
91,"mu_delta","delta",0.229,0.2588845550882,0.2586256,0.0801739058,0.4378912735,0.0298845550882,0.0298845550882,TRUE,1.00003105099197,7743.7327152074,5556.30202159486
91,"mu_eta","eta",-0.245,-0.376862724684083,-0.377890885,-0.4975535205,-0.2568033255,-0.131862724684083,0.131862724684083,FALSE,1.0027520889735,3620.71077153778,4974.33583168053
92,"mu_alpha","alpha",3.66,3.788044606675,3.77485565,3.457591085,4.153986765,0.128044606675,0.128044606675,TRUE,1.00046584541465,6977.06663363156,6643.8701581469
92,"mu_beta","beta",0.381,0.298716646628108,0.297525925,0.1755664805,0.426694256,-0.0822833533718917,0.0822833533718917,TRUE,1.0010633568101,3179.26084825933,5096.12008827297
92,"mu_lambda","lambda",0.0704,0.0940389960850833,0.0940880525,0.0689394152,0.1189367905,0.0236389960850833,0.0236389960850833,TRUE,1.00062851243078,5066.59050579368,6801.83012909158
92,"mu_delta","delta",0.229,0.229965115092192,0.231365405,0.07225994425,0.381671731,0.00096511509219166,0.00096511509219166,TRUE,1.00028111511242,5865.84236743518,5489.1092583258
92,"mu_eta","eta",-0.245,-0.28056218529045,-0.280760945,-0.4149301895,-0.1439278755,-0.03556218529045,0.03556218529045,TRUE,1.00155642570881,2328.74862839436,3224.10771792798
93,"mu_alpha","alpha",4.96,4.72625210025833,4.7150449,4.33948008,5.15201457,-0.233747899741666,0.233747899741666,TRUE,1.00084133528296,7570.06413932221,5641.07776682977
93,"mu_beta","beta",0.381,0.4265943993525,0.42501843,0.3344496915,0.5236645595,0.0455943993525,0.0455943993525,TRUE,1.0005677389217,6740.12598851522,7287.19638395762
93,"mu_lambda","lambda",0.0704,0.0596873696264167,0.0599124495,0.0433048652,0.0750843154,-0.0107126303735833,0.0107126303735833,TRUE,1.00044941735971,7680.48899330198,6582.82688097204
93,"mu_delta","delta",0.229,0.296216546773383,0.294940625,0.132201422,0.4647713335,0.0672165467733833,0.0672165467733833,TRUE,1.00055514141609,4937.90787816455,4367.805455868
93,"mu_eta","eta",-0.245,-0.292446464310158,-0.293130215,-0.410154364,-0.1723141225,-0.0474464643101584,0.0474464643101584,TRUE,1.00191720362733,2193.40122722927,3629.7792778722
94,"mu_alpha","alpha",2.33,2.358696542225,2.3531031,2.05627603,2.680073765,0.0286965422250001,0.0286965422250001,TRUE,1.00034186905465,6316.17897391723,8072.44916517098
94,"mu_beta","beta",0.645,0.764731077575833,0.762633175,0.679327714,0.8560015275,0.119731077575833,0.119731077575833,FALSE,1.00049703761153,9184.46824842974,7949.08440540099
94,"mu_lambda","lambda",0.0704,0.0592845142547667,0.058883657,0.03491787075,0.0842046576,-0.0111154857452333,0.0111154857452333,TRUE,1.00068872421811,5472.9814937208,5571.57012227219
94,"mu_delta","delta",0.229,0.401108808145667,0.388633905,0.1997610765,0.640301799,0.172108808145667,0.172108808145667,TRUE,1.00080195101717,2734.12023113805,3160.97449478325
94,"mu_eta","eta",-0.245,-0.321853498173415,-0.32283871,-0.441881916,-0.197447188,-0.076853498173415,0.076853498173415,TRUE,1.00111478174729,2116.67499281879,3981.53334193617
95,"mu_alpha","alpha",3.66,3.48427014475,3.47190445,3.08773224,3.91462212,-0.17572985525,0.17572985525,TRUE,1.00066524538479,4964.19045394707,5941.96707261839
95,"mu_beta","beta",0.645,0.606606477319167,0.60383378,0.470430225,0.7488505175,-0.0383935226808334,0.0383935226808334,TRUE,1.00045711859536,3068.56673489491,4752.87757111903
95,"mu_lambda","lambda",0.0704,0.0715819434894167,0.0716810325,0.05276047095,0.09012986355,0.00118194348941666,0.00118194348941666,TRUE,1.00041486206554,6239.29125684102,6003.94667411235
95,"mu_delta","delta",0.229,0.194591350398432,0.19260303,0.05027955775,0.344157192,-0.0344086496015683,0.0344086496015683,TRUE,1.00023959614822,7710.24771473992,4464.20767342842
95,"mu_eta","eta",-0.245,-0.252480859445833,-0.251468935,-0.347652736,-0.1609599705,-0.00748085944583332,0.00748085944583332,TRUE,1.00086460687354,2902.81022578759,4643.80252942955
96,"mu_alpha","alpha",4.96,4.97052977075833,4.9625588,4.607247685,5.364905875,0.0105297707583336,0.0105297707583336,TRUE,1.0007158156235,9640.86725894517,7033.44916965687
96,"mu_beta","beta",0.645,0.561830110819167,0.56092672,0.4416098225,0.684850962,-0.0831698891808333,0.0831698891808333,TRUE,1.0002245043135,6250.17429259778,8007.17792036771
96,"mu_lambda","lambda",0.0704,0.0935575569016667,0.093393863,0.0711001111,0.1173006095,0.0231575569016667,0.0231575569016667,FALSE,1.00253193167699,6459.79389950258,8011.88832616536
96,"mu_delta","delta",0.229,0.231740240680948,0.23039214,0.07350190615,0.397622833,0.00274024068094783,0.00274024068094783,TRUE,1.00120452000018,4732.1727132265,6182.4092819803
96,"mu_eta","eta",-0.245,-0.304231876504417,-0.30367745,-0.4152590575,-0.198012439,-0.0592318765044167,0.0592318765044167,TRUE,1.00355618393431,1258.48703544073,324.64697743371
97,"mu_alpha","alpha",2.33,2.29230364625833,2.2861644,1.9774977,2.63528383,-0.0376963537416666,0.0376963537416666,TRUE,1.00027077897303,5164.48300643749,3944.03170674301
97,"mu_beta","beta",0.914,0.837928325964167,0.83616046,0.721168247,0.960572084,-0.0760716740358334,0.0760716740358334,TRUE,1.00095204412069,5761.8877267656,6824.03274093635
97,"mu_lambda","lambda",0.0704,0.0403929219005583,0.039792346,0.0173250218,0.0657613777,-0.0300070780994417,0.0300070780994417,FALSE,1.00047095560151,5045.80568755668,3130.37546589073
97,"mu_delta","delta",0.229,0.229378024602027,0.216237475,0.07152948355,0.4344976285,0.000378024602027488,0.000378024602027488,TRUE,1.00089523838693,4949.94918446577,4943.67322732208
97,"mu_eta","eta",-0.245,-0.312027125687875,-0.31404627,-0.448171707,-0.170730481,-0.067027125687875,0.067027125687875,TRUE,1.0014806782476,2201.71947435896,4099.13601770973
98,"mu_alpha","alpha",3.66,3.7620526368,3.75041085,3.373921555,4.193720025,0.1020526368,0.1020526368,TRUE,1.0004900928418,6654.4181000257,7362.57093797817
98,"mu_beta","beta",0.914,0.90444637713,0.90196524,0.774343689,1.042269795,-0.00955362287000006,0.00955362287000006,TRUE,1.00023413960821,4925.04486690976,6883.90833832193
98,"mu_lambda","lambda",0.0704,0.0722262114274167,0.072044244,0.0531935822,0.0912200504,0.00182621142741667,0.00182621142741667,TRUE,1.00030857711198,6271.45284233844,6562.29411089129
98,"mu_delta","delta",0.229,0.167466083895256,0.165395815,0.0442332864,0.298865751,-0.0615339161047438,0.0615339161047438,TRUE,1.00005013980124,7632.53272556637,5135.68869845051
98,"mu_eta","eta",-0.245,-0.183999025145341,-0.183480595,-0.306793818,-0.06175429605,0.0610009748546587,0.0610009748546587,TRUE,1.00194122865103,1709.76547899626,3089.39137625533
99,"mu_alpha","alpha",4.96,4.77279441213333,4.76584325,4.430874895,5.14309013,-0.187205587866667,0.187205587866667,TRUE,1.00006375956648,12327.8830414793,7046.55641180178
99,"mu_beta","beta",0.914,0.849032891239167,0.845817825,0.732213164,0.9722912285,-0.0649671087608333,0.0649671087608333,TRUE,1.00051628568165,7269.22758783515,7436.91045526984
99,"mu_lambda","lambda",0.0704,0.0744447257225,0.0737509795,0.0501349964,0.1013749005,0.00404472572249999,0.00404472572249999,TRUE,1.00071800537465,4555.94989400906,6025.369533371
99,"mu_delta","delta",0.229,0.11872992987548,0.110109365,0.0168398115,0.253054652,-0.11027007012452,0.11027007012452,TRUE,1.00024987895205,8471.76084346041,7393.07701642585
99,"mu_eta","eta",-0.245,-0.2353903605758,-0.23566648,-0.3403450005,-0.1307542795,0.00960963942419998,0.00960963942419998,TRUE,1.00168078784316,2609.68905201988,4149.77669093716
100,"mu_alpha","alpha",2.33,2.492681877575,2.48470125,2.079746885,2.926144595,0.162681877575,0.162681877575,TRUE,1.00017209092859,4506.50551769459,6319.48507605876
100,"mu_beta","beta",0.381,0.467689676371667,0.46664484,0.355133106,0.5832515525,0.0866896763716666,0.0866896763716666,TRUE,1.00039975143312,5011.44528840793,7183.57050733427
100,"mu_lambda","lambda",0.103,0.109219776713333,0.108706775,0.07543254985,0.1444940365,0.00621977671333333,0.00621977671333333,TRUE,1.00020698817128,5497.80759236679,6928.67046565583
100,"mu_delta","delta",0.229,0.226677649763968,0.227698305,0.09507982075,0.3515917975,-0.00232235023603167,0.00232235023603167,TRUE,1.00057138800453,8677.05140933376,5093.42168908738
100,"mu_eta","eta",-0.245,-0.255080934239983,-0.25542407,-0.3747971915,-0.1329029435,-0.0100809342399834,0.0100809342399834,TRUE,1.00141715058713,3165.47033210418,4872.37145860233
101,"mu_alpha","alpha",3.66,3.72104065515833,3.71030475,3.12139462,4.35778819,0.0610406551583331,0.0610406551583331,TRUE,1.00184451323432,3035.20711967082,5483.4412553158
101,"mu_beta","beta",0.381,0.4641715886225,0.462417975,0.372661563,0.560216021,0.0831715886225,0.0831715886225,TRUE,1.0012118629402,6168.62670155677,7987.36819703704
101,"mu_lambda","lambda",0.103,0.08951986852075,0.0892829185,0.0646671691,0.115571782,-0.01348013147925,0.01348013147925,TRUE,1.00092516808884,4722.09074507817,6361.53522577816
101,"mu_delta","delta",0.229,0.351615514425825,0.35572607,0.1869909885,0.501568431,0.122615514425825,0.122615514425825,TRUE,1.00143464420386,8333.14274405153,5498.67922476737
101,"mu_eta","eta",-0.245,-0.2492454406835,-0.24968603,-0.3358706085,-0.160521983,-0.0042454406835,0.0042454406835,TRUE,1.00031553460867,3485.5119420924,4744.32795147452
102,"mu_alpha","alpha",4.96,4.86359162686667,4.84958615,4.47089498,5.31433639,-0.0964083731333334,0.0964083731333334,TRUE,1.0005155708074,7039.4627358107,4923.09121376762
102,"mu_beta","beta",0.381,0.410853858145742,0.408677875,0.2808771365,0.546867951,0.0298538581457417,0.0298538581457417,TRUE,1.00106362483223,3360.17014313944,5144.20222512217
102,"mu_lambda","lambda",0.103,0.0787971472671667,0.078459013,0.05284250605,0.1055280945,-0.0242028527328333,0.0242028527328333,TRUE,1.00022745282804,4225.43690515411,5264.50503265266
102,"mu_delta","delta",0.229,0.276347595132175,0.27489345,0.09831699535,0.4573274435,0.047347595132175,0.047347595132175,TRUE,1.00017582728531,4886.44886428724,5473.83991182416
102,"mu_eta","eta",-0.245,-0.28757117040825,-0.28818606,-0.382996348,-0.192063297,-0.04257117040825,0.04257117040825,TRUE,1.0001335037162,2937.22852311345,4371.18295627845
103,"mu_alpha","alpha",2.33,2.60405690313333,2.59940475,2.28131633,2.93853383,0.274056903133333,0.274056903133333,TRUE,1.00035499352078,8235.01446881338,8405.17677281037
103,"mu_beta","beta",0.645,0.6193738711925,0.618189775,0.5170131645,0.7251937005,-0.0256261288075,0.0256261288075,TRUE,1.00023242929416,7849.27927930905,8155.21671066011
103,"mu_lambda","lambda",0.103,0.1299889443415,0.129723005,0.107995147,0.1533533165,0.0269889443415,0.0269889443415,FALSE,1.00001957804143,10688.7775461347,8418.32805294153
103,"mu_delta","delta",0.229,0.202368662814575,0.20189033,0.0697003871,0.3334804685,-0.026631337185425,0.026631337185425,TRUE,1.0002191482311,9147.98993707972,5754.05591233362
103,"mu_eta","eta",-0.245,-0.129581635721144,-0.129603685,-0.266639394,0.00921915492999997,0.115418364278856,0.115418364278856,TRUE,1.00037432250052,3302.89990280778,5215.10941115644
104,"mu_alpha","alpha",3.66,3.41843467695,3.41279675,3.127539925,3.7267758,-0.24156532305,0.24156532305,TRUE,1.00032873460815,10290.6153452442,7897.96684708919
104,"mu_beta","beta",0.645,0.608986217365,0.607562715,0.4891959735,0.733106336,-0.036013782635,0.036013782635,TRUE,1.0000444802166,4263.95348094121,6431.17649115919
104,"mu_lambda","lambda",0.103,0.122460023243333,0.12217207,0.09545265065,0.1499870575,0.0194600232433333,0.0194600232433333,TRUE,1.00029361291156,4667.14957786173,6031.86925584029
104,"mu_delta","delta",0.229,0.24242839884525,0.239507415,0.06443864405,0.427576196,0.01342839884525,0.01342839884525,TRUE,1.00020853627845,5922.21016935602,4403.41596821121
104,"mu_eta","eta",-0.245,-0.348902774640333,-0.3492718,-0.458699628,-0.2389399645,-0.103902774640333,0.103902774640333,TRUE,1.00145835458292,2671.31302599059,4833.32786593618
105,"mu_alpha","alpha",4.96,5.23102174545833,5.23479815,4.736010975,5.715567645,0.271021745458333,0.271021745458333,TRUE,1.00017011687279,7735.70741123535,7156.01270650354
105,"mu_beta","beta",0.645,0.689887597779167,0.687281125,0.563041889,0.826524968,0.0448875977791666,0.0448875977791666,TRUE,1.00120452069669,4967.87076374194,7347.03510046818
105,"mu_lambda","lambda",0.103,0.1257980201365,0.12527268,0.09925386195,0.153830503,0.0227980201365,0.0227980201365,TRUE,1.00077863697235,4496.51608397954,6635.93800504228
105,"mu_delta","delta",0.229,0.350090114201333,0.352362115,0.2088748235,0.484619368,0.121090114201333,0.121090114201333,TRUE,1.0001813217321,10137.2115940675,5593.57684304862
105,"mu_eta","eta",-0.245,-0.231920963192442,-0.23161915,-0.3372993945,-0.1279826505,0.0130790368075583,0.0130790368075583,TRUE,1.0017169829215,2934.0384839262,4759.97924212729
106,"mu_alpha","alpha",2.33,2.2563446145,2.2520801,1.8834254,2.6464853,-0.0736553854999999,0.0736553854999999,TRUE,1.02366453720126,3542.27365181893,5198.32184173105
106,"mu_beta","beta",0.914,0.887823989603333,0.88739267,0.78813669,0.9930060595,-0.0261760103966667,0.0261760103966667,TRUE,1.02817514561028,113.278319499633,415.665971719793
106,"mu_lambda","lambda",0.103,0.132368031725,0.13030417,0.09841133385,0.170491588,0.029368031725,0.029368031725,TRUE,1.00837348198133,1925.81360472305,4125.42866773487
106,"mu_delta","delta",0.229,0.234999188121325,0.22948637,0.06297494555,0.4216053955,0.00599918812132499,0.00599918812132499,TRUE,1.03529141114551,79.5467631264196,302.348612063739
106,"mu_eta","eta",-0.245,-0.293135887296333,-0.292705415,-0.3950458325,-0.1920057305,-0.0481358872963333,0.0481358872963333,TRUE,1.01698058076338,2122.34105290354,4251.03169049048
107,"mu_alpha","alpha",3.66,3.78844599573333,3.77428475,3.43286223,4.18835451,0.128445995733333,0.128445995733333,TRUE,1.0011078076952,7459.63541296036,6124.35834059422
107,"mu_beta","beta",0.914,0.93162750254,0.930338605,0.7501486535,1.119146565,0.01762750254,0.01762750254,TRUE,1.0004352812578,4670.17374425876,6299.41535841503
107,"mu_lambda","lambda",0.103,0.1136188049065,0.113174085,0.087269658,0.1412150005,0.0106188049065,0.0106188049065,TRUE,1.000232727432,4878.06368634704,5567.57804296982
107,"mu_delta","delta",0.229,0.181386847414536,0.17626665,0.0456077697,0.3355448845,-0.0476131525854642,0.0476131525854642,TRUE,1.00014187156925,6565.28520692411,5785.40770597268
107,"mu_eta","eta",-0.245,-0.271577501923871,-0.27312296,-0.3762503485,-0.1621090205,-0.0265775019238708,0.0265775019238708,TRUE,1.00100722325741,3069.62235062895,4971.98573980233
108,"mu_alpha","alpha",4.96,5.30051038965833,5.2874354,4.87749705,5.76882241,0.340510389658333,0.340510389658333,TRUE,1.00106500185355,2551.70271597594,2084.05632052124
108,"mu_beta","beta",0.914,0.9678226063425,0.970742895,0.7878789155,1.147743945,0.0538226063424999,0.0538226063424999,TRUE,1.00151122516647,2667.20160510001,4230.50693432368
108,"mu_lambda","lambda",0.103,0.106749631840333,0.10541176,0.0751668669,0.1423498315,0.00374963184033333,0.00374963184033333,TRUE,1.00769577788495,1975.81946980931,3031.72550042687
108,"mu_delta","delta",0.229,0.241711813501025,0.239757305,0.1219921,0.3676630395,0.012711813501025,0.012711813501025,TRUE,1.00614871205126,731.948719008982,2182.52446847693
108,"mu_eta","eta",-0.245,-0.237929275481283,-0.240166535,-0.3510657185,-0.11897255,0.00707072451871665,0.00707072451871665,TRUE,1.00360190251127,1228.72343257315,2224.05892260874
109,"mu_alpha","alpha",2.33,2.17293682628333,2.16621265,1.862883905,2.503485555,-0.157063173716667,0.157063173716667,TRUE,1.00066528600821,6063.81184241259,7737.01062276912
109,"mu_beta","beta",0.381,0.274493608213983,0.27410396,0.1559415305,0.3931194165,-0.106506391786017,0.106506391786017,TRUE,1.00071943657134,3804.68257075219,5536.96214588344
109,"mu_lambda","lambda",0.0401,0.0684209454762417,0.0680187295,0.0382173373,0.09949715335,0.0283209454762417,0.0283209454762417,TRUE,1.00085734903787,7513.0191975868,6797.95007493392
109,"mu_delta","delta",0.765,0.7373642922325,0.746348255,0.5451406165,0.9031117025,-0.0276357077675,0.0276357077675,TRUE,1.00020124711833,5283.8961421445,6560.72272197116
109,"mu_eta","eta",-0.245,-0.2370475353995,-0.237709355,-0.3269455355,-0.144739725,0.0079524646005,0.0079524646005,TRUE,1.00004782735448,8014.32714777673,8462.9101921695
110,"mu_alpha","alpha",3.66,3.50102062218333,3.4945455,3.224189825,3.80301048,-0.158979377816667,0.158979377816667,TRUE,0.99997403828618,8753.12006616787,7217.03031004571
110,"mu_beta","beta",0.381,0.355052103296875,0.3537574,0.244279615,0.4714950695,-0.025947896703125,0.025947896703125,TRUE,1.00238372209227,3524.41959413732,5134.74626623945
110,"mu_lambda","lambda",0.0401,0.040559271711675,0.0404255685,0.0200708135,0.06116639855,0.000459271711675001,0.000459271711675001,TRUE,1.00023481908724,5803.06459814154,5743.83034800322
110,"mu_delta","delta",0.765,0.445345116307833,0.451860745,0.1908304155,0.67383907,-0.319654883692167,0.319654883692167,FALSE,1.00066165940901,4853.83042821227,4702.48699372853
110,"mu_eta","eta",-0.245,-0.3067333464985,-0.30755906,-0.407653381,-0.2044580295,-0.0617333464985,0.0617333464985,TRUE,1.00142294270934,3121.41678050659,5429.35138916578
111,"mu_alpha","alpha",4.96,5.39903486760833,5.39835135,5.001888505,5.800183335,0.439034867608333,0.439034867608333,FALSE,1.00063606569442,9724.11357710933,6192.34255343149
111,"mu_beta","beta",0.381,0.4408359648051,0.43969176,0.282459969,0.5991572255,0.0598359648051,0.0598359648051,TRUE,1.00017944583554,3462.96649312058,4989.94752290475
111,"mu_lambda","lambda",0.0401,0.0506354703519167,0.0506389835,0.0353920946,0.0657819902,0.0105354703519167,0.0105354703519167,TRUE,0.999889573203171,8418.07312857705,6415.07522702611
111,"mu_delta","delta",0.765,0.640978569840833,0.64580193,0.280685925,0.98371187,-0.124021430159167,0.124021430159167,TRUE,1.00199487620839,4019.39617407671,5874.10051582042
111,"mu_eta","eta",-0.245,-0.241672475521667,-0.241040795,-0.312787053,-0.1709197505,0.00332752447833332,0.00332752447833332,TRUE,1.00069678147777,4389.98353094769,6475.63232594158
112,"mu_alpha","alpha",2.33,2.00234476489417,1.99936505,1.66426144,2.353931755,-0.327655235105833,0.327655235105833,TRUE,1.00102747220095,4092.62036917745,4756.17872723612
112,"mu_beta","beta",0.645,0.672752548315,0.67180132,0.5059266275,0.8441246745,0.027752548315,0.027752548315,TRUE,1.00061519065989,2671.61853332605,1718.93011842449
112,"mu_lambda","lambda",0.0401,0.0653602059749833,0.0651510175,0.03702247855,0.09509761735,0.0252602059749833,0.0252602059749833,TRUE,1.00011508013609,5584.1911414917,5650.93196735749
112,"mu_delta","delta",0.765,0.802632042104167,0.80385201,0.599942285,1.00080839,0.0376320421041667,0.0376320421041667,TRUE,1.0212196018021,227.662756809641,2789.90687180051
112,"mu_eta","eta",-0.245,-0.222745391150745,-0.22233583,-0.354216184,-0.09266138145,0.022254608849255,0.022254608849255,TRUE,1.01835391628013,352.729224126237,2572.29880561652
113,"mu_alpha","alpha",3.66,3.86917909919167,3.86001005,3.400103115,4.360466885,0.209179099191667,0.209179099191667,TRUE,1.00063401555993,4674.1111217645,6215.28647015816
113,"mu_beta","beta",0.645,0.549928625725833,0.549102755,0.4432416085,0.6595872915,-0.0950713742741667,0.0950713742741667,TRUE,1.00013078166148,4974.81797542553,6170.81293826058
113,"mu_lambda","lambda",0.0401,0.0446166463386833,0.0448368075,0.02793108,0.0609684705,0.00451664633868334,0.00451664633868334,TRUE,1.00042317079373,7751.25771530182,5533.22749944465
113,"mu_delta","delta",0.765,0.771131327684167,0.769951615,0.634935427,0.907451777,0.00613132768416669,0.00613132768416669,TRUE,1.00055400707996,3986.56456905227,4942.51021362161
113,"mu_eta","eta",-0.245,-0.192437652869091,-0.19194216,-0.305008413,-0.0807179496,0.0525623471309092,0.0525623471309092,TRUE,1.00065800162324,2643.20655442181,3915.82274545517
114,"mu_alpha","alpha",4.96,4.95269072313333,4.9441926,4.46382824,5.48184674,-0.00730927686666671,0.00730927686666671,TRUE,1.00040207445779,5792.28932404868,5667.56590596169
114,"mu_beta","beta",0.645,0.535084319535,0.533880275,0.426441796,0.6493806735,-0.109915680465,0.109915680465,TRUE,1.00027829996266,5279.91494698635,5361.08471140912
114,"mu_lambda","lambda",0.0401,0.036972755538025,0.0371422985,0.0229500053,0.05046419875,-0.00312724446197499,0.00312724446197499,TRUE,1.00018346262908,8776.64448671027,5352.57918206063
114,"mu_delta","delta",0.765,0.7827578586,0.786397725,0.605574306,0.9449364265,0.0177578586,0.0177578586,TRUE,1.00018572313496,3334.3969647859,4276.44536303977
114,"mu_eta","eta",-0.245,-0.203358619029678,-0.203525415,-0.3033828035,-0.102730451,0.0416413809703225,0.0416413809703225,TRUE,1.00058000750053,2875.79243193912,5296.6609394903
115,"mu_alpha","alpha",2.33,2.14502084105833,2.13877585,1.806486765,2.503626525,-0.184979158941667,0.184979158941667,TRUE,1.00019353090833,5353.74558243577,7012.49018244863
115,"mu_beta","beta",0.914,0.9483728828975,0.946048525,0.843943846,1.058958795,0.0343728828975,0.0343728828975,TRUE,1.00029271623199,7249.68912500298,8480.92558627068
115,"mu_lambda","lambda",0.0401,0.050453749279125,0.050386762,0.0289453347,0.072016692,0.010353749279125,0.010353749279125,TRUE,1.00017736851752,7204.0762903604,6878.53898078099
115,"mu_delta","delta",0.765,0.962752554915,0.95016052,0.7996836325,1.166836645,0.197752554915,0.197752554915,FALSE,1.02965942276635,113.53322491442,481.567246352202
115,"mu_eta","eta",-0.245,-0.212454712348937,-0.21210734,-0.345582522,-0.07964857965,0.0325452876510629,0.0325452876510629,TRUE,1.01701138384069,671.209988867164,4476.19784395989
116,"mu_alpha","alpha",3.66,3.47278283378333,3.4642103,3.07682399,3.889520195,-0.187217166216667,0.187217166216667,TRUE,1.00097266947256,9370.21919543295,8417.87814602088
116,"mu_beta","beta",0.914,0.8626347391225,0.861664525,0.74073523,0.9872900215,-0.0513652608775,0.0513652608775,TRUE,1.00048312001264,8512.06518890818,8808.24665433533
116,"mu_lambda","lambda",0.0401,0.038886901795125,0.039022552,0.0219011962,0.0559800163,-0.00121309820487499,0.00121309820487499,TRUE,1.00006170563682,10632.0281136276,7489.37623326206
116,"mu_delta","delta",0.765,0.726527719434167,0.72699754,0.556593096,0.8999735455,-0.0384722805658333,0.0384722805658333,TRUE,1.00040295209665,5842.59057977565,4316.46007806974
116,"mu_eta","eta",-0.245,-0.262298009846083,-0.26155068,-0.3607969365,-0.1638075145,-0.0172980098460833,0.0172980098460833,TRUE,1.00064325181558,3998.1980588847,6019.48008104837
117,"mu_alpha","alpha",4.96,4.7010294741,4.6856547,4.283543215,5.175724015,-0.2589705259,0.2589705259,TRUE,1.00093308029207,5791.411407996,5818.13352446818
117,"mu_beta","beta",0.914,0.905057989764167,0.90296059,0.752773935,1.068107755,-0.00894201023583341,0.00894201023583341,TRUE,1.00126351696924,4049.70477063514,6251.03465377264
117,"mu_lambda","lambda",0.0401,0.0322090663932083,0.0319567335,0.0161379324,0.0485857827,-0.00789093360679166,0.00789093360679166,TRUE,1.00025940499474,6681.58652968294,6882.6238611146
117,"mu_delta","delta",0.765,0.6056123094465,0.607958465,0.3668454495,0.840211813,-0.1593876905535,0.1593876905535,TRUE,1.00171965145833,3163.49854517223,6339.29147011607
117,"mu_eta","eta",-0.245,-0.305642021066917,-0.305905815,-0.3973024675,-0.2142211845,-0.0606420210669167,0.0606420210669167,TRUE,1.00041209102777,2303.124401411,4218.92508233979
118,"mu_alpha","alpha",2.33,2.20939292051667,2.2044888,1.95707803,2.4772825,-0.120607079483333,0.120607079483333,TRUE,1.00017858817457,8212.37209960657,8138.36459365509
118,"mu_beta","beta",0.381,0.4020948306275,0.401545205,0.290272571,0.5168536365,0.0210948306275,0.0210948306275,TRUE,1.00109823662678,3859.20070982444,5898.71302905333
118,"mu_lambda","lambda",0.0704,0.0930457908744583,0.0913094725,0.05324598295,0.1374564025,0.0226457908744583,0.0226457908744583,TRUE,1.00024373550841,5307.05833414857,7158.37495682517
118,"mu_delta","delta",0.765,0.664006213496583,0.660513655,0.375015623,0.9559715295,-0.100993786503417,0.100993786503417,TRUE,1.00050360549844,4057.69585252177,5554.2300254835
118,"mu_eta","eta",-0.245,-0.2855432154825,-0.283838485,-0.414288915,-0.1644512915,-0.0405432154825,0.0405432154825,TRUE,1.00064263730998,4059.63601479936,5743.49188754604
119,"mu_alpha","alpha",3.66,3.75004417185,3.74356285,3.27440884,4.25264946,0.0900441718499998,0.0900441718499998,TRUE,1.00035530826743,6656.07252777411,7705.02643298808
119,"mu_beta","beta",0.381,0.299099278729533,0.29760145,0.167947401,0.435677705,-0.0819007212704667,0.0819007212704667,TRUE,1.00033880065447,4828.94325570343,5892.76691148472
119,"mu_lambda","lambda",0.0704,0.0662209005286083,0.0653519635,0.03682163945,0.09822343505,-0.00417909947139167,0.00417909947139167,TRUE,1.00020226694507,6029.60419145127,6504.41788199539
119,"mu_delta","delta",0.765,0.788532788891667,0.789036985,0.689785862,0.8858342685,0.0235327888916667,0.0235327888916667,TRUE,1.00098581310659,5304.20847308618,5110.67902046512
119,"mu_eta","eta",-0.245,-0.120396588933194,-0.121010995,-0.2439102675,0.00697524565499996,0.124603411066806,0.124603411066806,FALSE,1.00077329913024,4179.22446891688,5787.1816797414
120,"mu_alpha","alpha",4.96,4.95932672561667,4.9545609,4.47059087,5.475470065,-0.000673274383332867,0.000673274383332867,TRUE,1.00048147646279,6900.48283811602,5141.80594790581
120,"mu_beta","beta",0.381,0.466356666854167,0.46501048,0.361891436,0.574902519,0.0853566668541667,0.0853566668541667,TRUE,1.00016623159411,5527.10936731061,6355.38371993678
120,"mu_lambda","lambda",0.0704,0.0539723475782,0.0537269515,0.0330434074,0.07597562965,-0.0164276524218,0.0164276524218,TRUE,1.00028611903179,5382.66970947148,6324.68955397436
120,"mu_delta","delta",0.765,0.7128248602375,0.71966876,0.5260012445,0.8756198165,-0.0521751397625,0.0521751397625,TRUE,1.00110328413365,3554.37692463748,5048.96106880289
120,"mu_eta","eta",-0.245,-0.302153880809041,-0.30227847,-0.416414415,-0.188914554,-0.0571538808090408,0.0571538808090408,TRUE,1.00130481036907,2680.22536342604,3963.73933610837
121,"mu_alpha","alpha",2.33,2.305706495175,2.2972773,1.897520685,2.739666835,-0.0242935048250001,0.0242935048250001,TRUE,1.00127382616025,3070.74174044324,5281.72101393695
121,"mu_beta","beta",0.645,0.63183966479,0.630123205,0.507776797,0.761813672,-0.01316033521,0.01316033521,TRUE,1.00160836700182,3562.88372733958,5805.86611184622
121,"mu_lambda","lambda",0.0704,0.0705967481971667,0.0704840345,0.05153818185,0.0896998434,0.000196748197166668,0.000196748197166668,TRUE,1.0003909900345,9330.22519788261,7043.59939389336
121,"mu_delta","delta",0.765,0.486493839431167,0.48972387,0.295584607,0.671709621,-0.278506160568833,0.278506160568833,FALSE,1.00060085145443,4944.04453412225,4837.39528201993
121,"mu_eta","eta",-0.245,-0.121427616469508,-0.122235405,-0.2262565285,-0.0144987922500001,0.123572383530492,0.123572383530492,FALSE,1.00193872450069,3036.53319711551,4946.20647410197
122,"mu_alpha","alpha",3.66,3.62348284799167,3.61178905,3.130140285,4.158229455,-0.0365171520083334,0.0365171520083334,TRUE,1.0000331584742,5201.77345616706,6909.2925193328
122,"mu_beta","beta",0.645,0.67831482733,0.677189145,0.567398409,0.7927043155,0.03331482733,0.03331482733,TRUE,1.0005183126531,6426.3588650962,7022.27117447069
122,"mu_lambda","lambda",0.0704,0.100023886989833,0.099514559,0.06708011685,0.135189522,0.0296238869898333,0.0296238869898333,TRUE,1.00059122700935,3621.76100979353,5868.22076925779
122,"mu_delta","delta",0.765,0.620699755844583,0.627501535,0.334932541,0.8835828305,-0.144300244155417,0.144300244155417,TRUE,1.00012099640327,5081.97998914166,6468.90923907905
122,"mu_eta","eta",-0.245,-0.206851331295982,-0.207146585,-0.295300607,-0.1148804385,0.0381486687040183,0.0381486687040183,TRUE,1.00006393504364,3781.85297304611,5502.6894214975
123,"mu_alpha","alpha",4.96,4.945294830775,4.93294115,4.573539335,5.35877776,-0.0147051692249995,0.0147051692249995,TRUE,1.00147248485486,7874.47236408709,5824.97437665129
123,"mu_beta","beta",0.645,0.649203013245833,0.6468613,0.5082287845,0.79654376,0.00420301324583328,0.00420301324583328,TRUE,1.00110279214915,3746.25956141546,5777.5472205583
123,"mu_lambda","lambda",0.0704,0.08125325320275,0.081299869,0.0669180708,0.09555870735,0.01085325320275,0.01085325320275,TRUE,1.00051414211402,9250.22521915166,7604.66735139274
123,"mu_delta","delta",0.765,0.757176361338917,0.76534086,0.49418146,0.9898553215,-0.00782363866108338,0.00782363866108338,TRUE,1.00209247105241,3353.71306422111,4575.17664878108
123,"mu_eta","eta",-0.245,-0.188195749249516,-0.187911015,-0.285358967,-0.0922982643500001,0.0568042507504839,0.0568042507504839,TRUE,1.00022888890568,2809.89071292159,4898.04291161968
124,"mu_alpha","alpha",2.33,2.48998487009167,2.48034705,2.01513155,3.002119765,0.159984870091666,0.159984870091666,TRUE,1.00068847844288,3950.77361407197,6639.77896888653
124,"mu_beta","beta",0.914,0.990394119825,0.987965125,0.833747795,1.15686488,0.076394119825,0.076394119825,TRUE,1.00080597977162,4332.9308025609,6167.10102692601
124,"mu_lambda","lambda",0.0704,0.0672474258253333,0.067188032,0.0456535704,0.08907367485,-0.00315257417466668,0.00315257417466668,TRUE,1.00071663052144,6962.56384099954,6801.23496648675
124,"mu_delta","delta",0.765,0.7684417043625,0.76662503,0.5931592615,0.9522030985,0.00344170436250002,0.00344170436250002,TRUE,1.00059523616866,3725.58243438461,4148.02019134716
124,"mu_eta","eta",-0.245,-0.154713579820214,-0.15582531,-0.279733226,-0.0237920440500001,0.0902864201797864,0.0902864201797864,TRUE,1.00080623961364,2739.52022112223,4333.33654961409
125,"mu_alpha","alpha",3.66,3.36649427181667,3.3571851,2.96285972,3.80848576,-0.293505728183333,0.293505728183333,TRUE,1.00024268811687,4974.88251466988,6055.05001873958
125,"mu_beta","beta",0.914,0.943728267761667,0.94209112,0.8156313405,1.077627575,0.0297282677616666,0.0297282677616666,TRUE,1.00064344628719,4396.47933597824,5746.51072663518
125,"mu_lambda","lambda",0.0704,0.05126776410075,0.051073084,0.0336942287,0.06877464155,-0.01913223589925,0.01913223589925,FALSE,1.00043613224976,4589.56120735428,6007.30718313087
125,"mu_delta","delta",0.765,0.781656808036667,0.78289116,0.5699527195,0.9898712055,0.0166568080366667,0.0166568080366667,TRUE,1.00089964534553,2516.93695655722,3941.60730459731
125,"mu_eta","eta",-0.245,-0.278989961066067,-0.2782895,-0.385456756,-0.172098605,-0.0339899610660667,0.0339899610660667,TRUE,1.00264537125185,1733.02526472146,3347.00277626545
126,"mu_alpha","alpha",4.96,4.5369211548,4.5263123,4.179179675,4.92577675,-0.4230788452,0.4230788452,FALSE,1.00054347484381,8085.35432039931,6513.40703643755
126,"mu_beta","beta",0.914,0.982910461355833,0.98068588,0.8256818805,1.14866514,0.0689104613558333,0.0689104613558333,TRUE,1.000616187394,3958.52723615476,5568.98521537168
126,"mu_lambda","lambda",0.0704,0.058389655987325,0.056673662,0.02643216535,0.0969730452,-0.012010344012675,0.012010344012675,TRUE,1.00019804160291,2918.91095146274,4811.5879295938
126,"mu_delta","delta",0.765,0.890249771148333,0.888009225,0.6907607955,1.10246635,0.125249771148333,0.125249771148333,TRUE,1.00044329029268,2738.38382687021,3888.85836570113
126,"mu_eta","eta",-0.245,-0.26053779374597,-0.260898675,-0.369398756,-0.1492530455,-0.0155377937459698,0.0155377937459698,TRUE,1.00311245036162,2265.29690845584,4092.66940052171
127,"mu_alpha","alpha",2.33,2.60922950255833,2.6030501,2.288484845,2.951666365,0.279229502558333,0.279229502558333,TRUE,1.000562756409,5036.4027645312,6541.76222399583
127,"mu_beta","beta",0.381,0.392945525301667,0.39183674,0.2961056315,0.494221767,0.0119455253016666,0.0119455253016666,TRUE,1.00029388410657,4297.56950860249,6021.54949427637
127,"mu_lambda","lambda",0.103,0.1087557239115,0.10858676,0.0776487483,0.141445004,0.0057557239115,0.0057557239115,TRUE,1.00045175974268,4791.44560108741,6194.75959236391
127,"mu_delta","delta",0.765,0.909091605690833,0.915999705,0.5846877045,1.202112445,0.144091605690833,0.144091605690833,TRUE,1.0011298185589,3086.33062836156,5044.82393978636
127,"mu_eta","eta",-0.245,-0.411286622563833,-0.411146865,-0.5134735115,-0.3075846355,-0.166286622563833,0.166286622563833,FALSE,1.00264262902475,4091.84395404954,6159.23723747841
128,"mu_alpha","alpha",3.66,3.90996919545,3.90184185,3.422325365,4.434038085,0.24996919545,0.24996919545,TRUE,1.00034023089511,5659.55994242263,7259.78078609482
128,"mu_beta","beta",0.381,0.41225127044,0.41148321,0.323548587,0.503267463,0.03125127044,0.03125127044,TRUE,1.00083957866346,8149.96712469624,8645.94338729253
128,"mu_lambda","lambda",0.103,0.0991437471145,0.099096672,0.0823007827,0.116398188,-0.0038562528855,0.0038562528855,TRUE,1.00009641164142,11227.0615489787,8404.35369245884
128,"mu_delta","delta",0.765,0.967712621198333,0.966681345,0.7029800175,1.220148735,0.202712621198333,0.202712621198333,TRUE,1.00076074732778,4237.80726963442,5654.22949884637
128,"mu_eta","eta",-0.245,-0.270200147054167,-0.26978926,-0.330441913,-0.2108050195,-0.0252001470541667,0.0252001470541667,TRUE,1.00012173674719,8946.60484880695,8345.30942949992
129,"mu_alpha","alpha",4.96,5.28599509721667,5.27898285,4.87263157,5.73169273,0.325995097216667,0.325995097216667,TRUE,1.00036843470976,6442.94341843395,4607.06102824087
129,"mu_beta","beta",0.381,0.307705603272883,0.306252065,0.189736419,0.429172968,-0.0732943967271167,0.0732943967271167,TRUE,1.00116931507792,4244.7659431079,6030.7479677801
129,"mu_lambda","lambda",0.103,0.127840967741917,0.127490755,0.1004736855,0.156137449,0.0248409677419167,0.0248409677419167,TRUE,1.00075286956158,3508.61856091048,5932.67533110753
129,"mu_delta","delta",0.765,0.699775298695,0.700219105,0.4797303685,0.9154385135,-0.065224701305,0.065224701305,TRUE,1.00001128042743,2938.94543827002,5189.05274572589
129,"mu_eta","eta",-0.245,-0.183353952405049,-0.18373341,-0.3031532805,-0.0614749469500001,0.0616460475949508,0.0616460475949508,TRUE,1.00016677136955,2382.74272165835,4214.4589227646
130,"mu_alpha","alpha",2.33,2.327992313625,2.32095425,2.04184427,2.64078218,-0.00200768637500026,0.00200768637500026,TRUE,1.00026937558143,7832.80465883747,6906.50617071543
130,"mu_beta","beta",0.645,0.5731064658025,0.572585255,0.4381960665,0.7144082635,-0.0718935341975,0.0718935341975,TRUE,1.00064766442842,4436.28877213495,5986.44299773228
130,"mu_lambda","lambda",0.103,0.159407007558833,0.158480605,0.1169922785,0.204502764,0.0564070075588333,0.0564070075588333,FALSE,1.00059062775764,4601.19768330071,6212.08991154456
130,"mu_delta","delta",0.765,0.668895895719042,0.678303335,0.3178821675,0.989741951,-0.0961041042809584,0.0961041042809584,TRUE,1.00094847658026,3257.62083126207,6071.41798761465
130,"mu_eta","eta",-0.245,-0.320187468820891,-0.320387085,-0.452334154,-0.1871972455,-0.0751874688208908,0.0751874688208908,TRUE,1.00141684261719,4214.0290889565,6776.97793674895
131,"mu_alpha","alpha",3.66,3.65867787788333,3.64497225,3.31124665,4.050492795,-0.0013221221166666,0.0013221221166666,TRUE,1.00045795864168,6045.95022997854,7048.87397427568
131,"mu_beta","beta",0.645,0.717061543255833,0.716424135,0.6184725875,0.8190684,0.0720615432558334,0.0720615432558334,TRUE,1.00114644258293,5469.99259036216,6799.82147841925
131,"mu_lambda","lambda",0.103,0.105802561275833,0.105239005,0.0810819839,0.132694755,0.00280256127583334,0.00280256127583334,TRUE,1.00103422111628,4216.2015994793,5534.72877816837
131,"mu_delta","delta",0.765,0.8872949940125,0.887176595,0.749457542,1.02489232,0.1222949940125,0.1222949940125,TRUE,1.00097206206935,2474.66869655076,4686.09431145951
131,"mu_eta","eta",-0.245,-0.104104314807767,-0.10521882,-0.2133751445,0.00844697356999998,0.140895685192233,0.140895685192233,FALSE,1.00064574258495,2215.65221150561,4315.70811811748
132,"mu_alpha","alpha",4.96,5.39329677481667,5.3921478,4.984318255,5.80773607,0.433296774816666,0.433296774816666,FALSE,1.0000793707713,7357.58211004114,5461.73601998669
132,"mu_beta","beta",0.645,0.694500081015,0.69292631,0.5664946675,0.8281891035,0.049500081015,0.049500081015,TRUE,1.00023783557589,5321.53578234642,6276.42174307329
132,"mu_lambda","lambda",0.103,0.13878293961975,0.138154155,0.1063273855,0.173528807,0.03578293961975,0.03578293961975,FALSE,1.00082221116524,2859.0691244933,4580.44151708521
132,"mu_delta","delta",0.765,0.612840170006833,0.618256995,0.2866568275,0.912259365,-0.152159829993167,0.152159829993167,TRUE,1.01188926978497,3196.42096675108,4595.65147741451
132,"mu_eta","eta",-0.245,-0.200441622506995,-0.20039517,-0.301676829,-0.100144883,0.0445583774930052,0.0445583774930052,TRUE,1.07555372085852,36.9433243753186,1534.73894485667
133,"mu_alpha","alpha",2.33,2.51709581399167,2.5136759,2.031771365,3.016992825,0.187095813991667,0.187095813991667,TRUE,1.00124367507066,3303.20276709183,4849.50037830761
133,"mu_beta","beta",0.914,0.957467363508333,0.95572053,0.814473251,1.10634596,0.0434673635083332,0.0434673635083332,TRUE,1.00060331211477,4096.22169936473,6036.11775677531
133,"mu_lambda","lambda",0.103,0.12432528531925,0.12279936,0.07908869455,0.173711307,0.02132528531925,0.02132528531925,TRUE,1.00152637021826,1828.81308061414,3619.49429387952
133,"mu_delta","delta",0.765,0.794508323913333,0.795702085,0.537664536,1.0460745,0.0295083239133334,0.0295083239133334,TRUE,1.00028105404295,2279.46168237721,3981.22250857285
133,"mu_eta","eta",-0.245,-0.226018765416412,-0.225996115,-0.3502810415,-0.100087328,0.0189812345835883,0.0189812345835883,TRUE,1.00134847810872,2220.18686736927,4111.96082548261
134,"mu_alpha","alpha",3.66,3.46889833429167,3.45953195,3.096092325,3.87533132,-0.191101665708334,0.191101665708334,TRUE,1.00004580610821,5545.13334387275,6451.17952671091
134,"mu_beta","beta",0.914,0.815128794025,0.813399105,0.686349841,0.9468447165,-0.098871205975,0.098871205975,TRUE,1.000730004998,4190.93656266114,6424.62299600457
134,"mu_lambda","lambda",0.103,0.101054126043917,0.10076265,0.07291961715,0.131073606,-0.00194587395608332,0.00194587395608332,TRUE,1.00143026048224,2912.05698850003,5351.24037433186
134,"mu_delta","delta",0.765,0.825032873310833,0.816102905,0.566086917,1.11669193,0.0600328733108333,0.0600328733108333,TRUE,1.00193946374261,1984.80758300449,3197.76246957866
134,"mu_eta","eta",-0.245,-0.226225197396138,-0.22611789,-0.3317931505,-0.1211522045,0.0187748026038617,0.0187748026038617,TRUE,1.00045394275241,2054.84688872438,4075.42197174126
135,"mu_alpha","alpha",4.96,5.06454215101667,5.0548512,4.595862785,5.57276171,0.104542151016667,0.104542151016667,TRUE,1.00008934049729,6768.67714031683,4072.66758388848
135,"mu_beta","beta",0.914,1.0480955164675,1.04624305,0.9273936885,1.17778702,0.1340955164675,0.1340955164675,FALSE,1.00003748829237,7991.86989563683,4432.47157240613
135,"mu_lambda","lambda",0.103,0.11311525015725,0.11241561,0.08380197645,0.1447272355,0.01011525015725,0.01011525015725,TRUE,1.0009447825349,2755.65836983558,4779.61326137247
135,"mu_delta","delta",0.765,0.845299311003333,0.8459801,0.64146009,1.04400951,0.0802993110033333,0.0802993110033333,TRUE,1.00168769862153,2931.18462040284,3768.59231747877
135,"mu_eta","eta",-0.245,-0.0571849988436981,-0.05832859,-0.151281972,0.0424109080999999,0.187815001156302,0.187815001156302,FALSE,1.00162379955978,2358.06678034591,3274.9324869842
136,"mu_alpha","alpha",2.33,2.403770757075,2.39525435,2.029894805,2.799233475,0.0737707570750001,0.0737707570750001,TRUE,1.00040095566369,4867.39568167294,6407.67924353475
136,"mu_beta","beta",0.381,0.421229439762,0.420230095,0.297292529,0.547442077,0.040229439762,0.040229439762,TRUE,1.00048451646334,3607.78695750205,5330.34292614638
136,"mu_lambda","lambda",0.0401,0.0338573923341983,0.033428495,0.0111143543,0.05765003805,-0.00624260766580166,0.00624260766580166,TRUE,1.00004113609403,7256.5720382009,5864.79011082148
136,"mu_delta","delta",1.3,1.13842677814083,1.14228675,0.8903198945,1.373222075,-0.161573221859167,0.161573221859167,TRUE,1.00373894626744,2653.56113781125,4244.1509497037
136,"mu_eta","eta",-0.245,-0.136345425149937,-0.13652764,-0.2739473995,0.00231516191999999,0.108654574850063,0.108654574850063,TRUE,1.0006768779935,3234.06304901167,5967.96615544355
137,"mu_alpha","alpha",3.66,3.65999904124167,3.64812655,3.29303297,4.066083745,-9.58758333613474e-07,9.58758333613474e-07,TRUE,1.00030950579898,8081.55128504294,6461.26923461909
137,"mu_beta","beta",0.381,0.4374503558475,0.436557075,0.33216651,0.5453094245,0.0564503558475,0.0564503558475,TRUE,1.00059866585395,5647.56038861795,6897.58807653042
137,"mu_lambda","lambda",0.0401,0.0557825267389167,0.0557797765,0.0364311508,0.07561347865,0.0156825267389167,0.0156825267389167,TRUE,1.00022534117289,9020.61842878939,7707.68314584378
137,"mu_delta","delta",1.3,1.4599815621325,1.45305095,1.258569605,1.685121925,0.1599815621325,0.1599815621325,TRUE,1.00053471192827,2334.28387554453,3750.31396693932
137,"mu_eta","eta",-0.245,-0.279038507796125,-0.279611215,-0.411627144,-0.1477939815,-0.034038507796125,0.034038507796125,TRUE,1.00110761945838,1775.6740340081,3803.50005814971
138,"mu_alpha","alpha",4.96,5.1899119862,5.181636,4.80349417,5.60731909,0.2299119862,0.2299119862,TRUE,1.00036908036332,8355.9893211131,5931.79510263322
138,"mu_beta","beta",0.381,0.446907666104167,0.44493383,0.3303523315,0.5681926425,0.0659076661041667,0.0659076661041667,TRUE,1.00025875701177,4052.49844411838,5897.31524685486
138,"mu_lambda","lambda",0.0401,0.0502453968618,0.050247016,0.0316076418,0.06888800125,0.0101453968618,0.0101453968618,TRUE,1.0001994050636,5117.08035041833,5631.37904718952
138,"mu_delta","delta",1.3,1.622117487375,1.6234103,1.406433865,1.83360403,0.322117487375,0.322117487375,FALSE,1.02559471370651,128.303942523345,143.542985870786
138,"mu_eta","eta",-0.245,-0.202311031346197,-0.203738275,-0.30962813,-0.08980596385,0.0426889686538025,0.0426889686538025,TRUE,1.02525757935455,194.163855865025,403.852623492635
139,"mu_alpha","alpha",2.33,2.43349235165833,2.4297548,2.189584095,2.691658455,0.103492351658333,0.103492351658333,TRUE,1.00086813819114,9036.61689124313,8394.48674956808
139,"mu_beta","beta",0.645,0.700559655345,0.69916707,0.5554454315,0.850247164,0.055559655345,0.055559655345,TRUE,1.0007269007445,3640.21922857903,5442.82711508423
139,"mu_lambda","lambda",0.0401,0.0548325714742,0.0547509445,0.0330305355,0.07668593155,0.0147325714742,0.0147325714742,TRUE,1.00208493234965,6858.23914090216,5742.33686880711
139,"mu_delta","delta",1.3,1.38114929400167,1.3716845,1.192140815,1.607218985,0.0811492940016667,0.0811492940016667,TRUE,1.04797623511034,65.427975846066,218.58114183075
139,"mu_eta","eta",-0.245,-0.322457081525167,-0.32440231,-0.452999615,-0.184762628,-0.0774570815251667,0.0774570815251667,TRUE,1.039436296653,83.9570993510528,409.508324509378
140,"mu_alpha","alpha",3.66,3.58152540841667,3.57065805,3.16708144,4.025185965,-0.0784745915833334,0.0784745915833334,TRUE,1.0004017439037,4439.87245600213,5322.73026599449
140,"mu_beta","beta",0.645,0.626585902438333,0.625258815,0.5220301515,0.73451436,-0.0184140975616667,0.0184140975616667,TRUE,1.0002493920183,4879.90601611642,6542.85261183871
140,"mu_lambda","lambda",0.0401,0.0427106384418167,0.0428456685,0.02577876465,0.0594608649,0.00261063844181667,0.00261063844181667,TRUE,1.0013373222061,5844.04021490849,5697.37363003098
140,"mu_delta","delta",1.3,1.21309537951583,1.205635,0.9989510515,1.449365315,-0.0869046204841668,0.0869046204841668,TRUE,1.00009834504894,2933.94123735668,4227.37731476693
140,"mu_eta","eta",-0.245,-0.211913282952436,-0.211991265,-0.3194165825,-0.1040490305,0.0330867170475642,0.0330867170475642,TRUE,1.00027443917197,1987.59359373547,3832.37129024162
141,"mu_alpha","alpha",4.96,5.00824267365,4.99678545,4.5575361,5.504361355,0.0482426736499999,0.0482426736499999,TRUE,1.00475664649826,5573.61269372211,5249.49303788222
141,"mu_beta","beta",0.645,0.729725936665,0.727678275,0.6213348855,0.845746658,0.0847259366649999,0.0847259366649999,TRUE,1.0021339955819,5591.0472121776,6963.58006504401
141,"mu_lambda","lambda",0.0401,0.0468607952811167,0.0466003975,0.0275098074,0.06689826145,0.00676079528111667,0.00676079528111667,TRUE,1.0013314425305,4824.87786873367,5919.95059501528
141,"mu_delta","delta",1.3,1.30793555449167,1.2881716,1.112458505,1.57676467,0.00793555449166661,0.00793555449166661,TRUE,1.33040927800124,9.55892350701837,91.1922558709395
141,"mu_eta","eta",-0.245,-0.300518711194417,-0.299348,-0.4124896925,-0.193654553,-0.0555187111944166,0.0555187111944166,TRUE,1.05782988858585,50.6075365070515,649.46277383683
142,"mu_alpha","alpha",2.33,2.43108048190833,2.4216771,2.06048118,2.83486348,0.101080481908333,0.101080481908333,TRUE,1.00335075364382,5178.23652184771,6797.79712056098
142,"mu_beta","beta",0.914,0.907764372359167,0.90591957,0.7929620645,1.02691454,-0.00623562764083341,0.00623562764083341,TRUE,1.00825757064681,4850.42211630849,8048.36543895862
142,"mu_lambda","lambda",0.0401,0.0376819085753583,0.037048334,0.0160416895,0.0619212314,-0.00241809142464167,0.00241809142464167,TRUE,1.00040192001552,7085.32654813243,7412.8426237741
142,"mu_delta","delta",1.3,1.25875434528333,1.2382675,0.9919969295,1.590736355,-0.0412456547166666,0.0412456547166666,TRUE,1.25378657250135,11.5978939528224,117.254989158493
142,"mu_eta","eta",-0.245,-0.212145463308977,-0.21263342,-0.348230158,-0.07162886715,0.0328545366910225,0.0328545366910225,TRUE,1.36655250058418,8.89526637249359,69.4915946348366
143,"mu_alpha","alpha",3.66,3.59987780446667,3.5911518,3.187560685,4.05247891,-0.0601221955333333,0.0601221955333333,TRUE,0.9999437611234,5681.06009181883,6766.95541866168
143,"mu_beta","beta",0.914,0.930759644676667,0.928610665,0.8053549775,1.06048058,0.0167596446766667,0.0167596446766667,TRUE,1.0003498087582,5364.76216087847,7263.46540971952
143,"mu_lambda","lambda",0.0401,0.0480804146185083,0.048148822,0.0317693505,0.06358128865,0.00798041461850834,0.00798041461850834,TRUE,1.00030099599197,7986.32899812814,6478.97284938275
143,"mu_delta","delta",1.3,1.23091685884917,1.20646905,1.02578672,1.51635079,-0.0690831411508335,0.0690831411508335,TRUE,1.00322882179289,1198.2183535058,2390.9345232993
143,"mu_eta","eta",-0.245,-0.295289888699,-0.293653075,-0.426152756,-0.1691986475,-0.050289888699,0.050289888699,TRUE,1.00030246316852,1919.44361446622,3973.19208055086
144,"mu_alpha","alpha",4.96,4.5574012294,4.53851925,4.137346455,5.036922115,-0.4025987706,0.4025987706,TRUE,1.00095799312677,8238.91120559553,6518.67668931036
144,"mu_beta","beta",0.914,1.07677814659333,1.0742549,0.948452004,1.21032614,0.162778146593333,0.162778146593333,FALSE,1.00089652825003,7523.82151999316,7947.60243833909
144,"mu_lambda","lambda",0.0401,0.0699913583845833,0.069579706,0.046778555,0.0942187708,0.0298913583845833,0.0298913583845833,FALSE,1.00012353179059,4205.50602526099,5482.23709499348
144,"mu_delta","delta",1.3,1.27060422529333,1.2622261,1.16845588,1.401404585,-0.0293957747066667,0.0293957747066667,TRUE,1.00065318658378,5914.82628658142,5135.5391566398
144,"mu_eta","eta",-0.245,-0.215426607263583,-0.21464851,-0.318351048,-0.1140395415,0.0295733927364167,0.0295733927364167,TRUE,1.00010572243406,2870.35969369951,4759.87401425545
145,"mu_alpha","alpha",2.33,2.44870100141667,2.44042645,2.17794097,2.740153945,0.118701001416667,0.118701001416667,TRUE,1.00103608158562,8454.95651056171,8173.17085042413
145,"mu_beta","beta",0.381,0.456120662683333,0.455639245,0.369961903,0.5443436095,0.0751206626833333,0.0751206626833333,TRUE,1.00009212015323,7398.19289435315,8359.64817721023
145,"mu_lambda","lambda",0.0704,0.08293121058475,0.082905632,0.05987713275,0.105843614,0.01253121058475,0.01253121058475,TRUE,1.00004272939539,9319.80900695793,6694.78077232736
145,"mu_delta","delta",1.3,1.28201552768333,1.2768633,1.17455677,1.40833452,-0.0179844723166667,0.0179844723166667,TRUE,1.0004441808723,4197.36504539155,5663.94689207917
145,"mu_eta","eta",-0.245,-0.258584838608443,-0.25987608,-0.4030106195,-0.109594009,-0.0135848386084433,0.0135848386084433,TRUE,1.00086593521772,3091.79465923384,4972.59730555478
146,"mu_alpha","alpha",3.66,3.62471820701667,3.6140211,3.096902035,4.190608745,-0.0352817929833336,0.0352817929833336,TRUE,1.00116435097796,4960.11478002795,6383.01739014056
146,"mu_beta","beta",0.381,0.497549488588333,0.49591257,0.372393505,0.625023785,0.116549488588333,0.116549488588333,TRUE,1.00045680068442,4239.07809969487,6620.95562336159
146,"mu_lambda","lambda",0.0704,0.07679793301325,0.0761770745,0.0464111486,0.10889319,0.00639793301324999,0.00639793301324999,TRUE,1.00128111424681,5485.21253950229,6720.83479095966
146,"mu_delta","delta",1.3,1.40251345993583,1.39530135,1.167724235,1.66475551,0.102513459935833,0.102513459935833,TRUE,1.00073701947502,4132.13605288861,5267.17263479339
146,"mu_eta","eta",-0.245,-0.261522254760353,-0.26185367,-0.389383077,-0.132946778,-0.0165222547603533,0.0165222547603533,TRUE,1.00262443000697,2876.93736800812,5156.1629276227
147,"mu_alpha","alpha",4.96,5.058547234725,5.04771975,4.63911907,5.525057,0.0985472347250003,0.0985472347250003,TRUE,1.000229433996,7307.15215455909,5880.0766248549
147,"mu_beta","beta",0.381,0.416663410506667,0.41572574,0.3432214795,0.492754306,0.0356634105066667,0.0356634105066667,TRUE,0.999993117594778,12189.5732711995,9147.32709133418
147,"mu_lambda","lambda",0.0704,0.0798525649016667,0.079185115,0.05410264045,0.108190932,0.00945256490166667,0.00945256490166667,TRUE,1.00007115314144,3723.21133218539,5706.13406624469
147,"mu_delta","delta",1.3,1.2851219110575,1.2845175,1.092674345,1.47613916,-0.0148780889425,0.0148780889425,TRUE,1.00246050584542,2072.95347126063,3254.3114061192
147,"mu_eta","eta",-0.245,-0.229588678154525,-0.231504035,-0.325142077,-0.1307367635,0.015411321845475,0.015411321845475,TRUE,1.0019776331487,2596.0498675332,5144.11512290153
148,"mu_alpha","alpha",2.33,2.00795099841667,2.00194485,1.660007925,2.379982435,-0.322049001583333,0.322049001583333,TRUE,0.999989860849376,3855.50480049801,5612.8564768507
148,"mu_beta","beta",0.645,0.618774855616667,0.617424865,0.542352131,0.6999067125,-0.0262251443833333,0.0262251443833333,TRUE,1.00038515720178,7643.38432204494,8172.38035466599
148,"mu_lambda","lambda",0.0704,0.084028415242525,0.083545143,0.05005791415,0.11937732,0.013628415242525,0.013628415242525,TRUE,1.00043421824794,4465.6010586393,6388.51295196463
148,"mu_delta","delta",1.3,1.4774796547675,1.47123045,1.197092865,1.779164625,0.1774796547675,0.1774796547675,TRUE,1.00006097700621,3428.98163523282,4633.57501306257
148,"mu_eta","eta",-0.245,-0.296427955691,-0.29795969,-0.384471408,-0.2023533815,-0.051427955691,0.051427955691,TRUE,1.00207107020483,3545.54990829543,5833.21421732779
149,"mu_alpha","alpha",3.66,3.82427537039167,3.8112829,3.398992715,4.28327655,0.164275370391667,0.164275370391667,TRUE,1.00058917115011,5805.1219593417,6486.45551843839
149,"mu_beta","beta",0.645,0.6304187391775,0.62907845,0.493761495,0.769017809,-0.0145812608225,0.0145812608225,TRUE,1.00044155739222,3629.4849586594,6565.61153958377
149,"mu_lambda","lambda",0.0704,0.0844773038545833,0.084002542,0.0542153717,0.1162759245,0.0140773038545833,0.0140773038545833,TRUE,1.00063308144907,3485.91900640348,5327.24313793619
149,"mu_delta","delta",1.3,1.32748392071083,1.3152816,1.14431015,1.557538545,0.0274839207108333,0.0274839207108333,TRUE,1.00089338717334,3136.32713787491,5242.90852690608
149,"mu_eta","eta",-0.245,-0.255572996367242,-0.258680535,-0.354735345,-0.1458360555,-0.0105729963672417,0.0105729963672417,TRUE,1.00088036987529,2359.197520853,4630.6336504482
150,"mu_alpha","alpha",4.96,5.21806900841667,5.21725675,4.720096165,5.723158675,0.258069008416666,0.258069008416666,TRUE,1.00096438630956,5328.90914690002,5281.89091272312
150,"mu_beta","beta",0.645,0.569674153989167,0.568939025,0.4916544065,0.6520780985,-0.0753258460108334,0.0753258460108334,TRUE,1.00163313997218,9364.20723678014,8127.57884149666
150,"mu_lambda","lambda",0.0704,0.0908166372195,0.0907608895,0.0675652037,0.1146227215,0.0204166372195,0.0204166372195,TRUE,1.00260634781855,3634.82226517169,4836.30325052368
150,"mu_delta","delta",1.3,1.35507953780083,1.34919975,1.167098995,1.560632015,0.0550795378008333,0.0550795378008333,TRUE,1.10763538719383,24.2551371608491,79.3628455681939
150,"mu_eta","eta",-0.245,-0.2704486499187,-0.26894474,-0.4004887875,-0.14473835,-0.0254486499187,0.0254486499187,TRUE,1.07815656719912,35.3908436184209,482.837030362085
151,"mu_alpha","alpha",2.33,2.24888972611333,2.2434869,1.911350985,2.60043058,-0.0811102738866669,0.0811102738866669,TRUE,1.00170397028617,7880.71880699744,7950.5366100051
151,"mu_beta","beta",0.914,0.8960769723025,0.894478685,0.7639253705,1.037115265,-0.0179230276975,0.0179230276975,TRUE,1.00140750423847,7072.95184742334,6409.55510236781
151,"mu_lambda","lambda",0.0704,0.0723020243474167,0.0721703575,0.04782494595,0.09729198645,0.00190202434741667,0.00190202434741667,TRUE,1.00031242028558,8109.61215926637,7462.90402526668
151,"mu_delta","delta",1.3,1.134621919325,1.1243771,1.00385558,1.303069345,-0.165378080675,0.165378080675,TRUE,1.28829460867327,10.3815284465051,162.343671627071
151,"mu_eta","eta",-0.245,-0.276827172994557,-0.276060675,-0.402304358,-0.153823832,-0.0318271729945567,0.0318271729945567,TRUE,1.05971352458023,46.746055224987,1095.46058799041
152,"mu_alpha","alpha",3.66,3.540509401725,3.53736025,3.265793345,3.826357665,-0.119490598275,0.119490598275,TRUE,1.00047055272138,13054.7045718748,7914.87690123692
152,"mu_beta","beta",0.914,0.879407086953333,0.878250715,0.747068544,1.014494425,-0.0345929130466667,0.0345929130466667,TRUE,1.00098937957332,5628.84082512495,6533.98488619354
152,"mu_lambda","lambda",0.0704,0.07398772819525,0.0739992095,0.0551914749,0.092812607,0.00358772819525,0.00358772819525,TRUE,1.00015479236117,6737.99696207307,7299.64117540765
152,"mu_delta","delta",1.3,1.31880418885083,1.29744485,1.012283525,1.69979289,0.0188041888508332,0.0188041888508332,TRUE,1.00263383516758,1722.45498015261,4316.17734976397
152,"mu_eta","eta",-0.245,-0.187441095605044,-0.18781511,-0.2980918545,-0.0772606910000001,0.0575589043949558,0.0575589043949558,TRUE,1.00025873806361,2302.77249616694,4868.01822992463
153,"mu_alpha","alpha",4.96,5.05536150243333,5.0465933,4.67308397,5.46524118,0.0953615024333336,0.0953615024333336,TRUE,1.00069820469369,8819.90545858878,5107.52621435347
153,"mu_beta","beta",0.914,1.0736604251525,1.07241125,0.8931124115,1.258455505,0.1596604251525,0.1596604251525,TRUE,1.001065933389,4004.30209378232,5718.71236092156
153,"mu_lambda","lambda",0.0704,0.0520689398518333,0.0515071035,0.03118035,0.07508205065,-0.0183310601481667,0.0183310601481667,TRUE,1.00145144262743,4062.97907699465,6086.65044735399
153,"mu_delta","delta",1.3,1.61990363824167,1.6266854,1.309713995,1.9134921,0.319903638241667,0.319903638241667,FALSE,1.13603719747392,19.2566928118578,185.170246887847
153,"mu_eta","eta",-0.245,-0.333302214244167,-0.333471415,-0.4139358055,-0.2508785415,-0.0883022142441667,0.0883022142441667,FALSE,1.14248145614501,18.9196192335029,345.115453415991
154,"mu_alpha","alpha",2.33,1.97028300635833,1.96755885,1.6552087,2.29873457,-0.359716993641667,0.359716993641667,FALSE,1.00026087895035,3584.22585984768,5543.16716342682
154,"mu_beta","beta",0.381,0.432233770266667,0.430915035,0.3236640545,0.5456857745,0.0512337702666666,0.0512337702666666,TRUE,1.00071116281661,3148.03141111779,5658.17528410701
154,"mu_lambda","lambda",0.103,0.0897827108325833,0.08883628,0.0524630442,0.129891862,-0.0132172891674167,0.0132172891674167,TRUE,1.00125645500672,3841.19759802121,5864.29888070913
154,"mu_delta","delta",1.3,1.23004434018,1.2187693,1.082104985,1.41672283,-0.06995565982,0.06995565982,TRUE,1.00256913779518,1158.52661873762,3771.91967488313
154,"mu_eta","eta",-0.245,-0.125228734082537,-0.130283815,-0.301860445,0.0711642556499998,0.119771265917463,0.119771265917463,TRUE,1.00112117465449,2417.75955771179,4168.78909023073
155,"mu_alpha","alpha",3.66,3.63367393880833,3.624499,3.194347505,4.10539192,-0.0263260611916669,0.0263260611916669,TRUE,1.00046258278261,6291.57978640756,7466.45981443382
155,"mu_beta","beta",0.381,0.370585555309431,0.36935305,0.219251527,0.527623211,-0.0104144446905692,0.0104144446905692,TRUE,1.00074518903768,4283.53687585781,6191.70996588969
155,"mu_lambda","lambda",0.103,0.0904353440200833,0.0893231755,0.0566377936,0.126785705,-0.0125646559799167,0.0125646559799167,TRUE,1.00015037202061,5596.21189297096,6278.46384477366
155,"mu_delta","delta",1.3,1.34577959532167,1.336727,1.18101717,1.54041313,0.0457795953216666,0.0457795953216666,TRUE,1.00101034381006,5116.14901662316,5539.76881184104
155,"mu_eta","eta",-0.245,-0.197909194843725,-0.199028035,-0.2803147455,-0.1102152605,0.047090805156275,0.047090805156275,TRUE,1.00048159413097,6226.79594462796,7602.97405799273
156,"mu_alpha","alpha",4.96,5.60761461355833,5.62112955,5.229258455,5.93592414,0.647614613558333,0.647614613558333,FALSE,1.01153001957091,511.391021142736,4452.28349498499
156,"mu_beta","beta",0.381,0.3911984894975,0.39100337,0.2830252385,0.4996080965,0.0101984894975,0.0101984894975,TRUE,1.01091078617952,2176.21393072931,6532.90790931303
156,"mu_lambda","lambda",0.103,0.1086188939215,0.108041635,0.077814078,0.141375334,0.0056188939215,0.0056188939215,TRUE,1.00056093157495,2638.30222981187,4637.96322874421
156,"mu_delta","delta",1.3,1.15505704199833,1.1248454,0.998453613,1.4157022,-0.144942958001667,0.144942958001667,TRUE,1.61801830798173,6.59790417894654,31.0192179967497
156,"mu_eta","eta",-0.245,-0.192001304822811,-0.190453385,-0.3943672945,0.01127009855,0.0529986951771894,0.0529986951771894,TRUE,1.33681428719551,9.59066015199639,80.2107377701636
157,"mu_alpha","alpha",2.33,2.43761078481667,2.4305406,2.02301231,2.884713555,0.107610784816667,0.107610784816667,TRUE,1.00158167232467,4805.98960609466,6305.30771648378
157,"mu_beta","beta",0.645,0.7033156449775,0.70110471,0.5874999985,0.8264666945,0.0583156449775,0.0583156449775,TRUE,1.00006117427678,6367.58610959355,7797.09008801489
157,"mu_lambda","lambda",0.103,0.117221892166167,0.11624348,0.08350019055,0.153444534,0.0142218921661667,0.0142218921661667,TRUE,1.00083120815219,4649.92400529737,6460.91885638323
157,"mu_delta","delta",1.3,1.18688530626,1.17137565,1.07686803,1.337780625,-0.11311469374,0.11311469374,TRUE,1.00069408274899,1646.45858760638,3556.66441723675
157,"mu_eta","eta",-0.245,-0.216843488227498,-0.21940963,-0.367417806,-0.0562987610000001,0.0281565117725017,0.0281565117725017,TRUE,1.00034553057169,3767.20779858735,5673.65943906248
158,"mu_alpha","alpha",3.66,3.571660304675,3.5639473,3.161734695,4.010393235,-0.0883396953250002,0.0883396953250002,TRUE,1.00062861747331,6132.52604004966,6903.44108996072
158,"mu_beta","beta",0.645,0.648163475884167,0.646370815,0.5156504855,0.78460429,0.00316347588416666,0.00316347588416666,TRUE,1.0013055552702,4957.31304643782,6507.57314988575
158,"mu_lambda","lambda",0.103,0.124552623626583,0.123460225,0.090723875,0.1628697465,0.0215526236265833,0.0215526236265833,TRUE,1.0004082200759,4002.99671500189,6281.37497084864
158,"mu_delta","delta",1.3,1.07119445865517,1.08298425,0.651544825,1.441040685,-0.228805541344833,0.228805541344833,TRUE,1.00053873336862,3849.92732266805,5810.39684444859
158,"mu_eta","eta",-0.245,-0.272263365828942,-0.27200356,-0.363832677,-0.1811135725,-0.0272633658289417,0.0272633658289417,TRUE,1.00240250727732,4273.7178080062,6441.57941523493
159,"mu_alpha","alpha",4.96,5.26974915516667,5.2795009,4.74651172,5.767298985,0.309749155166667,0.309749155166667,TRUE,1.00244380806703,6865.40783965331,6917.58343719639
159,"mu_beta","beta",0.645,0.5979253360775,0.596482375,0.483474831,0.718145596,-0.0470746639225,0.0470746639225,TRUE,1.00126995512074,5113.70367593756,6028.83970138831
159,"mu_lambda","lambda",0.103,0.117719539697333,0.11771004,0.0974261196,0.137972068,0.0147195396973333,0.0147195396973333,TRUE,1.00047044790408,5218.47942003159,6151.10145886968
159,"mu_delta","delta",1.3,1.249732235975,1.23152575,1.00421768,1.5579552,-0.050267764025,0.050267764025,TRUE,1.09811846976783,28.867619840131,244.831919723976
159,"mu_eta","eta",-0.245,-0.320912279366742,-0.31923425,-0.455569163,-0.188680691,-0.0759122793667417,0.0759122793667417,TRUE,1.03040565355663,184.822397085,3511.44838881635
160,"mu_alpha","alpha",2.33,2.39158994190833,2.38519075,1.998415575,2.802727835,0.0615899419083332,0.0615899419083332,TRUE,1.00078706492635,5093.90845599959,7080.67073311191
160,"mu_beta","beta",0.914,1.05454895208333,1.05315605,0.9097996,1.202505965,0.140548952083333,0.140548952083333,TRUE,1.00075425515394,5854.72064127436,7014.5749551304
160,"mu_lambda","lambda",0.103,0.0877121104838333,0.0874123145,0.06225060585,0.1145301785,-0.0152878895161667,0.0152878895161667,TRUE,1.00025025248807,6094.48914071628,7300.81941776696
160,"mu_delta","delta",1.3,1.46777585378667,1.44588825,1.187049585,1.81498265,0.167775853786667,0.167775853786667,TRUE,1.00617810136848,4948.85387767297,3055.66520054892
160,"mu_eta","eta",-0.245,-0.218519044513408,-0.21928546,-0.325088075,-0.109956398,0.0264809554865917,0.0264809554865917,TRUE,1.01303524691105,676.869067403018,4020.0261896584
161,"mu_alpha","alpha",3.66,3.52285312595,3.5134711,3.10601975,3.96552167,-0.13714687405,0.13714687405,TRUE,1.011345846486,3940.8080525656,1445.5516275048
161,"mu_beta","beta",0.914,0.90501863996,0.903041105,0.7866396205,1.02947606,-0.00898136004000005,0.00898136004000005,TRUE,1.01387508105311,1852.38391875547,6821.92832918036
161,"mu_lambda","lambda",0.103,0.105352505677,0.104928185,0.07889259695,0.133520789,0.002352505677,0.002352505677,TRUE,1.00065640686815,3981.87841382274,6272.1071354547
161,"mu_delta","delta",1.3,1.33624972830333,1.3329796,1.131935245,1.551707055,0.0362497283033334,0.0362497283033334,TRUE,1.25870834976988,11.2412212653205,60.0639693160929
161,"mu_eta","eta",-0.245,-0.250388286460493,-0.243638805,-0.4069029775,-0.114631166,-0.00538828646049333,0.00538828646049333,TRUE,1.23850848199469,12.5436125782696,60.7819555086517
162,"mu_alpha","alpha",4.96,5.25500081874167,5.2506685,4.828942195,5.68979457,0.295000818741666,0.295000818741666,TRUE,1.0000942875801,6531.72377364805,4025.69647991184
162,"mu_beta","beta",0.914,0.829375238970833,0.827870255,0.682109512,0.979776181,-0.0846247610291667,0.0846247610291667,TRUE,1.00079439086704,4098.43594650505,5813.49827227809
162,"mu_lambda","lambda",0.103,0.106000012572083,0.104779065,0.07504635335,0.1403964955,0.00300001257208334,0.00300001257208334,TRUE,1.0005622256483,2673.10683437652,4700.85513750212
162,"mu_delta","delta",1.3,1.16326560077167,1.1506473,0.982828843,1.39087447,-0.136734399228333,0.136734399228333,TRUE,1.00385345846756,1204.56638857599,1938.73316938403
162,"mu_eta","eta",-0.245,-0.314896858687583,-0.315424465,-0.4036125005,-0.224157631,-0.0698968586875833,0.0698968586875833,TRUE,1.00261329435978,1737.44574790779,2150.15041343572
163,"mu_alpha","alpha",2.33,2.026539787875,2.01925885,1.749960085,2.331797035,-0.303460212125,0.303460212125,TRUE,1.00120686875642,3734.91123282419,6711.21545847259
163,"mu_beta","beta",0.381,0.4284509730615,0.4275453,0.325165236,0.5366446215,0.0474509730615,0.0474509730615,TRUE,1.00111567862835,3377.27799786921,5600.87571282393
163,"mu_lambda","lambda",0.0401,0.0292019223845683,0.028799387,0.007468677305,0.0513358051,-0.0108980776154317,0.0108980776154317,TRUE,1.00358935273139,1507.59523942999,265.915660921309
163,"mu_delta","delta",0.229,0.400167889100917,0.40469195,0.226434985,0.5561340515,0.171167889100917,0.171167889100917,TRUE,1.00057175620744,7091.31946719731,5331.74630126601
163,"mu_eta","eta",-0.162,-0.108662348205875,-0.10827574,-0.1775443145,-0.04178978405,0.053337651794125,0.053337651794125,TRUE,1.00149649959705,3115.77138308307,2056.31265483432
164,"mu_alpha","alpha",3.66,4.1148882714,4.1064667,3.81585975,4.44290374,0.4548882714,0.4548882714,FALSE,1.00058696108632,9840.70494347044,7387.27381040402
164,"mu_beta","beta",0.381,0.384849137095833,0.38364567,0.25424361,0.5178840145,0.00384913709583334,0.00384913709583334,TRUE,1.00013032902343,3732.98098406747,5252.02915364465
164,"mu_lambda","lambda",0.0401,0.043236289559875,0.0432323975,0.02694391675,0.0594366467,0.003136289559875,0.003136289559875,TRUE,1.00042763855376,7659.14227131003,6733.36496251648
164,"mu_delta","delta",0.229,0.255868981252425,0.256195205,0.108096427,0.3994542535,0.026868981252425,0.026868981252425,TRUE,1.00092824025148,6231.37318320192,4937.84553009899
164,"mu_eta","eta",-0.162,-0.155830329176393,-0.155231505,-0.2786074285,-0.0374482626000001,0.00616967082360667,0.00616967082360667,TRUE,1.00093964892323,2515.31703049668,4667.13485301063
165,"mu_alpha","alpha",4.96,4.868275568375,4.85939945,4.493161715,5.2826848,-0.0917244316249999,0.0917244316249999,TRUE,1.00044930542307,8858.27283148712,6850.77246095375
165,"mu_beta","beta",0.381,0.451172634505,0.45036639,0.3478955635,0.5584612965,0.070172634505,0.070172634505,TRUE,1.00068973507942,6209.29686074588,7351.52655444803
165,"mu_lambda","lambda",0.0401,0.0385587899865333,0.0385352805,0.02286626705,0.0543711151,-0.00154121001346667,0.00154121001346667,TRUE,1.00011158394235,7581.95325827828,6412.9475315392
165,"mu_delta","delta",0.229,0.0878680732638113,0.080668831,0.01082656865,0.190678736,-0.141131926736189,0.141131926736189,FALSE,1.00020741383845,9463.16893216253,5076.27946642531
165,"mu_eta","eta",-0.162,-0.200435419795102,-0.20083696,-0.316728162,-0.08302138345,-0.0384354197951018,0.0384354197951018,TRUE,1.00075624265538,2301.05270929609,4151.53348777045
166,"mu_alpha","alpha",2.33,2.46095204718333,2.44766825,1.97980879,2.98727024,0.130952047183333,0.130952047183333,TRUE,1.00029748282536,3676.17056965981,5673.97863945942
166,"mu_beta","beta",0.645,0.614438097285833,0.61275521,0.49444885,0.741538158,-0.0305619027141667,0.0305619027141667,TRUE,1.0006402166548,4209.83607710128,6386.71260963459
166,"mu_lambda","lambda",0.0401,0.0508351420220917,0.05091301,0.0285153932,0.07279969895,0.0107351420220917,0.0107351420220917,TRUE,1.00022288433565,7696.26212262407,5808.08188911381
166,"mu_delta","delta",0.229,0.206058023621738,0.20204782,0.06015834115,0.366984395,-0.0229419763782625,0.0229419763782625,TRUE,0.999994326439989,7930.73487189696,5473.67679860451
166,"mu_eta","eta",-0.162,-0.173738807722591,-0.174472555,-0.2790675165,-0.06500863145,-0.011738807722591,0.011738807722591,TRUE,1.00094678798609,2685.42481204196,4004.29554491228
167,"mu_alpha","alpha",3.66,3.9308016697,3.92341085,3.597936715,4.289701,0.2708016697,0.2708016697,TRUE,0.999949441272064,10730.1815611258,7490.67785832194
167,"mu_beta","beta",0.645,0.682784852654167,0.681056435,0.5586135335,0.812539567,0.0377848526541666,0.0377848526541666,TRUE,1.00027150244531,5988.54194959513,7814.14714671108
167,"mu_lambda","lambda",0.0401,0.0427583763262167,0.042549721,0.0226880086,0.0631809697,0.00265837632621667,0.00265837632621667,TRUE,1.00036204291414,7345.74065594869,6924.34896360044
167,"mu_delta","delta",0.229,0.199588006032706,0.19392476,0.0517159056,0.368223961,-0.0294119939672942,0.0294119939672942,TRUE,1.00021879850738,7046.59384321908,6747.72147651863
167,"mu_eta","eta",-0.162,-0.135966556193353,-0.1358885,-0.241087276,-0.0314960527,0.0260334438066472,0.0260334438066472,TRUE,1.00105547856608,3014.43826966636,5391.48688457493
168,"mu_alpha","alpha",4.96,4.99528852226667,4.9783118,4.569518955,5.477013275,0.0352885222666668,0.0352885222666668,TRUE,1.0003163131233,6769.21602228887,4830.11274658768
168,"mu_beta","beta",0.645,0.694957903270833,0.694285885,0.573691402,0.81949596,0.0499579032708333,0.0499579032708333,TRUE,1.00011054900987,5315.37458181267,6882.76785624012
168,"mu_lambda","lambda",0.0401,0.0316230453458975,0.030821002,0.0122462394,0.05358934205,-0.0084769546541025,0.0084769546541025,TRUE,1.000275718984,4947.13710445775,4933.13254327201
168,"mu_delta","delta",0.229,0.3057820526165,0.308815935,0.178843491,0.420637211,0.0767820526165,0.0767820526165,TRUE,1.00016096299415,7672.7903994041,5477.07299297203
168,"mu_eta","eta",-0.162,-0.217574707105276,-0.218370685,-0.336750307,-0.097015631,-0.0555747071052758,0.0555747071052758,TRUE,1.00253992964246,2180.75310922226,3669.8439275318
169,"mu_alpha","alpha",2.33,2.58892063005,2.57743005,2.139141835,3.090229165,0.25892063005,0.25892063005,TRUE,1.00070144337598,3782.66357214072,5840.61102662614
169,"mu_beta","beta",0.914,1.01753229640083,1.0162676,0.9058355815,1.13559099,0.103532296400833,0.103532296400833,TRUE,1.00040381371045,6910.14245353275,6528.93854932537
169,"mu_lambda","lambda",0.0401,0.0446048771669417,0.0445957275,0.03046214245,0.0587144859,0.00450487716694167,0.00450487716694167,TRUE,1.00028081755173,11095.2499380904,7127.23109984503
169,"mu_delta","delta",0.229,0.32022527213225,0.323239045,0.1575103595,0.468359059,0.09122527213225,0.09122527213225,TRUE,1.0004984324931,6442.58422033699,5362.40998716772
169,"mu_eta","eta",-0.162,-0.125458398011135,-0.12526074,-0.2383267875,-0.01288960525,0.0365416019888647,0.0365416019888647,TRUE,1.00091485428271,2257.30593732603,3553.32204414587
170,"mu_alpha","alpha",3.66,3.40312071501667,3.3948249,2.96508476,3.87959786,-0.256879284983333,0.256879284983333,TRUE,1.00040521145379,4897.80048804163,6971.17323279722
170,"mu_beta","beta",0.914,0.88359571045,0.88225794,0.753972726,1.01644646,-0.0304042895500001,0.0304042895500001,TRUE,1.00044638884997,4555.38327115467,6016.60561488524
170,"mu_lambda","lambda",0.0401,0.0409458087541083,0.0407743695,0.02174491005,0.0603801212,0.000845808754108335,0.000845808754108335,TRUE,1.00035859859112,5815.89441881455,5812.54882347404
170,"mu_delta","delta",0.229,0.232618806991417,0.230575015,0.0786665264,0.3937202945,0.00361880699141665,0.00361880699141665,TRUE,1.00081273452154,6109.75818287354,4573.10572367303
170,"mu_eta","eta",-0.162,-0.123963045535273,-0.123051815,-0.2145679045,-0.0365925068,0.038036954464727,0.038036954464727,TRUE,1.00155194175054,2302.78218196012,3665.80313643276
171,"mu_alpha","alpha",4.96,4.78799752944167,4.7755528,4.419365305,5.19620728,-0.172002470558334,0.172002470558334,TRUE,1.00029065329109,9420.49605750249,5841.63747768288
171,"mu_beta","beta",0.914,0.994381112615833,0.994048765,0.8201882855,1.173418405,0.0803811126158333,0.0803811126158333,TRUE,1.00066646101942,3762.57534123161,5411.31702322911
171,"mu_lambda","lambda",0.0401,0.0453563876916417,0.045218153,0.0292608594,0.06157164845,0.00525638769164167,0.00525638769164167,TRUE,1.00028012812895,6719.48650359933,7129.12093820551
171,"mu_delta","delta",0.229,0.184190585693331,0.183743035,0.068473449,0.301213557,-0.0448094143066687,0.0448094143066687,TRUE,1.00031673141306,7172.59634358161,3989.54636578734
171,"mu_eta","eta",-0.162,-0.0898649409336422,-0.090426902,-0.2014874355,0.0237214520999999,0.0721350590663578,0.0721350590663578,TRUE,1.00243437092778,1834.47511082335,3468.77826462593
172,"mu_alpha","alpha",2.33,2.35632224196667,2.35036285,2.10151414,2.629589665,0.0263222419666667,0.0263222419666667,TRUE,1.00019996317624,6496.04799126433,6930.53064183468
172,"mu_beta","beta",0.381,0.334502993683142,0.33467305,0.216598962,0.455873182,-0.0464970063168583,0.0464970063168583,TRUE,1.000007451271,3439.00816903706,5350.59407398772
172,"mu_lambda","lambda",0.0704,0.0921970710828333,0.091501721,0.05899379765,0.126536566,0.0217970710828333,0.0217970710828333,TRUE,1.00072802833145,5991.79911193801,7400.73734334025
172,"mu_delta","delta",0.229,0.0941964930521159,0.081613621,0.00895078345,0.2227684,-0.134803506947884,0.134803506947884,FALSE,1.00009526224226,8236.03610110178,6084.46884428458
172,"mu_eta","eta",-0.162,-0.200062107489138,-0.19972817,-0.2927134145,-0.110632083,-0.038062107489138,0.038062107489138,TRUE,1.00041506649846,5153.4709174052,6746.88890840395
173,"mu_alpha","alpha",3.66,3.558872827625,3.55025195,2.99960386,4.15101831,-0.101127172375,0.101127172375,TRUE,1.00107704159447,3635.32850098591,5334.23917895434
173,"mu_beta","beta",0.381,0.336399475046133,0.335852655,0.23333658,0.444549719,-0.0446005249538667,0.0446005249538667,TRUE,1.00125413871171,4455.98183365407,6355.89447246157
173,"mu_lambda","lambda",0.0704,0.0712971564524,0.069936261,0.03439161705,0.113347555,0.000897156452400003,0.000897156452400003,TRUE,1.0006857723879,4174.33772189973,5728.38081108931
173,"mu_delta","delta",0.229,0.224575744632933,0.223898465,0.0903779843,0.3590149775,-0.00442425536706667,0.00442425536706667,TRUE,1.0003226685476,6077.05526655184,4012.3171061043
173,"mu_eta","eta",-0.162,-0.132708839466328,-0.13293297,-0.2654467385,0.000333828445499961,0.0292911605336721,0.0292911605336721,TRUE,1.00245035184784,2439.52244089511,4326.23521418631
174,"mu_alpha","alpha",4.96,4.7652997186,4.75125025,4.366123025,5.20692507,-0.1947002814,0.1947002814,TRUE,1.0003107520886,9671.03510326908,7367.01675362733
174,"mu_beta","beta",0.381,0.488683979163333,0.488618675,0.395685873,0.5858870745,0.107683979163333,0.107683979163333,FALSE,1.00024413505912,8756.29428487469,8581.41879977762
174,"mu_lambda","lambda",0.0704,0.0743787302358333,0.072617726,0.03966585135,0.1148365215,0.00397873023583332,0.00397873023583332,TRUE,1.00056580703968,3342.59604485183,5505.06663465802
174,"mu_delta","delta",0.229,0.217232671649571,0.21748101,0.08848037335,0.3419056075,-0.0117673283504292,0.0117673283504292,TRUE,1.00039512298143,8786.92848679983,5688.81795991106
174,"mu_eta","eta",-0.162,-0.194100613019334,-0.19324171,-0.3088911655,-0.07998557605,-0.0321006130193342,0.0321006130193342,TRUE,1.00105314660069,2612.41654998003,4277.84924893077
175,"mu_alpha","alpha",2.33,2.49211393395833,2.48596565,2.181796565,2.823204875,0.162113933958333,0.162113933958333,TRUE,1.00112894117422,5220.46784920103,6893.16946060291
175,"mu_beta","beta",0.645,0.648732603513333,0.647304955,0.528933597,0.772968696,0.00373260351333327,0.00373260351333327,TRUE,1.00104461675733,3916.98829816969,6375.56258051578
175,"mu_lambda","lambda",0.0704,0.0770495866795,0.076162972,0.04730733195,0.1091631965,0.0066495866795,0.0066495866795,TRUE,1.00066167384749,4571.74289402898,5613.52211149232
175,"mu_delta","delta",0.229,0.247233920471199,0.240296375,0.0760611927,0.4438559295,0.0182339204711991,0.0182339204711991,TRUE,1.00133201978284,5070.48272115739,5436.38269010768
175,"mu_eta","eta",-0.162,-0.173902865339243,-0.173837395,-0.281125043,-0.06836193055,-0.0119028653392433,0.0119028653392433,TRUE,1.00077727679778,3093.53192710936,5004.37861494442
176,"mu_alpha","alpha",3.66,4.136541756175,4.1223266,3.720547595,4.603830065,0.476541756175,0.476541756175,FALSE,1.00085565905984,5428.7724995633,5577.94994711773
176,"mu_beta","beta",0.645,0.66604102103,0.66490437,0.588578353,0.7469849765,0.0210410210299999,0.0210410210299999,TRUE,1.00053358991429,8007.35743889049,7402.55523679041
176,"mu_lambda","lambda",0.0704,0.0756628838776667,0.074248239,0.04302514275,0.112287477,0.00526288387766666,0.00526288387766666,TRUE,1.00022443481192,2502.16189902207,4418.49639958952
176,"mu_delta","delta",0.229,0.119275902633436,0.0957781215,0.01118308135,0.3087862205,-0.109724097366565,0.109724097366565,TRUE,1.00075172137734,3477.83794470395,5280.6769611829
176,"mu_eta","eta",-0.162,-0.0906310775747854,-0.0910548675,-0.182234759,0.00393100085999996,0.0713689224252146,0.0713689224252146,TRUE,1.00073381571791,2674.16471691274,4190.80477450527
177,"mu_alpha","alpha",4.96,4.96094596965833,4.94529675,4.557433965,5.41787131,0.000945969658332935,0.000945969658332935,TRUE,1.00010564225263,8332.91250860412,6674.92464239278
177,"mu_beta","beta",0.645,0.534685537280917,0.533576675,0.395523646,0.6757882905,-0.110314462719083,0.110314462719083,TRUE,1.00194710427272,4139.2910197259,6544.99046637408
177,"mu_lambda","lambda",0.0704,0.06189903872875,0.0617054025,0.0405959605,0.083743562,-0.00850096127125,0.00850096127125,TRUE,1.00075008099918,5079.4499583354,6179.07122592671
177,"mu_delta","delta",0.229,0.176379029592113,0.17349619,0.03327848975,0.32795867,-0.0526209704078867,0.0526209704078867,TRUE,1.00018900793596,8684.75775141456,4987.57660313923
177,"mu_eta","eta",-0.162,-0.313075481613833,-0.312963555,-0.407272321,-0.218902106,-0.151075481613833,0.151075481613833,FALSE,1.00124602787799,2911.89831502762,4677.19640812847
178,"mu_alpha","alpha",2.33,2.015514309425,2.0043201,1.612636035,2.45374624,-0.314485690575,0.314485690575,TRUE,1.00086330963374,3446.38428460935,5749.4833282183
178,"mu_beta","beta",0.914,0.9996430621125,0.9981454,0.836506081,1.1645745,0.0856430621124999,0.0856430621124999,TRUE,1.00016974235408,3741.9261844883,5924.11014525027
178,"mu_lambda","lambda",0.0704,0.0660824227665833,0.0660464485,0.0443403966,0.08811968955,-0.00431757723341666,0.00431757723341666,TRUE,1.00042240893452,6107.02908578946,6000.43131909756
178,"mu_delta","delta",0.229,0.295823281040035,0.26988412,0.0598418757,0.614286081999999,0.066823281040035,0.066823281040035,TRUE,1.00031847960369,3885.53439741628,5993.69420450693
178,"mu_eta","eta",-0.162,-0.216418482483167,-0.21625033,-0.3058723,-0.127951202,-0.0544184824831667,0.0544184824831667,TRUE,1.0016522507717,3233.20118131787,5676.74671147421
179,"mu_alpha","alpha",3.66,3.626754228275,3.6171372,3.23143874,4.05090478,-0.0332457717250003,0.0332457717250003,TRUE,1.00049516993537,5955.01211871413,7906.03085115705
179,"mu_beta","beta",0.914,0.87840090526,0.878669695,0.7301181735,1.026241845,-0.03559909474,0.03559909474,TRUE,1.00043637382683,3680.05914993157,5417.58599739671
179,"mu_lambda","lambda",0.0704,0.079255658191,0.0783443295,0.04889150985,0.112731078,0.008855658191,0.008855658191,TRUE,1.00030209831648,2911.75753150874,4701.73309151072
179,"mu_delta","delta",0.229,0.274603568810917,0.272422365,0.0861479547,0.4693245005,0.0456035688109167,0.0456035688109167,TRUE,1.00043412023265,6426.95599168203,5077.35241239954
179,"mu_eta","eta",-0.162,-0.179160612187541,-0.179571035,-0.2813897495,-0.0758536206000001,-0.0171606121875408,0.0171606121875408,TRUE,1.00146547634604,2281.80415408981,4378.99577385673
180,"mu_alpha","alpha",4.96,5.21560042068333,5.20966845,4.76013792,5.68991975,0.255600420683334,0.255600420683334,TRUE,1.00055540370508,5808.779437902,5050.31527243645
180,"mu_beta","beta",0.914,0.8636742857625,0.86114984,0.757971868,0.9761872455,-0.0503257142375,0.0503257142375,TRUE,1.00019879355026,7356.08865229236,7531.56567106594
180,"mu_lambda","lambda",0.0704,0.0704851981018333,0.070331676,0.049914589,0.0921710853,8.51981018333281e-05,8.51981018333281e-05,TRUE,1.00032338616599,4101.49803968486,5568.74062674366
180,"mu_delta","delta",0.229,0.280868374083783,0.282348715,0.1138067945,0.4371832265,0.0518683740837833,0.0518683740837833,TRUE,1.00043580884377,5091.98289743375,3569.92891279998
180,"mu_eta","eta",-0.162,-0.180744352257843,-0.181659635,-0.293607388,-0.0659133397500001,-0.0187443522578433,0.0187443522578433,TRUE,1.00022852667006,1729.25088549991,3001.21382429722
181,"mu_alpha","alpha",2.33,2.68267675135833,2.6770691,2.40106334,2.988632245,0.352676751358333,0.352676751358333,FALSE,1.00010674375956,8393.99136514643,7863.5500728806
181,"mu_beta","beta",0.381,0.416765231114083,0.415374055,0.295134184,0.540965784,0.0357652311140833,0.0357652311140833,TRUE,1.00027746560434,4423.34811792903,6306.13744957497
181,"mu_lambda","lambda",0.103,0.0867544365665833,0.086400865,0.05963308115,0.1143660455,-0.0162455634334167,0.0162455634334167,TRUE,1.0005039170955,7026.18088103547,7666.22252368053
181,"mu_delta","delta",0.229,0.206636160643867,0.20684624,0.06799099775,0.344754276,-0.0223638393561333,0.0223638393561333,TRUE,1.00017535708335,8945.26180306596,5337.23548247535
181,"mu_eta","eta",-0.162,-0.223010373538841,-0.222973575,-0.3511376165,-0.0946613629,-0.0610103735388408,0.0610103735388408,TRUE,1.00063530045945,3142.60593805711,5248.47522405724
182,"mu_alpha","alpha",3.66,4.122284276675,4.11020205,3.67303964,4.611827365,0.462284276675,0.462284276675,FALSE,1.0005296383787,4756.19300143617,6287.79737012357
182,"mu_beta","beta",0.381,0.40249212502325,0.40215757,0.291548594,0.5167866045,0.02149212502325,0.02149212502325,TRUE,1.0009064568668,4409.93940274208,6272.30141628895
182,"mu_lambda","lambda",0.103,0.08954634015375,0.0888855365,0.05880462815,0.122188598,-0.01345365984625,0.01345365984625,TRUE,1.0015255505563,3535.45146937458,5633.50857183291
182,"mu_delta","delta",0.229,0.229275149928402,0.226941965,0.0676590722,0.397415018,0.000275149928401663,0.000275149928401663,TRUE,1.00009307883101,6358.89724284987,4647.16502370682
182,"mu_eta","eta",-0.162,-0.274945545397992,-0.274852085,-0.3778200815,-0.171379848,-0.112945545397992,0.112945545397992,FALSE,1.00102306214108,2807.83794430201,4620.29144470182
183,"mu_alpha","alpha",4.96,5.20170841480833,5.19153045,4.77677967,5.66967911,0.241708414808333,0.241708414808333,TRUE,1.00007934846526,6500.26685656206,4491.5716113653
183,"mu_beta","beta",0.381,0.489313644170833,0.488185655,0.382967708,0.598628967,0.108313644170833,0.108313644170833,FALSE,1.00043945380326,5746.42966060219,6485.49912284997
183,"mu_lambda","lambda",0.103,0.151723443905917,0.150892415,0.1217120215,0.18423698,0.0487234439059167,0.0487234439059167,FALSE,1.0006835682579,3630.4962628876,5528.75826840196
183,"mu_delta","delta",0.229,0.2710920492875,0.27036196,0.155186931,0.3859268985,0.0420920492875,0.0420920492875,TRUE,1.00229344315009,4976.8591644057,871.426545928495
183,"mu_eta","eta",-0.162,-0.161031193126696,-0.159338175,-0.3037841235,-0.0175588471,0.000968806873304251,0.000968806873304251,TRUE,1.00190626050347,1465.341256635,1399.18263694542
184,"mu_alpha","alpha",2.33,2.31771923488333,2.31174955,1.93371188,2.71742299,-0.0122807651166665,0.0122807651166665,TRUE,0.999952880655613,4688.19795565578,6839.60134986364
184,"mu_beta","beta",0.645,0.541665075639167,0.540446595,0.4459157785,0.641547903,-0.103334924360833,0.103334924360833,FALSE,1.00001846138167,5782.1998414681,7002.49171105702
184,"mu_lambda","lambda",0.103,0.0900108073214167,0.0898732945,0.06022694095,0.1208480565,-0.0129891926785833,0.0129891926785833,TRUE,1.00036767843184,6290.84612080868,7687.08803580855
184,"mu_delta","delta",0.229,0.20303695268775,0.200476105,0.06349295475,0.347526824,-0.02596304731225,0.02596304731225,TRUE,1.00014376784314,6912.01257472357,5098.62582198824
184,"mu_eta","eta",-0.162,-0.188545797588361,-0.188414745,-0.297166295,-0.0804615566500001,-0.0265457975883608,0.0265457975883608,TRUE,1.00073048861753,3430.20661079483,5826.42321594979
185,"mu_alpha","alpha",3.66,4.03220348879167,4.0249874,3.55054283,4.54460011,0.372203488791667,0.372203488791667,TRUE,1.00011181181063,7499.87352329512,8106.48375575625
185,"mu_beta","beta",0.645,0.476317103575833,0.475410345,0.3748317975,0.579061678,-0.168682896424167,0.168682896424167,FALSE,1.00012198692111,7377.38223273992,8108.90559923004
185,"mu_lambda","lambda",0.103,0.0922698066303333,0.0920474815,0.0635210765,0.121778459,-0.0107301933696667,0.0107301933696667,TRUE,1.0005727819383,5594.82013370128,7290.24012509353
185,"mu_delta","delta",0.229,0.312302310029375,0.31186057,0.132601207,0.4963965645,0.083302310029375,0.083302310029375,TRUE,1.00036868219031,6269.7486444779,5512.31077433536
185,"mu_eta","eta",-0.162,-0.154205806637517,-0.154113985,-0.3109579585,0.00371823512499995,0.0077941933624831,0.0077941933624831,TRUE,1.00240688145565,2435.60340107307,4013.57353270225
186,"mu_alpha","alpha",4.96,5.20518163130833,5.1990263,4.764118425,5.667946165,0.245181631308333,0.245181631308333,TRUE,1.0009156280354,6556.14848074783,6031.63648459367
186,"mu_beta","beta",0.645,0.6338395101825,0.63215842,0.48570765,0.787415359,-0.0111604898175001,0.0111604898175001,TRUE,1.00159465749992,4237.55177625315,5297.45906691125
186,"mu_lambda","lambda",0.103,0.0939875328129167,0.0932438035,0.0681556327,0.1227476125,-0.00901246718708333,0.00901246718708333,TRUE,1.00042749896583,3774.27716356666,5003.36297242806
186,"mu_delta","delta",0.229,0.322856334064853,0.32284831,0.1695716625,0.4743020755,0.0938563340648533,0.0938563340648533,TRUE,1.00159666846769,4979.2922122566,3743.56938260956
186,"mu_eta","eta",-0.162,-0.228937800134625,-0.228059325,-0.3328265495,-0.1287836755,-0.066937800134625,0.066937800134625,TRUE,1.0029461590478,2518.01980571091,4410.78367477527
187,"mu_alpha","alpha",2.33,2.36948929905,2.3580155,1.8824733,2.87868715,0.03948929905,0.03948929905,TRUE,1.00033763609547,4091.37180428821,5851.05474394959
187,"mu_beta","beta",0.914,0.934701259508333,0.93329615,0.827557742,1.044998245,0.0207012595083333,0.0207012595083333,TRUE,1.00002068271916,8391.90022279246,7981.2317779107
187,"mu_lambda","lambda",0.103,0.101589233309,0.100941065,0.0703099604,0.134602891,-0.001410766691,0.001410766691,TRUE,1.00029342844,4712.86906845331,6449.95721790392
187,"mu_delta","delta",0.229,0.141340273099412,0.1387419,0.0326575189,0.261806601,-0.0876597269005883,0.0876597269005883,TRUE,1.00052501724855,8585.3831347958,5643.04396015746
187,"mu_eta","eta",-0.162,-0.141411775193537,-0.141337,-0.2640846405,-0.0187562868000001,0.0205882248064629,0.0205882248064629,TRUE,1.00221402702796,2686.32167239625,4353.91172292913
188,"mu_alpha","alpha",3.66,3.786560656325,3.78025605,3.45456019,4.14160424,0.126560656325,0.126560656325,TRUE,1.00018944095932,7640.10907782032,7161.21970937139
188,"mu_beta","beta",0.914,0.8174034941075,0.816256465,0.713205176,0.9275051585,-0.0965965058925,0.0965965058925,TRUE,1.00044877532202,6722.49290574482,7889.2978666194
188,"mu_lambda","lambda",0.103,0.115086146696167,0.11469135,0.0865246576,0.144615678,0.0120861466961667,0.0120861466961667,TRUE,1.00171122379112,3185.35239038157,5247.41231747707
188,"mu_delta","delta",0.229,0.256410413198934,0.258252625,0.08444721285,0.4206584335,0.0274104131989341,0.0274104131989341,TRUE,1.00043264501303,4120.53590146983,4950.31619688227
188,"mu_eta","eta",-0.162,-0.209517485433536,-0.21099904,-0.3426486895,-0.0717653035000001,-0.0475174854335361,0.0475174854335361,TRUE,1.00446990308066,1487.77096656759,2829.3594211092
189,"mu_alpha","alpha",4.96,4.89932417016667,4.8851162,4.533517465,5.308516015,-0.0606758298333334,0.0606758298333334,TRUE,1.00043563145712,6801.86445445296,4120.24921298836
189,"mu_beta","beta",0.914,0.9001483373575,0.897749685,0.767298593,1.040199915,-0.0138516626425,0.0138516626425,TRUE,1.0001195242782,5132.13733183636,7156.36838304126
189,"mu_lambda","lambda",0.103,0.0904735145231667,0.0895512835,0.06171188755,0.1224147345,-0.0125264854768333,0.0125264854768333,TRUE,1.00010836475954,2844.7495998798,3550.60211414798
189,"mu_delta","delta",0.229,0.243467185409617,0.241555785,0.0935222184,0.3988175135,0.0144671854096167,0.0144671854096167,TRUE,1.00067337922374,5591.28621616622,3484.69884979314
189,"mu_eta","eta",-0.162,-0.122093584578958,-0.122440285,-0.2311693305,-0.0127048607,0.039906415421042,0.039906415421042,TRUE,1.0021434716135,1784.48912086377,3486.75445136456
190,"mu_alpha","alpha",2.33,2.47609227161,2.46939105,2.0078697,2.972118105,0.14609227161,0.14609227161,TRUE,1.00188774754304,3800.4479139422,6059.27654276752
190,"mu_beta","beta",0.381,0.347724605988167,0.346781115,0.253082065,0.446049605,-0.0332753940118333,0.0332753940118333,TRUE,1.00055035486205,4674.28279328579,7713.59917113537
190,"mu_lambda","lambda",0.0401,0.0324552802561533,0.031693291,0.0097922948,0.05740587995,-0.00764471974384667,0.00764471974384667,TRUE,1.00010065451537,7783.47483020384,6471.34582153838
190,"mu_delta","delta",0.765,0.893470817019167,0.893452835,0.70690928,1.081031065,0.128470817019167,0.128470817019167,TRUE,1.00677957013063,3157.95054020979,3411.48023062366
190,"mu_eta","eta",-0.162,-0.158951309641678,-0.159175325,-0.3170706085,0.00327209263999988,0.00304869035832184,0.00304869035832184,TRUE,1.02280846622617,217.27288152636,3052.77384163207
191,"mu_alpha","alpha",3.66,3.71586288246667,3.70397615,3.28616132,4.19332515,0.0558628824666667,0.0558628824666667,TRUE,0.999903868772547,5882.01235405791,6651.88522317025
191,"mu_beta","beta",0.381,0.4455296079105,0.444137915,0.31676554,0.579881161,0.0645296079105,0.0645296079105,TRUE,1.00125075944538,3960.10055312898,5978.06540901852
191,"mu_lambda","lambda",0.0401,0.0480204597825833,0.0482492955,0.03180084725,0.0634638475,0.00792045978258334,0.00792045978258334,TRUE,1.00023486105679,9879.87437664383,6844.52101549589
191,"mu_delta","delta",0.765,0.787488209190833,0.795326715,0.560953553,0.985619643,0.0224882091908333,0.0224882091908333,TRUE,1.00067925090188,4350.81527027426,6162.86650646611
191,"mu_eta","eta",-0.162,-0.19635333669654,-0.19634257,-0.2832880655,-0.109480216,-0.03435333669654,0.03435333669654,TRUE,1.00129577425756,4592.37899503022,7528.82525037804
192,"mu_alpha","alpha",4.96,5.35306030078333,5.3482145,4.977919535,5.75407092,0.393060300783334,0.393060300783334,FALSE,1.00069718396219,8171.504923841,4342.75563148292
192,"mu_beta","beta",0.381,0.354669393645325,0.35261891,0.1982298285,0.51251981,-0.026330606354675,0.026330606354675,TRUE,1.00188629376891,2207.74455836691,4089.61363563556
192,"mu_lambda","lambda",0.0401,0.02951578514542,0.029340808,0.0133380632,0.0463980843,-0.01058421485458,0.01058421485458,TRUE,1.0005896309998,5358.30716428273,5971.32124569401
192,"mu_delta","delta",0.765,0.669007961345,0.674405125,0.4799909205,0.8345981035,-0.0959920386550001,0.0959920386550001,TRUE,1.00090402762536,4275.40464059706,5293.51656262128
192,"mu_eta","eta",-0.162,-0.138534472247459,-0.138560075,-0.245504333,-0.0322871198500001,0.0234655277525408,0.0234655277525408,TRUE,1.00211645682633,2135.4321968892,4219.55358087293
193,"mu_alpha","alpha",2.33,2.479823447525,2.46972755,2.03687798,2.961653115,0.149823447525,0.149823447525,TRUE,1.00042642965973,3499.58607247893,5962.73224783115
193,"mu_beta","beta",0.645,0.575555621658333,0.574158835,0.4533966245,0.7030017485,-0.0694443783416667,0.0694443783416667,TRUE,1.00076390747067,3874.01250473572,5577.71464109976
193,"mu_lambda","lambda",0.0401,0.0392653040251883,0.039240688,0.01843930595,0.0601827659,-0.000834695974811665,0.000834695974811665,TRUE,1.00011807810767,7066.65254650835,5354.28117643291
193,"mu_delta","delta",0.765,0.8258547880675,0.82738117,0.581465114,1.065162695,0.0608547880675,0.0608547880675,TRUE,1.00009613100579,3216.25372857792,4880.16188074312
193,"mu_eta","eta",-0.162,-0.147533495015882,-0.148275585,-0.2449002475,-0.04881797035,0.014466504984118,0.014466504984118,TRUE,1.00089290282649,4184.88329026079,6035.93944656548
194,"mu_alpha","alpha",3.66,3.720909054775,3.71241495,3.309908485,4.154837415,0.0609090547749997,0.0609090547749997,TRUE,1.00025228255428,5901.00901949241,7686.44649278603
194,"mu_beta","beta",0.645,0.583083193208333,0.582113805,0.4711605125,0.7005782945,-0.0619168067916667,0.0619168067916667,TRUE,1.000090401043,4741.08963395257,6222.99429383683
194,"mu_lambda","lambda",0.0401,0.0541248449645,0.0542202855,0.04044022685,0.0674693015,0.0140248449645,0.0140248449645,FALSE,1.00037896815412,10824.9551756192,6621.90504991077
194,"mu_delta","delta",0.765,0.613351333475667,0.617016955,0.3569546205,0.85154645,-0.151648666524333,0.151648666524333,TRUE,1.00081911615706,3372.33141446585,5167.36757875396
194,"mu_eta","eta",-0.162,-0.154498714216112,-0.155238735,-0.26649414,-0.0388792050000001,0.00750128578388751,0.00750128578388751,TRUE,1.00137850212993,2526.16589400318,4615.36824785192
195,"mu_alpha","alpha",4.96,4.83892768905,4.8236621,4.44107976,5.3055202,-0.12107231095,0.12107231095,TRUE,1.00167208382985,2796.97418958204,1435.7426182677
195,"mu_beta","beta",0.645,0.537268460655,0.536790715,0.421611533,0.6549509945,-0.107731539345,0.107731539345,TRUE,1.00112884760688,3577.32705351632,6208.51760106611
195,"mu_lambda","lambda",0.0401,0.0358278054628417,0.035876153,0.01903024635,0.0528421967,-0.00427219453715833,0.00427219453715833,TRUE,1.0003561710014,3973.28654434428,5470.4214220833
195,"mu_delta","delta",0.765,0.661346464680833,0.66226783,0.50821367,0.8107085395,-0.103653535319167,0.103653535319167,TRUE,1.00417525478672,805.063380820849,3557.98363934675
195,"mu_eta","eta",-0.162,-0.20997293851865,-0.21082721,-0.325321346,-0.094318827,-0.04797293851865,0.04797293851865,TRUE,1.00180065547367,1046.07224724419,881.963762730354
196,"mu_alpha","alpha",2.33,2.57884524199167,2.57319005,2.180933615,2.995158675,0.248845241991666,0.248845241991666,TRUE,1.00052792755022,3919.39367415419,5976.00984655242
196,"mu_beta","beta",0.914,0.96921931957,0.96747845,0.856323286,1.08847524,0.0552193195699999,0.0552193195699999,TRUE,1.00105656857626,5571.96992879752,6814.07355217345
196,"mu_lambda","lambda",0.0401,0.042057082249325,0.041925664,0.0219024197,0.0629807625,0.001957082249325,0.001957082249325,TRUE,1.0007023855924,5368.35900540181,5646.25999669337
196,"mu_delta","delta",0.765,0.722197282113583,0.725722675,0.486385209,0.9368153695,-0.0428027178864167,0.0428027178864167,TRUE,1.01920610887926,2528.08111500592,193.400032266607
196,"mu_eta","eta",-0.162,-0.0990396816526647,-0.097118525,-0.2221090185,0.02296691145,0.0629603183473353,0.0629603183473353,TRUE,1.05177510270699,57.233050080768,134.628454697692
197,"mu_alpha","alpha",3.66,3.81521554440833,3.8038158,3.382031125,4.28202012,0.155215544408333,0.155215544408333,TRUE,1.00085618434346,5431.29943981603,7572.86422920277
197,"mu_beta","beta",0.914,0.8655141455525,0.863942135,0.745913512,0.9902641345,-0.0484858544475001,0.0484858544475001,TRUE,1.00044849880368,5405.21045124446,6958.85233746173
197,"mu_lambda","lambda",0.0401,0.0462942918929417,0.045073355,0.02036080015,0.0760532873,0.00619429189294167,0.00619429189294167,TRUE,1.00036531981289,4258.5191581709,5105.47720546093
197,"mu_delta","delta",0.765,0.8364547112625,0.83876572,0.660664701,1.00447019,0.0714547112625,0.0714547112625,TRUE,1.00064122985305,3199.85007505801,4245.42918806993
197,"mu_eta","eta",-0.162,-0.257973922286275,-0.258484945,-0.3530727575,-0.1617864395,-0.095973922286275,0.095973922286275,TRUE,1.00222430320258,2298.30440239073,3692.96278554252
198,"mu_alpha","alpha",4.96,5.26092281615833,5.2510541,4.85935761,5.69056158,0.300922816158334,0.300922816158334,TRUE,1.00953558439369,1393.58157474492,5700.22770632725
198,"mu_beta","beta",0.914,0.900389709310833,0.89979794,0.8054081515,0.9975621385,-0.0136102906891667,0.0136102906891667,TRUE,1.0005048877342,10410.7266504872,8975.23026338762
198,"mu_lambda","lambda",0.0401,0.0597027275000833,0.0596143115,0.0421338358,0.0776471822,0.0196027275000833,0.0196027275000833,FALSE,1.00087950832922,3603.68411199446,4515.28148065912
198,"mu_delta","delta",0.765,0.7419667258225,0.73454699,0.4771648165,1.035274855,-0.0230332741775,0.0230332741775,TRUE,1.01130217624479,1998.03857840163,4820.45156076664
198,"mu_eta","eta",-0.162,-0.111643211101281,-0.109093365,-0.2271277405,-0.00529889521000005,0.0503567888987188,0.0503567888987188,TRUE,1.02946856143679,168.853444518835,399.057079338954
199,"mu_alpha","alpha",2.33,2.27761807621667,2.2734632,1.95971064,2.60500478,-0.0523819237833334,0.0523819237833334,TRUE,1.00056127238493,5105.03416666989,5864.27530961585
199,"mu_beta","beta",0.381,0.308688793615,0.30743266,0.191753937,0.429312601,-0.072311206385,0.072311206385,TRUE,1.0005173485429,3879.01607058779,5546.42660923751
199,"mu_lambda","lambda",0.0704,0.05663692109785,0.055755844,0.0254290507,0.0904953355,-0.01376307890215,0.01376307890215,TRUE,1.0007881178375,6217.46574211469,6933.80810490305
199,"mu_delta","delta",0.765,0.756753285161667,0.76602541,0.6231530205,0.858015099,-0.00824671483833339,0.00824671483833339,TRUE,1.00050700839168,5097.30938423492,3914.15211909886
199,"mu_eta","eta",-0.162,-0.148879592219832,-0.148522355,-0.2640844765,-0.03599749955,0.0131204077801683,0.0131204077801683,TRUE,1.00086278782325,3210.96575155293,6132.17940919907
200,"mu_alpha","alpha",3.66,3.54819395261667,3.54209615,3.104864075,4.030767675,-0.111806047383333,0.111806047383333,TRUE,1.00114672331722,4465.53002059197,5448.88787109531
200,"mu_beta","beta",0.381,0.287088430557675,0.28549094,0.168472746,0.41070063,-0.093911569442325,0.093911569442325,TRUE,1.00117398482335,3399.77629436957,4935.83631050533
200,"mu_lambda","lambda",0.0704,0.086117751688,0.0860996395,0.0617973965,0.1104746585,0.015717751688,0.015717751688,TRUE,1.00026589170393,6004.32705365469,6999.65919081015
200,"mu_delta","delta",0.765,0.835191048159167,0.83996247,0.728273407,0.927272219,0.0701910481591667,0.0701910481591667,TRUE,1.00034653831023,4526.31054916382,5299.3382449778
200,"mu_eta","eta",-0.162,-0.209302392682415,-0.20937856,-0.3433705175,-0.073832443,-0.047302392682415,0.047302392682415,TRUE,1.00135404617297,2510.32005688671,4558.71495199939
201,"mu_alpha","alpha",4.96,5.267934136575,5.2607658,4.832790025,5.72661626,0.307934136575,0.307934136575,TRUE,1.00030222237475,6731.74933475975,4839.42470341596
201,"mu_beta","beta",0.381,0.408872379645833,0.407422625,0.329651927,0.494076958,0.0278723796458333,0.0278723796458333,TRUE,1.00023543078155,8421.9323880161,6722.79729027198
201,"mu_lambda","lambda",0.0704,0.0792027146289167,0.078907147,0.05631443565,0.102964709,0.00880271462891666,0.00880271462891666,TRUE,1.0001521432818,3988.71225328185,6396.96395886393
201,"mu_delta","delta",0.765,0.715850350604167,0.713135575,0.480906448,0.9581196215,-0.0491496493958333,0.0491496493958333,TRUE,1.00070803661468,2812.68726300533,4584.50583080451
201,"mu_eta","eta",-0.162,-0.0745904441266022,-0.0743979095,-0.1955294435,0.04729782855,0.0874095558733978,0.0874095558733978,TRUE,1.00159774305716,2397.89258030369,3872.88957897037
202,"mu_alpha","alpha",2.33,2.07108431740667,2.060096,1.62259237,2.559102685,-0.258915682593333,0.258915682593333,TRUE,1.00105475608434,3250.37529516921,4877.30174504526
202,"mu_beta","beta",0.645,0.714503497056667,0.713128225,0.633895982,0.79870385,0.0695034970566667,0.0695034970566667,TRUE,1.00002227335175,8461.82763495013,7532.9781066825
202,"mu_lambda","lambda",0.0704,0.082384876471,0.0821963195,0.05791021255,0.1072416745,0.011984876471,0.011984876471,TRUE,1.00110510802005,6620.70901723106,6372.33201170071
202,"mu_delta","delta",0.765,0.783142826661667,0.786477485,0.6550906305,0.901644001,0.0181428266616667,0.0181428266616667,TRUE,1.00017440647037,4029.71961790188,5266.31382461113
202,"mu_eta","eta",-0.162,-0.0529291407920002,-0.0525078785,-0.1795551495,0.0717671617499998,0.109070859208,0.109070859208,TRUE,1.0018589321464,3268.60659122646,5015.37265716511
203,"mu_alpha","alpha",3.66,3.71190664019167,3.70241015,3.19638644,4.25967998,0.0519066401916666,0.0519066401916666,TRUE,1.00034358840786,4958.86611268104,6729.7004040596
203,"mu_beta","beta",0.645,0.679416105521667,0.679734285,0.5325269445,0.8274000765,0.0344161055216666,0.0344161055216666,TRUE,1.00009148294169,4593.86733793714,5826.62541323197
203,"mu_lambda","lambda",0.0704,0.0656463358576,0.0655717265,0.0445858722,0.0867202656,-0.0047536641424,0.0047536641424,TRUE,0.999899294882034,7489.79429981302,6990.85659234226
203,"mu_delta","delta",0.765,0.7615561117725,0.761710625,0.555411636,0.9637855035,-0.00344388822749997,0.00344388822749997,TRUE,1.00027122164733,3586.10380515623,6087.99231798129
203,"mu_eta","eta",-0.162,-0.117455503340275,-0.118209765,-0.2251966915,-0.00990951497000005,0.044544496659725,0.044544496659725,TRUE,1.00037371056198,3572.32855294985,5686.90406595244
204,"mu_alpha","alpha",4.96,5.185569202675,5.17995225,4.824193995,5.572609155,0.225569202675,0.225569202675,TRUE,1.00054401750014,10415.3765134789,6690.38744255315
204,"mu_beta","beta",0.645,0.635798561560833,0.63434966,0.516665473,0.759451057,-0.00920143843916665,0.00920143843916665,TRUE,0.999935025070298,5654.6766088215,6760.91772748372
204,"mu_lambda","lambda",0.0704,0.07305348566725,0.0724946735,0.0503019608,0.09731346735,0.00265348566725,0.00265348566725,TRUE,1.00048226343633,4326.49882031795,5836.74397318988
204,"mu_delta","delta",0.765,0.83285143015,0.840347795,0.5514692245,1.093175295,0.0678514301499999,0.0678514301499999,TRUE,1.00309610887651,2255.21817613623,3312.40850101051
204,"mu_eta","eta",-0.162,-0.214249008931417,-0.21401526,-0.286140631,-0.1444157675,-0.0522490089314167,0.0522490089314167,TRUE,1.0016468254193,2113.75587592047,5488.29218086733
205,"mu_alpha","alpha",2.33,2.17160490758333,2.1657853,1.800826725,2.553837675,-0.158395092416667,0.158395092416667,TRUE,1.00019669804709,4259.06392005356,6225.45397807667
205,"mu_beta","beta",0.914,0.880700252895,0.879053815,0.753866417,1.01094213,-0.0332997471050001,0.0332997471050001,TRUE,1.00016586060754,4512.78744326013,6603.68714702446
205,"mu_lambda","lambda",0.0704,0.0532175124093167,0.052482109,0.0276636546,0.0812748076,-0.0171824875906833,0.0171824875906833,TRUE,1.00042534139074,6419.21987985327,7243.12921963329
205,"mu_delta","delta",0.765,0.742983122695,0.742893495,0.642714545,0.8452058675,-0.022016877305,0.022016877305,TRUE,1.00087593612257,4586.92503063433,4173.83229750155
205,"mu_eta","eta",-0.162,-0.125142042848622,-0.12497488,-0.2361071475,-0.0144798173500001,0.0368579571513777,0.0368579571513777,TRUE,1.00428839451986,3086.35425997259,5081.86671595272
206,"mu_alpha","alpha",3.66,3.26794976265,3.2571008,2.814752035,3.760492605,-0.39205023735,0.39205023735,TRUE,1.00118205623257,5053.99597455581,6228.04238092281
206,"mu_beta","beta",0.914,0.859103500666667,0.85746245,0.7668278815,0.9577042625,-0.0548964993333334,0.0548964993333334,TRUE,0.999996500414377,8773.76487585511,7095.43287940711
206,"mu_lambda","lambda",0.0704,0.0766091327429167,0.075415469,0.04492728285,0.113167845,0.00620913274291666,0.00620913274291666,TRUE,1.00093153231826,3873.60984663551,6165.22786781468
206,"mu_delta","delta",0.765,0.768538476593333,0.77105938,0.587563721,0.942947783,0.00353847659333328,0.00353847659333328,TRUE,1.00125359376563,3380.1513722461,5755.33107975026
206,"mu_eta","eta",-0.162,-0.181941038860171,-0.181796095,-0.3158141395,-0.0487771425000001,-0.0199410388601708,0.0199410388601708,TRUE,1.00101061495711,2250.51174434962,3280.05485128888
207,"mu_alpha","alpha",4.96,5.25498309073333,5.2504806,4.859950685,5.667309765,0.294983090733333,0.294983090733333,TRUE,1.00010549276127,10149.7241517745,6001.66179787767
207,"mu_beta","beta",0.914,0.9609844289175,0.95857504,0.797220524,1.132154995,0.0469844289175,0.0469844289175,TRUE,1.00114933976405,4069.80522808298,6479.2535612366
207,"mu_lambda","lambda",0.0704,0.08592228599925,0.084814354,0.0552016711,0.120107584,0.01552228599925,0.01552228599925,TRUE,1.00019076562779,2378.14872345737,4437.21919423717
207,"mu_delta","delta",0.765,0.933329313163333,0.93906363,0.7343572435,1.113420925,0.168329313163333,0.168329313163333,TRUE,1.00110663692168,3052.73538432256,4995.62786739548
207,"mu_eta","eta",-0.162,-0.165624509324597,-0.16548195,-0.2447833365,-0.08745495845,-0.00362450932459749,0.00362450932459749,TRUE,1.00153962423406,2721.34676605471,3946.08527035379
208,"mu_alpha","alpha",2.33,2.35442782765833,2.3498566,2.13623366,2.59035666,0.0244278276583332,0.0244278276583332,TRUE,0.999955694590477,12263.355362968,8940.01954826749
208,"mu_beta","beta",0.381,0.344412223406083,0.34412411,0.229704389,0.4607789575,-0.0365877765939167,0.0365877765939167,TRUE,1.00074630387617,4947.01757731771,7193.44232491635
208,"mu_lambda","lambda",0.103,0.126817016676833,0.126619355,0.093029021,0.1610205805,0.0238170166768333,0.0238170166768333,TRUE,1.00047226576031,6736.6204451006,8318.76368565639
208,"mu_delta","delta",0.765,0.720693713013333,0.724910065,0.5109279685,0.9138881125,-0.0443062869866667,0.0443062869866667,TRUE,1.00174586076793,3456.32136829427,6124.8065951775
208,"mu_eta","eta",-0.162,-0.303711927102257,-0.30249255,-0.439948696,-0.16929382,-0.141711927102257,0.141711927102257,FALSE,1.00026925323601,5167.96826421246,6751.60723859507
209,"mu_alpha","alpha",3.66,3.361594362275,3.35221455,2.967015025,3.784114805,-0.298405637725,0.298405637725,TRUE,1.00055593602816,5280.43698084833,6983.42008766434
209,"mu_beta","beta",0.381,0.413353989263333,0.41204645,0.296878627,0.532832916,0.0323539892633333,0.0323539892633333,TRUE,1.0002843947526,3932.97674689225,5528.50158443093
209,"mu_lambda","lambda",0.103,0.0901744382303333,0.0901697255,0.06816664455,0.1125025105,-0.0128255617696667,0.0128255617696667,TRUE,1.00038078695041,7589.98234519515,7207.93168336233
209,"mu_delta","delta",0.765,0.6491496886175,0.65469427,0.426076514,0.851949653,-0.1158503113825,0.1158503113825,TRUE,1.00208736127029,4258.89007146525,5786.32056282465
209,"mu_eta","eta",-0.162,-0.123736048692317,-0.1240145,-0.20380532,-0.0432485234000001,0.0382639513076833,0.0382639513076833,TRUE,1.00084030738128,5542.16530984118,6997.2593361336
210,"mu_alpha","alpha",4.96,4.87469797353333,4.87003485,4.52914551,5.23645968,-0.0853020264666666,0.0853020264666666,TRUE,1.00030958801978,10913.8529462638,6093.32604043509
210,"mu_beta","beta",0.381,0.478454227299167,0.47716021,0.353728337,0.6062498425,0.0974542272991666,0.0974542272991666,TRUE,1.0004298595474,4951.80592412062,6241.96786118422
210,"mu_lambda","lambda",0.103,0.115653586587333,0.114742765,0.08224795115,0.1521758345,0.0126535865873333,0.0126535865873333,TRUE,1.00253593701981,2851.1124818528,5103.16830095551
210,"mu_delta","delta",0.765,1.00117426901083,0.994243055,0.8485943405,1.175841355,0.236174269010833,0.236174269010833,FALSE,1.01788551077541,377.150591255269,169.527096826327
210,"mu_eta","eta",-0.162,-0.171986372408042,-0.17219646,-0.2755006175,-0.06844971925,-0.00998637240804165,0.00998637240804165,TRUE,1.01321202310154,316.229440195672,776.240772327227
211,"mu_alpha","alpha",2.33,2.31471083286667,2.3063851,1.90802274,2.74027881,-0.0152891671333335,0.0152891671333335,TRUE,1.00054540657914,5382.80380840161,6876.19833065127
211,"mu_beta","beta",0.645,0.629229140231667,0.62791255,0.5563249755,0.706129488,-0.0157708597683334,0.0157708597683334,TRUE,1.00052195082308,13079.4081075302,8762.93497056964
211,"mu_lambda","lambda",0.103,0.108224653710833,0.10769705,0.0783107353,0.14008101,0.00522465371083333,0.00522465371083333,TRUE,1.00008764719445,7013.12034571258,7423.87130782864
211,"mu_delta","delta",0.765,0.801611940220833,0.79041424,0.628703693,1.00751906,0.0366119402208334,0.0366119402208334,TRUE,1.00262363895001,1942.76247994169,2482.3471760955
211,"mu_eta","eta",-0.162,-0.139405090002529,-0.13957145,-0.278092045,0.00336074069999978,0.0225949099974712,0.0225949099974712,TRUE,1.00044244740543,3683.67396758819,5719.78245044133
212,"mu_alpha","alpha",3.66,3.6244250573,3.61619905,3.31935098,3.955893325,-0.0355749427000003,0.0355749427000003,TRUE,1.00021070915623,10202.2706051965,8097.61225736628
212,"mu_beta","beta",0.645,0.6700548209625,0.668937855,0.575572579,0.769033337,0.0250548209625,0.0250548209625,TRUE,1.00035921160366,7827.27141354316,7061.51059143163
212,"mu_lambda","lambda",0.103,0.13744655977625,0.136011015,0.0960688805,0.184018576,0.03444655977625,0.03444655977625,TRUE,1.00095772372438,2879.83340210606,4867.0811149796
212,"mu_delta","delta",0.765,0.663814403943583,0.674231635,0.402470094,0.8912176145,-0.101185596056417,0.101185596056417,TRUE,1.00131588996959,3537.04659415971,5548.32366603877
212,"mu_eta","eta",-0.162,-0.271912716382043,-0.27109114,-0.3882969055,-0.1563584445,-0.109912716382043,0.109912716382043,TRUE,1.00106151725877,2918.18209559966,4736.60317235172
213,"mu_alpha","alpha",4.96,4.77295622655833,4.7558578,4.34648091,5.251657725,-0.187043773441666,0.187043773441666,TRUE,1.00020187074002,6355.12186531083,5649.07117891018
213,"mu_beta","beta",0.645,0.770263982886667,0.76861459,0.674891082,0.8700848465,0.125263982886667,0.125263982886667,FALSE,1.00015512321392,7114.34578505205,7362.54043482382
213,"mu_lambda","lambda",0.103,0.103071709495583,0.102677965,0.07373299235,0.134291433,7.17094955833414e-05,7.17094955833414e-05,TRUE,1.00108286860831,2553.57458000905,4278.16578476125
213,"mu_delta","delta",0.765,0.706795834063333,0.706484225,0.487637223,0.9241114645,-0.0582041659366667,0.0582041659366667,TRUE,1.00226352058047,2507.13240243041,2285.25852578707
213,"mu_eta","eta",-0.162,-0.222323695080061,-0.222080235,-0.335262901,-0.1108907195,-0.0603236950800608,0.0603236950800608,TRUE,1.00755246349362,1177.63644036791,3731.21293582374
214,"mu_alpha","alpha",2.33,2.34880865921667,2.33862385,1.860396335,2.867079775,0.0188086592166665,0.0188086592166665,TRUE,1.00046019121171,4743.36005985845,6650.58611827299
214,"mu_beta","beta",0.914,0.915719685685,0.91394688,0.817800134,1.018395625,0.00171968568499992,0.00171968568499992,TRUE,1.00007332828398,11118.718762986,8229.69564647734
214,"mu_lambda","lambda",0.103,0.10283835356275,0.10236611,0.0754771342,0.131551809,-0.000161646437249988,0.000161646437249988,TRUE,1.00026524939952,6454.9661443767,7218.00440084949
214,"mu_delta","delta",0.765,0.816251960813333,0.816407835,0.684161673,0.9474363545,0.0512519608133333,0.0512519608133333,TRUE,1.00023931436625,4406.07707983522,5494.26853668595
214,"mu_eta","eta",-0.162,-0.114980076484265,-0.115069015,-0.2511336,0.0215980345499999,0.0470199235157353,0.0470199235157353,TRUE,1.0012784739697,3615.97950668045,5058.80340351141
215,"mu_alpha","alpha",3.66,3.79527075030833,3.78617115,3.452868645,4.16918606,0.135270750308333,0.135270750308333,TRUE,1.00058881127743,9781.27744793329,7394.90696441978
215,"mu_beta","beta",0.914,0.871555476416667,0.8695337,0.7649813755,0.9847342275,-0.0424445235833334,0.0424445235833334,TRUE,1.00071065718387,9449.68087068574,8817.25621564766
215,"mu_lambda","lambda",0.103,0.0922578368095,0.091606564,0.0647895022,0.121541223,-0.0107421631905,0.0107421631905,TRUE,1.00045985711525,4303.1793496606,6376.92325679376
215,"mu_delta","delta",0.765,0.692974434821667,0.692209385,0.5581382485,0.8253667845,-0.0720255651783334,0.0720255651783334,TRUE,1.00016855800797,4956.4377137219,5190.47574742901
215,"mu_eta","eta",-0.162,-0.139790995650837,-0.140036965,-0.2492432055,-0.02842340335,0.0222090043491627,0.0222090043491627,TRUE,1.00075563332515,3191.32502816641,5546.29600829725
216,"mu_alpha","alpha",4.96,5.26383919544167,5.2620885,4.889501375,5.65736498,0.303839195441666,0.303839195441666,TRUE,1.00007864669765,12898.216374295,6937.32283716596
216,"mu_beta","beta",0.914,0.944777761845833,0.94216544,0.7929296335,1.10684867,0.0307777618458333,0.0307777618458333,TRUE,1.00073483431265,5029.32051216541,6927.55915907858
216,"mu_lambda","lambda",0.103,0.12571739286225,0.125251695,0.100543758,0.152290132,0.02271739286225,0.02271739286225,TRUE,1.00040175933211,3214.28783427764,4996.58626217911
216,"mu_delta","delta",0.765,0.728118126058333,0.73473529,0.4479182325,0.985625106,-0.0368818739416666,0.0368818739416666,TRUE,1.00047657567577,3444.97227220969,4931.4418484798
216,"mu_eta","eta",-0.162,-0.132971849910643,-0.132755465,-0.220499495,-0.04594315515,0.0290281500893566,0.0290281500893566,TRUE,1.00014142490996,3323.51711330657,4945.44711984887
217,"mu_alpha","alpha",2.33,1.95313387115,1.9495523,1.61894194,2.300361335,-0.37686612885,0.37686612885,FALSE,1.00091888363209,4201.03025542312,5915.36204730614
217,"mu_beta","beta",0.381,0.45907889786,0.45833092,0.3523330145,0.5695818515,0.07807889786,0.07807889786,TRUE,1.00081665709421,3952.99264441292,5854.33437697836
217,"mu_lambda","lambda",0.0401,0.0229046609460371,0.0219683895,0.0044207635,0.0450529094,-0.0171953390539629,0.0171953390539629,TRUE,0.999996981147189,7641.20733385456,6532.80208606071
217,"mu_delta","delta",1.3,1.14601653956917,1.14179265,0.938347865,1.3747743,-0.153983460430833,0.153983460430833,TRUE,1.03030623248286,124.841730058027,1714.47308258741
217,"mu_eta","eta",-0.162,-0.279934006392625,-0.279727075,-0.4220855385,-0.134761501,-0.117934006392625,0.117934006392625,TRUE,1.0206327428711,367.51654443167,3448.98104086515
218,"mu_alpha","alpha",3.66,3.087879286,3.07936005,2.77422514,3.428410425,-0.572120714,0.572120714,FALSE,1.00010479590016,7390.73449400623,8334.37240110748
218,"mu_beta","beta",0.381,0.474131735683333,0.473462365,0.3687110875,0.5836943105,0.0931317356833333,0.0931317356833333,TRUE,1.00021934151558,4169.70395727495,6120.32316481859
218,"mu_lambda","lambda",0.0401,0.0498657748244917,0.049999512,0.02836743465,0.07115005005,0.00976577482449167,0.00976577482449167,TRUE,1.00043957810808,6219.4841979397,5721.06129272169
218,"mu_delta","delta",1.3,1.19358617863333,1.18999695,0.981703219,1.41717211,-0.106413821366667,0.106413821366667,TRUE,1.00151872426728,3221.40970116667,5356.03497922973
218,"mu_eta","eta",-0.162,-0.244643370427031,-0.24623332,-0.3771702355,-0.1099233085,-0.0826433704270308,0.0826433704270308,TRUE,1.00112791436013,1864.70486888716,3894.29040259187
219,"mu_alpha","alpha",4.96,4.54272529513333,4.53505735,4.198398635,4.919199895,-0.417274704866666,0.417274704866666,FALSE,1.00063629979871,13476.6215611059,8074.66870213516
219,"mu_beta","beta",0.381,0.388354432747442,0.386503015,0.261676023,0.5202946125,0.00735443274744169,0.00735443274744169,TRUE,1.00152140348956,6004.53093001411,7456.38304493409
219,"mu_lambda","lambda",0.0401,0.05518423158725,0.055077619,0.0362940317,0.07372930235,0.01508423158725,0.01508423158725,TRUE,0.999966172007774,9478.53517883797,8558.26712282595
219,"mu_delta","delta",1.3,1.12234306869,1.1161566,0.9255508205,1.34118512,-0.17765693131,0.17765693131,TRUE,1.00119003598383,2252.40766250465,5276.74169540147
219,"mu_eta","eta",-0.162,-0.304436993310083,-0.304165175,-0.4154249075,-0.1955649635,-0.142436993310083,0.142436993310083,FALSE,1.00055236312509,3598.15939956393,5917.13179940984
220,"mu_alpha","alpha",2.33,2.21908087840833,2.21244975,1.868106335,2.593474255,-0.110919121591667,0.110919121591667,TRUE,1.00054673290866,4833.07528542365,6674.98943279754
220,"mu_beta","beta",0.645,0.592341666579167,0.59058417,0.480006923,0.708943405,-0.0526583334208334,0.0526583334208334,TRUE,1.00236055979985,4959.06517768039,6534.58514858796
220,"mu_lambda","lambda",0.0401,0.0250795651038733,0.024999907,0.00764463656,0.04298734915,-0.0150204348961267,0.0150204348961267,TRUE,1.00004009541595,8469.32687434848,5276.68006732571
220,"mu_delta","delta",1.3,1.30319937275917,1.2998174,1.17389497,1.441225805,0.0031993727591666,0.0031993727591666,TRUE,1.00042059888154,4619.2552726488,5954.16285846814
220,"mu_eta","eta",-0.162,-0.248562514285292,-0.249328305,-0.379310349,-0.1149384605,-0.0865625142852925,0.0865625142852925,TRUE,1.00093204773101,3332.0592767235,4890.38837621932
221,"mu_alpha","alpha",3.66,3.49423523055,3.4814337,3.139692165,3.87887461,-0.16576476945,0.16576476945,TRUE,1.00027197291041,5889.7557620048,6372.34723087843
221,"mu_beta","beta",0.645,0.683680547440833,0.68221365,0.5978980665,0.7739249,0.0386805474408333,0.0386805474408333,TRUE,1.00114730248713,7048.97296294074,7010.82897953901
221,"mu_lambda","lambda",0.0401,0.0250809491566185,0.024600308,0.007879330845,0.04342762005,-0.0150190508433815,0.0150190508433815,TRUE,1.00025154010663,5725.2258602089,5262.14446984492
221,"mu_delta","delta",1.3,1.24081884162083,1.2236391,1.013154475,1.522887045,-0.0591811583791668,0.0591811583791668,TRUE,1.00048704195015,3085.52459486991,4935.49338048257
221,"mu_eta","eta",-0.162,-0.194615161684824,-0.195265825,-0.309389164,-0.0787434208,-0.0326151616848242,0.0326151616848242,TRUE,1.00064667389296,2355.97148136853,3999.07615325161
222,"mu_alpha","alpha",4.96,5.28414714065833,5.28450015,4.80137817,5.76587897,0.324147140658333,0.324147140658333,TRUE,1.00011786805685,8986.54918618374,7363.71480696828
222,"mu_beta","beta",0.645,0.693252433994167,0.69180906,0.56742572,0.822796249,0.0482524339941667,0.0482524339941667,TRUE,1.00035728625866,7030.85693036615,7648.12963875315
222,"mu_lambda","lambda",0.0401,0.0299738993143667,0.0296650535,0.01277151085,0.04793172045,-0.0101261006856333,0.0101261006856333,TRUE,1.00002209668047,9693.25017841764,7596.96646253083
222,"mu_delta","delta",1.3,1.207159340815,1.19371555,1.10490469,1.35487703,-0.092840659185,0.092840659185,TRUE,1.00259880237765,2957.52234420596,4952.76287274394
222,"mu_eta","eta",-0.162,-0.188675511885431,-0.192305305,-0.292665799,-0.0723609948,-0.0266755118854308,0.0266755118854308,TRUE,1.00090824911689,3059.02758702167,5893.39572663841
223,"mu_alpha","alpha",2.33,2.20102351513333,2.19265925,1.848835775,2.5812846,-0.128976484866667,0.128976484866667,TRUE,1.0002353430605,5204.23453576943,7080.93511008772
223,"mu_beta","beta",0.914,0.824146707129167,0.82316754,0.6888412615,0.963476783,-0.0898532928708333,0.0898532928708333,TRUE,1.00152419732447,4609.31995717279,5959.66579401414
223,"mu_lambda","lambda",0.0401,0.0295695092467033,0.0296366195,0.01249708375,0.0464521569,-0.0105304907532967,0.0105304907532967,TRUE,1.00045879322669,9065.08380008888,5063.64227776016
223,"mu_delta","delta",1.3,1.31314621902333,1.3031439,1.161240385,1.495710965,0.0131462190233333,0.0131462190233333,TRUE,1.00081128587773,2174.20348806957,3564.90229771898
223,"mu_eta","eta",-0.162,-0.188970851010496,-0.189425945,-0.34915863,-0.0284196667,-0.026970851010496,0.026970851010496,TRUE,1.00129590440746,2809.338508879,4553.30955800106
224,"mu_alpha","alpha",3.66,4.15637888875,4.15049055,3.798159185,4.54003364,0.49637888875,0.49637888875,FALSE,1.01663555234541,226.082293057452,5327.05744641772
224,"mu_beta","beta",0.914,1.0695149143075,1.0681611,0.9185054095,1.22994912,0.1555149143075,0.1555149143075,FALSE,1.00476158458958,4834.64752514691,7497.54868466274
224,"mu_lambda","lambda",0.0401,0.0383969791785167,0.03844422,0.02637084425,0.05012026075,-0.00170302082148333,0.00170302082148333,TRUE,1.00187498639779,10588.7489283656,7596.55556524618
224,"mu_delta","delta",1.3,1.19257918999333,1.18441125,0.9896235925,1.45532419,-0.107420810006667,0.107420810006667,TRUE,1.3496120110596,9.25266913489904,34.0911967815796
224,"mu_eta","eta",-0.162,-0.260051239490913,-0.25873834,-0.4006836475,-0.122409514,-0.0980512394909125,0.0980512394909125,TRUE,1.01225728883021,1596.6563727305,4311.63158078976
225,"mu_alpha","alpha",4.96,4.79730662330833,4.7862627,4.394384715,5.24644942,-0.162693376691666,0.162693376691666,TRUE,1.00013666395614,8063.4361093831,5584.02784111491
225,"mu_beta","beta",0.914,0.934666977905833,0.93275024,0.834685606,1.04334623,0.0206669779058333,0.0206669779058333,TRUE,1.00148235387777,8130.26562012912,6597.45355317139
225,"mu_lambda","lambda",0.0401,0.0460819601417917,0.045173039,0.0234359357,0.07174528705,0.00598196014179167,0.00598196014179167,TRUE,1.00022859241484,4771.06266500891,5958.31024160978
225,"mu_delta","delta",1.3,1.35480020114,1.33451975,1.168982065,1.615115185,0.0548002011399999,0.0548002011399999,TRUE,1.00090608941607,2721.19904642442,3642.61529472727
225,"mu_eta","eta",-0.162,-0.143932388407615,-0.144520795,-0.308645556,0.0235673789499999,0.0180676115923853,0.0180676115923853,TRUE,1.00173350512558,1935.4820912058,3744.7613354831
226,"mu_alpha","alpha",2.33,2.03224538943333,2.02894075,1.72111653,2.35433676,-0.297754610566667,0.297754610566667,TRUE,1.00031090886042,5343.89726412834,6655.38009190581
226,"mu_beta","beta",0.381,0.279531644372042,0.27936833,0.1580397095,0.402915823,-0.101468355627958,0.101468355627958,TRUE,1.00061743845102,3522.39574011861,5682.69896655254
226,"mu_lambda","lambda",0.0704,0.0712347905402167,0.0676235445,0.02572755025,0.128655175,0.000834790540216665,0.000834790540216665,TRUE,1.00013826559286,5398.3684729715,6611.62043991554
226,"mu_delta","delta",1.3,1.328951689615,1.3197581,1.15350798,1.53535886,0.0289516896149999,0.0289516896149999,TRUE,1.00042604544836,4371.46322517095,5349.4386167801
226,"mu_eta","eta",-0.162,-0.0623847478721331,-0.0661666295,-0.2002630755,0.0889093959,0.099615252127867,0.099615252127867,TRUE,1.00012974201227,5161.52905279668,6812.01842774148
227,"mu_alpha","alpha",3.66,3.19166794485833,3.1794269,2.775441905,3.646688445,-0.468332055141667,0.468332055141667,FALSE,1.00084095624352,5299.0995711832,6747.53217721878
227,"mu_beta","beta",0.381,0.235504066345608,0.234360155,0.113403137,0.361820962,-0.145495933654392,0.145495933654392,FALSE,1.0009348593935,3859.823098801,5608.25741852714
227,"mu_lambda","lambda",0.0704,0.0595412808919333,0.0599455575,0.03997221485,0.0780839688,-0.0108587191080667,0.0108587191080667,TRUE,1.00074623351536,9999.95970685487,6932.8520754904
227,"mu_delta","delta",1.3,1.23053552155167,1.2212119,1.12585774,1.365971655,-0.0694644784483334,0.0694644784483334,TRUE,1.0000870299191,5803.91975278567,5643.72940728453
227,"mu_eta","eta",-0.162,-0.130461451732155,-0.13139724,-0.242412088,-0.0127072626,0.0315385482678449,0.0315385482678449,TRUE,1.00153006825804,4991.3639148125,7357.28799462769
228,"mu_alpha","alpha",4.96,5.56368378464167,5.5871293,5.130337215,5.925191,0.603683784641666,0.603683784641666,FALSE,1.00032130175864,10189.5492853632,7925.38592603741
228,"mu_beta","beta",0.381,0.492475446005583,0.49059235,0.363027045,0.6328930135,0.111475446005583,0.111475446005583,TRUE,1.00013929100824,6646.72311444419,7229.349028371
228,"mu_lambda","lambda",0.0704,0.0802758322465,0.0800800865,0.0600668223,0.101578605,0.0098758322465,0.0098758322465,TRUE,1.00009011783383,7514.29957892397,8264.1806410261
228,"mu_delta","delta",1.3,1.439957388935,1.43179695,1.144415505,1.766122315,0.139957388935,0.139957388935,TRUE,1.00057818730002,6557.58277946185,6859.66851097823
228,"mu_eta","eta",-0.162,-0.191890011921388,-0.193357595,-0.2737103345,-0.102514764,-0.0298900119213883,0.0298900119213883,TRUE,1.00015960078851,4913.22583431353,6298.9885562167
229,"mu_alpha","alpha",2.33,2.41777168695,2.41413585,2.108541655,2.7421765,0.08777168695,0.08777168695,TRUE,1.0010038884963,5675.48447675508,6947.90546645242
229,"mu_beta","beta",0.645,0.575496987616667,0.573307055,0.4534974235,0.7020106235,-0.0695030123833333,0.0695030123833333,TRUE,1.00195065910923,3810.27649783707,6748.44394722495
229,"mu_lambda","lambda",0.0704,0.0760329742601667,0.0755920675,0.0464173473,0.107733688,0.00563297426016666,0.00563297426016666,TRUE,1.00061571739631,5133.35126530038,6051.23083485431
229,"mu_delta","delta",1.3,1.19000342254167,1.18136675,1.0615325,1.347900915,-0.109996577458333,0.109996577458333,TRUE,1.00179046365479,3084.48094628269,4352.11815492093
229,"mu_eta","eta",-0.162,-0.0475642652383195,-0.0477407415,-0.1907186875,0.09552539325,0.11443573476168,0.11443573476168,TRUE,1.00055454563532,2748.47055448883,4662.88504363111
230,"mu_alpha","alpha",3.66,3.96595442019167,3.9521673,3.57511405,4.40319304,0.305954420191667,0.305954420191667,TRUE,1.00008275309733,8374.51821395349,8247.28509201864
230,"mu_beta","beta",0.645,0.6495181769075,0.648884315,0.520726158,0.779800838,0.0045181769075,0.0045181769075,TRUE,1.00013973380922,5787.95657899017,7848.7980948762
230,"mu_lambda","lambda",0.0704,0.06561312812275,0.06531646,0.041323472,0.09040077805,-0.00478687187725001,0.00478687187725001,TRUE,1.00052114338933,6449.3573801374,7312.91116701284
230,"mu_delta","delta",1.3,1.10576767112833,1.10414335,0.9373648255,1.27861541,-0.194232328871667,0.194232328871667,FALSE,1.00047507631863,5050.26761292685,6429.48379505735
230,"mu_eta","eta",-0.162,-0.166573165335843,-0.166728085,-0.2752964705,-0.05604813285,-0.00457316533584332,0.00457316533584332,TRUE,1.00107341331879,3885.16282027551,5813.5747359101
231,"mu_alpha","alpha",4.96,4.97555790559167,4.9651739,4.610794675,5.380386225,0.0155579055916668,0.0155579055916668,TRUE,1.00068668183783,9464.24144797108,5756.24229165243
231,"mu_beta","beta",0.645,0.621967385179167,0.621250665,0.5403619025,0.7044812235,-0.0230326148208333,0.0230326148208333,TRUE,1.00027594064316,14716.950808096,8864.64815217351
231,"mu_lambda","lambda",0.0704,0.0763984841891667,0.0760036,0.05333257755,0.1011766065,0.00599848418916667,0.00599848418916667,TRUE,1.00054251022133,5302.5807933817,7706.208815104
231,"mu_delta","delta",1.3,1.31228189081917,1.29911255,1.12158096,1.554864495,0.0122818908191666,0.0122818908191666,TRUE,1.00130200309989,4554.87432167207,4931.88145200671
231,"mu_eta","eta",-0.162,-0.189466410404788,-0.189225385,-0.287636078,-0.09159509005,-0.0274664104047875,0.0274664104047875,TRUE,1.00086236487229,4476.9923840729,6253.23058646896
232,"mu_alpha","alpha",2.33,2.635720006475,2.6278484,2.30888834,2.991196525,0.305720006475,0.305720006475,TRUE,1.00035298583385,5969.14383775219,7400.55784594747
232,"mu_beta","beta",0.914,0.958145999698333,0.95605506,0.828467647,1.09534137,0.0441459996983333,0.0441459996983333,TRUE,1.00105794568041,4539.69753759275,6824.4790553388
232,"mu_lambda","lambda",0.0704,0.047492996967225,0.0473790865,0.0274513602,0.06744121275,-0.022907003032775,0.022907003032775,FALSE,1.0001554689146,6449.14123088708,6745.54506700108
232,"mu_delta","delta",1.3,1.34091343030583,1.32142575,1.205100015,1.545263595,0.0409134303058334,0.0409134303058334,TRUE,1.00052012616298,3377.77408998409,2550.65714861811
232,"mu_eta","eta",-0.162,-0.150440975491271,-0.152945665,-0.302253779,0.00659742584999997,0.0115590245087295,0.0115590245087295,TRUE,1.0013629476686,1997.58869844808,3777.38024456814
233,"mu_alpha","alpha",3.66,3.42739841779167,3.4197216,3.1328816,3.75511707,-0.232601582208333,0.232601582208333,TRUE,1.01030513084056,2312.01737044502,5834.6724061708
233,"mu_beta","beta",0.914,0.882782047681667,0.882000035,0.752782002,1.016423215,-0.0312179523183334,0.0312179523183334,TRUE,1.01237508966274,698.588445316185,7592.55175909727
233,"mu_lambda","lambda",0.0704,0.105234341403,0.104912845,0.0784090485,0.1335647655,0.034834341403,0.034834341403,FALSE,1.00103854971394,4690.07171845222,6328.57902078858
233,"mu_delta","delta",1.3,1.33098451806917,1.31152945,1.11067731,1.61619688,0.0309845180691666,0.0309845180691666,TRUE,1.09142205326451,29.8900267496316,626.410126835348
233,"mu_eta","eta",-0.162,-0.213764961312528,-0.217314665,-0.3431037195,-0.0721904518,-0.0517649613125279,0.0517649613125279,TRUE,1.13215377193929,20.3560760824663,236.645035674401
234,"mu_alpha","alpha",4.96,4.59078741516667,4.57734565,4.164031765,5.068324845,-0.369212584833333,0.369212584833333,TRUE,1.04075342205997,65.8935145594533,1860.51533888811
234,"mu_beta","beta",0.914,0.837172535190833,0.83538012,0.704672947,0.9736246585,-0.0768274648091667,0.0768274648091667,TRUE,1.00835987111534,4638.79422377235,6698.24802922944
234,"mu_lambda","lambda",0.0704,0.0707595620423417,0.07037926,0.0454904954,0.09724731795,0.000359562042341666,0.000359562042341666,TRUE,1.00020511176309,3889.00046076518,5587.40170272931
234,"mu_delta","delta",1.3,1.25440781165833,1.24755235,1.051036635,1.481163385,-0.0455921883416668,0.0455921883416668,TRUE,1.47668582229185,7.57983126461836,39.2715295537754
234,"mu_eta","eta",-0.162,-0.193802676926273,-0.19644324,-0.3206498865,-0.05663965615,-0.0318026769262728,0.0318026769262728,TRUE,1.08397940275021,35.1196622399978,208.255203538302
235,"mu_alpha","alpha",2.33,2.56196056175833,2.55639445,2.23141349,2.901892205,0.231960561758333,0.231960561758333,TRUE,1.0006368674228,7175.40463040233,8522.77697715168
235,"mu_beta","beta",0.381,0.479115839059167,0.47814078,0.371872028,0.58926197,0.0981158390591667,0.0981158390591667,TRUE,1.00070265473368,6040.50212494971,7624.16927842751
235,"mu_lambda","lambda",0.103,0.0946720601840833,0.0938865365,0.0616642308,0.130141443,-0.00832793981591666,0.00832793981591666,TRUE,1.00043844818904,5798.97483629832,6903.27058095326
235,"mu_delta","delta",1.3,1.39920316016667,1.3993256,1.109505755,1.69473005,0.0992031601666665,0.0992031601666665,TRUE,1.00761790546408,1369.6804299166,6520.50979541491
235,"mu_eta","eta",-0.162,-0.196182536569146,-0.196040735,-0.300940024,-0.0921005959500001,-0.0341825365691458,0.0341825365691458,TRUE,1.02233411218371,179.02002524674,445.84670736414
236,"mu_alpha","alpha",3.66,4.11765719526667,4.1108469,3.638661075,4.63552089,0.457657195266666,0.457657195266666,TRUE,1.00253016772883,5314.79211813821,6252.86662058514
236,"mu_beta","beta",0.381,0.36807075228975,0.36740008,0.246359818,0.491391519,-0.01292924771025,0.01292924771025,TRUE,1.00127331582794,4465.46114494681,6275.43136215672
236,"mu_lambda","lambda",0.103,0.117689732779,0.117394425,0.09084771685,0.145647678,0.014689732779,0.014689732779,TRUE,1.00103548339102,5039.02324368336,6392.06971698072
236,"mu_delta","delta",1.3,1.21466343952833,1.2065241,0.964120079,1.49548301,-0.0853365604716667,0.0853365604716667,TRUE,1.05167988376275,62.3225492784786,5378.07199133667
236,"mu_eta","eta",-0.162,-0.152894134986769,-0.13985668,-0.3068733715,-0.0556414464,0.00910586501323085,0.00910586501323085,TRUE,1.18742549645184,14.55616772725,28.3912621227828
237,"mu_alpha","alpha",4.96,5.2981085908,5.29362465,4.910294445,5.711051845,0.3381085908,0.3381085908,TRUE,1.00025589468224,8385.0222383539,5545.36988528787
237,"mu_beta","beta",0.381,0.367544165045333,0.366571995,0.2392583525,0.4979059115,-0.0134558349546667,0.0134558349546667,TRUE,1.00056386987381,4588.15293359993,6172.55172243262
237,"mu_lambda","lambda",0.103,0.116151273297833,0.115564365,0.09017351785,0.143406787,0.0131512732978333,0.0131512732978333,TRUE,1.00101230796364,4225.02054452244,5996.49018417361
237,"mu_delta","delta",1.3,1.25293856887417,1.25009825,0.9292936625,1.593826075,-0.0470614311258333,0.0470614311258333,TRUE,1.00117127477392,1893.96082400671,3754.40158464605
237,"mu_eta","eta",-0.162,-0.166594003693912,-0.167488785,-0.271614721,-0.0554442716000001,-0.00459400369391158,0.00459400369391158,TRUE,1.00058430008655,2977.29077085811,4337.37213596703
238,"mu_alpha","alpha",2.33,2.34410437205833,2.33517325,1.97447335,2.749157635,0.0141043720583331,0.0141043720583331,TRUE,1.00009944459217,4211.96436294949,5821.07722346374
238,"mu_beta","beta",0.645,0.595777981615833,0.595217735,0.49226326,0.700204663,-0.0492220183841667,0.0492220183841667,TRUE,1.00019478734915,4871.13319590366,6491.26185906767
238,"mu_lambda","lambda",0.103,0.100505134346333,0.0997562335,0.0702215996,0.132676947,-0.00249486565366666,0.00249486565366666,TRUE,1.0011310769995,5205.44129638621,6957.2697158914
238,"mu_delta","delta",1.3,1.42839284674667,1.4401539,1.018506995,1.7981388,0.128392846746667,0.128392846746667,TRUE,1.00060962065964,4317.86492395193,5863.20554019407
238,"mu_eta","eta",-0.162,-0.2469325005733,-0.24873807,-0.340207244,-0.1493427505,-0.0849325005733,0.0849325005733,TRUE,1.00006776391524,4493.34093984627,6004.62122833823
239,"mu_alpha","alpha",3.66,3.85072189639167,3.8391634,3.42743349,4.30314207,0.190721896391667,0.190721896391667,TRUE,1.0017333699176,5142.29977430772,5917.9863133493
239,"mu_beta","beta",0.645,0.755602931708333,0.7534723,0.615776706,0.9045656585,0.110602931708333,0.110602931708333,TRUE,1.0007232755641,3817.47184655176,5391.75114516134
239,"mu_lambda","lambda",0.103,0.09061909930175,0.0895709285,0.0572001977,0.128449486,-0.01238090069825,0.01238090069825,TRUE,1.00133990886982,3215.03801837252,4455.51332317443
239,"mu_delta","delta",1.3,1.25689902687083,1.25484965,1.06027159,1.46386831,-0.0431009731291667,0.0431009731291667,TRUE,1.00101164624627,3268.2598362719,4903.29772686335
239,"mu_eta","eta",-0.162,-0.2468449727801,-0.24738863,-0.378575578,-0.109280222,-0.0848449727801,0.0848449727801,TRUE,1.00106062470686,1812.00641181609,3631.41371136222
240,"mu_alpha","alpha",4.96,5.34541463330833,5.35236705,4.863418205,5.812374645,0.385414633308334,0.385414633308334,TRUE,1.00020931944054,8072.28353584231,6195.91725539256
240,"mu_beta","beta",0.645,0.664682532551667,0.663356025,0.524178523,0.8090104805,0.0196825325516666,0.0196825325516666,TRUE,1.0013199255434,5835.16062984982,7254.68541264881
240,"mu_lambda","lambda",0.103,0.119528205259667,0.11896433,0.0915631496,0.1489722115,0.0165282052596667,0.0165282052596667,TRUE,1.00051438684108,4614.26130290788,6530.02977688131
240,"mu_delta","delta",1.3,1.39865427453167,1.390747,1.175496785,1.65111574,0.0986542745316665,0.0986542745316665,TRUE,1.02537520826,161.43379011346,1282.15231199028
240,"mu_eta","eta",-0.162,-0.0842935741422892,-0.0851866105,-0.2003715195,0.03369722915,0.0777064258577108,0.0777064258577108,TRUE,1.0235932692859,280.348749645308,1981.80441413471
241,"mu_alpha","alpha",2.33,2.199654816225,2.1925713,1.947938705,2.47474007,-0.130345183775,0.130345183775,TRUE,1.00014481290502,8633.86461948898,8419.16820512908
241,"mu_beta","beta",0.914,1.01160355699917,1.0099004,0.876406277,1.15337028,0.0976035569991666,0.0976035569991666,TRUE,1.00050830458297,5822.09110444232,7544.39741125052
241,"mu_lambda","lambda",0.103,0.118116013641583,0.117817225,0.08782974015,0.14990042,0.0151160136415833,0.0151160136415833,TRUE,1.00057349792208,3946.22114964293,5827.31330045686
241,"mu_delta","delta",1.3,1.29058261141167,1.2760589,1.101018215,1.53349157,-0.0094173885883333,0.0094173885883333,TRUE,1.00092309677562,2817.14529401298,4242.84597426045
241,"mu_eta","eta",-0.162,-0.137200905110898,-0.139916585,-0.2503554925,-0.0160772372,0.0247990948891018,0.0247990948891018,TRUE,1.00039951580627,3754.17905463903,4960.47800261026
242,"mu_alpha","alpha",3.66,3.64209427884167,3.6386876,3.36929462,3.92521007,-0.0179057211583333,0.0179057211583333,TRUE,1.00104043962253,17364.487129252,9031.98439938515
242,"mu_beta","beta",0.914,0.872105825888333,0.86997023,0.7507959615,1.00036824,-0.0418941741116667,0.0418941741116667,TRUE,1.00111324793718,8311.80175817705,7845.67516261804
242,"mu_lambda","lambda",0.103,0.114523313240417,0.11420279,0.0869936207,0.1428536945,0.0115233132404167,0.0115233132404167,TRUE,1.00033713601246,5097.85741399575,6579.36901966435
242,"mu_delta","delta",1.3,1.36123827958167,1.34805895,1.10223437,1.675434635,0.0612382795816666,0.0612382795816666,TRUE,1.08827643013894,28.6884929901228,1053.46429110268
242,"mu_eta","eta",-0.162,-0.127384964328436,-0.127373455,-0.2546632985,0.00283224843999997,0.0346150356715643,0.0346150356715643,TRUE,1.06055519901053,42.1744759241155,1125.5048311293
243,"mu_alpha","alpha",4.96,5.42740258083333,5.4257664,5.022983835,5.830182915,0.467402580833333,0.467402580833333,FALSE,1.00542399048583,9426.06468921152,6241.10478403245
243,"mu_beta","beta",0.914,0.894238783003333,0.89302292,0.777832363,1.014902535,-0.0197612169966667,0.0197612169966667,TRUE,1.00215088027433,7784.14618377406,7964.09480168971
243,"mu_lambda","lambda",0.103,0.106960881563583,0.105522825,0.0737280467,0.1450725635,0.00396088156358333,0.00396088156358333,TRUE,1.00206494848974,2907.40707485475,4623.63343194913
243,"mu_delta","delta",1.3,1.258663312795,1.2527107,0.951496312,1.57936344,-0.0413366872050001,0.0413366872050001,TRUE,1.03297695827852,122.681239875447,4466.93553134517
243,"mu_eta","eta",-0.162,-0.0774253884255029,-0.0771420195,-0.2140392675,0.0593571068499999,0.0845746115744972,0.0845746115744972,TRUE,1.03319168021229,107.453139244738,846.145562436138
