participant_index,ParticipantPrivateID,TrialNumber,Vb_pre,Vb_post,BeliefStrength,delta,eta,feedback,TruePrior,InstructedPrior,FinalBelief,V_true,V_instructed
1,15938034,1,0.5,0.6666666666666666,0,1.0332432127927482,-0.9126606619025001,1,1,2,1,0.5,0.5
1,15938034,2,0.6666666666666666,0.752060575759931,0.33333333333333326,1.0332432127927482,-0.9126606619025001,1,1,2,1,0.6666666666666666,0.33333333333333337
1,15938034,3,0.752060575759931,0.6079073135692883,0.504121151519862,1.0332432127927482,-0.9126606619025001,0,1,2,1,0.752060575759931,0.24793942424006898
1,15938034,4,0.6079073135692883,0.6722645725110775,0.21581462713857658,1.0332432127927482,-0.9126606619025001,1,1,2,1,0.6079073135692883,0.3920926864307117
1,15938034,5,0.6722645725110775,0.7184524824650592,0.34452914502215504,1.0332432127927482,-0.9126606619025001,1,1,2,1,0.6722645725110775,0.3277354274889225
1,15938034,6,0.7184524824650592,0.6358444734739616,0.43690496493011843,1.0332432127927482,-0.9126606619025001,0,1,2,1,0.7184524824650592,0.2815475175349408
1,15938034,7,0.6358444734739616,0.6741668785309288,0.2716889469479231,1.0332432127927482,-0.9126606619025001,1,1,2,1,0.6358444734739616,0.36415552652603844
1,15938034,8,0.6741668785309288,0.6139061403183179,0.34833375706185765,1.0332432127927482,-0.9126606619025001,0,1,2,1,0.6741668785309288,0.3258331214690712
1,15938034,9,0.6139061403183179,0.5645882113706482,0.22781228063663583,1.0332432127927482,-0.9126606619025001,0,1,2,1,0.6139061403183179,0.3860938596816821
1,15938034,10,0.5645882113706482,0.5235006664952823,0.12917642274129637,1.0332432127927482,-0.9126606619025001,0,1,2,1,0.5645882113706482,0.4354117886293518
1,15938034,11,0.5235006664952823,0.5553217559009375,0.047001332990564526,1.0332432127927482,-0.9126606619025001,1,1,2,1,0.5235006664952823,0.47649933350471774
1,15938034,12,0.5553217559009375,0.5825669175543384,0.11064351180187493,1.0332432127927482,-0.9126606619025001,1,1,2,1,0.5553217559009375,0.44467824409906254
1,15938034,13,0.5825669175543384,0.6061452190548388,0.16513383510867685,1.0332432127927482,-0.9126606619025001,1,1,2,1,0.5825669175543384,0.4174330824456616
1,15938034,14,0.6061452190548388,0.6267399372254736,0.21229043810967752,1.0332432127927482,-0.9126606619025001,1,1,2,1,0.6061452190548388,0.39385478094516124
1,15938034,15,0.6267399372254736,0.644874564015237,0.2534798744509472,1.0332432127927482,-0.9126606619025001,1,1,2,1,0.6267399372254736,0.3732600627745264
1,15938034,16,0.644874564015237,0.6609569365788074,0.28974912803047403,1.0332432127927482,-0.9126606619025001,1,1,2,1,0.644874564015237,0.355125435984763
1,15938034,17,0.6609569365788074,0.6753095072558805,0.32191387315761477,1.0332432127927482,-0.9126606619025001,1,1,2,1,0.6609569365788074,0.3390430634211926
1,15938034,18,0.6753095072558805,0.6881905794382861,0.3506190145117609,1.0332432127927482,-0.9126606619025001,1,1,2,1,0.6753095072558805,0.32469049274411954
1,15938034,19,0.6881905794382861,0.6639841750624282,0.3763811588765722,1.0332432127927482,-0.9126606619025001,0,1,2,1,0.6881905794382861,0.3118094205617139
1,15938034,20,0.6639841750624282,0.6420500304640107,0.3279683501248565,1.0332432127927482,-0.9126606619025001,0,1,2,1,0.6639841750624282,0.33601582493757176
1,15938034,21,0.6420500304640107,0.6220927371995716,0.2841000609280213,1.0332432127927482,-0.9126606619025001,0,1,2,1,0.6420500304640107,0.35794996953598934
1,15938034,22,0.6220927371995716,0.6335525030853268,0.24418547439914318,1.0332432127927482,-0.9126606619025001,1,1,2,1,0.6220927371995716,0.3779072628004284
1,15938034,23,0.6335525030853268,0.6160735282448669,0.2671050061706537,1.0332432127927482,-0.9126606619025001,0,1,2,1,0.6335525030853268,0.36644749691467315
1,15938034,24,0.6160735282448669,0.6000050048590051,0.23214705648973388,1.0332432127927482,-0.9126606619025001,0,1,2,1,0.6160735282448669,0.38392647175513306
1,15938034,25,0.6000050048590051,0.6101578483147058,0.2000100097180102,1.0332432127927482,-0.9126606619025001,1,1,2,1,0.6000050048590051,0.3999949951409949
1,15938034,26,0.6101578483147058,0.6195433020577944,0.22031569662941153,1.0332432127927482,-0.9126606619025001,1,1,2,1,0.6101578483147058,0.38984215168529424
1,15938034,27,0.6195433020577944,0.6282407192559325,0.2390866041155888,1.0332432127927482,-0.9126606619025001,1,1,2,1,0.6195433020577944,0.3804566979422056
1,15938034,28,0.6282407192559325,0.6150764656973569,0.256481438511865,1.0332432127927482,-0.9126606619025001,0,1,2,1,0.6282407192559325,0.3717592807440675
1,15938034,29,0.6150764656973569,0.622995425717275,0.2301529313947137,1.0332432127927482,-0.9126606619025001,1,1,2,1,0.6150764656973569,0.38492353430264314
1,15938034,30,0.622995425717275,0.6303806866286982,0.2459908514345499,1.0332432127927482,-0.9126606619025001,1,1,2,1,0.622995425717275,0.37700457428272505
1,15938034,31,0.6303806866286982,0.6190403026519766,0.26076137325739634,1.0332432127927482,-0.9126606619025001,0,1,2,1,0.6303806866286982,0.3696193133713018
1,15938034,32,0.6190403026519766,0.6257940719779463,0.23808060530395325,1.0332432127927482,-0.9126606619025001,1,1,2,1,0.6190403026519766,0.3809596973480234
1,15938034,33,0.6257940719779463,0.6321252301317306,0.2515881439558927,1.0332432127927482,-0.9126606619025001,1,1,2,1,0.6257940719779463,0.37420592802205366
1,15938034,34,0.6321252301317306,0.6380691582438907,0.2642504602634612,1.0332432127927482,-0.9126606619025001,1,1,2,1,0.6321252301317306,0.3678747698682694
1,15938034,35,0.6380691582438907,0.6436574283082515,0.2761383164877813,1.0332432127927482,-0.9126606619025001,1,1,2,1,0.6380691582438907,0.36193084175610934
1,15938034,36,0.6436574283082515,0.6489183028520086,0.2873148566165029,1.0332432127927482,-0.9126606619025001,1,1,2,1,0.6436574283082515,0.35634257169174854
1,15938034,37,0.6489183028520086,0.6401400605738858,0.29783660570401715,1.0332432127927482,-0.9126606619025001,0,1,2,1,0.6489183028520086,0.3510816971479914
1,15938034,38,0.6401400605738858,0.6449881489994659,0.2802801211477717,1.0332432127927482,-0.9126606619025001,1,1,2,1,0.6401400605738858,0.35985993942611416
1,15938034,39,0.6449881489994659,0.6495683931775716,0.28997629799893176,1.0332432127927482,-0.9126606619025001,1,1,2,1,0.6449881489994659,0.3550118510005341
1,15938034,40,0.6495683931775716,0.6418800623063782,0.2991367863551433,1.0332432127927482,-0.9126606619025001,0,1,2,1,0.6495683931775716,0.35043160682242835
1,15938034,41,0.6418800623063782,0.6461099975519742,0.28376012461275635,1.0332432127927482,-0.9126606619025001,1,1,2,1,0.6418800623063782,0.3581199376936218
1,15938034,42,0.6461099975519742,0.6390947005107744,0.29221999510394836,1.0332432127927482,-0.9126606619025001,0,1,2,1,0.6461099975519742,0.3538900024480258
1,15938034,43,0.6390947005107744,0.6430048544557809,0.2781894010215489,1.0332432127927482,-0.9126606619025001,1,1,2,1,0.6390947005107744,0.36090529948922556
1,15938034,44,0.6430048544557809,0.6467164623564656,0.28600970891156186,1.0332432127927482,-0.9126606619025001,1,1,2,1,0.6430048544557809,0.3569951455442191
1,15938034,45,0.6467164623564656,0.6405300366727059,0.29343292471293125,1.0332432127927482,-0.9126606619025001,0,1,2,1,0.6467164623564656,0.3532835376435344
1,15938034,46,0.6405300366727059,0.6439666932471183,0.28106007334541183,1.0332432127927482,-0.9126606619025001,1,1,2,1,0.6405300366727059,0.3594699633272941
1,15938034,47,0.6439666932471183,0.6472363214735932,0.2879333864942366,1.0332432127927482,-0.9126606619025001,1,1,2,1,0.6439666932471183,0.3560333067528817
1,15938034,48,0.6472363214735932,0.6503491841314452,0.29447264294718645,1.0332432127927482,-0.9126606619025001,1,1,2,1,0.6472363214735932,0.3527636785264068
1,15938034,49,0.6503491841314452,0.6533147429016852,0.3006983682628903,1.0332432127927482,-0.9126606619025001,1,1,2,1,0.6503491841314452,0.34965081586855484
1,15938034,50,0.6533147429016852,0.6561417351009969,0.30662948580337046,1.0332432127927482,-0.9126606619025001,1,1,2,1,0.6533147429016852,0.34668525709831477
1,15938034,51,0.6561417351009969,0.6512261428500387,0.3122834702019939,1.0332432127927482,-0.9126606619025001,0,1,2,1,0.6561417351009969,0.34385826489900306
1,15938034,52,0.6512261428500387,0.6538516428313995,0.3024522857000773,1.0332432127927482,-0.9126606619025001,1,1,2,1,0.6512261428500387,0.34877385714996134
1,15938034,53,0.6538516428313995,0.649323788080028,0.30770328566279903,1.0332432127927482,-0.9126606619025001,0,1,2,1,0.6538516428313995,0.3461483571686005
1,15938034,54,0.649323788080028,0.6449978848631118,0.298647576160056,1.0332432127927482,-0.9126606619025001,0,1,2,1,0.649323788080028,0.350676211919972
1,15938034,55,0.6449978848631118,0.6408628798170677,0.28999576972622365,1.0332432127927482,-0.9126606619025001,0,1,2,1,0.6449978848631118,0.3550021151368882
1,15938034,56,0.6408628798170677,0.6369084785651439,0.2817257596341354,1.0332432127927482,-0.9126606619025001,0,1,2,1,0.6408628798170677,0.3591371201829323
1,15938034,57,0.6369084785651439,0.6391514613755586,0.27381695713028775,1.0332432127927482,-0.9126606619025001,1,1,2,1,0.6369084785651439,0.3630915214348561
1,15938034,58,0.6391514613755586,0.6412983775099337,0.2783029227511171,1.0332432127927482,-0.9126606619025001,1,1,2,1,0.6391514613755586,0.36084853862444144
1,15938034,59,0.6412983775099337,0.6433541930021035,0.28259675501986736,1.0332432127927482,-0.9126606619025001,1,1,2,1,0.6412983775099337,0.3587016224900663
1,15938034,60,0.6433541930021035,0.6453235546372715,0.286708386004207,1.0332432127927482,-0.9126606619025001,1,1,2,1,0.6433541930021035,0.3566458069978965
1,15938034,61,0.6453235546372715,0.6472108151341301,0.29064710927454307,1.0332432127927482,-0.9126606619025001,1,1,2,1,0.6453235546372715,0.35467644536272847
1,15938034,62,0.6472108151341301,0.6440301026492385,0.2944216302682603,1.0332432127927482,-0.9126606619025001,0,1,2,1,0.6472108151341301,0.35278918486586985
1,15938034,63,0.6440301026492385,0.6457875501241397,0.2880602052984771,1.0332432127927482,-0.9126606619025001,1,1,2,1,0.6440301026492385,0.35596989735076146
1,15938034,64,0.6457875501241397,0.6428405699288119,0.2915751002482794,1.0332432127927482,-0.9126606619025001,0,1,2,1,0.6457875501241397,0.3542124498758603
1,15938034,65,0.6428405699288119,0.6444777562603077,0.2856811398576238,1.0332432127927482,-0.9126606619025001,1,1,2,1,0.6428405699288119,0.3571594300711881
1,15938034,66,0.6444777562603077,0.6460493235810092,0.28895551252061535,1.0332432127927482,-0.9126606619025001,1,1,2,1,0.6444777562603077,0.3555222437396923
1,15938034,67,0.6460493235810092,0.6475583482961511,0.2920986471620184,1.0332432127927482,-0.9126606619025001,1,1,2,1,0.6460493235810092,0.3539506764189908
1,15938034,68,0.6475583482961511,0.6450066996368012,0.2951166965923022,1.0332432127927482,-0.9126606619025001,0,1,2,1,0.6475583482961511,0.3524416517038489
1,15938034,69,0.6450066996368012,0.6464135885692089,0.2900133992736025,1.0332432127927482,-0.9126606619025001,1,1,2,1,0.6450066996368012,0.35499330036319876
1,15938034,70,0.6464135885692089,0.6440443486516462,0.2928271771384179,1.0332432127927482,-0.9126606619025001,0,1,2,1,0.6464135885692089,0.35358641143079106
1,15938034,71,0.6440443486516462,0.6453564107666002,0.28808869730329234,1.0332432127927482,-0.9126606619025001,1,1,2,1,0.6440443486516462,0.35595565134835383
1,15938034,72,0.6453564107666002,0.6466179129882894,0.29071282153320044,1.0332432127927482,-0.9126606619025001,1,1,2,1,0.6453564107666002,0.3546435892333998
1,15938034,73,0.6466179129882894,0.647831086022792,0.2932358259765788,1.0332432127927482,-0.9126606619025001,1,1,2,1,0.6466179129882894,0.3533820870117106
1,15938034,74,0.647831086022792,0.6489980426330407,0.2956621720455841,1.0332432127927482,-0.9126606619025001,1,1,2,1,0.647831086022792,0.35216891397720795
1,15938034,75,0.6489980426330407,0.6470099047828545,0.29799608526608146,1.0332432127927482,-0.9126606619025001,0,1,2,1,0.6489980426330407,0.35100195736695927
1,15938034,76,0.6470099047828545,0.6480990513497358,0.29401980956570894,1.0332432127927482,-0.9126606619025001,1,1,2,1,0.6470099047828545,0.3529900952171455
1,15938034,77,0.6480990513497358,0.6491473581106232,0.29619810269947155,1.0332432127927482,-0.9126606619025001,1,1,2,1,0.6480990513497358,0.3519009486502642
1,15938034,78,0.6491473581106232,0.6501565500899528,0.29829471622124637,1.0332432127927482,-0.9126606619025001,1,1,2,1,0.6491473581106232,0.3508526418893768
1,15938034,79,0.6501565500899528,0.648427755606654,0.30031310017990553,1.0332432127927482,-0.9126606619025001,0,1,2,1,0.6501565500899528,0.34984344991004723
1,15938034,80,0.648427755606654,0.6467628628680425,0.296855511213308,1.0332432127927482,-0.9126606619025001,0,1,2,1,0.648427755606654,0.351572244393346
1,15938034,81,0.6467628628680425,0.6476766838298462,0.29352572573608504,1.0332432127927482,-0.9126606619025001,1,1,2,1,0.6467628628680425,0.3532371371319575
1,15938034,82,0.6476766838298462,0.6485570230800587,0.29535336765969245,1.0332432127927482,-0.9126606619025001,1,1,2,1,0.6476766838298462,0.3523233161701538
1,15938034,83,0.6485570230800587,0.6494052421835564,0.2971140461601174,1.0332432127927482,-0.9126606619025001,1,1,2,1,0.6485570230800587,0.3514429769199413
1,15938034,84,0.6494052421835564,0.6479554199798643,0.2988104843671129,1.0332432127927482,-0.9126606619025001,0,1,2,1,0.6494052421835564,0.35059475781644356
1,15938034,85,0.6479554199798643,0.6487478639982918,0.29591083995972856,1.0332432127927482,-0.9126606619025001,1,1,2,1,0.6479554199798643,0.3520445800201357
1,15938034,86,0.6487478639982918,0.6495117331417445,0.2974957279965835,1.0332432127927482,-0.9126606619025001,1,1,2,1,0.6487478639982918,0.35125213600170824
1,15938034,87,0.6495117331417445,0.65024815876768,0.29902346628348897,1.0332432127927482,-0.9126606619025001,1,1,2,1,0.6495117331417445,0.3504882668582555
1,15938034,88,0.65024815876768,0.650958220697712,0.3004963175353601,1.0332432127927482,-0.9126606619025001,1,1,2,1,0.65024815876768,0.34975184123231995
1,15938034,89,0.650958220697712,0.6497360427346323,0.30191644139542406,1.0332432127927482,-0.9126606619025001,0,1,2,1,0.650958220697712,0.34904177930228797
1,15938034,90,0.6497360427346323,0.6485573230944043,0.2994720854692645,1.0332432127927482,-0.9126606619025001,0,1,2,1,0.6497360427346323,0.35026395726536774
1,15938034,91,0.6485573230944043,0.6474203817151086,0.29711464618880856,1.0332432127927482,-0.9126606619025001,0,1,2,1,0.6485573230944043,0.3514426769055957
1,15938034,92,0.6474203817151086,0.6480437139532496,0.29484076343021726,1.0332432127927482,-0.9126606619025001,1,1,2,1,0.6474203817151086,0.35257961828489137
1,15938034,93,0.6480437139532496,0.6486450880274504,0.2960874279064991,1.0332432127927482,-0.9126606619025001,1,1,2,1,0.6480437139532496,0.35195628604675044
1,15938034,94,0.6486450880274504,0.6476190532957381,0.2972901760549007,1.0332432127927482,-0.9126606619025001,0,1,2,1,0.6486450880274504,0.35135491197254964
1,15938034,95,0.6476190532957381,0.6481813087263418,0.2952381065914762,1.0332432127927482,-0.9126606619025001,1,1,2,1,0.6476190532957381,0.3523809467042619
1,15938034,96,0.6481813087263418,0.6472236208473197,0.29636261745268366,1.0332432127927482,-0.9126606619025001,0,1,2,1,0.6481813087263418,0.35181869127365817
1,15938034,97,0.6472236208473197,0.6477493644179926,0.2944472416946393,1.0332432127927482,-0.9126606619025001,1,1,2,1,0.6472236208473197,0.35277637915268034
1,15938034,98,0.6477493644179926,0.6482568392695667,0.29549872883598516,1.0332432127927482,-0.9126606619025001,1,1,2,1,0.6477493644179926,0.3522506355820074
1,15938034,99,0.6482568392695667,0.6473919554056743,0.29651367853913335,1.0332432127927482,-0.9126606619025001,0,1,2,1,0.6482568392695667,0.3517431607304333
1,15938034,100,0.6473919554056743,0.6478665563127936,0.2947839108113486,1.0332432127927482,-0.9126606619025001,1,1,2,1,0.6473919554056743,0.3526080445943257
1,15938034,101,0.6478665563127936,0.6483247838728775,0.2957331126255871,1.0332432127927482,-0.9126606619025001,1,1,2,1,0.6478665563127936,0.35213344368720645
1,15938034,102,0.6483247838728775,0.6475434223553475,0.296649567745755,1.0332432127927482,-0.9126606619025001,0,1,2,1,0.6483247838728775,0.3516752161271225
1,15938034,103,0.6475434223553475,0.647972031553586,0.2950868447106949,1.0332432127927482,-0.9126606619025001,1,1,2,1,0.6475434223553475,0.35245657764465255
1,15938034,104,0.647972031553586,0.6472421053965531,0.2959440631071719,1.0332432127927482,-0.9126606619025001,0,1,2,1,0.647972031553586,0.35202796844641404
1,15938034,105,0.6472421053965531,0.6476430467698175,0.29448421079310627,1.0332432127927482,-0.9126606619025001,1,1,2,1,0.6472421053965531,0.35275789460344686
1,15938034,106,0.6476430467698175,0.6469610497986023,0.2952860935396351,1.0332432127927482,-0.9126606619025001,0,1,2,1,0.6476430467698175,0.35235695323018246
1,15938034,107,0.6469610497986023,0.6463022903962711,0.2939220995972045,1.0332432127927482,-0.9126606619025001,0,1,2,1,0.6469610497986023,0.35303895020139775
1,15938034,108,0.6463022903962711,0.6466655895152627,0.29260458079254215,1.0332432127927482,-0.9126606619025001,1,1,2,1,0.6463022903962711,0.3536977096037289
1,15938034,109,0.6466655895152627,0.6470165548732263,0.2933311790305253,1.0332432127927482,-0.9126606619025001,1,1,2,1,0.6466655895152627,0.35333441048473735
1,15938034,110,0.6470165548732263,0.6473556257699377,0.2940331097464526,1.0332432127927482,-0.9126606619025001,1,1,2,1,0.6470165548732263,0.3529834451267737
1,15938034,111,0.6473556257699377,0.6476832245239063,0.2947112515398753,1.0332432127927482,-0.9126606619025001,1,1,2,1,0.6473556257699377,0.35264437423006234
1,15938034,112,0.6476832245239063,0.6479997572144329,0.2953664490478125,1.0332432127927482,-0.9126606619025001,1,1,2,1,0.6476832245239063,0.35231677547609375
1,15938034,113,0.6479997572144329,0.6474603319751905,0.29599951442886585,1.0332432127927482,-0.9126606619025001,0,1,2,1,0.6479997572144329,0.3520002427855671
1,15938034,114,0.6474603319751905,0.6477565343509545,0.29492066395038097,1.0332432127927482,-0.9126606619025001,1,1,2,1,0.6474603319751905,0.3525396680248095
1,15938034,115,0.6477565343509545,0.6472521989907554,0.29551306870190897,1.0332432127927482,-0.9126606619025001,0,1,2,1,0.6477565343509545,0.3522434656490455
1,15938034,116,0.6472521989907554,0.6475293940607417,0.29450439798151073,1.0332432127927482,-0.9126606619025001,1,1,2,1,0.6472521989907554,0.35274780100924463
1,15938034,117,0.6475293940607417,0.647797294201892,0.29505878812148345,1.0332432127927482,-0.9126606619025001,1,1,2,1,0.6475293940607417,0.3524706059392583
1,15938034,118,0.647797294201892,0.6473410077429207,0.29559458840378405,1.0332432127927482,-0.9126606619025001,0,1,2,1,0.647797294201892,0.352202705798108
1,15938034,119,0.6473410077429207,0.6475917387162178,0.2946820154858414,1.0332432127927482,-0.9126606619025001,1,1,2,1,0.6473410077429207,0.3526589922570793
1,15938034,120,0.6475917387162178,0.6478340945837449,0.29518347743243556,1.0332432127927482,-0.9126606619025001,1,1,2,1,0.6475917387162178,0.3524082612837822
1,15938034,121,0.6478340945837449,0.6474212002308491,0.2956681891674897,1.0332432127927482,-0.9126606619025001,0,1,2,1,0.6478340945837449,0.35216590541625514
1,15938034,122,0.6474212002308491,0.6476480419558106,0.2948424004616983,1.0332432127927482,-0.9126606619025001,1,1,2,1,0.6474212002308491,0.35257879976915085
1,15938034,123,0.6476480419558106,0.6478673330393463,0.2952960839116212,1.0332432127927482,-0.9126606619025001,1,1,2,1,0.6476480419558106,0.3523519580441894
1,15938034,124,0.6478673330393463,0.6480793327884096,0.2957346660786926,1.0332432127927482,-0.9126606619025001,1,1,2,1,0.6478673330393463,0.3521326669606537
1,15938034,125,0.6480793327884096,0.6477177416048907,0.29615866557681914,1.0332432127927482,-0.9126606619025001,0,1,2,1,0.6480793327884096,0.35192066721159043
1,15938034,126,0.6477177416048907,0.6473681481630391,0.2954354832097814,1.0332432127927482,-0.9126606619025001,0,1,2,1,0.6477177416048907,0.3522822583951093
1,15938034,127,0.6473681481630391,0.6475602888943368,0.29473629632607823,1.0332432127927482,-0.9126606619025001,1,1,2,1,0.6473681481630391,0.3526318518369609
1,15938034,128,0.6475602888943368,0.647746066741782,0.2951205777886736,1.0332432127927482,-0.9126606619025001,1,1,2,1,0.6475602888943368,0.3524397111056632
1,15938034,129,0.647746066741782,0.6479256981264909,0.29549213348356407,1.0332432127927482,-0.9126606619025001,1,1,2,1,0.647746066741782,0.35225393325821797
1,15938034,130,0.6479256981264909,0.6476194549445843,0.29585139625298185,1.0332432127927482,-0.9126606619025001,0,1,2,1,0.6479256981264909,0.3520743018735091
1,15938034,131,0.6476194549445843,0.6477876200740315,0.29523890988916857,1.0332432127927482,-0.9126606619025001,1,1,2,1,0.6476194549445843,0.3523805450554157
1,15938034,132,0.6477876200740315,0.6479502359602433,0.2955752401480629,1.0332432127927482,-0.9126606619025001,1,1,2,1,0.6477876200740315,0.35221237992596854
1,15938034,133,0.6479502359602433,0.6481074900910982,0.2959004719204865,1.0332432127927482,-0.9126606619025001,1,1,2,1,0.6479502359602433,0.35204976403975674
1,15938034,134,0.6481074900910982,0.6478391691418721,0.2962149801821965,1.0332432127927482,-0.9126606619025001,0,1,2,1,0.6481074900910982,0.35189250990890175
1,15938034,135,0.6478391691418721,0.6479863956322204,0.29567833828374424,1.0332432127927482,-0.9126606619025001,1,1,2,1,0.6478391691418721,0.3521608308581279
1,15938034,136,0.6479863956322204,0.6481287788886371,0.29597279126444076,1.0332432127927482,-0.9126606619025001,1,1,2,1,0.6479863956322204,0.3520136043677796
1,15938034,137,0.6481287788886371,0.6478857927064073,0.29625755777727414,1.0332432127927482,-0.9126606619025001,0,1,2,1,0.6481287788886371,0.35187122111136293
1,15938034,138,0.6478857927064073,0.6480191027241581,0.2957715854128147,1.0332432127927482,-0.9126606619025001,1,1,2,1,0.6478857927064073,0.35211420729359266
1,15938034,139,0.6480191027241581,0.6477916909507118,0.29603820544831616,1.0332432127927482,-0.9126606619025001,0,1,2,1,0.6480191027241581,0.3519808972758419
1,15938034,140,0.6477916909507118,0.6479165093943319,0.2955833819014235,1.0332432127927482,-0.9126606619025001,1,1,2,1,0.6477916909507118,0.35220830904928824
1,15938034,141,0.6479165093943319,0.6480372354869853,0.29583301878866375,1.0332432127927482,-0.9126606619025001,1,1,2,1,0.6479165093943319,0.3520834906056681
1,15938034,142,0.6480372354869853,0.6481540058039417,0.29607447097397066,1.0332432127927482,-0.9126606619025001,1,1,2,1,0.6480372354869853,0.35196276451301467
1,15938034,143,0.6481540058039417,0.6482669522091928,0.29630801160788334,1.0332432127927482,-0.9126606619025001,1,1,2,1,0.6481540058039417,0.35184599419605833
1,15938034,144,0.6482669522091928,0.6483762020277117,0.2965339044183857,1.0332432127927482,-0.9126606619025001,1,1,2,1,0.6482669522091928,0.35173304779080716
1,15938034,145,0.6483762020277117,0.6481895422305037,0.29675240405542347,1.0332432127927482,-0.9126606619025001,0,1,2,1,0.6483762020277117,0.35162379797228827
1,15938034,146,0.6481895422305037,0.6482918407057847,0.29637908446100747,1.0332432127927482,-0.9126606619025001,1,1,2,1,0.6481895422305037,0.35181045776949627
1,15938034,147,0.6482918407057847,0.6483907964336383,0.29658368141156943,1.0332432127927482,-0.9126606619025001,1,1,2,1,0.6482918407057847,0.3517081592942153
1,15938034,148,0.6483907964336383,0.6484865202556338,0.29678159286727657,1.0332432127927482,-0.9126606619025001,1,1,2,1,0.6483907964336383,0.3516092035663617
1,15938034,149,0.6484865202556338,0.6485791192351803,0.2969730405112676,1.0332432127927482,-0.9126606619025001,1,1,2,1,0.6484865202556338,0.3515134797443662
1,15938034,150,0.6485791192351803,0.6484207651223879,0.2971582384703606,1.0332432127927482,-0.9126606619025001,0,1,2,1,0.6485791192351803,0.3514208807648197
1,15938034,151,0.6484207651223879,0.6485074766904279,0.2968415302447758,1.0332432127927482,-0.9126606619025001,1,1,2,1,0.6484207651223879,0.3515792348776121
1,15938034,152,0.6485074766904279,0.6485913614542133,0.2970149533808557,1.0332432127927482,-0.9126606619025001,1,1,2,1,0.6485074766904279,0.35149252330957215
1,15938034,153,0.6485913614542133,0.6484478961219773,0.2971827229084265,1.0332432127927482,-0.9126606619025001,0,1,2,1,0.6485913614542133,0.35140863854578674
1,15938034,154,0.6484478961219773,0.6485264496334734,0.29689579224395457,1.0332432127927482,-0.9126606619025001,1,1,2,1,0.6484478961219773,0.3515521038780227
1,15938034,155,0.6485264496334734,0.6483921337900469,0.2970528992669468,1.0332432127927482,-0.9126606619025001,0,1,2,1,0.6485264496334734,0.3514735503665266
1,15938034,156,0.6483921337900469,0.6484656960801716,0.2967842675800938,1.0332432127927482,-0.9126606619025001,1,1,2,1,0.6483921337900469,0.3516078662099531
1,15938034,157,0.6484656960801716,0.6483399422574827,0.29693139216034314,1.0332432127927482,-0.9126606619025001,0,1,2,1,0.6484656960801716,0.35153430391982843
1,15938034,158,0.6483399422574827,0.6482182784146123,0.2966798845149654,1.0332432127927482,-0.9126606619025001,0,1,2,1,0.6483399422574827,0.3516600577425173
1,15938034,159,0.6482182784146123,0.6481005701529773,0.29643655682922465,1.0332432127927482,-0.9126606619025001,0,1,2,1,0.6482182784146123,0.3517817215853877
1,15938034,160,0.6481005701529773,0.6481651159061217,0.29620114030595457,1.0332432127927482,-0.9126606619025001,1,1,2,1,0.6481005701529773,0.3518994298470227
1,15938034,161,0.6481651159061217,0.6482275645140545,0.2963302318122434,1.0332432127927482,-0.9126606619025001,1,1,2,1,0.6481651159061217,0.3518348840938783
1,15938034,162,0.6482275645140545,0.6481209061132082,0.296455129028109,1.0332432127927482,-0.9126606619025001,0,1,2,1,0.6482275645140545,0.3517724354859455
1,15938034,163,0.6481209061132082,0.6480177109809946,0.2962418122264163,1.0332432127927482,-0.9126606619025001,0,1,2,1,0.6481209061132082,0.35187909388679184
1,15938034,164,0.6480177109809946,0.6480743197285497,0.2960354219619892,1.0332432127927482,-0.9126606619025001,1,1,2,1,0.6480177109809946,0.3519822890190054
1,15938034,165,0.6480743197285497,0.6481290914217194,0.29614863945709935,1.0332432127927482,-0.9126606619025001,1,1,2,1,0.6480743197285497,0.3519256802714503
1,15938034,166,0.6481290914217194,0.6480355783102499,0.29625818284343874,1.0332432127927482,-0.9126606619025001,0,1,2,1,0.6481290914217194,0.35187090857828063
1,15938034,167,0.6480355783102499,0.6479450982121482,0.2960711566204999,1.0332432127927482,-0.9126606619025001,0,1,2,1,0.6480355783102499,0.35196442168975006
1,15938034,168,0.6479450982121482,0.6479947483847196,0.29589019642429637,1.0332432127927482,-0.9126606619025001,1,1,2,1,0.6479450982121482,0.3520549017878518
1,15938034,169,0.6479947483847196,0.6479100231955659,0.2959894967694392,1.0332432127927482,-0.9126606619025001,0,1,2,1,0.6479947483847196,0.3520052516152804
1,15938034,170,0.6479100231955659,0.6478280439219828,0.2958200463911318,1.0332432127927482,-0.9126606619025001,0,1,2,1,0.6479100231955659,0.3520899768044341
1,15938034,171,0.6478280439219828,0.6478730517301156,0.2956560878439656,1.0332432127927482,-0.9126606619025001,1,1,2,1,0.6478280439219828,0.3521719560780172
1,15938034,172,0.6478730517301156,0.6479166015247659,0.2957461034602311,1.0332432127927482,-0.9126606619025001,1,1,2,1,0.6478730517301156,0.35212694826988444
1,15938034,173,0.6479166015247659,0.6479587408485105,0.29583320304953187,1.0332432127927482,-0.9126606619025001,1,1,2,1,0.6479166015247659,0.35208339847523407
1,15938034,174,0.6479587408485105,0.6479995156739392,0.2959174816970209,1.0332432127927482,-0.9126606619025001,1,1,2,1,0.6479587408485105,0.35204125915148954
1,15938034,175,0.6479995156739392,0.6480389704567506,0.2959990313478784,1.0332432127927482,-0.9126606619025001,1,1,2,1,0.6479995156739392,0.3520004843260608
1,15938034,176,0.6480389704567506,0.6480771481869739,0.29607794091350126,1.0332432127927482,-0.9126606619025001,1,1,2,1,0.6480389704567506,0.35196102954324937
1,15938034,177,0.6480771481869739,0.6480119745678269,0.29615429637394786,1.0332432127927482,-0.9126606619025001,0,1,2,1,0.6480771481869739,0.35192285181302607
1,15938034,178,0.6480119745678269,0.6480477309659304,0.2960239491356538,1.0332432127927482,-0.9126606619025001,1,1,2,1,0.6480119745678269,0.3519880254321731
1,15938034,179,0.6480477309659304,0.6480823306683409,0.29609546193186076,1.0332432127927482,-0.9126606619025001,1,1,2,1,0.6480477309659304,0.3519522690340696
1,15938034,180,0.6480823306683409,0.6481158112894672,0.29616466133668173,1.0332432127927482,-0.9126606619025001,1,1,2,1,0.6480823306683409,0.35191766933165913
1,15938034,181,0.6481158112894672,0.6481482092080977,0.2962316225789343,1.0332432127927482,-0.9126606619025001,1,1,2,1,0.6481158112894672,0.35188418871053284
1,15938034,182,0.6481482092080977,0.6480928848537071,0.29629641841619536,1.0332432127927482,-0.9126606619025001,0,1,2,1,0.6481482092080977,0.3518517907919023
1,15938034,183,0.6480928848537071,0.6480393490108359,0.29618576970741417,1.0332432127927482,-0.9126606619025001,0,1,2,1,0.6480928848537071,0.3519071151462929
1,15938034,184,0.6480393490108359,0.6480687182743159,0.29607869802167186,1.0332432127927482,-0.9126606619025001,1,1,2,1,0.6480393490108359,0.35196065098916407
1,15938034,185,0.6480687182743159,0.6480971383829335,0.2961374365486318,1.0332432127927482,-0.9126606619025001,1,1,2,1,0.6480687182743159,0.3519312817256841
1,15938034,186,0.6480971383829335,0.6481246401436788,0.29619427676586696,1.0332432127927482,-0.9126606619025001,1,1,2,1,0.6480971383829335,0.3519028616170665
1,15938034,187,0.6481246401436788,0.6481512533552415,0.29624928028735753,1.0332432127927482,-0.9126606619025001,1,1,2,1,0.6481246401436788,0.35187535985632123
1,15938034,188,0.6481512533552415,0.6481770068415451,0.29630250671048297,1.0332432127927482,-0.9126606619025001,1,1,2,1,0.6481512533552415,0.3518487466447585
1,15938034,189,0.6481770068415451,0.6482019284841299,0.2963540136830902,1.0332432127927482,-0.9126606619025001,1,1,2,1,0.6481770068415451,0.3518229931584549
1,15938034,190,0.6482019284841299,0.6482260452534303,0.2964038569682599,1.0332432127927482,-0.9126606619025001,1,1,2,1,0.6482019284841299,0.35179807151587006
1,15938034,191,0.6482260452534303,0.6481848475209205,0.2964520905068606,1.0332432127927482,-0.9126606619025001,0,1,2,1,0.6482260452534303,0.3517739547465697
1,15938034,192,0.6481848475209205,0.6481449799967733,0.2963696950418411,1.0332432127927482,-0.9126606619025001,0,1,2,1,0.6481848475209205,0.35181515247907946
1,15938034,193,0.6481449799967733,0.6481063995832924,0.2962899599935467,1.0332432127927482,-0.9126606619025001,0,1,2,1,0.6481449799967733,0.35185502000322666
1,15938034,194,0.6481063995832924,0.6481275596120598,0.29621279916658483,1.0332432127927482,-0.9126606619025001,1,1,2,1,0.6481063995832924,0.3518936004167076
1,15938034,195,0.6481275596120598,0.64814803664484,0.2962551192241196,1.0332432127927482,-0.9126606619025001,1,1,2,1,0.6481275596120598,0.3518724403879402
1,15938034,196,0.64814803664484,0.6481130669166347,0.29629607328968,1.0332432127927482,-0.9126606619025001,0,1,2,1,0.64814803664484,0.35185196335516
1,15938034,197,0.6481130669166347,0.6480792256984693,0.29622613383326946,1.0332432127927482,-0.9126606619025001,0,1,2,1,0.6481130669166347,0.35188693308336527
1,15938034,198,0.6480792256984693,0.6480977887341843,0.29615845139693864,1.0332432127927482,-0.9126606619025001,1,1,2,1,0.6480792256984693,0.3519207743015307
1,15938034,199,0.6480977887341843,0.6481157528357722,0.29619557746836866,1.0332432127927482,-0.9126606619025001,1,1,2,1,0.6480977887341843,0.35190221126581567
1,15938034,200,0.6481157528357722,0.6481331373805663,0.2962315056715443,1.0332432127927482,-0.9126606619025001,1,1,2,1,0.6481157528357722,0.35188424716422784
1,15938034,201,0.6481331373805663,0.6481034501822748,0.29626627476113265,1.0332432127927482,-0.9126606619025001,0,1,2,1,0.6481331373805663,0.3518668626194337
1,15938034,202,0.6481034501822748,0.6481197331995299,0.29620690036454955,1.0332432127927482,-0.9126606619025001,1,1,2,1,0.6481034501822748,0.3518965498177252
1,15938034,203,0.6481197331995299,0.6480919284065393,0.29623946639905974,1.0332432127927482,-0.9126606619025001,0,1,2,1,0.6481197331995299,0.35188026680047013
1,15938034,204,0.6480919284065393,0.6480650203488071,0.29618385681307857,1.0332432127927482,-0.9126606619025001,0,1,2,1,0.6480919284065393,0.3519080715934607
1,15938034,205,0.6480650203488071,0.6480797814572629,0.29613004069761417,1.0332432127927482,-0.9126606619025001,1,1,2,1,0.6480650203488071,0.3519349796511929
1,15938034,206,0.6480797814572629,0.6480940665761398,0.2961595629145257,1.0332432127927482,-0.9126606619025001,1,1,2,1,0.6480797814572629,0.35192021854273714
1,15938034,207,0.6480940665761398,0.6481078910876648,0.29618813315227954,1.0332432127927482,-0.9126606619025001,1,1,2,1,0.6480940665761398,0.35190593342386023
1,15938034,208,0.6481078910876648,0.6481212698748533,0.2962157821753295,1.0332432127927482,-0.9126606619025001,1,1,2,1,0.6481078910876648,0.35189210891233524
1,15938034,209,0.6481212698748533,0.6481342173378437,0.2962425397497066,1.0332432127927482,-0.9126606619025001,1,1,2,1,0.6481212698748533,0.3518787301251467
1,15938034,210,0.6481342173378437,0.6481121066501607,0.2962684346756874,1.0332432127927482,-0.9126606619025001,0,1,2,1,0.6481342173378437,0.3518657826621563
1,15938034,211,0.6481121066501607,0.6481242338962268,0.29622421330032145,1.0332432127927482,-0.9126606619025001,1,1,2,1,0.6481121066501607,0.3518878933498393
1,15938034,212,0.6481242338962268,0.6481359702416252,0.2962484677924535,1.0332432127927482,-0.9126606619025001,1,1,2,1,0.6481242338962268,0.35187576610377325
1,15938034,213,0.6481359702416252,0.6481473283088842,0.29627194048325034,1.0332432127927482,-0.9126606619025001,1,1,2,1,0.6481359702416252,0.35186402975837483
1,15938034,214,0.6481473283088842,0.6481583203115124,0.29629465661776844,1.0332432127927482,-0.9126606619025001,1,1,2,1,0.6481473283088842,0.3518526716911158
1,15938034,215,0.6481583203115124,0.6481395469937186,0.2963166406230249,1.0332432127927482,-0.9126606619025001,0,1,2,1,0.6481583203115124,0.35184167968848756
1,15938034,216,0.6481395469937186,0.6481213786638377,0.2962790939874371,1.0332432127927482,-0.9126606619025001,0,1,2,1,0.6481395469937186,0.35186045300628144
1,15938034,217,0.6481213786638377,0.6481313433492547,0.29624275732767535,1.0332432127927482,-0.9126606619025001,1,1,2,1,0.6481213786638377,0.3518786213361623
1,15938034,218,0.6481313433492547,0.648140986946277,0.2962626866985094,1.0332432127927482,-0.9126606619025001,1,1,2,1,0.6481313433492547,0.3518686566507453
1,15938034,219,0.648140986946277,0.6481503198164243,0.29628197389255395,1.0332432127927482,-0.9126606619025001,1,1,2,1,0.648140986946277,0.351859013053723
1,15938034,220,0.6481503198164243,0.6481343805238515,0.2963006396328487,1.0332432127927482,-0.9126606619025001,0,1,2,1,0.6481503198164243,0.35184968018357565
1,15938034,221,0.6481343805238515,0.6481189547642447,0.29626876104770306,1.0332432127927482,-0.9126606619025001,0,1,2,1,0.6481343805238515,0.3518656194761485
1,15938034,222,0.6481189547642447,0.6481274153967029,0.2962379095284895,1.0332432127927482,-0.9126606619025001,1,1,2,1,0.6481189547642447,0.35188104523575525
1,15938034,223,0.6481274153967029,0.648135603467856,0.29625483079340587,1.0332432127927482,-0.9126606619025001,1,1,2,1,0.6481274153967029,0.35187258460329707
1,15938034,224,0.648135603467856,0.648143527769293,0.2962712069357121,1.0332432127927482,-0.9126606619025001,1,1,2,1,0.648135603467856,0.35186439653214396
1,15938034,225,0.648143527769293,0.6481511968083321,0.2962870555385859,1.0332432127927482,-0.9126606619025001,1,1,2,1,0.648143527769293,0.35185647223070704
1,15938034,226,0.6481511968083321,0.6481586188172559,0.2963023936166642,1.0332432127927482,-0.9126606619025001,1,1,2,1,0.6481511968083321,0.3518488031916679
1,15938034,227,0.6481586188172559,0.6481658017622449,0.2963172376345118,1.0332432127927482,-0.9126606619025001,1,1,2,1,0.6481586188172559,0.3518413811827441
1,15938034,228,0.6481658017622449,0.6481727533520169,0.29633160352448984,1.0332432127927482,-0.9126606619025001,1,1,2,1,0.6481658017622449,0.3518341982377551
1,15938034,229,0.6481727533520169,0.6481794810461845,0.2963455067040337,1.0332432127927482,-0.9126606619025001,1,1,2,1,0.6481727533520169,0.35182724664798315
1,15938034,230,0.6481794810461845,0.6481679895384561,0.296358962092369,1.0332432127927482,-0.9126606619025001,0,1,2,1,0.6481794810461845,0.3518205189538155
1,15938034,231,0.6481679895384561,0.6481742911567905,0.2963359790769122,1.0332432127927482,-0.9126606619025001,1,1,2,1,0.6481679895384561,0.3518320104615439
1,15938034,232,0.6481742911567905,0.6481803898338203,0.29634858231358097,1.0332432127927482,-0.9126606619025001,1,1,2,1,0.6481742911567905,0.3518257088432095
1,15938034,233,0.6481803898338203,0.6481862921112764,0.29636077966764063,1.0332432127927482,-0.9126606619025001,1,1,2,1,0.6481803898338203,0.3518196101661797
1,15938034,234,0.6481862921112764,0.6481920043196348,0.29637258422255286,1.0332432127927482,-0.9126606619025001,1,1,2,1,0.6481862921112764,0.35181370788872357
1,15938034,235,0.6481920043196348,0.6481822468087435,0.2963840086392695,1.0332432127927482,-0.9126606619025001,0,1,2,1,0.6481920043196348,0.35180799568036525
1,15938034,236,0.6481822468087435,0.6481728034978321,0.29636449361748696,1.0332432127927482,-0.9126606619025001,0,1,2,1,0.6481822468087435,0.3518177531912565
1,15938034,237,0.6481728034978321,0.6481636642611394,0.29634560699566426,1.0332432127927482,-0.9126606619025001,0,1,2,1,0.6481728034978321,0.35182719650216787
1,15938034,238,0.6481636642611394,0.6481548192997513,0.2963273285222787,1.0332432127927482,-0.9126606619025001,0,1,2,1,0.6481636642611394,0.35183633573886064
1,15938034,239,0.6481548192997513,0.648146259131018,0.29630963859950255,1.0332432127927482,-0.9126606619025001,0,1,2,1,0.6481548192997513,0.3518451807002487
1,15938034,240,0.648146259131018,0.6481509537378957,0.29629251826203595,1.0332432127927482,-0.9126606619025001,1,1,2,1,0.648146259131018,0.351853740868982
2,15938038,1,0.5,0.6666666666666666,0,1.16399127438,-0.38047812439324247,1,2,1,2,0.5,0.5
2,15938038,2,0.6666666666666666,0.5196915967846759,0.33333333333333326,1.16399127438,-0.38047812439324247,0,2,1,2,0.33333333333333337,0.6666666666666666
2,15938038,3,0.5196915967846759,0.4266954980765273,0.039383193569351826,1.16399127438,-0.38047812439324247,0,2,1,2,0.4803084032153241,0.5196915967846759
2,15938038,4,0.4266954980765273,0.5041006966340857,0.14660900384694542,1.16399127438,-0.38047812439324247,1,2,1,2,0.5733045019234727,0.4266954980765273
2,15938038,5,0.5041006966340857,0.44781126420667466,0.008201393268171486,1.16399127438,-0.38047812439324247,0,2,1,2,0.49589930336591426,0.5041006966340857
2,15938038,6,0.44781126420667466,0.4058060393381983,0.10437747158665067,1.16399127438,-0.38047812439324247,0,2,1,2,0.5521887357933253,0.44781126420667466
2,15938038,7,0.4058060393381983,0.37359026766839926,0.18838792132360338,1.16399127438,-0.38047812439324247,0,2,1,2,0.5941939606618016,0.4058060393381983
2,15938038,8,0.37359026766839926,0.409148495856723,0.2528194646632015,1.16399127438,-0.38047812439324247,1,2,1,2,0.6264097323316007,0.37359026766839926
2,15938038,9,0.409148495856723,0.38700211220135544,0.18170300828655395,1.16399127438,-0.38047812439324247,0,2,1,2,0.5908515041432769,0.409148495856723
2,15938038,10,0.38700211220135544,0.3691412297732248,0.22599577559728912,1.16399127438,-0.38047812439324247,0,2,1,2,0.6129978877986446,0.38700211220135544
2,15938038,11,0.3691412297732248,0.38991047352339653,0.26171754045355045,1.16399127438,-0.38047812439324247,1,2,1,2,0.6308587702267752,0.3691412297732248
2,15938038,12,0.38991047352339653,0.4069818491964,0.22017905295320694,1.16399127438,-0.38047812439324247,1,2,1,2,0.6100895264766035,0.38991047352339653
2,15938038,13,0.4069818491964,0.39599192476550593,0.18603630160719997,1.16399127438,-0.38047812439324247,0,2,1,2,0.5930181508036,0.4069818491964
2,15938038,14,0.39599192476550593,0.38684241987942025,0.20801615046898814,1.16399127438,-0.38047812439324247,0,2,1,2,0.6040080752344941,0.39599192476550593
2,15938038,15,0.38684241987942025,0.37918833615393444,0.2263151602411595,1.16399127438,-0.38047812439324247,0,2,1,2,0.6131575801205797,0.38684241987942025
2,15938038,16,0.37918833615393444,0.37275940433531995,0.24162332769213113,1.16399127438,-0.38047812439324247,0,2,1,2,0.6208116638460656,0.37918833615393444
2,15938038,17,0.37275940433531995,0.38041308508253646,0.2544811913293601,1.16399127438,-0.38047812439324247,1,2,1,2,0.62724059566468,0.37275940433531995
2,15938038,18,0.38041308508253646,0.3868818806050103,0.23917382983492708,1.16399127438,-0.38047812439324247,1,2,1,2,0.6195869149174635,0.38041308508253646
2,15938038,19,0.3868818806050103,0.38284788718044477,0.22623623878997945,1.16399127438,-0.38047812439324247,0,2,1,2,0.6131181193949897,0.3868818806050103
2,15938038,20,0.38284788718044477,0.379423202416243,0.23430422563911046,1.16399127438,-0.38047812439324247,0,2,1,2,0.6171521128195552,0.38284788718044477
2,15938038,21,0.379423202416243,0.37651075412501395,0.241153595167514,1.16399127438,-0.38047812439324247,0,2,1,2,0.6205767975837571,0.379423202416243
2,15938038,22,0.37651075412501395,0.37403027566774827,0.2469784917499721,1.16399127438,-0.38047812439324247,0,2,1,2,0.6234892458749861,0.37651075412501395
2,15938038,23,0.37403027566774827,0.37700773620492467,0.25193944866450346,1.16399127438,-0.38047812439324247,1,2,1,2,0.6259697243322517,0.37403027566774827
2,15938038,24,0.37700773620492467,0.3795494835500368,0.24598452759015066,1.16399127438,-0.38047812439324247,1,2,1,2,0.6229922637950753,0.37700773620492467
2,15938038,25,0.3795494835500368,0.37798290756305464,0.24090103289992637,1.16399127438,-0.38047812439324247,0,2,1,2,0.6204505164499632,0.3795494835500368
2,15938038,26,0.37798290756305464,0.3798480647426169,0.24403418487389072,1.16399127438,-0.38047812439324247,1,2,1,2,0.6220170924369454,0.37798290756305464
2,15938038,27,0.3798480647426169,0.3786958835350165,0.2403038705147662,1.16399127438,-0.38047812439324247,0,2,1,2,0.6201519352573831,0.3798480647426169
2,15938038,28,0.3786958835350165,0.3777094229253672,0.24260823292996703,1.16399127438,-0.38047812439324247,0,2,1,2,0.6213041164649835,0.3786958835350165
2,15938038,29,0.3777094229253672,0.3788868158706089,0.24458115414926562,1.16399127438,-0.38047812439324247,1,2,1,2,0.6222905770746328,0.3777094229253672
2,15938038,30,0.3788868158706089,0.3781603486722086,0.2422263682587822,1.16399127438,-0.38047812439324247,0,2,1,2,0.6211131841293911,0.3788868158706089
2,15938038,31,0.3781603486722086,0.37753758311716085,0.2436793026555828,1.16399127438,-0.38047812439324247,0,2,1,2,0.6218396513277914,0.3781603486722086
2,15938038,32,0.37753758311716085,0.37700355189258156,0.2449248337656783,1.16399127438,-0.38047812439324247,0,2,1,2,0.6224624168828392,0.37753758311716085
2,15938038,33,0.37700355189258156,0.3765454910292314,0.2459928962148369,1.16399127438,-0.38047812439324247,0,2,1,2,0.6229964481074184,0.37700355189258156
2,15938038,34,0.3765454910292314,0.3761525042797109,0.2469090179415372,1.16399127438,-0.38047812439324247,0,2,1,2,0.6234545089707686,0.3765454910292314
2,15938038,35,0.3761525042797109,0.3766244109524395,0.24769499144057816,1.16399127438,-0.38047812439324247,1,2,1,2,0.6238474957202891,0.3761525042797109
2,15938038,36,0.3766244109524395,0.3763346134465291,0.24675117809512104,1.16399127438,-0.38047812439324247,0,2,1,2,0.6233755890475605,0.3766244109524395
2,15938038,37,0.3763346134465291,0.37608586068492406,0.24733077310694185,1.16399127438,-0.38047812439324247,0,2,1,2,0.6236653865534709,0.3763346134465291
2,15938038,38,0.37608586068492406,0.37638475227900675,0.2478282786301519,1.16399127438,-0.38047812439324247,1,2,1,2,0.623914139315076,0.37608586068492406
2,15938038,39,0.37638475227900675,0.3766413695760396,0.2472304954419865,1.16399127438,-0.38047812439324247,1,2,1,2,0.6236152477209933,0.37638475227900675
2,15938038,40,0.3766413695760396,0.3764837010364855,0.24671726084792078,1.16399127438,-0.38047812439324247,0,2,1,2,0.6233586304239604,0.3766413695760396
2,15938038,41,0.3764837010364855,0.376348309906708,0.24703259792702903,1.16399127438,-0.38047812439324247,0,2,1,2,0.6235162989635146,0.3764837010364855
2,15938038,42,0.376348309906708,0.3762320408054229,0.24730338018658404,1.16399127438,-0.38047812439324247,0,2,1,2,0.623651690093292,0.376348309906708
2,15938038,43,0.3762320408054229,0.3761321873109832,0.24753591838915423,1.16399127438,-0.38047812439324247,0,2,1,2,0.6237679591945771,0.3762320408054229
2,15938038,44,0.3761321873109832,0.3762522055395063,0.24773562537803362,1.16399127438,-0.38047812439324247,1,2,1,2,0.6238678126890168,0.3761321873109832
2,15938038,45,0.3762522055395063,0.37617852271197133,0.24749558892098744,1.16399127438,-0.38047812439324247,0,2,1,2,0.6237477944604937,0.3762522055395063
2,15938038,46,0.37617852271197133,0.3762670808882299,0.24764295457605734,1.16399127438,-0.38047812439324247,1,2,1,2,0.6238214772880286,0.37617852271197133
2,15938038,47,0.3762670808882299,0.3762127064405827,0.24746583822354018,1.16399127438,-0.38047812439324247,0,2,1,2,0.6237329191117701,0.3762670808882299
2,15938038,48,0.3762127064405827,0.37627805579950624,0.24757458711883462,1.16399127438,-0.38047812439324247,1,2,1,2,0.6237872935594173,0.3762127064405827
2,15938038,49,0.37627805579950624,0.37623792828204705,0.24744388840098752,1.16399127438,-0.38047812439324247,0,2,1,2,0.6237219442004938,0.37627805579950624
2,15938038,50,0.37623792828204705,0.37620345835718955,0.2475241434359059,1.16399127438,-0.38047812439324247,0,2,1,2,0.623762071717953,0.37623792828204705
2,15938038,51,0.37620345835718955,0.37624488920498694,0.2475930832856209,1.16399127438,-0.38047812439324247,1,2,1,2,0.6237965416428104,0.37620345835718955
2,15938038,52,0.37624488920498694,0.376219449784448,0.2475102215900261,1.16399127438,-0.38047812439324247,0,2,1,2,0.623755110795013,0.37624488920498694
2,15938038,53,0.376219449784448,0.37619759611470366,0.24756110043110402,1.16399127438,-0.38047812439324247,0,2,1,2,0.623780550215552,0.376219449784448
2,15938038,54,0.37619759611470366,0.376223864375521,0.24760480777059268,1.16399127438,-0.38047812439324247,1,2,1,2,0.6238024038852963,0.37619759611470366
2,15938038,55,0.376223864375521,0.3762077355190176,0.24755227124895796,1.16399127438,-0.38047812439324247,0,2,1,2,0.623776135624479,0.376223864375521
2,15938038,56,0.3762077355190176,0.3761938796790769,0.2475845289619648,1.16399127438,-0.38047812439324247,0,2,1,2,0.6237922644809824,0.3762077355190176
2,15938038,57,0.3761938796790769,0.37618197644165796,0.24761224064184617,1.16399127438,-0.38047812439324247,0,2,1,2,0.6238061203209231,0.3761938796790769
2,15938038,58,0.37618197644165796,0.376171750580879,0.24763604711668408,1.16399127438,-0.38047812439324247,0,2,1,2,0.623818023558342,0.37618197644165796
2,15938038,59,0.376171750580879,0.3761840434423402,0.24765649883824203,1.16399127438,-0.38047812439324247,1,2,1,2,0.623828249419121,0.376171750580879
2,15938038,60,0.3761840434423402,0.37619460412094646,0.24763191311531962,1.16399127438,-0.38047812439324247,1,2,1,2,0.6238159565576598,0.3761840434423402
2,15938038,61,0.37619460412094646,0.3761881201125742,0.24761079175810707,1.16399127438,-0.38047812439324247,0,2,1,2,0.6238053958790535,0.37619460412094646
2,15938038,62,0.3761881201125742,0.37618254972515425,0.24762375977485163,1.16399127438,-0.38047812439324247,0,2,1,2,0.6238118798874258,0.3761881201125742
2,15938038,63,0.37618254972515425,0.37618924597435244,0.2476349005496915,1.16399127438,-0.38047812439324247,1,2,1,2,0.6238174502748457,0.37618254972515425
2,15938038,64,0.37618924597435244,0.3761949987263617,0.24762150805129512,1.16399127438,-0.38047812439324247,1,2,1,2,0.6238107540256476,0.37618924597435244
2,15938038,65,0.3761949987263617,0.3761914666316488,0.2476100025472766,1.16399127438,-0.38047812439324247,0,2,1,2,0.6238050012736382,0.3761949987263617
2,15938038,66,0.3761914666316488,0.37618843219539916,0.24761706673670236,1.16399127438,-0.38047812439324247,0,2,1,2,0.6238085333683512,0.3761914666316488
2,15938038,67,0.37618843219539916,0.3761858252955743,0.24762313560920168,1.16399127438,-0.38047812439324247,0,2,1,2,0.6238115678046008,0.37618843219539916
2,15938038,68,0.3761858252955743,0.3761889590897852,0.24762834940885137,1.16399127438,-0.38047812439324247,1,2,1,2,0.6238141747044257,0.3761858252955743
2,15938038,69,0.3761889590897852,0.37619165135496097,0.24762208182042955,1.16399127438,-0.38047812439324247,1,2,1,2,0.6238110409102148,0.3761889590897852
2,15938038,70,0.37619165135496097,0.37619396430155044,0.24761669729007807,1.16399127438,-0.38047812439324247,1,2,1,2,0.623808348645039,0.37619165135496097
2,15938038,71,0.37619396430155044,0.37619254418414505,0.24761207139689911,1.16399127438,-0.38047812439324247,0,2,1,2,0.6238060356984496,0.37619396430155044
2,15938038,72,0.37619254418414505,0.37619132414805767,0.2476149116317099,1.16399127438,-0.38047812439324247,0,2,1,2,0.623807455815855,0.37619254418414505
2,15938038,73,0.37619132414805767,0.3761902760030651,0.24761735170388466,1.16399127438,-0.38047812439324247,0,2,1,2,0.6238086758519423,0.37619132414805767
2,15938038,74,0.3761902760030651,0.3761893755309373,0.2476194479938698,1.16399127438,-0.38047812439324247,0,2,1,2,0.6238097239969349,0.3761902760030651
2,15938038,75,0.3761893755309373,0.3761886019257419,0.24762124893812543,1.16399127438,-0.38047812439324247,0,2,1,2,0.6238106244690627,0.3761893755309373
2,15938038,76,0.3761886019257419,0.37618793731302647,0.24762279614851623,1.16399127438,-0.38047812439324247,0,2,1,2,0.6238113980742581,0.3761886019257419
2,15938038,77,0.37618793731302647,0.3761873663367607,0.24762412537394707,1.16399127438,-0.38047812439324247,0,2,1,2,0.6238120626869735,0.37618793731302647
2,15938038,78,0.3761873663367607,0.3761880527173403,0.2476252673264786,1.16399127438,-0.38047812439324247,1,2,1,2,0.6238126336632392,0.3761873663367607
2,15938038,79,0.3761880527173403,0.3761876312945205,0.2476238945653194,1.16399127438,-0.38047812439324247,0,2,1,2,0.6238119472826598,0.3761880527173403
2,15938038,80,0.3761876312945205,0.37618813789413674,0.24762473741095903,1.16399127438,-0.38047812439324247,1,2,1,2,0.6238123687054795,0.3761876312945205
2,15938038,81,0.37618813789413674,0.37618782685274416,0.24762372421172651,1.16399127438,-0.38047812439324247,0,2,1,2,0.6238118621058633,0.37618813789413674
2,15938038,82,0.37618782685274416,0.37618820076087073,0.2476243462945117,1.16399127438,-0.38047812439324247,1,2,1,2,0.6238121731472559,0.37618782685274416
2,15938038,83,0.37618820076087073,0.3761879711891263,0.24762359847825854,1.16399127438,-0.38047812439324247,0,2,1,2,0.6238117992391292,0.37618820076087073
2,15938038,84,0.3761879711891263,0.3761882471611661,0.24762405762174744,1.16399127438,-0.38047812439324247,1,2,1,2,0.6238120288108737,0.3761879711891263
2,15938038,85,0.3761882471611661,0.37618807772006674,0.24762350567766778,1.16399127438,-0.38047812439324247,0,2,1,2,0.6238117528388338,0.3761882471611661
2,15938038,86,0.37618807772006674,0.3761879321510947,0.24762384455986652,1.16399127438,-0.38047812439324247,0,2,1,2,0.6238119222799332,0.37618807772006674
2,15938038,87,0.3761879321510947,0.3761878070909574,0.2476241356978106,1.16399127438,-0.38047812439324247,0,2,1,2,0.6238120678489053,0.3761879321510947
2,15938038,88,0.3761878070909574,0.3761876996502118,0.2476243858180852,1.16399127438,-0.38047812439324247,0,2,1,2,0.6238121929090426,0.3761878070909574
2,15938038,89,0.3761876996502118,0.37618782880667617,0.24762460069957637,1.16399127438,-0.38047812439324247,1,2,1,2,0.6238123003497882,0.3761876996502118
2,15938038,90,0.37618782880667617,0.37618774950735695,0.24762434238664766,1.16399127438,-0.38047812439324247,0,2,1,2,0.6238121711933238,0.37618782880667617
2,15938038,91,0.37618774950735695,0.37618784483449846,0.2476245009852861,1.16399127438,-0.38047812439324247,1,2,1,2,0.6238122504926431,0.37618774950735695
2,15938038,92,0.37618784483449846,0.3761877863056564,0.24762431033100307,1.16399127438,-0.38047812439324247,0,2,1,2,0.6238121551655016,0.37618784483449846
2,15938038,93,0.3761877863056564,0.37618785666423,0.24762442738868717,1.16399127438,-0.38047812439324247,1,2,1,2,0.6238122136943436,0.3761877863056564
2,15938038,94,0.37618785666423,0.3761879171101839,0.24762428667154002,1.16399127438,-0.38047812439324247,1,2,1,2,0.62381214333577,0.37618785666423
2,15938038,95,0.3761879171101839,0.3761879690400802,0.2476241657796322,1.16399127438,-0.38047812439324247,1,2,1,2,0.6238120828898162,0.3761879171101839
2,15938038,96,0.3761879690400802,0.37618793715621196,0.24762406191983966,1.16399127438,-0.38047812439324247,0,2,1,2,0.6238120309599198,0.3761879690400802
2,15938038,97,0.37618793715621196,0.37618790976436983,0.24762412568757608,1.16399127438,-0.38047812439324247,0,2,1,2,0.623812062843788,0.37618793715621196
2,15938038,98,0.37618790976436983,0.3761878862316849,0.24762418047126034,1.16399127438,-0.38047812439324247,0,2,1,2,0.6238120902356301,0.37618790976436983
2,15938038,99,0.3761878862316849,0.37618786601445153,0.24762422753663016,1.16399127438,-0.38047812439324247,0,2,1,2,0.623812113768315,0.3761878862316849
2,15938038,100,0.37618786601445153,0.3761878486455652,0.24762426797109693,1.16399127438,-0.38047812439324247,0,2,1,2,0.6238121339855485,0.37618786601445153
2,15938038,101,0.3761878486455652,0.3761878695250148,0.2476243027088696,1.16399127438,-0.38047812439324247,1,2,1,2,0.6238121513544348,0.3761878486455652
2,15938038,102,0.3761878695250148,0.3761878567054729,0.24762426094997037,1.16399127438,-0.38047812439324247,0,2,1,2,0.6238121304749852,0.3761878695250148
2,15938038,103,0.3761878567054729,0.37618787211607385,0.24762428658905422,1.16399127438,-0.38047812439324247,1,2,1,2,0.6238121432945272,0.3761878567054729
2,15938038,104,0.37618787211607385,0.37618788535552067,0.2476242557678523,1.16399127438,-0.38047812439324247,1,2,1,2,0.6238121278839261,0.37618787211607385
2,15938038,105,0.37618788535552067,0.376187877226779,0.24762422928895866,1.16399127438,-0.38047812439324247,0,2,1,2,0.6238121146444793,0.37618788535552067
2,15938038,106,0.376187877226779,0.37618788699848454,0.24762424554644202,1.16399127438,-0.38047812439324247,1,2,1,2,0.623812122773221,0.376187877226779
2,15938038,107,0.37618788699848454,0.37618788099886286,0.2476242260030309,1.16399127438,-0.38047812439324247,0,2,1,2,0.6238121130015155,0.37618788699848454
2,15938038,108,0.37618788099886286,0.3761878758445102,0.2476242380022743,1.16399127438,-0.38047812439324247,0,2,1,2,0.6238121190011372,0.37618788099886286
2,15938038,109,0.3761878758445102,0.3761878820406497,0.24762424831097962,1.16399127438,-0.38047812439324247,1,2,1,2,0.6238121241554898,0.3761878758445102
2,15938038,110,0.3761878820406497,0.3761878873638335,0.24762423591870064,1.16399127438,-0.38047812439324247,1,2,1,2,0.6238121179593503,0.3761878820406497
2,15938038,111,0.3761878873638335,0.37618788409551057,0.24762422527233297,1.16399127438,-0.38047812439324247,0,2,1,2,0.6238121126361664,0.3761878873638335
2,15938038,112,0.37618788409551057,0.37618788128765207,0.24762423180897886,1.16399127438,-0.38047812439324247,0,2,1,2,0.6238121159044894,0.37618788409551057
2,15938038,113,0.37618788128765207,0.37618787887538435,0.24762423742469586,1.16399127438,-0.38047812439324247,0,2,1,2,0.623812118712348,0.37618788128765207
2,15938038,114,0.37618787887538435,0.3761878768029739,0.2476242422492313,1.16399127438,-0.38047812439324247,0,2,1,2,0.6238121211246157,0.37618787887538435
2,15938038,115,0.3761878768029739,0.37618787502253925,0.24762424639405223,1.16399127438,-0.38047812439324247,0,2,1,2,0.6238121231970262,0.3761878768029739
2,15938038,116,0.37618787502253925,0.37618787349294475,0.2476242499549215,1.16399127438,-0.38047812439324247,0,2,1,2,0.6238121249774607,0.37618787502253925
2,15938038,117,0.37618787349294475,0.37618787217885025,0.2476242530141105,1.16399127438,-0.38047812439324247,0,2,1,2,0.6238121265070553,0.37618787349294475
2,15938038,118,0.37618787217885025,0.3761878710498947,0.2476242556422995,1.16399127438,-0.38047812439324247,0,2,1,2,0.6238121278211497,0.37618787217885025
2,15938038,119,0.3761878710498947,0.3761878700799943,0.2476242579002106,1.16399127438,-0.38047812439324247,0,2,1,2,0.6238121289501053,0.3761878710498947
2,15938038,120,0.3761878700799943,0.3761878712459289,0.24762425984001135,1.16399127438,-0.38047812439324247,1,2,1,2,0.6238121299200057,0.3761878700799943
2,15938038,121,0.3761878712459289,0.37618787224759853,0.2476242575081422,1.16399127438,-0.38047812439324247,1,2,1,2,0.6238121287540711,0.3761878712459289
2,15938038,122,0.37618787224759853,0.37618787310814583,0.24762425550480294,1.16399127438,-0.38047812439324247,1,2,1,2,0.6238121277524015,0.37618787224759853
2,15938038,123,0.37618787310814583,0.3761878738474532,0.24762425378370834,1.16399127438,-0.38047812439324247,1,2,1,2,0.6238121268918542,0.37618787310814583
2,15938038,124,0.3761878738474532,0.3761878733935341,0.24762425230509355,1.16399127438,-0.38047812439324247,0,2,1,2,0.6238121261525468,0.3761878738474532
2,15938038,125,0.3761878733935341,0.3761878730035662,0.2476242532129318,1.16399127438,-0.38047812439324247,0,2,1,2,0.6238121266064659,0.3761878733935341
2,15938038,126,0.3761878730035662,0.3761878726685398,0.24762425399286758,1.16399127438,-0.38047812439324247,0,2,1,2,0.6238121269964338,0.3761878730035662
2,15938038,127,0.3761878726685398,0.3761878723807142,0.24762425466292037,1.16399127438,-0.38047812439324247,0,2,1,2,0.6238121273314602,0.3761878726685398
2,15938038,128,0.3761878723807142,0.37618787213343957,0.24762425523857157,1.16399127438,-0.38047812439324247,0,2,1,2,0.6238121276192858,0.3761878723807142
2,15938038,129,0.37618787213343957,0.37618787192100267,0.24762425573312086,1.16399127438,-0.38047812439324247,0,2,1,2,0.6238121278665605,0.37618787213343957
2,15938038,130,0.37618787192100267,0.37618787173849544,0.24762425615799466,1.16399127438,-0.38047812439324247,0,2,1,2,0.6238121280789973,0.37618787192100267
2,15938038,131,0.37618787173849544,0.37618787195789066,0.24762425652300912,1.16399127438,-0.38047812439324247,1,2,1,2,0.6238121282615046,0.37618787173849544
2,15938038,132,0.37618787195789066,0.3761878718231866,0.24762425608421867,1.16399127438,-0.38047812439324247,0,2,1,2,0.6238121280421094,0.37618787195789066
2,15938038,133,0.3761878718231866,0.3761878717074606,0.24762425635362684,1.16399127438,-0.38047812439324247,0,2,1,2,0.6238121281768134,0.3761878718231866
2,15938038,134,0.3761878717074606,0.37618787160803885,0.2476242565850788,1.16399127438,-0.38047812439324247,0,2,1,2,0.6238121282925394,0.3761878717074606
2,15938038,135,0.37618787160803885,0.37618787152262434,0.2476242567839223,1.16399127438,-0.38047812439324247,0,2,1,2,0.6238121283919611,0.37618787160803885
2,15938038,136,0.37618787152262434,0.37618787144924365,0.24762425695475132,1.16399127438,-0.38047812439324247,0,2,1,2,0.6238121284773757,0.37618787152262434
2,15938038,137,0.37618787144924365,0.3761878715374559,0.2476242571015127,1.16399127438,-0.38047812439324247,1,2,1,2,0.6238121285507563,0.37618787144924365
2,15938038,138,0.3761878715374559,0.3761878716132402,0.24762425692508816,1.16399127438,-0.38047812439324247,1,2,1,2,0.6238121284625441,0.3761878715374559
2,15938038,139,0.3761878716132402,0.37618787156671024,0.24762425677351962,1.16399127438,-0.38047812439324247,0,2,1,2,0.6238121283867598,0.3761878716132402
2,15938038,140,0.37618787156671024,0.3761878716226448,0.24762425686657952,1.16399127438,-0.38047812439324247,1,2,1,2,0.6238121284332898,0.37618787156671024
2,15938038,141,0.3761878716226448,0.37618787158830214,0.24762425675471045,1.16399127438,-0.38047812439324247,0,2,1,2,0.6238121283773552,0.3761878716226448
2,15938038,142,0.37618787158830214,0.37618787162958606,0.24762425682339573,1.16399127438,-0.38047812439324247,1,2,1,2,0.6238121284116979,0.37618787158830214
2,15938038,143,0.37618787162958606,0.3761878716042386,0.24762425674082789,1.16399127438,-0.38047812439324247,0,2,1,2,0.6238121283704139,0.37618787162958606
2,15938038,144,0.3761878716042386,0.37618787158246225,0.24762425679152278,1.16399127438,-0.38047812439324247,0,2,1,2,0.6238121283957614,0.3761878716042386
2,15938038,145,0.37618787158246225,0.37618787160864,0.2476242568350755,1.16399127438,-0.38047812439324247,1,2,1,2,0.6238121284175377,0.37618787158246225
2,15938038,146,0.37618787160864,0.37618787159256745,0.24762425678272004,1.16399127438,-0.38047812439324247,0,2,1,2,0.62381212839136,0.37618787160864
2,15938038,147,0.37618787159256745,0.37618787161188855,0.2476242568148651,1.16399127438,-0.38047812439324247,1,2,1,2,0.6238121284074325,0.37618787159256745
2,15938038,148,0.37618787161188855,0.3761878716284875,0.2476242567762229,1.16399127438,-0.38047812439324247,1,2,1,2,0.6238121283881115,0.37618787161188855
2,15938038,149,0.3761878716284875,0.3761878716182961,0.24762425674302502,1.16399127438,-0.38047812439324247,0,2,1,2,0.6238121283715126,0.3761878716284875
2,15938038,150,0.3761878716182961,0.37618787163054745,0.24762425676340782,1.16399127438,-0.38047812439324247,1,2,1,2,0.623812128381704,0.3761878716182961
2,15938038,151,0.37618787163054745,0.37618787162302536,0.2476242567389051,1.16399127438,-0.38047812439324247,0,2,1,2,0.6238121283694525,0.37618787163054745
2,15938038,152,0.37618787162302536,0.3761878716165631,0.24762425675394928,1.16399127438,-0.38047812439324247,0,2,1,2,0.6238121283769746,0.37618787162302536
2,15938038,153,0.3761878716165631,0.37618787161101125,0.24762425676687383,1.16399127438,-0.38047812439324247,0,2,1,2,0.6238121283834369,0.3761878716165631
2,15938038,154,0.37618787161101125,0.37618787160624156,0.2476242567779775,1.16399127438,-0.38047812439324247,0,2,1,2,0.6238121283889888,0.37618787161101125
2,15938038,155,0.37618787160624156,0.3761878716021439,0.24762425678751687,1.16399127438,-0.38047812439324247,0,2,1,2,0.6238121283937584,0.37618787160624156
2,15938038,156,0.3761878716021439,0.37618787159862355,0.2476242567957122,1.16399127438,-0.38047812439324247,0,2,1,2,0.6238121283978562,0.3761878716021439
2,15938038,157,0.37618787159862355,0.37618787160285544,0.2476242568027529,1.16399127438,-0.38047812439324247,1,2,1,2,0.6238121284013765,0.37618787159862355
2,15938038,158,0.37618787160285544,0.3761878716002571,0.24762425679428912,1.16399127438,-0.38047812439324247,0,2,1,2,0.6238121283971445,0.37618787160285544
2,15938038,159,0.3761878716002571,0.3761878716033805,0.24762425679948585,1.16399127438,-0.38047812439324247,1,2,1,2,0.6238121283997429,0.3761878716002571
2,15938038,160,0.3761878716033805,0.37618787160146283,0.24762425679323896,1.16399127438,-0.38047812439324247,0,2,1,2,0.6238121283966195,0.3761878716033805
2,15938038,161,0.37618787160146283,0.37618787159981526,0.24762425679707434,1.16399127438,-0.38047812439324247,0,2,1,2,0.6238121283985372,0.37618787160146283
2,15938038,162,0.37618787159981526,0.37618787159839984,0.24762425680036948,1.16399127438,-0.38047812439324247,0,2,1,2,0.6238121284001847,0.37618787159981526
2,15938038,163,0.37618787159839984,0.37618787159718386,0.24762425680320033,1.16399127438,-0.38047812439324247,0,2,1,2,0.6238121284016002,0.37618787159839984
2,15938038,164,0.37618787159718386,0.37618787159613915,0.24762425680563227,1.16399127438,-0.38047812439324247,0,2,1,2,0.6238121284028162,0.37618787159718386
2,15938038,165,0.37618787159613915,0.376187871597395,0.2476242568077217,1.16399127438,-0.38047812439324247,1,2,1,2,0.6238121284038609,0.37618787159613915
2,15938038,166,0.376187871597395,0.3761878715966239,0.24762425680521005,1.16399127438,-0.38047812439324247,0,2,1,2,0.623812128402605,0.376187871597395
2,15938038,167,0.3761878715966239,0.3761878715975509,0.24762425680675215,1.16399127438,-0.38047812439324247,1,2,1,2,0.6238121284033761,0.3761878715966239
2,15938038,168,0.3761878715975509,0.3761878715969818,0.2476242568048982,1.16399127438,-0.38047812439324247,0,2,1,2,0.6238121284024492,0.3761878715975509
2,15938038,169,0.3761878715969818,0.3761878715976659,0.2476242568060364,1.16399127438,-0.38047812439324247,1,2,1,2,0.6238121284030183,0.3761878715969818
2,15938038,170,0.3761878715976659,0.37618787159724587,0.24762425680466815,1.16399127438,-0.38047812439324247,0,2,1,2,0.6238121284023341,0.3761878715976659
2,15938038,171,0.37618787159724587,0.37618787159775086,0.24762425680550826,1.16399127438,-0.38047812439324247,1,2,1,2,0.6238121284027541,0.37618787159724587
2,15938038,172,0.37618787159775086,0.37618787159744077,0.2476242568044983,1.16399127438,-0.38047812439324247,0,2,1,2,0.6238121284022491,0.37618787159775086
2,15938038,173,0.37618787159744077,0.3761878715971745,0.24762425680511846,1.16399127438,-0.38047812439324247,0,2,1,2,0.6238121284025593,0.37618787159744077
2,15938038,174,0.3761878715971745,0.37618787159749467,0.24762425680565103,1.16399127438,-0.38047812439324247,1,2,1,2,0.6238121284028255,0.3761878715971745
2,15938038,175,0.37618787159749467,0.3761878715972981,0.24762425680501066,1.16399127438,-0.38047812439324247,0,2,1,2,0.6238121284025053,0.37618787159749467
2,15938038,176,0.3761878715972981,0.3761878715971292,0.2476242568054038,1.16399127438,-0.38047812439324247,0,2,1,2,0.6238121284027018,0.3761878715972981
2,15938038,177,0.3761878715971292,0.37618787159698414,0.24762425680574163,1.16399127438,-0.38047812439324247,0,2,1,2,0.6238121284028708,0.3761878715971292
2,15938038,178,0.37618787159698414,0.3761878715971586,0.24762425680603173,1.16399127438,-0.38047812439324247,1,2,1,2,0.6238121284030158,0.37618787159698414
2,15938038,179,0.3761878715971586,0.3761878715973084,0.24762425680568279,1.16399127438,-0.38047812439324247,1,2,1,2,0.6238121284028414,0.3761878715971586
2,15938038,180,0.3761878715973084,0.37618787159721645,0.24762425680538325,1.16399127438,-0.38047812439324247,0,2,1,2,0.6238121284026916,0.3761878715973084
2,15938038,181,0.37618787159721645,0.3761878715971374,0.2476242568055671,1.16399127438,-0.38047812439324247,0,2,1,2,0.62381212840278355,0.37618787159721645
2,15938038,182,0.3761878715971374,0.37618787159706946,0.2476242568057252,1.16399127438,-0.38047812439324247,0,2,1,2,0.6238121284028626,0.3761878715971374
2,15938038,183,0.37618787159706946,0.37618787159715106,0.2476242568058611,1.16399127438,-0.38047812439324247,1,2,1,2,0.6238121284029305,0.37618787159706946
2,15938038,184,0.37618787159715106,0.37618787159722117,0.24762425680569788,1.16399127438,-0.38047812439324247,1,2,1,2,0.6238121284028489,0.37618787159715106
2,15938038,185,0.37618787159722117,0.37618787159717815,0.24762425680555766,1.16399127438,-0.38047812439324247,0,2,1,2,0.6238121284027789,0.37618787159722117
2,15938038,186,0.37618787159717815,0.37618787159722994,0.2476242568056437,1.16399127438,-0.38047812439324247,1,2,1,2,0.6238121284028219,0.37618787159717815
2,15938038,187,0.37618787159722994,0.3761878715972744,0.24762425680554012,1.16399127438,-0.38047812439324247,1,2,1,2,0.62381212840277,0.37618787159722994
2,15938038,188,0.3761878715972744,0.3761878715972471,0.2476242568054512,1.16399127438,-0.38047812439324247,0,2,1,2,0.6238121284027256,0.3761878715972744
2,15938038,189,0.3761878715972471,0.37618787159722367,0.24762425680550582,1.16399127438,-0.38047812439324247,0,2,1,2,0.6238121284027529,0.3761878715972471
2,15938038,190,0.37618787159722367,0.3761878715972518,0.24762425680555267,1.16399127438,-0.38047812439324247,1,2,1,2,0.6238121284027763,0.37618787159722367
2,15938038,191,0.3761878715972518,0.3761878715972345,0.24762425680549638,1.16399127438,-0.38047812439324247,0,2,1,2,0.6238121284027482,0.3761878715972518
2,15938038,192,0.3761878715972345,0.3761878715972553,0.24762425680553102,1.16399127438,-0.38047812439324247,1,2,1,2,0.6238121284027656,0.3761878715972345
2,15938038,193,0.3761878715972553,0.37618787159724254,0.24762425680548938,1.16399127438,-0.38047812439324247,0,2,1,2,0.6238121284027447,0.3761878715972553
2,15938038,194,0.37618787159724254,0.3761878715972316,0.24762425680551492,1.16399127438,-0.38047812439324247,0,2,1,2,0.6238121284027575,0.37618787159724254
2,15938038,195,0.3761878715972316,0.37618787159722217,0.2476242568055368,1.16399127438,-0.38047812439324247,0,2,1,2,0.6238121284027685,0.3761878715972316
2,15938038,196,0.37618787159722217,0.3761878715972335,0.24762425680555566,1.16399127438,-0.38047812439324247,1,2,1,2,0.6238121284027778,0.37618787159722217
2,15938038,197,0.3761878715972335,0.37618787159722655,0.24762425680553302,1.16399127438,-0.38047812439324247,0,2,1,2,0.6238121284027665,0.3761878715972335
2,15938038,198,0.37618787159722655,0.37618787159722056,0.2476242568055469,1.16399127438,-0.38047812439324247,0,2,1,2,0.6238121284027734,0.37618787159722655
2,15938038,199,0.37618787159722056,0.37618787159721545,0.24762425680555888,1.16399127438,-0.38047812439324247,0,2,1,2,0.6238121284027794,0.37618787159722056
2,15938038,200,0.37618787159721545,0.376187871597211,0.2476242568055691,1.16399127438,-0.38047812439324247,0,2,1,2,0.6238121284027845,0.37618787159721545
2,15938038,201,0.376187871597211,0.3761878715972163,0.24762425680557798,1.16399127438,-0.38047812439324247,1,2,1,2,0.623812128402789,0.376187871597211
2,15938038,202,0.3761878715972163,0.376187871597213,0.24762425680556743,1.16399127438,-0.38047812439324247,0,2,1,2,0.6238121284027838,0.3761878715972163
2,15938038,203,0.376187871597213,0.3761878715972103,0.24762425680557398,1.16399127438,-0.38047812439324247,0,2,1,2,0.623812128402787,0.376187871597213
2,15938038,204,0.3761878715972103,0.3761878715972137,0.24762425680557942,1.16399127438,-0.38047812439324247,1,2,1,2,0.6238121284027898,0.3761878715972103
2,15938038,205,0.3761878715972137,0.3761878715972116,0.24762425680557265,1.16399127438,-0.38047812439324247,0,2,1,2,0.6238121284027863,0.3761878715972137
2,15938038,206,0.3761878715972116,0.3761878715972141,0.24762425680557676,1.16399127438,-0.38047812439324247,1,2,1,2,0.6238121284027884,0.3761878715972116
2,15938038,207,0.3761878715972141,0.37618787159721256,0.24762425680557176,1.16399127438,-0.38047812439324247,0,2,1,2,0.6238121284027859,0.3761878715972141
2,15938038,208,0.37618787159721256,0.3761878715972144,0.24762425680557487,1.16399127438,-0.38047812439324247,1,2,1,2,0.6238121284027874,0.37618787159721256
2,15938038,209,0.3761878715972144,0.37618787159721323,0.2476242568055712,1.16399127438,-0.38047812439324247,0,2,1,2,0.6238121284027855,0.3761878715972144
2,15938038,210,0.37618787159721323,0.37618787159721456,0.24762425680557354,1.16399127438,-0.38047812439324247,1,2,1,2,0.6238121284027868,0.37618787159721323
2,15938038,211,0.37618787159721456,0.37618787159721573,0.24762425680557087,1.16399127438,-0.38047812439324247,1,2,1,2,0.6238121284027854,0.37618787159721456
2,15938038,212,0.37618787159721573,0.376187871597215,0.24762425680556854,1.16399127438,-0.38047812439324247,0,2,1,2,0.6238121284027842,0.37618787159721573
2,15938038,213,0.376187871597215,0.37618787159721445,0.24762425680557,1.16399127438,-0.38047812439324247,0,2,1,2,0.623812128402785,0.376187871597215
2,15938038,214,0.37618787159721445,0.3761878715972139,0.2476242568055711,1.16399127438,-0.38047812439324247,0,2,1,2,0.6238121284027855,0.37618787159721445
2,15938038,215,0.3761878715972139,0.3761878715972134,0.2476242568055722,1.16399127438,-0.38047812439324247,0,2,1,2,0.6238121284027861,0.3761878715972139
2,15938038,216,0.3761878715972134,0.376187871597213,0.2476242568055732,1.16399127438,-0.38047812439324247,0,2,1,2,0.6238121284027867,0.3761878715972134
2,15938038,217,0.376187871597213,0.3761878715972127,0.24762425680557398,1.16399127438,-0.38047812439324247,0,2,1,2,0.623812128402787,0.376187871597213
2,15938038,218,0.3761878715972127,0.3761878715972124,0.24762425680557465,1.16399127438,-0.38047812439324247,0,2,1,2,0.6238121284027873,0.3761878715972127
2,15938038,219,0.3761878715972124,0.37618787159721273,0.2476242568055752,1.16399127438,-0.38047812439324247,1,2,1,2,0.6238121284027875,0.3761878715972124
2,15938038,220,0.37618787159721273,0.37618787159721256,0.24762425680557454,1.16399127438,-0.38047812439324247,0,2,1,2,0.6238121284027873,0.37618787159721273
2,15938038,221,0.37618787159721256,0.37618787159721234,0.24762425680557487,1.16399127438,-0.38047812439324247,0,2,1,2,0.6238121284027874,0.37618787159721256
2,15938038,222,0.37618787159721234,0.3761878715972126,0.24762425680557532,1.16399127438,-0.38047812439324247,1,2,1,2,0.6238121284027877,0.37618787159721234
2,15938038,223,0.3761878715972126,0.37618787159721273,0.24762425680557476,1.16399127438,-0.38047812439324247,1,2,1,2,0.6238121284027873,0.3761878715972126
2,15938038,224,0.37618787159721273,0.3761878715972127,0.24762425680557454,1.16399127438,-0.38047812439324247,0,2,1,2,0.6238121284027873,0.37618787159721273
2,15938038,225,0.3761878715972127,0.37618787159721256,0.24762425680557465,1.16399127438,-0.38047812439324247,0,2,1,2,0.6238121284027873,0.3761878715972127
2,15938038,226,0.37618787159721256,0.3761878715972125,0.24762425680557487,1.16399127438,-0.38047812439324247,0,2,1,2,0.6238121284027874,0.37618787159721256
2,15938038,227,0.3761878715972125,0.37618787159721256,0.24762425680557498,1.16399127438,-0.38047812439324247,1,2,1,2,0.6238121284027875,0.3761878715972125
2,15938038,228,0.37618787159721256,0.3761878715972125,0.24762425680557487,1.16399127438,-0.38047812439324247,0,2,1,2,0.6238121284027874,0.37618787159721256
2,15938038,229,0.3761878715972125,0.37618787159721245,0.24762425680557498,1.16399127438,-0.38047812439324247,0,2,1,2,0.6238121284027875,0.3761878715972125
2,15938038,230,0.37618787159721245,0.37618787159721245,0.2476242568055751,1.16399127438,-0.38047812439324247,0,2,1,2,0.6238121284027875,0.37618787159721245
2,15938038,231,0.37618787159721245,0.37618787159721234,0.2476242568055751,1.16399127438,-0.38047812439324247,0,2,1,2,0.6238121284027875,0.37618787159721245
2,15938038,232,0.37618787159721234,0.37618787159721234,0.24762425680557532,1.16399127438,-0.38047812439324247,0,2,1,2,0.6238121284027877,0.37618787159721234
2,15938038,233,0.37618787159721234,0.37618787159721234,0.24762425680557532,1.16399127438,-0.38047812439324247,1,2,1,2,0.6238121284027877,0.37618787159721234
2,15938038,234,0.37618787159721234,0.37618787159721234,0.24762425680557532,1.16399127438,-0.38047812439324247,0,2,1,2,0.6238121284027877,0.37618787159721234
2,15938038,235,0.37618787159721234,0.3761878715972123,0.24762425680557532,1.16399127438,-0.38047812439324247,0,2,1,2,0.6238121284027877,0.37618787159721234
2,15938038,236,0.3761878715972123,0.3761878715972123,0.24762425680557543,1.16399127438,-0.38047812439324247,0,2,1,2,0.6238121284027878,0.3761878715972123
2,15938038,237,0.3761878715972123,0.37618787159721223,0.24762425680557543,1.16399127438,-0.38047812439324247,0,2,1,2,0.6238121284027878,0.3761878715972123
2,15938038,238,0.37618787159721223,0.3761878715972123,0.24762425680557554,1.16399127438,-0.38047812439324247,1,2,1,2,0.6238121284027878,0.37618787159721223
2,15938038,239,0.3761878715972123,0.3761878715972123,0.24762425680557543,1.16399127438,-0.38047812439324247,1,2,1,2,0.6238121284027878,0.3761878715972123
2,15938038,240,0.3761878715972123,0.37618787159721234,0.24762425680557543,1.16399127438,-0.38047812439324247,1,2,1,2,0.6238121284027878,0.3761878715972123
3,15938041,1,0.5,0.6666666666666666,0,0.8379168544193067,-0.559441594501225,1,1,2,1,0.5,0.5
3,15938041,2,0.6666666666666666,0.4788839686047319,0.33333333333333326,0.8379168544193067,-0.559441594501225,0,1,2,1,0.6666666666666666,0.33333333333333337
3,15938041,3,0.4788839686047319,0.595174416984911,0.04223206279053615,0.8379168544193067,-0.559441594501225,1,1,2,1,0.4788839686047319,0.5211160313952681
3,15938041,4,0.595174416984911,0.47310209688786214,0.19034883396982205,0.8379168544193067,-0.559441594501225,0,1,2,1,0.595174416984911,0.404825583015089
3,15938041,5,0.47310209688786214,0.39049050543243147,0.05379580622427571,0.8379168544193067,-0.559441594501225,0,1,2,1,0.47310209688786214,0.5268979031121379
3,15938041,6,0.39049050543243147,0.49738038629979686,0.21901898913513707,0.8379168544193067,-0.559441594501225,1,1,2,1,0.39049050543243147,0.6095094945675685
3,15938041,7,0.49738038629979686,0.41955945968420744,0.005239227400406277,0.8379168544193067,-0.559441594501225,0,1,2,1,0.49738038629979686,0.5026196137002031
3,15938041,8,0.41955945968420744,0.5104855136959171,0.16088108063158513,0.8379168544193067,-0.559441594501225,1,1,2,1,0.41955945968420744,0.5804405403157926
3,15938041,9,0.5104855136959171,0.5808000743974039,0.020971027391834207,0.8379168544193067,-0.559441594501225,1,1,2,1,0.5104855136959171,0.4895144863040829
3,15938041,10,0.5808000743974039,0.6360205763642206,0.16160014879480777,0.8379168544193067,-0.559441594501225,1,1,2,1,0.5808000743974039,0.4191999256025961
3,15938041,11,0.6360205763642206,0.679914762308216,0.2720411527284412,0.8379168544193067,-0.559441594501225,1,1,2,1,0.6360205763642206,0.3639794236357794
3,15938041,12,0.679914762308216,0.7151423474272421,0.35982952461643203,0.8379168544193067,-0.559441594501225,1,1,2,1,0.679914762308216,0.320085237691784
3,15938041,13,0.7151423474272421,0.611189832502311,0.4302846948544843,0.8379168544193067,-0.559441594501225,0,1,2,1,0.7151423474272421,0.28485765257275786
3,15938041,14,0.611189832502311,0.6572983371311669,0.22237966500462192,0.8379168544193067,-0.559441594501225,1,1,2,1,0.611189832502311,0.38881016749768904
3,15938041,15,0.6572983371311669,0.6950119927107019,0.31459667426233384,0.8379168544193067,-0.559441594501225,1,1,2,1,0.6572983371311669,0.3427016628688331
3,15938041,16,0.6950119927107019,0.7259870859583334,0.3900239854214038,0.8379168544193067,-0.559441594501225,1,1,2,1,0.6950119927107019,0.3049880072892981
3,15938041,17,0.7259870859583334,0.7515141867082324,0.4519741719166668,0.8379168544193067,-0.559441594501225,1,1,2,1,0.7259870859583334,0.2740129140416666
3,15938041,18,0.7515141867082324,0.6462502703645745,0.5030283734164649,0.8379168544193067,-0.559441594501225,0,1,2,1,0.7515141867082324,0.24848581329176755
3,15938041,19,0.6462502703645745,0.6847577567594373,0.292500540729149,0.8379168544193067,-0.559441594501225,1,1,2,1,0.6462502703645745,0.3537497296354255
3,15938041,20,0.6847577567594373,0.591560985157999,0.36951551351887457,0.8379168544193067,-0.559441594501225,0,1,2,1,0.6847577567594373,0.3152422432405627
3,15938041,21,0.591560985157999,0.6387924307567451,0.18312197031599808,0.8379168544193067,-0.559441594501225,1,1,2,1,0.591560985157999,0.40843901484200096
3,15938041,22,0.6387924307567451,0.6781052301440401,0.27758486151349016,0.8379168544193067,-0.559441594501225,1,1,2,1,0.6387924307567451,0.3612075692432549
3,15938041,23,0.6781052301440401,0.7108629703579104,0.35621046028808023,0.8379168544193067,-0.559441594501225,1,1,2,1,0.6781052301440401,0.3218947698559599
3,15938041,24,0.7108629703579104,0.7381836513380021,0.4217259407158207,0.8379168544193067,-0.559441594501225,1,1,2,1,0.7108629703579104,0.28913702964208965
3,15938041,25,0.7381836513380021,0.7609871091165429,0.47636730267600425,0.8379168544193067,-0.559441594501225,1,1,2,1,0.7381836513380021,0.2618163486619979
3,15938041,26,0.7609871091165429,0.7800323577591648,0.5219742182330858,0.8379168544193067,-0.559441594501225,1,1,2,1,0.7609871091165429,0.23901289088345712
3,15938041,27,0.7800323577591648,0.7959472506323897,0.5600647155183296,0.8379168544193067,-0.559441594501225,1,1,2,1,0.7800323577591648,0.2199676422408352
3,15938041,28,0.7959472506323897,0.8092522214327535,0.5918945012647794,0.8379168544193067,-0.559441594501225,1,1,2,1,0.7959472506323897,0.2040527493676103
3,15938041,29,0.8092522214327535,0.6974251569810628,0.6185044428655071,0.8379168544193067,-0.559441594501225,0,1,2,1,0.8092522214327535,0.19074777856724645
3,15938041,30,0.6974251569810628,0.7267377627646681,0.39485031396212555,0.8379168544193067,-0.559441594501225,1,1,2,1,0.6974251569810628,0.3025748430189372
3,15938041,31,0.7267377627646681,0.7512664365515562,0.4534755255293361,0.8379168544193067,-0.559441594501225,1,1,2,1,0.7267377627646681,0.27326223723533194
3,15938041,32,0.7512664365515562,0.7717964023547719,0.5025328731031125,0.8379168544193067,-0.559441594501225,1,1,2,1,0.7512664365515562,0.24873356344844377
3,15938041,33,0.7717964023547719,0.6663080747214657,0.5435928047095437,0.8379168544193067,-0.559441594501225,0,1,2,1,0.7717964023547719,0.22820359764522813
3,15938041,34,0.6663080747214657,0.7006177306915697,0.3326161494429314,0.8379168544193067,-0.559441594501225,1,1,2,1,0.6663080747214657,0.3336919252785343
3,15938041,35,0.7006177306915697,0.6067536091312539,0.4012354613831395,0.8379168544193067,-0.559441594501225,0,1,2,1,0.7006177306915697,0.29938226930843026
3,15938041,36,0.6067536091312539,0.528146652437393,0.21350721826250774,0.8379168544193067,-0.559441594501225,0,1,2,1,0.6067536091312539,0.39324639086874613
3,15938041,37,0.528146652437393,0.584848186568444,0.05629330487478601,0.8379168544193067,-0.559441594501225,1,1,2,1,0.528146652437393,0.471853347562607
3,15938041,38,0.584848186568444,0.509825392086786,0.1696963731368879,0.8379168544193067,-0.559441594501225,0,1,2,1,0.584848186568444,0.41515181343155605
3,15938041,39,0.509825392086786,0.4469829117488203,0.019650784173572022,0.8379168544193067,-0.559441594501225,0,1,2,1,0.509825392086786,0.490174607913214
3,15938041,40,0.4469829117488203,0.3943404433248026,0.10603417650235936,0.8379168544193067,-0.559441594501225,0,1,2,1,0.4469829117488203,0.5530170882511797
3,15938041,41,0.3943404433248026,0.4727100556890518,0.21131911335039477,0.8379168544193067,-0.559441594501225,1,1,2,1,0.3943404433248026,0.6056595566751974
3,15938041,42,0.4727100556890518,0.5383647519468847,0.054579888621896444,0.8379168544193067,-0.559441594501225,1,1,2,1,0.4727100556890518,0.5272899443109482
3,15938041,43,0.5383647519468847,0.5933691385024195,0.07672950389376942,0.8379168544193067,-0.559441594501225,1,1,2,1,0.5383647519468847,0.4616352480531153
3,15938041,44,0.5933691385024195,0.5170095286805667,0.18673827700483892,0.8379168544193067,-0.559441594501225,0,1,2,1,0.5933691385024195,0.40663086149758054
3,15938041,45,0.5170095286805667,0.5754699822418804,0.03401905736113342,0.8379168544193067,-0.559441594501225,1,1,2,1,0.5170095286805667,0.4829904713194333
3,15938041,46,0.5754699822418804,0.6244503777471216,0.1509399644837608,0.8379168544193067,-0.559441594501225,1,1,2,1,0.5754699822418804,0.4245300177581196
3,15938041,47,0.6244503777471216,0.6654886447118565,0.2489007554942433,0.8379168544193067,-0.559441594501225,1,1,2,1,0.6244503777471216,0.37554962225287836
3,15938041,48,0.6654886447118565,0.5774500752126268,0.3309772894237131,0.8379168544193067,-0.559441594501225,0,1,2,1,0.6654886447118565,0.33451135528814346
3,15938041,49,0.5774500752126268,0.6261050228358316,0.15490015042525362,0.8379168544193067,-0.559441594501225,1,1,2,1,0.5774500752126268,0.4225499247873732
3,15938041,50,0.6261050228358316,0.5444546499740816,0.25221004567166316,0.8379168544193067,-0.559441594501225,0,1,2,1,0.6261050228358316,0.3738949771641684
3,15938041,51,0.5444546499740816,0.598456200594592,0.0889092999481631,0.8379168544193067,-0.559441594501225,1,1,2,1,0.5444546499740816,0.45554535002591845
3,15938041,52,0.598456200594592,0.5212902349117821,0.19691240118918407,0.8379168544193067,-0.559441594501225,0,1,2,1,0.598456200594592,0.40154379940540796
3,15938041,53,0.5212902349117821,0.5790451163013993,0.042580469823564115,0.8379168544193067,-0.559441594501225,1,1,2,1,0.5212902349117821,0.47870976508821794
3,15938041,54,0.5790451163013993,0.6274377997916857,0.15809023260279864,0.8379168544193067,-0.559441594501225,1,1,2,1,0.5790451163013993,0.4209548836986007
3,15938041,55,0.6274377997916857,0.6679860690817655,0.25487559958337136,0.8379168544193067,-0.559441594501225,1,1,2,1,0.6274377997916857,0.3725622002083143
3,15938041,56,0.6679860690817655,0.7019616026330834,0.335972138163531,0.8379168544193067,-0.559441594501225,1,1,2,1,0.6679860690817655,0.3320139309182345
3,15938041,57,0.7019616026330834,0.6080220963653368,0.40392320526616676,0.8379168544193067,-0.559441594501225,0,1,2,1,0.7019616026330834,0.2980383973669166
3,15938041,58,0.6080220963653368,0.5293094867678757,0.21604419273067355,0.8379168544193067,-0.559441594501225,0,1,2,1,0.6080220963653368,0.3919779036346632
3,15938041,59,0.5293094867678757,0.4633554865859623,0.058618973535751406,0.8379168544193067,-0.559441594501225,0,1,2,1,0.5293094867678757,0.4706905132321243
3,15938041,60,0.4633554865859623,0.530498155474968,0.07328902682807537,0.8379168544193067,-0.559441594501225,1,1,2,1,0.4633554865859623,0.5366445134140376
3,15938041,61,0.530498155474968,0.5867577568398442,0.06099631094993607,0.8379168544193067,-0.559441594501225,1,1,2,1,0.530498155474968,0.46950184452503196
3,15938041,62,0.5867577568398442,0.6338983634811526,0.17351551367968843,0.8379168544193067,-0.559441594501225,1,1,2,1,0.5867577568398442,0.4132422431601558
3,15938041,63,0.6338983634811526,0.6733980886686963,0.26779672696230516,0.8379168544193067,-0.559441594501225,1,1,2,1,0.6338983634811526,0.3661016365188474
3,15938041,64,0.6733980886686963,0.5840904007290764,0.34679617733739265,0.8379168544193067,-0.559441594501225,0,1,2,1,0.6733980886686963,0.3266019113313037
3,15938041,65,0.5840904007290764,0.5092582280466665,0.16818080145815273,0.8379168544193067,-0.559441594501225,0,1,2,1,0.5840904007290764,0.41590959927092364
3,15938041,66,0.5092582280466665,0.568959970490978,0.018516456093333078,0.8379168544193067,-0.559441594501225,1,1,2,1,0.5092582280466665,0.49074177195333346
3,15938041,67,0.568959970490978,0.6189849520738977,0.13791994098195604,0.8379168544193067,-0.559441594501225,1,1,2,1,0.568959970490978,0.431040029509022
3,15938041,68,0.6189849520738977,0.6609016467886406,0.2379699041477954,0.8379168544193067,-0.559441594501225,1,1,2,1,0.6189849520738977,0.3810150479261023
3,15938041,69,0.6609016467886406,0.5736199104291387,0.3218032935772812,0.8379168544193067,-0.559441594501225,0,1,2,1,0.6609016467886406,0.3390983532113594
3,15938041,70,0.5736199104291387,0.6228894806428301,0.14723982085827747,0.8379168544193067,-0.559441594501225,1,1,2,1,0.5736199104291387,0.42638008957086126
3,15938041,71,0.6228894806428301,0.5417689907553309,0.24577896128566024,0.8379168544193067,-0.559441594501225,0,1,2,1,0.6228894806428301,0.3771105193571699
3,15938041,72,0.5417689907553309,0.5962010230968247,0.08353798151066183,0.8379168544193067,-0.559441594501225,1,1,2,1,0.5417689907553309,0.4582310092446691
3,15938041,73,0.5962010230968247,0.6418105042381685,0.1924020461936493,0.8379168544193067,-0.559441594501225,1,1,2,1,0.5962010230968247,0.40379897690317534
3,15938041,74,0.6418105042381685,0.5576233194508609,0.2836210084763371,0.8379168544193067,-0.559441594501225,0,1,2,1,0.6418105042381685,0.35818949576183146
3,15938041,75,0.5576233194508609,0.6094855789551186,0.11524663890172171,0.8379168544193067,-0.559441594501225,1,1,2,1,0.5576233194508609,0.44237668054913915
3,15938041,76,0.6094855789551186,0.5305377647866061,0.21897115791023714,0.8379168544193067,-0.559441594501225,0,1,2,1,0.6094855789551186,0.39051442104488143
3,15938041,77,0.5305377647866061,0.46438608654141406,0.06107552957321216,0.8379168544193067,-0.559441594501225,0,1,2,1,0.5305377647866061,0.4694622352133939
3,15938041,78,0.46438608654141406,0.5313605136849721,0.07122782691717189,0.8379168544193067,-0.559441594501225,1,1,2,1,0.46438608654141406,0.535613913458586
3,15938041,79,0.5313605136849721,0.5874794995971822,0.06272102736994412,0.8379168544193067,-0.559441594501225,1,1,2,1,0.5313605136849721,0.46863948631502794
3,15938041,80,0.5874794995971822,0.6345025329290029,0.1749589991943643,0.8379168544193067,-0.559441594501225,1,1,2,1,0.5874794995971822,0.41252050040281785
3,15938041,81,0.6345025329290029,0.5514999412900023,0.2690050658580059,0.8379168544193067,-0.559441594501225,0,1,2,1,0.6345025329290029,0.36549746707099706
3,15938041,82,0.5514999412900023,0.6043546492341028,0.1029998825800047,0.8379168544193067,-0.559441594501225,1,1,2,1,0.5514999412900023,0.44850005870999765
3,15938041,83,0.6043546492341028,0.6486424938623683,0.20870929846820552,0.8379168544193067,-0.559441594501225,1,1,2,1,0.6043546492341028,0.39564535076589724
3,15938041,84,0.6486424938623683,0.5633480677882309,0.29728498772473655,0.8379168544193067,-0.559441594501225,0,1,2,1,0.6486424938623683,0.3513575061376317
3,15938041,85,0.5633480677882309,0.4918784373834707,0.12669613557646175,0.8379168544193067,-0.559441594501225,0,1,2,1,0.5633480677882309,0.4366519322117691
3,15938041,86,0.4918784373834707,0.5543967778367547,0.016243125233058597,0.8379168544193067,-0.559441594501225,1,1,2,1,0.4918784373834707,0.5081215626165293
3,15938041,87,0.5543967778367547,0.6067819455181982,0.10879355567350935,0.8379168544193067,-0.559441594501225,1,1,2,1,0.5543967778367547,0.4456032221632453
3,15938041,88,0.6067819455181982,0.6506763579864251,0.2135638910363964,0.8379168544193067,-0.559441594501225,1,1,2,1,0.6067819455181982,0.3932180544818018
3,15938041,89,0.6506763579864251,0.6874562242856762,0.3013527159728502,0.8379168544193067,-0.559441594501225,1,1,2,1,0.6506763579864251,0.3493236420135749
3,15938041,90,0.6874562242856762,0.5958707610170271,0.3749124485713524,0.8379168544193067,-0.559441594501225,0,1,2,1,0.6874562242856762,0.3125437757143238
3,15938041,91,0.5958707610170271,0.6415336903474848,0.19174152203405415,0.8379168544193067,-0.559441594501225,1,1,2,1,0.5958707610170271,0.4041292389829729
3,15938041,92,0.6415336903474848,0.6797954274013206,0.2830673806949695,0.8379168544193067,-0.559441594501225,1,1,2,1,0.6415336903474848,0.35846630965251525
3,15938041,93,0.6797954274013206,0.5894516537446414,0.3595908548026412,0.8379168544193067,-0.559441594501225,0,1,2,1,0.6797954274013206,0.3202045725986794
3,15938041,94,0.5894516537446414,0.6361550107639974,0.17890330748928274,0.8379168544193067,-0.559441594501225,1,1,2,1,0.5894516537446414,0.41054834625535863
3,15938041,95,0.6361550107639974,0.6752885401340879,0.27231002152799477,0.8379168544193067,-0.559441594501225,1,1,2,1,0.6361550107639974,0.3638449892360026
3,15938041,96,0.6752885401340879,0.5856752589898763,0.3505770802681758,0.8379168544193067,-0.559441594501225,0,1,2,1,0.6752885401340879,0.3247114598659121
3,15938041,97,0.5856752589898763,0.6329907050897245,0.17135051797975254,0.8379168544193067,-0.559441594501225,1,1,2,1,0.5856752589898763,0.41432474101012373
3,15938041,98,0.6329907050897245,0.6726371144730492,0.2659814101794491,0.8379168544193067,-0.559441594501225,1,1,2,1,0.6329907050897245,0.36700929491027545
3,15938041,99,0.6726371144730492,0.5834535859294662,0.3452742289460984,0.8379168544193067,-0.559441594501225,0,1,2,1,0.6726371144730492,0.3273628855269508
3,15938041,100,0.5834535859294662,0.6311291272705332,0.16690717185893233,0.8379168544193067,-0.559441594501225,1,1,2,1,0.5834535859294662,0.41654641407053383
3,15938041,101,0.6311291272705332,0.6710772666796428,0.2622582545410663,0.8379168544193067,-0.559441594501225,1,1,2,1,0.6311291272705332,0.36887087272946684
3,15938041,102,0.6710772666796428,0.5821465638673703,0.3421545333592857,0.8379168544193067,-0.559441594501225,0,1,2,1,0.6710772666796428,0.32892273332035715
3,15938041,103,0.5821465638673703,0.5076300293991529,0.16429312773474058,0.8379168544193067,-0.559441594501225,0,1,2,1,0.5821465638673703,0.4178534361326297
3,15938041,104,0.5076300293991529,0.5675952910058759,0.015260058798305831,0.8379168544193067,-0.559441594501225,1,1,2,1,0.5076300293991529,0.4923699706008471
3,15938041,105,0.5675952910058759,0.6178411942468434,0.13519058201175183,0.8379168544193067,-0.559441594501225,1,1,2,1,0.5675952910058759,0.4324047089941241
3,15938041,106,0.6178411942468434,0.6599430833404011,0.23568238849368672,0.8379168544193067,-0.559441594501225,1,1,2,1,0.6178411942468434,0.38215880575315664
3,15938041,107,0.6599430833404011,0.6952209657462806,0.31988616668080216,0.8379168544193067,-0.559441594501225,1,1,2,1,0.6599430833404011,0.3400569166595989
3,15938041,108,0.6952209657462806,0.7247808979542919,0.3904419314925611,0.8379168544193067,-0.559441594501225,1,1,2,1,0.6952209657462806,0.30477903425371944
3,15938041,109,0.7247808979542919,0.6271457423275623,0.4495617959085838,0.8379168544193067,-0.559441594501225,0,1,2,1,0.7247808979542919,0.2752191020457081
3,15938041,110,0.6271457423275623,0.6677395208793273,0.2542914846551245,0.8379168544193067,-0.559441594501225,1,1,2,1,0.6271457423275623,0.37285425767243774
3,15938041,111,0.6677395208793273,0.5793498111914818,0.3354790417586546,0.8379168544193067,-0.559441594501225,0,1,2,1,0.6677395208793273,0.3322604791206727
3,15938041,112,0.5793498111914818,0.6276905045898259,0.15869962238296353,0.8379168544193067,-0.559441594501225,1,1,2,1,0.5793498111914818,0.42065018880851823
3,15938041,113,0.6276905045898259,0.6681959863153918,0.2553810091796518,0.8379168544193067,-0.559441594501225,1,1,2,1,0.6276905045898259,0.3723094954101741
3,15938041,114,0.6681959863153918,0.5797322913558206,0.3363919726307836,0.8379168544193067,-0.559441594501225,0,1,2,1,0.6681959863153918,0.3318040136846082
3,15938041,115,0.5797322913558206,0.628010991128315,0.1594645827116412,0.8379168544193067,-0.559441594501225,1,1,2,1,0.5797322913558206,0.4202677086441794
3,15938041,116,0.628010991128315,0.6684645273611428,0.2560219822566301,0.8379168544193067,-0.559441594501225,1,1,2,1,0.628010991128315,0.37198900887168496
3,15938041,117,0.6684645273611428,0.7023612271802611,0.3369290547222856,0.8379168544193067,-0.559441594501225,1,1,2,1,0.6684645273611428,0.3315354726388572
3,15938041,118,0.7023612271802611,0.6083599225677025,0.4047224543605221,0.8379168544193067,-0.559441594501225,0,1,2,1,0.7023612271802611,0.29763877281973894
3,15938041,119,0.6083599225677025,0.529594645113758,0.2167198451354051,0.8379168544193067,-0.559441594501225,0,1,2,1,0.6083599225677025,0.39164007743229745
3,15938041,120,0.529594645113758,0.5859998122733959,0.059189290227515956,0.8379168544193067,-0.559441594501225,1,1,2,1,0.529594645113758,0.470405354886242
3,15938041,121,0.5859998122733959,0.5108587318457427,0.17199962454679185,0.8379168544193067,-0.559441594501225,0,1,2,1,0.5859998122733959,0.4140001877266041
3,15938041,122,0.5108587318457427,0.44789675410475144,0.021717463691485417,0.8379168544193067,-0.559441594501225,0,1,2,1,0.5108587318457427,0.4891412681542573
3,15938041,123,0.44789675410475144,0.3951398517740511,0.10420649179049712,0.8379168544193067,-0.559441594501225,0,1,2,1,0.44789675410475144,0.5521032458952486
3,15938041,124,0.3951398517740511,0.4733378747683875,0.20972029645189783,0.8379168544193067,-0.559441594501225,1,1,2,1,0.3951398517740511,0.6048601482259489
3,15938041,125,0.4733378747683875,0.41645739557689193,0.053324250463224976,0.8379168544193067,-0.559441594501225,0,1,2,1,0.4733378747683875,0.5266621252316125
3,15938041,126,0.41645739557689193,0.49120020400978515,0.16708520884621614,0.8379168544193067,-0.559441594501225,1,1,2,1,0.41645739557689193,0.583542604423108
3,15938041,127,0.49120020400978515,0.5538284629388,0.017599591980429707,0.8379168544193067,-0.559441594501225,1,1,2,1,0.49120020400978515,0.5087997959902149
3,15938041,128,0.5538284629388,0.6063057366558724,0.1076569258775999,0.8379168544193067,-0.559441594501225,1,1,2,1,0.5538284629388,0.44617153706120005
3,15938041,129,0.6063057366558724,0.6502773287756376,0.2126114733117448,0.8379168544193067,-0.559441594501225,1,1,2,1,0.6063057366558724,0.3936942633441276
3,15938041,130,0.6502773287756376,0.6871218669272149,0.3005546575512752,0.8379168544193067,-0.559441594501225,1,1,2,1,0.6502773287756376,0.3497226712243624
3,15938041,131,0.6871218669272149,0.5955906058166001,0.37424373385442977,0.8379168544193067,-0.559441594501225,0,1,2,1,0.6871218669272149,0.3128781330727851
3,15938041,132,0.5955906058166001,0.6412989400465056,0.19118121163320012,0.8379168544193067,-0.559441594501225,1,1,2,1,0.5955906058166001,0.40440939418339994
3,15938041,133,0.6412989400465056,0.5571948030665633,0.2825978800930111,0.8379168544193067,-0.559441594501225,0,1,2,1,0.6412989400465056,0.35870105995349444
3,15938041,134,0.5571948030665633,0.6091264497827817,0.11438960613312665,0.8379168544193067,-0.559441594501225,1,1,2,1,0.5571948030665633,0.4428051969334367
3,15938041,135,0.6091264497827817,0.5302369312272721,0.21825289956556349,0.8379168544193067,-0.559441594501225,0,1,2,1,0.6091264497827817,0.39087355021721826
3,15938041,136,0.5302369312272721,0.5865379946088849,0.060473862454544225,0.8379168544193067,-0.559441594501225,1,1,2,1,0.5302369312272721,0.4697630687727279
3,15938041,137,0.5865379946088849,0.6337136045376129,0.1730759892177698,0.8379168544193067,-0.559441594501225,1,1,2,1,0.5865379946088849,0.4134620053911151
3,15938041,138,0.6337136045376129,0.6732428432140855,0.2674272090752259,0.8379168544193067,-0.559441594501225,1,1,2,1,0.6337136045376129,0.36628639546238706
3,15938041,139,0.6732428432140855,0.706365058543241,0.3464856864281709,0.8379168544193067,-0.559441594501225,1,1,2,1,0.6732428432140855,0.32675715678591455
3,15938041,140,0.706365058543241,0.7341187210230887,0.4127301170864821,0.8379168544193067,-0.559441594501225,1,1,2,1,0.706365058543241,0.29363494145675895
3,15938041,141,0.7341187210230887,0.7573739825867071,0.46823744204617745,0.8379168544193067,-0.559441594501225,1,1,2,1,0.7341187210230887,0.2658812789769113
3,15938041,142,0.7573739825867071,0.7768599582047149,0.5147479651734141,0.8379168544193067,-0.559441594501225,1,1,2,1,0.7573739825867071,0.24262601741329293
3,15938041,143,0.7768599582047149,0.793187585599793,0.5537199164094297,0.8379168544193067,-0.559441594501225,1,1,2,1,0.7768599582047149,0.22314004179528513
3,15938041,144,0.793187585599793,0.8068687797867686,0.5863751711995859,0.8379168544193067,-0.559441594501225,1,1,2,1,0.793187585599793,0.20681241440020703
3,15938041,145,0.8068687797867686,0.8183324829845924,0.6137375595735373,0.8379168544193067,-0.559441594501225,1,1,2,1,0.8068687797867686,0.19313122021323137
3,15938041,146,0.8183324829845924,0.7055341924953062,0.6366649659691848,0.8379168544193067,-0.559441594501225,0,1,2,1,0.8183324829845924,0.18166751701540762
3,15938041,147,0.7055341924953062,0.611018603744804,0.4110683849906125,0.8379168544193067,-0.559441594501225,0,1,2,1,0.7055341924953062,0.29446580750469376
3,15938041,148,0.611018603744804,0.5318223989255033,0.22203720748960798,0.8379168544193067,-0.559441594501225,0,1,2,1,0.611018603744804,0.388981396255196
3,15938041,149,0.5318223989255033,0.5878664847139956,0.06364479785100663,0.8379168544193067,-0.559441594501225,1,1,2,1,0.5318223989255033,0.4681776010744967
3,15938041,150,0.5878664847139956,0.6348267687866493,0.17573296942799121,0.8379168544193067,-0.559441594501225,1,1,2,1,0.5878664847139956,0.4121335152860044
3,15938041,151,0.6348267687866493,0.6741755822994124,0.2696535375732987,0.8379168544193067,-0.559441594501225,1,1,2,1,0.6348267687866493,0.36517323121335066
3,15938041,152,0.6741755822994124,0.5847426957307226,0.34835116459882487,0.8379168544193067,-0.559441594501225,0,1,2,1,0.6741755822994124,0.32582441770058757
3,15938041,153,0.5847426957307226,0.50980537273549,0.16948539146144515,0.8379168544193067,-0.559441594501225,0,1,2,1,0.5847426957307226,0.4152573042692774
3,15938041,154,0.50980537273549,0.5694180473851065,0.019610745470979962,0.8379168544193067,-0.559441594501225,1,1,2,1,0.50980537273549,0.49019462726451
3,15938041,155,0.5694180473851065,0.6193685122110149,0.13883609477021297,0.8379168544193067,-0.559441594501225,1,1,2,1,0.5694180473851065,0.4305819526148935
3,15938041,156,0.6193685122110149,0.5388189279623936,0.2387370244220297,0.8379168544193067,-0.559441594501225,0,1,2,1,0.6193685122110149,0.38063148778898515
3,15938041,157,0.5388189279623936,0.5937289943163239,0.07763785592478722,0.8379168544193067,-0.559441594501225,1,1,2,1,0.5388189279623936,0.4611810720376064
3,15938041,158,0.5937289943163239,0.6397390643915535,0.18745798863264773,0.8379168544193067,-0.559441594501225,1,1,2,1,0.5937289943163239,0.40627100568367613
3,15938041,159,0.6397390643915535,0.5558877569683197,0.27947812878310696,0.8379168544193067,-0.559441594501225,0,1,2,1,0.6397390643915535,0.3602609356084465
3,15938041,160,0.5558877569683197,0.6080312538255744,0.11177551393663943,0.8379168544193067,-0.559441594501225,1,1,2,1,0.5558877569683197,0.4441122430316803
3,15938041,161,0.6080312538255744,0.6517231686906222,0.21606250765114887,0.8379168544193067,-0.559441594501225,1,1,2,1,0.6080312538255744,0.39196874617442556
3,15938041,162,0.6517231686906222,0.6883333605578947,0.3034463373812444,0.8379168544193067,-0.559441594501225,1,1,2,1,0.6517231686906222,0.3482768313093778
3,15938041,163,0.6883333605578947,0.5966057367547584,0.37666672111578947,0.8379168544193067,-0.559441594501225,0,1,2,1,0.6883333605578947,0.31166663944210526
3,15938041,164,0.5966057367547584,0.5197456147542832,0.19321147350951673,0.8379168544193067,-0.559441594501225,0,1,2,1,0.5966057367547584,0.40339426324524164
3,15938041,165,0.5197456147542832,0.5777471437096026,0.03949122950856632,0.8379168544193067,-0.559441594501225,1,1,2,1,0.5197456147542832,0.48025438524571684
3,15938041,166,0.5777471437096026,0.6263476024033515,0.15549428741920512,0.8379168544193067,-0.559441594501225,1,1,2,1,0.5777471437096026,0.42225285629039744
3,15938041,167,0.6263476024033515,0.5446668252631194,0.25269520480670304,0.8379168544193067,-0.559441594501225,0,1,2,1,0.6263476024033515,0.3736523975966485
3,15938041,168,0.5446668252631194,0.5986290460274839,0.08933365052623876,0.8379168544193067,-0.559441594501225,1,1,2,1,0.5446668252631194,0.4553331747368806
3,15938041,169,0.5986290460274839,0.6438449003078388,0.1972580920549678,0.8379168544193067,-0.559441594501225,1,1,2,1,0.5986290460274839,0.4013709539725161
3,15938041,170,0.6438449003078388,0.6817320266963144,0.2876898006156776,0.8379168544193067,-0.559441594501225,1,1,2,1,0.6438449003078388,0.3561550996921612
3,15938041,171,0.6817320266963144,0.713478288462732,0.36346405339262877,0.8379168544193067,-0.559441594501225,1,1,2,1,0.6817320266963144,0.3182679733036856
3,15938041,172,0.713478288462732,0.7400790162616199,0.42695657692546396,0.8379168544193067,-0.559441594501225,1,1,2,1,0.713478288462732,0.286521711537268
3,15938041,173,0.7400790162616199,0.6399642938119053,0.48015803252323974,0.8379168544193067,-0.559441594501225,0,1,2,1,0.7400790162616199,0.25992098373838013
3,15938041,174,0.6399642938119053,0.5560764804957797,0.2799285876238107,0.8379168544193067,-0.559441594501225,0,1,2,1,0.6399642938119053,0.36003570618809466
3,15938041,175,0.5560764804957797,0.6081893884500397,0.11215296099155947,0.8379168544193067,-0.559441594501225,1,1,2,1,0.5560764804957797,0.44392351950422027
3,15938041,176,0.6081893884500397,0.6518556723577156,0.21637877690007934,0.8379168544193067,-0.559441594501225,1,1,2,1,0.6081893884500397,0.39181061154996033
3,15938041,177,0.6518556723577156,0.6884443876138155,0.30371134471543115,0.8379168544193067,-0.559441594501225,1,1,2,1,0.6518556723577156,0.3481443276422844
3,15938041,178,0.6884443876138155,0.7191026888084503,0.3768887752276311,0.8379168544193067,-0.559441594501225,1,1,2,1,0.6884443876138155,0.31155561238618446
3,15938041,179,0.7191026888084503,0.6223878754950788,0.4382053776169006,0.8379168544193067,-0.559441594501225,0,1,2,1,0.7191026888084503,0.2808973111915497
3,15938041,180,0.6223878754950788,0.5413489033477883,0.24477575099015758,0.8379168544193067,-0.559441594501225,0,1,2,1,0.6223878754950788,0.3776121245049212
3,15938041,181,0.5413489033477883,0.595848903332976,0.08269780669557658,0.8379168544193067,-0.559441594501225,1,1,2,1,0.5413489033477883,0.4586510966522117
3,15938041,182,0.595848903332976,0.6415153718864168,0.19169780666595204,0.8379168544193067,-0.559441594501225,1,1,2,1,0.595848903332976,0.404151096667024
3,15938041,183,0.6415153718864168,0.5573761549569354,0.28303074377283366,0.8379168544193067,-0.559441594501225,0,1,2,1,0.6415153718864168,0.35848462811358317
3,15938041,184,0.5573761549569354,0.6092784075862993,0.11475230991387075,0.8379168544193067,-0.559441594501225,1,1,2,1,0.5573761549569354,0.4426238450430646
3,15938041,185,0.6092784075862993,0.6527681798467718,0.2185568151725985,0.8379168544193067,-0.559441594501225,1,1,2,1,0.6092784075862993,0.39072159241370075
3,15938041,186,0.6527681798467718,0.6892089930186791,0.30553635969354365,0.8379168544193067,-0.559441594501225,1,1,2,1,0.6527681798467718,0.3472318201532282
3,15938041,187,0.6892089930186791,0.5973394439519468,0.3784179860373582,0.8379168544193067,-0.559441594501225,0,1,2,1,0.6892089930186791,0.3107910069813209
3,15938041,188,0.5973394439519468,0.6427643209932488,0.19467888790389365,0.8379168544193067,-0.559441594501225,1,1,2,1,0.5973394439519468,0.4026605560480532
3,15938041,189,0.6427643209932488,0.6808265910760801,0.2855286419864975,0.8379168544193067,-0.559441594501225,1,1,2,1,0.6427643209932488,0.35723567900675124
3,15938041,190,0.6808265910760801,0.7127196086959443,0.36165318215216025,0.8379168544193067,-0.559441594501225,1,1,2,1,0.6808265910760801,0.3191734089239199
3,15938041,191,0.7127196086959443,0.7394433056979205,0.4254392173918886,0.8379168544193067,-0.559441594501225,1,1,2,1,0.7127196086959443,0.2872803913040557
3,15938041,192,0.7394433056979205,0.761835541828271,0.478886611395841,0.8379168544193067,-0.559441594501225,1,1,2,1,0.7394433056979205,0.2605566943020795
3,15938041,193,0.761835541828271,0.7805983738900286,0.5236710836565419,0.8379168544193067,-0.559441594501225,1,1,2,1,0.761835541828271,0.23816445817172904
3,15938041,194,0.7805983738900286,0.6739161464989963,0.5611967477800572,0.8379168544193067,-0.559441594501225,0,1,2,1,0.7805983738900286,0.21940162610997138
3,15938041,195,0.6739161464989963,0.7069292307132753,0.3478322929979927,0.8379168544193067,-0.559441594501225,1,1,2,1,0.6739161464989963,0.32608385350100366
3,15938041,196,0.7069292307132753,0.7345914503927834,0.4138584614265506,0.8379168544193067,-0.559441594501225,1,1,2,1,0.7069292307132753,0.2930707692867247
3,15938041,197,0.7345914503927834,0.6353661698806751,0.4691829007855668,0.8379168544193067,-0.559441594501225,0,1,2,1,0.7345914503927834,0.2654085496072166
3,15938041,198,0.6353661698806751,0.5522236349550959,0.27073233976135014,0.8379168544193067,-0.559441594501225,0,1,2,1,0.6353661698806751,0.36463383011932493
3,15938041,199,0.5522236349550959,0.4825571036218071,0.10444726991019171,0.8379168544193067,-0.559441594501225,0,1,2,1,0.5522236349550959,0.44777636504490415
3,15938041,200,0.4825571036218071,0.42418234282871375,0.034885792756385814,0.8379168544193067,-0.559441594501225,0,1,2,1,0.4825571036218071,0.517442896378193
3,15938041,201,0.42418234282871375,0.49767306749970325,0.1516353143425725,0.8379168544193067,-0.559441594501225,1,1,2,1,0.42418234282871375,0.5758176571712863
3,15938041,202,0.49767306749970325,0.5592521843450142,0.0046538650005935045,0.8379168544193067,-0.559441594501225,1,1,2,1,0.49767306749970325,0.5023269325002968
3,15938041,203,0.5592521843450142,0.6108503642299561,0.11850436869002845,0.8379168544193067,-0.559441594501225,1,1,2,1,0.5592521843450142,0.4407478156549858
3,15938041,204,0.6108503642299561,0.5316814282006904,0.22170072845991218,0.8379168544193067,-0.559441594501225,0,1,2,1,0.6108503642299561,0.3891496357700439
3,15938041,205,0.5316814282006904,0.5877483629675425,0.06336285640138084,0.8379168544193067,-0.559441594501225,1,1,2,1,0.5316814282006904,0.4683185717993096
3,15938041,206,0.5877483629675425,0.5123238719720978,0.17549672593508503,0.8379168544193067,-0.559441594501225,0,1,2,1,0.5877483629675425,0.4122516370324575
3,15938041,207,0.5123238719720978,0.44912441973101763,0.024647743944195666,0.8379168544193067,-0.559441594501225,0,1,2,1,0.5123238719720978,0.48767612802790217
3,15938041,208,0.44912441973101763,0.5185724541203662,0.10175116053796474,0.8379168544193067,-0.559441594501225,1,1,2,1,0.44912441973101763,0.5508755802689824
3,15938041,209,0.5185724541203662,0.45436021202927523,0.037144908240732466,0.8379168544193067,-0.559441594501225,0,1,2,1,0.5185724541203662,0.48142754587963377
3,15938041,210,0.45436021202927523,0.4005556921210973,0.09127957594144953,0.8379168544193067,-0.559441594501225,0,1,2,1,0.45436021202927523,0.5456397879707248
3,15938041,211,0.4005556921210973,0.35547197804609576,0.19888861575780536,0.8379168544193067,-0.559441594501225,0,1,2,1,0.4005556921210973,0.5994443078789027
3,15938041,212,0.35547197804609576,0.44009949477504906,0.2890560439078085,0.8379168544193067,-0.559441594501225,1,1,2,1,0.35547197804609576,0.6445280219539042
3,15938041,213,0.44009949477504906,0.5110103173898907,0.11980101044990188,0.8379168544193067,-0.559441594501225,1,1,2,1,0.44009949477504906,0.5599005052249509
3,15938041,214,0.5110103173898907,0.5704276908196043,0.022020634779781334,0.8379168544193067,-0.559441594501225,1,1,2,1,0.5110103173898907,0.48898968261010933
3,15938041,215,0.5704276908196043,0.6202145094616872,0.14085538163920863,0.8379168544193067,-0.559441594501225,1,1,2,1,0.5704276908196043,0.4295723091803957
3,15938041,216,0.6202145094616872,0.6619317239298059,0.24042901892337443,0.8379168544193067,-0.559441594501225,1,1,2,1,0.6202145094616872,0.3797854905383128
3,15938041,217,0.6619317239298059,0.6968872810520675,0.32386344785961185,0.8379168544193067,-0.559441594501225,1,1,2,1,0.6619317239298059,0.3380682760701941
3,15938041,218,0.6968872810520675,0.6037732109082095,0.3937745621041351,0.8379168544193067,-0.559441594501225,0,1,2,1,0.6968872810520675,0.30311271894793246
3,15938041,219,0.6037732109082095,0.648155282763307,0.2075464218164189,0.8379168544193067,-0.559441594501225,1,1,2,1,0.6037732109082095,0.39622678909179054
3,15938041,220,0.648155282763307,0.6853437688047421,0.29631056552661406,0.8379168544193067,-0.559441594501225,1,1,2,1,0.648155282763307,0.35184471723669297
3,15938041,221,0.6853437688047421,0.7165046280491976,0.37068753760948425,0.8379168544193067,-0.559441594501225,1,1,2,1,0.6853437688047421,0.3146562311952579
3,15938041,222,0.7165046280491976,0.7426148372083146,0.43300925609839513,0.8379168544193067,-0.559441594501225,1,1,2,1,0.7165046280491976,0.28349537195080243
3,15938041,223,0.7426148372083146,0.6420891009229341,0.4852296744166291,0.8379168544193067,-0.559441594501225,0,1,2,1,0.7426148372083146,0.25738516279168544
3,15938041,224,0.6420891009229341,0.5578568921865036,0.2841782018458683,0.8379168544193067,-0.559441594501225,0,1,2,1,0.6420891009229341,0.35791089907706586
3,15938041,225,0.5578568921865036,0.4872773048012831,0.11571378437300717,0.8379168544193067,-0.559441594501225,0,1,2,1,0.5578568921865036,0.4421431078134964
3,15938041,226,0.4872773048012831,0.42813747895324666,0.025445390397433765,0.8379168544193067,-0.559441594501225,0,1,2,1,0.4872773048012831,0.5127226951987169
3,15938041,227,0.42813747895324666,0.5009871427199721,0.14372504209350667,0.8379168544193067,-0.559441594501225,1,1,2,1,0.42813747895324666,0.5718625210467534
3,15938041,228,0.5009871427199721,0.43962518321667304,0.0019742854399442678,0.8379168544193067,-0.559441594501225,0,1,2,1,0.5009871427199721,0.49901285728002787
3,15938041,229,0.43962518321667304,0.5106128837408817,0.12074963356665391,0.8379168544193067,-0.559441594501225,1,1,2,1,0.43962518321667304,0.5603748167833269
3,15938041,230,0.5106128837408817,0.5700946744665862,0.021225767481763302,0.8379168544193067,-0.559441594501225,1,1,2,1,0.5106128837408817,0.48938711625911835
3,15938041,231,0.5700946744665862,0.6199354694466962,0.14018934893317248,0.8379168544193067,-0.559441594501225,1,1,2,1,0.5700946744665862,0.42990532553341376
3,15938041,232,0.6199354694466962,0.6616979115981874,0.2398709388933924,0.8379168544193067,-0.559441594501225,1,1,2,1,0.6199354694466962,0.3800645305533038
3,15938041,233,0.6616979115981874,0.6966913657586333,0.3233958231963747,0.8379168544193067,-0.559441594501225,1,1,2,1,0.6616979115981874,0.33830208840181264
3,15938041,234,0.6966913657586333,0.7260129707940203,0.39338273151726666,0.8379168544193067,-0.559441594501225,1,1,2,1,0.6966913657586333,0.30330863424136667
3,15938041,235,0.7260129707940203,0.750582037851797,0.45202594158804055,0.8379168544193067,-0.559441594501225,1,1,2,1,0.7260129707940203,0.2739870292059797
3,15938041,236,0.750582037851797,0.7711688732368663,0.501164075703594,0.8379168544193067,-0.559441594501225,1,1,2,1,0.750582037851797,0.249417962148203
3,15938041,237,0.7711688732368663,0.7884189295851718,0.5423377464737327,0.8379168544193067,-0.559441594501225,1,1,2,1,0.7711688732368663,0.22883112676313366
3,15938041,238,0.7884189295851718,0.8028730425390995,0.5768378591703436,0.8379168544193067,-0.559441594501225,1,1,2,1,0.7884189295851718,0.2115810704148282
3,15938041,239,0.8028730425390995,0.6925804667866582,0.605746085078199,0.8379168544193067,-0.559441594501225,0,1,2,1,0.8028730425390995,0.19712695746090048
3,15938041,240,0.6925804667866582,0.6001644586463695,0.3851609335733164,0.8379168544193067,-0.559441594501225,0,1,2,1,0.6925804667866582,0.3074195332133418
4,15938046,1,0.5,0.3333333333333333,0,1.2037318784025,0.2455988513511125,0,2,1,2,0.5,0.5
4,15938046,2,0.3333333333333333,0.4757677363476471,0.33333333333333337,1.2037318784025,0.2455988513511125,1,2,1,2,0.6666666666666667,0.3333333333333333
4,15938046,3,0.4757677363476471,0.38985457860488176,0.04846452730470585,1.2037318784025,0.2455988513511125,0,2,1,2,0.5242322636523529,0.4757677363476471
4,15938046,4,0.38985457860488176,0.46627404142272394,0.22029084279023647,1.2037318784025,0.2455988513511125,1,2,1,2,0.6101454213951183,0.38985457860488176
4,15938046,5,0.46627404142272394,0.521029993742186,0.06745191715455212,1.2037318784025,0.2455988513511125,1,2,1,2,0.533725958577276,0.46627404142272394
4,15938046,6,0.521029993742186,0.561578350346689,0.0420599874843719,1.2037318784025,0.2455988513511125,1,2,1,2,0.47897000625781405,0.521029993742186
4,15938046,7,0.561578350346689,0.5259686805502483,0.12315670069337803,1.2037318784025,0.2455988513511125,0,2,1,2,0.438421649653311,0.561578350346689
4,15938046,8,0.5259686805502483,0.5518454706755398,0.051937361100496515,1.2037318784025,0.2455988513511125,1,2,1,2,0.47403131944975174,0.5259686805502483
4,15938046,9,0.5518454706755398,0.5721292966678739,0.10369094135107959,1.2037318784025,0.2455988513511125,1,2,1,2,0.4481545293244602,0.5518454706755398
4,15938046,10,0.5721292966678739,0.5530467571716036,0.14425859333574786,1.2037318784025,0.2455988513511125,0,2,1,2,0.42787070333212607,0.5721292966678739
4,15938046,11,0.5530467571716036,0.537788292724027,0.10609351434320713,1.2037318784025,0.2455988513511125,0,2,1,2,0.44695324282839644,0.5530467571716036
4,15938046,12,0.537788292724027,0.5255016342680382,0.0755765854480539,1.2037318784025,0.2455988513511125,0,2,1,2,0.46221170727597305,0.537788292724027
4,15938046,13,0.5255016342680382,0.5155519417944489,0.051003268536076396,1.2037318784025,0.2455988513511125,0,2,1,2,0.4744983657319618,0.5255016342680382
4,15938046,14,0.5155519417944489,0.5074577997057883,0.031103883588897707,1.2037318784025,0.2455988513511125,0,2,1,2,0.48444805820555115,0.5155519417944489
4,15938046,15,0.5074577997057883,0.5008486384003732,0.014915599411576608,1.2037318784025,0.2455988513511125,0,2,1,2,0.4925422002942117,0.5074577997057883
4,15938046,16,0.5008486384003732,0.4954356186207573,0.0016972768007463834,1.2037318784025,0.2455988513511125,0,2,1,2,0.4991513615996268,0.5008486384003732
4,15938046,17,0.4954356186207573,0.4999283471603032,0.009128762758485398,1.2037318784025,0.2455988513511125,1,2,1,2,0.5045643813792426,0.4954356186207573
4,15938046,18,0.4999283471603032,0.4962326675075947,1.433056793935794e-4,1.2037318784025,0.2455988513511125,0,2,1,2,0.5000716528396968,0.4999283471603032
4,15938046,19,0.4962326675075947,0.49318701212961286,0.007534664984810591,1.2037318784025,0.2455988513511125,0,2,1,2,0.5037673324924052,0.4962326675075947
4,15938046,20,0.49318701212961286,0.4906735779465549,0.013625975740774288,1.2037318784025,0.2455988513511125,0,2,1,2,0.5068129878703871,0.49318701212961286
4,15938046,21,0.4906735779465549,0.4927965783860251,0.018652844106890165,1.2037318784025,0.2455988513511125,1,2,1,2,0.509326422053445,0.4906735779465549
4,15938046,22,0.4927965783860251,0.49107063537366363,0.014406843227949828,1.2037318784025,0.2455988513511125,0,2,1,2,0.5072034216139749,0.4927965783860251
4,15938046,23,0.49107063537366363,0.4896422145940858,0.017858729252672734,1.2037318784025,0.2455988513511125,0,2,1,2,0.5089293646263364,0.49107063537366363
4,15938046,24,0.4896422145940858,0.49085456490208723,0.0207155708118284,1.2037318784025,0.2455988513511125,1,2,1,2,0.5103577854059143,0.4896422145940858
4,15938046,25,0.49085456490208723,0.4918591107529943,0.018290870195825537,1.2037318784025,0.2455988513511125,1,2,1,2,0.5091454350979128,0.49085456490208723
4,15938046,26,0.4918591107529943,0.49269183946807793,0.016281778494011356,1.2037318784025,0.2455988513511125,1,2,1,2,0.5081408892470056,0.4918591107529943
4,15938046,27,0.49269183946807793,0.49201314577923966,0.01461632106384414,1.2037318784025,0.2455988513511125,0,2,1,2,0.5073081605319221,0.49269183946807793
4,15938046,28,0.49201314577923966,0.49258689270437866,0.015973708441520684,1.2037318784025,0.2455988513511125,1,2,1,2,0.5079868542207604,0.49201314577923966
4,15938046,29,0.49258689270437866,0.4921191314630924,0.01482621459124267,1.2037318784025,0.2455988513511125,0,2,1,2,0.5074131072956214,0.49258689270437866
4,15938046,30,0.4921191314630924,0.49173093658234984,0.01576173707381523,1.2037318784025,0.2455988513511125,0,2,1,2,0.5078808685369076,0.4921191314630924
4,15938046,31,0.49173093658234984,0.4914087178319668,0.016538126835300315,1.2037318784025,0.2455988513511125,0,2,1,2,0.5082690634176501,0.49173093658234984
4,15938046,32,0.4914087178319668,0.4911412235965576,0.017182564336066353,1.2037318784025,0.2455988513511125,0,2,1,2,0.5085912821680332,0.4914087178319668
4,15938046,33,0.4911412235965576,0.4913680267348712,0.017717552806884806,1.2037318784025,0.2455988513511125,1,2,1,2,0.5088587764034425,0.4911412235965576
4,15938046,34,0.4913680267348712,0.49118351573652713,0.017263946530257646,1.2037318784025,0.2455988513511125,0,2,1,2,0.5086319732651288,0.4913680267348712
4,15938046,35,0.49118351573652713,0.49103029524746433,0.017632968526945736,1.2037318784025,0.2455988513511125,0,2,1,2,0.5088164842634728,0.49118351573652713
4,15938046,36,0.49103029524746433,0.490903050112653,0.017939409505071335,1.2037318784025,0.2455988513511125,0,2,1,2,0.5089697047525357,0.49103029524746433
4,15938046,37,0.490903050112653,0.49079737073675406,0.01819389977469399,1.2037318784025,0.2455988513511125,0,2,1,2,0.509096949887347,0.490903050112653
4,15938046,38,0.49079737073675406,0.49070959796421526,0.018405258526491886,1.2037318784025,0.2455988513511125,0,2,1,2,0.5092026292632459,0.49079737073675406
4,15938046,39,0.49070959796421526,0.4906366947896885,0.01858080407156948,1.2037318784025,0.2455988513511125,0,2,1,2,0.5092904020357847,0.49070959796421526
4,15938046,40,0.4906366947896885,0.49069860833154827,0.018726610420622958,1.2037318784025,0.2455988513511125,1,2,1,2,0.5093633052103115,0.4906366947896885
4,15938046,41,0.49069860833154827,0.4906483019014526,0.01860278333690346,1.2037318784025,0.2455988513511125,0,2,1,2,0.5093013916684517,0.49069860833154827
4,15938046,42,0.4906483019014526,0.4906910259389726,0.018703396197094824,1.2037318784025,0.2455988513511125,1,2,1,2,0.5093516980985474,0.4906483019014526
4,15938046,43,0.4906910259389726,0.4906563106955825,0.01861794812205475,1.2037318784025,0.2455988513511125,0,2,1,2,0.5093089740610274,0.4906910259389726
4,15938046,44,0.4906563106955825,0.4906274732108539,0.01868737860883496,1.2037318784025,0.2455988513511125,0,2,1,2,0.5093436893044174,0.4906563106955825
4,15938046,45,0.4906274732108539,0.49060351799218765,0.018745053578292148,1.2037318784025,0.2455988513511125,0,2,1,2,0.509372526789146,0.4906274732108539
4,15938046,46,0.49060351799218765,0.49058361824530183,0.01879296401562469,1.2037318784025,0.2455988513511125,0,2,1,2,0.5093964820078123,0.49060351799218765
4,15938046,47,0.49058361824530183,0.49060052233926227,0.018832763509396333,1.2037318784025,0.2455988513511125,1,2,1,2,0.5094163817546982,0.49058361824530183
4,15938046,48,0.49060052233926227,0.4906145649023646,0.018798955321475463,1.2037318784025,0.2455988513511125,1,2,1,2,0.5093994776607378,0.49060052233926227
4,15938046,49,0.4906145649023646,0.49060315604039206,0.018770870195270795,1.2037318784025,0.2455988513511125,0,2,1,2,0.5093854350976355,0.4906145649023646
4,15938046,50,0.49060315604039206,0.4906128471755083,0.018793687919215873,1.2037318784025,0.2455988513511125,1,2,1,2,0.5093968439596079,0.49060315604039206
4,15938046,51,0.4906128471755083,0.49062089791651975,0.018774305648983414,1.2037318784025,0.2455988513511125,1,2,1,2,0.5093871528244918,0.4906128471755083
4,15938046,52,0.49062089791651975,0.4906143569202616,0.0187582041669605,1.2037318784025,0.2455988513511125,0,2,1,2,0.5093791020834803,0.49062089791651975
4,15938046,53,0.4906143569202616,0.49060892306700193,0.018771286159476763,1.2037318784025,0.2455988513511125,0,2,1,2,0.5093856430797383,0.4906143569202616
4,15938046,54,0.49060892306700193,0.4906044089483875,0.018782153865996132,1.2037318784025,0.2455988513511125,0,2,1,2,0.5093910769329981,0.49060892306700193
4,15938046,55,0.4906044089483875,0.4906006588824567,0.018791182103224946,1.2037318784025,0.2455988513511125,0,2,1,2,0.5093955910516125,0.4906044089483875
4,15938046,56,0.4906006588824567,0.49060384440801713,0.018798682235086628,1.2037318784025,0.2455988513511125,1,2,1,2,0.5093993411175433,0.4906006588824567
4,15938046,57,0.49060384440801713,0.490601256337432,0.018792311183965738,1.2037318784025,0.2455988513511125,0,2,1,2,0.5093961555919828,0.49060384440801713
4,15938046,58,0.490601256337432,0.4906034547986046,0.018797487325135975,1.2037318784025,0.2455988513511125,1,2,1,2,0.509398743662568,0.490601256337432
4,15938046,59,0.4906034547986046,0.49060166866335597,0.018793090402790757,1.2037318784025,0.2455988513511125,0,2,1,2,0.5093965452013953,0.4906034547986046
4,15938046,60,0.49060166866335597,0.49060018483769574,0.018796662673288056,1.2037318784025,0.2455988513511125,0,2,1,2,0.509398331336644,0.49060166866335597
4,15938046,61,0.49060018483769574,0.49059895215385957,0.01879963032460852,1.2037318784025,0.2455988513511125,0,2,1,2,0.5093998151623043,0.49060018483769574
4,15938046,62,0.49059895215385957,0.4905999992777008,0.018802095692280862,1.2037318784025,0.2455988513511125,1,2,1,2,0.5094010478461404,0.49059895215385957
4,15938046,63,0.4905999992777008,0.4905991485489608,0.01880000144459837,1.2037318784025,0.2455988513511125,0,2,1,2,0.5094000007222992,0.4905999992777008
4,15938046,64,0.4905991485489608,0.4905984418075616,0.018801702902078388,1.2037318784025,0.2455988513511125,0,2,1,2,0.5094008514510392,0.4905991485489608
4,15938046,65,0.4905984418075616,0.4905990421622481,0.01880311638487675,1.2037318784025,0.2455988513511125,1,2,1,2,0.5094015581924384,0.4905984418075616
4,15938046,66,0.4905990421622481,0.49059855440874967,0.018801915675503822,1.2037318784025,0.2455988513511125,0,2,1,2,0.5094009578377519,0.4905990421622481
4,15938046,67,0.49059855440874967,0.49059814920806905,0.01880289118250067,1.2037318784025,0.2455988513511125,0,2,1,2,0.5094014455912503,0.49059855440874967
4,15938046,68,0.49059814920806905,0.4905984934138246,0.01880370158386191,1.2037318784025,0.2455988513511125,1,2,1,2,0.5094018507919309,0.49059814920806905
4,15938046,69,0.4905984934138246,0.4905982137667442,0.01880301317235078,1.2037318784025,0.2455988513511125,0,2,1,2,0.5094015065861754,0.4905984934138246
4,15938046,70,0.4905982137667442,0.49059845131853264,0.018803572466511653,1.2037318784025,0.2455988513511125,1,2,1,2,0.5094017862332558,0.4905982137667442
4,15938046,71,0.49059845131853264,0.4905986486645293,0.01880309736293473,1.2037318784025,0.2455988513511125,1,2,1,2,0.5094015486814674,0.49059845131853264
4,15938046,72,0.4905986486645293,0.49059848833231917,0.018802702670941418,1.2037318784025,0.2455988513511125,0,2,1,2,0.5094013513354707,0.4905986486645293
4,15938046,73,0.49059848833231917,0.4905983551364168,0.018803023335361657,1.2037318784025,0.2455988513511125,0,2,1,2,0.5094015116676809,0.49059848833231917
4,15938046,74,0.4905983551364168,0.49059824448398176,0.018803289727166383,1.2037318784025,0.2455988513511125,0,2,1,2,0.5094016448635832,0.4905983551364168
4,15938046,75,0.49059824448398176,0.4905981525595175,0.01880351103203648,1.2037318784025,0.2455988513511125,0,2,1,2,0.5094017555160182,0.49059824448398176
4,15938046,76,0.4905981525595175,0.49059807619330387,0.018803694880965005,1.2037318784025,0.2455988513511125,0,2,1,2,0.5094018474404824,0.4905981525595175
4,15938046,77,0.49059807619330387,0.4905981410641568,0.018803847613392266,1.2037318784025,0.2455988513511125,1,2,1,2,0.5094019238066961,0.49059807619330387
4,15938046,78,0.4905981410641568,0.4905980883603886,0.018803717871686443,1.2037318784025,0.2455988513511125,0,2,1,2,0.5094018589358432,0.4905981410641568
4,15938046,79,0.4905980883603886,0.49059813313069095,0.01880382327922281,1.2037318784025,0.2455988513511125,1,2,1,2,0.5094019116396113,0.4905980883603886
4,15938046,80,0.49059813313069095,0.49059809675744187,0.0188037337386181,1.2037318784025,0.2455988513511125,0,2,1,2,0.509401866869309,0.49059813313069095
4,15938046,81,0.49059809675744187,0.4905980665403753,0.01880380648511626,1.2037318784025,0.2455988513511125,0,2,1,2,0.5094019032425581,0.49059809675744187
4,15938046,82,0.4905980665403753,0.4905980414375554,0.0188038669192494,1.2037318784025,0.2455988513511125,0,2,1,2,0.5094019334596247,0.4905980665403753
4,15938046,83,0.4905980414375554,0.4905980205833943,0.018803917124889158,1.2037318784025,0.2455988513511125,0,2,1,2,0.5094019585624445,0.4905980414375554
4,15938046,84,0.4905980205833943,0.49059800325880526,0.0188039588332114,1.2037318784025,0.2455988513511125,0,2,1,2,0.5094019794166057,0.4905980205833943
4,15938046,85,0.49059800325880526,0.49059801797553876,0.01880399348238948,1.2037318784025,0.2455988513511125,1,2,1,2,0.5094019967411947,0.49059800325880526
4,15938046,86,0.49059801797553876,0.49059803020146153,0.018803964048922484,1.2037318784025,0.2455988513511125,1,2,1,2,0.5094019820244613,0.49059801797553876
4,15938046,87,0.49059803020146153,0.49059804035814397,0.018803939597076935,1.2037318784025,0.2455988513511125,1,2,1,2,0.5094019697985385,0.49059803020146153
4,15938046,88,0.49059804035814397,0.4905980321064353,0.018803919283712056,1.2037318784025,0.2455988513511125,0,2,1,2,0.509401959641856,0.49059804035814397
4,15938046,89,0.4905980321064353,0.4905980252513304,0.018803935787129356,1.2037318784025,0.2455988513511125,0,2,1,2,0.5094019678935646,0.4905980321064353
4,15938046,90,0.4905980252513304,0.4905980195564534,0.018803949497339212,1.2037318784025,0.2455988513511125,0,2,1,2,0.5094019747486696,0.4905980252513304
4,15938046,91,0.4905980195564534,0.4905980243940853,0.01880396088709324,1.2037318784025,0.2455988513511125,1,2,1,2,0.5094019804435466,0.4905980195564534
4,15938046,92,0.4905980243940853,0.4905980284129469,0.01880395121182943,1.2037318784025,0.2455988513511125,1,2,1,2,0.5094019756059147,0.4905980243940853
4,15938046,93,0.4905980284129469,0.4905980251478576,0.018803943174106164,1.2037318784025,0.2455988513511125,0,2,1,2,0.509401971587053,0.4905980284129469
4,15938046,94,0.4905980251478576,0.49059802243538553,0.018803949704284784,1.2037318784025,0.2455988513511125,0,2,1,2,0.5094019748521423,0.4905980251478576
4,15938046,95,0.49059802243538553,0.4905980247395515,0.018803955129228944,1.2037318784025,0.2455988513511125,1,2,1,2,0.5094019775646145,0.49059802243538553
4,15938046,96,0.4905980247395515,0.490598022867552,0.018803950520897006,1.2037318784025,0.2455988513511125,0,2,1,2,0.5094019752604485,0.4905980247395515
4,15938046,97,0.490598022867552,0.49059802131238867,0.018803954264896006,1.2037318784025,0.2455988513511125,0,2,1,2,0.5094019771324481,0.490598022867552
4,15938046,98,0.49059802131238867,0.49059802263345453,0.01880395737522267,1.2037318784025,0.2455988513511125,1,2,1,2,0.5094019786876114,0.49059802131238867
4,15938046,99,0.49059802263345453,0.490598021560166,0.018803954733090933,1.2037318784025,0.2455988513511125,0,2,1,2,0.5094019773665455,0.49059802263345453
4,15938046,100,0.490598021560166,0.49059802066853186,0.01880395687966796,1.2037318784025,0.2455988513511125,0,2,1,2,0.509401978439834,0.490598021560166
4,15938046,101,0.49059802066853186,0.4905980214259491,0.01880395866293627,1.2037318784025,0.2455988513511125,1,2,1,2,0.5094019793314681,0.49059802066853186
4,15938046,102,0.4905980214259491,0.49059802081059206,0.01880395714810179,1.2037318784025,0.2455988513511125,0,2,1,2,0.5094019785740509,0.4905980214259491
4,15938046,103,0.49059802081059206,0.4905980213333199,0.018803958378815877,1.2037318784025,0.2455988513511125,1,2,1,2,0.509401979189408,0.49059802081059206
4,15938046,104,0.4905980213333199,0.49059802176757605,0.018803957333360155,1.2037318784025,0.2455988513511125,1,2,1,2,0.5094019786666801,0.4905980213333199
4,15938046,105,0.49059802176757605,0.4905980214147685,0.018803956464847893,1.2037318784025,0.2455988513511125,0,2,1,2,0.509401978232424,0.49059802176757605
4,15938046,106,0.4905980214147685,0.49059802112167367,0.018803957170463015,1.2037318784025,0.2455988513511125,0,2,1,2,0.5094019785852315,0.4905980214147685
4,15938046,107,0.49059802112167367,0.49059802087818516,0.018803957756652667,1.2037318784025,0.2455988513511125,0,2,1,2,0.5094019788783264,0.49059802112167367
4,15938046,108,0.49059802087818516,0.49059802067590724,0.01880395824362968,1.2037318784025,0.2455988513511125,0,2,1,2,0.5094019791218148,0.49059802087818516
4,15938046,109,0.49059802067590724,0.49059802084773646,0.018803958648185515,1.2037318784025,0.2455988513511125,1,2,1,2,0.5094019793240927,0.49059802067590724
4,15938046,110,0.49059802084773646,0.49059802070813535,0.01880395830452708,1.2037318784025,0.2455988513511125,0,2,1,2,0.5094019791522635,0.49059802084773646
4,15938046,111,0.49059802070813535,0.4905980205921617,0.018803958583729297,1.2037318784025,0.2455988513511125,0,2,1,2,0.5094019792918647,0.49059802070813535
4,15938046,112,0.4905980205921617,0.4905980204958166,0.018803958815676647,1.2037318784025,0.2455988513511125,0,2,1,2,0.5094019794078384,0.4905980205921617
4,15938046,113,0.4905980204958166,0.490598020577659,0.018803959008366844,1.2037318784025,0.2455988513511125,1,2,1,2,0.5094019795041834,0.4905980204958166
4,15938046,114,0.490598020577659,0.49059802051116685,0.018803958844682,1.2037318784025,0.2455988513511125,0,2,1,2,0.509401979422341,0.490598020577659
4,15938046,115,0.49059802051116685,0.4905980205676499,0.01880395897766629,1.2037318784025,0.2455988513511125,1,2,1,2,0.5094019794888331,0.49059802051116685
4,15938046,116,0.4905980205676499,0.4905980205217607,0.01880395886470021,1.2037318784025,0.2455988513511125,0,2,1,2,0.5094019794323501,0.4905980205676499
4,15938046,117,0.4905980205217607,0.4905980204836383,0.018803958956478573,1.2037318784025,0.2455988513511125,0,2,1,2,0.5094019794782393,0.4905980205217607
4,15938046,118,0.4905980204836383,0.4905980205160222,0.01880395903272336,1.2037318784025,0.2455988513511125,1,2,1,2,0.5094019795163617,0.4905980204836383
4,15938046,119,0.4905980205160222,0.49059802048971207,0.018803958967955614,1.2037318784025,0.2455988513511125,0,2,1,2,0.5094019794839778,0.4905980205160222
4,15938046,120,0.49059802048971207,0.49059802046785506,0.018803959020575856,1.2037318784025,0.2455988513511125,0,2,1,2,0.509401979510288,0.49059802048971207
4,15938046,121,0.49059802046785506,0.49059802044969736,0.018803959064289888,1.2037318784025,0.2455988513511125,0,2,1,2,0.5094019795321449,0.49059802046785506
4,15938046,122,0.49059802044969736,0.4905980204651218,0.018803959100605283,1.2037318784025,0.2455988513511125,1,2,1,2,0.5094019795503026,0.49059802044969736
4,15938046,123,0.4905980204651218,0.49059802047793577,0.018803959069756404,1.2037318784025,0.2455988513511125,1,2,1,2,0.5094019795348782,0.4905980204651218
4,15938046,124,0.49059802047793577,0.49059802046752515,0.01880395904412846,1.2037318784025,0.2455988513511125,0,2,1,2,0.5094019795220642,0.49059802047793577
4,15938046,125,0.49059802046752515,0.4905980204588766,0.018803959064949693,1.2037318784025,0.2455988513511125,0,2,1,2,0.5094019795324749,0.49059802046752515
4,15938046,126,0.4905980204588766,0.4905980204516919,0.018803959082246746,1.2037318784025,0.2455988513511125,0,2,1,2,0.5094019795411233,0.4905980204588766
4,15938046,127,0.4905980204516919,0.4905980204577952,0.018803959096616252,1.2037318784025,0.2455988513511125,1,2,1,2,0.5094019795483081,0.4905980204516919
4,15938046,128,0.4905980204577952,0.4905980204628654,0.01880395908440957,1.2037318784025,0.2455988513511125,1,2,1,2,0.5094019795422048,0.4905980204577952
4,15938046,129,0.4905980204628654,0.4905980204587461,0.01880395907426924,1.2037318784025,0.2455988513511125,0,2,1,2,0.5094019795371346,0.4905980204628654
4,15938046,130,0.4905980204587461,0.49059802045532397,0.01880395908250776,1.2037318784025,0.2455988513511125,0,2,1,2,0.5094019795412539,0.4905980204587461
4,15938046,131,0.49059802045532397,0.4905980204582309,0.018803959089352063,1.2037318784025,0.2455988513511125,1,2,1,2,0.509401979544676,0.49059802045532397
4,15938046,132,0.4905980204582309,0.49059802045586914,0.018803959083538158,1.2037318784025,0.2455988513511125,0,2,1,2,0.509401979541769,0.4905980204582309
4,15938046,133,0.49059802045586914,0.49059802045390716,0.018803959088261712,1.2037318784025,0.2455988513511125,0,2,1,2,0.5094019795441309,0.49059802045586914
4,15938046,134,0.49059802045390716,0.49059802045557377,0.018803959092185685,1.2037318784025,0.2455988513511125,1,2,1,2,0.5094019795460929,0.49059802045390716
4,15938046,135,0.49059802045557377,0.4905980204542197,0.018803959088852462,1.2037318784025,0.2455988513511125,0,2,1,2,0.5094019795444262,0.49059802045557377
4,15938046,136,0.4905980204542197,0.49059802045537,0.01880395909156063,1.2037318784025,0.2455988513511125,1,2,1,2,0.5094019795457803,0.4905980204542197
4,15938046,137,0.49059802045537,0.49059802045443546,0.018803959089260025,1.2037318784025,0.2455988513511125,0,2,1,2,0.5094019795446301,0.49059802045537
4,15938046,138,0.49059802045443546,0.49059802045365913,0.018803959091129085,1.2037318784025,0.2455988513511125,0,2,1,2,0.5094019795455645,0.49059802045443546
4,15938046,139,0.49059802045365913,0.49059802045301415,0.018803959092681732,1.2037318784025,0.2455988513511125,0,2,1,2,0.5094019795463409,0.49059802045365913
4,15938046,140,0.49059802045301415,0.4905980204524783,0.0188039590939717,1.2037318784025,0.2455988513511125,0,2,1,2,0.5094019795469859,0.49059802045301415
4,15938046,141,0.4905980204524783,0.4905980204529335,0.0188039590950434,1.2037318784025,0.2455988513511125,1,2,1,2,0.5094019795475218,0.4905980204524783
4,15938046,142,0.4905980204529335,0.49059802045256373,0.018803959094133016,1.2037318784025,0.2455988513511125,0,2,1,2,0.5094019795470666,0.4905980204529335
4,15938046,143,0.49059802045256373,0.49059802045287776,0.018803959094872535,1.2037318784025,0.2455988513511125,1,2,1,2,0.5094019795474363,0.49059802045256373
4,15938046,144,0.49059802045287776,0.4905980204526226,0.018803959094244482,1.2037318784025,0.2455988513511125,0,2,1,2,0.5094019795471223,0.49059802045287776
4,15938046,145,0.4905980204526226,0.49059802045241063,0.018803959094754852,1.2037318784025,0.2455988513511125,0,2,1,2,0.5094019795473774,0.4905980204526226
4,15938046,146,0.49059802045241063,0.49059802045223455,0.018803959095178735,1.2037318784025,0.2455988513511125,0,2,1,2,0.5094019795475894,0.49059802045241063
4,15938046,147,0.49059802045223455,0.4905980204520882,0.018803959095530898,1.2037318784025,0.2455988513511125,0,2,1,2,0.5094019795477654,0.49059802045223455
4,15938046,148,0.4905980204520882,0.49059802045196665,0.018803959095823553,1.2037318784025,0.2455988513511125,0,2,1,2,0.5094019795479118,0.4905980204520882
4,15938046,149,0.49059802045196665,0.4905980204520699,0.01880395909606669,1.2037318784025,0.2455988513511125,1,2,1,2,0.5094019795480333,0.49059802045196665
4,15938046,150,0.4905980204520699,0.49059802045198597,0.01880395909586019,1.2037318784025,0.2455988513511125,0,2,1,2,0.5094019795479301,0.4905980204520699
4,15938046,151,0.49059802045198597,0.49059802045191625,0.018803959096028056,1.2037318784025,0.2455988513511125,0,2,1,2,0.509401979548014,0.49059802045198597
4,15938046,152,0.49059802045191625,0.49059802045185835,0.0188039590961675,1.2037318784025,0.2455988513511125,0,2,1,2,0.5094019795480837,0.49059802045191625
4,15938046,153,0.49059802045185835,0.49059802045190765,0.018803959096283296,1.2037318784025,0.2455988513511125,1,2,1,2,0.5094019795481417,0.49059802045185835
4,15938046,154,0.49059802045190765,0.4905980204518676,0.018803959096184708,1.2037318784025,0.2455988513511125,0,2,1,2,0.5094019795480924,0.49059802045190765
4,15938046,155,0.4905980204518676,0.49059802045190154,0.018803959096264755,1.2037318784025,0.2455988513511125,1,2,1,2,0.5094019795481324,0.4905980204518676
4,15938046,156,0.49059802045190154,0.490598020451874,0.01880395909619692,1.2037318784025,0.2455988513511125,0,2,1,2,0.5094019795480984,0.49059802045190154
4,15938046,157,0.490598020451874,0.4905980204518974,0.018803959096251988,1.2037318784025,0.2455988513511125,1,2,1,2,0.5094019795481259,0.490598020451874
4,15938046,158,0.4905980204518974,0.49059802045191686,0.018803959096205247,1.2037318784025,0.2455988513511125,1,2,1,2,0.5094019795481026,0.4905980204518974
4,15938046,159,0.49059802045191686,0.49059802045190104,0.01880395909616628,1.2037318784025,0.2455988513511125,0,2,1,2,0.5094019795480831,0.49059802045191686
4,15938046,160,0.49059802045190104,0.49059802045188794,0.01880395909619792,1.2037318784025,0.2455988513511125,0,2,1,2,0.509401979548099,0.49059802045190104
4,15938046,161,0.49059802045188794,0.49059802045187695,0.01880395909622412,1.2037318784025,0.2455988513511125,0,2,1,2,0.5094019795481121,0.49059802045188794
4,15938046,162,0.49059802045187695,0.49059802045188616,0.018803959096246103,1.2037318784025,0.2455988513511125,1,2,1,2,0.509401979548123,0.49059802045187695
4,15938046,163,0.49059802045188616,0.49059802045189393,0.018803959096227674,1.2037318784025,0.2455988513511125,1,2,1,2,0.5094019795481138,0.49059802045188616
4,15938046,164,0.49059802045189393,0.4905980204518877,0.01880395909621213,1.2037318784025,0.2455988513511125,0,2,1,2,0.5094019795481061,0.49059802045189393
4,15938046,165,0.4905980204518877,0.4905980204518825,0.018803959096224565,1.2037318784025,0.2455988513511125,0,2,1,2,0.5094019795481123,0.4905980204518877
4,15938046,166,0.4905980204518825,0.49059802045188694,0.018803959096235,1.2037318784025,0.2455988513511125,1,2,1,2,0.5094019795481175,0.4905980204518825
4,15938046,167,0.49059802045188694,0.49059802045189055,0.01880395909622612,1.2037318784025,0.2455988513511125,1,2,1,2,0.5094019795481131,0.49059802045188694
4,15938046,168,0.49059802045189055,0.49059802045189355,0.018803959096218903,1.2037318784025,0.2455988513511125,1,2,1,2,0.5094019795481095,0.49059802045189055
4,15938046,169,0.49059802045189355,0.49059802045189116,0.018803959096212908,1.2037318784025,0.2455988513511125,0,2,1,2,0.5094019795481064,0.49059802045189355
4,15938046,170,0.49059802045189116,0.4905980204518891,0.01880395909621768,1.2037318784025,0.2455988513511125,0,2,1,2,0.5094019795481088,0.49059802045189116
4,15938046,171,0.4905980204518891,0.49059802045188733,0.01880395909622179,1.2037318784025,0.2455988513511125,0,2,1,2,0.5094019795481108,0.4905980204518891
4,15938046,172,0.49059802045188733,0.49059802045188594,0.018803959096225342,1.2037318784025,0.2455988513511125,0,2,1,2,0.5094019795481126,0.49059802045188733
4,15938046,173,0.49059802045188594,0.4905980204518847,0.018803959096228118,1.2037318784025,0.2455988513511125,0,2,1,2,0.5094019795481141,0.49059802045188594
4,15938046,174,0.4905980204518847,0.4905980204518838,0.01880395909623056,1.2037318784025,0.2455988513511125,0,2,1,2,0.5094019795481153,0.4905980204518847
4,15938046,175,0.4905980204518838,0.49059802045188294,0.018803959096232448,1.2037318784025,0.2455988513511125,0,2,1,2,0.5094019795481162,0.4905980204518838
4,15938046,176,0.49059802045188294,0.4905980204518823,0.018803959096234113,1.2037318784025,0.2455988513511125,0,2,1,2,0.5094019795481171,0.49059802045188294
4,15938046,177,0.4905980204518823,0.49059802045188167,0.018803959096235445,1.2037318784025,0.2455988513511125,0,2,1,2,0.5094019795481177,0.4905980204518823
4,15938046,178,0.49059802045188167,0.49059802045188217,0.018803959096236667,1.2037318784025,0.2455988513511125,1,2,1,2,0.5094019795481184,0.49059802045188167
4,15938046,179,0.49059802045188217,0.4905980204518825,0.018803959096235667,1.2037318784025,0.2455988513511125,1,2,1,2,0.5094019795481178,0.49059802045188217
4,15938046,180,0.4905980204518825,0.4905980204518823,0.018803959096235,1.2037318784025,0.2455988513511125,0,2,1,2,0.5094019795481175,0.4905980204518825
4,15938046,181,0.4905980204518823,0.49059802045188194,0.018803959096235445,1.2037318784025,0.2455988513511125,0,2,1,2,0.5094019795481177,0.4905980204518823
4,15938046,182,0.49059802045188194,0.4905980204518818,0.01880395909623611,1.2037318784025,0.2455988513511125,0,2,1,2,0.5094019795481181,0.49059802045188194
4,15938046,183,0.4905980204518818,0.49059802045188156,0.018803959096236444,1.2037318784025,0.2455988513511125,0,2,1,2,0.5094019795481182,0.4905980204518818
4,15938046,184,0.49059802045188156,0.4905980204518817,0.01880395909623689,1.2037318784025,0.2455988513511125,1,2,1,2,0.5094019795481184,0.49059802045188156
4,15938046,185,0.4905980204518817,0.4905980204518816,0.018803959096236555,1.2037318784025,0.2455988513511125,0,2,1,2,0.5094019795481183,0.4905980204518817
4,15938046,186,0.4905980204518816,0.49059802045188156,0.018803959096236778,1.2037318784025,0.2455988513511125,0,2,1,2,0.5094019795481184,0.4905980204518816
4,15938046,187,0.49059802045188156,0.49059802045188133,0.01880395909623689,1.2037318784025,0.2455988513511125,0,2,1,2,0.5094019795481184,0.49059802045188156
4,15938046,188,0.49059802045188133,0.4905980204518813,0.018803959096237333,1.2037318784025,0.2455988513511125,0,2,1,2,0.5094019795481186,0.49059802045188133
4,15938046,189,0.4905980204518813,0.4905980204518814,0.018803959096237444,1.2037318784025,0.2455988513511125,1,2,1,2,0.5094019795481187,0.4905980204518813
4,15938046,190,0.4905980204518814,0.4905980204518813,0.01880395909623722,1.2037318784025,0.2455988513511125,0,2,1,2,0.5094019795481186,0.4905980204518814
4,15938046,191,0.4905980204518813,0.4905980204518813,0.018803959096237444,1.2037318784025,0.2455988513511125,0,2,1,2,0.5094019795481187,0.4905980204518813
4,15938046,192,0.4905980204518813,0.49059802045188117,0.018803959096237444,1.2037318784025,0.2455988513511125,0,2,1,2,0.5094019795481187,0.4905980204518813
4,15938046,193,0.49059802045188117,0.4905980204518813,0.018803959096237666,1.2037318784025,0.2455988513511125,1,2,1,2,0.5094019795481188,0.49059802045188117
4,15938046,194,0.4905980204518813,0.49059802045188133,0.018803959096237444,1.2037318784025,0.2455988513511125,1,2,1,2,0.5094019795481187,0.4905980204518813
4,15938046,195,0.49059802045188133,0.49059802045188133,0.018803959096237333,1.2037318784025,0.2455988513511125,1,2,1,2,0.5094019795481186,0.49059802045188133
4,15938046,196,0.49059802045188133,0.49059802045188133,0.018803959096237333,1.2037318784025,0.2455988513511125,1,2,1,2,0.5094019795481186,0.49059802045188133
4,15938046,197,0.49059802045188133,0.4905980204518814,0.018803959096237333,1.2037318784025,0.2455988513511125,0,2,1,2,0.5094019795481186,0.49059802045188133
4,15938046,198,0.4905980204518814,0.49059802045188133,0.01880395909623722,1.2037318784025,0.2455988513511125,1,2,1,2,0.5094019795481186,0.4905980204518814
4,15938046,199,0.49059802045188133,0.49059802045188133,0.018803959096237333,1.2037318784025,0.2455988513511125,0,2,1,2,0.5094019795481186,0.49059802045188133
4,15938046,200,0.49059802045188133,0.4905980204518814,0.018803959096237333,1.2037318784025,0.2455988513511125,0,2,1,2,0.5094019795481186,0.49059802045188133
4,15938046,201,0.4905980204518814,0.49059802045188133,0.01880395909623722,1.2037318784025,0.2455988513511125,0,2,1,2,0.5094019795481186,0.4905980204518814
4,15938046,202,0.49059802045188133,0.4905980204518814,0.018803959096237333,1.2037318784025,0.2455988513511125,1,2,1,2,0.5094019795481186,0.49059802045188133
4,15938046,203,0.4905980204518814,0.49059802045188133,0.01880395909623722,1.2037318784025,0.2455988513511125,1,2,1,2,0.5094019795481186,0.4905980204518814
4,15938046,204,0.49059802045188133,0.49059802045188133,0.018803959096237333,1.2037318784025,0.2455988513511125,0,2,1,2,0.5094019795481186,0.49059802045188133
4,15938046,205,0.49059802045188133,0.4905980204518814,0.018803959096237333,1.2037318784025,0.2455988513511125,0,2,1,2,0.5094019795481186,0.49059802045188133
4,15938046,206,0.4905980204518814,0.4905980204518814,0.01880395909623722,1.2037318784025,0.2455988513511125,0,2,1,2,0.5094019795481186,0.4905980204518814
4,15938046,207,0.4905980204518814,0.4905980204518814,0.01880395909623722,1.2037318784025,0.2455988513511125,0,2,1,2,0.5094019795481186,0.4905980204518814
4,15938046,208,0.4905980204518814,0.49059802045188133,0.01880395909623722,1.2037318784025,0.2455988513511125,0,2,1,2,0.5094019795481186,0.4905980204518814
4,15938046,209,0.49059802045188133,0.49059802045188144,0.018803959096237333,1.2037318784025,0.2455988513511125,1,2,1,2,0.5094019795481186,0.49059802045188133
4,15938046,210,0.49059802045188144,0.49059802045188133,0.01880395909623711,1.2037318784025,0.2455988513511125,1,2,1,2,0.5094019795481186,0.49059802045188144
4,15938046,211,0.49059802045188133,0.4905980204518814,0.018803959096237333,1.2037318784025,0.2455988513511125,0,2,1,2,0.5094019795481186,0.49059802045188133
4,15938046,212,0.4905980204518814,0.49059802045188144,0.01880395909623722,1.2037318784025,0.2455988513511125,0,2,1,2,0.5094019795481186,0.4905980204518814
4,15938046,213,0.49059802045188144,0.49059802045188144,0.01880395909623711,1.2037318784025,0.2455988513511125,0,2,1,2,0.5094019795481186,0.49059802045188144
4,15938046,214,0.49059802045188144,0.49059802045188133,0.01880395909623711,1.2037318784025,0.2455988513511125,1,2,1,2,0.5094019795481186,0.49059802045188144
4,15938046,215,0.49059802045188133,0.49059802045188133,0.018803959096237333,1.2037318784025,0.2455988513511125,0,2,1,2,0.5094019795481186,0.49059802045188133
4,15938046,216,0.49059802045188133,0.49059802045188133,0.018803959096237333,1.2037318784025,0.2455988513511125,1,2,1,2,0.5094019795481186,0.49059802045188133
4,15938046,217,0.49059802045188133,0.49059802045188133,0.018803959096237333,1.2037318784025,0.2455988513511125,1,2,1,2,0.5094019795481186,0.49059802045188133
4,15938046,218,0.49059802045188133,0.49059802045188133,0.018803959096237333,1.2037318784025,0.2455988513511125,0,2,1,2,0.5094019795481186,0.49059802045188133
4,15938046,219,0.49059802045188133,0.49059802045188133,0.018803959096237333,1.2037318784025,0.2455988513511125,0,2,1,2,0.5094019795481186,0.49059802045188133
4,15938046,220,0.49059802045188133,0.4905980204518814,0.018803959096237333,1.2037318784025,0.2455988513511125,0,2,1,2,0.5094019795481186,0.49059802045188133
4,15938046,221,0.4905980204518814,0.4905980204518814,0.01880395909623722,1.2037318784025,0.2455988513511125,0,2,1,2,0.5094019795481186,0.4905980204518814
4,15938046,222,0.4905980204518814,0.4905980204518814,0.01880395909623722,1.2037318784025,0.2455988513511125,1,2,1,2,0.5094019795481186,0.4905980204518814
4,15938046,223,0.4905980204518814,0.49059802045188133,0.01880395909623722,1.2037318784025,0.2455988513511125,0,2,1,2,0.5094019795481186,0.4905980204518814
4,15938046,224,0.49059802045188133,0.4905980204518814,0.018803959096237333,1.2037318784025,0.2455988513511125,0,2,1,2,0.5094019795481186,0.49059802045188133
4,15938046,225,0.4905980204518814,0.4905980204518814,0.01880395909623722,1.2037318784025,0.2455988513511125,0,2,1,2,0.5094019795481186,0.4905980204518814
4,15938046,226,0.4905980204518814,0.4905980204518814,0.01880395909623722,1.2037318784025,0.2455988513511125,1,2,1,2,0.5094019795481186,0.4905980204518814
4,15938046,227,0.4905980204518814,0.4905980204518814,0.01880395909623722,1.2037318784025,0.2455988513511125,0,2,1,2,0.5094019795481186,0.4905980204518814
4,15938046,228,0.4905980204518814,0.4905980204518814,0.01880395909623722,1.2037318784025,0.2455988513511125,0,2,1,2,0.5094019795481186,0.4905980204518814
4,15938046,229,0.4905980204518814,0.4905980204518814,0.01880395909623722,1.2037318784025,0.2455988513511125,0,2,1,2,0.5094019795481186,0.4905980204518814
4,15938046,230,0.4905980204518814,0.4905980204518814,0.01880395909623722,1.2037318784025,0.2455988513511125,0,2,1,2,0.5094019795481186,0.4905980204518814
4,15938046,231,0.4905980204518814,0.49059802045188133,0.01880395909623722,1.2037318784025,0.2455988513511125,0,2,1,2,0.5094019795481186,0.4905980204518814
4,15938046,232,0.49059802045188133,0.49059802045188133,0.018803959096237333,1.2037318784025,0.2455988513511125,1,2,1,2,0.5094019795481186,0.49059802045188133
4,15938046,233,0.49059802045188133,0.4905980204518814,0.018803959096237333,1.2037318784025,0.2455988513511125,0,2,1,2,0.5094019795481186,0.49059802045188133
4,15938046,234,0.4905980204518814,0.4905980204518814,0.01880395909623722,1.2037318784025,0.2455988513511125,1,2,1,2,0.5094019795481186,0.4905980204518814
4,15938046,235,0.4905980204518814,0.49059802045188133,0.01880395909623722,1.2037318784025,0.2455988513511125,1,2,1,2,0.5094019795481186,0.4905980204518814
4,15938046,236,0.49059802045188133,0.49059802045188144,0.018803959096237333,1.2037318784025,0.2455988513511125,1,2,1,2,0.5094019795481186,0.49059802045188133
4,15938046,237,0.49059802045188144,0.4905980204518814,0.01880395909623711,1.2037318784025,0.2455988513511125,0,2,1,2,0.5094019795481186,0.49059802045188144
4,15938046,238,0.4905980204518814,0.4905980204518814,0.01880395909623722,1.2037318784025,0.2455988513511125,0,2,1,2,0.5094019795481186,0.4905980204518814
4,15938046,239,0.4905980204518814,0.4905980204518814,0.01880395909623722,1.2037318784025,0.2455988513511125,1,2,1,2,0.5094019795481186,0.4905980204518814
4,15938046,240,0.4905980204518814,0.49059802045188133,0.01880395909623722,1.2037318784025,0.2455988513511125,0,2,1,2,0.5094019795481186,0.4905980204518814
5,15938084,1,0.5,0.3333333333333333,0,0.8034373520340955,-0.516456382967575,0,2,1,2,0.5,0.5
5,15938084,2,0.3333333333333333,0.2629200660989448,0.33333333333333337,0.8034373520340955,-0.516456382967575,0,2,1,2,0.6666666666666667,0.3333333333333333
5,15938084,3,0.2629200660989448,0.4495443825414656,0.4741598678021104,0.8034373520340955,-0.516456382967575,1,2,1,2,0.7370799339010552,0.2629200660989448
5,15938084,4,0.4495443825414656,0.36304164706715725,0.10091123491706877,0.8034373520340955,-0.516456382967575,0,2,1,2,0.5504556174585344,0.4495443825414656
5,15938084,5,0.36304164706715725,0.3056150507897061,0.2739167058656855,0.8034373520340955,-0.516456382967575,0,2,1,2,0.6369583529328428,0.36304164706715725
5,15938084,6,0.3056150507897061,0.26553886630420603,0.38876989842058784,0.8034373520340955,-0.516456382967575,0,2,1,2,0.6943849492102939,0.3056150507897061
5,15938084,7,0.26553886630420603,0.4035868417542579,0.46892226739158793,0.8034373520340955,-0.516456382967575,1,2,1,2,0.734461133695794,0.26553886630420603
5,15938084,8,0.4035868417542579,0.5058278294831365,0.19282631649148418,0.8034373520340955,-0.516456382967575,1,2,1,2,0.5964131582457421,0.4035868417542579
5,15938084,9,0.5058278294831365,0.4261572600539152,0.011655658966273075,0.8034373520340955,-0.516456382967575,0,2,1,2,0.49417217051686346,0.5058278294831365
5,15938084,10,0.4261572600539152,0.51866137735353,0.14768547989216962,0.8034373520340955,-0.516456382967575,1,2,1,2,0.5738427399460848,0.4261572600539152
5,15938084,11,0.51866137735353,0.4393173062944154,0.037322754707060035,0.8034373520340955,-0.516456382967575,0,2,1,2,0.48133862264647,0.51866137735353
5,15938084,12,0.4393173062944154,0.5263103376515986,0.1213653874111692,0.8034373520340955,-0.516456382967575,1,2,1,2,0.5606826937055847,0.4393173062944154
5,15938084,13,0.5263103376515986,0.4472944806985741,0.05262067530319725,0.8034373520340955,-0.516456382967575,0,2,1,2,0.4736896623484014,0.5263103376515986
5,15938084,14,0.4472944806985741,0.3850194247380468,0.10541103860285184,0.8034373520340955,-0.516456382967575,0,2,1,2,0.5527055193014259,0.4472944806985741
5,15938084,15,0.3850194247380468,0.33574584047279743,0.22996115052390642,0.8034373520340955,-0.516456382967575,0,2,1,2,0.6149805752619533,0.3850194247380468
5,15938084,16,0.33574584047279743,0.4408539009007702,0.32850831905440514,0.8034373520340955,-0.516456382967575,1,2,1,2,0.6642541595272026,0.33574584047279743
5,15938084,17,0.4408539009007702,0.5244811075812076,0.1182921981984596,0.8034373520340955,-0.516456382967575,1,2,1,2,0.5591460990992299,0.4408539009007702
5,15938084,18,0.5244811075812076,0.4480541058130419,0.04896221516241517,0.8034373520340955,-0.516456382967575,0,2,1,2,0.4755188924187924,0.5244811075812076
5,15938084,19,0.4480541058130419,0.38703253145361205,0.10389178837391622,0.8034373520340955,-0.516456382967575,0,2,1,2,0.5519458941869582,0.4480541058130419
5,15938084,20,0.38703253145361205,0.33825049182559785,0.2259349370927759,0.8034373520340955,-0.516456382967575,0,2,1,2,0.612967468546388,0.38703253145361205
5,15938084,21,0.33825049182559785,0.44133858322084285,0.3234990163488043,0.8034373520340955,-0.516456382967575,1,2,1,2,0.6617495081744021,0.33825049182559785
5,15938084,22,0.44133858322084285,0.3819763447939046,0.1173228335583143,0.8034373520340955,-0.516456382967575,0,2,1,2,0.5586614167791571,0.44133858322084285
5,15938084,23,0.3819763447939046,0.3344055609791689,0.23604731041219085,0.8034373520340955,-0.516456382967575,0,2,1,2,0.6180236552060954,0.3819763447939046
5,15938084,24,0.3344055609791689,0.43789142282523563,0.3311888780416622,0.8034373520340955,-0.516456382967575,1,2,1,2,0.665594439020831,0.3344055609791689
5,15938084,25,0.43789142282523563,0.5208975830918768,0.12421715434952874,0.8034373520340955,-0.516456382967575,1,2,1,2,0.5621085771747644,0.43789142282523563
5,15938084,26,0.5208975830918768,0.4460610302943049,0.041795166183753674,0.8034373520340955,-0.516456382967575,0,2,1,2,0.47910241690812316,0.5208975830918768
5,15938084,27,0.4460610302943049,0.3859990136597599,0.10787793941139023,0.8034373520340955,-0.516456382967575,0,2,1,2,0.5539389697056951,0.4460610302943049
5,15938084,28,0.3859990136597599,0.3377844985154365,0.22800197268048017,0.8034373520340955,-0.516456382967575,0,2,1,2,0.61400098634024,0.3859990136597599
5,15938084,29,0.3377844985154365,0.2990739473774533,0.32443100296912697,0.8034373520340955,-0.516456382967575,0,2,1,2,0.6622155014845634,0.3377844985154365
5,15938084,30,0.2990739473774533,0.4092271916695173,0.4018521052450934,0.8034373520340955,-0.516456382967575,1,2,1,2,0.7009260526225467,0.2990739473774533
5,15938084,31,0.4092271916695173,0.3564795387000368,0.18154561666096536,0.8034373520340955,-0.516456382967575,0,2,1,2,0.5907728083304826,0.4092271916695173
5,15938084,32,0.3564795387000368,0.45530213536387176,0.2870409225999264,0.8034373520340955,-0.516456382967575,1,2,1,2,0.6435204612999632,0.3564795387000368
5,15938084,33,0.45530213536387176,0.3935083101751573,0.08939572927225647,0.8034373520340955,-0.516456382967575,0,2,1,2,0.5446978646361282,0.45530213536387176
5,15938084,34,0.3935083101751573,0.4850265051837725,0.2129833796496854,0.8034373520340955,-0.516456382967575,1,2,1,2,0.6064916898248427,0.3935083101751573
5,15938084,35,0.4850265051837725,0.41739948649270503,0.029946989632455012,0.8034373520340955,-0.516456382967575,0,2,1,2,0.5149734948162275,0.4850265051837725
5,15938084,36,0.41739948649270503,0.36307352647065755,0.16520102701458994,0.8034373520340955,-0.516456382967575,0,2,1,2,0.5826005135072949,0.41739948649270503
5,15938084,37,0.36307352647065755,0.46055681490688716,0.2738529470586849,0.8034373520340955,-0.516456382967575,1,2,1,2,0.6369264735293425,0.36307352647065755
5,15938084,38,0.46055681490688716,0.397751483015065,0.07888637018622568,0.8034373520340955,-0.516456382967575,0,2,1,2,0.5394431850931128,0.46055681490688716
5,15938084,39,0.397751483015065,0.3472952404924154,0.20449703396986996,0.8034373520340955,-0.516456382967575,0,2,1,2,0.602248516984935,0.397751483015065
5,15938084,40,0.3472952404924154,0.3067593323718739,0.3054095190151692,0.8034373520340955,-0.516456382967575,0,2,1,2,0.6527047595075846,0.3472952404924154
5,15938084,41,0.3067593323718739,0.2741928973804988,0.38648133525625217,0.8034373520340955,-0.516456382967575,0,2,1,2,0.6932406676281261,0.3067593323718739
5,15938084,42,0.2741928973804988,0.38913391184446333,0.4516142052390024,0.8034373520340955,-0.516456382967575,1,2,1,2,0.7258071026195012,0.2741928973804988
5,15938084,43,0.38913391184446333,0.3403758108061246,0.22173217631107334,0.8034373520340955,-0.516456382967575,0,2,1,2,0.6108660881555367,0.38913391184446333
5,15938084,44,0.3403758108061246,0.4423041434117779,0.3192483783877508,0.8034373520340955,-0.516456382967575,1,2,1,2,0.6596241891938754,0.3403758108061246
5,15938084,45,0.4423041434117779,0.5241954677134251,0.11539171317644425,0.8034373520340955,-0.516456382967575,1,2,1,2,0.5576958565882222,0.4423041434117779
5,15938084,46,0.5241954677134251,0.44888987955691095,0.048390935426850135,0.8034373520340955,-0.516456382967575,0,2,1,2,0.47580453228657493,0.5241954677134251
5,15938084,47,0.44888987955691095,0.3883873704996829,0.1022202408861781,0.8034373520340955,-0.516456382967575,0,2,1,2,0.551110120443089,0.44888987955691095
5,15938084,48,0.3883873704996829,0.33977791980637584,0.22322525900063417,0.8034373520340955,-0.516456382967575,0,2,1,2,0.611612629500317,0.3883873704996829
5,15938084,49,0.33977791980637584,0.3007236103300174,0.3204441603872483,0.8034373520340955,-0.516456382967575,0,2,1,2,0.6602220801936242,0.33977791980637584
5,15938084,50,0.3007236103300174,0.41044266673501834,0.39855277933996525,0.8034373520340955,-0.516456382967575,1,2,1,2,0.6992763896699826,0.3007236103300174
5,15938084,51,0.41044266673501834,0.3574983845597799,0.17911466652996333,0.8034373520340955,-0.516456382967575,0,2,1,2,0.5895573332649817,0.41044266673501834
5,15938084,52,0.3574983845597799,0.3149611621036145,0.2850032308804402,0.8034373520340955,-0.516456382967575,0,2,1,2,0.6425016154402201,0.3574983845597799
5,15938084,53,0.3149611621036145,0.2807852922936541,0.37007767579277095,0.8034373520340955,-0.516456382967575,0,2,1,2,0.6850388378963854,0.3149611621036145
5,15938084,54,0.2807852922936541,0.39442268556568916,0.43842941541269176,0.8034373520340955,-0.516456382967575,1,2,1,2,0.7192147077063459,0.2807852922936541
5,15938084,55,0.39442268556568916,0.4857229988275985,0.21115462886862169,0.8034373520340955,-0.516456382967575,1,2,1,2,0.6055773144343108,0.39442268556568916
5,15938084,56,0.4857229988275985,0.41798172392133626,0.028554002344802987,0.8034373520340955,-0.516456382967575,0,2,1,2,0.5142770011724015,0.4857229988275985
5,15938084,57,0.41798172392133626,0.5046510599712145,0.1640365521573275,0.8034373520340955,-0.516456382967575,1,2,1,2,0.5820182760786637,0.41798172392133626
5,15938084,58,0.5046510599712145,0.4331893090387664,0.009302119942429021,0.8034373520340955,-0.516456382967575,0,2,1,2,0.4953489400287855,0.5046510599712145
5,15938084,59,0.4331893090387664,0.3757743249324741,0.1336213819224672,0.8034373520340955,-0.516456382967575,0,2,1,2,0.5668106909612336,0.4331893090387664
5,15938084,60,0.3757743249324741,0.3296450181768643,0.24845135013505182,0.8034373520340955,-0.516456382967575,0,2,1,2,0.6242256750675259,0.3757743249324741
5,15938084,61,0.3296450181768643,0.4336779321792875,0.3407099636462714,0.8034373520340955,-0.516456382967575,1,2,1,2,0.6703549818231357,0.3296450181768643
5,15938084,62,0.4336779321792875,0.37616695186882987,0.13264413564142497,0.8034373520340955,-0.516456382967575,0,2,1,2,0.5663220678207125,0.4336779321792875
5,15938084,63,0.37616695186882987,0.3299605008588569,0.24766609626234026,0.8034373520340955,-0.516456382967575,0,2,1,2,0.6238330481311701,0.37616695186882987
5,15938084,64,0.3299605008588569,0.2928365242987703,0.34007899828228616,0.8034373520340955,-0.516456382967575,0,2,1,2,0.6700394991411431,0.3299605008588569
5,15938084,65,0.2928365242987703,0.4041045474040686,0.41432695140245945,0.8034373520340955,-0.516456382967575,1,2,1,2,0.7071634757012297,0.2928365242987703
5,15938084,66,0.4041045474040686,0.3524066229487092,0.19179090519186281,0.8034373520340955,-0.516456382967575,0,2,1,2,0.5958954525959315,0.4041045474040686
5,15938084,67,0.3524066229487092,0.45196536733633746,0.29518675410258155,0.8034373520340955,-0.516456382967575,1,2,1,2,0.6475933770512907,0.3524066229487092
5,15938084,68,0.45196536733633746,0.3908597980705474,0.09606926532732507,0.8034373520340955,-0.516456382967575,0,2,1,2,0.5480346326636625,0.45196536733633746
5,15938084,69,0.3908597980705474,0.341765306656044,0.21828040385890524,0.8034373520340955,-0.516456382967575,0,2,1,2,0.6091402019294526,0.3908597980705474
5,15938084,70,0.341765306656044,0.44341572195036744,0.316469386687912,0.8034373520340955,-0.516456382967575,1,2,1,2,0.658234693343956,0.341765306656044
5,15938084,71,0.44341572195036744,0.3839907011023389,0.11316855609926513,0.8034373520340955,-0.516456382967575,0,2,1,2,0.5565842780496326,0.44341572195036744
5,15938084,72,0.3839907011023389,0.4773411744525986,0.2320185977953222,0.8034373520340955,-0.516456382967575,1,2,1,2,0.6160092988976611,0.3839907011023389
5,15938084,73,0.4773411744525986,0.5523424281660323,0.04531765109480279,0.8034373520340955,-0.516456382967575,1,2,1,2,0.5226588255474014,0.4773411744525986
5,15938084,74,0.5523424281660323,0.47150648775223475,0.10468485633206459,0.8034373520340955,-0.516456382967575,0,2,1,2,0.4476575718339677,0.5523424281660323
5,15938084,75,0.47150648775223475,0.406559875740982,0.0569870244955305,0.8034373520340955,-0.516456382967575,0,2,1,2,0.5284935122477652,0.47150648775223475
5,15938084,76,0.406559875740982,0.354379342992126,0.18688024851803597,0.8034373520340955,-0.516456382967575,0,2,1,2,0.5934401242590179,0.406559875740982
5,15938084,77,0.354379342992126,0.312455554726023,0.29124131401574804,0.8034373520340955,-0.516456382967575,0,2,1,2,0.645620657007874,0.354379342992126
5,15938084,78,0.312455554726023,0.27877241780639433,0.375088890547954,0.8034373520340955,-0.516456382967575,0,2,1,2,0.687544445273977,0.312455554726023
5,15938084,79,0.27877241780639433,0.3928048684634512,0.44245516438721133,0.8034373520340955,-0.516456382967575,1,2,1,2,0.7212275821936056,0.27877241780639433
5,15938084,80,0.3928048684634512,0.34332805772167113,0.2143902630730976,0.8034373520340955,-0.516456382967575,0,2,1,2,0.6071951315365488,0.3928048684634512
5,15938084,81,0.34332805772167113,0.444671279774457,0.31334388455665774,0.8034373520340955,-0.516456382967575,1,2,1,2,0.6566719422783289,0.34332805772167113
5,15938084,82,0.444671279774457,0.5260942092313046,0.11065744045108605,0.8034373520340955,-0.516456382967575,1,2,1,2,0.555328720225543,0.444671279774457
5,15938084,83,0.5260942092313046,0.4504176929053745,0.05218841846260913,0.8034373520340955,-0.516456382967575,0,2,1,2,0.47390579076869543,0.5260942092313046
5,15938084,84,0.4504176929053745,0.3896163532659554,0.09916461418925104,0.8034373520340955,-0.516456382967575,0,2,1,2,0.5495823070946255,0.4504176929053745
5,15938084,85,0.3896163532659554,0.3407662861064421,0.2207672934680892,0.8034373520340955,-0.516456382967575,0,2,1,2,0.6103836467340447,0.3896163532659554
5,15938084,86,0.3407662861064421,0.30151831760472425,0.3184674277871158,0.8034373520340955,-0.516456382967575,0,2,1,2,0.6592337138935579,0.3407662861064421
5,15938084,87,0.30151831760472425,0.2699850337858675,0.3969633647905515,0.8034373520340955,-0.516456382967575,0,2,1,2,0.6984816823952757,0.30151831760472425
5,15938084,88,0.2699850337858675,0.38574475373732436,0.46002993242826495,0.8034373520340955,-0.516456382967575,1,2,1,2,0.7300149662141324,0.2699850337858675
5,15938084,89,0.38574475373732436,0.33765569860540984,0.22851049252535127,0.8034373520340955,-0.516456382967575,0,2,1,2,0.6142552462626756,0.38574475373732436
5,15938084,90,0.33765569860540984,0.29901915553090264,0.3246886027891803,0.8034373520340955,-0.516456382967575,0,2,1,2,0.6623443013945902,0.33765569860540984
5,15938084,91,0.29901915553090264,0.4090718514486943,0.40196168893819473,0.8034373520340955,-0.516456382967575,1,2,1,2,0.7009808444690974,0.29901915553090264
5,15938084,92,0.4090718514486943,0.4974922979783147,0.18185629710261142,0.8034373520340955,-0.516456382967575,1,2,1,2,0.5909281485513057,0.4090718514486943
5,15938084,93,0.4974922979783147,0.42743784969381965,0.0050154040433706415,0.8034373520340955,-0.516456382967575,0,2,1,2,0.5025077020216853,0.4974922979783147
5,15938084,94,0.42743784969381965,0.37115348929171343,0.1451243006123607,0.8034373520340955,-0.516456382967575,0,2,1,2,0.5725621503061804,0.42743784969381965
5,15938084,95,0.37115348929171343,0.32593253182596543,0.25769302141657313,0.8034373520340955,-0.516456382967575,0,2,1,2,0.6288465107082866,0.37115348929171343
5,15938084,96,0.32593253182596543,0.4306950631128291,0.34813493634806914,0.8034373520340955,-0.516456382967575,1,2,1,2,0.6740674681740346,0.32593253182596543
5,15938084,97,0.4306950631128291,0.3737704562384287,0.13860987377434175,0.8034373520340955,-0.516456382967575,0,2,1,2,0.5693049368871709,0.4306950631128291
5,15938084,98,0.3737704562384287,0.3280351008344134,0.2524590875231426,0.8034373520340955,-0.516456382967575,0,2,1,2,0.6262295437615713,0.3737704562384287
5,15938084,99,0.3280351008344134,0.29128960799991166,0.3439297983311732,0.8034373520340955,-0.516456382967575,0,2,1,2,0.6719648991655867,0.3280351008344134
5,15938084,100,0.29128960799991166,0.4028616440959104,0.4174207840001767,0.8034373520340955,-0.516456382967575,1,2,1,2,0.7087103920000883,0.29128960799991166
5,15938084,101,0.4028616440959104,0.492502785329053,0.19427671180817918,0.8034373520340955,-0.516456382967575,1,2,1,2,0.5971383559040896,0.4028616440959104
5,15938084,102,0.492502785329053,0.4234290889257215,0.014994429341893989,0.8034373520340955,-0.516456382967575,0,2,1,2,0.507497214670947,0.492502785329053
5,15938084,103,0.4234290889257215,0.5090274387350215,0.15314182214855698,0.8034373520340955,-0.516456382967575,1,2,1,2,0.5765709110742785,0.4234290889257215
5,15938084,104,0.5090274387350215,0.5778003502407609,0.018054877470043085,0.8034373520340955,-0.516456382967575,1,2,1,2,0.49097256126497846,0.5090274387350215
5,15938084,105,0.5778003502407609,0.49196033861689875,0.15560070048152186,0.8034373520340955,-0.516456382967575,0,2,1,2,0.42219964975923907,0.5778003502407609
5,15938084,106,0.49196033861689875,0.42299326698153406,0.016079322766202497,0.8034373520340955,-0.516456382967575,0,2,1,2,0.5080396613831013,0.49196033861689875
5,15938084,107,0.42299326698153406,0.36758254557074715,0.1540134660369319,0.8034373520340955,-0.516456382967575,0,2,1,2,0.577006733018466,0.42299326698153406
5,15938084,108,0.36758254557074715,0.3230635022871185,0.2648349088585057,0.8034373520340955,-0.516456382967575,0,2,1,2,0.6324174544292529,0.36758254557074715
5,15938084,109,0.3230635022871185,0.28729524003684376,0.353872995425763,0.8034373520340955,-0.516456382967575,0,2,1,2,0.6769364977128816,0.3230635022871185
5,15938084,110,0.28729524003684376,0.258557682128019,0.4254095199263125,0.8034373520340955,-0.516456382967575,0,2,1,2,0.7127047599631562,0.28729524003684376
5,15938084,111,0.258557682128019,0.23546885469808268,0.482884635743962,0.8034373520340955,-0.516456382967575,0,2,1,2,0.741442317871981,0.258557682128019
5,15938084,112,0.23546885469808268,0.21691842832636787,0.5290622906038347,0.8034373520340955,-0.516456382967575,0,2,1,2,0.7645311453019173,0.23546885469808268
5,15938084,113,0.21691842832636787,0.3431090604079455,0.5661631433472643,0.8034373520340955,-0.516456382967575,1,2,1,2,0.7830815716736321,0.21691842832636787
5,15938084,114,0.3431090604079455,0.4444953276984932,0.31378187918410905,0.8034373520340955,-0.516456382967575,1,2,1,2,0.6568909395920546,0.3431090604079455
5,15938084,115,0.4444953276984932,0.5259528418226551,0.1110093446030136,0.8034373520340955,-0.516456382967575,1,2,1,2,0.5555046723015068,0.4444953276984932
5,15938084,116,0.5259528418226551,0.45030411374983,0.05190568364531023,0.8034373520340955,-0.516456382967575,0,2,1,2,0.4740471581773449,0.5259528418226551
5,15938084,117,0.45030411374983,0.3895250999824335,0.09939177250034004,0.8034373520340955,-0.516456382967575,0,2,1,2,0.54969588625017,0.45030411374983
5,15938084,118,0.3895250999824335,0.48178770762546974,0.22094980003513298,0.8034373520340955,-0.516456382967575,1,2,1,2,0.6104749000175664,0.3895250999824335
5,15938084,119,0.48178770762546974,0.41482019527848984,0.03642458474906052,0.8034373520340955,-0.516456382967575,0,2,1,2,0.5182122923745303,0.48178770762546974
5,15938084,120,0.41482019527848984,0.36101599448620497,0.1703596094430203,0.8034373520340955,-0.516456382967575,0,2,1,2,0.5851798047215102,0.41482019527848984
5,15938084,121,0.36101599448620497,0.4588824273965379,0.27796801102759006,0.8034373520340955,-0.516456382967575,1,2,1,2,0.638984005513795,0.36101599448620497
5,15938084,122,0.4588824273965379,0.3964172375838793,0.08223514520692421,0.8034373520340955,-0.516456382967575,0,2,1,2,0.541117572603462,0.4588824273965379
5,15938084,123,0.3964172375838793,0.34623037088652997,0.20716552483224138,0.8034373520340955,-0.516456382967575,0,2,1,2,0.6035827624161207,0.3964172375838793
5,15938084,124,0.34623037088652997,0.44700310512333885,0.30753925822694006,0.8034373520340955,-0.516456382967575,1,2,1,2,0.65376962911347,0.34623037088652997
5,15938084,125,0.44700310512333885,0.5279676838757543,0.1059937897533223,0.8034373520340955,-0.516456382967575,1,2,1,2,0.5529968948766611,0.44700310512333885
5,15938084,126,0.5279676838757543,0.4519229131141932,0.05593536775150865,0.8034373520340955,-0.516456382967575,0,2,1,2,0.4720323161242457,0.5279676838757543
5,15938084,127,0.4519229131141932,0.39082570385750526,0.09615417377161362,0.8034373520340955,-0.516456382967575,0,2,1,2,0.5480770868858068,0.4519229131141932
5,15938084,128,0.39082570385750526,0.3417379238356521,0.21834859228498948,0.8034373520340955,-0.516456382967575,0,2,1,2,0.6091742961424947,0.39082570385750526
5,15938084,129,0.3417379238356521,0.44339370536054973,0.3165241523286958,0.8034373520340955,-0.516456382967575,1,2,1,2,0.6582620761643478,0.3417379238356521
5,15938084,130,0.44339370536054973,0.5250677572878558,0.11321258927890054,0.8034373520340955,-0.516456382967575,1,2,1,2,0.5566062946394503,0.44339370536054973
5,15938084,131,0.5250677572878558,0.4495930037753573,0.05013551457571164,0.8034373520340955,-0.516456382967575,0,2,1,2,0.4749322427121442,0.5250677572878558
5,15938084,132,0.4495930037753573,0.3889537676678563,0.10081399244928535,0.8034373520340955,-0.516456382967575,0,2,1,2,0.5504069962246427,0.4495930037753573
5,15938084,133,0.3889537676678563,0.3402339403802797,0.22209246466428745,0.8034373520340955,-0.516456382967575,0,2,1,2,0.6110462323321437,0.3889537676678563
5,15938084,134,0.3402339403802797,0.4421853488756357,0.3195321192394406,0.8034373520340955,-0.516456382967575,1,2,1,2,0.6597660596197203,0.3402339403802797
5,15938084,135,0.4421853488756357,0.38300218103044764,0.11562930224872858,0.8034373520340955,-0.516456382967575,0,2,1,2,0.5578146511243642,0.4421853488756357
5,15938084,136,0.38300218103044764,0.33545221337192255,0.23399563793910472,0.8034373520340955,-0.516456382967575,0,2,1,2,0.6169978189695524,0.38300218103044764
5,15938084,137,0.33545221337192255,0.2972487932670517,0.3290955732561549,0.8034373520340955,-0.516456382967575,0,2,1,2,0.6645477866280775,0.33545221337192255
5,15938084,138,0.2972487932670517,0.4076494761021804,0.40550241346589655,0.8034373520340955,-0.516456382967575,1,2,1,2,0.7027512067329482,0.2972487932670517
5,15938084,139,0.4076494761021804,0.3552547708591603,0.18470104779563923,0.8034373520340955,-0.516456382967575,0,2,1,2,0.5923505238978196,0.4076494761021804
5,15938084,140,0.3552547708591603,0.3131589076181021,0.2894904582816794,0.8034373520340955,-0.516456382967575,0,2,1,2,0.6447452291408398,0.3552547708591603
5,15938084,141,0.3131589076181021,0.42043225624694497,0.3736821847637958,0.8034373520340955,-0.516456382967575,1,2,1,2,0.6868410923818979,0.3131589076181021
5,15938084,142,0.42043225624694497,0.36552493389030505,0.15913548750611006,0.8034373520340955,-0.516456382967575,0,2,1,2,0.5795677437530551,0.42043225624694497
5,15938084,143,0.36552493389030505,0.4625050777316303,0.2689501322193899,0.8034373520340955,-0.516456382967575,1,2,1,2,0.634475066109695,0.36552493389030505
5,15938084,144,0.4625050777316303,0.39932781017656405,0.0749898445367394,0.8034373520340955,-0.516456382967575,0,2,1,2,0.5374949222683697,0.4625050777316303
5,15938084,145,0.39932781017656405,0.48966357114619763,0.2013443796468719,0.8034373520340955,-0.516456382967575,1,2,1,2,0.600672189823436,0.39932781017656405
5,15938084,146,0.48966357114619763,0.4211479582107998,0.02067285770760474,0.8034373520340955,-0.516456382967575,0,2,1,2,0.5103364288538024,0.48966357114619763
5,15938084,147,0.4211479582107998,0.36609995558099095,0.15770408357840038,0.8034373520340955,-0.516456382967575,0,2,1,2,0.5788520417892002,0.4211479582107998
5,15938084,148,0.36609995558099095,0.32187233411333155,0.2678000888380181,0.8034373520340955,-0.516456382967575,0,2,1,2,0.633900044419009,0.36609995558099095
5,15938084,149,0.32187233411333155,0.4274329485574134,0.3562553317733369,0.8034373520340955,-0.516456382967575,1,2,1,2,0.6781276658866684,0.32187233411333155
5,15938084,150,0.4274329485574134,0.5122442891054583,0.14513410288517326,0.8034373520340955,-0.516456382967575,1,2,1,2,0.5725670514425867,0.4274329485574134
5,15938084,151,0.5122442891054583,0.4392901504550173,0.024488578210916545,0.8034373520340955,-0.516456382967575,0,2,1,2,0.4877557108945417,0.5122442891054583
5,15938084,152,0.4392901504550173,0.38067607047777885,0.12141969908996542,0.8034373520340955,-0.516456382967575,0,2,1,2,0.5607098495449827,0.4392901504550173
5,15938084,153,0.38067607047777885,0.33358332926895173,0.2386478590444423,0.8034373520340955,-0.516456382967575,0,2,1,2,0.6193239295222212,0.38067607047777885
5,15938084,154,0.33358332926895173,0.2957472619721048,0.33283334146209653,0.8034373520340955,-0.516456382967575,0,2,1,2,0.6664166707310483,0.33358332926895173
5,15938084,155,0.2957472619721048,0.2653483522517422,0.40850547605579035,0.8034373520340955,-0.516456382967575,0,2,1,2,0.7042527380278951,0.2957472619721048
5,15938084,156,0.2653483522517422,0.24092473272129064,0.4693032954965156,0.8034373520340955,-0.516456382967575,0,2,1,2,0.7346516477482579,0.2653483522517422
5,15938084,157,0.24092473272129064,0.22130188451865643,0.5181505345574187,0.8034373520340955,-0.516456382967575,0,2,1,2,0.7590752672787093,0.24092473272129064
5,15938084,158,0.22130188451865643,0.20553615531936498,0.5573962309626872,0.8034373520340955,-0.516456382967575,0,2,1,2,0.7786981154813436,0.22130188451865643
5,15938084,159,0.20553615531936498,0.3339641171214233,0.58892768936127,0.8034373520340955,-0.516456382967575,1,2,1,2,0.794463844680635,0.20553615531936498
5,15938084,160,0.3339641171214233,0.43714793867880497,0.33207176575715336,0.8034373520340955,-0.516456382967575,1,2,1,2,0.6660358828785766,0.3339641171214233
5,15938084,161,0.43714793867880497,0.37895493752080267,0.12570412264239006,0.8034373520340955,-0.516456382967575,0,2,1,2,0.562852061321195,0.43714793867880497
5,15938084,162,0.37895493752080267,0.3322005067635002,0.24209012495839466,0.8034373520340955,-0.516456382967575,0,2,1,2,0.6210450624791973,0.37895493752080267
5,15938084,163,0.3322005067635002,0.2946362507199917,0.33559898647299957,0.8034373520340955,-0.516456382967575,0,2,1,2,0.6677994932364998,0.3322005067635002
5,15938084,164,0.2946362507199917,0.4055504618360881,0.41072749856001656,0.8034373520340955,-0.516456382967575,1,2,1,2,0.7053637492800082,0.2946362507199917
5,15938084,165,0.4055504618360881,0.4946630819181552,0.18889907632782377,0.8034373520340955,-0.516456382967575,1,2,1,2,0.5944495381639119,0.4055504618360881
5,15938084,166,0.4946630819181552,0.4251647519068879,0.010673836163689554,0.8034373520340955,-0.516456382967575,0,2,1,2,0.5053369180818448,0.4946630819181552
5,15938084,167,0.4251647519068879,0.5104219351946673,0.1496704961862242,0.8034373520340955,-0.516456382967575,1,2,1,2,0.574835248093112,0.4251647519068879
5,15938084,168,0.5104219351946673,0.4378260032544626,0.02084387038933455,0.8034373520340955,-0.516456382967575,0,2,1,2,0.4895780648053327,0.5104219351946673
5,15938084,169,0.4378260032544626,0.5205944574508007,0.12434799349107484,0.8034373520340955,-0.516456382967575,1,2,1,2,0.5621739967455375,0.4378260032544626
5,15938084,170,0.5205944574508007,0.4459989875994384,0.04118891490160137,0.8034373520340955,-0.516456382967575,0,2,1,2,0.4794055425491993,0.5205944574508007
5,15938084,171,0.4459989875994384,0.3860662008283206,0.1080020248011232,0.8034373520340955,-0.516456382967575,0,2,1,2,0.5540010124005617,0.4459989875994384
5,15938084,172,0.3860662008283206,0.33791396132490975,0.2278675983433588,0.8034373520340955,-0.516456382967575,0,2,1,2,0.6139337991716793,0.3860662008283206
5,15938084,173,0.33791396132490975,0.4403213910466013,0.3241720773501805,0.8034373520340955,-0.516456382967575,1,2,1,2,0.6620860386750902,0.33791396132490975
5,15938084,174,0.4403213910466013,0.5225993452108149,0.11935721790679743,0.8034373520340955,-0.516456382967575,1,2,1,2,0.5596786089533987,0.4403213910466013
5,15938084,175,0.5225993452108149,0.4476097893124697,0.04519869042162972,0.8034373520340955,-0.516456382967575,0,2,1,2,0.47740065478918514,0.5225993452108149
5,15938084,176,0.4476097893124697,0.3873603790912905,0.1047804213750606,0.8034373520340955,-0.516456382967575,0,2,1,2,0.5523902106875302,0.4476097893124697
5,15938084,177,0.3873603790912905,0.3389537524815703,0.22527924181741898,0.8034373520340955,-0.516456382967575,0,2,1,2,0.6126396209087095,0.3873603790912905
5,15938084,178,0.3389537524815703,0.30006206057735346,0.32209249503685944,0.8034373520340955,-0.516456382967575,0,2,1,2,0.6610462475184298,0.3389537524815703
5,15938084,179,0.30006206057735346,0.40990976014052727,0.3998758788452931,0.8034373520340955,-0.516456382967575,1,2,1,2,0.6999379394226466,0.30006206057735346
5,15938084,180,0.40990976014052727,0.3570707674817769,0.18018047971894546,0.8034373520340955,-0.516456382967575,0,2,1,2,0.5900902398594727,0.40990976014052727
5,15938084,181,0.3570707674817769,0.3146179471358815,0.2858584650364462,0.8034373520340955,-0.516456382967575,0,2,1,2,0.6429292325182231,0.3570707674817769
5,15938084,182,0.3146179471358815,0.28050976557079615,0.37076410572823704,0.8034373520340955,-0.516456382967575,0,2,1,2,0.6853820528641186,0.3146179471358815
5,15938084,183,0.28050976557079615,0.25310597849144584,0.4389804688584077,0.8034373520340955,-0.516456382967575,0,2,1,2,0.7194902344292038,0.28050976557079615
5,15938084,184,0.25310597849144584,0.23108875236470647,0.4937880430171083,0.8034373520340955,-0.516456382967575,0,2,1,2,0.7468940215085542,0.25310597849144584
5,15938084,185,0.23108875236470647,0.21339929050630305,0.537822495270587,0.8034373520340955,-0.516456382967575,0,2,1,2,0.7689112476352935,0.23108875236470647
5,15938084,186,0.21339929050630305,0.3402816536347029,0.573201418987394,0.8034373520340955,-0.516456382967575,1,2,1,2,0.786600709493697,0.21339929050630305
5,15938084,187,0.3402816536347029,0.3011289459635894,0.31943669273059416,0.8034373520340955,-0.516456382967575,0,2,1,2,0.6597183463652971,0.3402816536347029
5,15938084,188,0.3011289459635894,0.41076693571016853,0.3977421080728212,0.8034373520340955,-0.516456382967575,1,2,1,2,0.6988710540364106,0.3011289459635894
5,15938084,189,0.41076693571016853,0.35775945435167783,0.17846612857966293,0.8034373520340955,-0.516456382967575,0,2,1,2,0.5892330642898315,0.41076693571016853
5,15938084,190,0.35775945435167783,0.45626600141383894,0.28448109129664434,0.8034373520340955,-0.516456382967575,1,2,1,2,0.6422405456483222,0.35775945435167783
5,15938084,191,0.45626600141383894,0.3943151032206601,0.08746799717232212,0.8034373520340955,-0.516456382967575,0,2,1,2,0.5437339985861611,0.45626600141383894
5,15938084,192,0.3943151032206601,0.48563617514302226,0.2113697935586798,0.8034373520340955,-0.516456382967575,1,2,1,2,0.6056848967793399,0.3943151032206601
5,15938084,193,0.48563617514302226,0.5590069353532401,0.028727649713955472,0.8034373520340955,-0.516456382967575,1,2,1,2,0.5143638248569777,0.48563617514302226
5,15938084,194,0.5590069353532401,0.4768610071304425,0.11801387070648017,0.8034373520340955,-0.516456382967575,0,2,1,2,0.4409930646467599,0.5590069353532401
5,15938084,195,0.4768610071304425,0.5519566376015587,0.04627798573911501,0.8034373520340955,-0.516456382967575,1,2,1,2,0.5231389928695576,0.4768610071304425
5,15938084,196,0.5519566376015587,0.47119653457377964,0.10391327520311733,0.8034373520340955,-0.516456382967575,0,2,1,2,0.44804336239844134,0.5519566376015587
5,15938084,197,0.47119653457377964,0.4063108512471401,0.05760693085244073,0.8034373520340955,-0.516456382967575,0,2,1,2,0.5288034654262204,0.47119653457377964
5,15938084,198,0.4063108512471401,0.354179269650262,0.18737829750571977,0.8034373520340955,-0.516456382967575,0,2,1,2,0.5936891487528599,0.4063108512471401
5,15938084,199,0.354179269650262,0.31229480977471685,0.29164146069947605,0.8034373520340955,-0.516456382967575,0,2,1,2,0.6458207303497381,0.354179269650262
5,15938084,200,0.31229480977471685,0.4197380077637541,0.3754103804505663,0.8034373520340955,-0.516456382967575,1,2,1,2,0.6877051902252831,0.31229480977471685
5,15938084,201,0.4197380077637541,0.36496714872731767,0.16052398447249183,0.8034373520340955,-0.516456382967575,0,2,1,2,0.580261992236246,0.4197380077637541
5,15938084,202,0.36496714872731767,0.3209621947744505,0.27006570254536466,0.8034373520340955,-0.516456382967575,0,2,1,2,0.6350328512726824,0.36496714872731767
5,15938084,203,0.3209621947744505,0.28560697109417654,0.35807561045109904,0.8034373520340955,-0.516456382967575,0,2,1,2,0.6790378052255495,0.3209621947744505
5,15938084,204,0.28560697109417654,0.25720126379992414,0.4287860578116469,0.8034373520340955,-0.516456382967575,0,2,1,2,0.7143930289058235,0.28560697109417654
5,15938084,205,0.25720126379992414,0.37547379507159795,0.4855974724001517,0.8034373520340955,-0.516456382967575,1,2,1,2,0.7427987362000759,0.25720126379992414
5,15938084,206,0.37547379507159795,0.3294036268920577,0.2490524098568041,0.8034373520340955,-0.516456382967575,0,2,1,2,0.624526204928402,0.37547379507159795
5,15938084,207,0.3294036268920577,0.2923891329621225,0.3411927462158846,0.8034373520340955,-0.516456382967575,0,2,1,2,0.6705963731079423,0.3294036268920577
5,15938084,208,0.2923891329621225,0.2626503059721732,0.415221734075755,0.8034373520340955,-0.516456382967575,0,2,1,2,0.7076108670378776,0.2923891329621225
5,15938084,209,0.2626503059721732,0.3798517590855918,0.4746993880556536,0.8034373520340955,-0.516456382967575,1,2,1,2,0.7373496940278268,0.2626503059721732
5,15938084,210,0.3798517590855918,0.3329210467067616,0.24029648182881636,0.8034373520340955,-0.516456382967575,0,2,1,2,0.6201482409144081,0.3798517590855918
5,15938084,211,0.3329210467067616,0.43630989694686395,0.3341579065864768,0.8034373520340955,-0.516456382967575,1,2,1,2,0.6670789532932384,0.3329210467067616
5,15938084,212,0.43630989694686395,0.37828162349079797,0.1273802061062721,0.8034373520340955,-0.516456382967575,0,2,1,2,0.563690103053136,0.43630989694686395
5,15938084,213,0.37828162349079797,0.47275427864496944,0.24343675301840406,0.8034373520340955,-0.516456382967575,1,2,1,2,0.621718376509202,0.37828162349079797
5,15938084,214,0.47275427864496944,0.4075624010188436,0.05449144271006112,0.8034373520340955,-0.516456382967575,0,2,1,2,0.5272457213550306,0.47275427864496944
5,15938084,215,0.4075624010188436,0.4962795490076019,0.18487519796231278,0.8034373520340955,-0.516456382967575,1,2,1,2,0.5924375989811563,0.4075624010188436
5,15938084,216,0.4962795490076019,0.5675582194677068,0.007440901984796189,0.8034373520340955,-0.516456382967575,1,2,1,2,0.503720450992398,0.4962795490076019
5,15938084,217,0.5675582194677068,0.4837314281958609,0.13511643893541359,0.8034373520340955,-0.516456382967575,0,2,1,2,0.4324417805322932,0.5675582194677068
5,15938084,218,0.4837314281958609,0.4163818529868942,0.032537143608278196,0.8034373520340955,-0.516456382967575,0,2,1,2,0.5162685718041391,0.4837314281958609
5,15938084,219,0.4163818529868942,0.36227068862038075,0.16723629402621165,0.8034373520340955,-0.516456382967575,0,2,1,2,0.5836181470131059,0.4163818529868942
5,15938084,220,0.36227068862038075,0.4598904955290911,0.2754586227592385,0.8034373520340955,-0.516456382967575,1,2,1,2,0.6377293113796192,0.36227068862038075
5,15938084,221,0.4598904955290911,0.3972271571750815,0.08021900894181777,0.8034373520340955,-0.516456382967575,0,2,1,2,0.5401095044709089,0.4598904955290911
5,15938084,222,0.3972271571750815,0.3468810905383194,0.205545685649837,0.8034373520340955,-0.516456382967575,0,2,1,2,0.6027728428249185,0.3972271571750815
5,15938084,223,0.3468810905383194,0.4475259175971707,0.3062378189233612,0.8034373520340955,-0.516456382967575,1,2,1,2,0.6531189094616806,0.3468810905383194
5,15938084,224,0.4475259175971707,0.38729299342244006,0.1049481648056586,0.8034373520340955,-0.516456382967575,0,2,1,2,0.5524740824028294,0.4475259175971707
5,15938084,225,0.38729299342244006,0.3388996123182241,0.22541401315511989,0.8034373520340955,-0.516456382967575,0,2,1,2,0.6127070065775599,0.38729299342244006
5,15938084,226,0.3388996123182241,0.30001856234787594,0.32220077536355185,0.8034373520340955,-0.516456382967575,0,2,1,2,0.6611003876817759,0.3388996123182241
5,15938084,227,0.30001856234787594,0.4098748120382177,0.3999628753042481,0.8034373520340955,-0.516456382967575,1,2,1,2,0.6999814376521241,0.30001856234787594
5,15938084,228,0.4098748120382177,0.3570426888709987,0.18025037592356463,0.8034373520340955,-0.516456382967575,0,2,1,2,0.5901251879617824,0.4098748120382177
5,15938084,229,0.3570426888709987,0.3145953877311891,0.28591462225800257,0.8034373520340955,-0.516456382967575,0,2,1,2,0.6429573111290012,0.3570426888709987
5,15938084,230,0.3145953877311891,0.28049164050242664,0.3708092245376218,0.8034373520340955,-0.516456382967575,0,2,1,2,0.6854046122688109,0.3145953877311891
5,15938084,231,0.28049164050242664,0.39418615365733317,0.4390167189951467,0.8034373520340955,-0.516456382967575,1,2,1,2,0.7195083594975733,0.28049164050242664
5,15938084,232,0.39418615365733317,0.34443783472449324,0.21162769268533366,0.8034373520340955,-0.516456382967575,0,2,1,2,0.6058138463426668,0.39418615365733317
5,15938084,233,0.34443783472449324,0.44556291461576836,0.3111243305510135,0.8034373520340955,-0.516456382967575,1,2,1,2,0.6555621652755068,0.34443783472449324
5,15938084,234,0.44556291461576836,0.5268105810278508,0.10887417076846329,0.8034373520340955,-0.516456382967575,1,2,1,2,0.5544370853842316,0.44556291461576836
5,15938084,235,0.5268105810278508,0.45099325346610025,0.053621162055701665,0.8034373520340955,-0.516456382967575,0,2,1,2,0.47318941897214917,0.5268105810278508
5,15938084,236,0.45099325346610025,0.3900787805715857,0.0980134930677995,0.8034373520340955,-0.516456382967575,0,2,1,2,0.5490067465338997,0.45099325346610025
5,15938084,237,0.3900787805715857,0.3411378177686643,0.21984243885682864,0.8034373520340955,-0.516456382967575,0,2,1,2,0.6099212194284143,0.3900787805715857
5,15938084,238,0.3411378177686643,0.44291155773110946,0.3177243644626714,0.8034373520340955,-0.516456382967575,1,2,1,2,0.6588621822313356,0.3411378177686643
5,15938084,239,0.44291155773110946,0.524680381873143,0.11417688453778108,0.8034373520340955,-0.516456382967575,1,2,1,2,0.5570884422688905,0.44291155773110946
5,15938084,240,0.524680381873143,0.4492817718979366,0.04936076374628606,0.8034373520340955,-0.516456382967575,0,2,1,2,0.47531961812685697,0.524680381873143
6,16001800,1,0.5,0.6666666666666666,0,0.880519230841975,-0.44079826696025,1,1,2,2,0.5,0.5
6,16001800,2,0.6666666666666666,0.7423025269267831,0.33333333333333326,0.880519230841975,-0.44079826696025,1,1,2,2,0.6666666666666666,0.33333333333333337
6,16001800,3,0.7423025269267831,0.7852156798731805,0.4846050538535662,0.880519230841975,-0.44079826696025,1,1,2,2,0.7423025269267831,0.2576974730732169
6,16001800,4,0.7852156798731805,0.6253637953359009,0.570431359746361,0.880519230841975,-0.44079826696025,0,1,2,2,0.7852156798731805,0.21478432012681947
6,16001800,5,0.6253637953359009,0.6833942466002513,0.25072759067180184,0.880519230841975,-0.44079826696025,1,1,2,2,0.6253637953359009,0.3746362046640991
6,16001800,6,0.6833942466002513,0.7255623046666866,0.36678849320050255,0.880519230841975,-0.44079826696025,1,1,2,2,0.6833942466002513,0.3166057533997487
6,16001800,7,0.7255623046666866,0.6131662139004188,0.45112460933337317,0.880519230841975,-0.44079826696025,0,1,2,2,0.7255623046666866,0.2744376953333134
6,16001800,8,0.6131662139004188,0.6621485347968645,0.22633242780083762,0.880519230841975,-0.44079826696025,1,1,2,2,0.6131662139004188,0.3868337860995812
6,16001800,9,0.6621485347968645,0.5712018603949442,0.32429706959372906,0.880519230841975,-0.44079826696025,0,1,2,2,0.6621485347968645,0.33785146520313547
6,16001800,10,0.5712018603949442,0.6225155455353972,0.1424037207898885,0.880519230841975,-0.44079826696025,1,1,2,2,0.5712018603949442,0.42879813960505575
6,16001800,11,0.6225155455353972,0.6644431579459451,0.24503109107079446,0.880519230841975,-0.44079826696025,1,1,2,2,0.6225155455353972,0.37748445446460277
6,16001800,12,0.6644431579459451,0.6990868889346509,0.3288863158918902,0.880519230841975,-0.44079826696025,1,1,2,2,0.6644431579459451,0.3355568420540549
6,16001800,13,0.6990868889346509,0.7279776502107347,0.39817377786930175,0.880519230841975,-0.44079826696025,1,1,2,2,0.6990868889346509,0.3009131110653491
6,16001800,14,0.7279776502107347,0.7522568671747283,0.45595530042146937,0.880519230841975,-0.44079826696025,1,1,2,2,0.7279776502107347,0.2720223497892653
6,16001800,15,0.7522568671747283,0.7727929048804166,0.5045137343494566,0.880519230841975,-0.44079826696025,1,1,2,2,0.7522568671747283,0.24774313282527172
6,16001800,16,0.7727929048804166,0.6824621079574843,0.5455858097608333,0.880519230841975,-0.44079826696025,0,1,2,2,0.7727929048804166,0.22720709511958337
6,16001800,17,0.6824621079574843,0.6052816906869107,0.3649242159149686,0.880519230841975,-0.44079826696025,0,1,2,2,0.6824621079574843,0.3175378920425157
6,16001800,18,0.6052816906869107,0.5390751253757725,0.21056338137382147,0.880519230841975,-0.44079826696025,0,1,2,2,0.6052816906869107,0.39471830931308927
6,16001800,19,0.5390751253757725,0.5860003897726859,0.07815025075154503,0.880519230841975,-0.44079826696025,1,1,2,2,0.5390751253757725,0.4609248746242275
6,16001800,20,0.5860003897726859,0.5235509661944218,0.17200077954537174,0.880519230841975,-0.44079826696025,0,1,2,2,0.5860003897726859,0.41399961022731413
6,16001800,21,0.5235509661944218,0.46950439294830315,0.047101932388843526,0.880519230841975,-0.44079826696025,0,1,2,2,0.5235509661944218,0.47644903380557824
6,16001800,22,0.46950439294830315,0.524044786498374,0.0609912141033937,0.880519230841975,-0.44079826696025,1,1,2,2,0.46950439294830315,0.5304956070516968
6,16001800,23,0.524044786498374,0.5714395947595204,0.0480895729967481,0.880519230841975,-0.44079826696025,1,1,2,2,0.524044786498374,0.47595521350162595
6,16001800,24,0.5714395947595204,0.6126928919842833,0.14287918951904088,0.880519230841975,-0.44079826696025,1,1,2,2,0.5714395947595204,0.42856040524047956
6,16001800,25,0.6126928919842833,0.6486520227135899,0.22538578396856668,0.880519230841975,-0.44079826696025,1,1,2,2,0.6126928919842833,0.38730710801571666
6,16001800,26,0.6486520227135899,0.6800355948143328,0.2973040454271798,0.880519230841975,-0.44079826696025,1,1,2,2,0.6486520227135899,0.3513479772864101
6,16001800,27,0.6800355948143328,0.7074557017696691,0.3600711896286657,0.880519230841975,-0.44079826696025,1,1,2,2,0.6800355948143328,0.31996440518566716
6,16001800,28,0.7074557017696691,0.7314357282914985,0.4149114035393382,0.880519230841975,-0.44079826696025,1,1,2,2,0.7074557017696691,0.2925442982303309
6,16001800,29,0.7314357282914985,0.7524247399309277,0.462871456582997,0.880519230841975,-0.44079826696025,1,1,2,2,0.7314357282914985,0.2685642717085015
6,16001800,30,0.7524247399309277,0.6726306787277382,0.5048494798618555,0.880519230841975,-0.44079826696025,0,1,2,2,0.7524247399309277,0.24757526006907227
6,16001800,31,0.6726306787277382,0.7006607394135146,0.34526135745547637,0.880519230841975,-0.44079826696025,1,1,2,2,0.6726306787277382,0.3273693212722618
6,16001800,32,0.7006607394135146,0.7252419623768883,0.4013214788270292,0.880519230841975,-0.44079826696025,1,1,2,2,0.7006607394135146,0.2993392605864854
6,16001800,33,0.7252419623768883,0.6491904027432804,0.45048392475377663,0.880519230841975,-0.44079826696025,0,1,2,2,0.7252419623768883,0.2747580376231117
6,16001800,34,0.6491904027432804,0.5824347920718971,0.2983808054865609,0.880519230841975,-0.44079826696025,0,1,2,2,0.6491904027432804,0.35080959725671956
6,16001800,35,0.5824347920718971,0.5238167126491691,0.16486958414379416,0.880519230841975,-0.44079826696025,0,1,2,2,0.5824347920718971,0.4175652079281029
6,16001800,36,0.5238167126491691,0.5695675743919986,0.04763342529833814,0.880519230841975,-0.44079826696025,1,1,2,2,0.5238167126491691,0.47618328735083093
6,16001800,37,0.5695675743919986,0.512622776916647,0.13913514878399713,0.880519230841975,-0.44079826696025,0,1,2,2,0.5695675743919986,0.43043242560800143
6,16001800,38,0.512622776916647,0.5596341627130246,0.025245553833294077,0.880519230841975,-0.44079826696025,1,1,2,2,0.512622776916647,0.48737722308335296
6,16001800,39,0.5596341627130246,0.6009604748649776,0.11926832542604915,0.880519230841975,-0.44079826696025,1,1,2,2,0.5596341627130246,0.4403658372869754
6,16001800,40,0.6009604748649776,0.5403783389760484,0.20192094972995522,0.880519230841975,-0.44079826696025,0,1,2,2,0.6009604748649776,0.3990395251350224
6,16001800,41,0.5403783389760484,0.48710257397408285,0.08075667795209673,0.880519230841975,-0.44079826696025,0,1,2,2,0.5403783389760484,0.45962166102395163
6,16001800,42,0.48710257397408285,0.5370542201526965,0.025794852051834294,0.880519230841975,-0.44079826696025,1,1,2,2,0.48710257397408285,0.5128974260259171
6,16001800,43,0.5370542201526965,0.4842295555523765,0.0741084403053931,0.880519230841975,-0.44079826696025,0,1,2,2,0.5370542201526965,0.46294577984730345
6,16001800,44,0.4842295555523765,0.5344821101710405,0.03154088889524698,0.880519230841975,-0.44079826696025,1,1,2,2,0.4842295555523765,0.5157704444476234
6,16001800,45,0.5344821101710405,0.4820059636500576,0.06896422034208105,0.880519230841975,-0.44079826696025,0,1,2,2,0.5344821101710405,0.4655178898289595
6,16001800,46,0.4820059636500576,0.5324909902549487,0.0359880726998848,0.880519230841975,-0.44079826696025,1,1,2,2,0.4820059636500576,0.5179940363499425
6,16001800,47,0.5324909902549487,0.5769176907725029,0.06498198050989745,0.880519230841975,-0.44079826696025,1,1,2,2,0.5324909902549487,0.4675090097450513
6,16001800,48,0.5769176907725029,0.6160158531338229,0.15383538154500576,0.880519230841975,-0.44079826696025,1,1,2,2,0.5769176907725029,0.4230823092274971
6,16001800,49,0.6160158531338229,0.65042673082268,0.2320317062676458,0.880519230841975,-0.44079826696025,1,1,2,2,0.6160158531338229,0.3839841468661771
6,16001800,50,0.65042673082268,0.6807139235829067,0.30085346164536,0.880519230841975,-0.44079826696025,1,1,2,2,0.65042673082268,0.34957326917732
6,16001800,51,0.6807139235829067,0.7073728895627381,0.36142784716581344,0.880519230841975,-0.44079826696025,1,1,2,2,0.6807139235829067,0.3192860764170933
6,16001800,52,0.7073728895627381,0.6342987977143789,0.4147457791254763,0.880519230841975,-0.44079826696025,0,1,2,2,0.7073728895627381,0.29262711043726186
6,16001800,53,0.6342987977143789,0.66650140381438,0.26859759542875783,0.880519230841975,-0.44079826696025,1,1,2,2,0.6342987977143789,0.3657012022856211
6,16001800,54,0.66650140381438,0.5983325049466761,0.3330028076287599,0.880519230841975,-0.44079826696025,0,1,2,2,0.66650140381438,0.33349859618562006
6,16001800,55,0.5983325049466761,0.6348286768655803,0.19666500989335223,0.880519230841975,-0.44079826696025,1,1,2,2,0.5983325049466761,0.4016674950533239
6,16001800,56,0.6348286768655803,0.6669582090895826,0.2696573537311606,0.880519230841975,-0.44079826696025,1,1,2,2,0.6348286768655803,0.3651713231344197
6,16001800,57,0.6669582090895826,0.6952441914602483,0.3339164181791652,0.880519230841975,-0.44079826696025,1,1,2,2,0.6669582090895826,0.3330417909104174
6,16001800,58,0.6952441914602483,0.623662129993151,0.3904883829204966,0.880519230841975,-0.44079826696025,0,1,2,2,0.6952441914602483,0.3047558085397517
6,16001800,59,0.623662129993151,0.5606408461002497,0.24732425998630192,0.880519230841975,-0.44079826696025,0,1,2,2,0.623662129993151,0.37633787000684904
6,16001800,60,0.5606408461002497,0.6016295351004907,0.12128169220049934,0.880519230841975,-0.44079826696025,1,1,2,2,0.5606408461002497,0.43935915389975033
6,16001800,61,0.6016295351004907,0.5412479042499293,0.20325907020098133,0.880519230841975,-0.44079826696025,0,1,2,2,0.6016295351004907,0.39837046489950934
6,16001800,62,0.5412479042499293,0.4880853796494231,0.0824958084998586,0.880519230841975,-0.44079826696025,0,1,2,2,0.5412479042499293,0.4587520957500707
6,16001800,63,0.4880853796494231,0.537740285033146,0.023829240701153775,0.880519230841975,-0.44079826696025,1,1,2,2,0.4880853796494231,0.5119146203505769
6,16001800,64,0.537740285033146,0.5814594115784822,0.07548057006629194,0.880519230841975,-0.44079826696025,1,1,2,2,0.537740285033146,0.46225971496685403
6,16001800,65,0.5814594115784822,0.5234964971115181,0.1629188231569645,0.880519230841975,-0.44079826696025,0,1,2,2,0.5814594115784822,0.41854058842151776
6,16001800,66,0.5234964971115181,0.47246172637060707,0.046992994223036266,0.880519230841975,-0.44079826696025,0,1,2,2,0.5234964971115181,0.47650350288848187
6,16001800,67,0.47246172637060707,0.42752671482662585,0.05507654725878586,0.880519230841975,-0.44079826696025,0,1,2,2,0.47246172637060707,0.527538273629393
6,16001800,68,0.42752671482662585,0.48441200953155494,0.1449465703467483,0.880519230841975,-0.44079826696025,1,1,2,2,0.42752671482662585,0.5724732851733741
6,16001800,69,0.48441200953155494,0.534498803228174,0.031175980936890113,0.880519230841975,-0.44079826696025,1,1,2,2,0.48441200953155494,0.5155879904684451
6,16001800,70,0.534498803228174,0.5785997910556847,0.068997606456348,0.880519230841975,-0.44079826696025,1,1,2,2,0.534498803228174,0.465501196771826
6,16001800,71,0.5785997910556847,0.6174304756904899,0.15719958211136942,0.880519230841975,-0.44079826696025,1,1,2,2,0.5785997910556847,0.4214002089443153
6,16001800,72,0.6174304756904899,0.5551764054309104,0.23486095138097984,0.880519230841975,-0.44079826696025,0,1,2,2,0.6174304756904899,0.3825695243095101
6,16001800,73,0.5551764054309104,0.5003616849058692,0.1103528108618208,0.880519230841975,-0.44079826696025,0,1,2,2,0.5551764054309104,0.4448235945690896
6,16001800,74,0.5003616849058692,0.5485397468652199,7.233698117383724e-4,0.880519230841975,-0.44079826696025,1,1,2,2,0.5003616849058692,0.4996383150941308
6,16001800,75,0.5485397468652199,0.5909607456019005,0.09707949373043978,0.880519230841975,-0.44079826696025,1,1,2,2,0.5485397468652199,0.4514602531347801
6,16001800,76,0.5909607456019005,0.6283126992951944,0.18192149120380097,0.880519230841975,-0.44079826696025,1,1,2,2,0.5909607456019005,0.4090392543980995
6,16001800,77,0.6283126992951944,0.6612013852657895,0.2566253985903888,0.880519230841975,-0.44079826696025,1,1,2,2,0.6283126992951944,0.3716873007048056
6,16001800,78,0.6612013852657895,0.6901601742482536,0.32240277053157906,0.880519230841975,-0.44079826696025,1,1,2,2,0.6612013852657895,0.33879861473421047
6,16001800,79,0.6901601742482536,0.7156586878431161,0.3803203484965072,0.880519230841975,-0.44079826696025,1,1,2,2,0.6901601742482536,0.3098398257517464
6,16001800,80,0.7156586878431161,0.7381104201636636,0.4313173756862323,0.880519230841975,-0.44079826696025,1,1,2,2,0.7156586878431161,0.28434131215688385
6,16001800,81,0.7381104201636636,0.7578794477523172,0.47622084032732714,0.880519230841975,-0.44079826696025,1,1,2,2,0.7381104201636636,0.26188957983633643
6,16001800,82,0.7578794477523172,0.7752863369458565,0.5157588955046344,0.880519230841975,-0.44079826696025,1,1,2,2,0.7578794477523172,0.2421205522476828
6,16001800,83,0.7752863369458565,0.7906133447688631,0.5505726738917129,0.880519230841975,-0.44079826696025,1,1,2,2,0.7752863369458565,0.22471366305414353
6,16001800,84,0.7906133447688631,0.7076710013336178,0.5812266895377263,0.880519230841975,-0.44079826696025,0,1,2,2,0.7906133447688631,0.20938665523113686
6,16001800,85,0.7076710013336178,0.7310768004133755,0.41534200266723564,0.880519230841975,-0.44079826696025,1,1,2,2,0.7076710013336178,0.2923289986663822
6,16001800,86,0.7310768004133755,0.6552483736699951,0.46215360082675105,0.880519230841975,-0.44079826696025,0,1,2,2,0.7310768004133755,0.2689231995866245
6,16001800,87,0.6552483736699951,0.6849176620957936,0.3104967473399902,0.880519230841975,-0.44079826696025,1,1,2,2,0.6552483736699951,0.3447516263300049
6,16001800,88,0.6849176620957936,0.7110419573460659,0.36983532419158727,0.880519230841975,-0.44079826696025,1,1,2,2,0.6849176620957936,0.31508233790420637
6,16001800,89,0.7110419573460659,0.637607675799502,0.4220839146921318,0.880519230841975,-0.44079826696025,0,1,2,2,0.7110419573460659,0.2889580426539341
6,16001800,90,0.637607675799502,0.6693845881450231,0.2752153515990039,0.880519230841975,-0.44079826696025,1,1,2,2,0.637607675799502,0.36239232420049805
6,16001800,91,0.6693845881450231,0.6973647093087977,0.3387691762900462,0.880519230841975,-0.44079826696025,1,1,2,2,0.6693845881450231,0.3306154118549769
6,16001800,92,0.6973647093087977,0.7220016965844378,0.39472941861759536,0.880519230841975,-0.44079826696025,1,1,2,2,0.6973647093087977,0.3026352906912023
6,16001800,93,0.7220016965844378,0.6472582146931909,0.4440033931688756,0.880519230841975,-0.44079826696025,0,1,2,2,0.7220016965844378,0.2779983034155622
6,16001800,94,0.6472582146931909,0.6778819585391485,0.2945164293863818,0.880519230841975,-0.44079826696025,1,1,2,2,0.6472582146931909,0.3527417853068091
6,16001800,95,0.6778819585391485,0.7048467184321271,0.3557639170782969,0.880519230841975,-0.44079826696025,1,1,2,2,0.6778819585391485,0.32211804146085155
6,16001800,96,0.7048467184321271,0.728589680561918,0.4096934368642542,0.880519230841975,-0.44079826696025,1,1,2,2,0.7048467184321271,0.2951532815678729
6,16001800,97,0.728589680561918,0.6530592331213199,0.45717936112383595,0.880519230841975,-0.44079826696025,0,1,2,2,0.728589680561918,0.271410319438082
6,16001800,98,0.6530592331213199,0.5865532813818501,0.3061184662426397,0.880519230841975,-0.44079826696025,0,1,2,2,0.6530592331213199,0.34694076687868014
6,16001800,99,0.5865532813818501,0.5279935582317159,0.1731065627637003,0.880519230841975,-0.44079826696025,0,1,2,2,0.5865532813818501,0.41344671861814986
6,16001800,100,0.5279935582317159,0.5728670848888757,0.055987116463431796,0.880519230841975,-0.44079826696025,1,1,2,2,0.5279935582317159,0.4720064417682841
6,16001800,101,0.5728670848888757,0.5159426383971228,0.14573416977775144,0.880519230841975,-0.44079826696025,0,1,2,2,0.5728670848888757,0.4271329151111243
6,16001800,102,0.5159426383971228,0.5622559966759604,0.03188527679424569,0.880519230841975,-0.44079826696025,1,1,2,2,0.5159426383971228,0.48405736160287716
6,16001800,103,0.5622559966759604,0.603035779894932,0.12451199335192076,0.880519230841975,-0.44079826696025,1,1,2,2,0.5622559966759604,0.4377440033240396
6,16001800,104,0.603035779894932,0.6389431482151479,0.2060715597898639,0.880519230841975,-0.44079826696025,1,1,2,2,0.603035779894932,0.39696422010506804
6,16001800,105,0.6389431482151479,0.5741239208637273,0.2778862964302957,0.880519230841975,-0.44079826696025,0,1,2,2,0.6389431482151479,0.36105685178485214
6,16001800,106,0.5741239208637273,0.6134856925523003,0.14824784172745464,0.880519230841975,-0.44079826696025,1,1,2,2,0.5741239208637273,0.4258760791362727
6,16001800,107,0.6134856925523003,0.6481444795778186,0.2269713851046007,0.880519230841975,-0.44079826696025,1,1,2,2,0.6134856925523003,0.38651430744769966
6,16001800,108,0.6481444795778186,0.6786622003909671,0.29628895915563724,0.880519230841975,-0.44079826696025,1,1,2,2,0.6481444795778186,0.3518555204221814
6,16001800,109,0.6786622003909671,0.705533634493631,0.3573244007819343,0.880519230841975,-0.44079826696025,1,1,2,2,0.6786622003909671,0.32133779960903286
6,16001800,110,0.705533634493631,0.729194444364506,0.4110672689872621,0.880519230841975,-0.44079826696025,1,1,2,2,0.705533634493631,0.29446636550636895
6,16001800,111,0.729194444364506,0.7500282388936197,0.45838888872901196,0.880519230841975,-0.44079826696025,1,1,2,2,0.729194444364506,0.270805555635494
6,16001800,112,0.7500282388936197,0.768372792852688,0.5000564777872394,0.880519230841975,-0.44079826696025,1,1,2,2,0.7500282388936197,0.2499717611063803
6,16001800,113,0.768372792852688,0.6880892575619018,0.536745585705376,0.880519230841975,-0.44079826696025,0,1,2,2,0.768372792852688,0.231627207147312
6,16001800,114,0.6880892575619018,0.6173980691099045,0.3761785151238035,0.880519230841975,-0.44079826696025,0,1,2,2,0.6880892575619018,0.31191074243809824
6,16001800,115,0.6173980691099045,0.6515893803769299,0.23479613821980894,0.880519230841975,-0.44079826696025,1,1,2,2,0.6173980691099045,0.38260193089009553
6,16001800,116,0.6515893803769299,0.6816954847374537,0.30317876075385986,0.880519230841975,-0.44079826696025,1,1,2,2,0.6515893803769299,0.3484106196230701
6,16001800,117,0.6816954847374537,0.7082044864699786,0.36339096947490734,0.880519230841975,-0.44079826696025,1,1,2,2,0.6816954847374537,0.31830451526254633
6,16001800,118,0.7082044864699786,0.635109925824195,0.41640897293995716,0.880519230841975,-0.44079826696025,0,1,2,2,0.7082044864699786,0.2917955135300214
6,16001800,119,0.635109925824195,0.5707487635012826,0.27021985164839,0.880519230841975,-0.44079826696025,0,1,2,2,0.635109925824195,0.364890074175805
6,16001800,120,0.5707487635012826,0.5140775254544958,0.14149752700256513,0.880519230841975,-0.44079826696025,0,1,2,2,0.5707487635012826,0.42925123649871744
6,16001800,121,0.5140775254544958,0.5606136502914723,0.02815505090899162,0.880519230841975,-0.44079826696025,1,1,2,2,0.5140775254544958,0.4859224745455042
6,16001800,122,0.5606136502914723,0.6015896014026577,0.12122730058294451,0.880519230841975,-0.44079826696025,1,1,2,2,0.5606136502914723,0.43938634970852775
6,16001800,123,0.6015896014026577,0.541233479239501,0.20317920280531543,0.880519230841975,-0.44079826696025,0,1,2,2,0.6015896014026577,0.3984103985973423
6,16001800,124,0.541233479239501,0.48808875472208796,0.0824669584790021,0.880519230841975,-0.44079826696025,0,1,2,2,0.541233479239501,0.45876652076049895
6,16001800,125,0.48808875472208796,0.4412938041206331,0.023822490555824083,0.880519230841975,-0.44079826696025,0,1,2,2,0.48808875472208796,0.511911245277912
6,16001800,126,0.4412938041206331,0.4000899512594699,0.11741239175873375,0.880519230841975,-0.44079826696025,0,1,2,2,0.4412938041206331,0.5587061958793669
6,16001800,127,0.4000899512594699,0.46024539606296055,0.19982009748106022,0.880519230841975,-0.44079826696025,1,1,2,2,0.4000899512594699,0.5999100487405301
6,16001800,128,0.46024539606296055,0.41677719307928746,0.07950920787407889,0.880519230841975,-0.44079826696025,0,1,2,2,0.46024539606296055,0.5397546039370394
6,16001800,129,0.41677719307928746,0.474938832229136,0.1664456138414251,0.880519230841975,-0.44079826696025,1,1,2,2,0.41677719307928746,0.5832228069207126
6,16001800,130,0.474938832229136,0.4297150467636571,0.05012233554172796,0.880519230841975,-0.44079826696025,0,1,2,2,0.474938832229136,0.525061167770864
6,16001800,131,0.4297150467636571,0.4863308603478463,0.14056990647268575,0.880519230841975,-0.44079826696025,1,1,2,2,0.4297150467636571,0.5702849532363429
6,16001800,132,0.4863308603478463,0.5361821723865943,0.027338279304307433,0.880519230841975,-0.44079826696025,1,1,2,2,0.4863308603478463,0.5136691396521538
6,16001800,133,0.5361821723865943,0.5800772108605117,0.07236434477318854,0.880519230841975,-0.44079826696025,1,1,2,2,0.5361821723865943,0.46381782761340573
6,16001800,134,0.5800772108605117,0.6187276360195492,0.16015442172102334,0.880519230841975,-0.44079826696025,1,1,2,2,0.5800772108605117,0.41992278913948833
6,16001800,135,0.6187276360195492,0.5563238543252563,0.23745527203909833,0.880519230841975,-0.44079826696025,0,1,2,2,0.6187276360195492,0.38127236398045083
6,16001800,136,0.5563238543252563,0.5978123485872535,0.11264770865051266,0.880519230841975,-0.44079826696025,1,1,2,2,0.5563238543252563,0.44367614567474367
6,16001800,137,0.5978123485872535,0.6343437654140418,0.19562469717450703,0.880519230841975,-0.44079826696025,1,1,2,2,0.5978123485872535,0.4021876514127465
6,16001800,138,0.6343437654140418,0.6665103802819384,0.2686875308280836,0.880519230841975,-0.44079826696025,1,1,2,2,0.6343437654140418,0.3656562345859582
6,16001800,139,0.6665103802819384,0.6948337031262074,0.33302076056387686,0.880519230841975,-0.44079826696025,1,1,2,2,0.6665103802819384,0.33348961971806157
6,16001800,140,0.6948337031262074,0.7197729334649376,0.3896674062524148,0.880519230841975,-0.44079826696025,1,1,2,2,0.6948337031262074,0.3051662968737926
6,16001800,141,0.7197729334649376,0.7417324052976325,0.4395458669298753,0.880519230841975,-0.44079826696025,1,1,2,2,0.7197729334649376,0.28022706653506235
6,16001800,142,0.7417324052976325,0.7610681424811375,0.483464810595265,0.880519230841975,-0.44079826696025,1,1,2,2,0.7417324052976325,0.2582675947023675
6,16001800,143,0.7610681424811375,0.7780936308638551,0.522136284962275,0.880519230841975,-0.44079826696025,1,1,2,2,0.7610681424811375,0.23893185751886248
6,16001800,144,0.7780936308638551,0.7930849007606535,0.5561872617277102,0.880519230841975,-0.44079826696025,1,1,2,2,0.7780936308638551,0.22190636913614492
6,16001800,145,0.7930849007606535,0.8062850021695526,0.586169801521307,0.880519230841975,-0.44079826696025,1,1,2,2,0.7930849007606535,0.20691509923934648
6,16001800,146,0.8062850021695526,0.8179079452859128,0.6125700043391051,0.880519230841975,-0.44079826696025,1,1,2,2,0.8062850021695526,0.19371499783044743
6,16001800,147,0.8179079452859128,0.8281421702008325,0.6358158905718256,0.880519230841975,-0.44079826696025,1,1,2,2,0.8179079452859128,0.18209205471408718
6,16001800,148,0.8281421702008325,0.740717380167444,0.656284340401665,0.880519230841975,-0.44079826696025,0,1,2,2,0.8281421702008325,0.17185782979916753
6,16001800,149,0.740717380167444,0.6637381713957993,0.4814347603348881,0.880519230841975,-0.44079826696025,0,1,2,2,0.740717380167444,0.25928261983255596
6,16001800,150,0.6637381713957993,0.6923927195326947,0.32747634279159854,0.880519230841975,-0.44079826696025,1,1,2,2,0.6637381713957993,0.33626182860420073
6,16001800,151,0.6923927195326947,0.7176236001916164,0.3847854390653893,0.880519230841975,-0.44079826696025,1,1,2,2,0.6923927195326947,0.30760728046730534
6,16001800,152,0.7176236001916164,0.7398398758021738,0.43524720038323284,0.880519230841975,-0.44079826696025,1,1,2,2,0.7176236001916164,0.2823763998083836
6,16001800,153,0.7398398758021738,0.6629655120719566,0.4796797516043476,0.880519230841975,-0.44079826696025,0,1,2,2,0.7398398758021738,0.2601601241978262
6,16001800,154,0.6629655120719566,0.5952761564976635,0.3259310241439133,0.880519230841975,-0.44079826696025,0,1,2,2,0.6629655120719566,0.33703448792804336
6,16001800,155,0.5952761564976635,0.5356743772291137,0.19055231299532704,0.880519230841975,-0.44079826696025,0,1,2,2,0.5952761564976635,0.4047238435023365
6,16001800,156,0.5356743772291137,0.5796300859604603,0.07134875445822741,0.880519230841975,-0.44079826696025,1,1,2,2,0.5356743772291137,0.4643256227708863
6,16001800,157,0.5796300859604603,0.5218977112665746,0.15926017192092057,0.880519230841975,-0.44079826696025,0,1,2,2,0.5796300859604603,0.4203699140395397
6,16001800,158,0.5218977112665746,0.47106324512851033,0.043795422533149164,0.880519230841975,-0.44079826696025,0,1,2,2,0.5218977112665746,0.4781022887334254
6,16001800,159,0.47106324512851033,0.5227387416026346,0.057873509742979334,0.880519230841975,-0.44079826696025,1,1,2,2,0.47106324512851033,0.5289367548714896
6,16001800,160,0.5227387416026346,0.5682400099960868,0.04547748320526912,0.880519230841975,-0.44079826696025,1,1,2,2,0.5227387416026346,0.47726125839736544
6,16001800,161,0.5682400099960868,0.6083047518323451,0.13648001999217363,0.880519230841975,-0.44079826696025,1,1,2,2,0.5682400099960868,0.4317599900039132
6,16001800,162,0.6083047518323451,0.6435825274886803,0.21660950366469023,0.880519230841975,-0.44079826696025,1,1,2,2,0.6083047518323451,0.3916952481676549
6,16001800,163,0.6435825274886803,0.674645287368272,0.28716505497736056,0.880519230841975,-0.44079826696025,1,1,2,2,0.6435825274886803,0.3564174725113197
6,16001800,164,0.674645287368272,0.7019966447997431,0.349290574736544,0.880519230841975,-0.44079826696025,1,1,2,2,0.674645287368272,0.325354712631728
6,16001800,165,0.7019966447997431,0.7260800410034939,0.4039932895994862,0.880519230841975,-0.44079826696025,1,1,2,2,0.7019966447997431,0.2980033552002569
6,16001800,166,0.7260800410034939,0.6508497130954282,0.45216008200698776,0.880519230841975,-0.44079826696025,0,1,2,2,0.7260800410034939,0.2739199589965061
6,16001800,167,0.6508497130954282,0.6810441840388695,0.3016994261908563,0.880519230841975,-0.44079826696025,1,1,2,2,0.6508497130954282,0.34915028690457184
6,16001800,168,0.6810441840388695,0.6111947749720399,0.3620883680777389,0.880519230841975,-0.44079826696025,0,1,2,2,0.6810441840388695,0.31895581596113054
6,16001800,169,0.6111947749720399,0.6461272484218943,0.22238954994407978,0.880519230841975,-0.44079826696025,1,1,2,2,0.6111947749720399,0.3888052250279601
6,16001800,170,0.6461272484218943,0.6768859630724664,0.29225449684378857,0.880519230841975,-0.44079826696025,1,1,2,2,0.6461272484218943,0.3538727515781057
6,16001800,171,0.6768859630724664,0.7039696028360265,0.3537719261449328,0.880519230841975,-0.44079826696025,1,1,2,2,0.6768859630724664,0.3231140369275336
6,16001800,172,0.7039696028360265,0.6313810471090486,0.407939205672053,0.880519230841975,-0.44079826696025,0,1,2,2,0.7039696028360265,0.2960303971639735
6,16001800,173,0.6313810471090486,0.6639016492318531,0.26276209421809726,0.880519230841975,-0.44079826696025,1,1,2,2,0.6313810471090486,0.36861895289095137
6,16001800,174,0.6639016492318531,0.5961004434251425,0.32780329846370626,0.880519230841975,-0.44079826696025,0,1,2,2,0.6639016492318531,0.33609835076814687
6,16001800,175,0.5961004434251425,0.6328363992115622,0.1922008868502849,0.880519230841975,-0.44079826696025,1,1,2,2,0.5961004434251425,0.40389955657485754
6,16001800,176,0.6328363992115622,0.568746893374906,0.2656727984231244,0.880519230841975,-0.44079826696025,0,1,2,2,0.6328363992115622,0.3671636007884378
6,16001800,177,0.568746893374906,0.5123148509927558,0.13749378674981205,0.880519230841975,-0.44079826696025,0,1,2,2,0.568746893374906,0.431253106625094
6,16001800,178,0.5123148509927558,0.5590615738065268,0.02462970198551151,0.880519230841975,-0.44079826696025,1,1,2,2,0.5123148509927558,0.48768514900724425
6,16001800,179,0.5590615738065268,0.6002229622216563,0.11812314761305354,0.880519230841975,-0.44079826696025,1,1,2,2,0.5590615738065268,0.44093842619347323
6,16001800,180,0.6002229622216563,0.5400301349256744,0.20044592444331255,0.880519230841975,-0.44079826696025,0,1,2,2,0.6002229622216563,0.3997770377783437
6,16001800,181,0.5400301349256744,0.5834654142956968,0.08006026985134884,0.880519230841975,-0.44079826696025,1,1,2,2,0.5400301349256744,0.4599698650743256
6,16001800,182,0.5834654142956968,0.6217110130772115,0.16693082859139352,0.880519230841975,-0.44079826696025,1,1,2,2,0.5834654142956968,0.41653458570430324
6,16001800,183,0.6217110130772115,0.5589507769388831,0.2434220261544231,0.880519230841975,-0.44079826696025,0,1,2,2,0.6217110130772115,0.37828898692278845
6,16001800,184,0.5589507769388831,0.600125403446973,0.11790155387776613,0.880519230841975,-0.44079826696025,1,1,2,2,0.5589507769388831,0.44104922306111694
6,16001800,185,0.600125403446973,0.5399442325510125,0.20025080689394592,0.880519230841975,-0.44079826696025,0,1,2,2,0.600125403446973,0.39987459655302704
6,16001800,186,0.5399442325510125,0.5833897756011908,0.07988846510202507,0.880519230841975,-0.44079826696025,1,1,2,2,0.5399442325510125,0.46005576744898746
6,16001800,187,0.5833897756011908,0.5252081903933143,0.16677955120238153,0.880519230841975,-0.44079826696025,0,1,2,2,0.5833897756011908,0.41661022439880924
6,16001800,188,0.5252081903933143,0.5704144070944828,0.05041638078662869,0.880519230841975,-0.44079826696025,1,1,2,2,0.5252081903933143,0.47479180960668566
6,16001800,189,0.5704144070944828,0.5137831288964305,0.14082881418896553,0.880519230841975,-0.44079826696025,0,1,2,2,0.5704144070944828,0.42958559290551723
6,16001800,190,0.5137831288964305,0.46391819937625295,0.027566257792861038,0.880519230841975,-0.44079826696025,0,1,2,2,0.5137831288964305,0.4862168711035695
6,16001800,191,0.46391819937625295,0.5164473913455204,0.0721636012474941,0.880519230841975,-0.44079826696025,1,1,2,2,0.46391819937625295,0.5360818006237471
6,16001800,192,0.5164473913455204,0.5627003550547846,0.03289478269104085,0.880519230841975,-0.44079826696025,1,1,2,2,0.5164473913455204,0.4835526086544796
6,16001800,193,0.5627003550547846,0.603426979084022,0.1254007101095691,0.880519230841975,-0.44079826696025,1,1,2,2,0.5627003550547846,0.43729964494521545
6,16001800,194,0.603426979084022,0.6392875547488767,0.20685395816804397,0.880519230841975,-0.44079826696025,1,1,2,2,0.603426979084022,0.396573020915978
6,16001800,195,0.6392875547488767,0.5744272598955095,0.2785751094977533,0.880519230841975,-0.44079826696025,0,1,2,2,0.6392875547488767,0.36071244525112334
6,16001800,196,0.5744272598955095,0.6137527443142919,0.14885451979101894,0.880519230841975,-0.44079826696025,1,1,2,2,0.5744272598955095,0.42557274010449053
6,16001800,197,0.6137527443142919,0.6483795896071013,0.22750548862858389,0.880519230841975,-0.44079826696025,1,1,2,2,0.6137527443142919,0.38624725568570806
6,16001800,198,0.6483795896071013,0.6788691927907281,0.2967591792142026,0.880519230841975,-0.44079826696025,1,1,2,2,0.6483795896071013,0.3516204103928987
6,16001800,199,0.6788691927907281,0.6092796533798972,0.3577383855814562,0.880519230841975,-0.44079826696025,0,1,2,2,0.6788691927907281,0.3211308072092719
6,16001800,200,0.6092796533798972,0.6444409470179503,0.2185593067597944,0.880519230841975,-0.44079826696025,1,1,2,2,0.6092796533798972,0.3907203466201028
6,16001800,201,0.6444409470179503,0.6754011422474813,0.2888818940359006,0.880519230841975,-0.44079826696025,1,1,2,2,0.6444409470179503,0.3555590529820497
6,16001800,202,0.6754011422474813,0.7026621895376612,0.35080228449496254,0.880519230841975,-0.44079826696025,1,1,2,2,0.6754011422474813,0.32459885775251873
6,16001800,203,0.7026621895376612,0.6302298445751442,0.4053243790753225,0.880519230841975,-0.44079826696025,0,1,2,2,0.7026621895376612,0.29733781046233876
6,16001800,204,0.6302298445751442,0.6628879932550703,0.2604596891502884,0.880519230841975,-0.44079826696025,1,1,2,2,0.6302298445751442,0.3697701554248558
6,16001800,205,0.6628879932550703,0.6916441212114104,0.3257759865101406,0.880519230841975,-0.44079826696025,1,1,2,2,0.6628879932550703,0.3371120067449297
6,16001800,206,0.6916441212114104,0.7169644448814958,0.3832882424228208,0.880519230841975,-0.44079826696025,1,1,2,2,0.6916441212114104,0.3083558787885896
6,16001800,207,0.7169644448814958,0.7392594768041302,0.4339288897629916,0.880519230841975,-0.44079826696025,1,1,2,2,0.7169644448814958,0.2830355551185042
6,16001800,208,0.7392594768041302,0.7588906811642309,0.47851895360826036,0.880519230841975,-0.44079826696025,1,1,2,2,0.7392594768041302,0.2607405231958698
6,16001800,209,0.7588906811642309,0.6797401127737492,0.5177813623284617,0.880519230841975,-0.44079826696025,0,1,2,2,0.7588906811642309,0.24110931883576914
6,16001800,210,0.6797401127737492,0.7064827365279991,0.3594802255474985,0.880519230841975,-0.44079826696025,1,1,2,2,0.6797401127737492,0.32025988722625076
6,16001800,211,0.7064827365279991,0.7300301310267756,0.4129654730559982,0.880519230841975,-0.44079826696025,1,1,2,2,0.7064827365279991,0.2935172634720009
6,16001800,212,0.7300301310267756,0.7507640647191615,0.4600602620535512,0.880519230841975,-0.44079826696025,1,1,2,2,0.7300301310267756,0.2699698689732244
6,16001800,213,0.7507640647191615,0.67258447071226235,0.5015281294383229,0.880519230841975,-0.44079826696025,0,1,2,2,0.7507640647191615,0.24923593528083854
6,16001800,214,0.67258447071226235,0.6037458347297935,0.3451689414245247,0.880519230841975,-0.44079826696025,0,1,2,2,0.67258447071226235,0.32741552928773765
6,16001800,215,0.6037458347297935,0.5431320919223181,0.20749166945958697,0.880519230841975,-0.44079826696025,0,1,2,2,0.6037458347297935,0.3962541652702065
6,16001800,216,0.5431320919223181,0.48976052572704104,0.0862641838446363,0.880519230841975,-0.44079826696025,0,1,2,2,0.5431320919223181,0.45686790807768185
6,16001800,217,0.48976052572704104,0.5392020566659428,0.02047894854591792,0.880519230841975,-0.44079826696025,1,1,2,2,0.48976052572704104,0.510239474272959
6,16001800,218,0.5392020566659428,0.5827362754599049,0.07840411333188557,0.880519230841975,-0.44079826696025,1,1,2,2,0.5392020566659428,0.4607979433340572
6,16001800,219,0.5827362754599049,0.5246327709536942,0.16547255091980984,0.880519230841975,-0.44079826696025,0,1,2,2,0.5827362754599049,0.4172637245400951
6,16001800,220,0.5246327709536942,0.5699077392106328,0.04926554190738841,0.880519230841975,-0.44079826696025,1,1,2,2,0.5246327709536942,0.4753672290463058
6,16001800,221,0.5699077392106328,0.6097732194366215,0.13981547842126552,0.880519230841975,-0.44079826696025,1,1,2,2,0.5699077392106328,0.43009226078936724
6,16001800,222,0.6097732194366215,0.5484393200684006,0.2195464388732431,0.880519230841975,-0.44079826696025,0,1,2,2,0.6097732194366215,0.39022678056337845
6,16001800,223,0.5484393200684006,0.5908698635261067,0.09687864013680114,0.880519230841975,-0.44079826696025,1,1,2,2,0.5484393200684006,0.45156067993159943
6,16001800,224,0.5908698635261067,0.6282307730156893,0.18173972705221342,0.880519230841975,-0.44079826696025,1,1,2,2,0.5908698635261067,0.4091301364738933
6,16001800,225,0.6282307730156893,0.5646915509490736,0.2564615460313786,0.880519230841975,-0.44079826696025,0,1,2,2,0.6282307730156893,0.3717692269843107
6,16001800,226,0.5646915509490736,0.5087440440066842,0.12938310189814728,0.880519230841975,-0.44079826696025,0,1,2,2,0.5646915509490736,0.43530844905092636
6,16001800,227,0.5087440440066842,0.5559174095801789,0.01748808801336832,0.880519230841975,-0.44079826696025,1,1,2,2,0.5087440440066842,0.49125595599331584
6,16001800,228,0.5559174095801789,0.5974544651511772,0.11183481916035776,0.880519230841975,-0.44079826696025,1,1,2,2,0.5559174095801789,0.4440825904198211
6,16001800,229,0.5974544651511772,0.6340286413739912,0.19490893030235434,0.880519230841975,-0.44079826696025,1,1,2,2,0.5974544651511772,0.40254553484882283
6,16001800,230,0.6340286413739912,0.6662329068903806,0.26805728274798235,0.880519230841975,-0.44079826696025,1,1,2,2,0.6340286413739912,0.3659713586260088
6,16001800,231,0.6662329068903806,0.6945893819927016,0.33246581378076123,0.880519230841975,-0.44079826696025,1,1,2,2,0.6662329068903806,0.3337670931096194
6,16001800,232,0.6945893819927016,0.7195578036391859,0.3891787639854032,0.880519230841975,-0.44079826696025,1,1,2,2,0.6945893819927016,0.3054106180072984
6,16001800,233,0.7195578036391859,0.6451067577087674,0.43911560727837173,0.880519230841975,-0.44079826696025,0,1,2,2,0.7195578036391859,0.28044219636081413
6,16001800,234,0.6451067577087674,0.6759874013646536,0.2902135154175347,0.880519230841975,-0.44079826696025,1,1,2,2,0.6451067577087674,0.35489324229123265
6,16001800,235,0.6759874013646536,0.6067421806105229,0.35197480272930726,0.880519230841975,-0.44079826696025,0,1,2,2,0.6759874013646536,0.32401259863534637
6,16001800,236,0.6067421806105229,0.5457704320926143,0.21348436122104575,0.880519230841975,-0.44079826696025,0,1,2,2,0.6067421806105229,0.3932578193894771
6,16001800,237,0.5457704320926143,0.5885198563384505,0.09154086418522867,0.880519230841975,-0.44079826696025,1,1,2,2,0.5457704320926143,0.45422956790738567
6,16001800,238,0.5885198563384505,0.5297253251404171,0.177039712676901,0.880519230841975,-0.44079826696025,0,1,2,2,0.5885198563384505,0.4114801436615495
6,16001800,239,0.5297253251404171,0.574391831106124,0.059450650280834294,0.880519230841975,-0.44079826696025,1,1,2,2,0.5297253251404171,0.47027467485958285
6,16001800,240,0.574391831106124,0.6137215485834463,0.14878366221224804,0.880519230841975,-0.44079826696025,1,1,2,2,0.574391831106124,0.425608168893876
7,16001805,1,0.5,0.3333333333333333,0,1.2143023246675,-0.718061048495,0,2,1,1,0.5,0.5
7,16001805,2,0.3333333333333333,0.47457440067681805,0.33333333333333337,1.2143023246675,-0.718061048495,1,2,1,1,0.6666666666666667,0.3333333333333333
7,16001805,3,0.47457440067681805,0.38923669137677874,0.05085119864636389,1.2143023246675,-0.718061048495,0,2,1,1,0.525425599323182,0.47457440067681805
7,16001805,4,0.38923669137677874,0.33084794059868605,0.22152661724644251,1.2143023246675,-0.718061048495,0,2,1,1,0.6107633086232213,0.38923669137677874
7,16001805,5,0.33084794059868605,0.28906586686318525,0.3383041188026279,1.2143023246675,-0.718061048495,0,2,1,1,0.669152059401314,0.33084794059868605
7,16001805,6,0.28906586686318525,0.33954072114681594,0.4218682662736295,1.2143023246675,-0.718061048495,1,2,1,1,0.7109341331368147,0.28906586686318525
7,16001805,7,0.33954072114681594,0.3131974571298035,0.3209185577063681,1.2143023246675,-0.718061048495,0,2,1,1,0.660459278853184,0.33954072114681594
7,16001805,8,0.3131974571298035,0.34448424166556413,0.373605085740393,1.2143023246675,-0.718061048495,1,2,1,1,0.6868025428701965,0.3131974571298035
7,16001805,9,0.34448424166556413,0.32743875318365834,0.31103151666887174,1.2143023246675,-0.718061048495,0,2,1,1,0.6555157583344359,0.34448424166556413
7,16001805,10,0.32743875318365834,0.3139962679836252,0.3451224936326833,1.2143023246675,-0.718061048495,0,2,1,1,0.6725612468163417,0.32743875318365834
7,16001805,11,0.3139962679836252,0.33045741624591074,0.37200746403274965,1.2143023246675,-0.718061048495,1,2,1,1,0.6860037320163748,0.3139962679836252
7,16001805,12,0.33045741624591074,0.3215575336708809,0.3390851675081785,1.2143023246675,-0.718061048495,0,2,1,1,0.6695425837540893,0.33045741624591074
7,16001805,13,0.3215575336708809,0.33238928556068426,0.3568849326582382,1.2143023246675,-0.718061048495,1,2,1,1,0.6784424663291191,0.3215575336708809
7,16001805,14,0.33238928556068426,0.3264495376635485,0.3352214288786315,1.2143023246675,-0.718061048495,0,2,1,1,0.6676107144393157,0.33238928556068426
7,16001805,15,0.3264495376635485,0.3216324242076056,0.347100924672903,1.2143023246675,-0.718061048495,0,2,1,1,0.6735504623364514,0.3264495376635485
7,16001805,16,0.3216324242076056,0.3275560010264544,0.35673515158478875,1.2143023246675,-0.718061048495,1,2,1,1,0.6783675757923944,0.3216324242076056
7,16001805,17,0.3275560010264544,0.33238438382668073,0.34488799794709124,1.2143023246675,-0.718061048495,1,2,1,1,0.6724439989735456,0.3275560010264544
7,16001805,18,0.33238438382668073,0.329709134805887,0.33523123234663854,1.2143023246675,-0.718061048495,0,2,1,1,0.6676156161733193,0.33238438382668073
7,16001805,19,0.329709134805887,0.3275211638757903,0.34058173038822603,1.2143023246675,-0.718061048495,0,2,1,1,0.6702908651941131,0.329709134805887
7,16001805,20,0.3275211638757903,0.32572950468300454,0.34495767224841944,1.2143023246675,-0.718061048495,0,2,1,1,0.6724788361242098,0.3275211638757903
7,16001805,21,0.32572950468300454,0.3279285548228783,0.3485409906339909,1.2143023246675,-0.718061048495,1,2,1,1,0.6742704953169955,0.32572950468300454
7,16001805,22,0.3279285548228783,0.32671741710706004,0.3441428903542434,1.2143023246675,-0.718061048495,0,2,1,1,0.6720714451771217,0.3279285548228783
7,16001805,23,0.32671741710706004,0.3257231522659667,0.3465651657858799,1.2143023246675,-0.718061048495,0,2,1,1,0.67328258289294,0.32671741710706004
7,16001805,24,0.3257231522659667,0.3249064700671454,0.3485536954680666,1.2143023246675,-0.718061048495,0,2,1,1,0.6742768477340333,0.3257231522659667
7,16001805,25,0.3249064700671454,0.3259133569527501,0.3501870598657092,1.2143023246675,-0.718061048495,1,2,1,1,0.6750935299328547,0.3249064700671454
7,16001805,26,0.3259133569527501,0.325360315212413,0.3481732860944998,1.2143023246675,-0.718061048495,0,2,1,1,0.6740866430472499,0.3259133569527501
7,16001805,27,0.325360315212413,0.3249055301221438,0.349279369575174,1.2143023246675,-0.718061048495,0,2,1,1,0.6746396847875871,0.325360315212413
7,16001805,28,0.3249055301221438,0.324531449558367,0.3501889397557124,1.2143023246675,-0.718061048495,0,2,1,1,0.6750944698778563,0.3249055301221438
7,16001805,29,0.324531449558367,0.32422368751570985,0.350937100883266,1.2143023246675,-0.718061048495,0,2,1,1,0.675468550441633,0.324531449558367
7,16001805,30,0.32422368751570985,0.3239704431324702,0.3515526249685803,1.2143023246675,-0.718061048495,0,2,1,1,0.6757763124842902,0.32422368751570985
7,16001805,31,0.3239704431324702,0.3242838234469926,0.3520591137350596,1.2143023246675,-0.718061048495,1,2,1,1,0.6760295568675299,0.3239704431324702
7,16001805,32,0.3242838234469926,0.3245417575465945,0.35143235310601484,1.2143023246675,-0.718061048495,1,2,1,1,0.6757161765530074,0.3242838234469926
7,16001805,33,0.3245417575465945,0.32475407589636707,0.35091648490681104,1.2143023246675,-0.718061048495,1,2,1,1,0.6754582424534055,0.3245417575465945
7,16001805,34,0.32475407589636707,0.32463761889344306,0.35049184820726587,1.2143023246675,-0.718061048495,0,2,1,1,0.6752459241036329,0.32475407589636707
7,16001805,35,0.32463761889344306,0.3245417435372124,0.3507247622131139,1.2143023246675,-0.718061048495,0,2,1,1,0.675362381106557,0.32463761889344306
7,16001805,36,0.3245417435372124,0.32446280816773415,0.35091651292557524,1.2143023246675,-0.718061048495,0,2,1,1,0.6754582564627876,0.3245417435372124
7,16001805,37,0.32446280816773415,0.32456041758350934,0.3510743836645317,1.2143023246675,-0.718061048495,1,2,1,1,0.6755371918322659,0.32446280816773415
7,16001805,38,0.32456041758350934,0.3246407870910801,0.3508791648329813,1.2143023246675,-0.718061048495,1,2,1,1,0.6754395824164907,0.32456041758350934
7,16001805,39,0.3246407870910801,0.32459670606392543,0.35071842581783985,1.2143023246675,-0.718061048495,0,2,1,1,0.6753592129089199,0.3246407870910801
7,16001805,40,0.32459670606392543,0.3245604087083417,0.35080658787214913,1.2143023246675,-0.718061048495,0,2,1,1,0.6754032939360746,0.32459670606392543
7,16001805,41,0.3245604087083417,0.32453052000505267,0.35087918258331663,1.2143023246675,-0.718061048495,0,2,1,1,0.6754395912916583,0.3245604087083417
7,16001805,42,0.32453052000505267,0.3245674783602505,0.35093895998989466,1.2143023246675,-0.718061048495,1,2,1,1,0.6754694799949473,0.32453052000505267
7,16001805,43,0.3245674783602505,0.32454720947108046,0.35086504327949897,1.2143023246675,-0.718061048495,0,2,1,1,0.6754325216397494,0.3245674783602505
7,16001805,44,0.32454720947108046,0.3245722722451308,0.3509055810578391,1.2143023246675,-0.718061048495,1,2,1,1,0.6754527905289196,0.32454720947108046
7,16001805,45,0.3245722722451308,0.32455852675036406,0.3508554555097384,1.2143023246675,-0.718061048495,0,2,1,1,0.6754277277548693,0.3245722722451308
7,16001805,46,0.32455852675036406,0.32454720749152677,0.3508829464992719,1.2143023246675,-0.718061048495,0,2,1,1,0.6754414732496359,0.32455852675036406
7,16001805,47,0.32454720749152677,0.3245378861514825,0.35090558501694646,1.2143023246675,-0.718061048495,0,2,1,1,0.6754527925084732,0.32454720749152677
7,16001805,48,0.3245378861514825,0.3245494127077955,0.350924227697035,1.2143023246675,-0.718061048495,1,2,1,1,0.6754621138485175,0.3245378861514825
7,16001805,49,0.3245494127077955,0.32455890484616595,0.35090117458440895,1.2143023246675,-0.718061048495,1,2,1,1,0.6754505872922045,0.3245494127077955
7,16001805,50,0.32455890484616595,0.3245536989774413,0.3508821903076681,1.2143023246675,-0.718061048495,0,2,1,1,0.6754410951538341,0.32455890484616595
7,16001805,51,0.3245536989774413,0.3245601362625217,0.3508926020451174,1.2143023246675,-0.718061048495,1,2,1,1,0.6754463010225586,0.3245536989774413
7,16001805,52,0.3245601362625217,0.32455660576857637,0.35087972747495655,1.2143023246675,-0.718061048495,0,2,1,1,0.6754398637374783,0.3245601362625217
7,16001805,53,0.32455660576857637,0.32456097136808215,0.35088678846284727,1.2143023246675,-0.718061048495,1,2,1,1,0.6754433942314236,0.32455660576857637
7,16001805,54,0.32456097136808215,0.3245645664912523,0.3508780572638357,1.2143023246675,-0.718061048495,1,2,1,1,0.6754390286319178,0.32456097136808215
7,16001805,55,0.3245645664912523,0.32456259473499943,0.35087086701749537,1.2143023246675,-0.718061048495,0,2,1,1,0.6754354335087477,0.3245645664912523
7,16001805,56,0.32456259473499943,0.3245609709662893,0.35087481053000114,1.2143023246675,-0.718061048495,0,2,1,1,0.6754374052650005,0.32456259473499943
7,16001805,57,0.3245609709662893,0.3245596337689498,0.35087805806742145,1.2143023246675,-0.718061048495,0,2,1,1,0.6754390290337107,0.3245609709662893
7,16001805,58,0.3245596337689498,0.3245585325665131,0.3508807324621004,1.2143023246675,-0.718061048495,0,2,1,1,0.6754403662310502,0.3245596337689498
7,16001805,59,0.3245585325665131,0.3245576257089261,0.35088293486697375,1.2143023246675,-0.718061048495,0,2,1,1,0.6754414674334869,0.3245585325665131
7,16001805,60,0.3245576257089261,0.324556878897012,0.3508847485821478,1.2143023246675,-0.718061048495,0,2,1,1,0.6754423742910739,0.3245576257089261
7,16001805,61,0.324556878897012,0.3245578023664496,0.350886242205976,1.2143023246675,-0.718061048495,1,2,1,1,0.675443121102988,0.324556878897012
7,16001805,62,0.3245578023664496,0.3245585628590703,0.3508843952671008,1.2143023246675,-0.718061048495,1,2,1,1,0.6754421976335504,0.3245578023664496
7,16001805,63,0.3245585628590703,0.3245591891377172,0.3508828742818594,1.2143023246675,-0.718061048495,1,2,1,1,0.6754414371409296,0.3245585628590703
7,16001805,64,0.3245591891377172,0.324558845655914,0.3508816217245656,1.2143023246675,-0.718061048495,0,2,1,1,0.6754408108622828,0.3245591891377172
7,16001805,65,0.324558845655914,0.32455856279266915,0.35088230868817205,1.2143023246675,-0.718061048495,0,2,1,1,0.675441154344086,0.324558845655914
7,16001805,66,0.32455856279266915,0.3245583298498257,0.3508828744146617,1.2143023246675,-0.718061048495,0,2,1,1,0.6754414372073309,0.32455856279266915
7,16001805,67,0.3245583298498257,0.32455813801728345,0.3508833403003486,1.2143023246675,-0.718061048495,0,2,1,1,0.6754416701501743,0.3245583298498257
7,16001805,68,0.32455813801728345,0.32455798003978276,0.3508837239654331,1.2143023246675,-0.718061048495,0,2,1,1,0.6754418619827165,0.32455813801728345
7,16001805,69,0.32455798003978276,0.32455784994249776,0.3508840399204345,1.2143023246675,-0.718061048495,0,2,1,1,0.6754420199602172,0.32455798003978276
7,16001805,70,0.32455784994249776,0.324557742805059,0.3508843001150045,1.2143023246675,-0.718061048495,0,2,1,1,0.6754421500575023,0.32455784994249776
7,16001805,71,0.324557742805059,0.32455765457545865,0.350884514389882,1.2143023246675,-0.718061048495,0,2,1,1,0.675442257194941,0.324557742805059
7,16001805,72,0.32455765457545865,0.32455776367565814,0.3508846908490827,1.2143023246675,-0.718061048495,1,2,1,1,0.6754423454245413,0.32455765457545865
7,16001805,73,0.32455776367565814,0.32455770383992866,0.3508844726486837,1.2143023246675,-0.718061048495,0,2,1,1,0.6754422363243419,0.32455776367565814
7,16001805,74,0.32455770383992866,0.3245577778297202,0.3508845923201427,1.2143023246675,-0.718061048495,1,2,1,1,0.6754422961600713,0.32455770383992866
7,16001805,75,0.3245577778297202,0.32455773725020165,0.35088444434055965,1.2143023246675,-0.718061048495,0,2,1,1,0.6754422221702798,0.3245577778297202
7,16001805,76,0.32455773725020165,0.32455770383223526,0.3508845254995967,1.2143023246675,-0.718061048495,0,2,1,1,0.67544226274979835,0.32455773725020165
7,16001805,77,0.32455770383223526,0.32455767631193594,0.3508845923355295,1.2143023246675,-0.718061048495,0,2,1,1,0.6754422961677647,0.32455770383223526
7,16001805,78,0.32455767631193594,0.32455765364847167,0.3508846473761281,1.2143023246675,-0.718061048495,0,2,1,1,0.675442323688064,0.32455767631193594
7,16001805,79,0.32455765364847167,0.3245576816729543,0.35088469270305667,1.2143023246675,-0.718061048495,1,2,1,1,0.6754423463515283,0.32455765364847167
7,16001805,80,0.3245576816729543,0.3245577047516231,0.3508846366540914,1.2143023246675,-0.718061048495,1,2,1,1,0.6754423183270457,0.3245576816729543
7,16001805,81,0.3245577047516231,0.3245576920941852,0.3508845904967538,1.2143023246675,-0.718061048495,0,2,1,1,0.675442295248377,0.3245577047516231
7,16001805,82,0.3245576920941852,0.32455768167055576,0.35088461581162955,1.2143023246675,-0.718061048495,0,2,1,1,0.6754423079058147,0.3245576920941852
7,16001805,83,0.32455768167055576,0.32455767308650796,0.35088463665888847,1.2143023246675,-0.718061048495,0,2,1,1,0.6754423183294442,0.32455768167055576
7,16001805,84,0.32455767308650796,0.324557666017389,0.3508846538269841,1.2143023246675,-0.718061048495,0,2,1,1,0.675442326913492,0.32455767308650796
7,16001805,85,0.324557666017389,0.3245576747587006,0.350884667965222,1.2143023246675,-0.718061048495,1,2,1,1,0.675442333982611,0.324557666017389
7,16001805,86,0.3245576747587006,0.32455768195732926,0.35088465048259876,1.2143023246675,-0.718061048495,1,2,1,1,0.6754423252412993,0.3245576747587006
7,16001805,87,0.32455768195732926,0.3245576878855305,0.3508846360853415,1.2143023246675,-0.718061048495,1,2,1,1,0.6754423180426707,0.32455768195732926
7,16001805,88,0.3245576878855305,0.32455768463422346,0.35088462422893896,1.2143023246675,-0.718061048495,0,2,1,1,0.6754423121144695,0.3245576878855305
7,16001805,89,0.32455768463422346,0.32455768865462364,0.35088463073155307,1.2143023246675,-0.718061048495,1,2,1,1,0.6754423153657765,0.32455768463422346
7,16001805,90,0.32455768865462364,0.3245576864496452,0.3508846226907527,1.2143023246675,-0.718061048495,0,2,1,1,0.6754423113453764,0.32455768865462364
7,16001805,91,0.3245576864496452,0.3245576846338056,0.35088462710070956,1.2143023246675,-0.718061048495,0,2,1,1,0.6754423135503548,0.3245576864496452
7,16001805,92,0.3245576846338056,0.3245576868791801,0.35088463073238885,1.2143023246675,-0.718061048495,1,2,1,1,0.6754423153661944,0.3245576846338056
7,16001805,93,0.3245576868791801,0.3245576887282868,0.35088462624163985,1.2143023246675,-0.718061048495,1,2,1,1,0.6754423131208199,0.3245576868791801
7,16001805,94,0.3245576887282868,0.3245576877141489,0.35088462254342645,1.2143023246675,-0.718061048495,0,2,1,1,0.6754423112717132,0.3245576887282868
7,16001805,95,0.3245576877141489,0.32455768687898795,0.3508846245717022,1.2143023246675,-0.718061048495,0,2,1,1,0.675442312285851,0.3245576877141489
7,16001805,96,0.32455768687898795,0.3245576861912177,0.3508846262420241,1.2143023246675,-0.718061048495,0,2,1,1,0.6754423131210121,0.32455768687898795
7,16001805,97,0.3245576861912177,0.32455768562482645,0.35088462761756456,1.2143023246675,-0.718061048495,0,2,1,1,0.6754423138087823,0.3245576861912177
7,16001805,98,0.32455768562482645,0.32455768515839295,0.3508846287503471,1.2143023246675,-0.718061048495,0,2,1,1,0.6754423143751735,0.32455768562482645
7,16001805,99,0.32455768515839295,0.3245576857351608,0.3508846296832141,1.2143023246675,-0.718061048495,1,2,1,1,0.6754423148416071,0.32455768515839295
7,16001805,100,0.3245576857351608,0.3245576854188339,0.3508846285296784,1.2143023246675,-0.718061048495,0,2,1,1,0.6754423142648391,0.3245576857351608
7,16001805,101,0.3245576854188339,0.32455768515833305,0.3508846291623322,1.2143023246675,-0.718061048495,0,2,1,1,0.6754423145811661,0.3245576854188339
7,16001805,102,0.32455768515833305,0.32455768548045516,0.3508846296833339,1.2143023246675,-0.718061048495,1,2,1,1,0.675442314841667,0.32455768515833305
7,16001805,103,0.32455768548045516,0.3245576857457285,0.3508846290390897,1.2143023246675,-0.718061048495,1,2,1,1,0.6754423145195448,0.32455768548045516
7,16001805,104,0.3245576857457285,0.324557685964186,0.35088462850854296,1.2143023246675,-0.718061048495,1,2,1,1,0.6754423142542715,0.3245576857457285
7,16001805,105,0.324557685964186,0.32455768584437356,0.350884628071628,1.2143023246675,-0.718061048495,0,2,1,1,0.675442314035814,0.324557685964186
7,16001805,106,0.32455768584437356,0.3245576857457058,0.3508846283112529,1.2143023246675,-0.718061048495,0,2,1,1,0.6754423141556265,0.32455768584437356
7,16001805,107,0.3245576857457058,0.3245576858677133,0.35088462850858837,1.2143023246675,-0.718061048495,1,2,1,1,0.6754423142542942,0.3245576857457058
7,16001805,108,0.3245576858677133,0.32455768580079863,0.35088462826457345,1.2143023246675,-0.718061048495,0,2,1,1,0.6754423141322867,0.3245576858677133
7,16001805,109,0.32455768580079863,0.3245576858835419,0.35088462839840273,1.2143023246675,-0.718061048495,1,2,1,1,0.6754423141992014,0.32455768580079863
7,16001805,110,0.3245576858835419,0.3245576858381615,0.3508846282329162,1.2143023246675,-0.718061048495,0,2,1,1,0.675442314116458,0.3245576858835419
7,16001805,111,0.3245576858381615,0.32455768580079003,0.35088462832367695,1.2143023246675,-0.718061048495,0,2,1,1,0.6754423141618384,0.3245576858381615
7,16001805,112,0.32455768580079003,0.3245576857700139,0.35088462839841994,1.2143023246675,-0.718061048495,0,2,1,1,0.67544231419921,0.32455768580079003
7,16001805,113,0.3245576857700139,0.3245576857446692,0.35088462845997215,1.2143023246675,-0.718061048495,0,2,1,1,0.6754423142299861,0.3245576857700139
7,16001805,114,0.3245576857446692,0.32455768572379734,0.3508846285106616,1.2143023246675,-0.718061048495,0,2,1,1,0.6754423142553307,0.3245576857446692
7,16001805,115,0.32455768572379734,0.3245576857496064,0.3508846285524053,1.2143023246675,-0.718061048495,1,2,1,1,0.6754423142762027,0.32455768572379734
7,16001805,116,0.3245576857496064,0.32455768577086064,0.35088462850078717,1.2143023246675,-0.718061048495,1,2,1,1,0.6754423142503936,0.3245576857496064
7,16001805,117,0.32455768577086064,0.3245576857592038,0.3508846284582787,1.2143023246675,-0.718061048495,0,2,1,1,0.6754423142291394,0.32455768577086064
7,16001805,118,0.3245576857592038,0.3245576857496042,0.3508846284815924,1.2143023246675,-0.718061048495,0,2,1,1,0.6754423142407961,0.3245576857592038
7,16001805,119,0.3245576857496042,0.3245576857416988,0.3508846285007916,1.2143023246675,-0.718061048495,0,2,1,1,0.6754423142503958,0.3245576857496042
7,16001805,120,0.3245576857416988,0.3245576857351885,0.3508846285166024,1.2143023246675,-0.718061048495,0,2,1,1,0.6754423142583013,0.3245576857416988
7,16001805,121,0.3245576857351885,0.3245576857298272,0.350884628529623,1.2143023246675,-0.718061048495,0,2,1,1,0.6754423142648115,0.3245576857351885
7,16001805,122,0.3245576857298272,0.32455768573645677,0.35088462854034563,1.2143023246675,-0.718061048495,1,2,1,1,0.6754423142701729,0.3245576857298272
7,16001805,123,0.32455768573645677,0.3245576857419163,0.35088462852708646,1.2143023246675,-0.718061048495,1,2,1,1,0.6754423142635433,0.32455768573645677
7,16001805,124,0.3245576857419163,0.324557685738922,0.3508846285161674,1.2143023246675,-0.718061048495,0,2,1,1,0.6754423142580837,0.3245576857419163
7,16001805,125,0.324557685738922,0.32455768573645616,0.35088462852215596,1.2143023246675,-0.718061048495,0,2,1,1,0.6754423142610779,0.324557685738922
7,16001805,126,0.32455768573645616,0.32455768573442545,0.3508846285270877,1.2143023246675,-0.718061048495,0,2,1,1,0.6754423142635438,0.32455768573645616
7,16001805,127,0.32455768573442545,0.3245576857327532,0.3508846285311491,1.2143023246675,-0.718061048495,0,2,1,1,0.6754423142655746,0.32455768573442545
7,16001805,128,0.3245576857327532,0.324557685731376,0.35088462853449365,1.2143023246675,-0.718061048495,0,2,1,1,0.6754423142672468,0.3245576857327532
7,16001805,129,0.324557685731376,0.3245576857330789,0.350884628537248,1.2143023246675,-0.718061048495,1,2,1,1,0.675442314268624,0.324557685731376
7,16001805,130,0.3245576857330789,0.324557685732145,0.35088462853384217,1.2143023246675,-0.718061048495,0,2,1,1,0.675442314266921,0.3245576857330789
7,16001805,131,0.324557685732145,0.32455768573329985,0.35088462853571,1.2143023246675,-0.718061048495,1,2,1,1,0.675442314267855,0.324557685732145
7,16001805,132,0.32455768573329985,0.32455768573266647,0.3508846285334003,1.2143023246675,-0.718061048495,0,2,1,1,0.6754423142667001,0.32455768573329985
7,16001805,133,0.32455768573266647,0.3245576857321449,0.35088462853466706,1.2143023246675,-0.718061048495,0,2,1,1,0.6754423142673336,0.32455768573266647
7,16001805,134,0.3245576857321449,0.3245576857317153,0.35088462853571023,1.2143023246675,-0.718061048495,0,2,1,1,0.6754423142678552,0.3245576857321449
7,16001805,135,0.3245576857317153,0.32455768573224647,0.35088462853656943,1.2143023246675,-0.718061048495,1,2,1,1,0.6754423142682847,0.3245576857317153
7,16001805,136,0.32455768573224647,0.3245576857319552,0.35088462853550706,1.2143023246675,-0.718061048495,0,2,1,1,0.6754423142677535,0.32455768573224647
7,16001805,137,0.3245576857319552,0.32455768573231547,0.3508846285360896,1.2143023246675,-0.718061048495,1,2,1,1,0.6754423142680448,0.3245576857319552
7,16001805,138,0.32455768573231547,0.3245576857326121,0.35088462853536906,1.2143023246675,-0.718061048495,1,2,1,1,0.6754423142676845,0.32455768573231547
7,16001805,139,0.3245576857326121,0.3245576857324495,0.35088462853477576,1.2143023246675,-0.718061048495,0,2,1,1,0.6754423142673879,0.3245576857326121
7,16001805,140,0.3245576857324495,0.32455768573231547,0.35088462853510105,1.2143023246675,-0.718061048495,0,2,1,1,0.6754423142675505,0.3245576857324495
7,16001805,141,0.32455768573231547,0.3245576857322051,0.35088462853536906,1.2143023246675,-0.718061048495,0,2,1,1,0.6754423142676845,0.32455768573231547
7,16001805,142,0.3245576857322051,0.32455768573211424,0.35088462853558977,1.2143023246675,-0.718061048495,0,2,1,1,0.6754423142677949,0.3245576857322051
7,16001805,143,0.32455768573211424,0.3245576857322266,0.3508846285357715,1.2143023246675,-0.718061048495,1,2,1,1,0.6754423142678858,0.32455768573211424
7,16001805,144,0.3245576857322266,0.32455768573231913,0.3508846285355468,1.2143023246675,-0.718061048495,1,2,1,1,0.6754423142677735,0.3245576857322266
7,16001805,145,0.32455768573231913,0.32455768573226834,0.35088462853536173,1.2143023246675,-0.718061048495,0,2,1,1,0.6754423142676809,0.32455768573231913
7,16001805,146,0.32455768573226834,0.3245576857323311,0.3508846285354633,1.2143023246675,-0.718061048495,1,2,1,1,0.6754423142677317,0.32455768573226834
7,16001805,147,0.3245576857323311,0.3245576857323828,0.35088462853533775,1.2143023246675,-0.718061048495,1,2,1,1,0.6754423142676689,0.3245576857323311
7,16001805,148,0.3245576857323828,0.3245576857323545,0.3508846285352344,1.2143023246675,-0.718061048495,0,2,1,1,0.6754423142676171,0.3245576857323828
7,16001805,149,0.3245576857323545,0.3245576857323312,0.350884628535291,1.2143023246675,-0.718061048495,0,2,1,1,0.6754423142676456,0.3245576857323545
7,16001805,150,0.3245576857323312,0.3245576857323119,0.35088462853533764,1.2143023246675,-0.718061048495,0,2,1,1,0.6754423142676689,0.3245576857323312
7,16001805,151,0.3245576857323119,0.32455768573233573,0.35088462853537616,1.2143023246675,-0.718061048495,1,2,1,1,0.6754423142676881,0.3245576857323119
7,16001805,152,0.32455768573233573,0.3245576857323227,0.35088462853532854,1.2143023246675,-0.718061048495,0,2,1,1,0.6754423142676642,0.32455768573233573
7,16001805,153,0.3245576857323227,0.324557685732312,0.3508846285353546,1.2143023246675,-0.718061048495,0,2,1,1,0.6754423142676773,0.3245576857323227
7,16001805,154,0.324557685732312,0.3245576857323031,0.35088462853537605,1.2143023246675,-0.718061048495,0,2,1,1,0.675442314267688,0.324557685732312
7,16001805,155,0.3245576857323031,0.3245576857322958,0.3508846285353938,1.2143023246675,-0.718061048495,0,2,1,1,0.6754423142676969,0.3245576857323031
7,16001805,156,0.3245576857322958,0.3245576857322899,0.35088462853540836,1.2143023246675,-0.718061048495,0,2,1,1,0.6754423142677042,0.3245576857322958
7,16001805,157,0.3245576857322899,0.32455768573228494,0.35088462853542024,1.2143023246675,-0.718061048495,0,2,1,1,0.6754423142677102,0.3245576857322899
7,16001805,158,0.32455768573228494,0.3245576857322809,0.3508846285354301,1.2143023246675,-0.718061048495,0,2,1,1,0.6754423142677151,0.32455768573228494
7,16001805,159,0.3245576857322809,0.3245576857322859,0.3508846285354382,1.2143023246675,-0.718061048495,1,2,1,1,0.6754423142677191,0.3245576857322809
7,16001805,160,0.3245576857322859,0.32455768573229005,0.35088462853542823,1.2143023246675,-0.718061048495,1,2,1,1,0.6754423142677142,0.3245576857322859
7,16001805,161,0.32455768573229005,0.32455768573228777,0.3508846285354199,1.2143023246675,-0.718061048495,0,2,1,1,0.67544231426771,0.32455768573229005
7,16001805,162,0.32455768573228777,0.3245576857322859,0.35088462853542446,1.2143023246675,-0.718061048495,0,2,1,1,0.6754423142677122,0.32455768573228777
7,16001805,163,0.3245576857322859,0.3245576857322844,0.35088462853542823,1.2143023246675,-0.718061048495,0,2,1,1,0.6754423142677142,0.3245576857322859
7,16001805,164,0.3245576857322844,0.3245576857322831,0.35088462853543123,1.2143023246675,-0.718061048495,0,2,1,1,0.6754423142677156,0.3245576857322844
7,16001805,165,0.3245576857322831,0.32455768573228466,0.3508846285354338,1.2143023246675,-0.718061048495,1,2,1,1,0.6754423142677168,0.3245576857322831
7,16001805,166,0.32455768573228466,0.324557685732286,0.3508846285354307,1.2143023246675,-0.718061048495,1,2,1,1,0.6754423142677153,0.32455768573228466
7,16001805,167,0.324557685732286,0.3245576857322852,0.350884628535428,1.2143023246675,-0.718061048495,0,2,1,1,0.675442314267714,0.324557685732286
7,16001805,168,0.3245576857322852,0.32455768573228466,0.35088462853542957,1.2143023246675,-0.718061048495,0,2,1,1,0.6754423142677148,0.3245576857322852
7,16001805,169,0.32455768573228466,0.3245576857322854,0.3508846285354307,1.2143023246675,-0.718061048495,1,2,1,1,0.6754423142677153,0.32455768573228466
7,16001805,170,0.3245576857322854,0.32455768573228494,0.35088462853542923,1.2143023246675,-0.718061048495,0,2,1,1,0.6754423142677146,0.3245576857322854
7,16001805,171,0.32455768573228494,0.32455768573228466,0.3508846285354301,1.2143023246675,-0.718061048495,0,2,1,1,0.6754423142677151,0.32455768573228494
7,16001805,172,0.32455768573228466,0.32455768573228433,0.3508846285354307,1.2143023246675,-0.718061048495,0,2,1,1,0.6754423142677153,0.32455768573228466
7,16001805,173,0.32455768573228433,0.32455768573228416,0.35088462853543134,1.2143023246675,-0.718061048495,0,2,1,1,0.6754423142677157,0.32455768573228433
7,16001805,174,0.32455768573228416,0.32455768573228444,0.3508846285354317,1.2143023246675,-0.718061048495,1,2,1,1,0.6754423142677158,0.32455768573228416
7,16001805,175,0.32455768573228444,0.3245576857322843,0.3508846285354311,1.2143023246675,-0.718061048495,0,2,1,1,0.6754423142677155,0.32455768573228444
7,16001805,176,0.3245576857322843,0.32455768573228416,0.35088462853543145,1.2143023246675,-0.718061048495,0,2,1,1,0.6754423142677157,0.3245576857322843
7,16001805,177,0.32455768573228416,0.32455768573228433,0.3508846285354317,1.2143023246675,-0.718061048495,1,2,1,1,0.6754423142677158,0.32455768573228416
7,16001805,178,0.32455768573228433,0.3245576857322843,0.35088462853543134,1.2143023246675,-0.718061048495,0,2,1,1,0.6754423142677157,0.32455768573228433
7,16001805,179,0.3245576857322843,0.3245576857322844,0.35088462853543145,1.2143023246675,-0.718061048495,1,2,1,1,0.6754423142677157,0.3245576857322843
7,16001805,180,0.3245576857322844,0.3245576857322845,0.35088462853543123,1.2143023246675,-0.718061048495,1,2,1,1,0.6754423142677156,0.3245576857322844
7,16001805,181,0.3245576857322845,0.32455768573228444,0.350884628535431,1.2143023246675,-0.718061048495,0,2,1,1,0.6754423142677155,0.3245576857322845
7,16001805,182,0.32455768573228444,0.3245576857322845,0.3508846285354311,1.2143023246675,-0.718061048495,1,2,1,1,0.6754423142677155,0.32455768573228444
7,16001805,183,0.3245576857322845,0.32455768573228444,0.350884628535431,1.2143023246675,-0.718061048495,0,2,1,1,0.6754423142677155,0.3245576857322845
7,16001805,184,0.32455768573228444,0.32455768573228444,0.3508846285354311,1.2143023246675,-0.718061048495,1,2,1,1,0.6754423142677155,0.32455768573228444
7,16001805,185,0.32455768573228444,0.3245576857322844,0.3508846285354311,1.2143023246675,-0.718061048495,0,2,1,1,0.6754423142677155,0.32455768573228444
7,16001805,186,0.3245576857322844,0.3245576857322845,0.35088462853543123,1.2143023246675,-0.718061048495,1,2,1,1,0.6754423142677156,0.3245576857322844
7,16001805,187,0.3245576857322845,0.3245576857322845,0.350884628535431,1.2143023246675,-0.718061048495,1,2,1,1,0.6754423142677155,0.3245576857322845
7,16001805,188,0.3245576857322845,0.3245576857322845,0.350884628535431,1.2143023246675,-0.718061048495,0,2,1,1,0.6754423142677155,0.3245576857322845
7,16001805,189,0.3245576857322845,0.3245576857322845,0.350884628535431,1.2143023246675,-0.718061048495,0,2,1,1,0.6754423142677155,0.3245576857322845
7,16001805,190,0.3245576857322845,0.3245576857322846,0.350884628535431,1.2143023246675,-0.718061048495,0,2,1,1,0.6754423142677155,0.3245576857322845
7,16001805,191,0.3245576857322846,0.3245576857322846,0.3508846285354308,1.2143023246675,-0.718061048495,1,2,1,1,0.6754423142677154,0.3245576857322846
7,16001805,192,0.3245576857322846,0.32455768573228455,0.3508846285354308,1.2143023246675,-0.718061048495,0,2,1,1,0.6754423142677154,0.3245576857322846
7,16001805,193,0.32455768573228455,0.32455768573228455,0.3508846285354309,1.2143023246675,-0.718061048495,0,2,1,1,0.6754423142677155,0.32455768573228455
7,16001805,194,0.32455768573228455,0.32455768573228455,0.3508846285354309,1.2143023246675,-0.718061048495,0,2,1,1,0.6754423142677155,0.32455768573228455
7,16001805,195,0.32455768573228455,0.32455768573228455,0.3508846285354309,1.2143023246675,-0.718061048495,0,2,1,1,0.6754423142677155,0.32455768573228455
7,16001805,196,0.32455768573228455,0.3245576857322845,0.3508846285354309,1.2143023246675,-0.718061048495,1,2,1,1,0.6754423142677155,0.32455768573228455
7,16001805,197,0.3245576857322845,0.32455768573228455,0.350884628535431,1.2143023246675,-0.718061048495,0,2,1,1,0.6754423142677155,0.3245576857322845
7,16001805,198,0.32455768573228455,0.3245576857322846,0.3508846285354309,1.2143023246675,-0.718061048495,0,2,1,1,0.6754423142677155,0.32455768573228455
7,16001805,199,0.3245576857322846,0.3245576857322846,0.3508846285354308,1.2143023246675,-0.718061048495,0,2,1,1,0.6754423142677154,0.3245576857322846
7,16001805,200,0.3245576857322846,0.32455768573228455,0.3508846285354308,1.2143023246675,-0.718061048495,1,2,1,1,0.6754423142677154,0.3245576857322846
7,16001805,201,0.32455768573228455,0.3245576857322846,0.3508846285354309,1.2143023246675,-0.718061048495,0,2,1,1,0.6754423142677155,0.32455768573228455
7,16001805,202,0.3245576857322846,0.3245576857322846,0.3508846285354308,1.2143023246675,-0.718061048495,0,2,1,1,0.6754423142677154,0.3245576857322846
7,16001805,203,0.3245576857322846,0.3245576857322846,0.3508846285354308,1.2143023246675,-0.718061048495,1,2,1,1,0.6754423142677154,0.3245576857322846
7,16001805,204,0.3245576857322846,0.32455768573228455,0.3508846285354308,1.2143023246675,-0.718061048495,0,2,1,1,0.6754423142677154,0.3245576857322846
7,16001805,205,0.32455768573228455,0.32455768573228455,0.3508846285354309,1.2143023246675,-0.718061048495,0,2,1,1,0.6754423142677155,0.32455768573228455
7,16001805,206,0.32455768573228455,0.32455768573228455,0.3508846285354309,1.2143023246675,-0.718061048495,0,2,1,1,0.6754423142677155,0.32455768573228455
7,16001805,207,0.32455768573228455,0.3245576857322845,0.3508846285354309,1.2143023246675,-0.718061048495,1,2,1,1,0.6754423142677155,0.32455768573228455
7,16001805,208,0.3245576857322845,0.3245576857322845,0.350884628535431,1.2143023246675,-0.718061048495,0,2,1,1,0.6754423142677155,0.3245576857322845
7,16001805,209,0.3245576857322845,0.32455768573228455,0.350884628535431,1.2143023246675,-0.718061048495,1,2,1,1,0.6754423142677155,0.3245576857322845
7,16001805,210,0.32455768573228455,0.32455768573228455,0.3508846285354309,1.2143023246675,-0.718061048495,0,2,1,1,0.6754423142677155,0.32455768573228455
7,16001805,211,0.32455768573228455,0.32455768573228455,0.3508846285354309,1.2143023246675,-0.718061048495,0,2,1,1,0.6754423142677155,0.32455768573228455
7,16001805,212,0.32455768573228455,0.32455768573228455,0.3508846285354309,1.2143023246675,-0.718061048495,0,2,1,1,0.6754423142677155,0.32455768573228455
7,16001805,213,0.32455768573228455,0.32455768573228455,0.3508846285354309,1.2143023246675,-0.718061048495,0,2,1,1,0.6754423142677155,0.32455768573228455
7,16001805,214,0.32455768573228455,0.32455768573228455,0.3508846285354309,1.2143023246675,-0.718061048495,1,2,1,1,0.6754423142677155,0.32455768573228455
7,16001805,215,0.32455768573228455,0.32455768573228455,0.3508846285354309,1.2143023246675,-0.718061048495,0,2,1,1,0.6754423142677155,0.32455768573228455
7,16001805,216,0.32455768573228455,0.3245576857322846,0.3508846285354309,1.2143023246675,-0.718061048495,1,2,1,1,0.6754423142677155,0.32455768573228455
7,16001805,217,0.3245576857322846,0.3245576857322846,0.3508846285354308,1.2143023246675,-0.718061048495,1,2,1,1,0.6754423142677154,0.3245576857322846
7,16001805,218,0.3245576857322846,0.3245576857322846,0.3508846285354308,1.2143023246675,-0.718061048495,1,2,1,1,0.6754423142677154,0.3245576857322846
7,16001805,219,0.3245576857322846,0.3245576857322846,0.3508846285354308,1.2143023246675,-0.718061048495,0,2,1,1,0.6754423142677154,0.3245576857322846
7,16001805,220,0.3245576857322846,0.32455768573228455,0.3508846285354308,1.2143023246675,-0.718061048495,0,2,1,1,0.6754423142677154,0.3245576857322846
7,16001805,221,0.32455768573228455,0.32455768573228455,0.3508846285354309,1.2143023246675,-0.718061048495,0,2,1,1,0.6754423142677155,0.32455768573228455
7,16001805,222,0.32455768573228455,0.3245576857322846,0.3508846285354309,1.2143023246675,-0.718061048495,1,2,1,1,0.6754423142677155,0.32455768573228455
7,16001805,223,0.3245576857322846,0.3245576857322846,0.3508846285354308,1.2143023246675,-0.718061048495,0,2,1,1,0.6754423142677154,0.3245576857322846
7,16001805,224,0.3245576857322846,0.32455768573228455,0.3508846285354308,1.2143023246675,-0.718061048495,0,2,1,1,0.6754423142677154,0.3245576857322846
7,16001805,225,0.32455768573228455,0.3245576857322846,0.3508846285354309,1.2143023246675,-0.718061048495,0,2,1,1,0.6754423142677155,0.32455768573228455
7,16001805,226,0.3245576857322846,0.3245576857322846,0.3508846285354308,1.2143023246675,-0.718061048495,1,2,1,1,0.6754423142677154,0.3245576857322846
7,16001805,227,0.3245576857322846,0.3245576857322846,0.3508846285354308,1.2143023246675,-0.718061048495,1,2,1,1,0.6754423142677154,0.3245576857322846
7,16001805,228,0.3245576857322846,0.32455768573228455,0.3508846285354308,1.2143023246675,-0.718061048495,1,2,1,1,0.6754423142677154,0.3245576857322846
7,16001805,229,0.32455768573228455,0.3245576857322846,0.3508846285354309,1.2143023246675,-0.718061048495,0,2,1,1,0.6754423142677155,0.32455768573228455
7,16001805,230,0.3245576857322846,0.32455768573228455,0.3508846285354308,1.2143023246675,-0.718061048495,0,2,1,1,0.6754423142677154,0.3245576857322846
7,16001805,231,0.32455768573228455,0.32455768573228455,0.3508846285354309,1.2143023246675,-0.718061048495,0,2,1,1,0.6754423142677155,0.32455768573228455
7,16001805,232,0.32455768573228455,0.3245576857322846,0.3508846285354309,1.2143023246675,-0.718061048495,0,2,1,1,0.6754423142677155,0.32455768573228455
7,16001805,233,0.3245576857322846,0.3245576857322846,0.3508846285354308,1.2143023246675,-0.718061048495,0,2,1,1,0.6754423142677154,0.3245576857322846
7,16001805,234,0.3245576857322846,0.32455768573228455,0.3508846285354308,1.2143023246675,-0.718061048495,0,2,1,1,0.6754423142677154,0.3245576857322846
7,16001805,235,0.32455768573228455,0.32455768573228455,0.3508846285354309,1.2143023246675,-0.718061048495,1,2,1,1,0.6754423142677155,0.32455768573228455
7,16001805,236,0.32455768573228455,0.32455768573228455,0.3508846285354309,1.2143023246675,-0.718061048495,1,2,1,1,0.6754423142677155,0.32455768573228455
7,16001805,237,0.32455768573228455,0.3245576857322845,0.3508846285354309,1.2143023246675,-0.718061048495,0,2,1,1,0.6754423142677155,0.32455768573228455
7,16001805,238,0.3245576857322845,0.32455768573228455,0.350884628535431,1.2143023246675,-0.718061048495,0,2,1,1,0.6754423142677155,0.3245576857322845
7,16001805,239,0.32455768573228455,0.3245576857322845,0.3508846285354309,1.2143023246675,-0.718061048495,1,2,1,1,0.6754423142677155,0.32455768573228455
7,16001805,240,0.3245576857322845,0.32455768573228455,0.350884628535431,1.2143023246675,-0.718061048495,0,2,1,1,0.6754423142677155,0.3245576857322845
8,16001814,1,0.5,0.3333333333333333,0,1.104716252708777,-0.3532565971617275,0,2,1,3,0.5,0.5
8,16001814,2,0.3333333333333333,0.2436221990594555,0.33333333333333337,1.104716252708777,-0.3532565971617275,0,2,1,3,0.6666666666666667,0.3333333333333333
8,16001814,3,0.2436221990594555,0.3755787961466976,0.512755601881089,1.104716252708777,-0.3532565971617275,1,2,1,3,0.7563778009405445,0.2436221990594555
8,16001814,4,0.3755787961466976,0.31539325469056595,0.24884240770660482,1.104716252708777,-0.3532565971617275,0,2,1,3,0.6244212038533024,0.3755787961466976
8,16001814,5,0.31539325469056595,0.2720182908468949,0.3692134906188681,1.104716252708777,-0.3532565971617275,0,2,1,3,0.684606745309434,0.31539325469056595
8,16001814,6,0.2720182908468949,0.34137331919895136,0.45596341830621023,1.104716252708777,-0.3532565971617275,1,2,1,3,0.7279817091531051,0.2720182908468949
8,16001814,7,0.34137331919895136,0.30915186852766163,0.3172533616020973,1.104716252708777,-0.3532565971617275,0,2,1,3,0.6586266808010486,0.34137331919895136
8,16001814,8,0.30915186852766163,0.2835444193044691,0.38169626294467673,1.104716252708777,-0.3532565971617275,0,2,1,3,0.6908481314723384,0.30915186852766163
8,16001814,9,0.2835444193044691,0.32588167389905764,0.4329111613910618,1.104716252708777,-0.3532565971617275,1,2,1,3,0.7164555806955308,0.2835444193044691
8,16001814,10,0.32588167389905764,0.3060837798216456,0.3482366522018847,1.104716252708777,-0.3532565971617275,0,2,1,3,0.6741183261009424,0.32588167389905764
8,16001814,11,0.3060837798216456,0.2895818701214233,0.38783244035670883,1.104716252708777,-0.3532565971617275,0,2,1,3,0.6939162201783544,0.3060837798216456
8,16001814,12,0.2895818701214233,0.31734637920907394,0.42083625975715344,1.104716252708777,-0.3532565971617275,1,2,1,3,0.7104181298785768,0.2895818701214233
8,16001814,13,0.31734637920907394,0.3409474747972727,0.3653072415818521,1.104716252708777,-0.3532565971617275,1,2,1,3,0.6826536207909261,0.31734637920907394
8,16001814,14,0.3409474747972727,0.32885650692963986,0.31810505040545456,1.104716252708777,-0.3532565971617275,0,2,1,3,0.6590525252027273,0.3409474747972727
8,16001814,15,0.32885650692963986,0.3470155008647094,0.3422869861407203,1.104716252708777,-0.3532565971617275,1,2,1,3,0.6711434930703601,0.32885650692963986
8,16001814,16,0.3470155008647094,0.33740445410399117,0.3059689982705812,1.104716252708777,-0.3532565971617275,0,2,1,3,0.6529844991352907,0.3470155008647094
8,16001814,17,0.33740445410399117,0.3290307724991852,0.32519109179201766,1.104716252708777,-0.3532565971617275,0,2,1,3,0.6625955458960089,0.33740445410399117
8,16001814,18,0.3290307724991852,0.3217041159730226,0.34193845500162956,1.104716252708777,-0.3532565971617275,0,2,1,3,0.6709692275008148,0.3290307724991852
8,16001814,19,0.3217041159730226,0.33319058191413536,0.35659176805395476,1.104716252708777,-0.3532565971617275,1,2,1,3,0.6782958840269774,0.3217041159730226
8,16001814,20,0.33319058191413536,0.3272944080751054,0.33361883617172927,1.104716252708777,-0.3532565971617275,0,2,1,3,0.6668094180858646,0.33319058191413536
8,16001814,21,0.3272944080751054,0.3220844328011591,0.3454111838497892,1.104716252708777,-0.3532565971617275,0,2,1,3,0.6727055919248945,0.3272944080751054
8,16001814,22,0.3220844328011591,0.33031281137439206,0.35583113439768177,1.104716252708777,-0.3532565971617275,1,2,1,3,0.6779155671988408,0.3220844328011591
8,16001814,23,0.33031281137439206,0.32609807589003914,0.3393743772512159,1.104716252708777,-0.3532565971617275,0,2,1,3,0.6696871886256079,0.33031281137439206
8,16001814,24,0.32609807589003914,0.32234851608872594,0.3478038482199217,1.104716252708777,-0.3532565971617275,0,2,1,3,0.6739019241099609,0.32609807589003914
8,16001814,25,0.32234851608872594,0.3283007290478695,0.3553029678225481,1.104716252708777,-0.3532565971617275,1,2,1,3,0.677651483911274,0.32234851608872594
8,16001814,26,0.3283007290478695,0.32525649330330003,0.343398541904261,1.104716252708777,-0.3532565971617275,0,2,1,3,0.6716992709521306,0.3283007290478695
8,16001814,27,0.32525649330330003,0.330055447900564,0.34948701339339994,1.104716252708777,-0.3532565971617275,1,2,1,3,0.6747435066967,0.32525649330330003
8,16001814,28,0.330055447900564,0.3275796968270176,0.33988910419887197,1.104716252708777,-0.3532565971617275,0,2,1,3,0.669944552099436,0.330055447900564
8,16001814,29,0.3275796968270176,0.3253613675038734,0.3448406063459648,1.104716252708777,-0.3532565971617275,0,2,1,3,0.6724203031729824,0.3275796968270176
8,16001814,30,0.3253613675038734,0.32337168193812255,0.3492772649922532,1.104716252708777,-0.3532565971617275,0,2,1,3,0.6746386324961267,0.3253613675038734
8,16001814,31,0.32337168193812255,0.3215854536784805,0.3532566361237549,1.104716252708777,-0.3532565971617275,0,2,1,3,0.6766283180618775,0.32337168193812255
8,16001814,32,0.3215854536784805,0.32445160289770586,0.35682909264303897,1.104716252708777,-0.3532565971617275,1,2,1,3,0.6784145463215194,0.3215854536784805
8,16001814,33,0.32445160289770586,0.3270286532437777,0.3510967942045883,1.104716252708777,-0.3532565971617275,1,2,1,3,0.6755483971022942,0.32445160289770586
8,16001814,34,0.3270286532437777,0.32570590300684976,0.34594269351244455,1.104716252708777,-0.3532565971617275,0,2,1,3,0.6729713467562223,0.3270286532437777
8,16001814,35,0.32570590300684976,0.32780273887296996,0.3485881939863005,1.104716252708777,-0.3532565971617275,1,2,1,3,0.6742940969931502,0.32570590300684976
8,16001814,36,0.32780273887296996,0.3267224085635425,0.3443945222540601,1.104716252708777,-0.3532565971617275,0,2,1,3,0.67219726112703,0.32780273887296996
8,16001814,37,0.3267224085635425,0.32574884691483785,0.346555182872915,1.104716252708777,-0.3532565971617275,0,2,1,3,0.6732775914364575,0.3267224085635425
8,16001814,38,0.32574884691483785,0.32487112242054855,0.3485023061703243,1.104716252708777,-0.3532565971617275,0,2,1,3,0.6742511530851621,0.32574884691483785
8,16001814,39,0.32487112242054855,0.32407949223489346,0.3502577551589029,1.104716252708777,-0.3532565971617275,0,2,1,3,0.6751288775794515,0.32487112242054855
8,16001814,40,0.32407949223489346,0.3253441642839579,0.3518410155302131,1.104716252708777,-0.3532565971617275,1,2,1,3,0.6759205077651065,0.32407949223489346
8,16001814,41,0.3253441642839579,0.3264855504734405,0.3493116714320842,1.104716252708777,-0.3532565971617275,1,2,1,3,0.6746558357160422,0.3253441642839579
8,16001814,42,0.3264855504734405,0.3258988041471907,0.34702889905311896,1.104716252708777,-0.3532565971617275,0,2,1,3,0.6735144495265595,0.3264855504734405
8,16001814,43,0.3258988041471907,0.32536896781806307,0.3482023917056186,1.104716252708777,-0.3532565971617275,0,2,1,3,0.6741011958528094,0.3258988041471907
8,16001814,44,0.32536896781806307,0.3262126034915636,0.34926206436387386,1.104716252708777,-0.3532565971617275,1,2,1,3,0.6746310321819369,0.32536896781806307
8,16001814,45,0.3262126034915636,0.3257790202006704,0.3475747930168728,1.104716252708777,-0.3532565971617275,0,2,1,3,0.6737873965084364,0.3262126034915636
8,16001814,46,0.3257790202006704,0.32538724260976243,0.3484419595986592,1.104716252708777,-0.3532565971617275,0,2,1,3,0.6742209797993296,0.3257790202006704
8,16001814,47,0.32538724260976243,0.3250331789134365,0.34922551478047514,1.104716252708777,-0.3532565971617275,0,2,1,3,0.6746127573902376,0.32538724260976243
8,16001814,48,0.3250331789134365,0.3247131488603999,0.34993364217312695,1.104716252708777,-0.3532565971617275,0,2,1,3,0.6749668210865635,0.3250331789134365
8,16001814,49,0.3247131488603999,0.3244238403622899,0.35057370227920015,1.104716252708777,-0.3532565971617275,0,2,1,3,0.6752868511396001,0.3247131488603999
8,16001814,50,0.3244238403622899,0.32416227103312034,0.35115231927542023,1.104716252708777,-0.3532565971617275,0,2,1,3,0.6755761596377101,0.3244238403622899
8,16001814,51,0.32416227103312034,0.32392575403733326,0.3516754579337593,1.104716252708777,-0.3532565971617275,0,2,1,3,0.6758377289668797,0.32416227103312034
8,16001814,52,0.32392575403733326,0.32371186771317617,0.3521484919253335,1.104716252708777,-0.3532565971617275,0,2,1,3,0.6760742459626667,0.32392575403733326
8,16001814,53,0.32371186771317617,0.32351842851258344,0.35257626457364766,1.104716252708777,-0.3532565971617275,0,2,1,3,0.6762881322868238,0.32371186771317617
8,16001814,54,0.32351842851258344,0.3233434668614615,0.3529631429748331,1.104716252708777,-0.3532565971617275,0,2,1,3,0.6764815714874166,0.32351842851258344
8,16001814,55,0.3233434668614615,0.3236244040949844,0.35331306627707704,1.104716252708777,-0.3532565971617275,1,2,1,3,0.6766565331385386,0.3233434668614615
8,16001814,56,0.3236244040949844,0.32387854306124547,0.35275119181003123,1.104716252708777,-0.3532565971617275,1,2,1,3,0.6763755959050156,0.3236244040949844
8,16001814,57,0.32387854306124547,0.32410845447494,0.35224291387750906,1.104716252708777,-0.3532565971617275,1,2,1,3,0.6761214569387546,0.32387854306124547
8,16001814,58,0.32410845447494,0.32431645982995405,0.35178309105011996,1.104716252708777,-0.3532565971617275,1,2,1,3,0.67589154552506,0.32410845447494
8,16001814,59,0.32431645982995405,0.32450465603272133,0.3513670803400919,1.104716252708777,-0.3532565971617275,1,2,1,3,0.675683540170046,0.32431645982995405
8,16001814,60,0.32450465603272133,0.3244083482316299,0.35099068793455734,1.104716252708777,-0.3532565971617275,0,2,1,3,0.6754953439672786,0.32450465603272133
8,16001814,61,0.3244083482316299,0.32432120446309615,0.3511833035367402,1.104716252708777,-0.3532565971617275,0,2,1,3,0.6755916517683701,0.3244083482316299
8,16001814,62,0.32432120446309615,0.3244607149035825,0.3513575910738077,1.104716252708777,-0.3532565971617275,1,2,1,3,0.6756787955369039,0.32432120446309615
8,16001814,63,0.3244607149035825,0.32458695959510026,0.35107857019283495,1.104716252708777,-0.3532565971617275,1,2,1,3,0.6755392850964175,0.3244607149035825
8,16001814,64,0.32458695959510026,0.32452232729669606,0.3508260808097995,1.104716252708777,-0.3532565971617275,0,2,1,3,0.6754130404048997,0.32458695959510026
8,16001814,65,0.32452232729669606,0.3244638372662845,0.3509553454066079,1.104716252708777,-0.3532565971617275,0,2,1,3,0.6754776727033039,0.32452232729669606
8,16001814,66,0.3244638372662845,0.3245574407241712,0.35107232546743095,1.104716252708777,-0.3532565971617275,1,2,1,3,0.6755361627337155,0.3244638372662845
8,16001814,67,0.3245574407241712,0.3245095206066344,0.3508851185516576,1.104716252708777,-0.3532565971617275,0,2,1,3,0.6754425592758289,0.3245574407241712
8,16001814,68,0.3245095206066344,0.32446615151043756,0.3509809587867312,1.104716252708777,-0.3532565971617275,0,2,1,3,0.6754904793933656,0.3245095206066344
8,16001814,69,0.32446615151043756,0.3245355602807361,0.3510676969791249,1.104716252708777,-0.3532565971617275,1,2,1,3,0.6755338484895624,0.32446615151043756
8,16001814,70,0.3245355602807361,0.32450002722529453,0.3509288794385278,1.104716252708777,-0.3532565971617275,0,2,1,3,0.675464439719264,0.3245355602807361
8,16001814,71,0.32450002722529453,0.3244678671190837,0.35099994554941094,1.104716252708777,-0.3532565971617275,0,2,1,3,0.6754999727747055,0.32450002722529453
8,16001814,72,0.3244678671190837,0.3244387593783651,0.3510642657618326,1.104716252708777,-0.3532565971617275,0,2,1,3,0.6755321328809163,0.3244678671190837
8,16001814,73,0.3244387593783651,0.3244124139633463,0.35112248124326984,1.104716252708777,-0.3532565971617275,0,2,1,3,0.6755612406216349,0.3244387593783651
8,16001814,74,0.3244124139633463,0.3244545884497437,0.3511751720733074,1.104716252708777,-0.3532565971617275,1,2,1,3,0.6755875860366537,0.3244124139633463
8,16001814,75,0.3244545884497437,0.3244330022884744,0.35109082310051265,1.104716252708777,-0.3532565971617275,0,2,1,3,0.6755454115502564,0.3244545884497437
8,16001814,76,0.3244330022884744,0.3244134640420238,0.35113399542305124,1.104716252708777,-0.3532565971617275,0,2,1,3,0.6755669977115256,0.3244330022884744
8,16001814,77,0.3244134640420238,0.32444474219547764,0.3511730719159524,1.104716252708777,-0.3532565971617275,1,2,1,3,0.6755865359579762,0.3244134640420238
8,16001814,78,0.32444474219547764,0.32447305339915783,0.3511105156090447,1.104716252708777,-0.3532565971617275,1,2,1,3,0.6755552578045223,0.32444474219547764
8,16001814,79,0.32447305339915783,0.32445856148945934,0.35105389320168434,1.104716252708777,-0.3532565971617275,0,2,1,3,0.6755269466008422,0.32447305339915783
8,16001814,80,0.32445856148945934,0.32444544406314235,0.3510828770210813,1.104716252708777,-0.3532565971617275,0,2,1,3,0.6755414385105407,0.32445856148945934
8,16001814,81,0.32444544406314235,0.32443357068947476,0.3511091118737153,1.104716252708777,-0.3532565971617275,0,2,1,3,0.6755545559368576,0.32444544406314235
8,16001814,82,0.32443357068947476,0.32442282332715355,0.3511328586210505,1.104716252708777,-0.3532565971617275,0,2,1,3,0.6755664293105252,0.32443357068947476
8,16001814,83,0.32442282332715355,0.32444002851450693,0.3511543533456929,1.104716252708777,-0.3532565971617275,1,2,1,3,0.6755771766728464,0.32442282332715355
8,16001814,84,0.32444002851450693,0.32445560218726005,0.35111994297098614,1.104716252708777,-0.3532565971617275,1,2,1,3,0.6755599714854931,0.32444002851450693
8,16001814,85,0.32445560218726005,0.3244476305889523,0.3510887956254799,1.104716252708777,-0.3532565971617275,0,2,1,3,0.67554439781274,0.32445560218726005
8,16001814,86,0.3244476305889523,0.32446039118721226,0.35110473882209536,1.104716252708777,-0.3532565971617275,1,2,1,3,0.6755523694110477,0.3244476305889523
8,16001814,87,0.32446039118721226,0.3244719418585178,0.3510792176255755,1.104716252708777,-0.3532565971617275,1,2,1,3,0.6755396088127877,0.32446039118721226
8,16001814,88,0.3244719418585178,0.32446602910167427,0.3510561162829644,1.104716252708777,-0.3532565971617275,0,2,1,3,0.6755280581414822,0.3244719418585178
8,16001814,89,0.32446602910167427,0.32447549347801363,0.35106794179665146,1.104716252708777,-0.3532565971617275,1,2,1,3,0.6755339708983257,0.32446602910167427
8,16001814,90,0.32447549347801363,0.3244706486070332,0.35104901304397274,1.104716252708777,-0.3532565971617275,0,2,1,3,0.6755245065219864,0.32447549347801363
8,16001814,91,0.3244706486070332,0.3244662630708395,0.35105870278593365,1.104716252708777,-0.3532565971617275,0,2,1,3,0.6755293513929668,0.3244706486070332
8,16001814,92,0.3244662630708395,0.3244732829089827,0.35106747385832104,1.104716252708777,-0.3532565971617275,1,2,1,3,0.6755337369291605,0.3244662630708395
8,16001814,93,0.3244732829089827,0.3244696894182611,0.3510534341820346,1.104716252708777,-0.3532565971617275,0,2,1,3,0.6755267170910173,0.3244732829089827
8,16001814,94,0.3244696894182611,0.32446643660391117,0.3510606211634778,1.104716252708777,-0.3532565971617275,0,2,1,3,0.675530310581739,0.3244696894182611
8,16001814,95,0.32446643660391117,0.32447164333884787,0.35106712679217766,1.104716252708777,-0.3532565971617275,1,2,1,3,0.6755335633960888,0.32446643660391117
8,16001814,96,0.32447164333884787,0.3244689779884239,0.35105671332230426,1.104716252708777,-0.3532565971617275,0,2,1,3,0.6755283566611521,0.32447164333884787
8,16001814,97,0.3244689779884239,0.3244665653138603,0.3510620440231522,1.104716252708777,-0.3532565971617275,0,2,1,3,0.6755310220115761,0.3244689779884239
8,16001814,98,0.3244665653138603,0.324464381359124,0.3510668693722794,1.104716252708777,-0.3532565971617275,0,2,1,3,0.6755334346861397,0.3244665653138603
8,16001814,99,0.324464381359124,0.32446240443985336,0.35107123728175205,1.104716252708777,-0.3532565971617275,0,2,1,3,0.6755356186408761,0.324464381359124
8,16001814,100,0.32446240443985336,0.3244606149278679,0.3510751911202933,1.104716252708777,-0.3532565971617275,0,2,1,3,0.6755375955601466,0.32446240443985336
8,16001814,101,0.3244606149278679,0.32446347944956305,0.35107877014426425,1.104716252708777,-0.3532565971617275,1,2,1,3,0.6755393850721321,0.3244606149278679
8,16001814,102,0.32446347944956305,0.32446201312127493,0.3510730411008739,1.104716252708777,-0.3532565971617275,0,2,1,3,0.6755365205504369,0.32446347944956305
8,16001814,103,0.32446201312127493,0.324460685794625,0.35107597375745014,1.104716252708777,-0.3532565971617275,0,2,1,3,0.675537986878725,0.32446201312127493
8,16001814,104,0.324460685794625,0.3244628104869547,0.35107862841075,1.104716252708777,-0.3532565971617275,1,2,1,3,0.6755393142053749,0.324460685794625
8,16001814,105,0.3244628104869547,0.32446473376968,0.3510743790260906,1.104716252708777,-0.3532565971617275,1,2,1,3,0.6755371895130453,0.3244628104869547
8,16001814,106,0.32446473376968,0.324463749248512,0.35107053246064,1.104716252708777,-0.3532565971617275,0,2,1,3,0.67553526623032,0.32446473376968
8,16001814,107,0.324463749248512,0.3244628580539415,0.351072501502976,1.104716252708777,-0.3532565971617275,0,2,1,3,0.6755362507514879,0.324463749248512
8,16001814,108,0.3244628580539415,0.32446205133886263,0.35107428389211703,1.104716252708777,-0.3532565971617275,0,2,1,3,0.6755371419460585,0.3244628580539415
8,16001814,109,0.32446205133886263,0.3244613210949079,0.35107589732227473,1.104716252708777,-0.3532565971617275,0,2,1,3,0.6755379486611374,0.32446205133886263
8,16001814,110,0.3244613210949079,0.32446066007292196,0.35107735781018423,1.104716252708777,-0.3532565971617275,0,2,1,3,0.6755386789050921,0.3244613210949079
8,16001814,111,0.32446066007292196,0.32446006171097846,0.3510786798541561,1.104716252708777,-0.3532565971617275,0,2,1,3,0.675539339927078,0.32446066007292196
8,16001814,112,0.32446006171097846,0.32445952006922285,0.35107987657804307,1.104716252708777,-0.3532565971617275,0,2,1,3,0.6755399382890215,0.32446006171097846
8,16001814,113,0.32445952006922285,0.32445902977089414,0.3510809598615543,1.104716252708777,-0.3532565971617275,0,2,1,3,0.6755404799307771,0.32445952006922285
8,16001814,114,0.32445902977089414,0.3244585859489398,0.3510819404582117,1.104716252708777,-0.3532565971617275,0,2,1,3,0.6755409702291059,0.32445902977089414
8,16001814,115,0.3244585859489398,0.32445818419769196,0.35108282810212044,1.104716252708777,-0.3532565971617275,0,2,1,3,0.6755414140510603,0.3244585859489398
8,16001814,116,0.32445818419769196,0.32445782052912653,0.3510836316046161,1.104716252708777,-0.3532565971617275,0,2,1,3,0.6755418158023081,0.32445818419769196
8,16001814,117,0.32445782052912653,0.32445840267256637,0.35108435894174694,1.104716252708777,-0.3532565971617275,1,2,1,3,0.6755421794708735,0.32445782052912653
8,16001814,118,0.32445840267256637,0.32445892963380124,0.35108319465486726,1.104716252708777,-0.3532565971617275,1,2,1,3,0.6755415973274337,0.32445840267256637
8,16001814,119,0.32445892963380124,0.324459406643693,0.3510821407323975,1.104716252708777,-0.3532565971617275,1,2,1,3,0.6755410703661988,0.32445892963380124
8,16001814,120,0.324459406643693,0.3244598384372455,0.351081186712614,1.104716252708777,-0.3532565971617275,1,2,1,3,0.675540593356307,0.324459406643693
8,16001814,121,0.3244598384372455,0.32445961740668555,0.35108032312550896,1.104716252708777,-0.3532565971617275,0,2,1,3,0.6755401615627545,0.3244598384372455
8,16001814,122,0.32445961740668555,0.3244599712199844,0.3510807651866289,1.104716252708777,-0.3532565971617275,1,2,1,3,0.6755403825933144,0.32445961740668555
8,16001814,123,0.3244599712199844,0.3244597901065772,0.35108005756003124,1.104716252708777,-0.3532565971617275,0,2,1,3,0.6755400287800156,0.3244599712199844
8,16001814,124,0.3244597901065772,0.32445962616106633,0.35108041978684557,1.104716252708777,-0.3532565971617275,0,2,1,3,0.6755402098934228,0.3244597901065772
8,16001814,125,0.32445962616106633,0.32445947775608147,0.35108074767786734,1.104716252708777,-0.3532565971617275,0,2,1,3,0.6755403738389336,0.32445962616106633
8,16001814,126,0.32445947775608147,0.32445934341851496,0.35108104448783706,1.104716252708777,-0.3532565971617275,0,2,1,3,0.6755405222439186,0.32445947775608147
8,16001814,127,0.32445934341851496,0.3244592218148988,0.3510813131629701,1.104716252708777,-0.3532565971617275,0,2,1,3,0.675540656581485,0.32445934341851496
8,16001814,128,0.3244592218148988,0.32445911173816705,0.35108155637020244,1.104716252708777,-0.3532565971617275,0,2,1,3,0.6755407781851013,0.3244592218148988
8,16001814,129,0.32445911173816705,0.32445901209567424,0.3510817765236659,1.104716252708777,-0.3532565971617275,0,2,1,3,0.675540888261833,0.32445911173816705
8,16001814,130,0.32445901209567424,0.32445892189834885,0.3510819758086515,1.104716252708777,-0.3532565971617275,0,2,1,3,0.6755409879043257,0.32445901209567424
8,16001814,131,0.32445892189834885,0.32445906628158133,0.3510821562033023,1.104716252708777,-0.3532565971617275,1,2,1,3,0.6755410781016511,0.32445892189834885
8,16001814,132,0.32445906628158133,0.3244589923734747,0.35108186743683734,1.104716252708777,-0.3532565971617275,0,2,1,3,0.6755409337184186,0.32445906628158133
8,16001814,133,0.3244589923734747,0.3244591106817442,0.3510820152530506,1.104716252708777,-0.3532565971617275,1,2,1,3,0.6755410076265254,0.3244589923734747
8,16001814,134,0.3244591106817442,0.3244590501210966,0.3510817786365116,1.104716252708777,-0.3532565971617275,0,2,1,3,0.6755408893182557,0.3244591106817442
8,16001814,135,0.3244590501210966,0.3244589953010175,0.3510818997578068,1.104716252708777,-0.3532565971617275,0,2,1,3,0.6755409498789033,0.3244590501210966
8,16001814,136,0.3244589953010175,0.3244590830541672,0.35108200939796497,1.104716252708777,-0.3532565971617275,1,2,1,3,0.6755410046989825,0.3244589953010175
8,16001814,137,0.3244590830541672,0.3244591624891636,0.3510818338916656,1.104716252708777,-0.3532565971617275,1,2,1,3,0.6755409169458328,0.3244590830541672
8,16001814,138,0.3244591624891636,0.32445912182728814,0.35108167502167276,1.104716252708777,-0.3532565971617275,0,2,1,3,0.6755408375108364,0.3244591624891636
8,16001814,139,0.32445912182728814,0.3244591869166927,0.3510817563454237,1.104716252708777,-0.3532565971617275,1,2,1,3,0.6755408781727119,0.32445912182728814
8,16001814,140,0.3244591869166927,0.32445924583625185,0.35108162616661465,1.104716252708777,-0.3532565971617275,1,2,1,3,0.6755408130833074,0.3244591869166927
8,16001814,141,0.32445924583625185,0.32445929917080796,0.3510815083274963,1.104716252708777,-0.3532565971617275,1,2,1,3,0.6755407541637481,0.32445924583625185
8,16001814,142,0.32445929917080796,0.3244592718694379,0.3510814016583841,1.104716252708777,-0.3532565971617275,0,2,1,3,0.675540700829192,0.32445929917080796
8,16001814,143,0.3244592718694379,0.3244592471559726,0.3510814562611242,1.104716252708777,-0.3532565971617275,0,2,1,3,0.6755407281305621,0.3244592718694379
8,16001814,144,0.3244592471559726,0.3244592247851033,0.35108150568805485,1.104716252708777,-0.3532565971617275,0,2,1,3,0.6755407528440274,0.3244592471559726
8,16001814,145,0.3244592247851033,0.32445926059521146,0.3510815504297934,1.104716252708777,-0.3532565971617275,1,2,1,3,0.6755407752148967,0.3244592247851033
8,16001814,146,0.32445926059521146,0.32445929301087023,0.3510814788095771,1.104716252708777,-0.3532565971617275,1,2,1,3,0.6755407394047885,0.32445926059521146
8,16001814,147,0.32445929301087023,0.3244592764176522,0.35108141397825954,1.104716252708777,-0.3532565971617275,0,2,1,3,0.6755407069891297,0.32445929301087023
8,16001814,148,0.3244592764176522,0.32445930297919684,0.3510814471646956,1.104716252708777,-0.3532565971617275,1,2,1,3,0.6755407235823478,0.3244592764176522
8,16001814,149,0.32445930297919684,0.3244592893826346,0.3510813940416063,1.104716252708777,-0.3532565971617275,0,2,1,3,0.6755406970208031,0.32445930297919684
8,16001814,150,0.3244592893826346,0.32445931114729065,0.35108142123473085,1.104716252708777,-0.3532565971617275,1,2,1,3,0.6755407106173654,0.3244592893826346
8,16001814,151,0.32445931114729065,0.3244593000062024,0.3510813777054187,1.104716252708777,-0.3532565971617275,0,2,1,3,0.6755406888527093,0.32445931114729065
8,16001814,152,0.3244593000062024,0.32445928992118034,0.35108139998759524,1.104716252708777,-0.3532565971617275,0,2,1,3,0.6755406999937976,0.3244593000062024
8,16001814,153,0.32445928992118034,0.3244592807921198,0.3510814201576393,1.104716252708777,-0.3532565971617275,0,2,1,3,0.6755407100788197,0.32445928992118034
8,16001814,154,0.3244592807921198,0.3244592725284048,0.35108143841576045,1.104716252708777,-0.3532565971617275,0,2,1,3,0.6755407192078802,0.3244592807921198
8,16001814,155,0.3244592725284048,0.32445926504800915,0.35108145494319043,1.104716252708777,-0.3532565971617275,0,2,1,3,0.6755407274715952,0.3244592725284048
8,16001814,156,0.32445926504800915,0.32445925827668176,0.3510814699039817,1.104716252708777,-0.3532565971617275,0,2,1,3,0.6755407349519909,0.32445926504800915
8,16001814,157,0.32445925827668176,0.32445926911586515,0.3510814834466365,1.104716252708777,-0.3532565971617275,1,2,1,3,0.6755407417233182,0.32445925827668176
8,16001814,158,0.32445926911586515,0.32445926356740695,0.3510814617682697,1.104716252708777,-0.3532565971617275,0,2,1,3,0.6755407308841348,0.32445926911586515
8,16001814,159,0.32445926356740695,0.32445927244908584,0.3510814728651861,1.104716252708777,-0.3532565971617275,1,2,1,3,0.675540736432593,0.32445926356740695
8,16001814,160,0.32445927244908584,0.3244592679026525,0.3510814551018283,1.104716252708777,-0.3532565971617275,0,2,1,3,0.6755407275509142,0.32445927244908584
8,16001814,161,0.3244592679026525,0.3244592751803428,0.351081464194695,1.104716252708777,-0.3532565971617275,1,2,1,3,0.6755407320973474,0.3244592679026525
8,16001814,162,0.3244592751803428,0.32445927145497344,0.3510814496393144,1.104716252708777,-0.3532565971617275,0,2,1,3,0.6755407248196572,0.3244592751803428
8,16001814,163,0.32445927145497344,0.32445927741834774,0.3510814570900531,1.104716252708777,-0.3532565971617275,1,2,1,3,0.6755407285450266,0.32445927145497344
8,16001814,164,0.32445927741834774,0.3244592743657622,0.35108144516330453,1.104716252708777,-0.3532565971617275,0,2,1,3,0.6755407225816523,0.32445927741834774
8,16001814,165,0.3244592743657622,0.32445927925217977,0.35108145126847556,1.104716252708777,-0.3532565971617275,1,2,1,3,0.6755407256342378,0.3244592743657622
8,16001814,166,0.32445927925217977,0.3244592767508765,0.35108144149564047,1.104716252708777,-0.3532565971617275,0,2,1,3,0.6755407207478202,0.32445927925217977
8,16001814,167,0.3244592767508765,0.32445928075483055,0.351081446498247,1.104716252708777,-0.3532565971617275,1,2,1,3,0.6755407232491235,0.3244592767508765
8,16001814,168,0.32445928075483055,0.32445927870525065,0.3510814384903389,1.104716252708777,-0.3532565971617275,0,2,1,3,0.6755407192451695,0.32445928075483055
8,16001814,169,0.32445927870525065,0.3244592819861098,0.3510814425894987,1.104716252708777,-0.3532565971617275,1,2,1,3,0.6755407212947493,0.32445927870525065
8,16001814,170,0.3244592819861098,0.3244592803066742,0.3510814360277804,1.104716252708777,-0.3532565971617275,0,2,1,3,0.6755407180138902,0.3244592819861098
8,16001814,171,0.3244592803066742,0.32445927878643255,0.3510814393866516,1.104716252708777,-0.3532565971617275,0,2,1,3,0.6755407196933259,0.3244592803066742
8,16001814,172,0.32445927878643255,0.32445927741029484,0.3510814424271349,1.104716252708777,-0.3532565971617275,0,2,1,3,0.6755407212135675,0.32445927878643255
8,16001814,173,0.32445927741029484,0.3244592761646015,0.3510814451794103,1.104716252708777,-0.3532565971617275,0,2,1,3,0.6755407225897052,0.32445927741029484
8,16001814,174,0.3244592761646015,0.3244592750369877,0.35108144767079696,1.104716252708777,-0.3532565971617275,0,2,1,3,0.6755407238353985,0.3244592761646015
8,16001814,175,0.3244592750369877,0.32445927401626057,0.35108144992602464,1.104716252708777,-0.3532565971617275,0,2,1,3,0.6755407249630123,0.3244592750369877
8,16001814,176,0.32445927401626057,0.32445927565018656,0.35108145196747886,1.104716252708777,-0.3532565971617275,1,2,1,3,0.6755407259837394,0.32445927401626057
8,16001814,177,0.32445927565018656,0.32445927481379794,0.3510814486996269,1.104716252708777,-0.3532565971617275,0,2,1,3,0.6755407243498135,0.32445927565018656
8,16001814,178,0.32445927481379794,0.3244592740566906,0.3510814503724041,1.104716252708777,-0.3532565971617275,0,2,1,3,0.675540725186202,0.32445927481379794
8,16001814,179,0.3244592740566906,0.32445927526862794,0.35108145188661877,1.104716252708777,-0.3532565971617275,1,2,1,3,0.6755407259433094,0.3244592740566906
8,16001814,180,0.32445927526862794,0.32445927464825064,0.3510814494627441,1.104716252708777,-0.3532565971617275,0,2,1,3,0.67554072473137206,0.32445927526862794
8,16001814,181,0.32445927464825064,0.32445927408667896,0.3510814507034987,1.104716252708777,-0.3532565971617275,0,2,1,3,0.6755407253517494,0.32445927464825064
8,16001814,182,0.32445927408667896,0.32445927498561317,0.3510814518266421,1.104716252708777,-0.3532565971617275,1,2,1,3,0.675540725913321,0.32445927408667896
8,16001814,183,0.32445927498561317,0.32445927452545864,0.35108145002877367,1.104716252708777,-0.3532565971617275,0,2,1,3,0.6755407250143868,0.32445927498561317
8,16001814,184,0.32445927452545864,0.3244592752620497,0.3510814509490827,1.104716252708777,-0.3532565971617275,1,2,1,3,0.6755407254745414,0.32445927452545864
8,16001814,185,0.3244592752620497,0.3244592748849969,0.3510814494759006,1.104716252708777,-0.3532565971617275,0,2,1,3,0.6755407247379503,0.3244592752620497
8,16001814,186,0.3244592748849969,0.324459274543685,0.35108145023000625,1.104716252708777,-0.3532565971617275,0,2,1,3,0.6755407251150032,0.3244592748849969
8,16001814,187,0.324459274543685,0.3244592742347261,0.35108145091263,1.104716252708777,-0.3532565971617275,0,2,1,3,0.675540725456315,0.324459274543685
8,16001814,188,0.3244592742347261,0.3244592739550534,0.3510814515305478,1.104716252708777,-0.3532565971617275,0,2,1,3,0.6755407257652739,0.3244592742347261
8,16001814,189,0.3244592739550534,0.3244592744027386,0.35108145208989316,1.104716252708777,-0.3532565971617275,1,2,1,3,0.6755407260449466,0.3244592739550534
8,16001814,190,0.3244592744027386,0.3244592741735735,0.35108145119452283,1.104716252708777,-0.3532565971617275,0,2,1,3,0.6755407255972614,0.3244592744027386
8,16001814,191,0.3244592741735735,0.324459273966131,0.351081451652853,1.104716252708777,-0.3532565971617275,0,2,1,3,0.6755407258264265,0.3244592741735735
8,16001814,192,0.324459273966131,0.32445927377835204,0.351081452067738,1.104716252708777,-0.3532565971617275,0,2,1,3,0.675540726033869,0.324459273966131
8,16001814,193,0.32445927377835204,0.3244592740789388,0.3510814524432959,1.104716252708777,-0.3532565971617275,1,2,1,3,0.675540726221648,0.32445927377835204
8,16001814,194,0.3244592740789388,0.3244592739250718,0.35108145184212236,1.104716252708777,-0.3532565971617275,0,2,1,3,0.6755407259210612,0.3244592740789388
8,16001814,195,0.3244592739250718,0.32445927378578987,0.3510814521498564,1.104716252708777,-0.3532565971617275,0,2,1,3,0.6755407260749282,0.3244592739250718
8,16001814,196,0.32445927378578987,0.32445927400874497,0.35108145242842026,1.104716252708777,-0.3532565971617275,1,2,1,3,0.6755407262142101,0.32445927378578987
8,16001814,197,0.32445927400874497,0.3244592738946167,0.35108145198251006,1.104716252708777,-0.3532565971617275,0,2,1,3,0.675540725991255,0.32445927400874497
8,16001814,198,0.3244592738946167,0.3244592740773072,0.3510814522107666,1.104716252708777,-0.3532565971617275,1,2,1,3,0.6755407261053833,0.3244592738946167
8,16001814,199,0.3244592740773072,0.3244592742426805,0.35108145184538564,1.104716252708777,-0.3532565971617275,1,2,1,3,0.6755407259226929,0.3244592740773072
8,16001814,200,0.3244592742426805,0.3244592741580277,0.351081451514639,1.104716252708777,-0.3532565971617275,0,2,1,3,0.6755407257573195,0.3244592742426805
8,16001814,201,0.3244592741580277,0.3244592742935354,0.35108145168394456,1.104716252708777,-0.3532565971617275,1,2,1,3,0.6755407258419723,0.3244592741580277
8,16001814,202,0.3244592742935354,0.3244592742241705,0.35108145141292924,1.104716252708777,-0.3532565971617275,0,2,1,3,0.6755407257064646,0.3244592742935354
8,16001814,203,0.3244592742241705,0.32445927416138076,0.35108145155165904,1.104716252708777,-0.3532565971617275,0,2,1,3,0.6755407257758295,0.3244592742241705
8,16001814,204,0.32445927416138076,0.32445927410454284,0.3510814516772385,1.104716252708777,-0.3532565971617275,0,2,1,3,0.6755407258386192,0.32445927416138076
8,16001814,205,0.32445927410454284,0.3244592740530926,0.3510814517909143,1.104716252708777,-0.3532565971617275,0,2,1,3,0.6755407258954571,0.32445927410454284
8,16001814,206,0.3244592740530926,0.32445927400651936,0.3510814518938148,1.104716252708777,-0.3532565971617275,0,2,1,3,0.6755407259469074,0.3244592740530926
8,16001814,207,0.32445927400651936,0.32445927408107134,0.3510814519869613,1.104716252708777,-0.3532565971617275,1,2,1,3,0.6755407259934807,0.32445927400651936
8,16001814,208,0.32445927408107134,0.324459274042909,0.35108145183785733,1.104716252708777,-0.3532565971617275,0,2,1,3,0.6755407259189287,0.32445927408107134
8,16001814,209,0.324459274042909,0.3244592741039972,0.35108145191418205,1.104716252708777,-0.3532565971617275,1,2,1,3,0.675540725957091,0.324459274042909
8,16001814,210,0.3244592741039972,0.324459274159295,0.35108145179200556,1.104716252708777,-0.3532565971617275,1,2,1,3,0.6755407258960028,0.3244592741039972
8,16001814,211,0.324459274159295,0.324459274209351,0.35108145168141003,1.104716252708777,-0.3532565971617275,1,2,1,3,0.675540725840705,0.324459274159295
8,16001814,212,0.324459274209351,0.32445927418372783,0.351081451581298,1.104716252708777,-0.3532565971617275,0,2,1,3,0.6755407257906489,0.324459274209351
8,16001814,213,0.32445927418372783,0.32445927422474397,0.35108145163254434,1.104716252708777,-0.3532565971617275,1,2,1,3,0.6755407258162722,0.32445927418372783
8,16001814,214,0.32445927422474397,0.32445927420374826,0.35108145155051207,1.104716252708777,-0.3532565971617275,0,2,1,3,0.675540725775256,0.32445927422474397
8,16001814,215,0.32445927420374826,0.32445927418474274,0.3510814515925035,1.104716252708777,-0.3532565971617275,0,2,1,3,0.6755407257962518,0.32445927420374826
8,16001814,216,0.32445927418474274,0.3244592741675388,0.3510814516305145,1.104716252708777,-0.3532565971617275,0,2,1,3,0.6755407258152573,0.32445927418474274
8,16001814,217,0.3244592741675388,0.3244592741519655,0.35108145166492244,1.104716252708777,-0.3532565971617275,0,2,1,3,0.6755407258324613,0.3244592741675388
8,16001814,218,0.3244592741519655,0.3244592741378685,0.35108145169606897,1.104716252708777,-0.3532565971617275,0,2,1,3,0.6755407258480345,0.3244592741519655
8,16001814,219,0.3244592741378685,0.3244592741251077,0.35108145172426297,1.104716252708777,-0.3532565971617275,0,2,1,3,0.6755407258621315,0.3244592741378685
8,16001814,220,0.3244592741251077,0.3244592741455345,0.35108145174978456,1.104716252708777,-0.3532565971617275,1,2,1,3,0.6755407258748922,0.3244592741251077
8,16001814,221,0.3244592741455345,0.3244592741350783,0.351081451708931,1.104716252708777,-0.3532565971617275,0,2,1,3,0.6755407258544655,0.3244592741455345
8,16001814,222,0.3244592741350783,0.32445927412561315,0.3510814517298434,1.104716252708777,-0.3532565971617275,0,2,1,3,0.6755407258649218,0.3244592741350783
8,16001814,223,0.32445927412561315,0.3244592741170453,0.3510814517487737,1.104716252708777,-0.3532565971617275,0,2,1,3,0.6755407258743868,0.32445927412561315
8,16001814,224,0.3244592741170453,0.3244592741307603,0.35108145176590944,1.104716252708777,-0.3532565971617275,1,2,1,3,0.6755407258829547,0.3244592741170453
8,16001814,225,0.3244592741307603,0.32445927412373976,0.3510814517384794,1.104716252708777,-0.3532565971617275,0,2,1,3,0.6755407258692396,0.3244592741307603
8,16001814,226,0.32445927412373976,0.32445927413497794,0.3510814517525205,1.104716252708777,-0.3532565971617275,1,2,1,3,0.6755407258762602,0.32445927412373976
8,16001814,227,0.32445927413497794,0.3244592741292252,0.3510814517300441,1.104716252708777,-0.3532565971617275,0,2,1,3,0.6755407258650221,0.32445927413497794
8,16001814,228,0.3244592741292252,0.32445927413843384,0.3510814517415496,1.104716252708777,-0.3532565971617275,1,2,1,3,0.6755407258707748,0.3244592741292252
8,16001814,229,0.32445927413843384,0.32445927413372005,0.3510814517231323,1.104716252708777,-0.3532565971617275,0,2,1,3,0.6755407258615662,0.32445927413843384
8,16001814,230,0.32445927413372005,0.3244592741294531,0.3510814517325599,1.104716252708777,-0.3532565971617275,0,2,1,3,0.67554072586628,0.32445927413372005
8,16001814,231,0.3244592741294531,0.3244592741255906,0.35108145174109384,1.104716252708777,-0.3532565971617275,0,2,1,3,0.6755407258705469,0.3244592741294531
8,16001814,232,0.3244592741255906,0.32445927412209424,0.3510814517488188,1.104716252708777,-0.3532565971617275,0,2,1,3,0.6755407258744094,0.3244592741255906
8,16001814,233,0.32445927412209424,0.324459274127691,0.3510814517558115,1.104716252708777,-0.3532565971617275,1,2,1,3,0.6755407258779058,0.32445927412209424
8,16001814,234,0.324459274127691,0.3244592741248261,0.351081451744618,1.104716252708777,-0.3532565971617275,0,2,1,3,0.675540725872309,0.324459274127691
8,16001814,235,0.3244592741248261,0.32445927412223274,0.3510814517503478,1.104716252708777,-0.3532565971617275,0,2,1,3,0.6755407258751739,0.3244592741248261
8,16001814,236,0.32445927412223274,0.3244592741198852,0.3510814517555345,1.104716252708777,-0.3532565971617275,0,2,1,3,0.6755407258777673,0.32445927412223274
8,16001814,237,0.3244592741198852,0.32445927411776015,0.35108145176022965,1.104716252708777,-0.3532565971617275,0,2,1,3,0.6755407258801148,0.3244592741198852
8,16001814,238,0.32445927411776015,0.3244592741211617,0.3510814517644797,1.104716252708777,-0.3532565971617275,1,2,1,3,0.6755407258822399,0.32445927411776015
8,16001814,239,0.3244592741211617,0.3244592741242409,0.3510814517576766,1.104716252708777,-0.3532565971617275,1,2,1,3,0.6755407258788383,0.3244592741211617
8,16001814,240,0.3244592741242409,0.32445927412702824,0.35108145175151817,1.104716252708777,-0.3532565971617275,1,2,1,3,0.6755407258757591,0.3244592741242409
9,16001818,1,0.5,0.6666666666666666,0,1.1356868136015825,-0.27452463854209,1,1,2,1,0.5,0.5
9,16001818,2,0.6666666666666666,0.5164043869515615,0.33333333333333326,1.1356868136015825,-0.27452463854209,0,1,2,1,0.6666666666666666,0.33333333333333337
9,16001818,3,0.5164043869515615,0.42204342995271715,0.03280877390312309,1.1356868136015825,-0.27452463854209,0,1,2,1,0.5164043869515615,0.48359561304843846
9,16001818,4,0.42204342995271715,0.5028532976678556,0.1559131400945657,1.1356868136015825,-0.27452463854209,1,1,2,1,0.42204342995271715,0.5779565700472828
9,16001818,5,0.5028532976678556,0.44415674306838393,0.005706595335711162,1.1356868136015825,-0.27452463854209,0,1,2,1,0.5028532976678556,0.4971467023321444
9,16001818,6,0.44415674306838393,0.4959316299664034,0.11168651386323214,1.1356868136015825,-0.27452463854209,1,1,2,1,0.44415674306838393,0.5558432569316161
9,16001818,7,0.4959316299664034,0.5358853107475815,0.008136740067193227,1.1356868136015825,-0.27452463854209,1,1,2,1,0.4959316299664034,0.5040683700335966
9,16001818,8,0.5358853107475815,0.5674220455204149,0.071770621495163,1.1356868136015825,-0.27452463854209,1,1,2,1,0.5358853107475815,0.4641146892524185
9,16001818,9,0.5674220455204149,0.5365598325632234,0.13484409104082973,1.1356868136015825,-0.27452463854209,0,1,2,1,0.5674220455204149,0.43257795447958514
9,16001818,10,0.5365598325632234,0.559170104294025,0.07311966512644674,1.1356868136015825,-0.27452463854209,1,1,2,1,0.5365598325632234,0.46344016743677663
9,16001818,11,0.559170104294025,0.5370067617246638,0.11834020858805006,1.1356868136015825,-0.27452463854209,0,1,2,1,0.559170104294025,0.440829895705975
9,16001818,12,0.5370067617246638,0.5185547599326914,0.07401352344932755,1.1356868136015825,-0.27452463854209,0,1,2,1,0.5370067617246638,0.4629932382753362
9,16001818,13,0.5185547599326914,0.5030697210373782,0.0371095198653828,1.1356868136015825,-0.27452463854209,0,1,2,1,0.5185547599326914,0.4814452400673086
9,16001818,14,0.5030697210373782,0.5160354774024122,0.006139442074756474,1.1356868136015825,-0.27452463854209,1,1,2,1,0.5030697210373782,0.49693027896262176
9,16001818,15,0.5160354774024122,0.5270513681345735,0.03207095480482436,1.1356868136015825,-0.27452463854209,1,1,2,1,0.5160354774024122,0.4839645225975878
9,16001818,16,0.5270513681345735,0.5364555847008553,0.05410273626914708,1.1356868136015825,-0.27452463854209,1,1,2,1,0.5270513681345735,0.47294863186542646
9,16001818,17,0.5364555847008553,0.5445168227370666,0.07291116940171061,1.1356868136015825,-0.27452463854209,1,1,2,1,0.5364555847008553,0.4635444152991447
9,16001818,18,0.5445168227370666,0.5514511271733405,0.08903364547413317,1.1356868136015825,-0.27452463854209,1,1,2,1,0.5445168227370666,0.4554831772629334
9,16001818,19,0.5514511271733405,0.5574340445152856,0.1029022543466811,1.1356868136015825,-0.27452463854209,1,1,2,1,0.5514511271733405,0.44854887282665945
9,16001818,20,0.5574340445152856,0.5626095434079463,0.11486808903057111,1.1356868136015825,-0.27452463854209,1,1,2,1,0.5574340445152856,0.44256595548471445
9,16001818,21,0.5626095434079463,0.5572214233303598,0.12521908681589267,1.1356868136015825,-0.27452463854209,0,1,2,1,0.5626095434079463,0.43739045659205367
9,16001818,22,0.5572214233303598,0.5611814927875505,0.11444284666071969,1.1356868136015825,-0.27452463854209,1,1,2,1,0.5572214233303598,0.44277857666964016
9,16001818,23,0.5611814927875505,0.5646273750378729,0.12236298557510095,1.1356868136015825,-0.27452463854209,1,1,2,1,0.5611814927875505,0.4388185072124495
9,16001818,24,0.5646273750378729,0.5610000765539084,0.12925475007574572,1.1356868136015825,-0.27452463854209,0,1,2,1,0.5646273750378729,0.43537262496212714
9,16001818,25,0.5610000765539084,0.5578350444156335,0.12200015310781676,1.1356868136015825,-0.27452463854209,0,1,2,1,0.5610000765539084,0.4389999234460916
9,16001818,26,0.5578350444156335,0.560170009188221,0.11567008883126695,1.1356868136015825,-0.27452463854209,1,1,2,1,0.5578350444156335,0.4421649555843665
9,16001818,27,0.560170009188221,0.5577358842962347,0.12034001837644204,1.1356868136015825,-0.27452463854209,0,1,2,1,0.560170009188221,0.439829990811779
9,16001818,28,0.5577358842962347,0.5595354501803921,0.11547176859246933,1.1356868136015825,-0.27452463854209,1,1,2,1,0.5577358842962347,0.44226411570376534
9,16001818,29,0.5595354501803921,0.5611115012135837,0.11907090036078416,1.1356868136015825,-0.27452463854209,1,1,2,1,0.5595354501803921,0.4404645498196079
9,16001818,30,0.5611115012135837,0.5624927040589947,0.12222300242716733,1.1356868136015825,-0.27452463854209,1,1,2,1,0.5611115012135837,0.43888849878641634
9,16001818,31,0.5624927040589947,0.563703843404731,0.1249854081179893,1.1356868136015825,-0.27452463854209,1,1,2,1,0.5624927040589947,0.43750729594100535
9,16001818,32,0.563703843404731,0.5647663937068467,0.12740768680946202,1.1356868136015825,-0.27452463854209,1,1,2,1,0.563703843404731,0.436296156595269
9,16001818,33,0.5647663937068467,0.5636394043774537,0.12953278741369334,1.1356868136015825,-0.27452463854209,0,1,2,1,0.5647663937068467,0.43523360629315333
9,16001818,34,0.5636394043774537,0.5644609876207315,0.1272788087549075,1.1356868136015825,-0.27452463854209,1,1,2,1,0.5636394043774537,0.43636059562254625
9,16001818,35,0.5644609876207315,0.5635897268650514,0.12892197524146298,1.1356868136015825,-0.27452463854209,0,1,2,1,0.5644609876207315,0.4355390123792685
9,16001818,36,0.5635897268650514,0.5642253813420222,0.12717945373010275,1.1356868136015825,-0.27452463854209,1,1,2,1,0.5635897268650514,0.4364102731349486
9,16001818,37,0.5642253813420222,0.5647840170524844,0.12845076268404432,1.1356868136015825,-0.27452463854209,1,1,2,1,0.5642253813420222,0.43577461865797784
9,16001818,38,0.5647840170524844,0.565275079321151,0.12956803410496875,1.1356868136015825,-0.27452463854209,1,1,2,1,0.5647840170524844,0.4352159829475156
9,16001818,39,0.565275079321151,0.5657068295662929,0.1305501586423019,1.1356868136015825,-0.27452463854209,1,1,2,1,0.565275079321151,0.43472492067884905
9,16001818,40,0.5657068295662929,0.5652467527320333,0.13141365913258585,1.1356868136015825,-0.27452463854209,0,1,2,1,0.5657068295662929,0.4342931704337071
9,16001818,41,0.5652467527320333,0.5648421097090724,0.13049350546406657,1.1356868136015825,-0.27452463854209,0,1,2,1,0.5652467527320333,0.4347532472679667
9,16001818,42,0.5648421097090724,0.5644861722542002,0.1296842194181449,1.1356868136015825,-0.27452463854209,0,1,2,1,0.5648421097090724,0.43515789029092755
9,16001818,43,0.5644861722542002,0.5641730398206518,0.12897234450840034,1.1356868136015825,-0.27452463854209,0,1,2,1,0.5644861722542002,0.43551382774579983
9,16001818,44,0.5641730398206518,0.5638975352536322,0.12834607964130362,1.1356868136015825,-0.27452463854209,0,1,2,1,0.5641730398206518,0.4358269601793482
9,16001818,45,0.5638975352536322,0.5640986559911643,0.12779507050726435,1.1356868136015825,-0.27452463854209,1,1,2,1,0.5638975352536322,0.4361024647463678
9,16001818,46,0.5640986559911643,0.5638852018227151,0.12819731198232853,1.1356868136015825,-0.27452463854209,0,1,2,1,0.5640986559911643,0.43590134400883573
9,16001818,47,0.5638852018227151,0.5640410551043639,0.12777040364543013,1.1356868136015825,-0.27452463854209,1,1,2,1,0.5638852018227151,0.43611479817728493
9,16001818,48,0.5640410551043639,0.5638756497358284,0.12808211020872773,1.1356868136015825,-0.27452463854209,0,1,2,1,0.5640410551043639,0.43595894489563614
9,16001818,49,0.5638756497358284,0.5639964381823513,0.12775129947165675,1.1356868136015825,-0.27452463854209,1,1,2,1,0.5638756497358284,0.4361243502641716
9,16001818,50,0.5639964381823513,0.5641027565502104,0.1279928763647027,1.1356868136015825,-0.27452463854209,1,1,2,1,0.5639964381823513,0.43600356181764865
9,16001818,51,0.5641027565502104,0.5641963423957242,0.12820551310042072,1.1356868136015825,-0.27452463854209,1,1,2,1,0.5641027565502104,0.43589724344978964
9,16001818,52,0.5641963423957242,0.5642787237120862,0.1283926847914485,1.1356868136015825,-0.27452463854209,1,1,2,1,0.5641963423957242,0.43580365760427575
9,16001818,53,0.5642787237120862,0.5641912127967477,0.1285574474241724,1.1356868136015825,-0.27452463854209,0,1,2,1,0.5642787237120862,0.4357212762879138
9,16001818,54,0.5641912127967477,0.5642550714729708,0.12838242559349533,1.1356868136015825,-0.27452463854209,1,1,2,1,0.5641912127967477,0.43580878720325233
9,16001818,55,0.5642550714729708,0.5643112897438727,0.12851014294594165,1.1356868136015825,-0.27452463854209,1,1,2,1,0.5642550714729708,0.4357449285270292
9,16001818,56,0.5643112897438727,0.5643607828921678,0.12862257948774536,1.1356868136015825,-0.27452463854209,1,1,2,1,0.5643112897438727,0.4356887102561273
9,16001818,57,0.5643607828921678,0.5644043562974866,0.1287215657843357,1.1356868136015825,-0.27452463854209,1,1,2,1,0.5643607828921678,0.43563921710783216
9,16001818,58,0.5644043562974866,0.5644427186907247,0.12880871259497328,1.1356868136015825,-0.27452463854209,1,1,2,1,0.5644043562974866,0.43559564370251336
9,16001818,59,0.5644427186907247,0.564476493796974,0.12888543738144942,1.1356868136015825,-0.27452463854209,1,1,2,1,0.5644427186907247,0.4355572813092753
9,16001818,60,0.564476493796974,0.5645062305658423,0.1289529875939479,1.1356868136015825,-0.27452463854209,1,1,2,1,0.564476493796974,0.43552350620302605
9,16001818,61,0.5645062305658423,0.5645324121627918,0.12901246113168452,1.1356868136015825,-0.27452463854209,1,1,2,1,0.5645062305658423,0.43549376943415774
9,16001818,62,0.5645324121627918,0.5645554638732926,0.12906482432558364,1.1356868136015825,-0.27452463854209,1,1,2,1,0.5645324121627918,0.4354675878372082
9,16001818,63,0.5645554638732926,0.5645757600525955,0.12911092774658517,1.1356868136015825,-0.27452463854209,1,1,2,1,0.5645554638732926,0.4354445361267074
9,16001818,64,0.5645757600525955,0.564593630237408,0.12915152010519093,1.1356868136015825,-0.27452463854209,1,1,2,1,0.5645757600525955,0.43542423994740453
9,16001818,65,0.564593630237408,0.5645746260471061,0.1291872604748161,1.1356868136015825,-0.27452463854209,0,1,2,1,0.564593630237408,0.43540636976259195
9,16001818,66,0.5645746260471061,0.5645884805835014,0.12914925209421213,1.1356868136015825,-0.27452463854209,1,1,2,1,0.5645746260471061,0.43542537395289393
9,16001818,67,0.5645884805835014,0.5646006793301854,0.12917696116700284,1.1356868136015825,-0.27452463854209,1,1,2,1,0.5645884805835014,0.4354115194164986
9,16001818,68,0.5646006793301854,0.5646114202284488,0.12920135866037086,1.1356868136015825,-0.27452463854209,1,1,2,1,0.5646006793301854,0.43539932066981457
9,16001818,69,0.5646114202284488,0.5646208775446151,0.12922284045689758,1.1356868136015825,-0.27452463854209,1,1,2,1,0.5646114202284488,0.4353885797715512
9,16001818,70,0.5646208775446151,0.5646292047044239,0.1292417550892302,1.1356868136015825,-0.27452463854209,1,1,2,1,0.5646208775446151,0.4353791224553849
9,16001818,71,0.5646292047044239,0.5646203479379472,0.1292584094088478,1.1356868136015825,-0.27452463854209,0,1,2,1,0.5646292047044239,0.4353707952955761
9,16001818,72,0.5646203479379472,0.5646268040412293,0.12924069587589448,1.1356868136015825,-0.27452463854209,1,1,2,1,0.5646203479379472,0.43537965206205276
9,16001818,73,0.5646268040412293,0.5646199373399238,0.12925360808245867,1.1356868136015825,-0.27452463854209,0,1,2,1,0.5646268040412293,0.43537319595877066
9,16001818,74,0.5646199373399238,0.5646249428244239,0.12923987467984754,1.1356868136015825,-0.27452463854209,1,1,2,1,0.5646199373399238,0.43538006266007623
9,16001818,75,0.5646249428244239,0.5646196190047491,0.12924988564884776,1.1356868136015825,-0.27452463854209,0,1,2,1,0.5646249428244239,0.4353750571755761
9,16001818,76,0.5646196190047491,0.5646149313138951,0.12923923800949821,1.1356868136015825,-0.27452463854209,0,1,2,1,0.5646196190047491,0.4353803809952509
9,16001818,77,0.5646149313138951,0.5646183484768572,0.12922986262779013,1.1356868136015825,-0.27452463854209,1,1,2,1,0.5646149313138951,0.43538506868610494
9,16001818,78,0.5646183484768572,0.5646147140446544,0.12923669695371443,1.1356868136015825,-0.27452463854209,0,1,2,1,0.5646183484768572,0.4353816515231428
9,16001818,79,0.5646147140446544,0.5646115138673904,0.1292294280893087,1.1356868136015825,-0.27452463854209,0,1,2,1,0.5646147140446544,0.43538528595534565
9,16001818,80,0.5646115138673904,0.5646138467170161,0.12922302773478078,1.1356868136015825,-0.27452463854209,1,1,2,1,0.5646115138673904,0.4353884861326096
9,16001818,81,0.5646138467170161,0.5646113655654077,0.12922769343403218,1.1356868136015825,-0.27452463854209,0,1,2,1,0.5646138467170161,0.4353861532829839
9,16001818,82,0.5646113655654077,0.5646131742672611,0.1292227311308154,1.1356868136015825,-0.27452463854209,1,1,2,1,0.5646113655654077,0.4353886344345923
9,16001818,83,0.5646131742672611,0.5646112505848662,0.1292263485345222,1.1356868136015825,-0.27452463854209,0,1,2,1,0.5646131742672611,0.4353868257327389
9,16001818,84,0.5646112505848662,0.5646126529070522,0.12922250116973233,1.1356868136015825,-0.27452463854209,1,1,2,1,0.5646112505848662,0.43538874941513384
9,16001818,85,0.5646126529070522,0.5646138876807769,0.1292253058141044,1.1356868136015825,-0.27452463854209,1,1,2,1,0.5646126529070522,0.4353873470929478
9,16001818,86,0.5646138876807769,0.5646149749251627,0.12922777536155383,1.1356868136015825,-0.27452463854209,1,1,2,1,0.5646138876807769,0.4353861123192231
9,16001818,87,0.5646149749251627,0.564615932267272,0.12922994985032532,1.1356868136015825,-0.27452463854209,1,1,2,1,0.5646149749251627,0.43538502507483734
9,16001818,88,0.564615932267272,0.5646167752279592,0.12923186453454405,1.1356868136015825,-0.27452463854209,1,1,2,1,0.564615932267272,0.435384067732728
9,16001818,89,0.5646167752279592,0.5646158786675123,0.12923355045591833,1.1356868136015825,-0.27452463854209,0,1,2,1,0.5646167752279592,0.43538322477204083
9,16001818,90,0.5646158786675123,0.5646165322331596,0.12923175733502457,1.1356868136015825,-0.27452463854209,1,1,2,1,0.5646158786675123,0.4353841213324877
9,16001818,91,0.5646165322331596,0.5646171077125499,0.1292330644663191,1.1356868136015825,-0.27452463854209,1,1,2,1,0.5646165322331596,0.43538346776684045
9,16001818,92,0.5646171077125499,0.564617614435338,0.12923421542509983,1.1356868136015825,-0.27452463854209,1,1,2,1,0.5646171077125499,0.4353828922874501
9,16001818,93,0.564617614435338,0.5646170754906404,0.12923522887067596,1.1356868136015825,-0.27452463854209,0,1,2,1,0.564617614435338,0.435382385564662
9,16001818,94,0.5646170754906404,0.5646174683641129,0.12923415098128088,1.1356868136015825,-0.27452463854209,1,1,2,1,0.5646170754906404,0.43538292450935956
9,16001818,95,0.5646174683641129,0.5646170505083115,0.12923493672822572,1.1356868136015825,-0.27452463854209,0,1,2,1,0.5646174683641129,0.43538253163588714
9,16001818,96,0.5646170505083115,0.5646173551119605,0.12923410101662292,1.1356868136015825,-0.27452463854209,1,1,2,1,0.5646170505083115,0.43538294949168854
9,16001818,97,0.5646173551119605,0.5646170311389707,0.12923471022392108,1.1356868136015825,-0.27452463854209,0,1,2,1,0.5646173551119605,0.43538264488803946
9,16001818,98,0.5646170311389707,0.5646172673050917,0.12923406227794132,1.1356868136015825,-0.27452463854209,1,1,2,1,0.5646170311389707,0.43538296886102934
9,16001818,99,0.5646172673050917,0.5646174752549854,0.1292345346101833,1.1356868136015825,-0.27452463854209,1,1,2,1,0.5646172673050917,0.43538273269490835
9,16001818,100,0.5646174752549854,0.5646172540816917,0.1292349505099708,1.1356868136015825,-0.27452463854209,0,1,2,1,0.5646174752549854,0.4353825247450146
9,16001818,101,0.5646172540816917,0.5646170593333082,0.12923450816338344,1.1356868136015825,-0.27452463854209,0,1,2,1,0.5646172540816917,0.4353827459183083
9,16001818,102,0.5646170593333082,0.5646168878526796,0.12923411866661638,1.1356868136015825,-0.27452463854209,0,1,2,1,0.5646170593333082,0.4353829406666918
9,16001818,103,0.5646168878526796,0.5646167368598594,0.1292337757053592,1.1356868136015825,-0.27452463854209,0,1,2,1,0.5646168878526796,0.4353831121473204
9,16001818,104,0.5646167368598594,0.5646168469290196,0.12923347371971872,1.1356868136015825,-0.27452463854209,1,1,2,1,0.5646167368598594,0.43538326314014064
9,16001818,105,0.5646168469290196,0.5646169438475734,0.12923369385803918,1.1356868136015825,-0.27452463854209,1,1,2,1,0.5646168469290196,0.4353831530709804
9,16001818,106,0.5646169438475734,0.5646170291867043,0.12923388769514688,1.1356868136015825,-0.27452463854209,1,1,2,1,0.5646169438475734,0.43538305615242656
9,16001818,107,0.5646170291867043,0.5646171043298754,0.12923405837340862,1.1356868136015825,-0.27452463854209,1,1,2,1,0.5646170291867043,0.4353829708132957
9,16001818,108,0.5646171043298754,0.5646171704952595,0.12923420865975088,1.1356868136015825,-0.27452463854209,1,1,2,1,0.5646171043298754,0.43538289567012456
9,16001818,109,0.5646171704952595,0.5646172287554858,0.129234340990519,1.1356868136015825,-0.27452463854209,1,1,2,1,0.5646171704952595,0.4353828295047405
9,16001818,110,0.5646172287554858,0.5646171667905461,0.12923445751097162,1.1356868136015825,-0.27452463854209,0,1,2,1,0.5646172287554858,0.4353827712445142
9,16001818,111,0.5646171667905461,0.5646172119610501,0.12923433358109215,1.1356868136015825,-0.27452463854209,1,1,2,1,0.5646171667905461,0.4353828332094539
9,16001818,112,0.5646172119610501,0.5646172517347775,0.12923442392210016,1.1356868136015825,-0.27452463854209,1,1,2,1,0.5646172119610501,0.4353827880389499
9,16001818,113,0.5646172517347775,0.5646172867565125,0.129234503469555,1.1356868136015825,-0.27452463854209,1,1,2,1,0.5646172517347775,0.4353827482652225
9,16001818,114,0.5646172867565125,0.564617249507769,0.12923457351302492,1.1356868136015825,-0.27452463854209,0,1,2,1,0.5646172867565125,0.43538271324348754
9,16001818,115,0.564617249507769,0.564617216709343,0.12923449901553807,1.1356868136015825,-0.27452463854209,0,1,2,1,0.564617249507769,0.43538275049223096
9,16001818,116,0.564617216709343,0.5646172406183684,0.1292344334186859,1.1356868136015825,-0.27452463854209,1,1,2,1,0.564617216709343,0.43538278329065705
9,16001818,117,0.5646172406183684,0.5646172151889868,0.12923448123673675,1.1356868136015825,-0.27452463854209,0,1,2,1,0.5646172406183684,0.4353827593816316
9,16001818,118,0.5646172151889868,0.5646172337262101,0.12923443037797355,1.1356868136015825,-0.27452463854209,1,1,2,1,0.5646172151889868,0.4353827848110132
9,16001818,119,0.5646172337262101,0.5646172500486875,0.12923446745242018,1.1356868136015825,-0.27452463854209,1,1,2,1,0.5646172337262101,0.4353827662737899
9,16001818,120,0.5646172500486875,0.564617264421027,0.12923450009737492,1.1356868136015825,-0.27452463854209,1,1,2,1,0.5646172500486875,0.43538274995131254
9,16001818,121,0.564617264421027,0.5646172491347602,0.129234528842054,1.1356868136015825,-0.27452463854209,0,1,2,1,0.564617264421027,0.435382735578973
9,16001818,122,0.5646172491347602,0.5646172602779694,0.12923449826952038,1.1356868136015825,-0.27452463854209,1,1,2,1,0.5646172491347602,0.4353827508652398
9,16001818,123,0.5646172602779694,0.5646172700898372,0.12923452055593887,1.1356868136015825,-0.27452463854209,1,1,2,1,0.5646172602779694,0.43538273972203057
9,16001818,124,0.5646172700898372,0.5646172596540391,0.1292345401796744,1.1356868136015825,-0.27452463854209,0,1,2,1,0.5646172700898372,0.4353827299101628
9,16001818,125,0.5646172596540391,0.564617250465064,0.12923451930807817,1.1356868136015825,-0.27452463854209,0,1,2,1,0.5646172596540391,0.4353827403459609
9,16001818,126,0.564617250465064,0.5646172571635388,0.1292345009301279,1.1356868136015825,-0.27452463854209,1,1,2,1,0.564617250465064,0.43538274953493605
9,16001818,127,0.5646172571635388,0.5646172500391126,0.12923451432707767,1.1356868136015825,-0.27452463854209,0,1,2,1,0.5646172571635388,0.43538274283646117
9,16001818,128,0.5646172500391126,0.564617255232596,0.12923450007822512,1.1356868136015825,-0.27452463854209,1,1,2,1,0.5646172500391126,0.43538274996088744
9,16001818,129,0.564617255232596,0.5646172497088624,0.12923451046519197,1.1356868136015825,-0.27452463854209,0,1,2,1,0.564617255232596,0.435382744767404
9,16001818,130,0.5646172497088624,0.56461724484508,0.1292344994177248,1.1356868136015825,-0.27452463854209,0,1,2,1,0.5646172497088624,0.4353827502911376
9,16001818,131,0.56461724484508,0.5646172405624008,0.12923448969016005,1.1356868136015825,-0.27452463854209,0,1,2,1,0.56461724484508,0.43538275515492
9,16001818,132,0.5646172405624008,0.5646172436843399,0.12923448112480163,1.1356868136015825,-0.27452463854209,1,1,2,1,0.5646172405624008,0.4353827594375992
9,16001818,133,0.5646172436843399,0.5646172464332835,0.1292344873686797,1.1356868136015825,-0.27452463854209,1,1,2,1,0.5646172436843399,0.43538275631566015
9,16001818,134,0.5646172464332835,0.5646172488537955,0.12923449286656696,1.1356868136015825,-0.27452463854209,1,1,2,1,0.5646172464332835,0.4353827535667165
9,16001818,135,0.5646172488537955,0.5646172509851154,0.129234497707591,1.1356868136015825,-0.27452463854209,1,1,2,1,0.5646172488537955,0.4353827511462045
9,16001818,136,0.5646172509851154,0.5646172528617948,0.1292345019702308,1.1356868136015825,-0.27452463854209,1,1,2,1,0.5646172509851154,0.4353827490148846
9,16001818,137,0.5646172528617948,0.5646172545142568,0.12923450572358952,1.1356868136015825,-0.27452463854209,1,1,2,1,0.5646172528617948,0.43538274713820524
9,16001818,138,0.5646172545142568,0.56461725596929,0.12923450902851363,1.1356868136015825,-0.27452463854209,1,1,2,1,0.5646172545142568,0.4353827454857432
9,16001818,139,0.56461725596929,0.5646172572504823,0.12923451193858004,1.1356868136015825,-0.27452463854209,1,1,2,1,0.56461725596929,0.43538274403071
9,16001818,140,0.5646172572504823,0.5646172583786034,0.12923451450096457,1.1356868136015825,-0.27452463854209,1,1,2,1,0.5646172572504823,0.4353827427495177
9,16001818,141,0.5646172583786034,0.5646172593719417,0.12923451675720687,1.1356868136015825,-0.27452463854209,1,1,2,1,0.5646172583786034,0.43538274162139656
9,16001818,142,0.5646172593719417,0.5646172602466003,0.12923451874388348,1.1356868136015825,-0.27452463854209,1,1,2,1,0.5646172593719417,0.43538274062805826
9,16001818,143,0.5646172602466003,0.5646172593163228,0.1292345204932006,1.1356868136015825,-0.27452463854209,0,1,2,1,0.5646172602466003,0.4353827397533997
9,16001818,144,0.5646172593163228,0.5646172584971906,0.12923451863264557,1.1356868136015825,-0.27452463854209,0,1,2,1,0.5646172593163228,0.4353827406836772
9,16001818,145,0.5646172584971906,0.5646172590943123,0.12923451699438115,1.1356868136015825,-0.27452463854209,1,1,2,1,0.5646172584971906,0.4353827415028094
9,16001818,146,0.5646172590943123,0.5646172584592201,0.12923451818862453,1.1356868136015825,-0.27452463854209,0,1,2,1,0.5646172590943123,0.43538274090568774
9,16001818,147,0.5646172584592201,0.5646172589221823,0.12923451691844012,1.1356868136015825,-0.27452463854209,1,1,2,1,0.5646172584592201,0.43538274154077994
9,16001818,148,0.5646172589221823,0.564617259329832,0.12923451784436457,1.1356868136015825,-0.27452463854209,1,1,2,1,0.5646172589221823,0.4353827410778177
9,16001818,149,0.564617259329832,0.5646172596887775,0.12923451865966396,1.1356868136015825,-0.27452463854209,1,1,2,1,0.564617259329832,0.435382740670168
9,16001818,150,0.5646172596887775,0.5646172593070069,0.12923451937755503,1.1356868136015825,-0.27452463854209,0,1,2,1,0.5646172596887775,0.4353827403112225
9,16001818,151,0.5646172593070069,0.5646172595853056,0.1292345186140138,1.1356868136015825,-0.27452463854209,1,1,2,1,0.5646172593070069,0.4353827406929931
9,16001818,152,0.5646172595853056,0.5646172598303546,0.12923451917061124,1.1356868136015825,-0.27452463854209,1,1,2,1,0.5646172595853056,0.4353827404146944
9,16001818,153,0.5646172598303546,0.564617260046126,0.1292345196607092,1.1356868136015825,-0.27452463854209,1,1,2,1,0.5646172598303546,0.4353827401696454
9,16001818,154,0.564617260046126,0.5646172602361182,0.129234520092252,1.1356868136015825,-0.27452463854209,1,1,2,1,0.564617260046126,0.435382739953874
9,16001818,155,0.5646172602361182,0.564617260403411,0.1292345204722365,1.1356868136015825,-0.27452463854209,1,1,2,1,0.5646172602361182,0.43538273976388175
9,16001818,156,0.564617260403411,0.5646172602254802,0.12923452080682196,1.1356868136015825,-0.27452463854209,0,1,2,1,0.564617260403411,0.435382739596589
9,16001818,157,0.5646172602254802,0.5646172600688079,0.1292345204509604,1.1356868136015825,-0.27452463854209,0,1,2,1,0.5646172602254802,0.4353827397745198
9,16001818,158,0.5646172600688079,0.564617259930854,0.12923452013761572,1.1356868136015825,-0.27452463854209,0,1,2,1,0.5646172600688079,0.43538273993119214
9,16001818,159,0.564617259930854,0.564617260031418,0.12923451986170797,1.1356868136015825,-0.27452463854209,1,1,2,1,0.564617259930854,0.435382740069146
9,16001818,160,0.564617260031418,0.564617260119967,0.12923452006283598,1.1356868136015825,-0.27452463854209,1,1,2,1,0.564617260031418,0.435382739968582
9,16001818,161,0.564617260119967,0.5646172600257873,0.1292345202399341,1.1356868136015825,-0.27452463854209,0,1,2,1,0.564617260119967,0.43538273988003295
9,16001818,162,0.5646172600257873,0.5646172599428596,0.12923452005157454,1.1356868136015825,-0.27452463854209,0,1,2,1,0.5646172600257873,0.43538273997421273
9,16001818,163,0.5646172599428596,0.5646172598698397,0.1292345198857192,1.1356868136015825,-0.27452463854209,0,1,2,1,0.5646172599428596,0.4353827400571404
9,16001818,164,0.5646172598698397,0.564617259923069,0.12923451973967937,1.1356868136015825,-0.27452463854209,1,1,2,1,0.5646172598698397,0.4353827401301603
9,16001818,165,0.564617259923069,0.564617259866455,0.12923451984613799,1.1356868136015825,-0.27452463854209,0,1,2,1,0.564617259923069,0.435382740076931
9,16001818,166,0.564617259866455,0.5646172599077248,0.1292345197329099,1.1356868136015825,-0.27452463854209,1,1,2,1,0.564617259866455,0.43538274013354505
9,16001818,167,0.5646172599077248,0.5646172599440639,0.12923451981544964,1.1356868136015825,-0.27452463854209,1,1,2,1,0.5646172599077248,0.4353827400922752
9,16001818,168,0.5646172599440639,0.564617259905414,0.12923451988812773,1.1356868136015825,-0.27452463854209,0,1,2,1,0.5646172599440639,0.43538274005593613
9,16001818,169,0.564617259905414,0.5646172599335886,0.129234519810828,1.1356868136015825,-0.27452463854209,1,1,2,1,0.564617259905414,0.435382740094586
9,16001818,170,0.5646172599335886,0.5646172599036224,0.12923451986717716,1.1356868136015825,-0.27452463854209,0,1,2,1,0.5646172599335886,0.4353827400664114
9,16001818,171,0.5646172599036224,0.5646172599254669,0.12923451980724487,1.1356868136015825,-0.27452463854209,1,1,2,1,0.5646172599036224,0.43538274009637756
9,16001818,172,0.5646172599254669,0.5646172599447014,0.1292345198509337,1.1356868136015825,-0.27452463854209,1,1,2,1,0.5646172599254669,0.43538274007453315
9,16001818,173,0.5646172599447014,0.5646172599616378,0.1292345198894027,1.1356868136015825,-0.27452463854209,1,1,2,1,0.5646172599447014,0.43538274005529864
9,16001818,174,0.5646172599616378,0.5646172599436244,0.12923451992327561,1.1356868136015825,-0.27452463854209,0,1,2,1,0.5646172599616378,0.4353827400383622
9,16001818,175,0.5646172599436244,0.5646172599567557,0.12923451988724888,1.1356868136015825,-0.27452463854209,1,1,2,1,0.5646172599436244,0.43538274005637556
9,16001818,176,0.5646172599567557,0.5646172599683179,0.12923451991351143,1.1356868136015825,-0.27452463854209,1,1,2,1,0.5646172599567557,0.4353827400432443
9,16001818,177,0.5646172599683179,0.564617259978499,0.12923451993663582,1.1356868136015825,-0.27452463854209,1,1,2,1,0.5646172599683179,0.4353827400316821
9,16001818,178,0.564617259978499,0.5646172599874635,0.12923451995699797,1.1356868136015825,-0.27452463854209,1,1,2,1,0.564617259978499,0.435382740021501
9,16001818,179,0.5646172599874635,0.5646172599953571,0.12923451997492696,1.1356868136015825,-0.27452463854209,1,1,2,1,0.5646172599874635,0.4353827400125365
9,16001818,180,0.5646172599953571,0.5646172600023075,0.12923451999071411,1.1356868136015825,-0.27452463854209,1,1,2,1,0.5646172599953571,0.43538274000464294
9,16001818,181,0.5646172600023075,0.5646172599949151,0.129234520004615,1.1356868136015825,-0.27452463854209,0,1,2,1,0.5646172600023075,0.4353827399976925
9,16001818,182,0.5646172599949151,0.5646172600003039,0.12923451998983015,1.1356868136015825,-0.27452463854209,1,1,2,1,0.5646172599949151,0.4353827400050849
9,16001818,183,0.5646172600003039,0.564617260005049,0.12923452000060776,1.1356868136015825,-0.27452463854209,1,1,2,1,0.5646172600003039,0.4353827399996961
9,16001818,184,0.564617260005049,0.5646172600092271,0.12923452001009794,1.1356868136015825,-0.27452463854209,1,1,2,1,0.564617260005049,0.43538273999495103
9,16001818,185,0.5646172600092271,0.5646172600047832,0.12923452001845415,1.1356868136015825,-0.27452463854209,0,1,2,1,0.5646172600092271,0.4353827399907729
9,16001818,186,0.5646172600047832,0.5646172600080226,0.12923452000956637,1.1356868136015825,-0.27452463854209,1,1,2,1,0.5646172600047832,0.4353827399952168
9,16001818,187,0.5646172600080226,0.5646172600108751,0.12923452001604518,1.1356868136015825,-0.27452463854209,1,1,2,1,0.5646172600080226,0.4353827399919774
9,16001818,188,0.5646172600108751,0.5646172600078412,0.12923452002175018,1.1356868136015825,-0.27452463854209,0,1,2,1,0.5646172600108751,0.4353827399891249
9,16001818,189,0.5646172600078412,0.5646172600100527,0.12923452001568236,1.1356868136015825,-0.27452463854209,1,1,2,1,0.5646172600078412,0.4353827399921588
9,16001818,190,0.5646172600100527,0.5646172600120001,0.1292345200201055,1.1356868136015825,-0.27452463854209,1,1,2,1,0.5646172600100527,0.43538273998994725
9,16001818,191,0.5646172600120001,0.5646172600137147,0.12923452002400015,1.1356868136015825,-0.27452463854209,1,1,2,1,0.5646172600120001,0.4353827399879999
9,16001818,192,0.5646172600137147,0.5646172600152245,0.1292345200274294,1.1356868136015825,-0.27452463854209,1,1,2,1,0.5646172600137147,0.4353827399862853
9,16001818,193,0.5646172600152245,0.5646172600136187,0.129234520030449,1.1356868136015825,-0.27452463854209,0,1,2,1,0.5646172600152245,0.4353827399847755
9,16001818,194,0.5646172600136187,0.5646172600147892,0.12923452002723734,1.1356868136015825,-0.27452463854209,1,1,2,1,0.5646172600136187,0.43538273998638133
9,16001818,195,0.5646172600147892,0.5646172600158199,0.12923452002957836,1.1356868136015825,-0.27452463854209,1,1,2,1,0.5646172600147892,0.4353827399852108
9,16001818,196,0.5646172600158199,0.5646172600167275,0.12923452003163982,1.1356868136015825,-0.27452463854209,1,1,2,1,0.5646172600158199,0.4353827399841801
9,16001818,197,0.5646172600167275,0.5646172600157622,0.12923452003345504,1.1356868136015825,-0.27452463854209,0,1,2,1,0.5646172600167275,0.4353827399832725
9,16001818,198,0.5646172600157622,0.5646172600149122,0.12923452003152436,1.1356868136015825,-0.27452463854209,0,1,2,1,0.5646172600157622,0.4353827399842378
9,16001818,199,0.5646172600149122,0.5646172600141638,0.12923452002982438,1.1356868136015825,-0.27452463854209,0,1,2,1,0.5646172600149122,0.4353827399850878
9,16001818,200,0.5646172600141638,0.5646172600147094,0.12923452002832758,1.1356868136015825,-0.27452463854209,1,1,2,1,0.5646172600141638,0.4353827399858362
9,16001818,201,0.5646172600147094,0.5646172600151897,0.1292345200294187,1.1356868136015825,-0.27452463854209,1,1,2,1,0.5646172600147094,0.43538273998529065
9,16001818,202,0.5646172600151897,0.5646172600156126,0.1292345200303795,1.1356868136015825,-0.27452463854209,1,1,2,1,0.5646172600151897,0.43538273998481025
9,16001818,203,0.5646172600156126,0.5646172600151628,0.12923452003122526,1.1356868136015825,-0.27452463854209,0,1,2,1,0.5646172600156126,0.43538273998438737
9,16001818,204,0.5646172600151628,0.5646172600147666,0.12923452003032554,1.1356868136015825,-0.27452463854209,0,1,2,1,0.5646172600151628,0.43538273998483723
9,16001818,205,0.5646172600147666,0.5646172600144179,0.12923452002953328,1.1356868136015825,-0.27452463854209,0,1,2,1,0.5646172600147666,0.43538273998523336
9,16001818,206,0.5646172600144179,0.5646172600146722,0.12923452002883584,1.1356868136015825,-0.27452463854209,1,1,2,1,0.5646172600144179,0.4353827399855821
9,16001818,207,0.5646172600146722,0.564617260014896,0.12923452002934432,1.1356868136015825,-0.27452463854209,1,1,2,1,0.5646172600146722,0.43538273998532784
9,16001818,208,0.564617260014896,0.5646172600150933,0.12923452002979197,1.1356868136015825,-0.27452463854209,1,1,2,1,0.564617260014896,0.435382739985104
9,16001818,209,0.5646172600150933,0.5646172600148834,0.12923452003018654,1.1356868136015825,-0.27452463854209,0,1,2,1,0.5646172600150933,0.43538273998490673
9,16001818,210,0.5646172600148834,0.5646172600150363,0.12923452002976688,1.1356868136015825,-0.27452463854209,1,1,2,1,0.5646172600148834,0.43538273998511656
9,16001818,211,0.5646172600150363,0.5646172600151709,0.12923452003007263,1.1356868136015825,-0.27452463854209,1,1,2,1,0.5646172600150363,0.4353827399849637
9,16001818,212,0.5646172600151709,0.5646172600152893,0.12923452003034175,1.1356868136015825,-0.27452463854209,1,1,2,1,0.5646172600151709,0.4353827399848291
9,16001818,213,0.5646172600152893,0.5646172600151634,0.12923452003057867,1.1356868136015825,-0.27452463854209,0,1,2,1,0.5646172600152893,0.43538273998471066
9,16001818,214,0.5646172600151634,0.5646172600150524,0.12923452003032687,1.1356868136015825,-0.27452463854209,0,1,2,1,0.5646172600151634,0.43538273998483656
9,16001818,215,0.5646172600150524,0.5646172600151333,0.12923452003010483,1.1356868136015825,-0.27452463854209,1,1,2,1,0.5646172600150524,0.4353827399849476
9,16001818,216,0.5646172600151333,0.5646172600152046,0.1292345200302667,1.1356868136015825,-0.27452463854209,1,1,2,1,0.5646172600151333,0.43538273998486665
9,16001818,217,0.5646172600152046,0.5646172600152672,0.12923452003040925,1.1356868136015825,-0.27452463854209,1,1,2,1,0.5646172600152046,0.4353827399847954
9,16001818,218,0.5646172600152672,0.5646172600153225,0.12923452003053448,1.1356868136015825,-0.27452463854209,1,1,2,1,0.5646172600152672,0.43538273998473276
9,16001818,219,0.5646172600153225,0.5646172600153712,0.12923452003064506,1.1356868136015825,-0.27452463854209,1,1,2,1,0.5646172600153225,0.43538273998467747
9,16001818,220,0.5646172600153712,0.5646172600153194,0.12923452003074232,1.1356868136015825,-0.27452463854209,0,1,2,1,0.5646172600153712,0.43538273998462884
9,16001818,221,0.5646172600153194,0.5646172600153572,0.12923452003063884,1.1356868136015825,-0.27452463854209,1,1,2,1,0.5646172600153194,0.4353827399846806
9,16001818,222,0.5646172600153572,0.564617260015317,0.12923452003071434,1.1356868136015825,-0.27452463854209,0,1,2,1,0.5646172600153572,0.43538273998464283
9,16001818,223,0.564617260015317,0.5646172600152817,0.12923452003063396,1.1356868136015825,-0.27452463854209,0,1,2,1,0.564617260015317,0.435382739984683
9,16001818,224,0.5646172600152817,0.5646172600153075,0.12923452003056335,1.1356868136015825,-0.27452463854209,1,1,2,1,0.5646172600152817,0.4353827399847183
9,16001818,225,0.5646172600153075,0.5646172600153301,0.12923452003061509,1.1356868136015825,-0.27452463854209,1,1,2,1,0.5646172600153075,0.43538273998469246
9,16001818,226,0.5646172600153301,0.564617260015306,0.12923452003066016,1.1356868136015825,-0.27452463854209,0,1,2,1,0.5646172600153301,0.4353827399846699
9,16001818,227,0.564617260015306,0.5646172600153236,0.12923452003061198,1.1356868136015825,-0.27452463854209,1,1,2,1,0.564617260015306,0.435382739984694
9,16001818,228,0.5646172600153236,0.5646172600153391,0.12923452003064728,1.1356868136015825,-0.27452463854209,1,1,2,1,0.5646172600153236,0.43538273998467636
9,16001818,229,0.5646172600153391,0.5646172600153528,0.12923452003067815,1.1356868136015825,-0.27452463854209,1,1,2,1,0.5646172600153391,0.4353827399846609
9,16001818,230,0.5646172600153528,0.5646172600153647,0.12923452003070568,1.1356868136015825,-0.27452463854209,1,1,2,1,0.5646172600153528,0.43538273998464716
9,16001818,231,0.5646172600153647,0.5646172600153754,0.12923452003072944,1.1356868136015825,-0.27452463854209,1,1,2,1,0.5646172600153647,0.4353827399846353
9,16001818,232,0.5646172600153754,0.5646172600153846,0.12923452003075075,1.1356868136015825,-0.27452463854209,1,1,2,1,0.5646172600153754,0.4353827399846246
9,16001818,233,0.5646172600153846,0.5646172600153748,0.12923452003076918,1.1356868136015825,-0.27452463854209,0,1,2,1,0.5646172600153846,0.4353827399846154
9,16001818,234,0.5646172600153748,0.5646172600153819,0.12923452003074964,1.1356868136015825,-0.27452463854209,1,1,2,1,0.5646172600153748,0.4353827399846252
9,16001818,235,0.5646172600153819,0.5646172600153743,0.12923452003076386,1.1356868136015825,-0.27452463854209,0,1,2,1,0.5646172600153819,0.4353827399846181
9,16001818,236,0.5646172600153743,0.5646172600153799,0.12923452003074853,1.1356868136015825,-0.27452463854209,1,1,2,1,0.5646172600153743,0.43538273998462573
9,16001818,237,0.5646172600153799,0.5646172600153739,0.12923452003075986,1.1356868136015825,-0.27452463854209,0,1,2,1,0.5646172600153799,0.43538273998462007
9,16001818,238,0.5646172600153739,0.5646172600153783,0.12923452003074787,1.1356868136015825,-0.27452463854209,1,1,2,1,0.5646172600153739,0.43538273998462607
9,16001818,239,0.5646172600153783,0.564617260015382,0.12923452003075653,1.1356868136015825,-0.27452463854209,1,1,2,1,0.5646172600153783,0.43538273998462174
9,16001818,240,0.564617260015382,0.5646172600153779,0.12923452003076408,1.1356868136015825,-0.27452463854209,0,1,2,1,0.564617260015382,0.43538273998461796
10,16001828,1,0.5,0.6666666666666666,0,0.91747181700435,-0.1848436856794825,1,1,2,3,0.5,0.5
10,16001828,2,0.6666666666666666,0.7447333263102606,0.33333333333333326,0.91747181700435,-0.1848436856794825,1,1,2,3,0.6666666666666666,0.33333333333333337
10,16001828,3,0.7447333263102606,0.7898818156485823,0.48946665262052114,0.91747181700435,-0.1848436856794825,1,1,2,3,0.7447333263102606,0.25526667368973943
10,16001828,4,0.7898818156485823,0.8192176162629583,0.5797636312971646,0.91747181700435,-0.1848436856794825,1,1,2,3,0.7898818156485823,0.21011818435141771
10,16001828,5,0.8192176162629583,0.67949042114806,0.6384352325259166,0.91747181700435,-0.1848436856794825,0,1,2,3,0.8192176162629583,0.1807823837370417
10,16001828,6,0.67949042114806,0.7217077940082952,0.35898084229612004,0.91747181700435,-0.1848436856794825,1,1,2,3,0.67949042114806,0.32050957885194
10,16001828,7,0.7217077940082952,0.6204193979471365,0.4434155880165904,0.91747181700435,-0.1848436856794825,0,1,2,3,0.7217077940082952,0.2782922059917048
10,16001828,8,0.6204193979471365,0.6651934832718222,0.24083879589427304,0.91747181700435,-0.1848436856794825,1,1,2,3,0.6204193979471365,0.3795806020528635
10,16001828,9,0.6651934832718222,0.701222894122997,0.3303869665436443,0.91747181700435,-0.1848436856794825,1,1,2,3,0.6651934832718222,0.33480651672817785
10,16001828,10,0.701222894122997,0.6195864502023748,0.402445788245994,0.91747181700435,-0.1848436856794825,0,1,2,3,0.701222894122997,0.298777105877003
10,16001828,11,0.6195864502023748,0.6578786500057474,0.2391729004047496,0.91747181700435,-0.1848436856794825,1,1,2,3,0.6195864502023748,0.3804135497976252
10,16001828,12,0.6578786500057474,0.690107747454514,0.3157573000114948,0.91747181700435,-0.1848436856794825,1,1,2,3,0.6578786500057474,0.3421213499942526
10,16001828,13,0.690107747454514,0.7175138653616968,0.38021549490902795,0.91747181700435,-0.1848436856794825,1,1,2,3,0.690107747454514,0.309892252545486
10,16001828,14,0.7175138653616968,0.7410230664724815,0.4350277307233936,0.91747181700435,-0.1848436856794825,1,1,2,3,0.7175138653616968,0.2824861346383032
10,16001828,15,0.7410230664724815,0.7613409340517053,0.482046132944963,0.91747181700435,-0.1848436856794825,1,1,2,3,0.7410230664724815,0.2589769335275185
10,16001828,16,0.7613409340517053,0.6886230484345447,0.5226818681034107,0.91747181700435,-0.1848436856794825,0,1,2,3,0.7613409340517053,0.23865906594829467
10,16001828,17,0.6886230484345447,0.7133904084585094,0.3772460968690894,0.91747181700435,-0.1848436856794825,1,1,2,3,0.6886230484345447,0.3113769515654553
10,16001828,18,0.7133904084585094,0.6485546528842013,0.42678081691701886,0.91747181700435,-0.1848436856794825,0,1,2,3,0.7133904084585094,0.28660959154149057
10,16001828,19,0.6485546528842013,0.591312848097838,0.29710930576840267,0.91747181700435,-0.1848436856794825,0,1,2,3,0.6485546528842013,0.35144534711579867
10,16001828,20,0.591312848097838,0.5405825137681763,0.18262569619567603,0.91747181700435,-0.1848436856794825,0,1,2,3,0.591312848097838,0.408687151902162
10,16001828,21,0.5405825137681763,0.5778995922894873,0.08116502753635269,0.91747181700435,-0.1848436856794825,1,1,2,3,0.5405825137681763,0.45941748623182366
10,16001828,22,0.5778995922894873,0.6111834253777987,0.15579918457897457,0.91747181700435,-0.1848436856794825,1,1,2,3,0.5778995922894873,0.4221004077105127
10,16001828,23,0.6111834253777987,0.5606015671068414,0.22236685075559737,0.91747181700435,-0.1848436856794825,0,1,2,3,0.6111834253777987,0.3888165746222013
10,16001828,24,0.5606015671068414,0.5947245048884479,0.12120313421368278,0.91747181700435,-0.1848436856794825,1,1,2,3,0.5606015671068414,0.4393984328931586
10,16001828,25,0.5947245048884479,0.6253799437930956,0.18944900977689572,0.91747181700435,-0.1848436856794825,1,1,2,3,0.5947245048884479,0.40527549511155214
10,16001828,26,0.6253799437930956,0.6529733988635237,0.25075988758619117,0.91747181700435,-0.1848436856794825,1,1,2,3,0.6253799437930956,0.3746200562069044
10,16001828,27,0.6529733988635237,0.6778538546286678,0.30594679772704736,0.91747181700435,-0.1848436856794825,1,1,2,3,0.6529733988635237,0.3470266011364763
10,16001828,28,0.6778538546286678,0.7003231845272143,0.3557077092573355,0.91747181700435,-0.1848436856794825,1,1,2,3,0.6778538546286678,0.32214614537133224
10,16001828,29,0.7003231845272143,0.7206437388500121,0.40064636905442863,0.91747181700435,-0.1848436856794825,1,1,2,3,0.7003231845272143,0.2996768154727857
10,16001828,30,0.7206437388500121,0.7390445047954588,0.4412874777000242,0.91747181700435,-0.1848436856794825,1,1,2,3,0.7206437388500121,0.2793562611499879
10,16001828,31,0.7390445047954588,0.755726143665742,0.4780890095909176,0.91747181700435,-0.1848436856794825,1,1,2,3,0.7390445047954588,0.2609554952045412
10,16001828,32,0.755726143665742,0.6959435923326016,0.511452287331484,0.91747181700435,-0.1848436856794825,0,1,2,3,0.755726143665742,0.24427385633425802
10,16001828,33,0.6959435923326016,0.6416378058272358,0.3918871846652032,0.91747181700435,-0.1848436856794825,0,1,2,3,0.6959435923326016,0.3040564076673984
10,16001828,34,0.6416378058272358,0.5922643826108768,0.2832756116544717,0.91747181700435,-0.1848436856794825,0,1,2,3,0.6416378058272358,0.35836219417276416
10,16001828,35,0.5922643826108768,0.621290401694486,0.18452876522175354,0.91747181700435,-0.1848436856794825,1,1,2,3,0.5922643826108768,0.40773561738912323
10,16001828,36,0.621290401694486,0.5740367279463513,0.24258080338897203,0.91747181700435,-0.1848436856794825,0,1,2,3,0.621290401694486,0.378709598305514
10,16001828,37,0.5740367279463513,0.5309823385361788,0.1480734558927026,0.91747181700435,-0.1848436856794825,0,1,2,3,0.5740367279463513,0.4259632720536487
10,16001828,38,0.5309823385361788,0.5649481655669573,0.06196467707235764,0.91747181700435,-0.1848436856794825,1,1,2,3,0.5309823385361788,0.4690176614638212
10,16001828,39,0.5649481655669573,0.5229158438973357,0.12989633113391452,0.91747181700435,-0.1848436856794825,0,1,2,3,0.5649481655669573,0.43505183443304274
10,16001828,40,0.5229158438973357,0.5573863976337143,0.045831687794671394,0.91747181700435,-0.1848436856794825,1,1,2,3,0.5229158438973357,0.4770841561026643
10,16001828,41,0.5573863976337143,0.51619779106598,0.11477279526742867,0.91747181700435,-0.1848436856794825,0,1,2,3,0.5573863976337143,0.44261360236628566
10,16001828,42,0.51619779106598,0.4785759722538764,0.03239558213195992,0.91747181700435,-0.1848436856794825,0,1,2,3,0.51619779106598,0.48380220893402004
10,16001828,43,0.4785759722538764,0.5165653264705121,0.04284805549224724,0.91747181700435,-0.1848436856794825,1,1,2,3,0.4785759722538764,0.5214240277461236
10,16001828,44,0.5165653264705121,0.5512898777173252,0.03313065294102424,0.91747181700435,-0.1848436856794825,1,1,2,3,0.5165653264705121,0.4834346735294879
10,16001828,45,0.5512898777173252,0.5109204902882388,0.10257975543465037,0.91747181700435,-0.1848436856794825,0,1,2,3,0.5512898777173252,0.4487101222826748
10,16001828,46,0.5109204902882388,0.5460102767177704,0.021840980576477653,0.91747181700435,-0.1848436856794825,1,1,2,3,0.5109204902882388,0.4890795097117612
10,16001828,47,0.5460102767177704,0.5781121249054038,0.09202055343554072,0.91747181700435,-0.1848436856794825,1,1,2,3,0.5460102767177704,0.45398972328222964
10,16001828,48,0.5781121249054038,0.6074875075268055,0.15622424981080751,0.91747181700435,-0.1848436856794825,1,1,2,3,0.5781121249054038,0.42188787509459624
10,16001828,49,0.6074875075268055,0.6343738893538137,0.21497501505361094,0.91747181700435,-0.1848436856794825,1,1,2,3,0.6074875075268055,0.39251249247319453
10,16001828,50,0.6343738893538137,0.5873218112235475,0.26874777870762734,0.91747181700435,-0.1848436856794825,0,1,2,3,0.6343738893538137,0.36562611064618633
10,16001828,51,0.5873218112235475,0.6158360607750111,0.17464362244709508,0.91747181700435,-0.1848436856794825,1,1,2,3,0.5873218112235475,0.41267818877645246
10,16001828,52,0.6158360607750111,0.5704159068166832,0.23167212155002215,0.91747181700435,-0.1848436856794825,0,1,2,3,0.6158360607750111,0.3841639392249889
10,16001828,53,0.5704159068166832,0.6002896226294331,0.1408318136333664,0.91747181700435,-0.1848436856794825,1,1,2,3,0.5704159068166832,0.4295840931833168
10,16001828,54,0.6002896226294331,0.6276553293315074,0.20057924525886617,0.91747181700435,-0.1848436856794825,1,1,2,3,0.6002896226294331,0.3997103773705669
10,16001828,55,0.6276553293315074,0.6527268274323113,0.2553106586630147,0.91747181700435,-0.1848436856794825,1,1,2,3,0.6276553293315074,0.37234467066849264
10,16001828,56,0.6527268274323113,0.6043707981818756,0.3054536548646225,0.91747181700435,-0.1848436856794825,0,1,2,3,0.6527268274323113,0.34727317256768875
10,16001828,57,0.6043707981818756,0.6313461409714605,0.20874159636375111,0.91747181700435,-0.1848436856794825,1,1,2,3,0.6043707981818756,0.39562920181812444
10,16001828,58,0.6313461409714605,0.5848180369139203,0.26269228194292094,0.91747181700435,-0.1848436856794825,0,1,2,3,0.6313461409714605,0.36865385902853953
10,16001828,59,0.5848180369139203,0.6133885103776805,0.16963607382784063,0.91747181700435,-0.1848436856794825,1,1,2,3,0.5848180369139203,0.4151819630860797
10,16001828,60,0.6133885103776805,0.6395769042081672,0.226777020755361,0.91747181700435,-0.1848436856794825,1,1,2,3,0.6133885103776805,0.3866114896223195
10,16001828,61,0.6395769042081672,0.6635836653651812,0.2791538084163343,0.91747181700435,-0.1848436856794825,1,1,2,3,0.6395769042081672,0.36042309579183285
10,16001828,62,0.6635836653651812,0.6855920815328606,0.3271673307303624,0.91747181700435,-0.1848436856794825,1,1,2,3,0.6635836653651812,0.3364163346348188
10,16001828,63,0.6855920815328606,0.7057697962641886,0.3711841630657211,0.91747181700435,-0.1848436856794825,1,1,2,3,0.6855920815328606,0.31440791846713945
10,16001828,64,0.7057697962641886,0.7242701830868515,0.41153959252837713,0.91747181700435,-0.1848436856794825,1,1,2,3,0.7057697962641886,0.29423020373581144
10,16001828,65,0.7242701830868515,0.7412335928168364,0.4485403661737031,0.91747181700435,-0.1848436856794825,1,1,2,3,0.7242701830868515,0.27572981691314846
10,16001828,66,0.7412335928168364,0.7567884867205048,0.48246718563367286,0.91747181700435,-0.1848436856794825,1,1,2,3,0.7412335928168364,0.25876640718316357
10,16001828,67,0.7567884867205048,0.7710524667648178,0.5135769734410096,0.91747181700435,-0.1848436856794825,1,1,2,3,0.7567884867205048,0.2432115132794952
10,16001828,68,0.7710524667648178,0.7841332129696795,0.5421049335296355,0.91747181700435,-0.1848436856794825,1,1,2,3,0.7710524667648178,0.22894753323518224
10,16001828,69,0.7841332129696795,0.7251332449820143,0.568266425939359,0.91747181700435,-0.1848436856794825,0,1,2,3,0.7841332129696795,0.21586678703032047
10,16001828,70,0.7251332449820143,0.7420063757549902,0.4502664899640285,0.91747181700435,-0.1848436856794825,1,1,2,3,0.7251332449820143,0.27486675501798574
10,16001828,71,0.7420063757549902,0.7574814706296944,0.48401275150998035,0.91747181700435,-0.1848436856794825,1,1,2,3,0.7420063757549902,0.2579936242450098
10,16001828,72,0.7574814706296944,0.7007151618241877,0.5149629412593888,0.91747181700435,-0.1848436856794825,0,1,2,3,0.7574814706296944,0.2425185293703056
10,16001828,73,0.7007151618241877,0.6486493208497407,0.4014303236483754,0.91747181700435,-0.1848436856794825,0,1,2,3,0.7007151618241877,0.2992848381758123
10,16001828,74,0.6486493208497407,0.6008935447958476,0.2972986416994814,0.91747181700435,-0.1848436856794825,0,1,2,3,0.6486493208497407,0.3513506791502593
10,16001828,75,0.6008935447958476,0.5570900440339187,0.2017870895916951,0.91747181700435,-0.1848436856794825,0,1,2,3,0.6008935447958476,0.39910645520415244
10,16001828,76,0.5570900440339187,0.5878344988529534,0.11418008806783742,0.91747181700435,-0.1848436856794825,1,1,2,3,0.5570900440339187,0.4429099559660813
10,16001828,77,0.5878344988529534,0.6160356677604141,0.17566899770590672,0.91747181700435,-0.1848436856794825,1,1,2,3,0.5878344988529534,0.41216550114704664
10,16001828,78,0.6160356677604141,0.5709946284236678,0.23207133552082815,0.91747181700435,-0.1848436856794825,0,1,2,3,0.6160356677604141,0.3839643322395859
10,16001828,79,0.5709946284236678,0.6005818349109724,0.14198925684733554,0.91747181700435,-0.1848436856794825,1,1,2,3,0.5709946284236678,0.42900537157633223
10,16001828,80,0.6005818349109724,0.55682468639235,0.20116366982194478,0.91747181700435,-0.1848436856794825,0,1,2,3,0.6005818349109724,0.3994181650890276
10,16001828,81,0.55682468639235,0.5875777907196509,0.11364937278470011,0.91747181700435,-0.1848436856794825,1,1,2,3,0.55682468639235,0.44317531360764995
10,16001828,82,0.5875777907196509,0.5449006818881464,0.17515558143930177,0.91747181700435,-0.1848436856794825,0,1,2,3,0.5875777907196509,0.4124222092803491
10,16001828,83,0.5449006818881464,0.5766346156253791,0.08980136377629289,0.91747181700435,-0.1848436856794825,1,1,2,3,0.5449006818881464,0.45509931811185356
10,16001828,84,0.5766346156253791,0.5348661527282244,0.1532692312507582,0.91747181700435,-0.1848436856794825,0,1,2,3,0.5766346156253791,0.4233653843746209
10,16001828,85,0.5348661527282244,0.4965488565520737,0.0697323054564487,0.91747181700435,-0.1848436856794825,0,1,2,3,0.5348661527282244,0.46513384727177565
10,16001828,86,0.4965488565520737,0.46139726060815067,0.006902286895852594,0.91747181700435,-0.1848436856794825,0,1,2,3,0.4965488565520737,0.5034511434479263
10,16001828,87,0.46139726060815067,0.5000196346415867,0.07720547878369866,0.91747181700435,-0.1848436856794825,1,1,2,3,0.46139726060815067,0.5386027393918493
10,16001828,88,0.5000196346415867,0.5354516529875836,3.9269283173437586e-5,0.91747181700435,-0.1848436856794825,1,1,2,3,0.5000196346415867,0.4999803653584133
10,16001828,89,0.5354516529875836,0.5679570724839428,0.07090330597516714,0.91747181700435,-0.1848436856794825,1,1,2,3,0.5354516529875836,0.46454834701241643
10,16001828,90,0.5679570724839428,0.5977778093282703,0.13591414496788556,0.91747181700435,-0.1848436856794825,1,1,2,3,0.5679570724839428,0.4320429275160572
10,16001828,91,0.5977778093282703,0.6251357531557409,0.1955556186565406,0.91747181700435,-0.1848436856794825,1,1,2,3,0.5977778093282703,0.4022221906717297
10,16001828,92,0.6251357531557409,0.6502344295637311,0.25027150631148176,0.91747181700435,-0.1848436856794825,1,1,2,3,0.6251357531557409,0.3748642468442591
10,16001828,93,0.6502344295637311,0.6732605238827788,0.30046885912746224,0.91747181700435,-0.1848436856794825,1,1,2,3,0.6502344295637311,0.3497655704362689
10,16001828,94,0.6732605238827788,0.6943852778906131,0.3465210477655576,0.91747181700435,-0.1848436856794825,1,1,2,3,0.6732605238827788,0.3267394761172212
10,16001828,95,0.6943852778906131,0.7137657701616775,0.3887705557812262,0.91747181700435,-0.1848436856794825,1,1,2,3,0.6943852778906131,0.3056147221093869
10,16001828,96,0.7137657701616775,0.6606942828683269,0.42753154032335505,0.91747181700435,-0.1848436856794825,0,1,2,3,0.7137657701616775,0.2862342298383225
10,16001828,97,0.6606942828683269,0.6828550574673421,0.32138856573665375,0.91747181700435,-0.1848436856794825,1,1,2,3,0.6606942828683269,0.3393057171316731
10,16001828,98,0.6828550574673421,0.6323368963079912,0.3657101149346842,0.91747181700435,-0.1848436856794825,0,1,2,3,0.6828550574673421,0.3171449425326579
10,16001828,99,0.6323368963079912,0.5859893883283767,0.26467379261598234,0.91747181700435,-0.1848436856794825,0,1,2,3,0.6323368963079912,0.36766310369200883
10,16001828,100,0.5859893883283767,0.614315364587975,0.17197877665675332,0.91747181700435,-0.1848436856794825,1,1,2,3,0.5859893883283767,0.41401061167162334
10,16001828,101,0.614315364587975,0.6403029504511503,0.22863072917594995,0.91747181700435,-0.1848436856794825,1,1,2,3,0.614315364587975,0.385684635412025
10,16001828,102,0.6403029504511503,0.5932997261312476,0.28060590090230053,0.91747181700435,-0.1848436856794825,0,1,2,3,0.6403029504511503,0.35969704954884973
10,16001828,103,0.5932997261312476,0.6210213149386418,0.1865994522624952,0.91747181700435,-0.1848436856794825,1,1,2,3,0.5932997261312476,0.4067002738687524
10,16001828,104,0.6210213149386418,0.6464545630661379,0.24204262987728353,0.91747181700435,-0.1848436856794825,1,1,2,3,0.6210213149386418,0.37897868506135823
10,16001828,105,0.6464545630661379,0.6697884067305896,0.2929091261322758,0.91747181700435,-0.1848436856794825,1,1,2,3,0.6464545630661379,0.3535454369338621
10,16001828,106,0.6697884067305896,0.6203533731738211,0.3395768134611792,0.91747181700435,-0.1848436856794825,0,1,2,3,0.6697884067305896,0.3302115932694104
10,16001828,107,0.6203533731738211,0.5749988507013846,0.24070674634764222,0.91747181700435,-0.1848436856794825,0,1,2,3,0.6203533731738211,0.3796466268261789
10,16001828,108,0.5749988507013846,0.6042297275107552,0.14999770140276913,0.91747181700435,-0.1848436856794825,1,1,2,3,0.5749988507013846,0.42500114929861543
10,16001828,109,0.6042297275107552,0.631047871033034,0.20845945502151042,0.91747181700435,-0.1848436856794825,1,1,2,3,0.6042297275107552,0.3957702724892448
10,16001828,110,0.631047871033034,0.6556524570748627,0.2620957420660679,0.91747181700435,-0.1848436856794825,1,1,2,3,0.631047871033034,0.36895212896696605
10,16001828,111,0.6556524570748627,0.6073857171528428,0.3113049141497255,0.91747181700435,-0.1848436856794825,0,1,2,3,0.6556524570748627,0.34434754292513725
10,16001828,112,0.6073857171528428,0.6339429495016016,0.21477143430568568,0.91747181700435,-0.1848436856794825,1,1,2,3,0.6073857171528428,0.39261428284715716
10,16001828,113,0.6339429495016016,0.6583082286015065,0.26788589900320314,0.91747181700435,-0.1848436856794825,1,1,2,3,0.6339429495016016,0.36605705049839843
10,16001828,114,0.6583082286015065,0.6806624892639199,0.316616457203013,0.91747181700435,-0.1848436856794825,1,1,2,3,0.6583082286015065,0.3416917713984935
10,16001828,115,0.6806624892639199,0.7011717282402926,0.36132497852783985,0.91747181700435,-0.1848436856794825,1,1,2,3,0.6806624892639199,0.3193375107360801
10,16001828,116,0.7011717282402926,0.6491492390723628,0.4023434564805852,0.91747181700435,-0.1848436856794825,0,1,2,3,0.7011717282402926,0.2988282717597074
10,16001828,117,0.6491492390723628,0.6014203949653507,0.29829847814472554,0.91747181700435,-0.1848436856794825,0,1,2,3,0.6491492390723628,0.35085076092763723
10,16001828,118,0.6014203949653507,0.628469356291665,0.20284078993070143,0.91747181700435,-0.1848436856794825,1,1,2,3,0.6014203949653507,0.3985796050346493
10,16001828,119,0.628469356291665,0.5824475094882005,0.25693871258333,0.91747181700435,-0.1848436856794825,0,1,2,3,0.628469356291665,0.371530643708335
10,16001828,120,0.5824475094882005,0.611062170574827,0.1648950189764009,0.91747181700435,-0.1848436856794825,1,1,2,3,0.5824475094882005,0.41755249051179955
10,16001828,121,0.611062170574827,0.5664771649359233,0.22212434114965407,0.91747181700435,-0.1848436856794825,0,1,2,3,0.611062170574827,0.38893782942517297
10,16001828,122,0.5664771649359233,0.5255718590631576,0.13295432987184652,0.91747181700435,-0.1848436856794825,0,1,2,3,0.5664771649359233,0.43352283506407674
10,16001828,123,0.5255718590631576,0.4880425454942697,0.05114371812631524,0.91747181700435,-0.1848436856794825,0,1,2,3,0.5255718590631576,0.4744281409368424
10,16001828,124,0.4880425454942697,0.453610585706444,0.02391490901146065,0.91747181700435,-0.1848436856794825,0,1,2,3,0.4880425454942697,0.5119574545057304
10,16001828,125,0.453610585706444,0.49285783766169405,0.09277882858711195,0.91747181700435,-0.1848436856794825,1,1,2,3,0.453610585706444,0.5463894142935559
10,16001828,126,0.49285783766169405,0.5288659727928786,0.014284324676611893,0.91747181700435,-0.1848436856794825,1,1,2,3,0.49285783766169405,0.5071421623383059
10,16001828,127,0.5288659727928786,0.5619023273183767,0.05773194558575723,0.91747181700435,-0.1848436856794825,1,1,2,3,0.5288659727928786,0.4711340272071214
10,16001828,128,0.5619023273183767,0.5922121718685561,0.1238046546367535,0.91747181700435,-0.1848436856794825,1,1,2,3,0.5619023273183767,0.43809767268162325
10,16001828,129,0.5922121718685561,0.620020532964245,0.18442434373711225,0.91747181700435,-0.1848436856794825,1,1,2,3,0.5922121718685561,0.4077878281314439
10,16001828,130,0.620020532964245,0.6455338641013798,0.24004106592848995,0.91747181700435,-0.1848436856794825,1,1,2,3,0.620020532964245,0.379979467035755
10,16001828,131,0.6455338641013798,0.6689415788647152,0.2910677282027596,0.91747181700435,-0.1848436856794825,1,1,2,3,0.6455338641013798,0.3544661358986202
10,16001828,132,0.6689415788647152,0.6904174574664819,0.33788315772943034,0.91747181700435,-0.1848436856794825,1,1,2,3,0.6689415788647152,0.33105842113528483
10,16001828,133,0.6904174574664819,0.7101209371639102,0.38083491493296373,0.91747181700435,-0.1848436856794825,1,1,2,3,0.6904174574664819,0.30958254253351813
10,16001828,134,0.7101209371639102,0.6573614906845451,0.42024187432782045,0.91747181700435,-0.1848436856794825,0,1,2,3,0.7101209371639102,0.2898790628360898
10,16001828,135,0.6573614906845451,0.6797930117902286,0.31472298136909016,0.91747181700435,-0.1848436856794825,1,1,2,3,0.6573614906845451,0.3426385093154549
10,16001828,136,0.6797930117902286,0.7003732730612822,0.3595860235804571,0.91747181700435,-0.1848436856794825,1,1,2,3,0.6797930117902286,0.32020698820977145
10,16001828,137,0.7003732730612822,0.7192550599054601,0.40074654612256433,0.91747181700435,-0.1848436856794825,1,1,2,3,0.7003732730612822,0.29962672693871784
10,16001828,138,0.7192550599054601,0.6657419146360938,0.43851011981092025,0.91747181700435,-0.1848436856794825,0,1,2,3,0.7192550599054601,0.2807449400945399
10,16001828,139,0.6657419146360938,0.687481760816827,0.33148382927218756,0.91747181700435,-0.1848436856794825,1,1,2,3,0.6657419146360938,0.3342580853639062
10,16001828,140,0.687481760816827,0.6365908712613269,0.374963521633654,0.91747181700435,-0.1848436856794825,0,1,2,3,0.687481760816827,0.312518239183173
10,16001828,141,0.6365908712613269,0.5898999544024626,0.2731817425226537,0.91747181700435,-0.1848436856794825,0,1,2,3,0.6365908712613269,0.36340912873867315
10,16001828,142,0.5898999544024626,0.6178988991237916,0.17979990880492513,0.91747181700435,-0.1848436856794825,1,1,2,3,0.5898999544024626,0.41010004559753743
10,16001828,143,0.6178988991237916,0.5727506363995433,0.23579779824758318,0.91747181700435,-0.1848436856794825,0,1,2,3,0.6178988991237916,0.3821011008762084
10,16001828,144,0.5727506363995433,0.602164869614539,0.14550127279908653,0.91747181700435,-0.1848436856794825,1,1,2,3,0.5727506363995433,0.42724936360045673
10,16001828,145,0.602164869614539,0.6291515832060933,0.20432973922907793,0.91747181700435,-0.1848436856794825,1,1,2,3,0.602164869614539,0.39783513038546103
10,16001828,146,0.6291515832060933,0.6539111185534691,0.25830316641218665,0.91747181700435,-0.1848436856794825,1,1,2,3,0.6291515832060933,0.3708484167939067
10,16001828,147,0.6539111185534691,0.676627282815182,0.3078222371069381,0.91747181700435,-0.1848436856794825,1,1,2,3,0.6539111185534691,0.34608888144653094
10,16001828,148,0.676627282815182,0.6974687135331947,0.35325456563036406,0.91747181700435,-0.1848436856794825,1,1,2,3,0.676627282815182,0.32337271718481797
10,16001828,149,0.6974687135331947,0.7165901306085197,0.39493742706638946,0.91747181700435,-0.1848436856794825,1,1,2,3,0.6974687135331947,0.30253128646680527
10,16001828,150,0.7165901306085197,0.7341334849448924,0.43318026121703945,0.91747181700435,-0.1848436856794825,1,1,2,3,0.7165901306085197,0.2834098693914803
10,16001828,151,0.7341334849448924,0.6793926609017454,0.4682669698897848,0.91747181700435,-0.1848436856794825,0,1,2,3,0.7341334849448924,0.2658665150551076
10,16001828,152,0.6793926609017454,0.629169514305739,0.3587853218034909,0.91747181700435,-0.1848436856794825,0,1,2,3,0.6793926609017454,0.32060733909825456
10,16001828,153,0.629169514305739,0.6539275365760958,0.25833902861147795,0.91747181700435,-0.1848436856794825,1,1,2,3,0.629169514305739,0.370830485694261
10,16001828,154,0.6539275365760958,0.6058059976099632,0.3078550731521916,0.91747181700435,-0.1848436856794825,0,1,2,3,0.6539275365760958,0.3460724634239042
10,16001828,155,0.6058059976099632,0.5616558531574556,0.21161199521992646,0.91747181700435,-0.1848436856794825,0,1,2,3,0.6058059976099632,0.39419400239003677
10,16001828,156,0.5616558531574556,0.5919856530433676,0.12331170631491117,0.91747181700435,-0.1848436856794825,1,1,2,3,0.5616558531574556,0.4383441468425444
10,16001828,157,0.5919856530433676,0.5489760873733325,0.18397130608673518,0.91747181700435,-0.1848436856794825,0,1,2,3,0.5919856530433676,0.4080143469566324
10,16001828,158,0.5489760873733325,0.580352320378168,0.09795217474666496,0.91747181700435,-0.1848436856794825,1,1,2,3,0.5489760873733325,0.4510239126266675
10,16001828,159,0.580352320378168,0.6091391246450004,0.16070464075633595,0.91747181700435,-0.1848436856794825,1,1,2,3,0.580352320378168,0.419647679621832
10,16001828,160,0.6091391246450004,0.6355502018516017,0.21827824929000084,0.91747181700435,-0.1848436856794825,1,1,2,3,0.6091391246450004,0.3908608753549996
10,16001828,161,0.6355502018516017,0.6597816171333842,0.27110040370320343,0.91747181700435,-0.1848436856794825,1,1,2,3,0.6355502018516017,0.3644497981483983
10,16001828,162,0.6597816171333842,0.682013254615956,0.31956323426676847,0.91747181700435,-0.1848436856794825,1,1,2,3,0.6597816171333842,0.34021838286661577
10,16001828,163,0.682013254615956,0.7024101528219338,0.36402650923191193,0.91747181700435,-0.1848436856794825,1,1,2,3,0.682013254615956,0.31798674538404403
10,16001828,164,0.7024101528219338,0.7211237298662937,0.4048203056438675,0.91747181700435,-0.1848436856794825,1,1,2,3,0.7024101528219338,0.29758984717806625
10,16001828,165,0.7211237298662937,0.6674566518373897,0.4422474597325874,0.91747181700435,-0.1848436856794825,0,1,2,3,0.7211237298662937,0.2788762701337063
10,16001828,166,0.6674566518373897,0.6890548774718125,0.33491330367477934,0.91747181700435,-0.1848436856794825,1,1,2,3,0.6674566518373897,0.33254334816261033
10,16001828,167,0.6890548774718125,0.6380343897513856,0.378109754943625,0.91747181700435,-0.1848436856794825,0,1,2,3,0.6890548774718125,0.3109451225281875
10,16001828,168,0.6380343897513856,0.6620607804876042,0.2760687795027712,0.91747181700435,-0.1848436856794825,1,1,2,3,0.6380343897513856,0.3619656102486144
10,16001828,169,0.6620607804876042,0.6841043151570976,0.3241215609752084,0.91747181700435,-0.1848436856794825,1,1,2,3,0.6620607804876042,0.3379392195123958
10,16001828,170,0.6841043151570976,0.6334923941490851,0.36820863031419515,0.91747181700435,-0.1848436856794825,0,1,2,3,0.6841043151570976,0.3158956848429024
10,16001828,171,0.6334923941490851,0.5870573860258721,0.2669847882981702,0.91747181700435,-0.1848436856794825,0,1,2,3,0.6334923941490851,0.3665076058509149
10,16001828,172,0.5870573860258721,0.5444545772808449,0.1741147720517442,0.91747181700435,-0.1848436856794825,0,1,2,3,0.5870573860258721,0.4129426139741279
10,16001828,173,0.5444545772808449,0.576203938395124,0.0889091545616898,0.91747181700435,-0.1848436856794825,1,1,2,3,0.5444545772808449,0.4555454227191551
10,16001828,174,0.576203938395124,0.6053330809690309,0.15240787679024792,0.91747181700435,-0.1848436856794825,1,1,2,3,0.576203938395124,0.42379606160487604
10,16001828,175,0.6053330809690309,0.6320582471082132,0.21066616193806187,0.91747181700435,-0.1848436856794825,1,1,2,3,0.6053330809690309,0.39466691903096907
10,16001828,176,0.6320582471082132,0.6565778328137828,0.26411649421642647,0.91747181700435,-0.1848436856794825,1,1,2,3,0.6320582471082132,0.36794175289178677
10,16001828,177,0.6565778328137828,0.6082376314458802,0.3131556656275656,0.91747181700435,-0.1848436856794825,0,1,2,3,0.6565778328137828,0.3434221671862172
10,16001828,178,0.6082376314458802,0.5638868606336239,0.21647526289176033,0.91747181700435,-0.1848436856794825,0,1,2,3,0.6082376314458802,0.39176236855411983
10,16001828,179,0.5638868606336239,0.5940325067199813,0.12777372126724784,0.91747181700435,-0.1848436856794825,1,1,2,3,0.5638868606336239,0.4361131393663761
10,16001828,180,0.5940325067199813,0.6216902865848788,0.18806501343996262,0.91747181700435,-0.1848436856794825,1,1,2,3,0.5940325067199813,0.4059674932800187
10,16001828,181,0.6216902865848788,0.576229294329019,0.24338057316975759,0.91747181700435,-0.1848436856794825,0,1,2,3,0.6216902865848788,0.3783097134151212
10,16001828,182,0.576229294329019,0.6053563404659833,0.15245858865803807,0.91747181700435,-0.1848436856794825,1,1,2,3,0.576229294329019,0.42377070567098096
10,16001828,183,0.6053563404659833,0.5612433603164978,0.2107126809319666,0.91747181700435,-0.1848436856794825,0,1,2,3,0.6053563404659833,0.3946436595340167
10,16001828,184,0.5612433603164978,0.5916071678816031,0.1224867206329956,0.91747181700435,-0.1848436856794825,1,1,2,3,0.5612433603164978,0.4387566396835022
10,16001828,185,0.5916071678816031,0.6194651050395187,0.18321433576320612,0.91747181700435,-0.1848436856794825,1,1,2,3,0.5916071678816031,0.40839283211839694
10,16001828,186,0.6194651050395187,0.645023976807227,0.23893021007903736,0.91747181700435,-0.1848436856794825,1,1,2,3,0.6194651050395187,0.3805348949604813
10,16001828,187,0.645023976807227,0.6684735209459017,0.290047953614454,0.91747181700435,-0.1848436856794825,1,1,2,3,0.645023976807227,0.354976023192773
10,16001828,188,0.6684735209459017,0.6899878164926584,0.33694704189180347,0.91747181700435,-0.1848436856794825,1,1,2,3,0.6684735209459017,0.33152647905409827
10,16001828,189,0.6899878164926584,0.6388903560729509,0.3799756329853168,0.91747181700435,-0.1848436856794825,0,1,2,3,0.6899878164926584,0.3100121835073416
10,16001828,190,0.6388903560729509,0.6628460963564743,0.2777807121459017,0.91747181700435,-0.1848436856794825,1,1,2,3,0.6388903560729509,0.36110964392704914
10,16001828,191,0.6628460963564743,0.6848248126679778,0.3256921927129486,0.91747181700435,-0.1848436856794825,1,1,2,3,0.6628460963564743,0.3371539036435257
10,16001828,192,0.6848248126679778,0.704989665243822,0.3696496253359556,0.91747181700435,-0.1848436856794825,1,1,2,3,0.6848248126679778,0.3151751873320222
10,16001828,193,0.704989665243822,0.6526541305290469,0.409979330487644,0.91747181700435,-0.1848436856794825,0,1,2,3,0.704989665243822,0.295010334756178
10,16001828,194,0.6526541305290469,0.6754739709935988,0.3053082610580937,0.91747181700435,-0.1848436856794825,1,1,2,3,0.6526541305290469,0.34734586947095314
10,16001828,195,0.6754739709935988,0.6964105313168516,0.3509479419871977,0.91747181700435,-0.1848436856794825,1,1,2,3,0.6754739709935988,0.32452602900640115
10,16001828,196,0.6964105313168516,0.7156192352140791,0.3928210626337032,0.91747181700435,-0.1848436856794825,1,1,2,3,0.6964105313168516,0.3035894686831484
10,16001828,197,0.7156192352140791,0.733242679559444,0.4312384704281582,0.91747181700435,-0.1848436856794825,1,1,2,3,0.7156192352140791,0.2843807647859209
10,16001828,198,0.733242679559444,0.6785754757786137,0.466485359118888,0.91747181700435,-0.1848436856794825,0,1,2,3,0.733242679559444,0.266757320440556
10,16001828,199,0.6785754757786137,0.6284198572863883,0.3571509515572273,0.91747181700435,-0.1848436856794825,0,1,2,3,0.6785754757786137,0.32142452422138634
10,16001828,200,0.6284198572863883,0.582403491100401,0.25683971457277655,0.91747181700435,-0.1848436856794825,0,1,2,3,0.6284198572863883,0.3715801427136117
10,16001828,201,0.582403491100401,0.61102098885121,0.16480698220080203,0.91747181700435,-0.1848436856794825,1,1,2,3,0.582403491100401,0.417596508899599
10,16001828,202,0.61102098885121,0.5664405199038697,0.22204197770242007,0.91747181700435,-0.1848436856794825,0,1,2,3,0.61102098885121,0.38897901114878997
10,16001828,203,0.5664405199038697,0.5963754125738661,0.13288103980773935,0.91747181700435,-0.1848436856794825,1,1,2,3,0.5664405199038697,0.4335594800961303
10,16001828,204,0.5963754125738661,0.6238398328400075,0.19275082514773212,0.91747181700435,-0.1848436856794825,1,1,2,3,0.5963754125738661,0.40362458742613394
10,16001828,205,0.6238398328400075,0.5782014482127438,0.2476796656800151,0.91747181700435,-0.1848436856794825,0,1,2,3,0.6238398328400075,0.37616016715999245
10,16001828,206,0.5782014482127438,0.5363295166766164,0.15640289642548755,0.91747181700435,-0.1848436856794825,0,1,2,3,0.5782014482127438,0.4217985517872562
10,16001828,207,0.5363295166766164,0.49791319968063047,0.07265903335323287,0.91747181700435,-0.1848436856794825,0,1,2,3,0.5363295166766164,0.46367048332338356
10,16001828,208,0.49791319968063047,0.5335035274254845,0.004173600638739061,0.91747181700435,-0.1848436856794825,1,1,2,3,0.49791319968063047,0.5020868003193695
10,16001828,209,0.5335035274254845,0.5661566500092411,0.06700705485096892,0.91747181700435,-0.1848436856794825,1,1,2,3,0.5335035274254845,0.46649647257451554
10,16001828,210,0.5661566500092411,0.5252787540014755,0.13231330001848218,0.91747181700435,-0.1848436856794825,0,1,2,3,0.5661566500092411,0.4338433499907589
10,16001828,211,0.5252787540014755,0.5586106521315013,0.050557508002951,0.91747181700435,-0.1848436856794825,1,1,2,3,0.5252787540014755,0.4747212459985245
10,16001828,212,0.5586106521315013,0.589191729215129,0.11722130426300259,0.91747181700435,-0.1848436856794825,1,1,2,3,0.5586106521315013,0.4413893478684987
10,16001828,213,0.589191729215129,0.6172490055242312,0.17838345843025794,0.91747181700435,-0.1848436856794825,1,1,2,3,0.589191729215129,0.41080827078487103
10,16001828,214,0.6172490055242312,0.6429907657586894,0.23449801104846246,0.91747181700435,-0.1848436856794825,1,1,2,3,0.6172490055242312,0.38275099447576877
10,16001828,215,0.6429907657586894,0.6666081052593363,0.2859815315173788,0.91747181700435,-0.1848436856794825,1,1,2,3,0.6429907657586894,0.3570092342413106
10,16001828,216,0.6666081052593363,0.6882763486147198,0.3332162105186727,0.91747181700435,-0.1848436856794825,1,1,2,3,0.6666081052593363,0.33339189474066366
10,16001828,217,0.6882763486147198,0.7081563511927942,0.3765526972294395,0.91747181700435,-0.1848436856794825,1,1,2,3,0.6882763486147198,0.31172365138528024
10,16001828,218,0.7081563511927942,0.655559478033667,0.4163127023855884,0.91747181700435,-0.1848436856794825,0,1,2,3,0.7081563511927942,0.2918436488072058
10,16001828,219,0.655559478033667,0.6073033292976371,0.311118956067334,0.91747181700435,-0.1848436856794825,0,1,2,3,0.655559478033667,0.344440521966333
10,16001828,220,0.6073033292976371,0.6338658880357745,0.21460665859527417,0.91747181700435,-0.1848436856794825,1,1,2,3,0.6073033292976371,0.3926966707023629
10,16001828,221,0.6338658880357745,0.6582362870442736,0.26773177607154897,0.91747181700435,-0.1848436856794825,1,1,2,3,0.6338658880357745,0.3661341119642255
10,16001828,222,0.6582362870442736,0.6805954412858227,0.31647257408854723,0.91747181700435,-0.1848436856794825,1,1,2,3,0.6582362870442736,0.3417637129557264
10,16001828,223,0.6805954412858227,0.6302731200625235,0.36119088257164544,0.91747181700435,-0.1848436856794825,0,1,2,3,0.6805954412858227,0.3194045587141773
10,16001828,224,0.6302731200625235,0.6549400236590854,0.2605462401250469,0.91747181700435,-0.1848436856794825,1,1,2,3,0.6302731200625235,0.36972687993747655
10,16001828,225,0.6549400236590854,0.6775712125077027,0.30988004731817087,0.91747181700435,-0.1848436856794825,1,1,2,3,0.6549400236590854,0.34505997634091456
10,16001828,226,0.6775712125077027,0.6983346904498345,0.3551424250154054,0.91747181700435,-0.1848436856794825,1,1,2,3,0.6775712125077027,0.3224287874922973
10,16001828,227,0.6983346904498345,0.6465483812785697,0.3966693808996691,0.91747181700435,-0.1848436856794825,0,1,2,3,0.6983346904498345,0.30166530955016546
10,16001828,228,0.6465483812785697,0.6698721171100113,0.29309676255713946,0.91747181700435,-0.1848436856794825,1,1,2,3,0.6465483812785697,0.35345161872143027
10,16001828,229,0.6698721171100113,0.6912709873932394,0.33974423422002253,0.91747181700435,-0.1848436856794825,1,1,2,3,0.6698721171100113,0.33012788288998873
10,16001828,230,0.6912709873932394,0.6400676328343469,0.3825419747864789,0.91747181700435,-0.1848436856794825,0,1,2,3,0.6912709873932394,0.30872901260676056
10,16001828,231,0.6400676328343469,0.6639262130469019,0.28013526566869373,0.91747181700435,-0.1848436856794825,1,1,2,3,0.6400676328343469,0.35993236716565313
10,16001828,232,0.6639262130469019,0.6858157879782534,0.32785242609380383,0.91747181700435,-0.1848436856794825,1,1,2,3,0.6639262130469019,0.3360737869530981
10,16001828,233,0.6858157879782534,0.7058988560577397,0.37163157595650675,0.91747181700435,-0.1848436856794825,1,1,2,3,0.6858157879782534,0.3141842120217466
10,16001828,234,0.7058988560577397,0.724324505014401,0.41179771211547944,0.91747181700435,-0.1848436856794825,1,1,2,3,0.7058988560577397,0.2941011439422603
10,16001828,235,0.724324505014401,0.7412295186377367,0.4486490100288021,0.91747181700435,-0.1848436856794825,1,1,2,3,0.724324505014401,0.27567549498559896
10,16001828,236,0.7412295186377367,0.6859031773090248,0.48245903727547335,0.91747181700435,-0.1848436856794825,0,1,2,3,0.7412295186377367,0.2587704813622633
10,16001828,237,0.6859031773090248,0.7059790332961571,0.3718063546180497,0.91747181700435,-0.1848436856794825,1,1,2,3,0.6859031773090248,0.31409682269097516
10,16001828,238,0.7059790332961571,0.6535618504866866,0.41195806659231415,0.91747181700435,-0.1848436856794825,0,1,2,3,0.7059790332961571,0.2940209667038429
10,16001828,239,0.6535618504866866,0.6054705625411353,0.30712370097337316,0.91747181700435,-0.1848436856794825,0,1,2,3,0.6535618504866866,0.3464381495133134
10,16001828,240,0.6054705625411353,0.5613481612151451,0.2109411250822706,0.91747181700435,-0.1848436856794825,0,1,2,3,0.6054705625411353,0.3945294374588647
11,16001832,1,0.5,0.3333333333333333,0,0.8487278468390498,-0.2419202247109085,0,2,1,3,0.5,0.5
11,16001832,2,0.3333333333333333,0.2598261139252279,0.33333333333333337,0.8487278468390498,-0.2419202247109085,0,2,1,3,0.6666666666666667,0.3333333333333333
11,16001832,3,0.2598261139252279,0.21886307263901236,0.48034777214954416,0.8487278468390498,-0.2419202247109085,0,2,1,3,0.7401738860747721,0.2598261139252279
11,16001832,4,0.21886307263901236,0.3860677016939664,0.5622738547219752,0.8487278468390498,-0.2419202247109085,1,2,1,3,0.7811369273609876,0.21886307263901236
11,16001832,5,0.3860677016939664,0.3243765320470171,0.22786459661206715,0.8487278468390498,-0.2419202247109085,0,2,1,3,0.6139322983060336,0.3860677016939664
11,16001832,6,0.3243765320470171,0.2801982014727956,0.3512469359059658,0.8487278468390498,-0.2419202247109085,0,2,1,3,0.6756234679529829,0.3243765320470171
11,16001832,7,0.2801982014727956,0.24738964748131625,0.43960359705440877,0.8487278468390498,-0.2419202247109085,0,2,1,3,0.7198017985272044,0.2801982014727956
11,16001832,8,0.24738964748131625,0.3687582423713221,0.5052207050373675,0.8487278468390498,-0.2419202247109085,1,2,1,3,0.7526103525186838,0.24738964748131625
11,16001832,9,0.3687582423713221,0.3224127596789205,0.2624835152573558,0.8487278468390498,-0.2419202247109085,0,2,1,3,0.631241757628678,0.3687582423713221
11,16001832,10,0.3224127596789205,0.28574972220295247,0.35517448064215895,0.8487278468390498,-0.2419202247109085,0,2,1,3,0.6775872403210794,0.3224127596789205
11,16001832,11,0.28574972220295247,0.3893159305424151,0.42850055559409506,0.8487278468390498,-0.2419202247109085,1,2,1,3,0.7142502777970475,0.28574972220295247
11,16001832,12,0.3893159305424151,0.3430264955686612,0.22136813891516982,0.8487278468390498,-0.2419202247109085,0,2,1,3,0.6106840694575849,0.3893159305424151
11,16001832,13,0.3430264955686612,0.43303376876801736,0.31394700886267757,0.8487278468390498,-0.2419202247109085,1,2,1,3,0.6569735044313387,0.3430264955686612
11,16001832,14,0.43303376876801736,0.3810820533205436,0.13393246246396528,0.8487278468390498,-0.2419202247109085,0,2,1,3,0.5669662312319826,0.43303376876801736
11,16001832,15,0.3810820533205436,0.3381904898043913,0.23783589335891275,0.8487278468390498,-0.2419202247109085,0,2,1,3,0.6189179466794563,0.3810820533205436
11,16001832,16,0.3381904898043913,0.30262015323488733,0.32361902039121737,0.8487278468390498,-0.2419202247109085,0,2,1,3,0.6618095101956087,0.3381904898043913
11,16001832,17,0.30262015323488733,0.27301169981229284,0.39475969353022533,0.8487278468390498,-0.2419202247109085,0,2,1,3,0.6973798467651127,0.30262015323488733
11,16001832,18,0.27301169981229284,0.3692759222923256,0.4539766003754143,0.8487278468390498,-0.2419202247109085,1,2,1,3,0.7269883001877071,0.27301169981229284
11,16001832,19,0.3692759222923256,0.44986074555932426,0.2614481554153488,0.8487278468390498,-0.2419202247109085,1,2,1,3,0.6307240777076744,0.3692759222923256
11,16001832,20,0.44986074555932426,0.5174657060930075,0.10027850888135148,0.8487278468390498,-0.2419202247109085,1,2,1,3,0.5501392544406758,0.44986074555932426
11,16001832,21,0.5174657060930075,0.4552302859400198,0.03493141218601492,0.8487278468390498,-0.2419202247109085,0,2,1,3,0.48253429390699254,0.5174657060930075
11,16001832,22,0.4552302859400198,0.5214481363340999,0.08953942811996041,0.8487278468390498,-0.2419202247109085,1,2,1,3,0.5447697140599802,0.4552302859400198
11,16001832,23,0.5214481363340999,0.5772569158783906,0.04289627266819984,0.8487278468390498,-0.2419202247109085,1,2,1,3,0.4785518636659001,0.5214481363340999
11,16001832,24,0.5772569158783906,0.5064409856436,0.15451383175678113,0.8487278468390498,-0.2419202247109085,0,2,1,3,0.42274308412160944,0.5772569158783906
11,16001832,25,0.5064409856436,0.44663812193893104,0.012881971287199923,0.8487278468390498,-0.2419202247109085,0,2,1,3,0.49355901435640004,0.5064409856436
11,16001832,26,0.44663812193893104,0.5134999519170433,0.10672375612213791,0.8487278468390498,-0.2419202247109085,1,2,1,3,0.553361878061069,0.44663812193893104
11,16001832,27,0.5134999519170433,0.4528340593150125,0.02699990383408668,0.8487278468390498,-0.2419202247109085,0,2,1,3,0.48650004808295666,0.5134999519170433
11,16001832,28,0.4528340593150125,0.40150187397957054,0.09433188136997495,0.8487278468390498,-0.2419202247109085,0,2,1,3,0.5471659406849875,0.4528340593150125
11,16001832,29,0.40150187397957054,0.4749545772956079,0.1969962520408589,0.8487278468390498,-0.2419202247109085,1,2,1,3,0.5984981260204294,0.40150187397957054
11,16001832,30,0.4749545772956079,0.42036957573154354,0.05009084540878417,0.8487278468390498,-0.2419202247109085,0,2,1,3,0.5250454227043921,0.4749545772956079
11,16001832,31,0.42036957573154354,0.3741276733101118,0.1592608485369129,0.8487278468390498,-0.2419202247109085,0,2,1,3,0.5796304242684565,0.42036957573154354
11,16001832,32,0.3741276733101118,0.33494260686889554,0.25174465337977636,0.8487278468390498,-0.2419202247109085,0,2,1,3,0.6258723266898882,0.3741276733101118
11,16001832,33,0.33494260686889554,0.3017295147702924,0.3301147862622089,0.8487278468390498,-0.2419202247109085,0,2,1,3,0.6650573931311045,0.33494260686889554
11,16001832,34,0.3017295147702924,0.2735725372316981,0.39654097045941517,0.8487278468390498,-0.2419202247109085,0,2,1,3,0.6982704852297076,0.3017295147702924
11,16001832,35,0.2735725372316981,0.2496978680026937,0.4528549255366038,0.8487278468390498,-0.2419202247109085,0,2,1,3,0.7264274627683018,0.2735725372316981
11,16001832,36,0.2496978680026937,0.22945127514957303,0.5006042639946127,0.8487278468390498,-0.2419202247109085,0,2,1,3,0.7503021319973063,0.2496978680026937
11,16001832,37,0.22945127514957303,0.32862191954457076,0.5410974497008539,0.8487278468390498,-0.2419202247109085,1,2,1,3,0.770548724850427,0.22945127514957303
11,16001832,38,0.32862191954457076,0.41274145435234255,0.3427561609108585,0.8487278468390498,-0.2419202247109085,1,2,1,3,0.6713780804554292,0.32862191954457076
11,16001832,39,0.41274145435234255,0.3678157927610057,0.1745170912953149,0.8487278468390498,-0.2419202247109085,0,2,1,3,0.5872585456476574,0.41274145435234255
11,16001832,40,0.3678157927610057,0.44596442361420313,0.26436841447798864,0.8487278468390498,-0.2419202247109085,1,2,1,3,0.6321842072389943,0.3678157927610057
11,16001832,41,0.44596442361420313,0.512267579908668,0.10807115277159374,0.8487278468390498,-0.2419202247109085,1,2,1,3,0.5540355763857969,0.44596442361420313
11,16001832,42,0.512267579908668,0.4522969606984553,0.024535159817336005,0.8487278468390498,-0.2419202247109085,0,2,1,3,0.487732420091332,0.512267579908668
11,16001832,43,0.4522969606984553,0.40141135850361476,0.09540607860308936,0.8487278468390498,-0.2419202247109085,0,2,1,3,0.5477030393015447,0.4522969606984553
11,16001832,44,0.40141135850361476,0.3582327872487964,0.1971772829927705,0.8487278468390498,-0.2419202247109085,0,2,1,3,0.5985886414963852,0.40141135850361476
11,16001832,45,0.3582327872487964,0.32159274112936054,0.28353442550240715,0.8487278468390498,-0.2419202247109085,0,2,1,3,0.6417672127512035,0.3582327872487964
11,16001832,46,0.32159274112936054,0.40668328966350104,0.3568145177412789,0.8487278468390498,-0.2419202247109085,1,2,1,3,0.6784072588706395,0.32159274112936054
11,16001832,47,0.40668328966350104,0.4788923423201214,0.18663342067299793,0.8487278468390498,-0.2419202247109085,1,2,1,3,0.5933167103364989,0.40668328966350104
11,16001832,48,0.4788923423201214,0.5401712150435879,0.0422153153597572,0.8487278468390498,-0.2419202247109085,1,2,1,3,0.5211076576798785,0.4788923423201214
11,16001832,49,0.5401712150435879,0.4760105528006541,0.08034243008717579,0.8487278468390498,-0.2419202247109085,0,2,1,3,0.4598287849564121,0.5401712150435879
11,16001832,50,0.4760105528006541,0.4215600671474045,0.04797889439869185,0.8487278468390498,-0.2419202247109085,0,2,1,3,0.5239894471993459,0.4760105528006541
11,16001832,51,0.4215600671474045,0.3753496324908799,0.15687986570519097,0.8487278468390498,-0.2419202247109085,0,2,1,3,0.5784399328525955,0.4215600671474045
11,16001832,52,0.3753496324908799,0.4522853871833548,0.24930073501824024,0.8487278468390498,-0.2419202247109085,1,2,1,3,0.6246503675091202,0.3753496324908799
11,16001832,53,0.4522853871833548,0.4014287795980006,0.09542922563329037,0.8487278468390498,-0.2419202247109085,0,2,1,3,0.5477146128166452,0.4522853871833548
11,16001832,54,0.4014287795980006,0.35826719269979423,0.1971424408039988,0.8487278468390498,-0.2419202247109085,0,2,1,3,0.5985712204019994,0.4014287795980006
11,16001832,55,0.35826719269979423,0.32163607168047975,0.28346561460041153,0.8487278468390498,-0.2419202247109085,0,2,1,3,0.6417328073002058,0.35826719269979423
11,16001832,56,0.32163607168047975,0.29054716979055634,0.3567278566390405,0.8487278468390498,-0.2419202247109085,0,2,1,3,0.6783639283195202,0.32163607168047975
11,16001832,57,0.29054716979055634,0.38030549865007496,0.4189056604188873,0.8487278468390498,-0.2419202247109085,1,2,1,3,0.7094528302094436,0.29054716979055634
11,16001832,58,0.38030549865007496,0.3403417274521089,0.23938900269985008,0.8487278468390498,-0.2419202247109085,0,2,1,3,0.6196945013499251,0.38030549865007496
11,16001832,59,0.3403417274521089,0.42256548590436177,0.3193165450957822,0.8487278468390498,-0.2419202247109085,1,2,1,3,0.6596582725478911,0.3403417274521089
11,16001832,60,0.42256548590436177,0.37620932822004155,0.15486902819127646,0.8487278468390498,-0.2419202247109085,0,2,1,3,0.5774345140956383,0.42256548590436177
11,16001832,61,0.37620932822004155,0.3368660960685716,0.2475813435599169,0.8487278468390498,-0.2419202247109085,0,2,1,3,0.6237906717799584,0.37620932822004155
11,16001832,62,0.3368660960685716,0.3034747809477136,0.3262678078628568,0.8487278468390498,-0.2419202247109085,0,2,1,3,0.6631339039314283,0.3368660960685716
11,16001832,63,0.3034747809477136,0.39127371651769055,0.39305043810457285,0.8487278468390498,-0.2419202247109085,1,2,1,3,0.6965252190522864,0.3034747809477136
11,16001832,64,0.39127371651769055,0.34965214386401117,0.2174525669646189,0.8487278468390498,-0.2419202247109085,0,2,1,3,0.6087262834823095,0.39127371651769055
11,16001832,65,0.34965214386401117,0.4304649912059121,0.30069571227197767,0.8487278468390498,-0.2419202247109085,1,2,1,3,0.6503478561359888,0.34965214386401117
11,16001832,66,0.4304649912059121,0.4990526984257506,0.13907001758817583,0.8487278468390498,-0.2419202247109085,1,2,1,3,0.5695350087940879,0.4304649912059121
11,16001832,67,0.4990526984257506,0.4411272987308238,0.0018946031484987635,0.8487278468390498,-0.2419202247109085,0,2,1,3,0.5009473015742494,0.4990526984257506
11,16001832,68,0.4411272987308238,0.3919646089609074,0.11774540253835242,0.8487278468390498,-0.2419202247109085,0,2,1,3,0.5588727012691762,0.4411272987308238
11,16001832,69,0.3919646089609074,0.46637599917454475,0.2160707820781852,0.8487278468390498,-0.2419202247109085,1,2,1,3,0.6080353910390925,0.3919646089609074
11,16001832,70,0.46637599917454475,0.41339400511800733,0.0672480016509105,0.8487278468390498,-0.2419202247109085,0,2,1,3,0.5336240008254552,0.46637599917454475
11,16001832,71,0.41339400511800733,0.36842682880663186,0.17321198976398533,0.8487278468390498,-0.2419202247109085,0,2,1,3,0.5866059948819926,0.41339400511800733
11,16001832,72,0.36842682880663186,0.33026201866327926,0.2631463423867363,0.8487278468390498,-0.2419202247109085,0,2,1,3,0.6315731711933681,0.36842682880663186
11,16001832,73,0.33026201866327926,0.29787054245557343,0.3394759626734415,0.8487278468390498,-0.2419202247109085,0,2,1,3,0.6697379813367208,0.33026201866327926
11,16001832,74,0.29787054245557343,0.27037903848821104,0.40425891508885314,0.8487278468390498,-0.2419202247109085,0,2,1,3,0.7021294575444266,0.29787054245557343
11,16001832,75,0.27037903848821104,0.2470462651354773,0.4592419230235779,0.8487278468390498,-0.2419202247109085,0,2,1,3,0.729620961511789,0.27037903848821104
11,16001832,76,0.2470462651354773,0.3433793557905663,0.5059074697290453,0.8487278468390498,-0.2419202247109085,1,2,1,3,0.7529537348645227,0.2470462651354773
11,16001832,77,0.3433793557905663,0.3090036622693607,0.31324128841886745,0.8487278468390498,-0.2419202247109085,0,2,1,3,0.6566206442094338,0.3433793557905663
11,16001832,78,0.3090036622693607,0.39596422425433414,0.3819926754612786,0.8487278468390498,-0.2419202247109085,1,2,1,3,0.6909963377306393,0.3090036622693607
11,16001832,79,0.39596422425433414,0.46977002289558567,0.20807155149133172,0.8487278468390498,-0.2419202247109085,1,2,1,3,0.6040357757456658,0.39596422425433414
11,16001832,80,0.46977002289558567,0.4162749452212531,0.06045995420882866,0.8487278468390498,-0.2419202247109085,0,2,1,3,0.5302299771044143,0.46977002289558567
11,16001832,81,0.4162749452212531,0.3708722061250475,0.16745010955749384,0.8487278468390498,-0.2419202247109085,0,2,1,3,0.5837250547787469,0.4162749452212531
11,16001832,82,0.3708722061250475,0.3323376536953819,0.258255587749905,0.8487278468390498,-0.2419202247109085,0,2,1,3,0.6291277938749524,0.3708722061250475
11,16001832,83,0.3323376536953819,0.415768325401798,0.33532469260923625,0.8487278468390498,-0.2419202247109085,1,2,1,3,0.6676623463046181,0.3323376536953819
11,16001832,84,0.415768325401798,0.4865782378341445,0.16846334919640404,0.8487278468390498,-0.2419202247109085,1,2,1,3,0.584231674598202,0.415768325401798
11,16001832,85,0.4865782378341445,0.4305405895870423,0.026843524331711,0.8487278468390498,-0.2419202247109085,0,2,1,3,0.5134217621658554,0.4865782378341445
11,16001832,86,0.4305405895870423,0.49911585273152115,0.13891882082591545,0.8487278468390498,-0.2419202247109085,1,2,1,3,0.5694594104129578,0.4305405895870423
11,16001832,87,0.49911585273152115,0.4411816221667221,0.0017682945369577041,0.8487278468390498,-0.2419202247109085,0,2,1,3,0.5008841472684789,0.49911585273152115
11,16001832,88,0.4411816221667221,0.3920112353012394,0.11763675566655585,0.8487278468390498,-0.2419202247109085,0,2,1,3,0.5588183778332779,0.4411816221667221
11,16001832,89,0.3920112353012394,0.3502789644193722,0.21597752939752124,0.8487278468390498,-0.2419202247109085,0,2,1,3,0.6079887646987606,0.3920112353012394
11,16001832,90,0.3502789644193722,0.3148596281093453,0.29944207116125565,0.8487278468390498,-0.2419202247109085,0,2,1,3,0.6497210355806278,0.3502789644193722
11,16001832,91,0.3148596281093453,0.2847982540193131,0.3702807437813094,0.8487278468390498,-0.2419202247109085,0,2,1,3,0.6851403718906547,0.3148596281093453
11,16001832,92,0.2847982540193131,0.25928433084190583,0.43040349196137384,0.8487278468390498,-0.2419202247109085,0,2,1,3,0.715201745980687,0.2847982540193131
11,16001832,93,0.25928433084190583,0.3537658748116689,0.48143133831618834,0.8487278468390498,-0.2419202247109085,1,2,1,3,0.7407156691580942,0.25928433084190583
11,16001832,94,0.3537658748116689,0.3178190710570229,0.29246825037666224,0.8487278468390498,-0.2419202247109085,0,2,1,3,0.6462341251883311,0.3537658748116689
11,16001832,95,0.3178190710570229,0.40344593286163133,0.3643618578859542,0.8487278468390498,-0.2419202247109085,1,2,1,3,0.6821809289429771,0.3178190710570229
11,16001832,96,0.40344593286163133,0.3599839204742453,0.19310813427673734,0.8487278468390498,-0.2419202247109085,0,2,1,3,0.5965540671383687,0.40344593286163133
11,16001832,97,0.3599839204742453,0.3230965016357253,0.28003215905150936,0.8487278468390498,-0.2419202247109085,0,2,1,3,0.6400160795257547,0.3599839204742453
11,16001832,98,0.3230965016357253,0.4079250307207333,0.35380699672854943,0.8487278468390498,-0.2419202247109085,1,2,1,3,0.6769034983642748,0.3230965016357253
11,16001832,99,0.4079250307207333,0.36378545739184076,0.18414993855853345,0.8487278468390498,-0.2419202247109085,0,2,1,3,0.5920749692792667,0.4079250307207333
11,16001832,100,0.36378545739184076,0.44245887826978336,0.2724290852163185,0.8487278468390498,-0.2419202247109085,1,2,1,3,0.6362145426081592,0.36378545739184076
11,16001832,101,0.44245887826978336,0.39309529604976895,0.11508224346043328,0.8487278468390498,-0.2419202247109085,0,2,1,3,0.5575411217302166,0.44245887826978336
11,16001832,102,0.39309529604976895,0.3511990498773364,0.2138094079004621,0.8487278468390498,-0.2419202247109085,0,2,1,3,0.6069047039502311,0.39309529604976895
11,16001832,103,0.3511990498773364,0.315640539560743,0.2976019002453272,0.8487278468390498,-0.2419202247109085,0,2,1,3,0.6488009501226636,0.3511990498773364
11,16001832,104,0.315640539560743,0.40159694385284495,0.368718920878514,0.8487278468390498,-0.2419202247109085,1,2,1,3,0.684359460439257,0.315640539560743
11,16001832,105,0.40159694385284495,0.3584146357571875,0.1968061122943101,0.8487278468390498,-0.2419202247109085,0,2,1,3,0.598403056147155,0.40159694385284495
11,16001832,106,0.3584146357571875,0.32176460869311097,0.28317072848562497,0.8487278468390498,-0.2419202247109085,0,2,1,3,0.6415853642428124,0.3584146357571875
11,16001832,107,0.32176460869311097,0.40679461084229696,0.35647078261377807,0.8487278468390498,-0.2419202247109085,1,2,1,3,0.678235391306889,0.32176460869311097
11,16001832,108,0.40679461084229696,0.36282604088479414,0.1864107783154061,0.8487278468390498,-0.2419202247109085,0,2,1,3,0.593205389157703,0.40679461084229696
11,16001832,109,0.36282604088479414,0.325508691367585,0.2743479182304117,0.8487278468390498,-0.2419202247109085,0,2,1,3,0.6371739591152059,0.36282604088479414
11,16001832,110,0.325508691367585,0.2938364177999871,0.34898261726483004,0.8487278468390498,-0.2419202247109085,0,2,1,3,0.674491308632415,0.325508691367585
11,16001832,111,0.2938364177999871,0.38309117680934746,0.4123271644000258,0.8487278468390498,-0.2419202247109085,1,2,1,3,0.706163582200013,0.2938364177999871
11,16001832,112,0.38309117680934746,0.3427082767135782,0.2338176463813051,0.8487278468390498,-0.2419202247109085,0,2,1,3,0.6169088231906525,0.38309117680934746
11,16001832,113,0.3427082767135782,0.30843418495740216,0.31458344657284365,0.8487278468390498,-0.2419202247109085,0,2,1,3,0.6572917232864218,0.3427082767135782
11,16001832,114,0.30843418495740216,0.27934480892453034,0.3831316300851957,0.8487278468390498,-0.2419202247109085,0,2,1,3,0.6915658150425978,0.30843418495740216
11,16001832,115,0.27934480892453034,0.37079174441339346,0.4413103821509393,0.8487278468390498,-0.2419202247109085,1,2,1,3,0.7206551910754697,0.27934480892453034
11,16001832,116,0.37079174441339346,0.33226940610354994,0.25841651117321307,0.8487278468390498,-0.2419202247109085,0,2,1,3,0.6292082555866065,0.37079174441339346
11,16001832,117,0.33226940610354994,0.4157103236671939,0.33546118779290013,0.8487278468390498,-0.2419202247109085,1,2,1,3,0.6677305938964501,0.33226940610354994
11,16001832,118,0.4157103236671939,0.3703930551813359,0.1685793526656122,0.8487278468390498,-0.2419202247109085,0,2,1,3,0.584289676332806,0.4157103236671939
11,16001832,119,0.3703930551813359,0.4480669261648436,0.25921388963732817,0.8487278468390498,-0.2419202247109085,1,2,1,3,0.6296069448186641,0.3703930551813359
11,16001832,120,0.4480669261648436,0.513990903384668,0.10386614767031277,0.8487278468390498,-0.2419202247109085,1,2,1,3,0.5519330738351564,0.4480669261648436
11,16001832,121,0.513990903384668,0.5699424185854205,0.027981806769336037,0.8487278468390498,-0.2419202247109085,1,2,1,3,0.486009096615332,0.513990903384668
11,16001832,122,0.5699424185854205,0.5012941290440335,0.139884837170841,0.8487278468390498,-0.2419202247109085,0,2,1,3,0.4300575814145795,0.5699424185854205
11,16001832,123,0.5012941290440335,0.4430304141024645,0.0025882580880669526,0.8487278468390498,-0.2419202247109085,0,2,1,3,0.4987058709559665,0.5012941290440335
11,16001832,124,0.4430304141024645,0.39358037679292734,0.11393917179507096,0.8487278468390498,-0.2419202247109085,0,2,1,3,0.5569695858975354,0.4430304141024645
11,16001832,125,0.39358037679292734,0.4677466515822144,0.2128392464141453,0.8487278468390498,-0.2419202247109085,1,2,1,3,0.6064196232070727,0.39358037679292734
11,16001832,126,0.4677466515822144,0.5306936342723337,0.0645066968355712,0.8487278468390498,-0.2419202247109085,1,2,1,3,0.5322533484177856,0.4677466515822144
11,16001832,127,0.5306936342723337,0.4679825929072158,0.06138726854466747,0.8487278468390498,-0.2419202247109085,0,2,1,3,0.46930636572766626,0.5306936342723337
11,16001832,128,0.4679825929072158,0.41475798580846435,0.06403481418556844,0.8487278468390498,-0.2419202247109085,0,2,1,3,0.5320174070927842,0.4679825929072158
11,16001832,129,0.41475798580846435,0.48572067804740265,0.1704840283830713,0.8487278468390498,-0.2419202247109085,1,2,1,3,0.5852420141915357,0.41475798580846435
11,16001832,130,0.48572067804740265,0.5459486910273962,0.02855864390519469,0.8487278468390498,-0.2419202247109085,1,2,1,3,0.5142793219525974,0.48572067804740265
11,16001832,131,0.5459486910273962,0.4809299844003369,0.09189738205479236,0.8487278468390498,-0.2419202247109085,0,2,1,3,0.4540513089726038,0.5459486910273962
11,16001832,132,0.4809299844003369,0.4257467975270027,0.038140031199326185,0.8487278468390498,-0.2419202247109085,0,2,1,3,0.519070015599663,0.4809299844003369
11,16001832,133,0.4257467975270027,0.4950471885392013,0.14850640494599465,0.8487278468390498,-0.2419202247109085,1,2,1,3,0.5742532024729974,0.4257467975270027
11,16001832,134,0.4950471885392013,0.4377284618033899,0.009905622921597357,0.8487278468390498,-0.2419202247109085,0,2,1,3,0.5049528114607986,0.4950471885392013
11,16001832,135,0.4377284618033899,0.38908046228085724,0.12454307639322015,0.8487278468390498,-0.2419202247109085,0,2,1,3,0.5622715381966101,0.4377284618033899
11,16001832,136,0.38908046228085724,0.34779155039559817,0.22183907543828552,0.8487278468390498,-0.2419202247109085,0,2,1,3,0.6109195377191428,0.38908046228085724
11,16001832,137,0.34779155039559817,0.42888439948453844,0.30441689920880366,0.8487278468390498,-0.2419202247109085,1,2,1,3,0.6522084496044018,0.34779155039559817
11,16001832,138,0.42888439948453844,0.38157426031533187,0.14223120103092313,0.8487278468390498,-0.2419202247109085,0,2,1,3,0.5711156005154616,0.42888439948453844
11,16001832,139,0.38157426031533187,0.3414208277660981,0.23685147936933626,0.8487278468390498,-0.2419202247109085,0,2,1,3,0.6184257396846682,0.38157426031533187
11,16001832,140,0.3414208277660981,0.3073414914164722,0.3171583444678038,0.8487278468390498,-0.2419202247109085,0,2,1,3,0.6585791722339018,0.3414208277660981
11,16001832,141,0.3073414914164722,0.27841740965553013,0.3853170171670556,0.8487278468390498,-0.2419202247109085,0,2,1,3,0.6926585085835277,0.3073414914164722
11,16001832,142,0.27841740965553013,0.25386873602133075,0.44316518068893973,0.8487278468390498,-0.2419202247109085,0,2,1,3,0.7215825903444699,0.27841740965553013
11,16001832,143,0.25386873602133075,0.23303359310542676,0.4922625279573385,0.8487278468390498,-0.2419202247109085,0,2,1,3,0.7461312639786692,0.25386873602133075
11,16001832,144,0.23303359310542676,0.2153502271201191,0.5339328137891465,0.8487278468390498,-0.2419202247109085,0,2,1,3,0.7669664068945732,0.23303359310542676
11,16001832,145,0.2153502271201191,0.31647776034121894,0.5692995457597618,0.8487278468390498,-0.2419202247109085,1,2,1,3,0.7846497728798809,0.2153502271201191
11,16001832,146,0.31647776034121894,0.4023075138670886,0.3670444793175621,0.8487278468390498,-0.2419202247109085,1,2,1,3,0.683522239658781,0.31647776034121894
11,16001832,147,0.4023075138670886,0.35901771741379546,0.19538497226582285,0.8487278468390498,-0.2419202247109085,0,2,1,3,0.5976924861329114,0.4023075138670886
11,16001832,148,0.35901771741379546,0.43841236003704637,0.2819645651724091,0.8487278468390498,-0.2419202247109085,1,2,1,3,0.6409822825862046,0.35901771741379546
11,16001832,149,0.43841236003704637,0.3896609057642909,0.12317527992590727,0.8487278468390498,-0.2419202247109085,0,2,1,3,0.5615876399629536,0.43841236003704637
11,16001832,150,0.3896609057642909,0.46442008730548323,0.22067818847141818,0.8487278468390498,-0.2419202247109085,1,2,1,3,0.6103390942357091,0.3896609057642909
11,16001832,151,0.46442008730548323,0.5278702864860574,0.07115982538903354,0.8487278468390498,-0.2419202247109085,1,2,1,3,0.5355799126945168,0.46442008730548323
11,16001832,152,0.5278702864860574,0.46558633906224567,0.055740572972114766,0.8487278468390498,-0.2419202247109085,0,2,1,3,0.4721297135139426,0.5278702864860574
11,16001832,153,0.46558633906224567,0.4127242184727964,0.06882732187550866,0.8487278468390498,-0.2419202247109085,0,2,1,3,0.5344136609377543,0.46558633906224567
11,16001832,154,0.4127242184727964,0.36785866468571027,0.17455156305440722,0.8487278468390498,-0.2419202247109085,0,2,1,3,0.5872757815272036,0.4127242184727964
11,16001832,155,0.36785866468571027,0.4459159181779529,0.26428267062857946,0.8487278468390498,-0.2419202247109085,1,2,1,3,0.6321413353142897,0.36785866468571027
11,16001832,156,0.4459159181779529,0.3960293845094696,0.1081681636440942,0.8487278468390498,-0.2419202247109085,0,2,1,3,0.5540840818220472,0.4459159181779529
11,16001832,157,0.3960293845094696,0.3536892942028368,0.20794123098106077,0.8487278468390498,-0.2419202247109085,0,2,1,3,0.6039706154905304,0.3960293845094696
11,16001832,158,0.3536892942028368,0.4338899788767561,0.2926214115943264,0.8487278468390498,-0.2419202247109085,1,2,1,3,0.6463107057971632,0.3536892942028368
11,16001832,159,0.4338899788767561,0.3858226349402693,0.13222004224648776,0.8487278468390498,-0.2419202247109085,0,2,1,3,0.5661100211232439,0.4338899788767561
11,16001832,160,0.3858226349402693,0.3450265416178316,0.2283547301194614,0.8487278468390498,-0.2419202247109085,0,2,1,3,0.6141773650597306,0.3858226349402693
11,16001832,161,0.3450265416178316,0.3104017611728692,0.30994691676433683,0.8487278468390498,-0.2419202247109085,0,2,1,3,0.6549734583821685,0.3450265416178316
11,16001832,162,0.3104017611728692,0.2810147458185668,0.37919647765426157,0.8487278468390498,-0.2419202247109085,0,2,1,3,0.6895982388271308,0.3104017611728692
11,16001832,163,0.2810147458185668,0.37220906590640324,0.43797050836286644,0.8487278468390498,-0.2419202247109085,1,2,1,3,0.7189852541814332,0.2810147458185668
11,16001832,164,0.37220906590640324,0.33347232648398734,0.25558186818719353,0.8487278468390498,-0.2419202247109085,0,2,1,3,0.6277909340935968,0.37220906590640324
11,16001832,165,0.33347232648398734,0.3005953770404523,0.33305534703202533,0.8487278468390498,-0.2419202247109085,0,2,1,3,0.6665276735160126,0.33347232648398734
11,16001832,166,0.3005953770404523,0.38882769288303354,0.3988092459190954,0.8487278468390498,-0.2419202247109085,1,2,1,3,0.6994046229595476,0.3005953770404523
11,16001832,167,0.38882769288303354,0.3475770179753057,0.22234461423393292,0.8487278468390498,-0.2419202247109085,0,2,1,3,0.6111723071169665,0.38882769288303354
11,16001832,168,0.3475770179753057,0.42870231983460266,0.3048459640493886,0.8487278468390498,-0.2419202247109085,1,2,1,3,0.6524229820246943,0.3475770179753057
11,16001832,169,0.42870231983460266,0.3814197242514284,0.14259536033079467,0.8487278468390498,-0.2419202247109085,0,2,1,3,0.5712976801653973,0.42870231983460266
11,16001832,170,0.3814197242514284,0.34128966870916866,0.2371605514971432,0.8487278468390498,-0.2419202247109085,0,2,1,3,0.6185802757485717,0.3814197242514284
11,16001832,171,0.34128966870916866,0.3072301730752617,0.3174206625816627,0.8487278468390498,-0.2419202247109085,0,2,1,3,0.6587103312908313,0.34128966870916866
11,16001832,172,0.3072301730752617,0.39445882903580953,0.38553965384947664,0.8487278468390498,-0.2419202247109085,1,2,1,3,0.6927698269247383,0.3072301730752617
11,16001832,173,0.39445882903580953,0.4684922183918591,0.21108234192838093,0.8487278468390498,-0.2419202247109085,1,2,1,3,0.6055411709641905,0.39445882903580953
11,16001832,174,0.4684922183918591,0.41519051917988953,0.06301556321628177,0.8487278468390498,-0.2419202247109085,0,2,1,3,0.5315077816081408,0.4684922183918591
11,16001832,175,0.41519051917988953,0.3699518827748566,0.16961896164022094,0.8487278468390498,-0.2419202247109085,0,2,1,3,0.5848094808201105,0.41519051917988953
11,16001832,176,0.3699518827748566,0.44769249065919053,0.26009623445028685,0.8487278468390498,-0.2419202247109085,1,2,1,3,0.6300481172251434,0.3699518827748566
11,16001832,177,0.44769249065919053,0.39753721104651024,0.10461501868161893,0.8487278468390498,-0.2419202247109085,0,2,1,3,0.5523075093408094,0.44769249065919053
11,16001832,178,0.39753721104651024,0.47110492692753403,0.20492557790697952,0.8487278468390498,-0.2419202247109085,1,2,1,3,0.6024627889534897,0.39753721104651024
11,16001832,179,0.47110492692753403,0.4174079976698001,0.05779014614493194,0.8487278468390498,-0.2419202247109085,0,2,1,3,0.528895073072466,0.47110492692753403
11,16001832,180,0.4174079976698001,0.37183391851901687,0.16518400466039984,0.8487278468390498,-0.2419202247109085,0,2,1,3,0.5825920023301999,0.4174079976698001
11,16001832,181,0.37183391851901687,0.44928982680399604,0.25633216296196626,0.8487278468390498,-0.2419202247109085,1,2,1,3,0.6281660814809831,0.37183391851901687
11,16001832,182,0.44928982680399604,0.5150288130676672,0.10142034639200792,0.8487278468390498,-0.2419202247109085,1,2,1,3,0.550710173196004,0.44928982680399604
11,16001832,183,0.5150288130676672,0.45468742297832204,0.03005762613533447,0.8487278468390498,-0.2419202247109085,0,2,1,3,0.48497118693233277,0.5150288130676672
11,16001832,184,0.45468742297832204,0.4034740048925181,0.09062515404335592,0.8487278468390498,-0.2419202247109085,0,2,1,3,0.545312577021678,0.45468742297832204
11,16001832,185,0.4034740048925181,0.36000775083128655,0.19305199021496378,0.8487278468390498,-0.2419202247109085,0,2,1,3,0.5965259951074819,0.4034740048925181
11,16001832,186,0.36000775083128655,0.323116730611739,0.2799844983374269,0.8487278468390498,-0.2419202247109085,0,2,1,3,0.6399922491687134,0.36000775083128655
11,16001832,187,0.323116730611739,0.291806294453107,0.353766538776522,0.8487278468390498,-0.2419202247109085,0,2,1,3,0.6768832693882609,0.323116730611739
11,16001832,188,0.291806294453107,0.2652322553886001,0.41638741109378596,0.8487278468390498,-0.2419202247109085,0,2,1,3,0.708193705546893,0.291806294453107
11,16001832,189,0.2652322553886001,0.24267812843156455,0.46953548922279975,0.8487278468390498,-0.2419202247109085,0,2,1,3,0.7347677446113998,0.2652322553886001
11,16001832,190,0.24267812843156455,0.2235358128219854,0.5146437431368709,0.8487278468390498,-0.2419202247109085,0,2,1,3,0.7573218715684354,0.24267812843156455
11,16001832,191,0.2235358128219854,0.32342509486543897,0.5529283743560292,0.8487278468390498,-0.2419202247109085,1,2,1,3,0.7764641871780146,0.2235358128219854
11,16001832,192,0.32342509486543897,0.29206801178219255,0.35314981026912207,0.8487278468390498,-0.2419202247109085,0,2,1,3,0.6765749051345611,0.32342509486543897
11,16001832,193,0.29206801178219255,0.38159028052808036,0.4158639764356149,0.8487278468390498,-0.2419202247109085,1,2,1,3,0.7079319882178075,0.29206801178219255
11,16001832,194,0.38159028052808036,0.34143442457063977,0.23681943894383928,0.8487278468390498,-0.2419202247109085,0,2,1,3,0.6184097194719196,0.38159028052808036
11,16001832,195,0.34143442457063977,0.42348892976018637,0.31713115085872046,0.8487278468390498,-0.2419202247109085,1,2,1,3,0.6585655754293602,0.34143442457063977
11,16001832,196,0.42348892976018637,0.49313087327315375,0.15302214047962726,0.8487278468390498,-0.2419202247109085,1,2,1,3,0.5765110702398136,0.42348892976018637
11,16001832,197,0.49313087327315375,0.43610203168631734,0.013738253453692506,0.8487278468390498,-0.2419202247109085,0,2,1,3,0.5068691267268463,0.49313087327315375
11,16001832,198,0.43610203168631734,0.3877000657585965,0.12779593662736533,0.8487278468390498,-0.2419202247109085,0,2,1,3,0.5638979683136827,0.43610203168631734
11,16001832,199,0.3877000657585965,0.3466199694339851,0.224599868482807,0.8487278468390498,-0.2419202247109085,0,2,1,3,0.6122999342414035,0.3877000657585965
11,16001832,200,0.3466199694339851,0.4278900460867403,0.3067600611320298,0.8487278468390498,-0.2419202247109085,1,2,1,3,0.6533800305660149,0.3466199694339851
11,16001832,201,0.4278900460867403,0.49686622325667773,0.1442199078265194,0.8487278468390498,-0.2419202247109085,1,2,1,3,0.5721099539132597,0.4278900460867403
11,16001832,202,0.49686622325667773,0.4392723272350242,0.006267553486644539,0.8487278468390498,-0.2419202247109085,0,2,1,3,0.5031337767433223,0.49686622325667773
11,16001832,203,0.4392723272350242,0.3903907838734941,0.12145534552995163,0.8487278468390498,-0.2419202247109085,0,2,1,3,0.5607276727649758,0.4392723272350242
11,16001832,204,0.3903907838734941,0.348903656826093,0.21921843225301185,0.8487278468390498,-0.2419202247109085,0,2,1,3,0.6096092161265059,0.3903907838734941
11,16001832,205,0.348903656826093,0.31369237681561424,0.30219268634781404,0.8487278468390498,-0.2419202247109085,0,2,1,3,0.651096343173907,0.348903656826093
11,16001832,206,0.31369237681561424,0.2838075829478737,0.3726152463687715,0.8487278468390498,-0.2419202247109085,0,2,1,3,0.6863076231843858,0.31369237681561424
11,16001832,207,0.2838075829478737,0.37457942454956056,0.43238483410425255,0.8487278468390498,-0.2419202247109085,1,2,1,3,0.7161924170521263,0.2838075829478737
11,16001832,208,0.37457942454956056,0.33548411587149246,0.2508411509008789,0.8487278468390498,-0.2419202247109085,0,2,1,3,0.6254205754504394,0.37457942454956056
11,16001832,209,0.33548411587149246,0.41843873706993073,0.3290317682570151,0.8487278468390498,-0.2419202247109085,1,2,1,3,0.6645158841285075,0.33548411587149246
11,16001832,210,0.41843873706993073,0.37270873575074726,0.16312252586013853,0.8487278468390498,-0.2419202247109085,0,2,1,3,0.5815612629300693,0.41843873706993073
11,16001832,211,0.37270873575074726,0.4500323085494527,0.2545825284985055,0.8487278468390498,-0.2419202247109085,1,2,1,3,0.6272912642492527,0.37270873575074726
11,16001832,212,0.4500323085494527,0.39952307964651745,0.0999353829010946,0.8487278468390498,-0.2419202247109085,0,2,1,3,0.5499676914505474,0.4500323085494527
11,16001832,213,0.39952307964651745,0.47279038890851166,0.2009538407069651,0.8487278468390498,-0.2419202247109085,1,2,1,3,0.6004769203534825,0.39952307964651745
11,16001832,214,0.47279038890851166,0.4188384961878517,0.05441922218297668,0.8487278468390498,-0.2419202247109085,0,2,1,3,0.5272096110914883,0.47279038890851166
11,16001832,215,0.4188384961878517,0.37304802244615454,0.16232300762429663,0.8487278468390498,-0.2419202247109085,0,2,1,3,0.5811615038121483,0.4188384961878517
11,16001832,216,0.37304802244615454,0.4503202706159068,0.2539039551076909,0.8487278468390498,-0.2419202247109085,1,2,1,3,0.6269519775538455,0.37304802244615454
11,16001832,217,0.4503202706159068,0.3997674810711504,0.09935945876818641,0.8487278468390498,-0.2419202247109085,0,2,1,3,0.5496797293840932,0.4503202706159068
11,16001832,218,0.3997674810711504,0.3568619208491217,0.2004650378576992,0.8487278468390498,-0.2419202247109085,0,2,1,3,0.6002325189288495,0.3997674810711504
11,16001832,219,0.3568619208491217,0.43658267545873913,0.28627615830175657,0.8487278468390498,-0.2419202247109085,1,2,1,3,0.6431380791508783,0.3568619208491217
11,16001832,220,0.43658267545873913,0.38810800151266095,0.12683464908252173,0.8487278468390498,-0.2419202247109085,0,2,1,3,0.5634173245412608,0.43658267545873913
11,16001832,221,0.38810800151266095,0.346966195868181,0.2237839969746781,0.8487278468390498,-0.2419202247109085,0,2,1,3,0.611891998487339,0.38810800151266095
11,16001832,222,0.346966195868181,0.3120479997484709,0.306067608263638,0.8487278468390498,-0.2419202247109085,0,2,1,3,0.653033804131819,0.346966195868181
11,16001832,223,0.3120479997484709,0.39854785269456866,0.37590400050305817,0.8487278468390498,-0.2419202247109085,1,2,1,3,0.6879520002515291,0.3120479997484709
11,16001832,224,0.39854785269456866,0.35582678828312175,0.20290429461086268,0.8487278468390498,-0.2419202247109085,0,2,1,3,0.6014521473054313,0.39854785269456866
11,16001832,225,0.35582678828312175,0.3195682312705219,0.2883464234337565,0.8487278468390498,-0.2419202247109085,0,2,1,3,0.6441732117168782,0.35582678828312175
11,16001832,226,0.3195682312705219,0.2887945842477272,0.36086353745895616,0.8487278468390498,-0.2419202247109085,0,2,1,3,0.6804317687294781,0.3195682312705219
11,16001832,227,0.2887945842477272,0.2626761330706857,0.4224108315045456,0.8487278468390498,-0.2419202247109085,0,2,1,3,0.7112054157522728,0.2887945842477272
11,16001832,228,0.2626761330706857,0.24050867624042443,0.4746477338586286,0.8487278468390498,-0.2419202247109085,0,2,1,3,0.7373238669293143,0.2626761330706857
11,16001832,229,0.24050867624042443,0.3378304366892622,0.5189826475191511,0.8487278468390498,-0.2419202247109085,1,2,1,3,0.7594913237595755,0.24050867624042443
11,16001832,230,0.3378304366892622,0.42043012488559006,0.32433912662147557,0.8487278468390498,-0.2419202247109085,1,2,1,3,0.6621695633107378,0.3378304366892622
11,16001832,231,0.42043012488559006,0.3743988820437532,0.15913975022881988,0.8487278468390498,-0.2419202247109085,0,2,1,3,0.5795698751144099,0.42043012488559006
11,16001832,232,0.3743988820437532,0.3353308844192757,0.2512022359124936,0.8487278468390498,-0.2419202247109085,0,2,1,3,0.6256011179562468,0.3743988820437532
11,16001832,233,0.3353308844192757,0.4183086852694228,0.32933823116144856,0.8487278468390498,-0.2419202247109085,1,2,1,3,0.6646691155807243,0.3353308844192757
11,16001832,234,0.4183086852694228,0.37259835716612455,0.16338262946115445,0.8487278468390498,-0.2419202247109085,0,2,1,3,0.5816913147305772,0.4183086852694228
11,16001832,235,0.37259835716612455,0.4499386271709887,0.2548032856677509,0.8487278468390498,-0.2419202247109085,1,2,1,3,0.6274016428338755,0.37259835716612455
11,16001832,236,0.4499386271709887,0.3994435696518849,0.1001227456580226,0.8487278468390498,-0.2419202247109085,0,2,1,3,0.5500613728290114,0.4499386271709887
11,16001832,237,0.3994435696518849,0.3565870082076819,0.20111286069623024,0.8487278468390498,-0.2419202247109085,0,2,1,3,0.6005564303481151,0.3994435696518849
11,16001832,238,0.3565870082076819,0.32021345109021804,0.2868259835846362,0.8487278468390498,-0.2419202247109085,0,2,1,3,0.6434129917923181,0.3565870082076819
11,16001832,239,0.32021345109021804,0.40547809863031875,0.3595730978195639,0.8487278468390498,-0.2419202247109085,1,2,1,3,0.679786548909782,0.32021345109021804
11,16001832,240,0.40547809863031875,0.4778445793485188,0.1890438027393625,0.8487278468390498,-0.2419202247109085,1,2,1,3,0.5945219013696812,0.40547809863031875
12,16001834,1,0.5,0.6666666666666666,0,1.1166275202304774,-0.1976447136236775,1,1,2,3,0.5,0.5
12,16001834,2,0.6666666666666666,0.5141654205605597,0.33333333333333326,1.1166275202304774,-0.1976447136236775,0,1,2,3,0.6666666666666666,0.33333333333333337
12,16001834,3,0.5141654205605597,0.6053633594403182,0.028330841121119388,1.1166275202304774,-0.1976447136236775,1,1,2,3,0.5141654205605597,0.4858345794394403
12,16001834,4,0.6053633594403182,0.6674160688974117,0.21072671888063632,1.1166275202304774,-0.1976447136236775,1,1,2,3,0.6053633594403182,0.39463664055968184
12,16001834,5,0.6674160688974117,0.5918042412128859,0.33483213779482335,1.1166275202304774,-0.1976447136236775,0,1,2,3,0.6674160688974117,0.3325839311025883
12,16001834,6,0.5918042412128859,0.5350285202966383,0.18360848242577177,1.1166275202304774,-0.1976447136236775,0,1,2,3,0.5918042412128859,0.4081957587871141
12,16001834,7,0.5350285202966383,0.491068040804192,0.07005704059327655,1.1166275202304774,-0.1976447136236775,0,1,2,3,0.5350285202966383,0.4649714797033617
12,16001834,8,0.491068040804192,0.5268894662119887,0.01786391839161605,1.1166275202304774,-0.1976447136236775,1,1,2,3,0.491068040804192,0.508931959195808
12,16001834,9,0.5268894662119887,0.4954630927174968,0.053778932423977466,1.1166275202304774,-0.1976447136236775,0,1,2,3,0.5268894662119887,0.47311053378801127
12,16001834,10,0.4954630927174968,0.5215973510257707,0.009073814565006444,1.1166275202304774,-0.1976447136236775,1,1,2,3,0.4954630927174968,0.5045369072825032
12,16001834,11,0.5215973510257707,0.5432970491386606,0.0431947020515413,1.1166275202304774,-0.1976447136236775,1,1,2,3,0.5215973510257707,0.47840264897422935
12,16001834,12,0.5432970491386606,0.561500424328983,0.08659409827732123,1.1166275202304774,-0.1976447136236775,1,1,2,3,0.5432970491386606,0.4567029508613394
12,16001834,13,0.561500424328983,0.5428904808903916,0.1230008486579659,1.1166275202304774,-0.1976447136236775,0,1,2,3,0.561500424328983,0.43849957567101705
12,16001834,14,0.5428904808903916,0.5567939384695647,0.0857809617807832,1.1166275202304774,-0.1976447136236775,1,1,2,3,0.5428904808903916,0.4571095191096084
12,16001834,15,0.5567939384695647,0.5687173772937163,0.11358787693912942,1.1166275202304774,-0.1976447136236775,1,1,2,3,0.5567939384695647,0.4432060615304353
12,16001834,16,0.5687173772937163,0.5789972001988515,0.1374347545874326,1.1166275202304774,-0.1976447136236775,1,1,2,3,0.5687173772937163,0.4312826227062837
12,16001834,17,0.5789972001988515,0.5879006150734847,0.15799440039770296,1.1166275202304774,-0.1976447136236775,1,1,2,3,0.5789972001988515,0.4210027998011485
12,16001834,18,0.5879006150734847,0.5777464075025928,0.17580123014696936,1.1166275202304774,-0.1976447136236775,0,1,2,3,0.5879006150734847,0.4120993849265153
12,16001834,19,0.5777464075025928,0.584718800800229,0.15549281500518553,1.1166275202304774,-0.1976447136236775,1,1,2,3,0.5777464075025928,0.42225359249740724
12,16001834,20,0.584718800800229,0.5908208158255299,0.16943760160045795,1.1166275202304774,-0.1976447136236775,1,1,2,3,0.584718800800229,0.415281199199771
12,16001834,21,0.5908208158255299,0.59617515897235,0.18164163165105984,1.1166275202304774,-0.1976447136236775,1,1,2,3,0.5908208158255299,0.4091791841744701
12,16001834,22,0.59617515897235,0.600884288419162,0.19235031794469992,1.1166275202304774,-0.1976447136236775,1,1,2,3,0.59617515897235,0.40382484102765004
12,16001834,23,0.600884288419162,0.605034361560647,0.20176857683832394,1.1166275202304774,-0.1976447136236775,1,1,2,3,0.600884288419162,0.39911571158083803
12,16001834,24,0.605034361560647,0.5999635341778459,0.2100687231212941,1.1166275202304774,-0.1976447136236775,0,1,2,3,0.605034361560647,0.39496563843935295
12,16001834,25,0.5999635341778459,0.6032554482756056,0.19992706835569174,1.1166275202304774,-0.1976447136236775,1,1,2,3,0.5999635341778459,0.40003646582215413
12,16001834,26,0.6032554482756056,0.606170393834633,0.20651089655121124,1.1166275202304774,-0.1976447136236775,1,1,2,3,0.6032554482756056,0.3967445517243944
12,16001834,27,0.606170393834633,0.6087547282685456,0.212340787669266,1.1166275202304774,-0.1976447136236775,1,1,2,3,0.606170393834633,0.393829606165367
12,16001834,28,0.6087547282685456,0.6055427942874319,0.2175094565370912,1.1166275202304774,-0.1976447136236775,0,1,2,3,0.6087547282685456,0.3912452717314544
12,16001834,29,0.6055427942874319,0.6026892653071434,0.2110855885748637,1.1166275202304774,-0.1976447136236775,0,1,2,3,0.6055427942874319,0.39445720571256815
12,16001834,30,0.6026892653071434,0.6001519594560695,0.2053785306142868,1.1166275202304774,-0.1976447136236775,0,1,2,3,0.6026892653071434,0.3973107346928566
12,16001834,31,0.6001519594560695,0.5978941013085171,0.20030391891213895,1.1166275202304774,-0.1976447136236775,0,1,2,3,0.6001519594560695,0.3998480405439305
12,16001834,32,0.5978941013085171,0.5958835411868665,0.1957882026170341,1.1166275202304774,-0.1976447136236775,0,1,2,3,0.5978941013085171,0.40210589869148294
12,16001834,33,0.5958835411868665,0.5972156963718868,0.19176708237373297,1.1166275202304774,-0.1976447136236775,1,1,2,3,0.5958835411868665,0.4041164588131335
12,16001834,34,0.5972156963718868,0.5984033084643898,0.19443139274377352,1.1166275202304774,-0.1976447136236775,1,1,2,3,0.5972156963718868,0.40278430362811324
12,16001834,35,0.5984033084643898,0.5994625723400638,0.19680661692877965,1.1166275202304774,-0.1976447136236775,1,1,2,3,0.5984033084643898,0.4015966915356102
12,16001834,36,0.5994625723400638,0.6004077659946715,0.19892514468012767,1.1166275202304774,-0.1976447136236775,1,1,2,3,0.5994625723400638,0.40053742765993616
12,16001834,37,0.6004077659946715,0.6012514976967849,0.200815531989343,1.1166275202304774,-0.1976447136236775,1,1,2,3,0.6004077659946715,0.3995922340053285
12,16001834,38,0.6012514976967849,0.6020049173576935,0.20250299539356975,1.1166275202304774,-0.1976447136236775,1,1,2,3,0.6012514976967849,0.3987485023032151
12,16001834,39,0.6020049173576935,0.6026778980275326,0.20400983471538692,1.1166275202304774,-0.1976447136236775,1,1,2,3,0.6020049173576935,0.39799508264230654
12,16001834,40,0.6026778980275326,0.6018518628238453,0.20535579605506515,1.1166275202304774,-0.1976447136236775,0,1,2,3,0.6026778980275326,0.3973221019724674
12,16001834,41,0.6018518628238453,0.6023906357464254,0.20370372564769057,1.1166275202304774,-0.1976447136236775,1,1,2,3,0.6018518628238453,0.3981481371761547
12,16001834,42,0.6023906357464254,0.6028722411407125,0.20478127149285075,1.1166275202304774,-0.1976447136236775,1,1,2,3,0.6023906357464254,0.3976093642535746
12,16001834,43,0.6028722411407125,0.6033028289736286,0.20574448228142495,1.1166275202304774,-0.1976447136236775,1,1,2,3,0.6028722411407125,0.3971277588592875
12,16001834,44,0.6033028289736286,0.6036878708877144,0.20660565794725727,1.1166275202304774,-0.1976447136236775,1,1,2,3,0.6033028289736286,0.39669717102637136
12,16001834,45,0.6036878708877144,0.6032132865984241,0.20737574177542872,1.1166275202304774,-0.1976447136236775,0,1,2,3,0.6036878708877144,0.39631212911228564
12,16001834,46,0.6032132865984241,0.6035217795614841,0.2064265731968482,1.1166275202304774,-0.1976447136236775,1,1,2,3,0.6032132865984241,0.3967867134015759
12,16001834,47,0.6035217795614841,0.6037977574228709,0.20704355912296823,1.1166275202304774,-0.1976447136236775,1,1,2,3,0.6035217795614841,0.3964782204385159
12,16001834,48,0.6037977574228709,0.6034573545580838,0.2075955148457418,1.1166275202304774,-0.1976447136236775,0,1,2,3,0.6037977574228709,0.3962022425771291
12,16001834,49,0.6034573545580838,0.6036785304876864,0.2069147091161676,1.1166275202304774,-0.1976447136236775,1,1,2,3,0.6034573545580838,0.3965426454419162
12,16001834,50,0.6036785304876864,0.6038764541238202,0.20735706097537276,1.1166275202304774,-0.1976447136236775,1,1,2,3,0.6036785304876864,0.3963214695123136
12,16001834,51,0.6038764541238202,0.6036322003835556,0.20775290824764037,1.1166275202304774,-0.1976447136236775,0,1,2,3,0.6038764541238202,0.3961235458761798
12,16001834,52,0.6036322003835556,0.6037908546329268,0.20726440076711117,1.1166275202304774,-0.1976447136236775,1,1,2,3,0.6036322003835556,0.3963677996164444
12,16001834,53,0.6037908546329268,0.6039328601597211,0.20758170926585362,1.1166275202304774,-0.1976447136236775,1,1,2,3,0.6037908546329268,0.3962091453670732
12,16001834,54,0.6039328601597211,0.6037575489068581,0.20786572031944228,1.1166275202304774,-0.1976447136236775,0,1,2,3,0.6039328601597211,0.39606713984027886
12,16001834,55,0.6037575489068581,0.6036006172453033,0.20751509781371613,1.1166275202304774,-0.1976447136236775,0,1,2,3,0.6037575489068581,0.39624245109314193
12,16001834,56,0.6036006172453033,0.6034601318019771,0.20720123449060668,1.1166275202304774,-0.1976447136236775,0,1,2,3,0.6036006172453033,0.39639938275469666
12,16001834,57,0.6034601318019771,0.6033343638583158,0.2069202636039542,1.1166275202304774,-0.1976447136236775,0,1,2,3,0.6034601318019771,0.3965398681980229
12,16001834,58,0.6033343638583158,0.6034161568997117,0.2066687277166317,1.1166275202304774,-0.1976447136236775,1,1,2,3,0.6033343638583158,0.39666563614168415
12,16001834,59,0.6034161568997117,0.6034893862750103,0.20683231379942346,1.1166275202304774,-0.1976447136236775,1,1,2,3,0.6034161568997117,0.39658384310028827
12,16001834,60,0.6034893862750103,0.6035549505301515,0.2069787725500205,1.1166275202304774,-0.1976447136236775,1,1,2,3,0.6034893862750103,0.39651061372498975
12,16001834,61,0.6035549505301515,0.6034740837660386,0.20710990106030303,1.1166275202304774,-0.1976447136236775,0,1,2,3,0.6035549505301515,0.3964450494698485
12,16001834,62,0.6034740837660386,0.6035266581863675,0.20694816753207723,1.1166275202304774,-0.1976447136236775,1,1,2,3,0.6034740837660386,0.3965259162339614
12,16001834,63,0.6035266581863675,0.6035737328555877,0.20705331637273505,1.1166275202304774,-0.1976447136236775,1,1,2,3,0.6035266581863675,0.3964733418136325
12,16001834,64,0.6035737328555877,0.6035156639534266,0.20714746571117537,1.1166275202304774,-0.1976447136236775,0,1,2,3,0.6035737328555877,0.3964262671444123
12,16001834,65,0.6035156639534266,0.6035534138761234,0.2070313279068532,1.1166275202304774,-0.1976447136236775,1,1,2,3,0.6035156639534266,0.3964843360465734
12,16001834,66,0.6035534138761234,0.603587216552759,0.20710682775224676,1.1166275202304774,-0.1976447136236775,1,1,2,3,0.6035534138761234,0.3964465861238766
12,16001834,67,0.603587216552759,0.6036174851319054,0.20717443310551809,1.1166275202304774,-0.1976447136236775,1,1,2,3,0.603587216552759,0.39641278344724096
12,16001834,68,0.6036174851319054,0.6036445894371751,0.20723497026381077,1.1166275202304774,-0.1976447136236775,1,1,2,3,0.6036174851319054,0.3963825148680946
12,16001834,69,0.6036445894371751,0.6036688605266834,0.20728917887435028,1.1166275202304774,-0.1976447136236775,1,1,2,3,0.6036445894371751,0.39635541056282486
12,16001834,70,0.6036688605266834,0.6036389096311356,0.2073377210533669,1.1166275202304774,-0.1976447136236775,0,1,2,3,0.6036688605266834,0.39633113947331655
12,16001834,71,0.6036389096311356,0.6036120890081538,0.2072778192622713,1.1166275202304774,-0.1976447136236775,0,1,2,3,0.6036389096311356,0.39636109036886435
12,16001834,72,0.6036120890081538,0.6035880713135344,0.20722417801630755,1.1166275202304774,-0.1976447136236775,0,1,2,3,0.6036120890081538,0.3963879109918462
12,16001834,73,0.6035880713135344,0.6035665634719969,0.20717614262706885,1.1166275202304774,-0.1976447136236775,0,1,2,3,0.6035880713135344,0.3964119286864656
12,16001834,74,0.6035665634719969,0.6035805445145934,0.20713312694399377,1.1166275202304774,-0.1976447136236775,1,1,2,3,0.6035665634719969,0.3964334365280031
12,16001834,75,0.6035805445145934,0.6035930646852754,0.20716108902918684,1.1166275202304774,-0.1976447136236775,1,1,2,3,0.6035805445145934,0.3964194554854066
12,16001834,76,0.6035930646852754,0.6036042766863826,0.2071861293705508,1.1166275202304774,-0.1976447136236775,1,1,2,3,0.6035930646852754,0.3964069353147246
12,16001834,77,0.6036042766863826,0.603614317247346,0.20720855337276523,1.1166275202304774,-0.1976447136236775,1,1,2,3,0.6036042766863826,0.3963957233136174
12,16001834,78,0.603614317247346,0.6036233087976989,0.2072286344946921,1.1166275202304774,-0.1976447136236775,1,1,2,3,0.603614317247346,0.39638568275265396
12,16001834,79,0.6036233087976989,0.6036122140913931,0.20724661759539775,1.1166275202304774,-0.1976447136236775,0,1,2,3,0.6036233087976989,0.3963766912023011
12,16001834,80,0.6036122140913931,0.6036194252908149,0.2072244281827862,1.1166275202304774,-0.1976447136236775,1,1,2,3,0.6036122140913931,0.3963877859086069
12,16001834,81,0.6036194252908149,0.603625883146797,0.20723885058162983,1.1166275202304774,-0.1976447136236775,1,1,2,3,0.6036194252908149,0.3963805747091851
12,16001834,82,0.603625883146797,0.6036179146407672,0.207251766293594,1.1166275202304774,-0.1976447136236775,0,1,2,3,0.603625883146797,0.396374116853203
12,16001834,83,0.6036179146407672,0.603623093859073,0.2072358292815344,1.1166275202304774,-0.1976447136236775,1,1,2,3,0.6036179146407672,0.3963820853592328
12,16001834,84,0.603623093859073,0.6036277320445995,0.20724618771814596,1.1166275202304774,-0.1976447136236775,1,1,2,3,0.603623093859073,0.396376906140927
12,16001834,85,0.6036277320445995,0.6036318857226124,0.20725546408919904,1.1166275202304774,-0.1976447136236775,1,1,2,3,0.6036277320445995,0.3963722679554005
12,16001834,86,0.6036318857226124,0.6036267602603721,0.2072637714452248,1.1166275202304774,-0.1976447136236775,0,1,2,3,0.6036318857226124,0.3963681142773876
12,16001834,87,0.6036267602603721,0.6036221701922819,0.2072535205207442,1.1166275202304774,-0.1976447136236775,0,1,2,3,0.6036267602603721,0.3963732397396279
12,16001834,88,0.6036221701922819,0.6036251535429531,0.20724434038456385,1.1166275202304774,-0.1976447136236775,1,1,2,3,0.6036221701922819,0.3963778298077181
12,16001834,89,0.6036251535429531,0.6036214722780313,0.2072503070859062,1.1166275202304774,-0.1976447136236775,0,1,2,3,0.6036251535429531,0.3963748464570469
12,16001834,90,0.6036214722780313,0.6036238649556803,0.20724294455606262,1.1166275202304774,-0.1976447136236775,1,1,2,3,0.6036214722780313,0.3963785277219687
12,16001834,91,0.6036238649556803,0.603626007709482,0.20724772991136065,1.1166275202304774,-0.1976447136236775,1,1,2,3,0.6036238649556803,0.3963761350443197
12,16001834,92,0.603626007709482,0.6036233636728298,0.2072520154189641,1.1166275202304774,-0.1976447136236775,0,1,2,3,0.603626007709482,0.39637399229051795
12,16001834,93,0.6036233636728298,0.6036250821870757,0.20724672734565952,1.1166275202304774,-0.1976447136236775,1,1,2,3,0.6036233636728298,0.39637663632717024
12,16001834,94,0.6036250821870757,0.6036266211998693,0.20725016437415134,1.1166275202304774,-0.1976447136236775,1,1,2,3,0.6036250821870757,0.39637491781292433
12,16001834,95,0.6036266211998693,0.603627999461268,0.20725324239973864,1.1166275202304774,-0.1976447136236775,1,1,2,3,0.6036266211998693,0.3963733788001307
12,16001834,96,0.603627999461268,0.6036262987497266,0.207255998922536,1.1166275202304774,-0.1976447136236775,0,1,2,3,0.603627999461268,0.396372000538732
12,16001834,97,0.6036262987497266,0.6036274041341523,0.20725259749945324,1.1166275202304774,-0.1976447136236775,1,1,2,3,0.6036262987497266,0.3963737012502734
12,16001834,98,0.6036274041341523,0.6036283940615745,0.20725480826830456,1.1166275202304774,-0.1976447136236775,1,1,2,3,0.6036274041341523,0.3963725958658477
12,16001834,99,0.6036283940615745,0.6036271725332466,0.20725678812314907,1.1166275202304774,-0.1976447136236775,0,1,2,3,0.6036283940615745,0.39637160593842546
12,16001834,100,0.6036271725332466,0.6036279664693533,0.2072543450664932,1.1166275202304774,-0.1976447136236775,1,1,2,3,0.6036271725332466,0.3963728274667534
12,16001834,101,0.6036279664693533,0.6036269867866257,0.2072559329387067,1.1166275202304774,-0.1976447136236775,0,1,2,3,0.6036279664693533,0.39637203353064665
12,16001834,102,0.6036269867866257,0.6036261094302087,0.20725397357325148,1.1166275202304774,-0.1976447136236775,0,1,2,3,0.6036269867866257,0.39637301321337426
12,16001834,103,0.6036261094302087,0.6036253237120794,0.20725221886041734,1.1166275202304774,-0.1976447136236775,0,1,2,3,0.6036261094302087,0.39637389056979133
12,16001834,104,0.6036253237120794,0.6036246200606232,0.20725064742415888,1.1166275202304774,-0.1976447136236775,0,1,2,3,0.6036253237120794,0.39637467628792056
12,16001834,105,0.6036246200606232,0.6036250774053259,0.20724924012124646,1.1166275202304774,-0.1976447136236775,1,1,2,3,0.6036246200606232,0.39637537993937677
12,16001834,106,0.6036250774053259,0.6036254869814572,0.2072501548106518,1.1166275202304774,-0.1976447136236775,1,1,2,3,0.6036250774053259,0.3963749225946741
12,16001834,107,0.6036254869814572,0.603625853778392,0.20725097396291448,1.1166275202304774,-0.1976447136236775,1,1,2,3,0.6036254869814572,0.39637451301854276
12,16001834,108,0.603625853778392,0.6036254011692209,0.2072517075567839,1.1166275202304774,-0.1976447136236775,0,1,2,3,0.603625853778392,0.39637414622160805
12,16001834,109,0.6036254011692209,0.6036256953461555,0.20725080233844184,1.1166275202304774,-0.1976447136236775,1,1,2,3,0.6036254011692209,0.3963745988307791
12,16001834,110,0.6036256953461555,0.6036259587971543,0.20725139069231102,1.1166275202304774,-0.1976447136236775,1,1,2,3,0.6036256953461555,0.3963743046538445
12,16001834,111,0.6036259587971543,0.603626194731478,0.2072519175943086,1.1166275202304774,-0.1976447136236775,1,1,2,3,0.6036259587971543,0.3963740412028457
12,16001834,112,0.603626194731478,0.603625903599815,0.2072523894629561,1.1166275202304774,-0.1976447136236775,0,1,2,3,0.603626194731478,0.39637380526852195
12,16001834,113,0.603625903599815,0.603626092822935,0.2072518071996301,1.1166275202304774,-0.1976447136236775,1,1,2,3,0.603625903599815,0.39637409640018495
12,16001834,114,0.603626092822935,0.6036262622823051,0.20725218564587,1.1166275202304774,-0.1976447136236775,1,1,2,3,0.603626092822935,0.396373907177065
12,16001834,115,0.6036262622823051,0.6036264140421962,0.20725252456461019,1.1166275202304774,-0.1976447136236775,1,1,2,3,0.6036262622823051,0.3963737377176949
12,16001834,116,0.6036264140421962,0.6036265499512694,0.20725282808439238,1.1166275202304774,-0.1976447136236775,1,1,2,3,0.6036264140421962,0.3963735859578038
12,16001834,117,0.6036265499512694,0.603626671665097,0.20725309990253882,1.1166275202304774,-0.1976447136236775,1,1,2,3,0.6036265499512694,0.3963734500487306
12,16001834,118,0.603626671665097,0.6036267806663299,0.20725334333019396,1.1166275202304774,-0.1976447136236775,1,1,2,3,0.603626671665097,0.396373328334903
12,16001834,119,0.6036267806663299,0.6036266461637186,0.20725356133265982,1.1166275202304774,-0.1976447136236775,0,1,2,3,0.6036267806663299,0.3963732193336701
12,16001834,120,0.6036266461637186,0.603626733584489,0.20725329232743728,1.1166275202304774,-0.1976447136236775,1,1,2,3,0.6036266461637186,0.39637335383628136
12,16001834,121,0.603626733584489,0.603626811874467,0.20725346716897808,1.1166275202304774,-0.1976447136236775,1,1,2,3,0.603626733584489,0.39637326641551096
12,16001834,122,0.603626811874467,0.603626881987334,0.20725362374893397,1.1166275202304774,-0.1976447136236775,1,1,2,3,0.603626811874467,0.396373188125533
12,16001834,123,0.603626881987334,0.60362694477716206,0.2072537639746681,1.1166275202304774,-0.1976447136236775,1,1,2,3,0.603626881987334,0.39637311801266595
12,16001834,124,0.60362694477716206,0.6036268672972903,0.2072538895543241,1.1166275202304774,-0.1976447136236775,0,1,2,3,0.60362694477716206,0.39637305522283794
12,16001834,125,0.6036268672972903,0.6036267979099117,0.20725373459458063,1.1166275202304774,-0.1976447136236775,0,1,2,3,0.6036268672972903,0.3963731327027097
12,16001834,126,0.6036267979099117,0.603626735769793,0.2072535958198234,1.1166275202304774,-0.1976447136236775,0,1,2,3,0.6036267979099117,0.3963732020900883
12,16001834,127,0.603626735769793,0.6036267761581278,0.20725347153958595,1.1166275202304774,-0.1976447136236775,1,1,2,3,0.603626735769793,0.396373264230207
12,16001834,128,0.6036267761581278,0.6036268123280489,0.20725355231625553,1.1166275202304774,-0.1976447136236775,1,1,2,3,0.6036267761581278,0.39637322384187224
12,16001834,129,0.6036268123280489,0.60362676769598,0.20725362465609787,1.1166275202304774,-0.1976447136236775,0,1,2,3,0.6036268123280489,0.39637318767195107
12,16001834,130,0.60362676769598,0.6036267277255662,0.20725353539196,1.1166275202304774,-0.1976447136236775,0,1,2,3,0.60362676769598,0.39637323230402
12,16001834,131,0.6036267277255662,0.6036267537045733,0.2072534554511325,1.1166275202304774,-0.1976447136236775,1,1,2,3,0.6036267277255662,0.39637327227443375
12,16001834,132,0.6036267537045733,0.6036267769701693,0.2072535074091466,1.1166275202304774,-0.1976447136236775,1,1,2,3,0.6036267537045733,0.3963732462954267
12,16001834,133,0.6036267769701693,0.6036267978057601,0.20725355394033862,1.1166275202304774,-0.1976447136236775,1,1,2,3,0.6036267769701693,0.3963732230298307
12,16001834,134,0.6036267978057601,0.6036268164651509,0.20725359561152024,1.1166275202304774,-0.1976447136236775,1,1,2,3,0.6036267978057601,0.3963732021942399
12,16001834,135,0.6036268164651509,0.6036268331756379,0.20725363293030186,1.1166275202304774,-0.1976447136236775,1,1,2,3,0.6036268164651509,0.39637318353484907
12,16001834,136,0.6036268331756379,0.6036268481407769,0.20725366635127584,1.1166275202304774,-0.1976447136236775,1,1,2,3,0.6036268331756379,0.3963731668243621
12,16001834,137,0.6036268481407769,0.603626861542863,0.20725369628155388,1.1166275202304774,-0.1976447136236775,1,1,2,3,0.6036268481407769,0.39637315185922306
12,16001834,138,0.603626861542863,0.6036268450052829,0.2072537230857261,1.1166275202304774,-0.1976447136236775,0,1,2,3,0.603626861542863,0.39637313845713695
12,16001834,139,0.6036268450052829,0.603626830194991,0.2072536900105657,1.1166275202304774,-0.1976447136236775,0,1,2,3,0.6036268450052829,0.39637315499471715
12,16001834,140,0.603626830194991,0.6036268398210254,0.20725366038998194,1.1166275202304774,-0.1976447136236775,1,1,2,3,0.603626830194991,0.39637316980500903
12,16001834,141,0.6036268398210254,0.6036268484416567,0.20725367964205077,1.1166275202304774,-0.1976447136236775,1,1,2,3,0.6036268398210254,0.3963731601789746
12,16001834,142,0.6036268484416567,0.6036268378041801,0.2072536968833134,1.1166275202304774,-0.1976447136236775,0,1,2,3,0.6036268484416567,0.3963731515583433
12,16001834,143,0.6036268378041801,0.6036268282777479,0.20725367560836028,1.1166275202304774,-0.1976447136236775,0,1,2,3,0.6036268378041801,0.39637316219581986
12,16001834,144,0.6036268282777479,0.6036268197463157,0.20725365655549588,1.1166275202304774,-0.1976447136236775,0,1,2,3,0.6036268282777479,0.39637317172225206
12,16001834,145,0.6036268197463157,0.6036268121059596,0.20725363949263143,1.1166275202304774,-0.1976447136236775,0,1,2,3,0.6036268197463157,0.3963731802536843
12,16001834,146,0.6036268121059596,0.6036268052636098,0.20725362421191917,1.1166275202304774,-0.1976447136236775,0,1,2,3,0.6036268121059596,0.3963731878940404
12,16001834,147,0.6036268052636098,0.6036268097108348,0.20725361052721958,1.1166275202304774,-0.1976447136236775,1,1,2,3,0.6036268052636098,0.3963731947363902
12,16001834,148,0.6036268097108348,0.6036268136935639,0.20725361942166964,1.1166275202304774,-0.1976447136236775,1,1,2,3,0.6036268097108348,0.3963731902891652
12,16001834,149,0.6036268136935639,0.6036268172603121,0.20725362738712771,1.1166275202304774,-0.1976447136236775,1,1,2,3,0.6036268136935639,0.39637318630643614
12,16001834,150,0.6036268172603121,0.6036268204545268,0.20725363452062417,1.1166275202304774,-0.1976447136236775,1,1,2,3,0.6036268172603121,0.3963731827396879
12,16001834,151,0.6036268204545268,0.6036268233151179,0.20725364090905352,1.1166275202304774,-0.1976447136236775,1,1,2,3,0.6036268204545268,0.39637317954547324
12,16001834,152,0.6036268233151179,0.603626825876931,0.2072536466302357,1.1166275202304774,-0.1976447136236775,1,1,2,3,0.6036268233151179,0.39637317668488214
12,16001834,153,0.603626825876931,0.6036268281711723,0.2072536517538619,1.1166275202304774,-0.1976447136236775,1,1,2,3,0.603626825876931,0.39637317412306905
12,16001834,154,0.6036268281711723,0.6036268253401803,0.2072536563423446,1.1166275202304774,-0.1976447136236775,0,1,2,3,0.6036268281711723,0.3963731718288277
12,16001834,155,0.6036268253401803,0.6036268271802,0.2072536506803606,1.1166275202304774,-0.1976447136236775,1,1,2,3,0.6036268253401803,0.3963731746598197
12,16001834,156,0.6036268271802,0.6036268288280365,0.2072536543604,1.1166275202304774,-0.1976447136236775,1,1,2,3,0.6036268271802,0.3963731728198
12,16001834,157,0.6036268288280365,0.6036268267946795,0.20725365765607306,1.1166275202304774,-0.1976447136236775,0,1,2,3,0.6036268288280365,0.39637317117196347
12,16001834,158,0.6036268267946795,0.6036268281162717,0.207253653589359,1.1166275202304774,-0.1976447136236775,1,1,2,3,0.6036268267946795,0.3963731732053205
12,16001834,159,0.6036268281162717,0.6036268292998285,0.20725365623254333,1.1166275202304774,-0.1976447136236775,1,1,2,3,0.6036268281162717,0.39637317188372834
12,16001834,160,0.6036268292998285,0.6036268303597674,0.20725365859965694,1.1166275202304774,-0.1976447136236775,1,1,2,3,0.6036268292998285,0.39637317070017153
12,16001834,161,0.6036268303597674,0.6036268290518498,0.20725366071953477,1.1166275202304774,-0.1976447136236775,0,1,2,3,0.6036268303597674,0.3963731696402326
12,16001834,162,0.6036268290518498,0.6036268278805393,0.20725365810369967,1.1166275202304774,-0.1976447136236775,0,1,2,3,0.6036268290518498,0.39637317094815017
12,16001834,163,0.6036268278805393,0.6036268286418394,0.20725365576107868,1.1166275202304774,-0.1976447136236775,1,1,2,3,0.6036268278805393,0.39637317211946066
12,16001834,164,0.6036268286418394,0.6036268293236245,0.20725365728367873,1.1166275202304774,-0.1976447136236775,1,1,2,3,0.6036268286418394,0.39637317135816064
12,16001834,165,0.6036268293236245,0.603626828482332,0.2072536586472491,1.1166275202304774,-0.1976447136236775,0,1,2,3,0.6036268293236245,0.39637317067637545
12,16001834,166,0.603626828482332,0.603626829029135,0.2072536569646639,1.1166275202304774,-0.1976447136236775,1,1,2,3,0.603626828482332,0.39637317151766804
12,16001834,167,0.603626829029135,0.6036268295188264,0.20725365805827,1.1166275202304774,-0.1976447136236775,1,1,2,3,0.603626829029135,0.396373170970865
12,16001834,168,0.6036268295188264,0.6036268299573714,0.2072536590376528,1.1166275202304774,-0.1976447136236775,1,1,2,3,0.6036268295188264,0.3963731704811736
12,16001834,169,0.6036268299573714,0.6036268294162264,0.20725365991474276,1.1166275202304774,-0.1976447136236775,0,1,2,3,0.6036268299573714,0.3963731700426286
12,16001834,170,0.6036268294162264,0.6036268297679467,0.20725365883245273,1.1166275202304774,-0.1976447136236775,1,1,2,3,0.6036268294162264,0.39637317058377364
12,16001834,171,0.6036268297679467,0.6036268300829312,0.20725365953589336,1.1166275202304774,-0.1976447136236775,1,1,2,3,0.6036268297679467,0.3963731702320533
12,16001834,172,0.6036268300829312,0.6036268303650169,0.20725366016586233,1.1166275202304774,-0.1976447136236775,1,1,2,3,0.6036268300829312,0.39637316991706883
12,16001834,173,0.6036268303650169,0.6036268306176397,0.2072536607300337,1.1166275202304774,-0.1976447136236775,1,1,2,3,0.6036268303650169,0.39637316963498315
12,16001834,174,0.6036268306176397,0.6036268308438769,0.20725366123527933,1.1166275202304774,-0.1976447136236775,1,1,2,3,0.6036268306176397,0.39637316938236034
12,16001834,175,0.6036268308438769,0.6036268305647101,0.20725366168775383,1.1166275202304774,-0.1976447136236775,0,1,2,3,0.6036268308438769,0.3963731691561231
12,16001834,176,0.6036268305647101,0.6036268307461562,0.20725366112942023,1.1166275202304774,-0.1976447136236775,1,1,2,3,0.6036268305647101,0.3963731694352899
12,16001834,177,0.6036268307461562,0.6036268309086509,0.2072536614923124,1.1166275202304774,-0.1976447136236775,1,1,2,3,0.6036268307461562,0.3963731692538438
12,16001834,178,0.6036268309086509,0.6036268307081396,0.20725366181730176,1.1166275202304774,-0.1976447136236775,0,1,2,3,0.6036268309086509,0.3963731690913491
12,16001834,179,0.6036268307081396,0.603626830838463,0.2072536614162792,1.1166275202304774,-0.1976447136236775,1,1,2,3,0.6036268307081396,0.3963731692918604
12,16001834,180,0.603626830838463,0.6036268306776497,0.20725366167692605,1.1166275202304774,-0.1976447136236775,0,1,2,3,0.603626830838463,0.396373169161537
12,16001834,181,0.6036268306776497,0.6036268307821713,0.20725366135529932,1.1166275202304774,-0.1976447136236775,1,1,2,3,0.6036268306776497,0.39637316932235034
12,16001834,182,0.6036268307821713,0.6036268306531963,0.20725366156434255,1.1166275202304774,-0.1976447136236775,0,1,2,3,0.6036268307821713,0.3963731692178287
12,16001834,183,0.6036268306531963,0.6036268305376923,0.20725366130639267,1.1166275202304774,-0.1976447136236775,0,1,2,3,0.6036268306531963,0.39637316934680367
12,16001834,184,0.6036268305376923,0.6036268306127647,0.20725366107538457,1.1166275202304774,-0.1976447136236775,1,1,2,3,0.6036268305376923,0.3963731694623077
12,16001834,185,0.6036268306127647,0.6036268306799962,0.20725366122552935,1.1166275202304774,-0.1976447136236775,1,1,2,3,0.6036268306127647,0.3963731693872353
12,16001834,186,0.6036268306799962,0.6036268307402056,0.20725366135999246,1.1166275202304774,-0.1976447136236775,1,1,2,3,0.6036268306799962,0.39637316932000377
12,16001834,187,0.6036268307402056,0.6036268306659099,0.20725366148041124,1.1166275202304774,-0.1976447136236775,0,1,2,3,0.6036268307402056,0.3963731692597944
12,16001834,188,0.6036268306659099,0.6036268305993739,0.20725366133181988,1.1166275202304774,-0.1976447136236775,0,1,2,3,0.6036268306659099,0.39637316933409006
12,16001834,189,0.6036268305993739,0.6036268305397876,0.20725366119874788,1.1166275202304774,-0.1976447136236775,0,1,2,3,0.6036268305993739,0.39637316940062606
12,16001834,190,0.6036268305397876,0.6036268305785162,0.2072536610795752,1.1166275202304774,-0.1976447136236775,1,1,2,3,0.6036268305397876,0.3963731694602124
12,16001834,191,0.6036268305785162,0.6036268306131998,0.20725366115703237,1.1166275202304774,-0.1976447136236775,1,1,2,3,0.6036268305785162,0.3963731694214838
12,16001834,192,0.6036268306131998,0.6036268306442607,0.20725366122639954,1.1166275202304774,-0.1976447136236775,1,1,2,3,0.6036268306131998,0.39637316938680023
12,16001834,193,0.6036268306442607,0.6036268306720773,0.2072536612885214,1.1166275202304774,-0.1976447136236775,1,1,2,3,0.6036268306442607,0.3963731693557393
12,16001834,194,0.6036268306720773,0.6036268306969887,0.20725366134415468,1.1166275202304774,-0.1976447136236775,1,1,2,3,0.6036268306720773,0.39637316932792266
12,16001834,195,0.6036268306969887,0.6036268306662492,0.2072536613939775,1.1166275202304774,-0.1976447136236775,0,1,2,3,0.6036268306969887,0.39637316930301125
12,16001834,196,0.6036268306662492,0.6036268306387204,0.20725366133249845,1.1166275202304774,-0.1976447136236775,0,1,2,3,0.6036268306662492,0.3963731693337508
12,16001834,197,0.6036268306387204,0.6036268306566129,0.20725366127744071,1.1166275202304774,-0.1976447136236775,1,1,2,3,0.6036268306387204,0.39637316936127964
12,16001834,198,0.6036268306566129,0.6036268306726367,0.20725366131322587,1.1166275202304774,-0.1976447136236775,1,1,2,3,0.6036268306566129,0.39637316934338707
12,16001834,199,0.6036268306726367,0.6036268306869867,0.20725366134527334,1.1166275202304774,-0.1976447136236775,1,1,2,3,0.6036268306726367,0.39637316932736333
12,16001834,200,0.6036268306869867,0.603626830699838,0.2072536613739735,1.1166275202304774,-0.1976447136236775,1,1,2,3,0.6036268306869867,0.39637316931301325
12,16001834,201,0.603626830699838,0.6036268306839802,0.20725366139967605,1.1166275202304774,-0.1976447136236775,0,1,2,3,0.603626830699838,0.396373169300162
12,16001834,202,0.6036268306839802,0.6036268306942871,0.2072536613679603,1.1166275202304774,-0.1976447136236775,1,1,2,3,0.6036268306839802,0.39637316931601985
12,16001834,203,0.6036268306942871,0.6036268307035175,0.20725366138857426,1.1166275202304774,-0.1976447136236775,1,1,2,3,0.6036268306942871,0.39637316930571287
12,16001834,204,0.6036268307035175,0.6036268307117839,0.20725366140703505,1.1166275202304774,-0.1976447136236775,1,1,2,3,0.6036268307035175,0.3963731692964825
12,16001834,205,0.6036268307117839,0.6036268307191869,0.20725366142356783,1.1166275202304774,-0.1976447136236775,1,1,2,3,0.6036268307117839,0.3963731692882161
12,16001834,206,0.6036268307191869,0.6036268307100519,0.20725366143837376,1.1166275202304774,-0.1976447136236775,0,1,2,3,0.6036268307191869,0.3963731692808131
12,16001834,207,0.6036268307100519,0.6036268307018711,0.2072536614201037,1.1166275202304774,-0.1976447136236775,0,1,2,3,0.6036268307100519,0.39637316928994815
12,16001834,208,0.6036268307018711,0.6036268307071881,0.20725366140374213,1.1166275202304774,-0.1976447136236775,1,1,2,3,0.6036268307018711,0.39637316929812894
12,16001834,209,0.6036268307071881,0.60362683071195,0.2072536614143763,1.1166275202304774,-0.1976447136236775,1,1,2,3,0.6036268307071881,0.39637316929281186
12,16001834,210,0.60362683071195,0.6036268307060743,0.2072536614239,1.1166275202304774,-0.1976447136236775,0,1,2,3,0.60362683071195,0.39637316928805
12,16001834,211,0.6036268307060743,0.6036268307098933,0.20725366141214852,1.1166275202304774,-0.1976447136236775,1,1,2,3,0.6036268307060743,0.39637316929392574
12,16001834,212,0.6036268307098933,0.6036268307051806,0.20725366141978663,1.1166275202304774,-0.1976447136236775,0,1,2,3,0.6036268307098933,0.3963731692901067
12,16001834,213,0.6036268307051806,0.6036268307009605,0.20725366141036128,1.1166275202304774,-0.1976447136236775,0,1,2,3,0.6036268307051806,0.39637316929481936
12,16001834,214,0.6036268307009605,0.6036268307037034,0.20725366140192092,1.1166275202304774,-0.1976447136236775,1,1,2,3,0.6036268307009605,0.39637316929903954
12,16001834,215,0.6036268307037034,0.60362683070616,0.20725366140740675,1.1166275202304774,-0.1976447136236775,1,1,2,3,0.6036268307037034,0.3963731692962966
12,16001834,216,0.60362683070616,0.6036268307083599,0.20725366141231993,1.1166275202304774,-0.1976447136236775,1,1,2,3,0.60362683070616,0.39637316929384003
12,16001834,217,0.6036268307083599,0.6036268307103301,0.20725366141671975,1.1166275202304774,-0.1976447136236775,1,1,2,3,0.6036268307083599,0.3963731692916401
12,16001834,218,0.6036268307103301,0.6036268307078989,0.20725366142066015,1.1166275202304774,-0.1976447136236775,0,1,2,3,0.6036268307103301,0.3963731692896699
12,16001834,219,0.6036268307078989,0.6036268307094791,0.20725366141579782,1.1166275202304774,-0.1976447136236775,1,1,2,3,0.6036268307078989,0.3963731692921011
12,16001834,220,0.6036268307094791,0.6036268307108942,0.20725366141895818,1.1166275202304774,-0.1976447136236775,1,1,2,3,0.6036268307094791,0.3963731692905209
12,16001834,221,0.6036268307108942,0.603626830709148,0.20725366142178836,1.1166275202304774,-0.1976447136236775,0,1,2,3,0.6036268307108942,0.3963731692891058
12,16001834,222,0.603626830709148,0.6036268307075843,0.20725366141829604,1.1166275202304774,-0.1976447136236775,0,1,2,3,0.603626830709148,0.396373169290852
12,16001834,223,0.6036268307075843,0.6036268307086006,0.20725366141516854,1.1166275202304774,-0.1976447136236775,1,1,2,3,0.6036268307075843,0.39637316929241573
12,16001834,224,0.6036268307086006,0.6036268307073465,0.20725366141720114,1.1166275202304774,-0.1976447136236775,0,1,2,3,0.6036268307086006,0.39637316929139943
12,16001834,225,0.6036268307073465,0.6036268307081616,0.20725366141469292,1.1166275202304774,-0.1976447136236775,1,1,2,3,0.6036268307073465,0.39637316929265354
12,16001834,226,0.6036268307081616,0.6036268307088916,0.20725366141632318,1.1166275202304774,-0.1976447136236775,1,1,2,3,0.6036268307081616,0.3963731692918384
12,16001834,227,0.6036268307088916,0.6036268307095453,0.20725366141778312,1.1166275202304774,-0.1976447136236775,1,1,2,3,0.6036268307088916,0.39637316929110844
12,16001834,228,0.6036268307095453,0.6036268307101308,0.20725366141909052,1.1166275202304774,-0.1976447136236775,1,1,2,3,0.6036268307095453,0.39637316929045474
12,16001834,229,0.6036268307101308,0.6036268307094084,0.20725366142026158,1.1166275202304774,-0.1976447136236775,0,1,2,3,0.6036268307101308,0.3963731692898692
12,16001834,230,0.6036268307094084,0.6036268307098779,0.20725366141881674,1.1166275202304774,-0.1976447136236775,1,1,2,3,0.6036268307094084,0.39637316929059163
12,16001834,231,0.6036268307098779,0.6036268307092985,0.20725366141975576,1.1166275202304774,-0.1976447136236775,0,1,2,3,0.6036268307098779,0.3963731692901221
12,16001834,232,0.6036268307092985,0.603626830709675,0.2072536614185969,1.1166275202304774,-0.1976447136236775,1,1,2,3,0.6036268307092985,0.39637316929070154
12,16001834,233,0.603626830709675,0.6036268307100123,0.2072536614193501,1.1166275202304774,-0.1976447136236775,1,1,2,3,0.603626830709675,0.39637316929032496
12,16001834,234,0.6036268307100123,0.6036268307103143,0.20725366142002466,1.1166275202304774,-0.1976447136236775,1,1,2,3,0.6036268307100123,0.39637316928998767
12,16001834,235,0.6036268307103143,0.6036268307105849,0.20725366142062862,1.1166275202304774,-0.1976447136236775,1,1,2,3,0.6036268307103143,0.3963731692896857
12,16001834,236,0.6036268307105849,0.603626830710251,0.20725366142116974,1.1166275202304774,-0.1976447136236775,0,1,2,3,0.6036268307105849,0.39637316928941513
12,16001834,237,0.603626830710251,0.603626830710468,0.20725366142050206,1.1166275202304774,-0.1976447136236775,1,1,2,3,0.603626830710251,0.39637316928974897
12,16001834,238,0.603626830710468,0.6036268307106623,0.20725366142093593,1.1166275202304774,-0.1976447136236775,1,1,2,3,0.603626830710468,0.39637316928953203
12,16001834,239,0.6036268307106623,0.6036268307104226,0.2072536614213245,1.1166275202304774,-0.1976447136236775,0,1,2,3,0.6036268307106623,0.39637316928933775
12,16001834,240,0.6036268307104226,0.6036268307105783,0.20725366142084511,1.1166275202304774,-0.1976447136236775,1,1,2,3,0.6036268307104226,0.39637316928957744
13,16001835,1,0.5,0.3333333333333333,0,1.072792871844106,-0.4858352088311775,0,1,2,2,0.5,0.5
13,16001835,2,0.3333333333333333,0.49106351904766193,0.33333333333333337,1.072792871844106,-0.4858352088311775,1,1,2,2,0.3333333333333333,0.6666666666666667
13,16001835,3,0.49106351904766193,0.39680721187170587,0.017872961904676132,1.072792871844106,-0.4858352088311775,0,1,2,2,0.49106351904766193,0.508936480952338
13,16001835,4,0.39680721187170587,0.4878785331965092,0.20638557625658827,1.072792871844106,-0.4858352088311775,1,1,2,2,0.39680721187170587,0.6031927881282941
13,16001835,5,0.4878785331965092,0.5534528690859055,0.024242933606981598,1.072792871844106,-0.4858352088311775,1,1,2,2,0.4878785331965092,0.5121214668034908
13,16001835,6,0.5534528690859055,0.49416546712358295,0.10690573817181104,1.072792871844106,-0.4858352088311775,0,1,2,2,0.5534528690859055,0.4465471309140945
13,16001835,7,0.49416546712358295,0.5412362264435029,0.011669065752834107,1.072792871844106,-0.4858352088311775,1,1,2,2,0.49416546712358295,0.5058345328764171
13,16001835,8,0.5412362264435029,0.497945083733241,0.08247245288700578,1.072792871844106,-0.4858352088311775,0,1,2,2,0.5412362264435029,0.4587637735564971
13,16001835,9,0.497945083733241,0.5334853338874991,0.004109832533518043,1.072792871844106,-0.4858352088311775,1,1,2,2,0.497945083733241,0.502054916266759
13,16001835,10,0.5334853338874991,0.5004473083990868,0.06697066777499816,1.072792871844106,-0.4858352088311775,0,1,2,2,0.5334853338874991,0.4665146661125009
13,16001835,11,0.5004473083990868,0.5281743348329356,8.946167981735975e-4,1.072792871844106,-0.4858352088311775,1,1,2,2,0.5004473083990868,0.4995526916009132
13,16001835,12,0.5281743348329356,0.5022111831392351,0.056348669665871265,1.072792871844106,-0.4858352088311775,0,1,2,2,0.5281743348329356,0.47182566516706437
13,16001835,13,0.5022111831392351,0.5243405860143839,0.004422366278470147,1.072792871844106,-0.4858352088311775,1,1,2,2,0.5022111831392351,0.4977888168607649
13,16001835,14,0.5243405860143839,0.5435072445345117,0.04868117202876787,1.072792871844106,-0.4858352088311775,1,1,2,2,0.5243405860143839,0.47565941398561606
13,16001835,15,0.5435072445345117,0.5602301104329849,0.08701448906902343,1.072792871844106,-0.4858352088311775,1,1,2,2,0.5435072445345117,0.4564927554654883
13,16001835,16,0.5602301104329849,0.5749144653164926,0.12046022086596975,1.072792871844106,-0.4858352088311775,1,1,2,2,0.5602301104329849,0.4397698895670151
13,16001835,17,0.5749144653164926,0.5878814524857707,0.1498289306329852,1.072792871844106,-0.4858352088311775,1,1,2,2,0.5749144653164926,0.4250855346835074
13,16001835,18,0.5878814524857707,0.5723070610934264,0.17576290497154146,1.072792871844106,-0.4858352088311775,0,1,2,2,0.5878814524857707,0.41211854751422927
13,16001835,19,0.5723070610934264,0.5831359983242607,0.14461412218685288,1.072792871844106,-0.4858352088311775,1,1,2,2,0.5723070610934264,0.42769293890657356
13,16001835,20,0.5831359983242607,0.5928263143009477,0.16627199664852133,1.072792871844106,-0.4858352088311775,1,1,2,2,0.5831359983242607,0.41686400167573934
13,16001835,21,0.5928263143009477,0.580843295510275,0.18565262860189535,1.072792871844106,-0.4858352088311775,0,1,2,2,0.5928263143009477,0.4071736856990523
13,16001835,22,0.580843295510275,0.5890174791020776,0.16168659102055005,1.072792871844106,-0.4858352088311775,1,1,2,2,0.580843295510275,0.419156704489725
13,16001835,23,0.5890174791020776,0.5789833547428869,0.17803495820415516,1.072792871844106,-0.4858352088311775,0,1,2,2,0.5890174791020776,0.4109825208979224
13,16001835,24,0.5789833547428869,0.5859098845845704,0.15796670948577374,1.072792871844106,-0.4858352088311775,1,1,2,2,0.5789833547428869,0.42101664525711313
13,16001835,25,0.5859098845845704,0.5774579988364853,0.17181976916914077,1.072792871844106,-0.4858352088311775,0,1,2,2,0.5859098845845704,0.4140901154154296
13,16001835,26,0.5774579988364853,0.5833493883522852,0.1549159976729706,1.072792871844106,-0.4858352088311775,1,1,2,2,0.5774579988364853,0.4225420011635147
13,16001835,27,0.5833493883522852,0.5887192256907393,0.16669877670457045,1.072792871844106,-0.4858352088311775,1,1,2,2,0.5833493883522852,0.4166506116477148
13,16001835,28,0.5887192256907393,0.5936222376607415,0.17743845138147862,1.072792871844106,-0.4858352088311775,1,1,2,2,0.5887192256907393,0.4112807743092607
13,16001835,29,0.5936222376607415,0.598106151103832,0.18724447532148303,1.072792871844106,-0.4858352088311775,1,1,2,2,0.5936222376607415,0.4063777623392585
13,16001835,30,0.598106151103832,0.6022127728201131,0.19621230220766406,1.072792871844106,-0.4858352088311775,1,1,2,2,0.598106151103832,0.40189384889616797
13,16001835,31,0.6022127728201131,0.6059788747864516,0.2044255456402262,1.072792871844106,-0.4858352088311775,1,1,2,2,0.6022127728201131,0.3977872271798869
13,16001835,32,0.6059788747864516,0.6094369244860887,0.21195774957290325,1.072792871844106,-0.4858352088311775,1,1,2,2,0.6059788747864516,0.3940211252135484
13,16001835,33,0.6094369244860887,0.604795761031394,0.21887384897217732,1.072792871844106,-0.4858352088311775,0,1,2,2,0.6094369244860887,0.39056307551391134
13,16001835,34,0.604795761031394,0.6005250214937451,0.20959152206278797,1.072792871844106,-0.4858352088311775,0,1,2,2,0.604795761031394,0.395204238968606
13,16001835,35,0.6005250214937451,0.596591402650363,0.20105004298749019,1.072792871844106,-0.4858352088311775,0,1,2,2,0.6005250214937451,0.3994749785062549
13,16001835,36,0.596591402650363,0.5991901882710113,0.19318280530072607,1.072792871844106,-0.4858352088311775,1,1,2,2,0.596591402650363,0.40340859734963697
13,16001835,37,0.5991901882710113,0.5958138158717736,0.19838037654202267,1.072792871844106,-0.4858352088311775,0,1,2,2,0.5991901882710113,0.40080981172898866
13,16001835,38,0.5958138158717736,0.5980540264091193,0.19162763174354724,1.072792871844106,-0.4858352088311775,1,1,2,2,0.5958138158717736,0.4041861841282264
13,16001835,39,0.5980540264091193,0.6001238396145366,0.19610805281823862,1.072792871844106,-0.4858352088311775,1,1,2,2,0.5980540264091193,0.4019459735908807
13,16001835,40,0.6001238396145366,0.6020374318941185,0.20024767922907327,1.072792871844106,-0.4858352088311775,1,1,2,2,0.6001238396145366,0.39987616038546336
13,16001835,41,0.6020374318941185,0.603807633673774,0.20407486378823703,1.072792871844106,-0.4858352088311775,1,1,2,2,0.6020374318941185,0.3979625681058815
13,16001835,42,0.603807633673774,0.6014625519562389,0.20761526734754798,1.072792871844106,-0.4858352088311775,0,1,2,2,0.603807633673774,0.396192366326226
13,16001835,43,0.6014625519562389,0.5992909223922401,0.20292510391247776,1.072792871844106,-0.4858352088311775,0,1,2,2,0.6014625519562389,0.3985374480437611
13,16001835,44,0.5992909223922401,0.5972789789524626,0.19858184478448027,1.072792871844106,-0.4858352088311775,0,1,2,2,0.5992909223922401,0.40070907760775987
13,16001835,45,0.5972789789524626,0.5986121702326689,0.19455795790492525,1.072792871844106,-0.4858352088311775,1,1,2,2,0.5972789789524626,0.4027210210475374
13,16001835,46,0.5986121702326689,0.599848355444275,0.19722434046533777,1.072792871844106,-0.4858352088311775,1,1,2,2,0.5986121702326689,0.4013878297673311
13,16001835,47,0.599848355444275,0.6009950180748532,0.1996967108885499,1.072792871844106,-0.4858352088311775,1,1,2,2,0.599848355444275,0.40015164455572505
13,16001835,48,0.6009950180748532,0.5994871739451849,0.20199003614970645,1.072792871844106,-0.4858352088311775,0,1,2,2,0.6009950180748532,0.3990049819251468
13,16001835,49,0.5994871739451849,0.6004800223374579,0.19897434789036983,1.072792871844106,-0.4858352088311775,1,1,2,2,0.5994871739451849,0.4005128260548151
13,16001835,50,0.6004800223374579,0.5991760053789635,0.2009600446749158,1.072792871844106,-0.4858352088311775,0,1,2,2,0.6004800223374579,0.3995199776625421
13,16001835,51,0.5991760053789635,0.6000360745441041,0.19835201075792708,1.072792871844106,-0.4858352088311775,1,1,2,2,0.5991760053789635,0.40082399462103646
13,16001835,52,0.6000360745441041,0.6008350482498567,0.20007214908820825,1.072792871844106,-0.4858352088311775,1,1,2,2,0.6000360745441041,0.3999639254558959
13,16001835,53,0.6008350482498567,0.6015774425775641,0.20167009649971335,1.072792871844106,-0.4858352088311775,1,1,2,2,0.6008350482498567,0.3991649517501433
13,16001835,54,0.6015774425775641,0.6005976299580635,0.20315488515512814,1.072792871844106,-0.4858352088311775,0,1,2,2,0.6015774425775641,0.39842255742243593
13,16001835,55,0.6005976299580635,0.6012412335937104,0.20119525991612708,1.072792871844106,-0.4858352088311775,1,1,2,2,0.6005976299580635,0.39940237004193646
13,16001835,56,0.6012412335937104,0.6018396288037422,0.2024824671874208,1.072792871844106,-0.4858352088311775,1,1,2,2,0.6012412335937104,0.3987587664062896
13,16001835,57,0.6018396288037422,0.6023960896847498,0.2036792576074844,1.072792871844106,-0.4858352088311775,1,1,2,2,0.6018396288037422,0.3981603711962578
13,16001835,58,0.6023960896847498,0.6029136401342344,0.20479217936949956,1.072792871844106,-0.4858352088311775,1,1,2,2,0.6023960896847498,0.3976039103152502
13,16001835,59,0.6029136401342344,0.602226740217448,0.20582728026846886,1.072792871844106,-0.4858352088311775,0,1,2,2,0.6029136401342344,0.39708635986576557
13,16001835,60,0.602226740217448,0.6026757290784803,0.20445348043489608,1.072792871844106,-0.4858352088311775,1,1,2,2,0.602226740217448,0.39777325978255196
13,16001835,61,0.6026757290784803,0.6020801609931095,0.20535145815696065,1.072792871844106,-0.4858352088311775,0,1,2,2,0.6026757290784803,0.3973242709215197
13,16001835,62,0.6020801609931095,0.6015259323133211,0.20416032198621892,1.072792871844106,-0.4858352088311775,0,1,2,2,0.6020801609931095,0.39791983900689054
13,16001835,63,0.6015259323133211,0.6010101144003507,0.20305186462664215,1.072792871844106,-0.4858352088311775,0,1,2,2,0.6015259323133211,0.3984740676866789
13,16001835,64,0.6010101144003507,0.6013488866574184,0.20202022880070136,1.072792871844106,-0.4858352088311775,1,1,2,2,0.6010101144003507,0.3989898855996493
13,16001835,65,0.6013488866574184,0.6016642453699483,0.20269777331483674,1.072792871844106,-0.4858352088311775,1,1,2,2,0.6013488866574184,0.39865111334258163
13,16001835,66,0.6016642453699483,0.6019578358887046,0.20332849073989667,1.072792871844106,-0.4858352088311775,1,1,2,2,0.6016642453699483,0.39833575463005166
13,16001835,67,0.6019578358887046,0.6022311843541399,0.2039156717774091,1.072792871844106,-0.4858352088311775,1,1,2,2,0.6019578358887046,0.39804216411129545
13,16001835,68,0.6022311843541399,0.6018689102899449,0.20446236870827983,1.072792871844106,-0.4858352088311775,0,1,2,2,0.6022311843541399,0.3977688156458601
13,16001835,69,0.6018689102899449,0.6021062238580093,0.20373782057988987,1.072792871844106,-0.4858352088311775,1,1,2,2,0.6018689102899449,0.39813108971005506
13,16001835,70,0.6021062238580093,0.6023272250800181,0.20421244771601854,1.072792871844106,-0.4858352088311775,1,1,2,2,0.6021062238580093,0.39789377614199073
13,16001835,71,0.6023272250800181,0.6020341674021006,0.20465445016003625,1.072792871844106,-0.4858352088311775,0,1,2,2,0.6023272250800181,0.3976727749199819
13,16001835,72,0.6020341674021006,0.6022260652078454,0.20406833480420117,1.072792871844106,-0.4858352088311775,1,1,2,2,0.6020341674021006,0.3979658325978994
13,16001835,73,0.6022260652078454,0.602404804836393,0.20445213041569077,1.072792871844106,-0.4858352088311775,1,1,2,2,0.6022260652078454,0.3977739347921546
13,16001835,74,0.602404804836393,0.602571297239832,0.20480960967278605,1.072792871844106,-0.4858352088311775,1,1,2,2,0.602404804836393,0.397595195163607
13,16001835,75,0.602571297239832,0.6023502825808514,0.2051425944796641,1.072792871844106,-0.4858352088311775,0,1,2,2,0.602571297239832,0.39742870276016795
13,16001835,76,0.6023502825808514,0.6024948738440811,0.20470056516170287,1.072792871844106,-0.4858352088311775,1,1,2,2,0.6023502825808514,0.39764971741914856
13,16001835,77,0.6024948738440811,0.6023029673028785,0.20498974768816214,1.072792871844106,-0.4858352088311775,0,1,2,2,0.6024948738440811,0.39750512615591893
13,16001835,78,0.6023029673028785,0.602428546783508,0.20460593460575693,1.072792871844106,-0.4858352088311775,1,1,2,2,0.6023029673028785,0.39769703269712153
13,16001835,79,0.602428546783508,0.6025455464389569,0.20485709356701598,1.072792871844106,-0.4858352088311775,1,1,2,2,0.602428546783508,0.397571453216492
13,16001835,80,0.6025455464389569,0.6026545561879159,0.20509109287791372,1.072792871844106,-0.4858352088311775,1,1,2,2,0.6025455464389569,0.39745445356104314
13,16001835,81,0.6026545561879159,0.6027561248982648,0.20530911237583171,1.072792871844106,-0.4858352088311775,1,1,2,2,0.6026545561879159,0.39734544381208414
13,16001835,82,0.6027561248982648,0.6028507633079533,0.2055122497965296,1.072792871844106,-0.4858352088311775,1,1,2,2,0.6027561248982648,0.3972438751017352
13,16001835,83,0.6028507633079533,0.602938946729674,0.20570152661590657,1.072792871844106,-0.4858352088311775,1,1,2,2,0.6028507633079533,0.3971492366920467
13,16001835,84,0.602938946729674,0.6028216967919188,0.20587789345934793,1.072792871844106,-0.4858352088311775,0,1,2,2,0.602938946729674,0.39706105327032604
13,16001835,85,0.6028216967919188,0.6028982984872344,0.20564339358383754,1.072792871844106,-0.4858352088311775,1,1,2,2,0.6028216967919188,0.39717830320808123
13,16001835,86,0.6028982984872344,0.6029696805753436,0.20579659697446884,1.072792871844106,-0.4858352088311775,1,1,2,2,0.6028982984872344,0.3971017015127656
13,16001835,87,0.6029696805753436,0.6030362001057882,0.20593936115068723,1.072792871844106,-0.4858352088311775,1,1,2,2,0.6029696805753436,0.3970303194246564
13,16001835,88,0.6030362001057882,0.6030981895217751,0.20607240021157636,1.072792871844106,-0.4858352088311775,1,1,2,2,0.6030362001057882,0.3969637998942118
13,16001835,89,0.6030981895217751,0.6030157125578974,0.20619637904355015,1.072792871844106,-0.4858352088311775,0,1,2,2,0.6030981895217751,0.3969018104782249
13,16001835,90,0.6030157125578974,0.6030695647875477,0.20603142511579486,1.072792871844106,-0.4858352088311775,1,1,2,2,0.6030157125578974,0.39698428744210257
13,16001835,91,0.6030695647875477,0.6029979192528991,0.2061391295750954,1.072792871844106,-0.4858352088311775,0,1,2,2,0.6030695647875477,0.3969304352124523
13,16001835,92,0.6029979192528991,0.6030447036037131,0.20599583850579828,1.072792871844106,-0.4858352088311775,1,1,2,2,0.6029979192528991,0.39700208074710086
13,16001835,93,0.6030447036037131,0.6029824649388587,0.2060894072074262,1.072792871844106,-0.4858352088311775,0,1,2,2,0.6030447036037131,0.3969552963962869
13,16001835,94,0.6029824649388587,0.6029244595282761,0.2059649298777173,1.072792871844106,-0.4858352088311775,0,1,2,2,0.6029824649388587,0.39701753506114135
13,16001835,95,0.6029244595282761,0.6028703987992756,0.20584891905655223,1.072792871844106,-0.4858352088311775,0,1,2,2,0.6029244595282761,0.3970755404717239
13,16001835,96,0.6028703987992756,0.602905717939299,0.20574079759855124,1.072792871844106,-0.4858352088311775,1,1,2,2,0.6028703987992756,0.3971296012007244
13,16001835,97,0.602905717939299,0.6029386358903515,0.20581143587859807,1.072792871844106,-0.4858352088311775,1,1,2,2,0.602905717939299,0.39709428206070096
13,16001835,98,0.6029386358903515,0.6028948580703545,0.20587727178070292,1.072792871844106,-0.4858352088311775,0,1,2,2,0.6029386358903515,0.39706136410964854
13,16001835,99,0.6028948580703545,0.6029234575039688,0.20578971614070896,1.072792871844106,-0.4858352088311775,1,1,2,2,0.6028948580703545,0.3971051419296455
13,16001835,100,0.6029234575039688,0.6029501133085029,0.20584691500793761,1.072792871844106,-0.4858352088311775,1,1,2,2,0.6029234575039688,0.3970765424960312
13,16001835,101,0.6029501133085029,0.6029146612379922,0.2059002266170058,1.072792871844106,-0.4858352088311775,0,1,2,2,0.6029501133085029,0.3970498866914971
13,16001835,102,0.6029146612379922,0.6029378205006225,0.2058293224759844,1.072792871844106,-0.4858352088311775,1,1,2,2,0.6029146612379922,0.3970853387620078
13,16001835,103,0.6029378205006225,0.6029070197150672,0.205875641001245,1.072792871844106,-0.4858352088311775,0,1,2,2,0.6029378205006225,0.3970621794993775
13,16001835,104,0.6029070197150672,0.602927141304882,0.20581403943013443,1.072792871844106,-0.4858352088311775,1,1,2,2,0.6029070197150672,0.3970929802849328
13,16001835,105,0.602927141304882,0.602945896060234,0.20585428260976402,1.072792871844106,-0.4858352088311775,1,1,2,2,0.602927141304882,0.397072858695118
13,16001835,106,0.602945896060234,0.6029633769241477,0.20589179212046793,1.072792871844106,-0.4858352088311775,1,1,2,2,0.602945896060234,0.39705410393976603
13,16001835,107,0.6029633769241477,0.6029401255310156,0.2059267538482954,1.072792871844106,-0.4858352088311775,0,1,2,2,0.6029633769241477,0.3970366230758523
13,16001835,108,0.6029401255310156,0.6029553137894464,0.20588025106203123,1.072792871844106,-0.4858352088311775,1,1,2,2,0.6029401255310156,0.3970598744689844
13,16001835,109,0.6029553137894464,0.602969470608186,0.2059106275788929,1.072792871844106,-0.4858352088311775,1,1,2,2,0.6029553137894464,0.39704468621055355
13,16001835,110,0.602969470608186,0.6029506398903495,0.2059389412163719,1.072792871844106,-0.4858352088311775,0,1,2,2,0.602969470608186,0.39703052939181405
13,16001835,111,0.6029506398903495,0.602962940174971,0.20590127978069894,1.072792871844106,-0.4858352088311775,1,1,2,2,0.6029506398903495,0.39704936010965053
13,16001835,112,0.602962940174971,0.6029465791844392,0.20592588034994197,1.072792871844106,-0.4858352088311775,0,1,2,2,0.602962940174971,0.397037059825029
13,16001835,113,0.6029465791844392,0.6029313290467785,0.20589315836887834,1.072792871844106,-0.4858352088311775,0,1,2,2,0.6029465791844392,0.39705342081556083
13,16001835,114,0.6029313290467785,0.6029171142947226,0.20586265809355697,1.072792871844106,-0.4858352088311775,0,1,2,2,0.6029313290467785,0.3970686709532215
13,16001835,115,0.6029171142947226,0.6029264006340973,0.20583422858944522,1.072792871844106,-0.4858352088311775,1,1,2,2,0.6029171142947226,0.3970828857052774
13,16001835,116,0.6029264006340973,0.6029350565397602,0.2058528012681946,1.072792871844106,-0.4858352088311775,1,1,2,2,0.6029264006340973,0.3970735993659027
13,16001835,117,0.6029350565397602,0.6029431248311515,0.2058701130795204,1.072792871844106,-0.4858352088311775,1,1,2,2,0.6029350565397602,0.3970649434602398
13,16001835,118,0.6029431248311515,0.6029506454167177,0.20588624966230307,1.072792871844106,-0.4858352088311775,1,1,2,2,0.6029431248311515,0.39705687516884847
13,16001835,119,0.6029506454167177,0.6029576554921595,0.20590129083343545,1.072792871844106,-0.4858352088311775,1,1,2,2,0.6029506454167177,0.3970493545832823
13,16001835,120,0.6029576554921595,0.6029641897251335,0.20591531098431903,1.072792871844106,-0.4858352088311775,1,1,2,2,0.6029576554921595,0.3970423445078405
13,16001835,121,0.6029641897251335,0.6029554980998579,0.2059283794502671,1.072792871844106,-0.4858352088311775,0,1,2,2,0.6029641897251335,0.39703581027486645
13,16001835,122,0.6029554980998579,0.6029611755614007,0.20591099619971587,1.072792871844106,-0.4858352088311775,1,1,2,2,0.6029554980998579,0.39704450190014207
13,16001835,123,0.6029611755614007,0.6029664676662853,0.20592235112280144,1.072792871844106,-0.4858352088311775,1,1,2,2,0.6029611755614007,0.3970388244385993
13,16001835,124,0.6029664676662853,0.6029594281880163,0.2059329353325705,1.072792871844106,-0.4858352088311775,0,1,2,2,0.6029664676662853,0.39703353233371474
13,16001835,125,0.6029594281880163,0.6029640264072585,0.20591885637603258,1.072792871844106,-0.4858352088311775,1,1,2,2,0.6029594281880163,0.3970405718119837
13,16001835,126,0.6029640264072585,0.6029683125417481,0.2059280528145171,1.072792871844106,-0.4858352088311775,1,1,2,2,0.6029640264072585,0.39703597359274145
13,16001835,127,0.6029683125417481,0.6029723077779174,0.2059366250834962,1.072792871844106,-0.4858352088311775,1,1,2,2,0.6029683125417481,0.3970316874582519
13,16001835,128,0.6029723077779174,0.6029760318632651,0.20594461555583488,1.072792871844106,-0.4858352088311775,1,1,2,2,0.6029723077779174,0.39702769222208256
13,16001835,129,0.6029760318632651,0.6029795032041708,0.2059520637265302,1.072792871844106,-0.4858352088311775,1,1,2,2,0.6029760318632651,0.3970239681367349
13,16001835,130,0.6029795032041708,0.6029827389570498,0.20595900640834164,1.072792871844106,-0.4858352088311775,1,1,2,2,0.6029795032041708,0.3970204967958292
13,16001835,131,0.6029827389570498,0.6029857551133019,0.20596547791409958,1.072792871844106,-0.4858352088311775,1,1,2,2,0.6029827389570498,0.3970172610429502
13,16001835,132,0.6029857551133019,0.602988566578479,0.20597151022660376,1.072792871844106,-0.4858352088311775,1,1,2,2,0.6029857551133019,0.3970142448866981
13,16001835,133,0.602988566578479,0.6029848264811546,0.20597713315695798,1.072792871844106,-0.4858352088311775,0,1,2,2,0.602988566578479,0.397011433421521
13,16001835,134,0.6029848264811546,0.6029813401995535,0.20596965296230918,1.072792871844106,-0.4858352088311775,0,1,2,2,0.6029848264811546,0.3970151735188454
13,16001835,135,0.6029813401995535,0.6029836173012986,0.20596268039910703,1.072792871844106,-0.4858352088311775,1,1,2,2,0.6029813401995535,0.3970186598004465
13,16001835,136,0.6029836173012986,0.6029857398740976,0.20596723460259714,1.072792871844106,-0.4858352088311775,1,1,2,2,0.6029836173012986,0.39701638269870143
13,16001835,137,0.6029857398740976,0.6029829162319338,0.2059714797481953,1.072792871844106,-0.4858352088311775,0,1,2,2,0.6029857398740976,0.39701426012590235
13,16001835,138,0.6029829162319338,0.6029802842049571,0.20596583246386757,1.072792871844106,-0.4858352088311775,0,1,2,2,0.6029829162319338,0.3970170837680662
13,16001835,139,0.6029802842049571,0.6029820033517741,0.20596056840991417,1.072792871844106,-0.4858352088311775,1,1,2,2,0.6029802842049571,0.3970197157950429
13,16001835,140,0.6029820033517741,0.6029797164105126,0.2059640067035482,1.072792871844106,-0.4858352088311775,0,1,2,2,0.6029820033517741,0.3970179966482259
13,16001835,141,0.6029797164105126,0.6029775846601652,0.20595943282102525,1.072792871844106,-0.4858352088311775,0,1,2,2,0.6029797164105126,0.3970202835894874
13,16001835,142,0.6029775846601652,0.6029755975686728,0.2059551693203303,1.072792871844106,-0.4858352088311775,0,1,2,2,0.6029775846601652,0.39702241533983484
13,16001835,143,0.6029755975686728,0.602976895490273,0.2059511951373456,1.072792871844106,-0.4858352088311775,1,1,2,2,0.6029755975686728,0.3970244024313272
13,16001835,144,0.602976895490273,0.6029781053369121,0.205953790980546,1.072792871844106,-0.4858352088311775,1,1,2,2,0.602976895490273,0.397023104509727
13,16001835,145,0.6029781053369121,0.6029792330856193,0.2059562106738242,1.072792871844106,-0.4858352088311775,1,1,2,2,0.6029781053369121,0.3970218946630879
13,16001835,146,0.6029792330856193,0.6029802843077525,0.20595846617123859,1.072792871844106,-0.4858352088311775,1,1,2,2,0.6029792330856193,0.3970207669143807
13,16001835,147,0.6029802843077525,0.6029788858959902,0.20596056861550505,1.072792871844106,-0.4858352088311775,0,1,2,2,0.6029802843077525,0.3970197156922475
13,16001835,148,0.6029788858959902,0.6029797992967015,0.2059577717919805,1.072792871844106,-0.4858352088311775,1,1,2,2,0.6029788858959902,0.39702111410400975
13,16001835,149,0.6029797992967015,0.6029806507167589,0.20595959859340307,1.072792871844106,-0.4858352088311775,1,1,2,2,0.6029797992967015,0.39702020070329846
13,16001835,150,0.6029806507167589,0.6029795180938081,0.20596130143351776,1.072792871844106,-0.4858352088311775,0,1,2,2,0.6029806507167589,0.3970193492832411
13,16001835,151,0.6029795180938081,0.6029784623267735,0.20595903618761624,1.072792871844106,-0.4858352088311775,0,1,2,2,0.6029795180938081,0.3970204819061919
13,16001835,152,0.6029784623267735,0.602979151923897,0.2059569246535471,1.072792871844106,-0.4858352088311775,1,1,2,2,0.6029784623267735,0.39702153767322645
13,16001835,153,0.602979151923897,0.6029797947275882,0.2059583038477939,1.072792871844106,-0.4858352088311775,1,1,2,2,0.602979151923897,0.39702084807610305
13,16001835,154,0.6029797947275882,0.6029803939131837,0.20595958945517645,1.072792871844106,-0.4858352088311775,1,1,2,2,0.6029797947275882,0.3970202052724118
13,16001835,155,0.6029803939131837,0.6029795968313877,0.2059607878263674,1.072792871844106,-0.4858352088311775,0,1,2,2,0.6029803939131837,0.3970196060868163
13,16001835,156,0.6029795968313877,0.6029801174609353,0.20595919366277537,1.072792871844106,-0.4858352088311775,1,1,2,2,0.6029795968313877,0.3970204031686123
13,16001835,157,0.6029801174609353,0.6029794248807664,0.20596023492187054,1.072792871844106,-0.4858352088311775,0,1,2,2,0.6029801174609353,0.39701988253906473
13,16001835,158,0.6029794248807664,0.6029798772534417,0.20595884976153278,1.072792871844106,-0.4858352088311775,1,1,2,2,0.6029794248807664,0.3970205751192336
13,16001835,159,0.6029798772534417,0.6029802989302324,0.20595975450688342,1.072792871844106,-0.4858352088311775,1,1,2,2,0.6029798772534417,0.3970201227465583
13,16001835,160,0.6029802989302324,0.6029806919940653,0.20596059786046483,1.072792871844106,-0.4858352088311775,1,1,2,2,0.6029802989302324,0.3970197010697676
13,16001835,161,0.6029806919940653,0.6029801691099765,0.2059613839881307,1.072792871844106,-0.4858352088311775,0,1,2,2,0.6029806919940653,0.39701930800593466
13,16001835,162,0.6029801691099765,0.6029805106415083,0.20596033821995308,1.072792871844106,-0.4858352088311775,1,1,2,2,0.6029801691099765,0.39701983089002346
13,16001835,163,0.6029805106415083,0.6029808289984562,0.20596102128301652,1.072792871844106,-0.4858352088311775,1,1,2,2,0.6029805106415083,0.39701948935849174
13,16001835,164,0.6029808289984562,0.6029811257533564,0.20596165799691235,1.072792871844106,-0.4858352088311775,1,1,2,2,0.6029808289984562,0.3970191710015438
13,16001835,165,0.6029811257533564,0.6029807309861459,0.20596225150671277,1.072792871844106,-0.4858352088311775,0,1,2,2,0.6029811257533564,0.3970188742466436
13,16001835,166,0.6029807309861459,0.6029809888353218,0.20596146197229181,1.072792871844106,-0.4858352088311775,1,1,2,2,0.6029807309861459,0.3970192690138541
13,16001835,167,0.6029809888353218,0.6029806458237439,0.20596197767064361,1.072792871844106,-0.4858352088311775,0,1,2,2,0.6029809888353218,0.3970190111646782
13,16001835,168,0.6029806458237439,0.6029808698679141,0.20596129164748778,1.072792871844106,-0.4858352088311775,1,1,2,2,0.6029806458237439,0.3970193541762561
13,16001835,169,0.6029808698679141,0.6029810787096905,0.2059617397358282,1.072792871844106,-0.4858352088311775,1,1,2,2,0.6029808698679141,0.3970191301320859
13,16001835,170,0.6029810787096905,0.6029808008915288,0.20596215741938106,1.072792871844106,-0.4858352088311775,0,1,2,2,0.6029810787096905,0.39701892129030947
13,16001835,171,0.6029808008915288,0.6029809823533828,0.20596160178305767,1.072792871844106,-0.4858352088311775,1,1,2,2,0.6029808008915288,0.39701919910847117
13,16001835,172,0.6029809823533828,0.6029807409582562,0.20596196470676564,1.072792871844106,-0.4858352088311775,0,1,2,2,0.6029809823533828,0.3970190176466172
13,16001835,173,0.6029807409582562,0.602980898629809,0.2059614819165123,1.072792871844106,-0.4858352088311775,1,1,2,2,0.6029807409582562,0.39701925904174384
13,16001835,174,0.602980898629809,0.6029806888824927,0.20596179725961794,1.072792871844106,-0.4858352088311775,0,1,2,2,0.602980898629809,0.39701910137019103
13,16001835,175,0.6029806888824927,0.6029808258827484,0.20596137776498535,1.072792871844106,-0.4858352088311775,1,1,2,2,0.6029806888824927,0.3970193111175073
13,16001835,176,0.6029808258827484,0.6029809535869718,0.20596165176549674,1.072792871844106,-0.4858352088311775,1,1,2,2,0.6029808258827484,0.3970191741172516
13,16001835,177,0.6029809535869718,0.6029807837045418,0.20596190717394358,1.072792871844106,-0.4858352088311775,0,1,2,2,0.6029809535869718,0.3970190464130282
13,16001835,178,0.6029807837045418,0.6029808946663009,0.20596156740908356,1.072792871844106,-0.4858352088311775,1,1,2,2,0.6029807837045418,0.3970192162954582
13,16001835,179,0.6029808946663009,0.6029809980988577,0.20596178933260179,1.072792871844106,-0.4858352088311775,1,1,2,2,0.6029808946663009,0.3970191053336991
13,16001835,180,0.6029809980988577,0.6029810945131019,0.2059619961977155,1.072792871844106,-0.4858352088311775,1,1,2,2,0.6029809980988577,0.39701900190114225
13,16001835,181,0.6029810945131019,0.6029811843852566,0.20596218902620378,1.072792871844106,-0.4858352088311775,1,1,2,2,0.6029810945131019,0.3970189054868981
13,16001835,182,0.6029811843852566,0.6029812681592308,0.20596236877051322,1.072792871844106,-0.4858352088311775,1,1,2,2,0.6029811843852566,0.3970188156147434
13,16001835,183,0.6029812681592308,0.6029813462488121,0.20596253631846162,1.072792871844106,-0.4858352088311775,1,1,2,2,0.6029812681592308,0.3970187318407692
13,16001835,184,0.6029813462488121,0.6029814190397101,0.2059626924976241,1.072792871844106,-0.4858352088311775,1,1,2,2,0.6029813462488121,0.39701865375118794
13,16001835,185,0.6029814190397101,0.6029814868914632,0.20596283807942029,1.072792871844106,-0.4858352088311775,1,1,2,2,0.6029814190397101,0.39701858096028986
13,16001835,186,0.6029814868914632,0.6029813966294123,0.2059629737829265,1.072792871844106,-0.4858352088311775,0,1,2,2,0.6029814868914632,0.39701851310853675
13,16001835,187,0.6029813966294123,0.602981455585577,0.2059627932588246,1.072792871844106,-0.4858352088311775,1,1,2,2,0.6029813966294123,0.3970186033705877
13,16001835,188,0.602981455585577,0.6029813771571839,0.20596291117115406,1.072792871844106,-0.4858352088311775,0,1,2,2,0.602981455585577,0.39701854441442297
13,16001835,189,0.6029813771571839,0.6029814283840028,0.20596275431436784,1.072792871844106,-0.4858352088311775,1,1,2,2,0.6029813771571839,0.3970186228428161
13,16001835,190,0.6029814283840028,0.6029814761348873,0.20596285676800563,1.072792871844106,-0.4858352088311775,1,1,2,2,0.6029814283840028,0.3970185716159972
13,16001835,191,0.6029814761348873,0.6029814126126826,0.20596295226977457,1.072792871844106,-0.4858352088311775,0,1,2,2,0.6029814761348873,0.3970185238651127
13,16001835,192,0.6029814126126826,0.6029814541032713,0.20596282522536513,1.072792871844106,-0.4858352088311775,1,1,2,2,0.6029814126126826,0.39701858738731743
13,16001835,193,0.6029814541032713,0.6029813989090363,0.20596290820654262,1.072792871844106,-0.4858352088311775,0,1,2,2,0.6029814541032713,0.3970185458967287
13,16001835,194,0.6029813989090363,0.6029813474599375,0.2059627978180727,1.072792871844106,-0.4858352088311775,0,1,2,2,0.6029813989090363,0.39701860109096365
13,16001835,195,0.6029813474599375,0.6029812995018529,0.20596269491987496,1.072792871844106,-0.4858352088311775,0,1,2,2,0.6029813474599375,0.3970186525400625
13,16001835,196,0.6029812995018529,0.6029813308264905,0.20596259900370573,1.072792871844106,-0.4858352088311775,1,1,2,2,0.6029812995018529,0.39701870049814714
13,16001835,197,0.6029813308264905,0.6029812891558662,0.20596266165298105,1.072792871844106,-0.4858352088311775,0,1,2,2,0.6029813308264905,0.3970186691735095
13,16001835,198,0.6029812891558662,0.6029813163737439,0.20596257831173248,1.072792871844106,-0.4858352088311775,1,1,2,2,0.6029812891558662,0.39701871084413376
13,16001835,199,0.6029813163737439,0.6029813417447875,0.20596263274748772,1.072792871844106,-0.4858352088311775,1,1,2,2,0.6029813163737439,0.39701868362625614
13,16001835,200,0.6029813417447875,0.6029813653943116,0.20596268348957492,1.072792871844106,-0.4858352088311775,1,1,2,2,0.6029813417447875,0.39701865825521254
13,16001835,201,0.6029813653943116,0.6029813874391282,0.20596273078862315,1.072792871844106,-0.4858352088311775,1,1,2,2,0.6029813653943116,0.3970186346056884
13,16001835,202,0.6029813874391282,0.6029813581132828,0.20596277487825643,1.072792871844106,-0.4858352088311775,0,1,2,2,0.6029813874391282,0.3970186125608718
13,16001835,203,0.6029813581132828,0.602981377267954,0.2059627162265656,1.072792871844106,-0.4858352088311775,1,1,2,2,0.6029813581132828,0.3970186418867172
13,16001835,204,0.602981377267954,0.60298139512291,0.20596275453590795,1.072792871844106,-0.4858352088311775,1,1,2,2,0.602981377267954,0.397018622732046
13,16001835,205,0.60298139512291,0.6029814117663417,0.2059627902458201,1.072792871844106,-0.4858352088311775,1,1,2,2,0.60298139512291,0.39701860487708995
13,16001835,206,0.6029814117663417,0.6029814272804553,0.20596282353268336,1.072792871844106,-0.4858352088311775,1,1,2,2,0.6029814117663417,0.3970185882336583
13,16001835,207,0.6029814272804553,0.6029814417418794,0.20596285456091068,1.072792871844106,-0.4858352088311775,1,1,2,2,0.6029814272804553,0.39701857271954466
13,16001835,208,0.6029814417418794,0.602981422504088,0.2059628834837588,1.072792871844106,-0.4858352088311775,0,1,2,2,0.6029814417418794,0.3970185582581206
13,16001835,209,0.602981422504088,0.6029814350695738,0.20596284500817608,1.072792871844106,-0.4858352088311775,1,1,2,2,0.602981422504088,0.39701857749591196
13,16001835,210,0.6029814350695738,0.6029814183539177,0.2059628701391476,1.072792871844106,-0.4858352088311775,0,1,2,2,0.6029814350695738,0.3970185649304262
13,16001835,211,0.6029814183539177,0.60298140277248,0.20596283670783544,1.072792871844106,-0.4858352088311775,0,1,2,2,0.6029814183539177,0.3970185816460823
13,16001835,212,0.60298140277248,0.6029814129497579,0.20596280554496005,1.072792871844106,-0.4858352088311775,1,1,2,2,0.60298140277248,0.39701859722752
13,16001835,213,0.6029814129497579,0.6029814224364705,0.20596282589951587,1.072792871844106,-0.4858352088311775,1,1,2,2,0.6029814129497579,0.39701858705024207
13,16001835,214,0.6029814224364705,0.6029814312794749,0.20596284487294092,1.072792871844106,-0.4858352088311775,1,1,2,2,0.6029814224364705,0.39701857756352954
13,16001835,215,0.6029814312794749,0.6029814395224493,0.2059628625589498,1.072792871844106,-0.4858352088311775,1,1,2,2,0.6029814312794749,0.3970185687205251
13,16001835,216,0.6029814395224493,0.6029814285569577,0.20596287904489863,1.072792871844106,-0.4858352088311775,0,1,2,2,0.6029814395224493,0.3970185604775507
13,16001835,217,0.6029814285569577,0.6029814357192523,0.20596285711391538,1.072792871844106,-0.4858352088311775,1,1,2,2,0.6029814285569577,0.3970185714430423
13,16001835,218,0.6029814357192523,0.6029814261913711,0.20596287143850467,1.072792871844106,-0.4858352088311775,0,1,2,2,0.6029814357192523,0.39701856428074767
13,16001835,219,0.6029814261913711,0.6029814173099913,0.20596285238274215,1.072792871844106,-0.4858352088311775,0,1,2,2,0.6029814261913711,0.3970185738086289
13,16001835,220,0.6029814173099913,0.6029814231110137,0.20596283461998266,1.072792871844106,-0.4858352088311775,1,1,2,2,0.6029814173099913,0.39701858269000867
13,16001835,221,0.6029814231110137,0.6029814285184154,0.20596284622202732,1.072792871844106,-0.4858352088311775,1,1,2,2,0.6029814231110137,0.39701857688898634
13,16001835,222,0.6029814285184154,0.6029814335589054,0.20596285703683082,1.072792871844106,-0.4858352088311775,1,1,2,2,0.6029814285184154,0.3970185714815846
13,16001835,223,0.6029814335589054,0.6029814268536255,0.20596286711781087,1.072792871844106,-0.4858352088311775,0,1,2,2,0.6029814335589054,0.39701856644109457
13,16001835,224,0.6029814268536255,0.6029814206033234,0.2059628537072511,1.072792871844106,-0.4858352088311775,0,1,2,2,0.6029814268536255,0.39701857314637445
13,16001835,225,0.6029814206033234,0.6029814246858132,0.20596284120664676,1.072792871844106,-0.4858352088311775,1,1,2,2,0.6029814206033234,0.3970185793966766
13,16001835,226,0.6029814246858132,0.6029814284912913,0.20596284937162634,1.072792871844106,-0.4858352088311775,1,1,2,2,0.6029814246858132,0.39701857531418683
13,16001835,227,0.6029814284912913,0.6029814320385539,0.20596285698258265,1.072792871844106,-0.4858352088311775,1,1,2,2,0.6029814284912913,0.3970185715087087
13,16001835,228,0.6029814320385539,0.6029814353451219,0.20596286407710784,1.072792871844106,-0.4858352088311775,1,1,2,2,0.6029814320385539,0.3970185679614461
13,16001835,229,0.6029814353451219,0.6029814384273272,0.20596287069024388,1.072792871844106,-0.4858352088311775,1,1,2,2,0.6029814353451219,0.39701856465487806
13,16001835,230,0.6029814384273272,0.6029814343271207,0.20596287685465442,1.072792871844106,-0.4858352088311775,0,1,2,2,0.6029814384273272,0.3970185615726728
13,16001835,231,0.6029814343271207,0.6029814370052393,0.2059628686542414,1.072792871844106,-0.4858352088311775,1,1,2,2,0.6029814343271207,0.3970185656728793
13,16001835,232,0.6029814370052393,0.6029814334425827,0.20596287401047864,1.072792871844106,-0.4858352088311775,0,1,2,2,0.6029814370052393,0.3970185629947607
13,16001835,233,0.6029814334425827,0.602981430121665,0.2059628668851654,1.072792871844106,-0.4858352088311775,0,1,2,2,0.6029814334425827,0.3970185665574173
13,16001835,234,0.602981430121665,0.6029814322907782,0.2059628602433301,1.072792871844106,-0.4858352088311775,1,1,2,2,0.602981430121665,0.39701856987833495
13,16001835,235,0.6029814322907782,0.6029814294052432,0.20596286458155633,1.072792871844106,-0.4858352088311775,0,1,2,2,0.6029814322907782,0.39701856770922184
13,16001835,236,0.6029814294052432,0.6029814312899788,0.20596285881048648,1.072792871844106,-0.4858352088311775,1,1,2,2,0.6029814294052432,0.39701857059475676
13,16001835,237,0.6029814312899788,0.6029814330468282,0.20596286257995766,1.072792871844106,-0.4858352088311775,1,1,2,2,0.6029814312899788,0.39701856871002117
13,16001835,238,0.6029814330468282,0.6029814307097207,0.20596286609365633,1.072792871844106,-0.4858352088311775,0,1,2,2,0.6029814330468282,0.39701856695317184
13,16001835,239,0.6029814307097207,0.6029814322362417,0.2059628614194413,1.072792871844106,-0.4858352088311775,1,1,2,2,0.6029814307097207,0.39701856929027934
13,16001835,240,0.6029814322362417,0.6029814336591826,0.20596286447248335,1.072792871844106,-0.4858352088311775,1,1,2,2,0.6029814322362417,0.3970185677637583
14,16001840,1,0.5,0.3333333333333333,0,1.1374393227225,-0.60101618073,0,2,1,2,0.5,0.5
14,16001840,2,0.3333333333333333,0.2416953874122278,0.33333333333333337,1.1374393227225,-0.60101618073,0,2,1,2,0.6666666666666667,0.3333333333333333
14,16001840,3,0.2416953874122278,0.18412111734741698,0.5166092251755444,1.1374393227225,-0.60101618073,0,2,1,2,0.7583046125877722,0.2416953874122278
14,16001840,4,0.18412111734741698,0.14486895090458005,0.631757765305166,1.1374393227225,-0.60101618073,0,2,1,2,0.815878882652583,0.18412111734741698
14,16001840,5,0.14486895090458005,0.2331919181816141,0.7102620981908399,1.1374393227225,-0.60101618073,1,2,1,2,0.8551310490954199,0.14486895090458005
14,16001840,6,0.2331919181816141,0.29935930843292397,0.5336161636367718,1.1374393227225,-0.60101618073,1,2,1,2,0.7668080818183859,0.2331919181816141
14,16001840,7,0.29935930843292397,0.271326001814954,0.40128138313415207,1.1374393227225,-0.60101618073,0,2,1,2,0.700640691567076,0.29935930843292397
14,16001840,8,0.271326001814954,0.3153927842290158,0.45734799637009205,1.1374393227225,-0.60101618073,1,2,1,2,0.7286739981850461,0.271326001814954
14,16001840,9,0.3153927842290158,0.29495072887120194,0.3692144315419684,1.1374393227225,-0.60101618073,0,2,1,2,0.6846072157709842,0.3153927842290158
14,16001840,10,0.29495072887120194,0.278299006398387,0.4100985422575961,1.1374393227225,-0.60101618073,0,2,1,2,0.7050492711287981,0.29495072887120194
14,16001840,11,0.278299006398387,0.26457713547313294,0.443401987203226,1.1374393227225,-0.60101618073,0,2,1,2,0.721700993601613,0.278299006398387
14,16001840,12,0.26457713547313294,0.2878289142374067,0.4708457290537341,1.1374393227225,-0.60101618073,1,2,1,2,0.735422864526867,0.26457713547313294
14,16001840,13,0.2878289142374067,0.3073263463152068,0.4243421715251866,1.1374393227225,-0.60101618073,1,2,1,2,0.7121710857625934,0.2878289142374067
14,16001840,14,0.3073263463152068,0.29805713437228915,0.38534730736958644,1.1374393227225,-0.60101618073,0,2,1,2,0.6926736536847933,0.3073263463152068
14,16001840,15,0.29805713437228915,0.2901890144580951,0.4038857312554217,1.1374393227225,-0.60101618073,0,2,1,2,0.7019428656277109,0.29805713437228915
14,16001840,16,0.2901890144580951,0.30276937204977816,0.41962197108380983,1.1374393227225,-0.60101618073,1,2,1,2,0.7098109855419049,0.2901890144580951
14,16001840,17,0.30276937204977816,0.29678849127902623,0.3944612559004437,1.1374393227225,-0.60101618073,0,2,1,2,0.6972306279502218,0.30276937204977816
14,16001840,18,0.29678849127902623,0.30622291827670173,0.40642301744194753,1.1374393227225,-0.60101618073,1,2,1,2,0.7032115087209738,0.29678849127902623
14,16001840,19,0.30622291827670173,0.3016592476551977,0.38755416344659654,1.1374393227225,-0.60101618073,0,2,1,2,0.6937770817232982,0.30622291827670173
14,16001840,20,0.3016592476551977,0.2977158635237927,0.3966815046896046,1.1374393227225,-0.60101618073,0,2,1,2,0.6983407523448023,0.3016592476551977
14,16001840,21,0.2977158635237927,0.2943009026702674,0.4045682729524146,1.1374393227225,-0.60101618073,0,2,1,2,0.7022841364762074,0.2977158635237927
14,16001840,22,0.2943009026702674,0.2997833160150159,0.41139819465946526,1.1374393227225,-0.60101618073,1,2,1,2,0.7056990973297326,0.2943009026702674
14,16001840,23,0.2997833160150159,0.2971629114895595,0.4004333679699682,1.1374393227225,-0.60101618073,0,2,1,2,0.7002166839849842,0.2997833160150159
14,16001840,24,0.2971629114895595,0.29488221109471807,0.40567417702088104,1.1374393227225,-0.60101618073,0,2,1,2,0.7028370885104405,0.2971629114895595
14,16001840,25,0.29488221109471807,0.2928946770781256,0.41023557781056386,1.1374393227225,-0.60101618073,0,2,1,2,0.705117788905282,0.29488221109471807
14,16001840,26,0.2928946770781256,0.2961173730253332,0.4142106458437488,1.1374393227225,-0.60101618073,1,2,1,2,0.7071053229218744,0.2928946770781256
14,16001840,27,0.2961173730253332,0.29893158754497706,0.4077652539493336,1.1374393227225,-0.60101618073,1,2,1,2,0.7038826269746667,0.2961173730253332
14,16001840,28,0.29893158754497706,0.30139114952533563,0.4021368249100459,1.1374393227225,-0.60101618073,1,2,1,2,0.7010684124550229,0.29893158754497706
14,16001840,29,0.30139114952533563,0.30020207231389767,0.39721770094932873,1.1374393227225,-0.60101618073,0,2,1,2,0.6986088504746644,0.30139114952533563
14,16001840,30,0.30020207231389767,0.3020918222018221,0.39959585537220466,1.1374393227225,-0.60101618073,1,2,1,2,0.6997979276861024,0.30020207231389767
14,16001840,31,0.3020918222018221,0.3011750982079818,0.39581635559635575,1.1374393227225,-0.60101618073,0,2,1,2,0.6979081777981779,0.3020918222018221
14,16001840,32,0.3011750982079818,0.3026290516078093,0.39764980358403645,1.1374393227225,-0.60101618073,1,2,1,2,0.6988249017920183,0.3011750982079818
14,16001840,33,0.3026290516078093,0.30192188685894905,0.39474189678438143,1.1374393227225,-0.60101618073,0,2,1,2,0.6973709483921907,0.3026290516078093
14,16001840,34,0.30192188685894905,0.3013018469479619,0.3961562262821019,1.1374393227225,-0.60101618073,0,2,1,2,0.698078113141051,0.30192188685894905
14,16001840,35,0.3013018469479619,0.3007580187766804,0.39739630610407617,1.1374393227225,-0.60101618073,0,2,1,2,0.6986981530520381,0.3013018469479619
14,16001840,36,0.3007580187766804,0.30028089705374816,0.3984839624466392,1.1374393227225,-0.60101618073,0,2,1,2,0.6992419812233196,0.3007580187766804
14,16001840,37,0.30028089705374816,0.2998621934252662,0.3994382058925037,1.1374393227225,-0.60101618073,0,2,1,2,0.6997191029462518,0.30028089705374816
14,16001840,38,0.2998621934252662,0.30053030311909584,0.4002756131494676,1.1374393227225,-0.60101618073,1,2,1,2,0.7001378065747338,0.2998621934252662
14,16001840,39,0.30053030311909584,0.3002069638652211,0.3989393937618083,1.1374393227225,-0.60101618073,0,2,1,2,0.6994696968809042,0.30053030311909584
14,16001840,40,0.3002069638652211,0.2999230466568709,0.3995860722695578,1.1374393227225,-0.60101618073,0,2,1,2,0.6997930361347788,0.3002069638652211
14,16001840,41,0.2999230466568709,0.29967370758268835,0.40015390668625817,1.1374393227225,-0.60101618073,0,2,1,2,0.700076953343129,0.2999230466568709
14,16001840,42,0.29967370758268835,0.3000720647085053,0.4006525848346233,1.1374393227225,-0.60101618073,1,2,1,2,0.7003262924173117,0.29967370758268835
14,16001840,43,0.3000720647085053,0.2998794450017294,0.39985587058298944,1.1374393227225,-0.60101618073,0,2,1,2,0.6999279352914947,0.3000720647085053
14,16001840,44,0.2998794450017294,0.299710225114135,0.40024110999654117,1.1374393227225,-0.60101618073,0,2,1,2,0.7001205549982705,0.2998794450017294
14,16001840,45,0.299710225114135,0.2995615490752279,0.40057954977173005,1.1374393227225,-0.60101618073,0,2,1,2,0.700289774885865,0.299710225114135
14,16001840,46,0.2995615490752279,0.2994309125156742,0.40087690184954416,1.1374393227225,-0.60101618073,0,2,1,2,0.7004384509247721,0.2995615490752279
14,16001840,47,0.2994309125156742,0.29931611869441793,0.40113817496865156,1.1374393227225,-0.60101618073,0,2,1,2,0.7005690874843258,0.2994309125156742
14,16001840,48,0.29931611869441793,0.2992152401803965,0.40136776261116414,1.1374393227225,-0.60101618073,0,2,1,2,0.700683881305582,0.29931611869441793
14,16001840,49,0.2992152401803965,0.29912658542702775,0.40156951963920695,1.1374393227225,-0.60101618073,0,2,1,2,0.7007847598196035,0.2992152401803965
14,16001840,50,0.29912658542702775,0.2992685581467649,0.4017468291459445,1.1374393227225,-0.60101618073,1,2,1,2,0.7008734145729723,0.29912658542702775
14,16001840,51,0.2992685581467649,0.2992000467539432,0.4014628837064702,1.1374393227225,-0.60101618073,0,2,1,2,0.7007314418532351,0.2992685581467649
14,16001840,52,0.2992000467539432,0.29930974462681886,0.40159990649211363,1.1374393227225,-0.60101618073,1,2,1,2,0.7007999532460568,0.2992000467539432
14,16001840,53,0.29930974462681886,0.29925679750479955,0.4013805107463623,1.1374393227225,-0.60101618073,0,2,1,2,0.7006902553731811,0.29930974462681886
14,16001840,54,0.29925679750479955,0.29921025757466585,0.4014864049904009,1.1374393227225,-0.60101618073,0,2,1,2,0.7007432024952005,0.29925679750479955
14,16001840,55,0.29921025757466585,0.299169348488005,0.4015794848506683,1.1374393227225,-0.60101618073,0,2,1,2,0.7007897424253342,0.29921025757466585
14,16001840,56,0.299169348488005,0.29923486390711124,0.40166130302398995,1.1374393227225,-0.60101618073,1,2,1,2,0.700830651511995,0.299169348488005
14,16001840,57,0.29923486390711124,0.29929245498854257,0.4015302721857775,1.1374393227225,-0.60101618073,1,2,1,2,0.7007651360928888,0.29923486390711124
14,16001840,58,0.29929245498854257,0.2993430810571573,0.40141509002291487,1.1374393227225,-0.60101618073,1,2,1,2,0.7007075450114575,0.29929245498854257
14,16001840,59,0.2993430810571573,0.29938758510919666,0.4013138378856854,1.1374393227225,-0.60101618073,1,2,1,2,0.7006569189428427,0.2993430810571573
14,16001840,60,0.29938758510919666,0.29936609638738576,0.4012248297816067,1.1374393227225,-0.60101618073,0,2,1,2,0.7006124148908033,0.29938758510919666
14,16001840,61,0.29936609638738576,0.2994004914402167,0.4012678072252285,1.1374393227225,-0.60101618073,1,2,1,2,0.7006339036126142,0.29936609638738576
14,16001840,62,0.2994004914402167,0.2994307282667967,0.4011990171195666,1.1374393227225,-0.60101618073,1,2,1,2,0.7005995085597834,0.2994004914402167
14,16001840,63,0.2994307282667967,0.2994161260199341,0.40113854346640665,1.1374393227225,-0.60101618073,0,2,1,2,0.7005692717332033,0.2994307282667967
14,16001840,64,0.2994161260199341,0.29943949542910336,0.40116774796013177,1.1374393227225,-0.60101618073,1,2,1,2,0.7005838739800658,0.2994161260199341
14,16001840,65,0.29943949542910336,0.29942820918159624,0.40112100914179327,1.1374393227225,-0.60101618073,0,2,1,2,0.7005605045708967,0.29943949542910336
14,16001840,66,0.29942820918159624,0.29941828710683815,0.4011435816368075,1.1374393227225,-0.60101618073,0,2,1,2,0.7005717908184037,0.29942820918159624
14,16001840,67,0.29941828710683815,0.2994341665540064,0.4011634257863237,1.1374393227225,-0.60101618073,1,2,1,2,0.7005817128931618,0.29941828710683815
14,16001840,68,0.2994341665540064,0.29942649758910045,0.4011316668919872,1.1374393227225,-0.60101618073,0,2,1,2,0.7005658334459937,0.2994341665540064
14,16001840,69,0.29942649758910045,0.2994197554809875,0.4011470048217991,1.1374393227225,-0.60101618073,0,2,1,2,0.7005735024108996,0.29942649758910045
14,16001840,70,0.2994197554809875,0.299413828190374,0.40116048903802504,1.1374393227225,-0.60101618073,0,2,1,2,0.7005802445190126,0.2994197554809875
14,16001840,71,0.299413828190374,0.29940861722617185,0.401172343619252,1.1374393227225,-0.60101618073,0,2,1,2,0.700586171809626,0.299413828190374
14,16001840,72,0.29940861722617185,0.29940403600611115,0.4011827655476563,1.1374393227225,-0.60101618073,0,2,1,2,0.7005913827738282,0.29940861722617185
14,16001840,73,0.29940403600611115,0.29941136834556537,0.4011919279877777,1.1374393227225,-0.60101618073,1,2,1,2,0.7005959639938888,0.29940403600611115
14,16001840,74,0.29941136834556537,0.2994078273906418,0.40117726330886927,1.1374393227225,-0.60101618073,0,2,1,2,0.7005886316544346,0.29941136834556537
14,16001840,75,0.2994078273906418,0.299404714339541,0.4011843452187164,1.1374393227225,-0.60101618073,0,2,1,2,0.7005921726093582,0.2994078273906418
14,16001840,76,0.299404714339541,0.2994096968609746,0.40119057132091795,1.1374393227225,-0.60101618073,1,2,1,2,0.7005952856604589,0.299404714339541
14,16001840,77,0.2994096968609746,0.29940729068788463,0.40118060627805086,1.1374393227225,-0.60101618073,0,2,1,2,0.7005903031390255,0.2994096968609746
14,16001840,78,0.29940729068788463,0.29940517527760246,0.40118541862423074,1.1374393227225,-0.60101618073,0,2,1,2,0.7005927093121154,0.29940729068788463
14,16001840,79,0.29940517527760246,0.29940856105629654,0.40118964944479507,1.1374393227225,-0.60101618073,1,2,1,2,0.7005948247223975,0.29940517527760246
14,16001840,80,0.29940856105629654,0.2994069259870183,0.4011828778874069,1.1374393227225,-0.60101618073,0,2,1,2,0.7005914389437035,0.29940856105629654
14,16001840,81,0.2994069259870183,0.29940548849583015,0.4011861480259634,1.1374393227225,-0.60101618073,0,2,1,2,0.7005930740129818,0.2994069259870183
14,16001840,82,0.29940548849583015,0.29940422470688094,0.4011890230083397,1.1374393227225,-0.60101618073,0,2,1,2,0.7005945115041698,0.29940548849583015
14,16001840,83,0.29940422470688094,0.29940311362975747,0.4011915505862381,1.1374393227225,-0.60101618073,0,2,1,2,0.7005957752931191,0.29940422470688094
14,16001840,84,0.29940311362975747,0.2994021368107248,0.40119377274048507,1.1374393227225,-0.60101618073,0,2,1,2,0.7005968863702425,0.29940311362975747
14,16001840,85,0.2994021368107248,0.2994037002612816,0.4011957263785504,1.1374393227225,-0.60101618073,1,2,1,2,0.7005978631892752,0.2994021368107248
14,16001840,86,0.2994037002612816,0.29940294524429256,0.4011925994774368,1.1374393227225,-0.60101618073,0,2,1,2,0.7005962997387184,0.2994037002612816
14,16001840,87,0.29940294524429256,0.29940228145961145,0.4011941095114149,1.1374393227225,-0.60101618073,0,2,1,2,0.7005970547557074,0.29940294524429256
14,16001840,88,0.29940228145961145,0.2994033438829135,0.4011954370807771,1.1374393227225,-0.60101618073,1,2,1,2,0.7005977185403885,0.29940228145961145
14,16001840,89,0.2994033438829135,0.2994028308205837,0.401193312234173,1.1374393227225,-0.60101618073,0,2,1,2,0.7005966561170864,0.2994033438829135
14,16001840,90,0.2994028308205837,0.2994023797536056,0.40119433835883256,1.1374393227225,-0.60101618073,0,2,1,2,0.7005971691794163,0.2994028308205837
14,16001840,91,0.2994023797536056,0.29940198319074096,0.40119524049278876,1.1374393227225,-0.60101618073,0,2,1,2,0.7005976202463944,0.2994023797536056
14,16001840,92,0.29940198319074096,0.2994016345459805,0.4011960336185181,1.1374393227225,-0.60101618073,0,2,1,2,0.700598016809259,0.29940198319074096
14,16001840,93,0.2994016345459805,0.2994021925726058,0.401196730908039,1.1374393227225,-0.60101618073,1,2,1,2,0.7005983654540195,0.2994016345459805
14,16001840,94,0.2994021925726058,0.2994019230927287,0.4011956148547884,1.1374393227225,-0.60101618073,0,2,1,2,0.7005978074273942,0.2994021925726058
14,16001840,95,0.2994019230927287,0.2994023544109981,0.40119615381454266,1.1374393227225,-0.60101618073,1,2,1,2,0.7005980769072713,0.2994019230927287
14,16001840,96,0.2994023544109981,0.2994021461204262,0.4011952911780038,1.1374393227225,-0.60101618073,0,2,1,2,0.700597645589002,0.2994023544109981
14,16001840,97,0.2994021461204262,0.29940247950148446,0.4011957077591476,1.1374393227225,-0.60101618073,1,2,1,2,0.7005978538795739,0.2994021461204262
14,16001840,98,0.29940247950148446,0.2994027725991618,0.40119504099703107,1.1374393227225,-0.60101618073,1,2,1,2,0.7005975204985155,0.29940247950148446
14,16001840,99,0.2994027725991618,0.2994026310573216,0.40119445480167637,1.1374393227225,-0.60101618073,0,2,1,2,0.7005972274008382,0.2994027725991618
14,16001840,100,0.2994026310573216,0.29940285760290003,0.40119473788535676,1.1374393227225,-0.60101618073,1,2,1,2,0.7005973689426783,0.2994026310573216
14,16001840,101,0.29940285760290003,0.2994027482001525,0.40119428479419994,1.1374393227225,-0.60101618073,0,2,1,2,0.7005971423971,0.29940285760290003
14,16001840,102,0.2994027482001525,0.2994026520168227,0.401194503599695,1.1374393227225,-0.60101618073,0,2,1,2,0.7005972517998476,0.2994027482001525
14,16001840,103,0.2994026520168227,0.2994028059636019,0.4011946959663546,1.1374393227225,-0.60101618073,1,2,1,2,0.7005973479831773,0.2994026520168227
14,16001840,104,0.2994028059636019,0.29940294130860556,0.40119438807279617,1.1374393227225,-0.60101618073,1,2,1,2,0.7005971940363981,0.2994028059636019
14,16001840,105,0.29940294130860556,0.2994028759481508,0.4011941173827889,1.1374393227225,-0.60101618073,0,2,1,2,0.7005970586913944,0.29940294130860556
14,16001840,106,0.2994028759481508,0.2994028184853595,0.4011942481036984,1.1374393227225,-0.60101618073,0,2,1,2,0.7005971240518492,0.2994028759481508
14,16001840,107,0.2994028184853595,0.2994029104577243,0.401194363029281,1.1374393227225,-0.60101618073,1,2,1,2,0.7005971815146406,0.2994028184853595
14,16001840,108,0.2994029104577243,0.29940299131684806,0.40119417908455135,1.1374393227225,-0.60101618073,1,2,1,2,0.7005970895422757,0.2994029104577243
14,16001840,109,0.29940299131684806,0.29940295226856106,0.4011940173663039,1.1374393227225,-0.60101618073,0,2,1,2,0.7005970086831519,0.29940299131684806
14,16001840,110,0.29940295226856106,0.29940291793857055,0.4011940954628779,1.1374393227225,-0.60101618073,0,2,1,2,0.7005970477314389,0.29940295226856106
14,16001840,111,0.29940291793857055,0.2994028877567531,0.4011941641228589,1.1374393227225,-0.60101618073,0,2,1,2,0.7005970820614295,0.29940291793857055
14,16001840,112,0.2994028877567531,0.29940293606441,0.4011942244864938,1.1374393227225,-0.60101618073,1,2,1,2,0.7005971122432468,0.2994028877567531
14,16001840,113,0.29940293606441,0.29940291273579894,0.40119412787118003,1.1374393227225,-0.60101618073,0,2,1,2,0.7005970639355901,0.29940293606441
14,16001840,114,0.29940291273579894,0.2994028922260376,0.4011941745284021,1.1374393227225,-0.60101618073,0,2,1,2,0.7005970872642011,0.29940291273579894
14,16001840,115,0.2994028922260376,0.29940292505303806,0.4011942155479248,1.1374393227225,-0.60101618073,1,2,1,2,0.7005971077739623,0.2994028922260376
14,16001840,116,0.29940292505303806,0.2994029092003064,0.4011941498939239,1.1374393227225,-0.60101618073,0,2,1,2,0.7005970749469619,0.29940292505303806
14,16001840,117,0.2994029092003064,0.2994028952630963,0.40119418159938725,1.1374393227225,-0.60101618073,0,2,1,2,0.7005970907996937,0.2994029092003064
14,16001840,118,0.2994028952630963,0.2994029175703675,0.40119420947380735,1.1374393227225,-0.60101618073,1,2,1,2,0.7005971047369037,0.2994028952630963
14,16001840,119,0.2994029175703675,0.2994029067977968,0.40119416485926496,1.1374393227225,-0.60101618073,0,2,1,2,0.7005970824296325,0.2994029175703675
14,16001840,120,0.2994029067977968,0.29940289732690006,0.4011941864044064,1.1374393227225,-0.60101618073,0,2,1,2,0.7005970932022032,0.2994029067977968
14,16001840,121,0.29940289732690006,0.2994028890003932,0.4011942053461999,1.1374393227225,-0.60101618073,0,2,1,2,0.7005971026730999,0.29940289732690006
14,16001840,122,0.2994028890003932,0.2994028816799969,0.4011942219992136,1.1374393227225,-0.60101618073,0,2,1,2,0.7005971109996068,0.2994028890003932
14,16001840,123,0.2994028816799969,0.29940287524414055,0.4011942366400062,1.1374393227225,-0.60101618073,0,2,1,2,0.700597118320003,0.2994028816799969
14,16001840,124,0.29940287524414055,0.29940288554508354,0.4011942495117189,1.1374393227225,-0.60101618073,1,2,1,2,0.7005971247558594,0.29940287524414055
14,16001840,125,0.29940288554508354,0.2994028946013405,0.4011942289098329,1.1374393227225,-0.60101618073,1,2,1,2,0.7005971144549165,0.29940288554508354
14,16001840,126,0.2994028946013405,0.29940290256330965,0.401194210797319,1.1374393227225,-0.60101618073,1,2,1,2,0.7005971053986595,0.2994028946013405
14,16001840,127,0.29940290256330965,0.2994028987183358,0.4011941948733807,1.1374393227225,-0.60101618073,0,2,1,2,0.7005970974366904,0.29940290256330965
14,16001840,128,0.2994028987183358,0.2994029048724281,0.4011942025633284,1.1374393227225,-0.60101618073,1,2,1,2,0.7005971012816642,0.2994028987183358
14,16001840,129,0.2994029048724281,0.29940291028290766,0.4011941902551438,1.1374393227225,-0.60101618073,1,2,1,2,0.700597095127572,0.2994029048724281
14,16001840,130,0.29940291028290766,0.2994029150396269,0.4011941794341847,1.1374393227225,-0.60101618073,1,2,1,2,0.7005970897170923,0.29940291028290766
14,16001840,131,0.2994029150396269,0.29940291922158113,0.4011941699207462,1.1374393227225,-0.60101618073,1,2,1,2,0.7005970849603731,0.2994029150396269
14,16001840,132,0.29940291922158113,0.29940291720204226,0.40119416155683774,1.1374393227225,-0.60101618073,0,2,1,2,0.7005970807784189,0.29940291922158113
14,16001840,133,0.29940291720204226,0.29940291542652886,0.4011941655959155,1.1374393227225,-0.60101618073,0,2,1,2,0.7005970827979577,0.29940291720204226
14,16001840,134,0.29940291542652886,0.29940291386555473,0.4011941691469423,1.1374393227225,-0.60101618073,0,2,1,2,0.7005970845734711,0.29940291542652886
14,16001840,135,0.29940291386555473,0.29940291249319656,0.40119417226889054,1.1374393227225,-0.60101618073,0,2,1,2,0.7005970861344453,0.29940291386555473
14,16001840,136,0.29940291249319656,0.29940291128666346,0.4011941750136069,1.1374393227225,-0.60101618073,0,2,1,2,0.7005970875068035,0.29940291249319656
14,16001840,137,0.29940291128666346,0.2994029102259184,0.40119417742667307,1.1374393227225,-0.60101618073,0,2,1,2,0.7005970887133366,0.29940291128666346
14,16001840,138,0.2994029102259184,0.2994029092933456,0.40119417954816317,1.1374393227225,-0.60101618073,0,2,1,2,0.7005970897740816,0.2994029102259184
14,16001840,139,0.2994029092933456,0.2994029084734577,0.40119418141330876,1.1374393227225,-0.60101618073,0,2,1,2,0.7005970907066543,0.2994029092933456
14,16001840,140,0.2994029084734577,0.29940290775263856,0.40119418305308463,1.1374393227225,-0.60101618073,0,2,1,2,0.7005970915265423,0.2994029084734577
14,16001840,141,0.29940290775263856,0.29940290711891765,0.4011941844947229,1.1374393227225,-0.60101618073,0,2,1,2,0.7005970922473614,0.29940290775263856
14,16001840,142,0.29940290711891765,0.29940290656177065,0.4011941857621647,1.1374393227225,-0.60101618073,0,2,1,2,0.7005970928810823,0.29940290711891765
14,16001840,143,0.29940290656177065,0.299402906071945,0.4011941868764587,1.1374393227225,-0.60101618073,0,2,1,2,0.7005970934382293,0.29940290656177065
14,16001840,144,0.299402906071945,0.29940290685593796,0.40119418785611005,1.1374393227225,-0.60101618073,1,2,1,2,0.700597093928055,0.299402906071945
14,16001840,145,0.29940290685593796,0.29940290647733403,0.4011941862881241,1.1374393227225,-0.60101618073,0,2,1,2,0.700597093144062,0.29940290685593796
14,16001840,146,0.29940290647733403,0.2994029061444777,0.40119418704533194,1.1374393227225,-0.60101618073,0,2,1,2,0.700597093522666,0.29940290647733403
14,16001840,147,0.2994029061444777,0.2994029058518411,0.40119418771104465,1.1374393227225,-0.60101618073,0,2,1,2,0.7005970938555224,0.2994029061444777
14,16001840,148,0.2994029058518411,0.29940290559456445,0.4011941882963178,1.1374393227225,-0.60101618073,0,2,1,2,0.700597094148159,0.2994029058518411
14,16001840,149,0.29940290559456445,0.29940290600634983,0.4011941888108711,1.1374393227225,-0.60101618073,1,2,1,2,0.7005970944054356,0.29940290559456445
14,16001840,150,0.29940290600634983,0.2994029058074915,0.40119418798730033,1.1374393227225,-0.60101618073,0,2,1,2,0.7005970939936501,0.29940290600634983
14,16001840,151,0.2994029058074915,0.2994029056326616,0.40119418838501697,1.1374393227225,-0.60101618073,0,2,1,2,0.7005970941925085,0.2994029058074915
14,16001840,152,0.2994029056326616,0.2994029059124864,0.4011941887346768,1.1374393227225,-0.60101618073,1,2,1,2,0.7005970943673384,0.2994029056326616
14,16001840,153,0.2994029059124864,0.2994029061584994,0.40119418817502717,1.1374393227225,-0.60101618073,1,2,1,2,0.7005970940875136,0.2994029059124864
14,16001840,154,0.2994029061584994,0.2994029063747861,0.4011941876830012,1.1374393227225,-0.60101618073,1,2,1,2,0.7005970938415006,0.2994029061584994
14,16001840,155,0.2994029063747861,0.2994029062703375,0.40119418725042777,1.1374393227225,-0.60101618073,0,2,1,2,0.7005970936252139,0.2994029063747861
14,16001840,156,0.2994029062703375,0.2994029061785097,0.401194187459325,1.1374393227225,-0.60101618073,0,2,1,2,0.7005970937296625,0.2994029062703375
14,16001840,157,0.2994029061785097,0.2994029060977776,0.40119418764298065,1.1374393227225,-0.60101618073,0,2,1,2,0.7005970938214903,0.2994029061785097
14,16001840,158,0.2994029060977776,0.2994029062269937,0.4011941878044448,1.1374393227225,-0.60101618073,1,2,1,2,0.7005970939022224,0.2994029060977776
14,16001840,159,0.2994029062269937,0.299402906164593,0.40119418754601255,1.1374393227225,-0.60101618073,0,2,1,2,0.7005970937730063,0.2994029062269937
14,16001840,160,0.299402906164593,0.2994029062644688,0.40119418767081405,1.1374393227225,-0.60101618073,1,2,1,2,0.700597093835407,0.299402906164593
14,16001840,161,0.2994029062644688,0.29940290621623705,0.4011941874710624,1.1374393227225,-0.60101618073,0,2,1,2,0.7005970937355313,0.2994029062644688
14,16001840,162,0.29940290621623705,0.29940290617383325,0.4011941875675259,1.1374393227225,-0.60101618073,0,2,1,2,0.7005970937837629,0.29940290621623705
14,16001840,163,0.29940290617383325,0.2994029062417029,0.4011941876523335,1.1374393227225,-0.60101618073,1,2,1,2,0.7005970938261668,0.29940290617383325
14,16001840,164,0.2994029062417029,0.2994029062089275,0.4011941875165942,1.1374393227225,-0.60101618073,0,2,1,2,0.700597093758297,0.2994029062417029
14,16001840,165,0.2994029062089275,0.29940290618011234,0.401194187582145,1.1374393227225,-0.60101618073,0,2,1,2,0.7005970937910725,0.2994029062089275
14,16001840,166,0.29940290618011234,0.2994029061547791,0.4011941876397753,1.1374393227225,-0.60101618073,0,2,1,2,0.7005970938198877,0.29940290618011234
14,16001840,167,0.2994029061547791,0.29940290613250686,0.4011941876904418,1.1374393227225,-0.60101618073,0,2,1,2,0.7005970938452208,0.2994029061547791
14,16001840,168,0.29940290613250686,0.2994029061129258,0.4011941877349863,1.1374393227225,-0.60101618073,0,2,1,2,0.7005970938674931,0.29940290613250686
14,16001840,169,0.2994029061129258,0.2994029061442663,0.4011941877741484,1.1374393227225,-0.60101618073,1,2,1,2,0.7005970938870743,0.2994029061129258
14,16001840,170,0.2994029061442663,0.2994029061718199,0.4011941877114674,1.1374393227225,-0.60101618073,1,2,1,2,0.7005970938557338,0.2994029061442663
14,16001840,171,0.2994029061718199,0.29940290615851384,0.40119418765636017,1.1374393227225,-0.60101618073,0,2,1,2,0.70059709382818,0.2994029061718199
14,16001840,172,0.29940290615851384,0.29940290617981097,0.4011941876829723,1.1374393227225,-0.60101618073,1,2,1,2,0.7005970938414862,0.29940290615851384
14,16001840,173,0.29940290617981097,0.2994029061695262,0.40119418764037806,1.1374393227225,-0.60101618073,0,2,1,2,0.7005970938201891,0.29940290617981097
14,16001840,174,0.2994029061695262,0.2994029061859876,0.4011941876609476,1.1374393227225,-0.60101618073,1,2,1,2,0.7005970938304737,0.2994029061695262
14,16001840,175,0.2994029061859876,0.2994029062004599,0.40119418762802483,1.1374393227225,-0.60101618073,1,2,1,2,0.7005970938140125,0.2994029061859876
14,16001840,176,0.2994029062004599,0.29940290619347093,0.4011941875990802,1.1374393227225,-0.60101618073,0,2,1,2,0.70059709379954,0.2994029062004599
14,16001840,177,0.29940290619347093,0.2994029061873265,0.40119418761305814,1.1374393227225,-0.60101618073,0,2,1,2,0.7005970938065291,0.29940290619347093
14,16001840,178,0.2994029061873265,0.2994029061819245,0.401194187625347,1.1374393227225,-0.60101618073,0,2,1,2,0.7005970938126735,0.2994029061873265
14,16001840,179,0.2994029061819245,0.29940290617717524,0.401194187636151,1.1374393227225,-0.60101618073,0,2,1,2,0.7005970938180754,0.2994029061819245
14,16001840,180,0.29940290617717524,0.2994029061847767,0.4011941876456495,1.1374393227225,-0.60101618073,1,2,1,2,0.7005970938228248,0.29940290617717524
14,16001840,181,0.2994029061847767,0.2994029061811058,0.40119418763044656,1.1374393227225,-0.60101618073,0,2,1,2,0.7005970938152233,0.2994029061847767
14,16001840,182,0.2994029061811058,0.2994029061869813,0.40119418763778836,1.1374393227225,-0.60101618073,1,2,1,2,0.7005970938188941,0.2994029061811058
14,16001840,183,0.2994029061869813,0.29940290618414395,0.4011941876260374,1.1374393227225,-0.60101618073,0,2,1,2,0.7005970938130187,0.2994029061869813
14,16001840,184,0.29940290618414395,0.29940290618164944,0.4011941876317121,1.1374393227225,-0.60101618073,0,2,1,2,0.7005970938158561,0.29940290618414395
14,16001840,185,0.29940290618164944,0.299402906185642,0.4011941876367011,1.1374393227225,-0.60101618073,1,2,1,2,0.7005970938183506,0.29940290618164944
14,16001840,186,0.299402906185642,0.29940290618915216,0.40119418762871595,1.1374393227225,-0.60101618073,1,2,1,2,0.700597093814358,0.299402906185642
14,16001840,187,0.29940290618915216,0.2994029061922382,0.4011941876216957,1.1374393227225,-0.60101618073,1,2,1,2,0.7005970938108479,0.29940290618915216
14,16001840,188,0.2994029061922382,0.2994029061907479,0.4011941876155236,1.1374393227225,-0.60101618073,0,2,1,2,0.7005970938077618,0.2994029061922382
14,16001840,189,0.2994029061907479,0.29940290618943766,0.40119418761850423,1.1374393227225,-0.60101618073,0,2,1,2,0.7005970938092521,0.2994029061907479
14,16001840,190,0.29940290618943766,0.29940290618828574,0.4011941876211247,1.1374393227225,-0.60101618073,0,2,1,2,0.7005970938105623,0.29940290618943766
14,16001840,191,0.29940290618828574,0.29940290619012944,0.4011941876234285,1.1374393227225,-0.60101618073,1,2,1,2,0.7005970938117143,0.29940290618828574
14,16001840,192,0.29940290619012944,0.2994029061892391,0.4011941876197411,1.1374393227225,-0.60101618073,0,2,1,2,0.7005970938098706,0.29940290619012944
14,16001840,193,0.2994029061892391,0.29940290618845633,0.4011941876215218,1.1374393227225,-0.60101618073,0,2,1,2,0.7005970938107609,0.2994029061892391
14,16001840,194,0.29940290618845633,0.29940290618970916,0.40119418762308734,1.1374393227225,-0.60101618073,1,2,1,2,0.7005970938115437,0.29940290618845633
14,16001840,195,0.29940290618970916,0.2994029061891042,0.4011941876205817,1.1374393227225,-0.60101618073,0,2,1,2,0.7005970938102908,0.29940290618970916
14,16001840,196,0.2994029061891042,0.29940290619007254,0.4011941876217916,1.1374393227225,-0.60101618073,1,2,1,2,0.7005970938108959,0.2994029061891042
14,16001840,197,0.29940290619007254,0.29940290618960486,0.4011941876198549,1.1374393227225,-0.60101618073,0,2,1,2,0.7005970938099275,0.29940290619007254
14,16001840,198,0.29940290618960486,0.29940290618919374,0.4011941876207903,1.1374393227225,-0.60101618073,0,2,1,2,0.7005970938103951,0.29940290618960486
14,16001840,199,0.29940290618919374,0.29940290618883225,0.4011941876216125,1.1374393227225,-0.60101618073,0,2,1,2,0.7005970938108063,0.29940290618919374
14,16001840,200,0.29940290618883225,0.29940290618851445,0.4011941876223355,1.1374393227225,-0.60101618073,0,2,1,2,0.7005970938111677,0.29940290618883225
14,16001840,201,0.29940290618851445,0.29940290618902315,0.4011941876229711,1.1374393227225,-0.60101618073,1,2,1,2,0.7005970938114856,0.29940290618851445
14,16001840,202,0.29940290618902315,0.29940290618947035,0.4011941876219537,1.1374393227225,-0.60101618073,1,2,1,2,0.7005970938109769,0.29940290618902315
14,16001840,203,0.29940290618947035,0.29940290618925436,0.4011941876210593,1.1374393227225,-0.60101618073,0,2,1,2,0.7005970938105297,0.29940290618947035
14,16001840,204,0.29940290618925436,0.2994029061890645,0.4011941876214913,1.1374393227225,-0.60101618073,0,2,1,2,0.7005970938107456,0.29940290618925436
14,16001840,205,0.2994029061890645,0.2994029061893684,0.401194187621871,1.1374393227225,-0.60101618073,1,2,1,2,0.7005970938109355,0.2994029061890645
14,16001840,206,0.2994029061893684,0.2994029061892216,0.40119418762126324,1.1374393227225,-0.60101618073,0,2,1,2,0.7005970938106316,0.2994029061893684
14,16001840,207,0.2994029061892216,0.29940290618909265,0.4011941876215568,1.1374393227225,-0.60101618073,0,2,1,2,0.7005970938107784,0.2994029061892216
14,16001840,208,0.29940290618909265,0.2994029061892991,0.4011941876218147,1.1374393227225,-0.60101618073,1,2,1,2,0.7005970938109074,0.29940290618909265
14,16001840,209,0.2994029061892991,0.2994029061891994,0.4011941876214018,1.1374393227225,-0.60101618073,0,2,1,2,0.7005970938107009,0.2994029061892991
14,16001840,210,0.2994029061891994,0.2994029061891117,0.4011941876216012,1.1374393227225,-0.60101618073,0,2,1,2,0.7005970938108006,0.2994029061891994
14,16001840,211,0.2994029061891117,0.29940290618925197,0.4011941876217766,1.1374393227225,-0.60101618073,1,2,1,2,0.7005970938108883,0.2994029061891117
14,16001840,212,0.29940290618925197,0.29940290618918425,0.40119418762149606,1.1374393227225,-0.60101618073,0,2,1,2,0.700597093810748,0.29940290618925197
14,16001840,213,0.29940290618918425,0.2994029061891247,0.4011941876216315,1.1374393227225,-0.60101618073,0,2,1,2,0.7005970938108157,0.29940290618918425
14,16001840,214,0.2994029061891247,0.2994029061890723,0.40119418762175063,1.1374393227225,-0.60101618073,0,2,1,2,0.7005970938108753,0.2994029061891247
14,16001840,215,0.2994029061890723,0.2994029061891561,0.40119418762185544,1.1374393227225,-0.60101618073,1,2,1,2,0.7005970938109277,0.2994029061890723
14,16001840,216,0.2994029061891561,0.29940290618911564,0.4011941876216878,1.1374393227225,-0.60101618073,0,2,1,2,0.7005970938108439,0.2994029061891561
14,16001840,217,0.29940290618911564,0.29940290618908,0.4011941876217687,1.1374393227225,-0.60101618073,0,2,1,2,0.7005970938108843,0.29940290618911564
14,16001840,218,0.29940290618908,0.29940290618904875,0.40119418762184,1.1374393227225,-0.60101618073,0,2,1,2,0.7005970938109201,0.29940290618908
14,16001840,219,0.29940290618904875,0.29940290618909887,0.4011941876219025,1.1374393227225,-0.60101618073,1,2,1,2,0.7005970938109513,0.29940290618904875
14,16001840,220,0.29940290618909887,0.29940290618907467,0.40119418762180226,1.1374393227225,-0.60101618073,0,2,1,2,0.7005970938109012,0.29940290618909887
14,16001840,221,0.29940290618907467,0.29940290618911336,0.40119418762185066,1.1374393227225,-0.60101618073,1,2,1,2,0.7005970938109254,0.29940290618907467
14,16001840,222,0.29940290618911336,0.29940290618909465,0.4011941876217733,1.1374393227225,-0.60101618073,0,2,1,2,0.7005970938108866,0.29940290618911336
14,16001840,223,0.29940290618909465,0.2994029061891245,0.4011941876218107,1.1374393227225,-0.60101618073,1,2,1,2,0.7005970938109054,0.29940290618909465
14,16001840,224,0.2994029061891245,0.2994029061891101,0.40119418762175096,1.1374393227225,-0.60101618073,0,2,1,2,0.7005970938108754,0.2994029061891245
14,16001840,225,0.2994029061891101,0.2994029061890974,0.40119418762177983,1.1374393227225,-0.60101618073,0,2,1,2,0.7005970938108899,0.2994029061891101
14,16001840,226,0.2994029061890974,0.2994029061891177,0.40119418762180525,1.1374393227225,-0.60101618073,1,2,1,2,0.7005970938109026,0.2994029061890974
14,16001840,227,0.2994029061891177,0.29940290618910786,0.4011941876217646,1.1374393227225,-0.60101618073,0,2,1,2,0.7005970938108823,0.2994029061891177
14,16001840,228,0.29940290618910786,0.2994029061890993,0.40119418762178427,1.1374393227225,-0.60101618073,0,2,1,2,0.7005970938108921,0.29940290618910786
14,16001840,229,0.2994029061890993,0.2994029061890917,0.40119418762180137,1.1374393227225,-0.60101618073,0,2,1,2,0.7005970938109007,0.2994029061890993
14,16001840,230,0.2994029061890917,0.29940290618910387,0.4011941876218166,1.1374393227225,-0.60101618073,1,2,1,2,0.7005970938109083,0.2994029061890917
14,16001840,231,0.29940290618910387,0.299402906189098,0.40119418762179226,1.1374393227225,-0.60101618073,0,2,1,2,0.7005970938108961,0.29940290618910387
14,16001840,232,0.299402906189098,0.2994029061890928,0.40119418762180403,1.1374393227225,-0.60101618073,0,2,1,2,0.7005970938109021,0.299402906189098
14,16001840,233,0.2994029061890928,0.2994029061891011,0.40119418762181436,1.1374393227225,-0.60101618073,1,2,1,2,0.7005970938109072,0.2994029061890928
14,16001840,234,0.2994029061891011,0.2994029061890971,0.4011941876217978,1.1374393227225,-0.60101618073,0,2,1,2,0.700597093810899,0.2994029061891011
14,16001840,235,0.2994029061890971,0.2994029061890936,0.4011941876218058,1.1374393227225,-0.60101618073,0,2,1,2,0.700597093810903,0.2994029061890971
14,16001840,236,0.2994029061890936,0.29940290618909915,0.4011941876218128,1.1374393227225,-0.60101618073,1,2,1,2,0.7005970938109064,0.2994029061890936
14,16001840,237,0.29940290618909915,0.2994029061891041,0.4011941876218017,1.1374393227225,-0.60101618073,1,2,1,2,0.7005970938109009,0.29940290618909915
14,16001840,238,0.2994029061891041,0.2994029061891017,0.4011941876217918,1.1374393227225,-0.60101618073,0,2,1,2,0.7005970938108959,0.2994029061891041
14,16001840,239,0.2994029061891017,0.29940290618909965,0.4011941876217966,1.1374393227225,-0.60101618073,0,2,1,2,0.7005970938108983,0.2994029061891017
14,16001840,240,0.29940290618909965,0.2994029061890978,0.4011941876218007,1.1374393227225,-0.60101618073,0,2,1,2,0.7005970938109003,0.29940290618909965
15,16001842,1,0.5,0.6666666666666666,0,1.3896078279675124,-0.4937876401862198,1,2,1,3,0.5,0.5
15,16001842,2,0.6666666666666666,0.5443784323379874,0.33333333333333326,1.3896078279675124,-0.4937876401862198,0,2,1,3,0.33333333333333337,0.6666666666666666
15,16001842,3,0.5443784323379874,0.6219344492998566,0.08875686467597488,1.3896078279675124,-0.4937876401862198,1,2,1,3,0.45562156766201256,0.5443784323379874
15,16001842,4,0.6219344492998566,0.56341342417393,0.24386889859971328,1.3896078279675124,-0.4937876401862198,0,2,1,3,0.37806555070014336,0.6219344492998566
15,16001842,5,0.56341342417393,0.6015826171788677,0.12682684834786007,1.3896078279675124,-0.4937876401862198,1,2,1,3,0.43658657582606997,0.56341342417393
15,16001842,6,0.6015826171788677,0.5724200536463356,0.20316523435773548,1.3896078279675124,-0.4937876401862198,0,2,1,3,0.39841738282113226,0.6015826171788677
15,16001842,7,0.5724200536463356,0.5518747311055536,0.14484010729267127,1.3896078279675124,-0.4937876401862198,0,2,1,3,0.42757994635366436,0.5724200536463356
15,16001842,8,0.5518747311055536,0.5657853838956384,0.10374946221110726,1.3896078279675124,-0.4937876401862198,1,2,1,3,0.44812526889444637,0.5518747311055536
15,16001842,9,0.5657853838956384,0.5552900879521593,0.13157076779127674,1.3896078279675124,-0.4937876401862198,0,2,1,3,0.43421461610436163,0.5657853838956384
15,16001842,10,0.5552900879521593,0.5477956871153102,0.11058017590431857,1.3896078279675124,-0.4937876401862198,0,2,1,3,0.4447099120478407,0.5552900879521593
15,16001842,11,0.5477956871153102,0.5424324005066208,0.09559137423062047,1.3896078279675124,-0.4937876401862198,0,2,1,3,0.45220431288468976,0.5477956871153102
15,16001842,12,0.5424324005066208,0.5385881996597774,0.08486480101324156,1.3896078279675124,-0.4937876401862198,0,2,1,3,0.4575675994933792,0.5424324005066208
15,16001842,13,0.5385881996597774,0.5412542448570141,0.07717639931955489,1.3896078279675124,-0.4937876401862198,1,2,1,3,0.46141180034022256,0.5385881996597774
15,16001842,14,0.5412542448570141,0.5392685836808184,0.08250848971402824,1.3896078279675124,-0.4937876401862198,0,2,1,3,0.4587457551429859,0.5412542448570141
15,16001842,15,0.5392685836808184,0.5406467672283994,0.07853716736163685,1.3896078279675124,-0.4937876401862198,1,2,1,3,0.4607314163191816,0.5392685836808184
15,16001842,16,0.5406467672283994,0.5396198305545128,0.08129353445679888,1.3896078279675124,-0.4937876401862198,0,2,1,3,0.45935323277160056,0.5406467672283994
15,16001842,17,0.5396198305545128,0.5388813846186538,0.07923966110902558,1.3896078279675124,-0.4937876401862198,0,2,1,3,0.4603801694454872,0.5396198305545128
15,16001842,18,0.5388813846186538,0.5383502714024972,0.07776276923730752,1.3896078279675124,-0.4937876401862198,0,2,1,3,0.46111861538134624,0.5388813846186538
15,16001842,19,0.5383502714024972,0.5387195994802142,0.0767005428049945,1.3896078279675124,-0.4937876401862198,1,2,1,3,0.46164972859750275,0.5383502714024972
15,16001842,20,0.5387195994802142,0.5384446529738119,0.07743919896042839,1.3896078279675124,-0.4937876401862198,0,2,1,3,0.4612804005197858,0.5387195994802142
15,16001842,21,0.5384446529738119,0.5386358672272976,0.07688930594762389,1.3896078279675124,-0.4937876401862198,1,2,1,3,0.46155534702618806,0.5384446529738119
15,16001842,22,0.5386358672272976,0.538493508608141,0.07727173445459523,1.3896078279675124,-0.4937876401862198,0,2,1,3,0.4613641327727024,0.5386358672272976
15,16001842,23,0.538493508608141,0.5383910743195173,0.0769870172162821,1.3896078279675124,-0.4937876401862198,0,2,1,3,0.46150649139185895,0.538493508608141
15,16001842,24,0.5383910743195173,0.5384623258011583,0.07678214863903454,1.3896078279675124,-0.4937876401862198,1,2,1,3,0.46160892568048273,0.5383910743195173
15,16001842,25,0.5384623258011583,0.538409282435878,0.07692465160231654,1.3896078279675124,-0.4937876401862198,0,2,1,3,0.46153767419884173,0.5384623258011583
15,16001842,26,0.538409282435878,0.5384461792309042,0.07681856487175609,1.3896078279675124,-0.4937876401862198,1,2,1,3,0.46159071756412196,0.538409282435878
15,16001842,27,0.5384461792309042,0.5384187109712887,0.07689235846180842,1.3896078279675124,-0.4937876401862198,0,2,1,3,0.4615538207690958,0.5384461792309042
15,16001842,28,0.5384187109712887,0.538398944461839,0.07683742194257737,1.3896078279675124,-0.4937876401862198,0,2,1,3,0.4615812890287113,0.5384187109712887
15,16001842,29,0.538398944461839,0.5384126944497101,0.076797888923678,1.3896078279675124,-0.4937876401862198,1,2,1,3,0.461601055538161,0.538398944461839
15,16001842,30,0.5384126944497101,0.5384225892139433,0.07682538889942014,1.3896078279675124,-0.4937876401862198,1,2,1,3,0.46158730555028993,0.5384126944497101
15,16001842,31,0.5384225892139433,0.5384152229384301,0.07684517842788652,1.3896078279675124,-0.4937876401862198,0,2,1,3,0.46157741078605674,0.5384225892139433
15,16001842,32,0.5384152229384301,0.5384099219931926,0.07683044587686028,1.3896078279675124,-0.4937876401862198,0,2,1,3,0.46158477706156986,0.5384152229384301
15,16001842,33,0.5384099219931926,0.53840610730235,0.0768198439863852,1.3896078279675124,-0.4937876401862198,0,2,1,3,0.4615900780068074,0.5384099219931926
15,16001842,34,0.53840610730235,0.5384087608940625,0.07681221460469989,1.3896078279675124,-0.4937876401862198,1,2,1,3,0.46159389269765005,0.53840610730235
15,16001842,35,0.5384087608940625,0.5384106704877049,0.07681752178812506,1.3896078279675124,-0.4937876401862198,1,2,1,3,0.46159123910593747,0.5384087608940625
15,16001842,36,0.5384106704877049,0.5384092488740905,0.07682134097540971,1.3896078279675124,-0.4937876401862198,0,2,1,3,0.46158932951229514,0.5384106704877049
15,16001842,37,0.5384092488740905,0.5384082258429325,0.07681849774818095,1.3896078279675124,-0.4937876401862198,0,2,1,3,0.4615907511259095,0.5384092488740905
15,16001842,38,0.5384082258429325,0.5384074896421456,0.07681645168586493,1.3896078279675124,-0.4937876401862198,0,2,1,3,0.46159177415706754,0.5384082258429325
15,16001842,39,0.5384074896421456,0.5384069598521087,0.07681497928429115,1.3896078279675124,-0.4937876401862198,0,2,1,3,0.4615925103578544,0.5384074896421456
15,16001842,40,0.5384069598521087,0.5384065786007827,0.07681391970421747,1.3896078279675124,-0.4937876401862198,0,2,1,3,0.46159304014789126,0.5384069598521087
15,16001842,41,0.5384065786007827,0.5384063042419241,0.07681315720156534,1.3896078279675124,-0.4937876401862198,0,2,1,3,0.46159342139921733,0.5384065786007827
15,16001842,42,0.5384063042419241,0.5384064950930891,0.0768126084838483,1.3896078279675124,-0.4937876401862198,1,2,1,3,0.46159369575807585,0.5384063042419241
15,16001842,43,0.5384064950930891,0.538406353012613,0.07681299018617826,1.3896078279675124,-0.4937876401862198,0,2,1,3,0.46159350490691087,0.5384064950930891
15,16001842,44,0.538406353012613,0.5384062507676066,0.07681270602522594,1.3896078279675124,-0.4937876401862198,0,2,1,3,0.46159364698738703,0.538406353012613
15,16001842,45,0.5384062507676066,0.5384061771892946,0.07681250153521324,1.3896078279675124,-0.4937876401862198,0,2,1,3,0.4615937492323934,0.5384062507676066
15,16001842,46,0.5384061771892946,0.5384062283722975,0.07681235437858924,1.3896078279675124,-0.4937876401862198,1,2,1,3,0.4615938228107054,0.5384061771892946
15,16001842,47,0.5384062283722975,0.5384061902687602,0.07681245674459491,1.3896078279675124,-0.4937876401862198,0,2,1,3,0.46159377162770254,0.5384062283722975
15,16001842,48,0.5384061902687602,0.5384061628484079,0.07681238053752049,1.3896078279675124,-0.4937876401862198,0,2,1,3,0.46159380973123976,0.5384061902687602
15,16001842,49,0.5384061628484079,0.5384061431159688,0.07681232569681584,1.3896078279675124,-0.4937876401862198,0,2,1,3,0.4615938371515921,0.5384061628484079
15,16001842,50,0.5384061431159688,0.5384061568423717,0.07681228623193759,1.3896078279675124,-0.4937876401862198,1,2,1,3,0.4615938568840312,0.5384061431159688
15,16001842,51,0.5384061568423717,0.5384061466236574,0.0768123136847434,1.3896078279675124,-0.4937876401862198,0,2,1,3,0.4615938431576283,0.5384061568423717
15,16001842,52,0.5384061466236574,0.5384061537320636,0.07681229324731476,1.3896078279675124,-0.4937876401862198,1,2,1,3,0.4615938533763426,0.5384061466236574
15,16001842,53,0.5384061537320636,0.538406148440162,0.07681230746412715,1.3896078279675124,-0.4937876401862198,0,2,1,3,0.4615938462679364,0.5384061537320636
15,16001842,54,0.538406148440162,0.5384061521213477,0.07681229688032398,1.3896078279675124,-0.4937876401862198,1,2,1,3,0.461593851559838,0.538406148440162
15,16001842,55,0.5384061521213477,0.5384061547704302,0.07681230424269536,1.3896078279675124,-0.4937876401862198,1,2,1,3,0.4615938478786523,0.5384061521213477
15,16001842,56,0.5384061547704302,0.5384061527983026,0.07681230954086038,1.3896078279675124,-0.4937876401862198,0,2,1,3,0.4615938452295698,0.5384061547704302
15,16001842,57,0.5384061527983026,0.5384061541701664,0.07681230559660523,1.3896078279675124,-0.4937876401862198,1,2,1,3,0.4615938472016974,0.5384061527983026
15,16001842,58,0.5384061541701664,0.5384061531488731,0.0768123083403327,1.3896078279675124,-0.4937876401862198,0,2,1,3,0.46159384582983365,0.5384061541701664
15,16001842,59,0.5384061531488731,0.5384061524139223,0.07681230629774616,1.3896078279675124,-0.4937876401862198,0,2,1,3,0.4615938468511269,0.5384061531488731
15,16001842,60,0.5384061524139223,0.5384061518850315,0.07681230482784462,1.3896078279675124,-0.4937876401862198,0,2,1,3,0.4615938475860777,0.5384061524139223
15,16001842,61,0.5384061518850315,0.5384061522529419,0.07681230377006298,1.3896078279675124,-0.4937876401862198,1,2,1,3,0.4615938481149685,0.5384061518850315
15,16001842,62,0.5384061522529419,0.5384061519790485,0.07681230450588372,1.3896078279675124,-0.4937876401862198,0,2,1,3,0.46159384774705814,0.5384061522529419
15,16001842,63,0.5384061519790485,0.5384061521695759,0.07681230395809702,1.3896078279675124,-0.4937876401862198,1,2,1,3,0.4615938480209515,0.5384061519790485
15,16001842,64,0.5384061521695759,0.5384061520277365,0.07681230433915176,1.3896078279675124,-0.4937876401862198,0,2,1,3,0.4615938478304241,0.5384061521695759
15,16001842,65,0.5384061520277365,0.5384061521264037,0.0768123040554729,1.3896078279675124,-0.4937876401862198,1,2,1,3,0.46159384797226355,0.5384061520277365
15,16001842,66,0.5384061521264037,0.5384061521974074,0.0768123042528075,1.3896078279675124,-0.4937876401862198,1,2,1,3,0.46159384787359625,0.5384061521264037
15,16001842,67,0.5384061521974074,0.5384061521445482,0.07681230439481479,1.3896078279675124,-0.4937876401862198,0,2,1,3,0.4615938478025926,0.5384061521974074
15,16001842,68,0.5384061521445482,0.5384061521065093,0.07681230428909647,1.3896078279675124,-0.4937876401862198,0,2,1,3,0.46159384785545177,0.5384061521445482
15,16001842,69,0.5384061521065093,0.5384061520791354,0.07681230421301866,1.3896078279675124,-0.4937876401862198,0,2,1,3,0.46159384789349067,0.5384061521065093
15,16001842,70,0.5384061520791354,0.5384061520594365,0.0768123041582709,1.3896078279675124,-0.4937876401862198,0,2,1,3,0.46159384792086455,0.5384061520791354
15,16001842,71,0.5384061520594365,0.5384061520452607,0.07681230411887308,1.3896078279675124,-0.4937876401862198,0,2,1,3,0.46159384794056346,0.5384061520594365
15,16001842,72,0.5384061520452607,0.5384061520350593,0.07681230409052131,1.3896078279675124,-0.4937876401862198,0,2,1,3,0.46159384795473934,0.5384061520452607
15,16001842,73,0.5384061520350593,0.5384061520421556,0.07681230407011852,1.3896078279675124,-0.4937876401862198,1,2,1,3,0.46159384796494074,0.5384061520350593
15,16001842,74,0.5384061520421556,0.5384061520472624,0.07681230408431117,1.3896078279675124,-0.4937876401862198,1,2,1,3,0.4615938479578444,0.5384061520421556
15,16001842,75,0.5384061520472624,0.5384061520509373,0.07681230409452477,1.3896078279675124,-0.4937876401862198,1,2,1,3,0.4615938479527376,0.5384061520472624
15,16001842,76,0.5384061520509373,0.5384061520482014,0.07681230410187467,1.3896078279675124,-0.4937876401862198,0,2,1,3,0.46159384794906266,0.5384061520509373
15,16001842,77,0.5384061520482014,0.5384061520462325,0.07681230409640283,1.3896078279675124,-0.4937876401862198,0,2,1,3,0.4615938479517986,0.5384061520482014
15,16001842,78,0.5384061520462325,0.5384061520448158,0.07681230409246509,1.3896078279675124,-0.4937876401862198,0,2,1,3,0.46159384795376746,0.5384061520462325
15,16001842,79,0.5384061520448158,0.5384061520437962,0.07681230408963158,1.3896078279675124,-0.4937876401862198,0,2,1,3,0.4615938479551842,0.5384061520448158
15,16001842,80,0.5384061520437962,0.5384061520430625,0.07681230408759232,1.3896078279675124,-0.4937876401862198,0,2,1,3,0.46159384795620384,0.5384061520437962
15,16001842,81,0.5384061520430625,0.5384061520435729,0.07681230408612505,1.3896078279675124,-0.4937876401862198,1,2,1,3,0.4615938479569375,0.5384061520430625
15,16001842,82,0.5384061520435729,0.5384061520439402,0.07681230408714579,1.3896078279675124,-0.4937876401862198,1,2,1,3,0.4615938479564271,0.5384061520435729
15,16001842,83,0.5384061520439402,0.5384061520436667,0.07681230408788031,1.3896078279675124,-0.4937876401862198,0,2,1,3,0.46159384795605984,0.5384061520439402
15,16001842,84,0.5384061520436667,0.5384061520434701,0.07681230408733342,1.3896078279675124,-0.4937876401862198,0,2,1,3,0.4615938479563333,0.5384061520436667
15,16001842,85,0.5384061520434701,0.5384061520433284,0.07681230408694018,1.3896078279675124,-0.4937876401862198,0,2,1,3,0.4615938479565299,0.5384061520434701
15,16001842,86,0.5384061520433284,0.5384061520432265,0.07681230408665685,1.3896078279675124,-0.4937876401862198,0,2,1,3,0.4615938479566716,0.5384061520433284
15,16001842,87,0.5384061520432265,0.5384061520431531,0.07681230408645301,1.3896078279675124,-0.4937876401862198,0,2,1,3,0.4615938479567735,0.5384061520432265
15,16001842,88,0.5384061520431531,0.5384061520432042,0.07681230408630624,1.3896078279675124,-0.4937876401862198,1,2,1,3,0.4615938479568469,0.5384061520431531
15,16001842,89,0.5384061520432042,0.5384061520431661,0.07681230408640838,1.3896078279675124,-0.4937876401862198,0,2,1,3,0.4615938479567958,0.5384061520432042
15,16001842,90,0.5384061520431661,0.5384061520431389,0.07681230408633222,1.3896078279675124,-0.4937876401862198,0,2,1,3,0.4615938479568339,0.5384061520431661
15,16001842,91,0.5384061520431389,0.5384061520431578,0.07681230408627782,1.3896078279675124,-0.4937876401862198,1,2,1,3,0.4615938479568611,0.5384061520431389
15,16001842,92,0.5384061520431578,0.5384061520431437,0.07681230408631556,1.3896078279675124,-0.4937876401862198,0,2,1,3,0.4615938479568422,0.5384061520431578
15,16001842,93,0.5384061520431437,0.5384061520431536,0.07681230408628736,1.3896078279675124,-0.4937876401862198,1,2,1,3,0.4615938479568563,0.5384061520431437
15,16001842,94,0.5384061520431536,0.5384061520431461,0.07681230408630713,1.3896078279675124,-0.4937876401862198,0,2,1,3,0.46159384795684644,0.5384061520431536
15,16001842,95,0.5384061520431461,0.5384061520431409,0.07681230408629225,1.3896078279675124,-0.4937876401862198,0,2,1,3,0.4615938479568539,0.5384061520431461
15,16001842,96,0.5384061520431409,0.5384061520431447,0.07681230408628181,1.3896078279675124,-0.4937876401862198,1,2,1,3,0.4615938479568591,0.5384061520431409
15,16001842,97,0.5384061520431447,0.5384061520431472,0.07681230408628936,1.3896078279675124,-0.4937876401862198,1,2,1,3,0.4615938479568553,0.5384061520431447
15,16001842,98,0.5384061520431472,0.5384061520431452,0.07681230408629447,1.3896078279675124,-0.4937876401862198,0,2,1,3,0.46159384795685277,0.5384061520431472
15,16001842,99,0.5384061520431452,0.5384061520431438,0.07681230408629047,1.3896078279675124,-0.4937876401862198,0,2,1,3,0.46159384795685476,0.5384061520431452
15,16001842,100,0.5384061520431438,0.5384061520431428,0.07681230408628759,1.3896078279675124,-0.4937876401862198,0,2,1,3,0.4615938479568562,0.5384061520431438
15,16001842,101,0.5384061520431428,0.5384061520431435,0.07681230408628559,1.3896078279675124,-0.4937876401862198,1,2,1,3,0.4615938479568572,0.5384061520431428
15,16001842,102,0.5384061520431435,0.5384061520431441,0.07681230408628692,1.3896078279675124,-0.4937876401862198,1,2,1,3,0.46159384795685654,0.5384061520431435
15,16001842,103,0.5384061520431441,0.5384061520431445,0.07681230408628825,1.3896078279675124,-0.4937876401862198,1,2,1,3,0.4615938479568559,0.5384061520431441
15,16001842,104,0.5384061520431445,0.5384061520431441,0.07681230408628892,1.3896078279675124,-0.4937876401862198,0,2,1,3,0.46159384795685554,0.5384061520431445
15,16001842,105,0.5384061520431441,0.538406152043144,0.07681230408628825,1.3896078279675124,-0.4937876401862198,0,2,1,3,0.4615938479568559,0.5384061520431441
15,16001842,106,0.538406152043144,0.5384061520431438,0.07681230408628803,1.3896078279675124,-0.4937876401862198,0,2,1,3,0.461593847956856,0.538406152043144
15,16001842,107,0.5384061520431438,0.5384061520431437,0.07681230408628759,1.3896078279675124,-0.4937876401862198,0,2,1,3,0.4615938479568562,0.5384061520431438
15,16001842,108,0.5384061520431437,0.5384061520431436,0.07681230408628736,1.3896078279675124,-0.4937876401862198,0,2,1,3,0.4615938479568563,0.5384061520431437
15,16001842,109,0.5384061520431436,0.5384061520431437,0.07681230408628714,1.3896078279675124,-0.4937876401862198,1,2,1,3,0.46159384795685643,0.5384061520431436
15,16001842,110,0.5384061520431437,0.5384061520431437,0.07681230408628736,1.3896078279675124,-0.4937876401862198,0,2,1,3,0.4615938479568563,0.5384061520431437
15,16001842,111,0.5384061520431437,0.5384061520431436,0.07681230408628736,1.3896078279675124,-0.4937876401862198,1,2,1,3,0.4615938479568563,0.5384061520431437
15,16001842,112,0.5384061520431436,0.5384061520431436,0.07681230408628714,1.3896078279675124,-0.4937876401862198,0,2,1,3,0.46159384795685643,0.5384061520431436
15,16001842,113,0.5384061520431436,0.5384061520431436,0.07681230408628714,1.3896078279675124,-0.4937876401862198,1,2,1,3,0.46159384795685643,0.5384061520431436
15,16001842,114,0.5384061520431436,0.5384061520431436,0.07681230408628714,1.3896078279675124,-0.4937876401862198,0,2,1,3,0.46159384795685643,0.5384061520431436
15,16001842,115,0.5384061520431436,0.5384061520431436,0.07681230408628714,1.3896078279675124,-0.4937876401862198,1,2,1,3,0.46159384795685643,0.5384061520431436
15,16001842,116,0.5384061520431436,0.5384061520431436,0.07681230408628714,1.3896078279675124,-0.4937876401862198,0,2,1,3,0.46159384795685643,0.5384061520431436
15,16001842,117,0.5384061520431436,0.5384061520431435,0.07681230408628714,1.3896078279675124,-0.4937876401862198,0,2,1,3,0.46159384795685643,0.5384061520431436
15,16001842,118,0.5384061520431435,0.5384061520431435,0.07681230408628692,1.3896078279675124,-0.4937876401862198,0,2,1,3,0.46159384795685654,0.5384061520431435
15,16001842,119,0.5384061520431435,0.5384061520431436,0.07681230408628692,1.3896078279675124,-0.4937876401862198,0,2,1,3,0.46159384795685654,0.5384061520431435
15,16001842,120,0.5384061520431436,0.5384061520431436,0.07681230408628714,1.3896078279675124,-0.4937876401862198,0,2,1,3,0.46159384795685643,0.5384061520431436
15,16001842,121,0.5384061520431436,0.5384061520431436,0.07681230408628714,1.3896078279675124,-0.4937876401862198,0,2,1,3,0.46159384795685643,0.5384061520431436
15,16001842,122,0.5384061520431436,0.5384061520431437,0.07681230408628714,1.3896078279675124,-0.4937876401862198,0,2,1,3,0.46159384795685643,0.5384061520431436
15,16001842,123,0.5384061520431437,0.5384061520431436,0.07681230408628736,1.3896078279675124,-0.4937876401862198,0,2,1,3,0.4615938479568563,0.5384061520431437
15,16001842,124,0.5384061520431436,0.5384061520431436,0.07681230408628714,1.3896078279675124,-0.4937876401862198,0,2,1,3,0.46159384795685643,0.5384061520431436
15,16001842,125,0.5384061520431436,0.5384061520431436,0.07681230408628714,1.3896078279675124,-0.4937876401862198,1,2,1,3,0.46159384795685643,0.5384061520431436
15,16001842,126,0.5384061520431436,0.5384061520431436,0.07681230408628714,1.3896078279675124,-0.4937876401862198,0,2,1,3,0.46159384795685643,0.5384061520431436
15,16001842,127,0.5384061520431436,0.5384061520431436,0.07681230408628714,1.3896078279675124,-0.4937876401862198,0,2,1,3,0.46159384795685643,0.5384061520431436
15,16001842,128,0.5384061520431436,0.5384061520431436,0.07681230408628714,1.3896078279675124,-0.4937876401862198,1,2,1,3,0.46159384795685643,0.5384061520431436
15,16001842,129,0.5384061520431436,0.5384061520431436,0.07681230408628714,1.3896078279675124,-0.4937876401862198,0,2,1,3,0.46159384795685643,0.5384061520431436
15,16001842,130,0.5384061520431436,0.5384061520431437,0.07681230408628714,1.3896078279675124,-0.4937876401862198,1,2,1,3,0.46159384795685643,0.5384061520431436
15,16001842,131,0.5384061520431437,0.5384061520431437,0.07681230408628736,1.3896078279675124,-0.4937876401862198,0,2,1,3,0.4615938479568563,0.5384061520431437
15,16001842,132,0.5384061520431437,0.5384061520431437,0.07681230408628736,1.3896078279675124,-0.4937876401862198,0,2,1,3,0.4615938479568563,0.5384061520431437
15,16001842,133,0.5384061520431437,0.5384061520431436,0.07681230408628736,1.3896078279675124,-0.4937876401862198,0,2,1,3,0.4615938479568563,0.5384061520431437
15,16001842,134,0.5384061520431436,0.5384061520431436,0.07681230408628714,1.3896078279675124,-0.4937876401862198,1,2,1,3,0.46159384795685643,0.5384061520431436
15,16001842,135,0.5384061520431436,0.5384061520431436,0.07681230408628714,1.3896078279675124,-0.4937876401862198,1,2,1,3,0.46159384795685643,0.5384061520431436
15,16001842,136,0.5384061520431436,0.5384061520431436,0.07681230408628714,1.3896078279675124,-0.4937876401862198,0,2,1,3,0.46159384795685643,0.5384061520431436
15,16001842,137,0.5384061520431436,0.5384061520431436,0.07681230408628714,1.3896078279675124,-0.4937876401862198,0,2,1,3,0.46159384795685643,0.5384061520431436
15,16001842,138,0.5384061520431436,0.5384061520431436,0.07681230408628714,1.3896078279675124,-0.4937876401862198,1,2,1,3,0.46159384795685643,0.5384061520431436
15,16001842,139,0.5384061520431436,0.5384061520431436,0.07681230408628714,1.3896078279675124,-0.4937876401862198,0,2,1,3,0.46159384795685643,0.5384061520431436
15,16001842,140,0.5384061520431436,0.5384061520431436,0.07681230408628714,1.3896078279675124,-0.4937876401862198,1,2,1,3,0.46159384795685643,0.5384061520431436
15,16001842,141,0.5384061520431436,0.5384061520431436,0.07681230408628714,1.3896078279675124,-0.4937876401862198,0,2,1,3,0.46159384795685643,0.5384061520431436
15,16001842,142,0.5384061520431436,0.5384061520431436,0.07681230408628714,1.3896078279675124,-0.4937876401862198,0,2,1,3,0.46159384795685643,0.5384061520431436
15,16001842,143,0.5384061520431436,0.5384061520431436,0.07681230408628714,1.3896078279675124,-0.4937876401862198,0,2,1,3,0.46159384795685643,0.5384061520431436
15,16001842,144,0.5384061520431436,0.5384061520431437,0.07681230408628714,1.3896078279675124,-0.4937876401862198,0,2,1,3,0.46159384795685643,0.5384061520431436
15,16001842,145,0.5384061520431437,0.5384061520431436,0.07681230408628736,1.3896078279675124,-0.4937876401862198,1,2,1,3,0.4615938479568563,0.5384061520431437
15,16001842,146,0.5384061520431436,0.5384061520431436,0.07681230408628714,1.3896078279675124,-0.4937876401862198,0,2,1,3,0.46159384795685643,0.5384061520431436
15,16001842,147,0.5384061520431436,0.5384061520431437,0.07681230408628714,1.3896078279675124,-0.4937876401862198,0,2,1,3,0.46159384795685643,0.5384061520431436
15,16001842,148,0.5384061520431437,0.5384061520431436,0.07681230408628736,1.3896078279675124,-0.4937876401862198,0,2,1,3,0.4615938479568563,0.5384061520431437
15,16001842,149,0.5384061520431436,0.5384061520431437,0.07681230408628714,1.3896078279675124,-0.4937876401862198,0,2,1,3,0.46159384795685643,0.5384061520431436
15,16001842,150,0.5384061520431437,0.5384061520431436,0.07681230408628736,1.3896078279675124,-0.4937876401862198,1,2,1,3,0.4615938479568563,0.5384061520431437
15,16001842,151,0.5384061520431436,0.5384061520431437,0.07681230408628714,1.3896078279675124,-0.4937876401862198,0,2,1,3,0.46159384795685643,0.5384061520431436
15,16001842,152,0.5384061520431437,0.5384061520431437,0.07681230408628736,1.3896078279675124,-0.4937876401862198,1,2,1,3,0.4615938479568563,0.5384061520431437
15,16001842,153,0.5384061520431437,0.5384061520431436,0.07681230408628736,1.3896078279675124,-0.4937876401862198,0,2,1,3,0.4615938479568563,0.5384061520431437
15,16001842,154,0.5384061520431436,0.5384061520431436,0.07681230408628714,1.3896078279675124,-0.4937876401862198,1,2,1,3,0.46159384795685643,0.5384061520431436
15,16001842,155,0.5384061520431436,0.5384061520431436,0.07681230408628714,1.3896078279675124,-0.4937876401862198,1,2,1,3,0.46159384795685643,0.5384061520431436
15,16001842,156,0.5384061520431436,0.5384061520431437,0.07681230408628714,1.3896078279675124,-0.4937876401862198,0,2,1,3,0.46159384795685643,0.5384061520431436
15,16001842,157,0.5384061520431437,0.5384061520431436,0.07681230408628736,1.3896078279675124,-0.4937876401862198,0,2,1,3,0.4615938479568563,0.5384061520431437
15,16001842,158,0.5384061520431436,0.5384061520431436,0.07681230408628714,1.3896078279675124,-0.4937876401862198,1,2,1,3,0.46159384795685643,0.5384061520431436
15,16001842,159,0.5384061520431436,0.5384061520431436,0.07681230408628714,1.3896078279675124,-0.4937876401862198,0,2,1,3,0.46159384795685643,0.5384061520431436
15,16001842,160,0.5384061520431436,0.5384061520431436,0.07681230408628714,1.3896078279675124,-0.4937876401862198,1,2,1,3,0.46159384795685643,0.5384061520431436
15,16001842,161,0.5384061520431436,0.5384061520431437,0.07681230408628714,1.3896078279675124,-0.4937876401862198,0,2,1,3,0.46159384795685643,0.5384061520431436
15,16001842,162,0.5384061520431437,0.5384061520431436,0.07681230408628736,1.3896078279675124,-0.4937876401862198,1,2,1,3,0.4615938479568563,0.5384061520431437
15,16001842,163,0.5384061520431436,0.5384061520431436,0.07681230408628714,1.3896078279675124,-0.4937876401862198,1,2,1,3,0.46159384795685643,0.5384061520431436
15,16001842,164,0.5384061520431436,0.5384061520431436,0.07681230408628714,1.3896078279675124,-0.4937876401862198,1,2,1,3,0.46159384795685643,0.5384061520431436
15,16001842,165,0.5384061520431436,0.5384061520431436,0.07681230408628714,1.3896078279675124,-0.4937876401862198,0,2,1,3,0.46159384795685643,0.5384061520431436
15,16001842,166,0.5384061520431436,0.5384061520431436,0.07681230408628714,1.3896078279675124,-0.4937876401862198,0,2,1,3,0.46159384795685643,0.5384061520431436
15,16001842,167,0.5384061520431436,0.5384061520431436,0.07681230408628714,1.3896078279675124,-0.4937876401862198,0,2,1,3,0.46159384795685643,0.5384061520431436
15,16001842,168,0.5384061520431436,0.5384061520431436,0.07681230408628714,1.3896078279675124,-0.4937876401862198,0,2,1,3,0.46159384795685643,0.5384061520431436
15,16001842,169,0.5384061520431436,0.5384061520431436,0.07681230408628714,1.3896078279675124,-0.4937876401862198,0,2,1,3,0.46159384795685643,0.5384061520431436
15,16001842,170,0.5384061520431436,0.5384061520431436,0.07681230408628714,1.3896078279675124,-0.4937876401862198,0,2,1,3,0.46159384795685643,0.5384061520431436
15,16001842,171,0.5384061520431436,0.5384061520431436,0.07681230408628714,1.3896078279675124,-0.4937876401862198,1,2,1,3,0.46159384795685643,0.5384061520431436
15,16001842,172,0.5384061520431436,0.5384061520431435,0.07681230408628714,1.3896078279675124,-0.4937876401862198,0,2,1,3,0.46159384795685643,0.5384061520431436
15,16001842,173,0.5384061520431435,0.5384061520431436,0.07681230408628692,1.3896078279675124,-0.4937876401862198,1,2,1,3,0.46159384795685654,0.5384061520431435
15,16001842,174,0.5384061520431436,0.5384061520431435,0.07681230408628714,1.3896078279675124,-0.4937876401862198,1,2,1,3,0.46159384795685643,0.5384061520431436
15,16001842,175,0.5384061520431435,0.5384061520431435,0.07681230408628692,1.3896078279675124,-0.4937876401862198,0,2,1,3,0.46159384795685654,0.5384061520431435
15,16001842,176,0.5384061520431435,0.5384061520431435,0.07681230408628692,1.3896078279675124,-0.4937876401862198,1,2,1,3,0.46159384795685654,0.5384061520431435
15,16001842,177,0.5384061520431435,0.5384061520431435,0.07681230408628692,1.3896078279675124,-0.4937876401862198,0,2,1,3,0.46159384795685654,0.5384061520431435
15,16001842,178,0.5384061520431435,0.5384061520431435,0.07681230408628692,1.3896078279675124,-0.4937876401862198,0,2,1,3,0.46159384795685654,0.5384061520431435
15,16001842,179,0.5384061520431435,0.5384061520431435,0.07681230408628692,1.3896078279675124,-0.4937876401862198,0,2,1,3,0.46159384795685654,0.5384061520431435
15,16001842,180,0.5384061520431435,0.5384061520431435,0.07681230408628692,1.3896078279675124,-0.4937876401862198,0,2,1,3,0.46159384795685654,0.5384061520431435
15,16001842,181,0.5384061520431435,0.5384061520431435,0.07681230408628692,1.3896078279675124,-0.4937876401862198,0,2,1,3,0.46159384795685654,0.5384061520431435
15,16001842,182,0.5384061520431435,0.5384061520431433,0.07681230408628692,1.3896078279675124,-0.4937876401862198,0,2,1,3,0.46159384795685654,0.5384061520431435
15,16001842,183,0.5384061520431433,0.5384061520431435,0.0768123040862867,1.3896078279675124,-0.4937876401862198,1,2,1,3,0.46159384795685665,0.5384061520431433
15,16001842,184,0.5384061520431435,0.5384061520431435,0.07681230408628692,1.3896078279675124,-0.4937876401862198,0,2,1,3,0.46159384795685654,0.5384061520431435
15,16001842,185,0.5384061520431435,0.5384061520431436,0.07681230408628692,1.3896078279675124,-0.4937876401862198,0,2,1,3,0.46159384795685654,0.5384061520431435
15,16001842,186,0.5384061520431436,0.5384061520431435,0.07681230408628714,1.3896078279675124,-0.4937876401862198,0,2,1,3,0.46159384795685643,0.5384061520431436
15,16001842,187,0.5384061520431435,0.5384061520431435,0.07681230408628692,1.3896078279675124,-0.4937876401862198,1,2,1,3,0.46159384795685654,0.5384061520431435
15,16001842,188,0.5384061520431435,0.5384061520431435,0.07681230408628692,1.3896078279675124,-0.4937876401862198,1,2,1,3,0.46159384795685654,0.5384061520431435
15,16001842,189,0.5384061520431435,0.5384061520431435,0.07681230408628692,1.3896078279675124,-0.4937876401862198,0,2,1,3,0.46159384795685654,0.5384061520431435
15,16001842,190,0.5384061520431435,0.5384061520431435,0.07681230408628692,1.3896078279675124,-0.4937876401862198,0,2,1,3,0.46159384795685654,0.5384061520431435
15,16001842,191,0.5384061520431435,0.5384061520431435,0.07681230408628692,1.3896078279675124,-0.4937876401862198,0,2,1,3,0.46159384795685654,0.5384061520431435
15,16001842,192,0.5384061520431435,0.5384061520431435,0.07681230408628692,1.3896078279675124,-0.4937876401862198,0,2,1,3,0.46159384795685654,0.5384061520431435
15,16001842,193,0.5384061520431435,0.5384061520431435,0.07681230408628692,1.3896078279675124,-0.4937876401862198,0,2,1,3,0.46159384795685654,0.5384061520431435
15,16001842,194,0.5384061520431435,0.5384061520431435,0.07681230408628692,1.3896078279675124,-0.4937876401862198,1,2,1,3,0.46159384795685654,0.5384061520431435
15,16001842,195,0.5384061520431435,0.5384061520431435,0.07681230408628692,1.3896078279675124,-0.4937876401862198,0,2,1,3,0.46159384795685654,0.5384061520431435
15,16001842,196,0.5384061520431435,0.5384061520431435,0.07681230408628692,1.3896078279675124,-0.4937876401862198,1,2,1,3,0.46159384795685654,0.5384061520431435
15,16001842,197,0.5384061520431435,0.5384061520431435,0.07681230408628692,1.3896078279675124,-0.4937876401862198,1,2,1,3,0.46159384795685654,0.5384061520431435
15,16001842,198,0.5384061520431435,0.5384061520431436,0.07681230408628692,1.3896078279675124,-0.4937876401862198,1,2,1,3,0.46159384795685654,0.5384061520431435
15,16001842,199,0.5384061520431436,0.5384061520431435,0.07681230408628714,1.3896078279675124,-0.4937876401862198,0,2,1,3,0.46159384795685643,0.5384061520431436
15,16001842,200,0.5384061520431435,0.5384061520431435,0.07681230408628692,1.3896078279675124,-0.4937876401862198,0,2,1,3,0.46159384795685654,0.5384061520431435
15,16001842,201,0.5384061520431435,0.5384061520431435,0.07681230408628692,1.3896078279675124,-0.4937876401862198,1,2,1,3,0.46159384795685654,0.5384061520431435
15,16001842,202,0.5384061520431435,0.5384061520431435,0.07681230408628692,1.3896078279675124,-0.4937876401862198,0,2,1,3,0.46159384795685654,0.5384061520431435
15,16001842,203,0.5384061520431435,0.5384061520431435,0.07681230408628692,1.3896078279675124,-0.4937876401862198,1,2,1,3,0.46159384795685654,0.5384061520431435
15,16001842,204,0.5384061520431435,0.5384061520431435,0.07681230408628692,1.3896078279675124,-0.4937876401862198,1,2,1,3,0.46159384795685654,0.5384061520431435
15,16001842,205,0.5384061520431435,0.5384061520431435,0.07681230408628692,1.3896078279675124,-0.4937876401862198,0,2,1,3,0.46159384795685654,0.5384061520431435
15,16001842,206,0.5384061520431435,0.5384061520431435,0.07681230408628692,1.3896078279675124,-0.4937876401862198,0,2,1,3,0.46159384795685654,0.5384061520431435
15,16001842,207,0.5384061520431435,0.5384061520431433,0.07681230408628692,1.3896078279675124,-0.4937876401862198,0,2,1,3,0.46159384795685654,0.5384061520431435
15,16001842,208,0.5384061520431433,0.5384061520431435,0.0768123040862867,1.3896078279675124,-0.4937876401862198,0,2,1,3,0.46159384795685665,0.5384061520431433
15,16001842,209,0.5384061520431435,0.5384061520431435,0.07681230408628692,1.3896078279675124,-0.4937876401862198,1,2,1,3,0.46159384795685654,0.5384061520431435
15,16001842,210,0.5384061520431435,0.5384061520431435,0.07681230408628692,1.3896078279675124,-0.4937876401862198,0,2,1,3,0.46159384795685654,0.5384061520431435
15,16001842,211,0.5384061520431435,0.5384061520431433,0.07681230408628692,1.3896078279675124,-0.4937876401862198,0,2,1,3,0.46159384795685654,0.5384061520431435
15,16001842,212,0.5384061520431433,0.5384061520431435,0.0768123040862867,1.3896078279675124,-0.4937876401862198,0,2,1,3,0.46159384795685665,0.5384061520431433
15,16001842,213,0.5384061520431435,0.5384061520431435,0.07681230408628692,1.3896078279675124,-0.4937876401862198,0,2,1,3,0.46159384795685654,0.5384061520431435
15,16001842,214,0.5384061520431435,0.5384061520431435,0.07681230408628692,1.3896078279675124,-0.4937876401862198,0,2,1,3,0.46159384795685654,0.5384061520431435
15,16001842,215,0.5384061520431435,0.5384061520431435,0.07681230408628692,1.3896078279675124,-0.4937876401862198,1,2,1,3,0.46159384795685654,0.5384061520431435
15,16001842,216,0.5384061520431435,0.5384061520431435,0.07681230408628692,1.3896078279675124,-0.4937876401862198,1,2,1,3,0.46159384795685654,0.5384061520431435
15,16001842,217,0.5384061520431435,0.5384061520431433,0.07681230408628692,1.3896078279675124,-0.4937876401862198,0,2,1,3,0.46159384795685654,0.5384061520431435
15,16001842,218,0.5384061520431433,0.5384061520431433,0.0768123040862867,1.3896078279675124,-0.4937876401862198,0,2,1,3,0.46159384795685665,0.5384061520431433
15,16001842,219,0.5384061520431433,0.5384061520431435,0.0768123040862867,1.3896078279675124,-0.4937876401862198,1,2,1,3,0.46159384795685665,0.5384061520431433
15,16001842,220,0.5384061520431435,0.5384061520431435,0.07681230408628692,1.3896078279675124,-0.4937876401862198,0,2,1,3,0.46159384795685654,0.5384061520431435
15,16001842,221,0.5384061520431435,0.5384061520431435,0.07681230408628692,1.3896078279675124,-0.4937876401862198,0,2,1,3,0.46159384795685654,0.5384061520431435
15,16001842,222,0.5384061520431435,0.5384061520431435,0.07681230408628692,1.3896078279675124,-0.4937876401862198,0,2,1,3,0.46159384795685654,0.5384061520431435
15,16001842,223,0.5384061520431435,0.5384061520431435,0.07681230408628692,1.3896078279675124,-0.4937876401862198,1,2,1,3,0.46159384795685654,0.5384061520431435
15,16001842,224,0.5384061520431435,0.5384061520431435,0.07681230408628692,1.3896078279675124,-0.4937876401862198,1,2,1,3,0.46159384795685654,0.5384061520431435
15,16001842,225,0.5384061520431435,0.5384061520431436,0.07681230408628692,1.3896078279675124,-0.4937876401862198,0,2,1,3,0.46159384795685654,0.5384061520431435
15,16001842,226,0.5384061520431436,0.5384061520431435,0.07681230408628714,1.3896078279675124,-0.4937876401862198,1,2,1,3,0.46159384795685643,0.5384061520431436
15,16001842,227,0.5384061520431435,0.5384061520431435,0.07681230408628692,1.3896078279675124,-0.4937876401862198,0,2,1,3,0.46159384795685654,0.5384061520431435
15,16001842,228,0.5384061520431435,0.5384061520431435,0.07681230408628692,1.3896078279675124,-0.4937876401862198,0,2,1,3,0.46159384795685654,0.5384061520431435
15,16001842,229,0.5384061520431435,0.5384061520431435,0.07681230408628692,1.3896078279675124,-0.4937876401862198,0,2,1,3,0.46159384795685654,0.5384061520431435
15,16001842,230,0.5384061520431435,0.5384061520431435,0.07681230408628692,1.3896078279675124,-0.4937876401862198,0,2,1,3,0.46159384795685654,0.5384061520431435
15,16001842,231,0.5384061520431435,0.5384061520431435,0.07681230408628692,1.3896078279675124,-0.4937876401862198,1,2,1,3,0.46159384795685654,0.5384061520431435
15,16001842,232,0.5384061520431435,0.5384061520431435,0.07681230408628692,1.3896078279675124,-0.4937876401862198,1,2,1,3,0.46159384795685654,0.5384061520431435
15,16001842,233,0.5384061520431435,0.5384061520431435,0.07681230408628692,1.3896078279675124,-0.4937876401862198,1,2,1,3,0.46159384795685654,0.5384061520431435
15,16001842,234,0.5384061520431435,0.5384061520431436,0.07681230408628692,1.3896078279675124,-0.4937876401862198,0,2,1,3,0.46159384795685654,0.5384061520431435
15,16001842,235,0.5384061520431436,0.5384061520431435,0.07681230408628714,1.3896078279675124,-0.4937876401862198,0,2,1,3,0.46159384795685643,0.5384061520431436
15,16001842,236,0.5384061520431435,0.5384061520431436,0.07681230408628692,1.3896078279675124,-0.4937876401862198,0,2,1,3,0.46159384795685654,0.5384061520431435
15,16001842,237,0.5384061520431436,0.5384061520431436,0.07681230408628714,1.3896078279675124,-0.4937876401862198,0,2,1,3,0.46159384795685643,0.5384061520431436
15,16001842,238,0.5384061520431436,0.5384061520431436,0.07681230408628714,1.3896078279675124,-0.4937876401862198,1,2,1,3,0.46159384795685643,0.5384061520431436
15,16001842,239,0.5384061520431436,0.5384061520431436,0.07681230408628714,1.3896078279675124,-0.4937876401862198,0,2,1,3,0.46159384795685643,0.5384061520431436
15,16001842,240,0.5384061520431436,0.5384061520431435,0.07681230408628714,1.3896078279675124,-0.4937876401862198,0,2,1,3,0.46159384795685643,0.5384061520431436
16,16001847,1,0.5,0.3333333333333333,0,1.1882805363480002,-0.40386082718025,0,1,2,2,0.5,0.5
16,16001847,2,0.3333333333333333,0.477522931580871,0.33333333333333337,1.1882805363480002,-0.40386082718025,1,1,2,2,0.3333333333333333,0.6666666666666667
16,16001847,3,0.477522931580871,0.5693062092489456,0.044954136838257996,1.1882805363480002,-0.40386082718025,1,1,2,2,0.477522931580871,0.522477068419129
16,16001847,4,0.5693062092489456,0.6320682352564251,0.1386124184978912,1.1882805363480002,-0.40386082718025,1,1,2,2,0.5693062092489456,0.4306937907510544
16,16001847,5,0.6320682352564251,0.6771142530054207,0.26413647051285016,1.1882805363480002,-0.40386082718025,1,1,2,2,0.6320682352564251,0.3679317647435749
16,16001847,6,0.6771142530054207,0.7105801901034271,0.35422850601084144,1.1882805363480002,-0.40386082718025,1,1,2,2,0.6771142530054207,0.3228857469945793
16,16001847,7,0.7105801901034271,0.6669118319675474,0.4211603802068542,1.1882805363480002,-0.40386082718025,0,1,2,2,0.7105801901034271,0.2894198098965729
16,16001847,8,0.6669118319675474,0.6329789761558521,0.3338236639350949,1.1882805363480002,-0.40386082718025,0,1,2,2,0.6669118319675474,0.33308816803245256
16,16001847,9,0.6329789761558521,0.6521322429362197,0.26595795231170416,1.1882805363480002,-0.40386082718025,1,1,2,2,0.6329789761558521,0.3670210238441479
16,16001847,10,0.6521322429362197,0.6674209222001047,0.3042644858724395,1.1882805363480002,-0.40386082718025,1,1,2,2,0.6521322429362197,0.34786775706378026
16,16001847,11,0.6674209222001047,0.6486007549138711,0.3348418444002095,1.1882805363480002,-0.40386082718025,0,1,2,2,0.6674209222001047,0.33257907779989526
16,16001847,12,0.6486007549138711,0.659104239249889,0.2972015098277423,1.1882805363480002,-0.40386082718025,1,1,2,2,0.6486007549138711,0.35139924508612885
16,16001847,13,0.659104239249889,0.667685293044312,0.31820847849977807,1.1882805363480002,-0.40386082718025,1,1,2,2,0.659104239249889,0.34089576075011097
16,16001847,14,0.667685293044312,0.6569141915582749,0.335370586088624,1.1882805363480002,-0.40386082718025,0,1,2,2,0.667685293044312,0.332314706955688
16,16001847,15,0.6569141915582749,0.6628885007205753,0.3138283831165498,1.1882805363480002,-0.40386082718025,1,1,2,2,0.6569141915582749,0.3430858084417251
16,16001847,16,0.6628885007205753,0.6678311090018028,0.3257770014411505,1.1882805363480002,-0.40386082718025,1,1,2,2,0.6628885007205753,0.33711149927942474
16,16001847,17,0.6678311090018028,0.671931716736902,0.3356622180036055,1.1882805363480002,-0.40386082718025,1,1,2,2,0.6678311090018028,0.33216889099819724
16,16001847,18,0.671931716736902,0.6666606898268939,0.343863433473804,1.1882805363480002,-0.40386082718025,0,1,2,2,0.671931716736902,0.328068283263098
16,16001847,19,0.6666606898268939,0.669541274819478,0.3333213796537877,1.1882805363480002,-0.40386082718025,1,1,2,2,0.6666606898268939,0.33333931017310614
16,16001847,20,0.669541274819478,0.6658484170495443,0.339082549638956,1.1882805363480002,-0.40386082718025,0,1,2,2,0.669541274819478,0.330458725180522
16,16001847,21,0.6658484170495443,0.6627623688350615,0.3316968340990887,1.1882805363480002,-0.40386082718025,0,1,2,2,0.6658484170495443,0.33415158295045566
16,16001847,22,0.6627623688350615,0.6644730758979059,0.3255247376701229,1.1882805363480002,-0.40386082718025,1,1,2,2,0.6627623688350615,0.33723763116493854
16,16001847,23,0.6644730758979059,0.665905645998941,0.3289461517958119,1.1882805363480002,-0.40386082718025,1,1,2,2,0.6644730758979059,0.33552692410209406
16,16001847,24,0.665905645998941,0.6671062490150927,0.33181129199788195,1.1882805363480002,-0.40386082718025,1,1,2,2,0.665905645998941,0.334094354001059
16,16001847,25,0.6671062490150927,0.6655693679024958,0.3342124980301855,1.1882805363480002,-0.40386082718025,0,1,2,2,0.6671062490150927,0.33289375098490726
16,16001847,26,0.6655693679024958,0.6664176152201269,0.33113873580499154,1.1882805363480002,-0.40386082718025,1,1,2,2,0.6655693679024958,0.33443063209750423
16,16001847,27,0.6664176152201269,0.6653326207397334,0.33283523044025376,1.1882805363480002,-0.40386082718025,0,1,2,2,0.6664176152201269,0.3335823847798731
16,16001847,28,0.6653326207397334,0.66593234265909,0.33066524147946685,1.1882805363480002,-0.40386082718025,1,1,2,2,0.6653326207397334,0.3346673792602666
16,16001847,29,0.66593234265909,0.6664361651150935,0.3318646853181799,1.1882805363480002,-0.40386082718025,1,1,2,2,0.66593234265909,0.33406765734091004
16,16001847,30,0.6664361651150935,0.6668595399168786,0.33287233023018703,1.1882805363480002,-0.40386082718025,1,1,2,2,0.6664361651150935,0.3335638348849065
16,16001847,31,0.6668595399168786,0.6672153950494315,0.33371907983375726,1.1882805363480002,-0.40386082718025,1,1,2,2,0.6668595399168786,0.33314046008312137
16,16001847,32,0.6672153950494315,0.6675145568483798,0.334430790098863,1.1882805363480002,-0.40386082718025,1,1,2,2,0.6672153950494315,0.3327846049505685
16,16001847,33,0.6675145568483798,0.6671301933464953,0.3350291136967596,1.1882805363480002,-0.40386082718025,0,1,2,2,0.6675145568483798,0.3324854431516202
16,16001847,34,0.6671301933464953,0.6673419364999766,0.3342603866929905,1.1882805363480002,-0.40386082718025,1,1,2,2,0.6671301933464953,0.33286980665350474
16,16001847,35,0.6673419364999766,0.6670699420178878,0.3346838729999533,1.1882805363480002,-0.40386082718025,0,1,2,2,0.6673419364999766,0.33265806350002336
16,16001847,36,0.6670699420178878,0.6672198373830377,0.33413988403577566,1.1882805363480002,-0.40386082718025,1,1,2,2,0.6670699420178878,0.33293005798211217
16,16001847,37,0.6672198373830377,0.6670273161634942,0.3344396747660754,1.1882805363480002,-0.40386082718025,0,1,2,2,0.6672198373830377,0.3327801626169623
16,16001847,38,0.6670273161634942,0.667133441853443,0.3340546323269884,1.1882805363480002,-0.40386082718025,1,1,2,2,0.6670273161634942,0.3329726838365058
16,16001847,39,0.667133441853443,0.6672227246679057,0.33426688370688606,1.1882805363480002,-0.40386082718025,1,1,2,2,0.667133441853443,0.33286655814655697
16,16001847,40,0.6672227246679057,0.6671080314122201,0.33444544933581133,1.1882805363480002,-0.40386082718025,0,1,2,2,0.6672227246679057,0.33277727533209434
16,16001847,41,0.6671080314122201,0.6671712511433914,0.33421606282444016,1.1882805363480002,-0.40386082718025,1,1,2,2,0.6671080314122201,0.3328919685877799
16,16001847,42,0.6671712511433914,0.667090043443425,0.33434250228678275,1.1882805363480002,-0.40386082718025,0,1,2,2,0.6671712511433914,0.3328287488566086
16,16001847,43,0.667090043443425,0.6670217134761883,0.3341800868868501,1.1882805363480002,-0.40386082718025,0,1,2,2,0.667090043443425,0.33290995655657496
16,16001847,44,0.6670217134761883,0.6670593892301289,0.33404342695237665,1.1882805363480002,-0.40386082718025,1,1,2,2,0.6670217134761883,0.3329782865238117
16,16001847,45,0.6670593892301289,0.667091091876361,0.3341187784602577,1.1882805363480002,-0.40386082718025,1,1,2,2,0.6670593892301289,0.33294061076987114
16,16001847,46,0.667091091876361,0.6671177688523585,0.3341821837527219,1.1882805363480002,-0.40386082718025,1,1,2,2,0.667091091876361,0.33290890812363905
16,16001847,47,0.6671177688523585,0.6670835025971555,0.33423553770471703,1.1882805363480002,-0.40386082718025,0,1,2,2,0.6671177688523585,0.3328822311476415
16,16001847,48,0.6670835025971555,0.6670546676351942,0.3341670051943111,1.1882805363480002,-0.40386082718025,0,1,2,2,0.6670835025971555,0.33291649740284446
16,16001847,49,0.6670546676351942,0.6670705664740781,0.33410933527038833,1.1882805363480002,-0.40386082718025,1,1,2,2,0.6670546676351942,0.33294533236480583
16,16001847,50,0.6670705664740781,0.6670501464809194,0.3341411329481563,1.1882805363480002,-0.40386082718025,0,1,2,2,0.6670705664740781,0.33292943352592186
16,16001847,51,0.6670501464809194,0.6670614058402885,0.33410029296183885,1.1882805363480002,-0.40386082718025,1,1,2,2,0.6670501464809194,0.3329498535190806
16,16001847,52,0.6670614058402885,0.6670708808685755,0.334122811680577,1.1882805363480002,-0.40386082718025,1,1,2,2,0.6670614058402885,0.3329385941597115
16,16001847,53,0.6670708808685755,0.667078854379559,0.33414176173715093,1.1882805363480002,-0.40386082718025,1,1,2,2,0.6670708808685755,0.33292911913142453
16,16001847,54,0.667078854379559,0.667085564349422,0.3341577087591181,1.1882805363480002,-0.40386082718025,1,1,2,2,0.667078854379559,0.33292114562044095
16,16001847,55,0.667085564349422,0.6670769456981732,0.334171128698844,1.1882805363480002,-0.40386082718025,0,1,2,2,0.667085564349422,0.332914435650578
16,16001847,56,0.6670769456981732,0.6670816977021469,0.33415389139634644,1.1882805363480002,-0.40386082718025,1,1,2,2,0.6670769456981732,0.3329230543018268
16,16001847,57,0.6670816977021469,0.6670755939959345,0.33416339540429374,1.1882805363480002,-0.40386082718025,0,1,2,2,0.6670816977021469,0.33291830229785313
16,16001847,58,0.6670755939959345,0.6670789593806287,0.33415118799186905,1.1882805363480002,-0.40386082718025,1,1,2,2,0.6670755939959345,0.3329244060040655
16,16001847,59,0.6670789593806287,0.6670817914995955,0.33415791876125733,1.1882805363480002,-0.40386082718025,1,1,2,2,0.6670789593806287,0.33292104061937133
16,16001847,60,0.6670817914995955,0.6670841748557272,0.3341635829991909,1.1882805363480002,-0.40386082718025,1,1,2,2,0.6670817914995955,0.33291820850040454
16,16001847,61,0.6670841748557272,0.6670861805602588,0.3341683497114545,1.1882805363480002,-0.40386082718025,1,1,2,2,0.6670841748557272,0.33291582514427276
16,16001847,62,0.6670861805602588,0.6670878684553324,0.3341723611205176,1.1882805363480002,-0.40386082718025,1,1,2,2,0.6670861805602588,0.3329138194397412
16,16001847,63,0.6670878684553324,0.6670892889000495,0.3341757369106648,1.1882805363480002,-0.40386082718025,1,1,2,2,0.6670878684553324,0.3329121315446676
16,16001847,64,0.6670892889000495,0.6670874643576782,0.33417857780009896,1.1882805363480002,-0.40386082718025,0,1,2,2,0.6670892889000495,0.3329107110999505
16,16001847,65,0.6670874643576782,0.667085928915508,0.33417492871535637,1.1882805363480002,-0.40386082718025,0,1,2,2,0.6670874643576782,0.3329125356423218
16,16001847,66,0.667085928915508,0.6670846367646707,0.334171857831016,1.1882805363480002,-0.40386082718025,0,1,2,2,0.667085928915508,0.332914071084492
16,16001847,67,0.6670846367646707,0.6670835493550692,0.33416927352934134,1.1882805363480002,-0.40386082718025,0,1,2,2,0.6670846367646707,0.33291536323532933
16,16001847,68,0.6670835493550692,0.6670841489105674,0.3341670987101384,1.1882805363480002,-0.40386082718025,1,1,2,2,0.6670835493550692,0.3329164506449308
16,16001847,69,0.6670841489105674,0.6670846534668884,0.3341682978211349,1.1882805363480002,-0.40386082718025,1,1,2,2,0.6670841489105674,0.33291585108943256
16,16001847,70,0.6670846534668884,0.6670850780767065,0.3341693069337768,1.1882805363480002,-0.40386082718025,1,1,2,2,0.6670846534668884,0.3329153465331116
16,16001847,71,0.6670850780767065,0.6670854354075576,0.33417015615341294,1.1882805363480002,-0.40386082718025,1,1,2,2,0.6670850780767065,0.3329149219232935
16,16001847,72,0.6670854354075576,0.6670849764240214,0.3341708708151152,1.1882805363480002,-0.40386082718025,0,1,2,2,0.6670854354075576,0.3329145645924424
16,16001847,73,0.6670849764240214,0.6670852294891104,0.33416995284804285,1.1882805363480002,-0.40386082718025,1,1,2,2,0.6670849764240214,0.3329150235759786
16,16001847,74,0.6670852294891104,0.6670849044327043,0.33417045897822084,1.1882805363480002,-0.40386082718025,0,1,2,2,0.6670852294891104,0.3329147705108896
16,16001847,75,0.6670849044327043,0.6670850836558316,0.3341698088654086,1.1882805363480002,-0.40386082718025,1,1,2,2,0.6670849044327043,0.3329150955672957
16,16001847,76,0.6670850836558316,0.6670852344813553,0.33417016731166327,1.1882805363480002,-0.40386082718025,1,1,2,2,0.6670850836558316,0.33291491634416837
16,16001847,77,0.6670852344813553,0.6670853614088381,0.3341704689627105,1.1882805363480002,-0.40386082718025,1,1,2,2,0.6670852344813553,0.33291476551864474
16,16001847,78,0.6670853614088381,0.6670854682248908,0.33417072281767624,1.1882805363480002,-0.40386082718025,1,1,2,2,0.6670853614088381,0.3329146385911619
16,16001847,79,0.6670854682248908,0.6670855581161381,0.3341709364497816,1.1882805363480002,-0.40386082718025,1,1,2,2,0.6670854682248908,0.3329145317751092
16,16001847,80,0.6670855581161381,0.6670854426527024,0.33417111623227624,1.1882805363480002,-0.40386082718025,0,1,2,2,0.6670855581161381,0.3329144418838619
16,16001847,81,0.6670854426527024,0.6670855063145681,0.33417088530540484,1.1882805363480002,-0.40386082718025,1,1,2,2,0.6670854426527024,0.3329145573472976
16,16001847,82,0.6670855063145681,0.6670855598893359,0.3341710126291362,1.1882805363480002,-0.40386082718025,1,1,2,2,0.6670855063145681,0.3329144936854319
16,16001847,83,0.6670855598893359,0.6670856049752882,0.33417111977867187,1.1882805363480002,-0.40386082718025,1,1,2,2,0.6670855598893359,0.33291444011066407
16,16001847,84,0.6670856049752882,0.6670856429174616,0.3341712099505765,1.1882805363480002,-0.40386082718025,1,1,2,2,0.6670856049752882,0.33291439502471176
16,16001847,85,0.6670856429174616,0.6670856748477747,0.3341712858349233,1.1882805363480002,-0.40386082718025,1,1,2,2,0.6670856429174616,0.33291435708253836
16,16001847,86,0.6670856748477747,0.6670857017187947,0.3341713496955494,1.1882805363480002,-0.40386082718025,1,1,2,2,0.6670856748477747,0.3329143251522253
16,16001847,87,0.6670857017187947,0.6670857243321564,0.33417140343758933,1.1882805363480002,-0.40386082718025,1,1,2,2,0.6670857017187947,0.33291429828120533
16,16001847,88,0.6670857243321564,0.6670857433624778,0.3341714486643128,1.1882805363480002,-0.40386082718025,1,1,2,2,0.6670857243321564,0.3329142756678436
16,16001847,89,0.6670857433624778,0.6670857593774842,0.33417148672495567,1.1882805363480002,-0.40386082718025,1,1,2,2,0.6670857433624778,0.33291425663752217
16,16001847,90,0.6670857593774842,0.6670857388065268,0.3341715187549683,1.1882805363480002,-0.40386082718025,0,1,2,2,0.6670857593774842,0.33291424062251584
16,16001847,91,0.6670857388065268,0.6670857214949947,0.33417147761305355,1.1882805363480002,-0.40386082718025,0,1,2,2,0.6670857388065268,0.3329142611934732
16,16001847,92,0.6670857214949947,0.6670857310398678,0.33417144298998935,1.1882805363480002,-0.40386082718025,1,1,2,2,0.6670857214949947,0.3329142785050053
16,16001847,93,0.6670857310398678,0.6670857390723756,0.3341714620797356,1.1882805363480002,-0.40386082718025,1,1,2,2,0.6670857310398678,0.3329142689601322
16,16001847,94,0.6670857390723756,0.6670857458321495,0.3341714781447511,1.1882805363480002,-0.40386082718025,1,1,2,2,0.6670857390723756,0.33291426092762444
16,16001847,95,0.6670857458321495,0.6670857371493544,0.33417149166429905,1.1882805363480002,-0.40386082718025,0,1,2,2,0.6670857458321495,0.3329142541678505
16,16001847,96,0.6670857371493544,0.6670857298423298,0.33417147429870875,1.1882805363480002,-0.40386082718025,0,1,2,2,0.6670857371493544,0.3329142628506456
16,16001847,97,0.6670857298423298,0.6670857338711252,0.33417145968465967,1.1882805363480002,-0.40386082718025,1,1,2,2,0.6670857298423298,0.33291427015767017
16,16001847,98,0.6670857338711252,0.66708572869621785,0.3341714677422505,1.1882805363480002,-0.40386082718025,0,1,2,2,0.6670857338711252,0.33291426612887476
16,16001847,99,0.66708572869621785,0.6670857243412636,0.3341714573924357,1.1882805363480002,-0.40386082718025,0,1,2,2,0.66708572869621785,0.33291427130378215
16,16001847,100,0.6670857243412636,0.6670857206763426,0.33417144868252713,1.1882805363480002,-0.40386082718025,0,1,2,2,0.6670857243412636,0.33291427565873644
16,16001847,101,0.6670857206763426,0.6670857226970306,0.3341714413526853,1.1882805363480002,-0.40386082718025,1,1,2,2,0.6670857206763426,0.33291427932365736
16,16001847,102,0.6670857226970306,0.667085724397545,0.3341714453940612,1.1882805363480002,-0.40386082718025,1,1,2,2,0.6670857226970306,0.3329142773029694
16,16001847,103,0.667085724397545,0.6670857258286164,0.33417144879509,1.1882805363480002,-0.40386082718025,1,1,2,2,0.667085724397545,0.332914275602455
16,16001847,104,0.6670857258286164,0.6670857239904335,0.3341714516572327,1.1882805363480002,-0.40386082718025,0,1,2,2,0.6670857258286164,0.33291427417138364
16,16001847,105,0.6670857239904335,0.6670857250039327,0.33417144798086706,1.1882805363480002,-0.40386082718025,1,1,2,2,0.6670857239904335,0.33291427600956647
16,16001847,106,0.6670857250039327,0.6670857237021134,0.3341714500078654,1.1882805363480002,-0.40386082718025,0,1,2,2,0.6670857250039327,0.3329142749960673
16,16001847,107,0.6670857237021134,0.6670857226065645,0.3341714474042268,1.1882805363480002,-0.40386082718025,0,1,2,2,0.6670857237021134,0.3329142762978866
16,16001847,108,0.6670857226065645,0.6670857216846032,0.334171445213129,1.1882805363480002,-0.40386082718025,0,1,2,2,0.6670857226065645,0.3329142773934355
16,16001847,109,0.6670857216846032,0.6670857209087245,0.33417144336920646,1.1882805363480002,-0.40386082718025,0,1,2,2,0.6670857216846032,0.33291427831539677
16,16001847,110,0.6670857209087245,0.6670857213365124,0.33417144181744907,1.1882805363480002,-0.40386082718025,1,1,2,2,0.6670857209087245,0.33291427909127547
16,16001847,111,0.6670857213365124,0.6670857216965181,0.3341714426730249,1.1882805363480002,-0.40386082718025,1,1,2,2,0.6670857213365124,0.33291427866348755
16,16001847,112,0.6670857216965181,0.6670857219994818,0.3341714433930363,1.1882805363480002,-0.40386082718025,1,1,2,2,0.6670857216965181,0.33291427830348186
16,16001847,113,0.6670857219994818,0.6670857222544415,0.3341714439989636,1.1882805363480002,-0.40386082718025,1,1,2,2,0.6670857219994818,0.3329142780005182
16,16001847,114,0.6670857222544415,0.6670857219269509,0.33417144450888303,1.1882805363480002,-0.40386082718025,0,1,2,2,0.6670857222544415,0.3329142777455585
16,16001847,115,0.6670857219269509,0.6670857221075157,0.33417144385390185,1.1882805363480002,-0.40386082718025,1,1,2,2,0.6670857219269509,0.3329142780730491
16,16001847,116,0.6670857221075157,0.6670857222594707,0.3341714442150314,1.1882805363480002,-0.40386082718025,1,1,2,2,0.6670857221075157,0.3329142778924843
16,16001847,117,0.6670857222594707,0.6670857220642877,0.33417144451894143,1.1882805363480002,-0.40386082718025,0,1,2,2,0.6670857222594707,0.3329142777405293
16,16001847,118,0.6670857220642877,0.66708572217190365,0.33417144412857547,1.1882805363480002,-0.40386082718025,1,1,2,2,0.6670857220642877,0.33291427793571227
16,16001847,119,0.66708572217190365,0.6670857222624682,0.3341714443438073,1.1882805363480002,-0.40386082718025,1,1,2,2,0.66708572217190365,0.33291427782809635
16,16001847,120,0.6670857222624682,0.6670857223386827,0.3341714445249364,1.1882805363480002,-0.40386082718025,1,1,2,2,0.6670857222624682,0.3329142777375318
16,16001847,121,0.6670857223386827,0.6670857224028214,0.33417144467736537,1.1882805363480002,-0.40386082718025,1,1,2,2,0.6670857223386827,0.3329142776613173
16,16001847,122,0.6670857224028214,0.6670857223204366,0.33417144480564276,1.1882805363480002,-0.40386082718025,0,1,2,2,0.6670857224028214,0.3329142775971786
16,16001847,123,0.6670857223204366,0.6670857223658602,0.3341714446408732,1.1882805363480002,-0.40386082718025,1,1,2,2,0.6670857223204366,0.3329142776795634
16,16001847,124,0.6670857223658602,0.6670857224040865,0.33417144473172034,1.1882805363480002,-0.40386082718025,1,1,2,2,0.6670857223658602,0.33291427763413983
16,16001847,125,0.6670857224040865,0.667085722436256,0.33417144480817296,1.1882805363480002,-0.40386082718025,1,1,2,2,0.6670857224040865,0.3329142775959135
16,16001847,126,0.667085722436256,0.667085722394935,0.33417144487251194,1.1882805363480002,-0.40386082718025,0,1,2,2,0.667085722436256,0.33291427756374403
16,16001847,127,0.667085722394935,0.6670857224177177,0.33417144478987004,1.1882805363480002,-0.40386082718025,1,1,2,2,0.667085722394935,0.332914277605065
16,16001847,128,0.6670857224177177,0.6670857224368906,0.33417144483543537,1.1882805363480002,-0.40386082718025,1,1,2,2,0.6670857224177177,0.3329142775822823
16,16001847,129,0.6670857224368906,0.6670857224530256,0.33417144487378114,1.1882805363480002,-0.40386082718025,1,1,2,2,0.6670857224368906,0.33291427756310943
16,16001847,130,0.6670857224530256,0.6670857224323005,0.3341714449060511,1.1882805363480002,-0.40386082718025,0,1,2,2,0.6670857224530256,0.33291427754697445
16,16001847,131,0.6670857224323005,0.6670857224437274,0.33417144486460093,1.1882805363480002,-0.40386082718025,1,1,2,2,0.6670857224323005,0.33291427756769953
16,16001847,132,0.6670857224437274,0.6670857224533437,0.33417144488745487,1.1882805363480002,-0.40386082718025,1,1,2,2,0.6670857224437274,0.33291427755627256
16,16001847,133,0.6670857224533437,0.6670857224409917,0.3341714449066875,1.1882805363480002,-0.40386082718025,0,1,2,2,0.6670857224533437,0.33291427754665626
16,16001847,134,0.6670857224409917,0.6670857224478022,0.33417144488198347,1.1882805363480002,-0.40386082718025,1,1,2,2,0.6670857224409917,0.33291427755900826
16,16001847,135,0.6670857224478022,0.6670857224535334,0.33417144489560435,1.1882805363480002,-0.40386082718025,1,1,2,2,0.6670857224478022,0.3329142775521978
16,16001847,136,0.6670857224535334,0.6670857224583566,0.33417144490706674,1.1882805363480002,-0.40386082718025,1,1,2,2,0.6670857224535334,0.33291427754646663
16,16001847,137,0.6670857224583566,0.6670857224521612,0.33417144491671325,1.1882805363480002,-0.40386082718025,0,1,2,2,0.6670857224583566,0.3329142775416434
16,16001847,138,0.6670857224521612,0.6670857224469476,0.3341714449043225,1.1882805363480002,-0.40386082718025,0,1,2,2,0.6670857224521612,0.33291427754783876
16,16001847,139,0.6670857224469476,0.6670857224498223,0.3341714448938953,1.1882805363480002,-0.40386082718025,1,1,2,2,0.6670857224469476,0.33291427755305236
16,16001847,140,0.6670857224498223,0.66708572244613,0.3341714448996447,1.1882805363480002,-0.40386082718025,0,1,2,2,0.6670857224498223,0.33291427755017766
16,16001847,141,0.66708572244613,0.6670857224481658,0.3341714448922599,1.1882805363480002,-0.40386082718025,1,1,2,2,0.66708572244613,0.33291427755387004
16,16001847,142,0.6670857224481658,0.667085722449879,0.33417144489633155,1.1882805363480002,-0.40386082718025,1,1,2,2,0.6670857224481658,0.3329142775518342
16,16001847,143,0.667085722449879,0.6670857224513208,0.3341714448997579,1.1882805363480002,-0.40386082718025,1,1,2,2,0.667085722449879,0.33291427755012104
16,16001847,144,0.6670857224513208,0.6670857224494688,0.3341714449026416,1.1882805363480002,-0.40386082718025,0,1,2,2,0.6670857224513208,0.3329142775486792
16,16001847,145,0.6670857224494688,0.6670857224504899,0.3341714448989377,1.1882805363480002,-0.40386082718025,1,1,2,2,0.6670857224494688,0.33291427755053116
16,16001847,146,0.6670857224504899,0.6670857224513492,0.33417144490097983,1.1882805363480002,-0.40386082718025,1,1,2,2,0.6670857224504899,0.3329142775495101
16,16001847,147,0.6670857224513492,0.6670857224502454,0.33417144490269846,1.1882805363480002,-0.40386082718025,0,1,2,2,0.6670857224513492,0.33291427754865077
16,16001847,148,0.6670857224502454,0.6670857224493165,0.3341714449004909,1.1882805363480002,-0.40386082718025,0,1,2,2,0.6670857224502454,0.33291427754975456
16,16001847,149,0.6670857224493165,0.6670857224485349,0.33417144489863304,1.1882805363480002,-0.40386082718025,0,1,2,2,0.6670857224493165,0.3329142775506835
16,16001847,150,0.6670857224485349,0.6670857224478771,0.33417144489706985,1.1882805363480002,-0.40386082718025,0,1,2,2,0.6670857224485349,0.3329142775514651
16,16001847,151,0.6670857224478771,0.6670857224482397,0.33417144489575423,1.1882805363480002,-0.40386082718025,1,1,2,2,0.6670857224478771,0.3329142775521229
16,16001847,152,0.6670857224482397,0.667085722448545,0.33417144489647943,1.1882805363480002,-0.40386082718025,1,1,2,2,0.6670857224482397,0.3329142775517603
16,16001847,153,0.667085722448545,0.6670857224488018,0.33417144489709005,1.1882805363480002,-0.40386082718025,1,1,2,2,0.667085722448545,0.332914277551455
16,16001847,154,0.6670857224488018,0.667085722449018,0.33417144489760364,1.1882805363480002,-0.40386082718025,1,1,2,2,0.6670857224488018,0.3329142775511982
16,16001847,155,0.667085722449018,0.6670857224487403,0.33417144489803596,1.1882805363480002,-0.40386082718025,0,1,2,2,0.667085722449018,0.332914277550982
16,16001847,156,0.6670857224487403,0.6670857224488934,0.33417144489748063,1.1882805363480002,-0.40386082718025,1,1,2,2,0.6670857224487403,0.3329142775512597
16,16001847,157,0.6670857224488934,0.6670857224490222,0.33417144489778683,1.1882805363480002,-0.40386082718025,1,1,2,2,0.6670857224488934,0.3329142775511066
16,16001847,158,0.6670857224490222,0.6670857224491306,0.3341714448980444,1.1882805363480002,-0.40386082718025,1,1,2,2,0.6670857224490222,0.3329142775509778
16,16001847,159,0.6670857224491306,0.6670857224489913,0.3341714448982611,1.1882805363480002,-0.40386082718025,0,1,2,2,0.6670857224491306,0.33291427755086944
16,16001847,160,0.6670857224489913,0.6670857224490682,0.3341714448979827,1.1882805363480002,-0.40386082718025,1,1,2,2,0.6670857224489913,0.33291427755100866
16,16001847,161,0.6670857224490682,0.6670857224489695,0.3341714448981363,1.1882805363480002,-0.40386082718025,0,1,2,2,0.6670857224490682,0.33291427755093184
16,16001847,162,0.6670857224489695,0.6670857224490239,0.33417144489793893,1.1882805363480002,-0.40386082718025,1,1,2,2,0.6670857224489695,0.33291427755103054
16,16001847,163,0.6670857224490239,0.6670857224490697,0.33417144489804773,1.1882805363480002,-0.40386082718025,1,1,2,2,0.6670857224490239,0.33291427755097613
16,16001847,164,0.6670857224490697,0.6670857224491081,0.33417144489813944,1.1882805363480002,-0.40386082718025,1,1,2,2,0.6670857224490697,0.3329142775509303
16,16001847,165,0.6670857224491081,0.6670857224491407,0.33417144489821626,1.1882805363480002,-0.40386082718025,1,1,2,2,0.6670857224491081,0.33291427755089187
16,16001847,166,0.6670857224491407,0.667085722449099,0.3341714448982813,1.1882805363480002,-0.40386082718025,0,1,2,2,0.6670857224491407,0.33291427755085934
16,16001847,167,0.667085722449099,0.6670857224491219,0.33417144489819806,1.1882805363480002,-0.40386082718025,1,1,2,2,0.667085722449099,0.33291427755090097
16,16001847,168,0.6670857224491219,0.6670857224491412,0.3341714448982438,1.1882805363480002,-0.40386082718025,1,1,2,2,0.6670857224491219,0.3329142775508781
16,16001847,169,0.6670857224491412,0.6670857224491574,0.33417144489828243,1.1882805363480002,-0.40386082718025,1,1,2,2,0.6670857224491412,0.3329142775508588
16,16001847,170,0.6670857224491574,0.6670857224491711,0.33417144489831485,1.1882805363480002,-0.40386082718025,1,1,2,2,0.6670857224491574,0.3329142775508426
16,16001847,171,0.6670857224491711,0.6670857224491535,0.33417144489834216,1.1882805363480002,-0.40386082718025,0,1,2,2,0.6670857224491711,0.3329142775508289
16,16001847,172,0.6670857224491535,0.6670857224491633,0.3341714448983071,1.1882805363480002,-0.40386082718025,1,1,2,2,0.6670857224491535,0.33291427755084646
16,16001847,173,0.6670857224491633,0.6670857224491713,0.3341714448983266,1.1882805363480002,-0.40386082718025,1,1,2,2,0.6670857224491633,0.3329142775508367
16,16001847,174,0.6670857224491713,0.6670857224491609,0.3341714448983426,1.1882805363480002,-0.40386082718025,0,1,2,2,0.6670857224491713,0.3329142775508287
16,16001847,175,0.6670857224491609,0.6670857224491521,0.33417144489832173,1.1882805363480002,-0.40386082718025,0,1,2,2,0.6670857224491609,0.33291427755083913
16,16001847,176,0.6670857224491521,0.6670857224491569,0.3341714448983042,1.1882805363480002,-0.40386082718025,1,1,2,2,0.6670857224491521,0.3329142775508479
16,16001847,177,0.6670857224491569,0.667085722449161,0.33417144489831374,1.1882805363480002,-0.40386082718025,1,1,2,2,0.6670857224491569,0.33291427755084313
16,16001847,178,0.667085722449161,0.6670857224491558,0.33417144489832196,1.1882805363480002,-0.40386082718025,0,1,2,2,0.667085722449161,0.332914277550839
16,16001847,179,0.6670857224491558,0.6670857224491586,0.3341714448983115,1.1882805363480002,-0.40386082718025,1,1,2,2,0.6670857224491558,0.33291427755084424
16,16001847,180,0.6670857224491586,0.667085722449155,0.3341714448983173,1.1882805363480002,-0.40386082718025,0,1,2,2,0.6670857224491586,0.33291427755084135
16,16001847,181,0.667085722449155,0.667085722449157,0.33417144489830997,1.1882805363480002,-0.40386082718025,1,1,2,2,0.667085722449155,0.332914277550845
16,16001847,182,0.667085722449157,0.6670857224491543,0.33417144489831396,1.1882805363480002,-0.40386082718025,0,1,2,2,0.667085722449157,0.332914277550843
16,16001847,183,0.6670857224491543,0.6670857224491559,0.33417144489830863,1.1882805363480002,-0.40386082718025,1,1,2,2,0.6670857224491543,0.3329142775508457
16,16001847,184,0.6670857224491559,0.667085722449154,0.33417144489831174,1.1882805363480002,-0.40386082718025,0,1,2,2,0.6670857224491559,0.33291427755084413
16,16001847,185,0.667085722449154,0.6670857224491551,0.33417144489830797,1.1882805363480002,-0.40386082718025,1,1,2,2,0.667085722449154,0.332914277550846
16,16001847,186,0.6670857224491551,0.6670857224491537,0.3341714448983102,1.1882805363480002,-0.40386082718025,0,1,2,2,0.6670857224491551,0.3329142775508449
16,16001847,187,0.6670857224491537,0.6670857224491525,0.3341714448983073,1.1882805363480002,-0.40386082718025,0,1,2,2,0.6670857224491537,0.33291427755084635
16,16001847,188,0.6670857224491525,0.6670857224491518,0.3341714448983051,1.1882805363480002,-0.40386082718025,0,1,2,2,0.6670857224491525,0.33291427755084746
16,16001847,189,0.6670857224491518,0.6670857224491522,0.3341714448983035,1.1882805363480002,-0.40386082718025,1,1,2,2,0.6670857224491518,0.33291427755084824
16,16001847,190,0.6670857224491522,0.6670857224491525,0.3341714448983044,1.1882805363480002,-0.40386082718025,1,1,2,2,0.6670857224491522,0.3329142775508478
16,16001847,191,0.6670857224491525,0.667085722449153,0.3341714448983051,1.1882805363480002,-0.40386082718025,1,1,2,2,0.6670857224491525,0.33291427755084746
16,16001847,192,0.667085722449153,0.6670857224491532,0.33417144489830597,1.1882805363480002,-0.40386082718025,1,1,2,2,0.667085722449153,0.332914277550847
16,16001847,193,0.6670857224491532,0.6670857224491534,0.3341714448983064,1.1882805363480002,-0.40386082718025,1,1,2,2,0.6670857224491532,0.3329142775508468
16,16001847,194,0.6670857224491534,0.6670857224491538,0.33417144489830686,1.1882805363480002,-0.40386082718025,1,1,2,2,0.6670857224491534,0.33291427755084657
16,16001847,195,0.6670857224491538,0.667085722449154,0.3341714448983075,1.1882805363480002,-0.40386082718025,1,1,2,2,0.6670857224491538,0.33291427755084624
16,16001847,196,0.667085722449154,0.6670857224491542,0.33417144489830797,1.1882805363480002,-0.40386082718025,1,1,2,2,0.667085722449154,0.332914277550846
16,16001847,197,0.6670857224491542,0.6670857224491539,0.3341714448983084,1.1882805363480002,-0.40386082718025,0,1,2,2,0.6670857224491542,0.3329142775508458
16,16001847,198,0.6670857224491539,0.6670857224491539,0.33417144489830775,1.1882805363480002,-0.40386082718025,1,1,2,2,0.6670857224491539,0.3329142775508461
16,16001847,199,0.6670857224491539,0.6670857224491541,0.33417144489830775,1.1882805363480002,-0.40386082718025,1,1,2,2,0.6670857224491539,0.3329142775508461
16,16001847,200,0.6670857224491541,0.667085722449154,0.3341714448983082,1.1882805363480002,-0.40386082718025,0,1,2,2,0.6670857224491541,0.3329142775508459
16,16001847,201,0.667085722449154,0.667085722449154,0.33417144489830797,1.1882805363480002,-0.40386082718025,1,1,2,2,0.667085722449154,0.332914277550846
16,16001847,202,0.667085722449154,0.6670857224491541,0.33417144489830797,1.1882805363480002,-0.40386082718025,1,1,2,2,0.667085722449154,0.332914277550846
16,16001847,203,0.6670857224491541,0.667085722449154,0.3341714448983082,1.1882805363480002,-0.40386082718025,0,1,2,2,0.6670857224491541,0.3329142775508459
16,16001847,204,0.667085722449154,0.667085722449154,0.33417144489830797,1.1882805363480002,-0.40386082718025,0,1,2,2,0.667085722449154,0.332914277550846
16,16001847,205,0.667085722449154,0.667085722449154,0.33417144489830797,1.1882805363480002,-0.40386082718025,1,1,2,2,0.667085722449154,0.332914277550846
16,16001847,206,0.667085722449154,0.667085722449154,0.33417144489830797,1.1882805363480002,-0.40386082718025,1,1,2,2,0.667085722449154,0.332914277550846
16,16001847,207,0.667085722449154,0.667085722449154,0.33417144489830797,1.1882805363480002,-0.40386082718025,0,1,2,2,0.667085722449154,0.332914277550846
16,16001847,208,0.667085722449154,0.667085722449154,0.33417144489830797,1.1882805363480002,-0.40386082718025,0,1,2,2,0.667085722449154,0.332914277550846
16,16001847,209,0.667085722449154,0.6670857224491539,0.33417144489830797,1.1882805363480002,-0.40386082718025,1,1,2,2,0.667085722449154,0.332914277550846
16,16001847,210,0.6670857224491539,0.667085722449154,0.33417144489830775,1.1882805363480002,-0.40386082718025,1,1,2,2,0.6670857224491539,0.3329142775508461
16,16001847,211,0.667085722449154,0.6670857224491539,0.33417144489830797,1.1882805363480002,-0.40386082718025,1,1,2,2,0.667085722449154,0.332914277550846
16,16001847,212,0.6670857224491539,0.667085722449154,0.33417144489830775,1.1882805363480002,-0.40386082718025,0,1,2,2,0.6670857224491539,0.3329142775508461
16,16001847,213,0.667085722449154,0.6670857224491539,0.33417144489830797,1.1882805363480002,-0.40386082718025,0,1,2,2,0.667085722449154,0.332914277550846
16,16001847,214,0.6670857224491539,0.667085722449154,0.33417144489830775,1.1882805363480002,-0.40386082718025,0,1,2,2,0.6670857224491539,0.3329142775508461
16,16001847,215,0.667085722449154,0.667085722449154,0.33417144489830797,1.1882805363480002,-0.40386082718025,1,1,2,2,0.667085722449154,0.332914277550846
16,16001847,216,0.667085722449154,0.667085722449154,0.33417144489830797,1.1882805363480002,-0.40386082718025,1,1,2,2,0.667085722449154,0.332914277550846
16,16001847,217,0.667085722449154,0.667085722449154,0.33417144489830797,1.1882805363480002,-0.40386082718025,1,1,2,2,0.667085722449154,0.332914277550846
16,16001847,218,0.667085722449154,0.667085722449154,0.33417144489830797,1.1882805363480002,-0.40386082718025,1,1,2,2,0.667085722449154,0.332914277550846
16,16001847,219,0.667085722449154,0.667085722449154,0.33417144489830797,1.1882805363480002,-0.40386082718025,1,1,2,2,0.667085722449154,0.332914277550846
16,16001847,220,0.667085722449154,0.667085722449154,0.33417144489830797,1.1882805363480002,-0.40386082718025,1,1,2,2,0.667085722449154,0.332914277550846
16,16001847,221,0.667085722449154,0.6670857224491539,0.33417144489830797,1.1882805363480002,-0.40386082718025,0,1,2,2,0.667085722449154,0.332914277550846
16,16001847,222,0.6670857224491539,0.6670857224491539,0.33417144489830775,1.1882805363480002,-0.40386082718025,1,1,2,2,0.6670857224491539,0.3329142775508461
16,16001847,223,0.6670857224491539,0.6670857224491539,0.33417144489830775,1.1882805363480002,-0.40386082718025,0,1,2,2,0.6670857224491539,0.3329142775508461
16,16001847,224,0.6670857224491539,0.6670857224491539,0.33417144489830775,1.1882805363480002,-0.40386082718025,1,1,2,2,0.6670857224491539,0.3329142775508461
16,16001847,225,0.6670857224491539,0.6670857224491539,0.33417144489830775,1.1882805363480002,-0.40386082718025,1,1,2,2,0.6670857224491539,0.3329142775508461
16,16001847,226,0.6670857224491539,0.6670857224491539,0.33417144489830775,1.1882805363480002,-0.40386082718025,1,1,2,2,0.6670857224491539,0.3329142775508461
16,16001847,227,0.6670857224491539,0.6670857224491539,0.33417144489830775,1.1882805363480002,-0.40386082718025,0,1,2,2,0.6670857224491539,0.3329142775508461
16,16001847,228,0.6670857224491539,0.6670857224491539,0.33417144489830775,1.1882805363480002,-0.40386082718025,1,1,2,2,0.6670857224491539,0.3329142775508461
16,16001847,229,0.6670857224491539,0.6670857224491539,0.33417144489830775,1.1882805363480002,-0.40386082718025,1,1,2,2,0.6670857224491539,0.3329142775508461
16,16001847,230,0.6670857224491539,0.6670857224491539,0.33417144489830775,1.1882805363480002,-0.40386082718025,1,1,2,2,0.6670857224491539,0.3329142775508461
16,16001847,231,0.6670857224491539,0.6670857224491539,0.33417144489830775,1.1882805363480002,-0.40386082718025,0,1,2,2,0.6670857224491539,0.3329142775508461
16,16001847,232,0.6670857224491539,0.6670857224491539,0.33417144489830775,1.1882805363480002,-0.40386082718025,1,1,2,2,0.6670857224491539,0.3329142775508461
16,16001847,233,0.6670857224491539,0.667085722449154,0.33417144489830775,1.1882805363480002,-0.40386082718025,1,1,2,2,0.6670857224491539,0.3329142775508461
16,16001847,234,0.667085722449154,0.6670857224491539,0.33417144489830797,1.1882805363480002,-0.40386082718025,1,1,2,2,0.667085722449154,0.332914277550846
16,16001847,235,0.6670857224491539,0.6670857224491539,0.33417144489830775,1.1882805363480002,-0.40386082718025,1,1,2,2,0.6670857224491539,0.3329142775508461
16,16001847,236,0.6670857224491539,0.6670857224491539,0.33417144489830775,1.1882805363480002,-0.40386082718025,0,1,2,2,0.6670857224491539,0.3329142775508461
16,16001847,237,0.6670857224491539,0.6670857224491539,0.33417144489830775,1.1882805363480002,-0.40386082718025,1,1,2,2,0.6670857224491539,0.3329142775508461
16,16001847,238,0.6670857224491539,0.6670857224491539,0.33417144489830775,1.1882805363480002,-0.40386082718025,0,1,2,2,0.6670857224491539,0.3329142775508461
16,16001847,239,0.6670857224491539,0.6670857224491539,0.33417144489830775,1.1882805363480002,-0.40386082718025,1,1,2,2,0.6670857224491539,0.3329142775508461
16,16001847,240,0.6670857224491539,0.6670857224491539,0.33417144489830775,1.1882805363480002,-0.40386082718025,0,1,2,2,0.6670857224491539,0.3329142775508461
17,16003018,1,0.5,0.3333333333333333,0,1.1120456454584562,-0.33955778706075423,0,1,2,3,0.5,0.5
17,16003018,2,0.3333333333333333,0.486375923917308,0.33333333333333337,1.1120456454584562,-0.33955778706075423,1,1,2,3,0.3333333333333333,0.6666666666666667
17,16003018,3,0.486375923917308,0.5818331159148045,0.02724815216538401,1.1120456454584562,-0.33955778706075423,1,1,2,3,0.486375923917308,0.513624076082692
17,16003018,4,0.5818331159148045,0.49802829385376024,0.16366623182960893,1.1120456454584562,-0.33955778706075423,0,1,2,3,0.5818331159148045,0.41816688408519553
17,16003018,5,0.49802829385376024,0.43763102171012325,0.00394341229247952,1.1120456454584562,-0.33955778706075423,0,1,2,3,0.49802829385376024,0.5019717061462398
17,16003018,6,0.43763102171012325,0.3922608209204708,0.1247379565797535,1.1120456454584562,-0.33955778706075423,0,1,2,3,0.43763102171012325,0.5623689782898768
17,16003018,7,0.3922608209204708,0.44153009579221314,0.21547835815905836,1.1120456454584562,-0.33955778706075423,1,1,2,3,0.3922608209204708,0.6077391790795292
17,16003018,8,0.44153009579221314,0.4806298053154157,0.11693980841557372,1.1120456454584562,-0.33955778706075423,1,1,2,3,0.44153009579221314,0.5584699042077869
17,16003018,9,0.4806298053154157,0.4508529935922207,0.03874038936916857,1.1120456454584562,-0.33955778706075423,0,1,2,3,0.4806298053154157,0.5193701946845843
17,16003018,10,0.4508529935922207,0.4793443170752471,0.0982940128155586,1.1120456454584562,-0.33955778706075423,1,1,2,3,0.4508529935922207,0.5491470064077792
17,16003018,11,0.4793443170752471,0.5030372135316695,0.04131136584950579,1.1120456454584562,-0.33955778706075423,1,1,2,3,0.4793443170752471,0.5206556829247528
17,16003018,12,0.5030372135316695,0.5229460885855806,0.00607442706333905,1.1120456454584562,-0.33955778706075423,1,1,2,3,0.5030372135316695,0.4969627864683305
17,16003018,13,0.5229460885855806,0.5398222150038297,0.04589217717116112,1.1120456454584562,-0.33955778706075423,1,1,2,3,0.5229460885855806,0.47705391141441944
17,16003018,14,0.5398222150038297,0.5542339304565636,0.0796444300076593,1.1120456454584562,-0.33955778706075423,1,1,2,3,0.5398222150038297,0.46017778499617035
17,16003018,15,0.5542339304565636,0.5666191640708373,0.1084678609131271,1.1120456454584562,-0.33955778706075423,1,1,2,3,0.5542339304565636,0.44576606954343645
17,16003018,16,0.5666191640708373,0.5773208258500715,0.1332383281416747,1.1120456454584562,-0.33955778706075423,1,1,2,3,0.5666191640708373,0.43338083592916266
17,16003018,17,0.5773208258500715,0.5866112465706278,0.154641651700143,1.1120456454584562,-0.33955778706075423,1,1,2,3,0.5773208258500715,0.4226791741499285
17,16003018,18,0.5866112465706278,0.5759981834181871,0.1732224931412556,1.1120456454584562,-0.33955778706075423,0,1,2,3,0.5866112465706278,0.4133887534293722
17,16003018,19,0.5759981834181871,0.5667142176028804,0.15199636683637419,1.1120456454584562,-0.33955778706075423,0,1,2,3,0.5759981834181871,0.4240018165818129
17,16003018,20,0.5667142176028804,0.5733322192012963,0.13342843520576086,1.1120456454584562,-0.33955778706075423,1,1,2,3,0.5667142176028804,0.43328578239711957
17,16003018,21,0.5733322192012963,0.5660137019241692,0.14666443840259258,1.1120456454584562,-0.33955778706075423,0,1,2,3,0.5733322192012963,0.4266677807987037
17,16003018,22,0.5660137019241692,0.5712689456009361,0.13202740384833844,1.1120456454584562,-0.33955778706075423,1,1,2,3,0.5660137019241692,0.4339862980758308
17,16003018,23,0.5712689456009361,0.5759138015375154,0.1425378912018722,1.1120456454584562,-0.33955778706075423,1,1,2,3,0.5712689456009361,0.4287310543990639
17,16003018,24,0.5759138015375154,0.5707022983310117,0.15182760307503074,1.1120456454584562,-0.33955778706075423,0,1,2,3,0.5759138015375154,0.42408619846248463
17,16003018,25,0.5707022983310117,0.5744106957746832,0.14140459666202343,1.1120456454584562,-0.33955778706075423,1,1,2,3,0.5707022983310117,0.4292977016689883
17,16003018,26,0.5744106957746832,0.5777047457085482,0.14882139154936636,1.1120456454584562,-0.33955778706075423,1,1,2,3,0.5744106957746832,0.4255893042253168
17,16003018,27,0.5777047457085482,0.5739714787941358,0.15540949141709648,1.1120456454584562,-0.33955778706075423,0,1,2,3,0.5777047457085482,0.42229525429145176
17,16003018,28,0.5739714787941358,0.5766111753246811,0.14794295758827158,1.1120456454584562,-0.33955778706075423,1,1,2,3,0.5739714787941358,0.4260285212058642
17,16003018,29,0.5766111753246811,0.5789641299374735,0.15322235064936218,1.1120456454584562,-0.33955778706075423,1,1,2,3,0.5766111753246811,0.4233888246753189
17,16003018,30,0.5789641299374735,0.5762785088336428,0.15792825987494696,1.1120456454584562,-0.33955778706075423,0,1,2,3,0.5789641299374735,0.4210358700625265
17,16003018,31,0.5762785088336428,0.5781689353514473,0.1525570176672857,1.1120456454584562,-0.33955778706075423,1,1,2,3,0.5762785088336428,0.42372149116635716
17,16003018,32,0.5781689353514473,0.5798581783071974,0.15633787070289462,1.1120456454584562,-0.33955778706075423,1,1,2,3,0.5781689353514473,0.4218310646485527
17,16003018,33,0.5798581783071974,0.5779203970826141,0.15971635661439487,1.1120456454584562,-0.33955778706075423,0,1,2,3,0.5798581783071974,0.42014182169280256
17,16003018,34,0.5779203970826141,0.5761866929792382,0.15584079416522822,1.1120456454584562,-0.33955778706075423,0,1,2,3,0.5779203970826141,0.4220796029173859
17,16003018,35,0.5761866929792382,0.5746347620545507,0.15237338595847638,1.1120456454584562,-0.33955778706075423,0,1,2,3,0.5761866929792382,0.4238133070207618
17,16003018,36,0.5746347620545507,0.5757360987623439,0.14926952410910133,1.1120456454584562,-0.33955778706075423,1,1,2,3,0.5746347620545507,0.42536523794544934
17,16003018,37,0.5757360987623439,0.5767228393433208,0.15147219752468777,1.1120456454584562,-0.33955778706075423,1,1,2,3,0.5757360987623439,0.4242639012376561
17,16003018,38,0.5767228393433208,0.5776072399341899,0.1534456786866416,1.1120456454584562,-0.33955778706075423,1,1,2,3,0.5767228393433208,0.4232771606566792
17,16003018,39,0.5776072399341899,0.5784001816994815,0.15521447986837988,1.1120456454584562,-0.33955778706075423,1,1,2,3,0.5776072399341899,0.42239276006581006
17,16003018,40,0.5784001816994815,0.5791113373619055,0.15680036339896297,1.1120456454584562,-0.33955778706075423,1,1,2,3,0.5784001816994815,0.4215998183005185
17,16003018,41,0.5791113373619055,0.5797493152643164,0.1582226747238109,1.1120456454584562,-0.33955778706075423,1,1,2,3,0.5791113373619055,0.42088866263809455
17,16003018,42,0.5797493152643164,0.579015140617725,0.15949863052863278,1.1120456454584562,-0.33955778706075423,0,1,2,3,0.5797493152643164,0.4202506847356836
17,16003018,43,0.579015140617725,0.5783562087944875,0.15803028123544993,1.1120456454584562,-0.33955778706075423,0,1,2,3,0.579015140617725,0.42098485938227503
17,16003018,44,0.5783562087944875,0.5788194697315788,0.15671241758897492,1.1120456454584562,-0.33955778706075423,1,1,2,3,0.5783562087944875,0.42164379120551254
17,16003018,45,0.5788194697315788,0.5792354071471748,0.15763893946315766,1.1120456454584562,-0.33955778706075423,1,1,2,3,0.5788194697315788,0.42118053026842117
17,16003018,46,0.5792354071471748,0.5796089141632436,0.15847081429434962,1.1120456454584562,-0.33955778706075423,1,1,2,3,0.5792354071471748,0.4207645928528252
17,16003018,47,0.5796089141632436,0.5791788966567705,0.15921782832648712,1.1120456454584562,-0.33955778706075423,0,1,2,3,0.5796089141632436,0.42039108583675644
17,16003018,48,0.5791788966567705,0.5787926421034493,0.15835779331354094,1.1120456454584562,-0.33955778706075423,0,1,2,3,0.5791788966567705,0.42082110334322953
17,16003018,49,0.5787926421034493,0.5784456571154948,0.15758528420689855,1.1120456454584562,-0.33955778706075423,0,1,2,3,0.5787926421034493,0.4212073578965507
17,16003018,50,0.5784456571154948,0.5786897353683956,0.15689131423098956,1.1120456454584562,-0.33955778706075423,1,1,2,3,0.5784456571154948,0.4215543428845052
17,16003018,51,0.5786897353683956,0.578909041484878,0.15737947073679126,1.1120456454584562,-0.33955778706075423,1,1,2,3,0.5786897353683956,0.42131026463160437
17,16003018,52,0.578909041484878,0.5791061059728877,0.15781808296975597,1.1120456454584562,-0.33955778706075423,1,1,2,3,0.578909041484878,0.421090958515122
17,16003018,53,0.5791061059728877,0.5792831977161194,0.1582122119457754,1.1120456454584562,-0.33955778706075423,1,1,2,3,0.5791061059728877,0.4208938940271123
17,16003018,54,0.5792831977161194,0.5794423516214284,0.15856639543223872,1.1120456454584562,-0.33955778706075423,1,1,2,3,0.5792831977161194,0.42071680228388064
17,16003018,55,0.5794423516214284,0.5795853932307931,0.15888470324285686,1.1120456454584562,-0.33955778706075423,1,1,2,3,0.5794423516214284,0.42055764837857157
17,16003018,56,0.5795853932307931,0.5794205945031521,0.1591707864615861,1.1120456454584562,-0.33955778706075423,0,1,2,3,0.5795853932307931,0.42041460676920694
17,16003018,57,0.5794205945031521,0.5795362180080753,0.15884118900630417,1.1120456454584562,-0.33955778706075423,1,1,2,3,0.5794205945031521,0.4205794054968479
17,16003018,58,0.5795362180080753,0.5796401513073663,0.15907243601615062,1.1120456454584562,-0.33955778706075423,1,1,2,3,0.5795362180080753,0.4204637819919247
17,16003018,59,0.5796401513073663,0.5797335800133236,0.1592803026147327,1.1120456454584562,-0.33955778706075423,1,1,2,3,0.5796401513073663,0.42035984869263365
17,16003018,60,0.5797335800133236,0.5796258722451776,0.1594671600266473,1.1120456454584562,-0.33955778706075423,0,1,2,3,0.5797335800133236,0.42026641998667635
17,16003018,61,0.5796258722451776,0.5797014029262311,0.15925174449035517,1.1120456454584562,-0.33955778706075423,1,1,2,3,0.5796258722451776,0.4203741277548224
17,16003018,62,0.5797014029262311,0.5797693061631756,0.15940280585246214,1.1120456454584562,-0.33955778706075423,1,1,2,3,0.5797014029262311,0.42029859707376893
17,16003018,63,0.5797693061631756,0.5796910094837325,0.15953861232635114,1.1120456454584562,-0.33955778706075423,0,1,2,3,0.5797693061631756,0.42023069383682443
17,16003018,64,0.5796910094837325,0.5797459084368852,0.15938201896746507,1.1120456454584562,-0.33955778706075423,1,1,2,3,0.5796910094837325,0.42030899051626747
17,16003018,65,0.5797459084368852,0.5797952668584183,0.15949181687377045,1.1120456454584562,-0.33955778706075423,1,1,2,3,0.5797459084368852,0.4202540915631148
17,16003018,66,0.5797952668584183,0.5797383453044375,0.15959053371683662,1.1120456454584562,-0.33955778706075423,0,1,2,3,0.5797952668584183,0.4202047331415817
17,16003018,67,0.5797383453044375,0.5797782530340153,0.15947669060887493,1.1120456454584562,-0.33955778706075423,1,1,2,3,0.5797383453044375,0.42026165469556254
17,16003018,68,0.5797782530340153,0.579814134990231,0.15955650606803062,1.1120456454584562,-0.33955778706075423,1,1,2,3,0.5797782530340153,0.4202217469659847
17,16003018,69,0.579814134990231,0.5798463977177385,0.1596282699804621,1.1120456454584562,-0.33955778706075423,1,1,2,3,0.579814134990231,0.42018586500976896
17,16003018,70,0.5798463977177385,0.5798754066225122,0.159692795435477,1.1120456454584562,-0.33955778706075423,1,1,2,3,0.5798463977177385,0.4201536022822615
17,16003018,71,0.5798754066225122,0.5798419419761754,0.1597508132450245,1.1120456454584562,-0.33955778706075423,0,1,2,3,0.5798754066225122,0.42012459337748775
17,16003018,72,0.5798419419761754,0.5798118517456285,0.1596838839523509,1.1120456454584562,-0.33955778706075423,0,1,2,3,0.5798419419761754,0.42015805802382455
17,16003018,73,0.5798118517456285,0.5798329446182122,0.1596237034912571,1.1120456454584562,-0.33955778706075423,1,1,2,3,0.5798118517456285,0.42018814825437145
17,16003018,74,0.5798329446182122,0.5798519109044297,0.15966588923642444,1.1120456454584562,-0.33955778706075423,1,1,2,3,0.5798329446182122,0.4201670553817878
17,16003018,75,0.5798519109044297,0.5798300322949305,0.15970382180885934,1.1120456454584562,-0.33955778706075423,0,1,2,3,0.5798519109044297,0.42014808909557033
17,16003018,76,0.5798300322949305,0.5798453683760113,0.15966006458986093,1.1120456454584562,-0.33955778706075423,1,1,2,3,0.5798300322949305,0.42016996770506954
17,16003018,77,0.5798453683760113,0.5798591585382775,0.1596907367520226,1.1120456454584562,-0.33955778706075423,1,1,2,3,0.5798453683760113,0.4201546316239887
17,16003018,78,0.5798591585382775,0.5798432502198161,0.15971831707655504,1.1120456454584562,-0.33955778706075423,0,1,2,3,0.5798591585382775,0.4201408414617225
17,16003018,79,0.5798432502198161,0.5798544010617845,0.15968650043963217,1.1120456454584562,-0.33955778706075423,1,1,2,3,0.5798432502198161,0.4201567497801839
17,16003018,80,0.5798544010617845,0.5798415375394642,0.15970880212356908,1.1120456454584562,-0.33955778706075423,0,1,2,3,0.5798544010617845,0.42014559893821546
17,16003018,81,0.5798415375394642,0.5798505542702077,0.15968307507892843,1.1120456454584562,-0.33955778706075423,1,1,2,3,0.5798415375394642,0.4201584624605358
17,16003018,82,0.5798505542702077,0.5798401526930116,0.15970110854041542,1.1120456454584562,-0.33955778706075423,0,1,2,3,0.5798505542702077,0.4201494457297923
17,16003018,83,0.5798401526930116,0.5798474437936474,0.15968030538602318,1.1120456454584562,-0.33955778706075423,1,1,2,3,0.5798401526930116,0.4201598473069884
17,16003018,84,0.5798474437936474,0.579839032913365,0.15969488758729478,1.1120456454584562,-0.33955778706075423,0,1,2,3,0.5798474437936474,0.4201525562063526
17,16003018,85,0.579839032913365,0.579844928664557,0.15967806582673005,1.1120456454584562,-0.33955778706075423,1,1,2,3,0.579839032913365,0.420160967086635
17,16003018,86,0.579844928664557,0.5798502302763047,0.1596898573291139,1.1120456454584562,-0.33955778706075423,1,1,2,3,0.579844928664557,0.42015507133544305
17,16003018,87,0.5798502302763047,0.5798549976320468,0.15970046055260934,1.1120456454584562,-0.33955778706075423,1,1,2,3,0.5798502302763047,0.42014976972369533
17,16003018,88,0.5798549976320468,0.579859284577734,0.15970999526409368,1.1120456454584562,-0.33955778706075423,1,1,2,3,0.5798549976320468,0.42014500236795316
17,16003018,89,0.579859284577734,0.5798543390010756,0.1597185691554679,1.1120456454584562,-0.33955778706075423,0,1,2,3,0.579859284577734,0.42014071542226605
17,16003018,90,0.5798543390010756,0.5798578055523478,0.15970867800215127,1.1120456454584562,-0.33955778706075423,1,1,2,3,0.5798543390010756,0.42014566099892436
17,16003018,91,0.5798578055523478,0.5798538064201685,0.15971561110469557,1.1120456454584562,-0.33955778706075423,0,1,2,3,0.5798578055523478,0.4201421944476522
17,16003018,92,0.5798538064201685,0.5798566095825456,0.15970761284033697,1.1120456454584562,-0.33955778706075423,1,1,2,3,0.5798538064201685,0.4201461935798315
17,16003018,93,0.5798566095825456,0.5798533757634714,0.15971321916509118,1.1120456454584562,-0.33955778706075423,0,1,2,3,0.5798566095825456,0.4201433904174544
17,16003018,94,0.5798533757634714,0.5798504677968206,0.1597067515269428,1.1120456454584562,-0.33955778706075423,0,1,2,3,0.5798533757634714,0.4201466242365286
17,16003018,95,0.5798504677968206,0.5798478528461773,0.15970093559364118,1.1120456454584562,-0.33955778706075423,0,1,2,3,0.5798504677968206,0.4201495322031794
17,16003018,96,0.5798478528461773,0.5798496858177064,0.1596957056923547,1.1120456454584562,-0.33955778706075423,1,1,2,3,0.5798478528461773,0.42015214715382265
17,16003018,97,0.5798496858177064,0.5798513340955751,0.1596993716354127,1.1120456454584562,-0.33955778706075423,1,1,2,3,0.5798496858177064,0.42015031418229365
17,16003018,98,0.5798513340955751,0.5798528162907849,0.1597026681911502,1.1120456454584562,-0.33955778706075423,1,1,2,3,0.5798513340955751,0.4201486659044249
17,16003018,99,0.5798528162907849,0.5798541491387892,0.15970563258156978,1.1120456454584562,-0.33955778706075423,1,1,2,3,0.5798528162907849,0.4201471837092151
17,16003018,100,0.5798541491387892,0.579855347688537,0.15970829827757838,1.1120456454584562,-0.33955778706075423,1,1,2,3,0.5798541491387892,0.4201458508612108
17,16003018,101,0.579855347688537,0.5798564254724572,0.15971069537707394,1.1120456454584562,-0.33955778706075423,1,1,2,3,0.579855347688537,0.42014465231146303
17,16003018,102,0.5798564254724572,0.57985518209946,0.1597128509449144,1.1120456454584562,-0.33955778706075423,0,1,2,3,0.5798564254724572,0.4201435745275428
17,16003018,103,0.57985518209946,0.5798560536351641,0.15971036419891993,1.1120456454584562,-0.33955778706075423,1,1,2,3,0.57985518209946,0.42014481790054004
17,16003018,104,0.5798560536351641,0.5798568373558258,0.15971210727032825,1.1120456454584562,-0.33955778706075423,1,1,2,3,0.5798560536351641,0.4201439463648359
17,16003018,105,0.5798568373558258,0.5798575421098064,0.15971367471165165,1.1120456454584562,-0.33955778706075423,1,1,2,3,0.5798568373558258,0.4201431626441742
17,16003018,106,0.5798575421098064,0.5798567290746175,0.1597150842196129,1.1120456454584562,-0.33955778706075423,0,1,2,3,0.5798575421098064,0.42014245789019355
17,16003018,107,0.5798567290746175,0.579857298965183,0.159713458149235,1.1120456454584562,-0.33955778706075423,1,1,2,3,0.5798567290746175,0.4201432709253825
17,16003018,108,0.579857298965183,0.5798566415145671,0.15971459793036602,1.1120456454584562,-0.33955778706075423,0,1,2,3,0.579857298965183,0.420142701034817
17,16003018,109,0.5798566415145671,0.579856050307286,0.15971328302913412,1.1120456454584562,-0.33955778706075423,0,1,2,3,0.5798566415145671,0.42014335848543294
17,16003018,110,0.579856050307286,0.579856464710467,0.15971210061457208,1.1120456454584562,-0.33955778706075423,1,1,2,3,0.579856050307286,0.42014394969271396
17,16003018,111,0.579856464710467,0.579856837359382,0.15971292942093407,1.1120456454584562,-0.33955778706075423,1,1,2,3,0.579856464710467,0.42014353528953297
17,16003018,112,0.579856837359382,0.5798571724611373,0.15971367471876396,1.1120456454584562,-0.33955778706075423,1,1,2,3,0.579856837359382,0.420143162640618
17,16003018,113,0.5798571724611373,0.5798574737989277,0.15971434492227465,1.1120456454584562,-0.33955778706075423,1,1,2,3,0.5798571724611373,0.4201428275388627
17,16003018,114,0.5798574737989277,0.5798577447747516,0.15971494759785543,1.1120456454584562,-0.33955778706075423,1,1,2,3,0.5798574737989277,0.4201425262010723
17,16003018,115,0.5798577447747516,0.5798579884478219,0.1597154895495032,1.1120456454584562,-0.33955778706075423,1,1,2,3,0.5798577447747516,0.4201422552252484
17,16003018,116,0.5798579884478219,0.5798582075691067,0.15971597689564376,1.1120456454584562,-0.33955778706075423,1,1,2,3,0.5798579884478219,0.4201420115521781
17,16003018,117,0.5798582075691067,0.5798579547802117,0.15971641513821333,1.1120456454584562,-0.33955778706075423,0,1,2,3,0.5798582075691067,0.42014179243089333
17,16003018,118,0.5798579547802117,0.5798577274615506,0.15971590956042347,1.1120456454584562,-0.33955778706075423,0,1,2,3,0.5798579547802117,0.42014204521978826
17,16003018,119,0.5798577274615506,0.579857886798506,0.15971545492310124,1.1120456454584562,-0.33955778706075423,1,1,2,3,0.5798577274615506,0.4201422725384494
17,16003018,120,0.579857886798506,0.5798577029798492,0.15971577359701206,1.1120456454584562,-0.33955778706075423,0,1,2,3,0.579857886798506,0.42014211320149397
17,16003018,121,0.5798577029798492,0.5798578318258955,0.15971540595969835,1.1120456454584562,-0.33955778706075423,1,1,2,3,0.5798577029798492,0.4201422970201508
17,16003018,122,0.5798578318258955,0.5798579476898359,0.1597156636517909,1.1120456454584562,-0.33955778706075423,1,1,2,3,0.5798578318258955,0.42014216817410455
17,16003018,123,0.5798579476898359,0.5798580518797094,0.1597158953796718,1.1120456454584562,-0.33955778706075423,1,1,2,3,0.5798579476898359,0.4201420523101641
17,16003018,124,0.5798580518797094,0.5798581455717603,0.1597161037594188,1.1120456454584562,-0.33955778706075423,1,1,2,3,0.5798580518797094,0.4201419481202906
17,16003018,125,0.5798581455717603,0.5798580374840618,0.1597162911435206,1.1120456454584562,-0.33955778706075423,0,1,2,3,0.5798581455717603,0.4201418544282397
17,16003018,126,0.5798580374840618,0.5798579402869116,0.15971607496812368,1.1120456454584562,-0.33955778706075423,0,1,2,3,0.5798580374840618,0.42014196251593816
17,16003018,127,0.5798579402869116,0.5798580084163508,0.15971588057382324,1.1120456454584562,-0.33955778706075423,1,1,2,3,0.5798579402869116,0.4201420597130884
17,16003018,128,0.5798580084163508,0.5798579298189495,0.15971601683270165,1.1120456454584562,-0.33955778706075423,0,1,2,3,0.5798580084163508,0.4201419915836492
17,16003018,129,0.5798579298189495,0.5798578591407488,0.15971585963789892,1.1120456454584562,-0.33955778706075423,0,1,2,3,0.5798579298189495,0.42014207018105054
17,16003018,130,0.5798578591407488,0.5798579086819927,0.15971571828149767,1.1120456454584562,-0.33955778706075423,1,1,2,3,0.5798578591407488,0.42014214085925117
17,16003018,131,0.5798579086819927,0.579857953231635,0.15971581736398544,1.1120456454584562,-0.33955778706075423,1,1,2,3,0.5798579086819927,0.4201420913180073
17,16003018,132,0.579857953231635,0.5798579932926126,0.15971590646327005,1.1120456454584562,-0.33955778706075423,1,1,2,3,0.579857953231635,0.420142046768365
17,16003018,133,0.5798579932926126,0.5798580293171879,0.15971598658522512,1.1120456454584562,-0.33955778706075423,1,1,2,3,0.5798579932926126,0.42014200670738744
17,16003018,134,0.5798580293171879,0.579858061712055,0.15971605863437577,1.1120456454584562,-0.33955778706075423,1,1,2,3,0.5798580293171879,0.4201419706828121
17,16003018,135,0.579858061712055,0.5798580908429308,0.15971612342411,1.1120456454584562,-0.33955778706075423,1,1,2,3,0.579858061712055,0.420141938287945
17,16003018,136,0.5798580908429308,0.5798580572361367,0.15971618168586166,1.1120456454584562,-0.33955778706075423,0,1,2,3,0.5798580908429308,0.42014190915706917
17,16003018,137,0.5798580572361367,0.5798580807925019,0.1597161144722734,1.1120456454584562,-0.33955778706075423,1,1,2,3,0.5798580572361367,0.4201419427638633
17,16003018,138,0.5798580807925019,0.5798580536167345,0.1597161615850038,1.1120456454584562,-0.33955778706075423,0,1,2,3,0.5798580807925019,0.4201419192074981
17,16003018,139,0.5798580536167345,0.5798580726653328,0.15971610723346896,1.1120456454584562,-0.33955778706075423,1,1,2,3,0.5798580536167345,0.4201419463832655
17,16003018,140,0.5798580726653328,0.5798580506899446,0.1597161453306657,1.1120456454584562,-0.33955778706075423,0,1,2,3,0.5798580726653328,0.42014192733466715
17,16003018,141,0.5798580506899446,0.579858030928717,0.15971610137988912,1.1120456454584562,-0.33955778706075423,0,1,2,3,0.5798580506899446,0.42014194931005544
17,16003018,142,0.579858030928717,0.5798580131585593,0.15971606185743403,1.1120456454584562,-0.33955778706075423,0,1,2,3,0.579858030928717,0.420141969071283
17,16003018,143,0.5798580131585593,0.5798579971788584,0.15971602631711868,1.1120456454584562,-0.33955778706075423,0,1,2,3,0.5798580131585593,0.42014198684144066
17,16003018,144,0.5798579971788584,0.5798579828092143,0.15971599435771688,1.1120456454584562,-0.33955778706075423,0,1,2,3,0.5798579971788584,0.42014200282114156
17,16003018,145,0.5798579828092143,0.5798579928814837,0.1597159656184286,1.1120456454584562,-0.33955778706075423,1,1,2,3,0.5798579828092143,0.4201420171907857
17,16003018,146,0.5798579928814837,0.5798580019389078,0.1597159857629673,1.1120456454584562,-0.33955778706075423,1,1,2,3,0.5798579928814837,0.42014200711851635
17,16003018,147,0.5798580019389078,0.5798580100837388,0.1597160038778156,1.1120456454584562,-0.33955778706075423,1,1,2,3,0.5798580019389078,0.4201419980610922
17,16003018,148,0.5798580100837388,0.5798580006874675,0.15971602016747766,1.1120456454584562,-0.33955778706075423,0,1,2,3,0.5798580100837388,0.42014198991626117
17,16003018,149,0.5798580006874675,0.5798580072736969,0.15971600137493502,1.1120456454584562,-0.33955778706075423,1,1,2,3,0.5798580006874675,0.4201419993125325
17,16003018,150,0.5798580072736969,0.5798580131963216,0.1597160145473937,1.1120456454584562,-0.33955778706075423,1,1,2,3,0.5798580072736969,0.42014199272630315
17,16003018,151,0.5798580131963216,0.5798580185222042,0.15971602639264315,1.1120456454584562,-0.33955778706075423,1,1,2,3,0.5798580131963216,0.4201419868036784
17,16003018,152,0.5798580185222042,0.579858012378008,0.1597160370444084,1.1120456454584562,-0.33955778706075423,0,1,2,3,0.5798580185222042,0.4201419814777958
17,16003018,153,0.579858012378008,0.5798580166847254,0.1597160247560161,1.1120456454584562,-0.33955778706075423,1,1,2,3,0.579858012378008,0.42014198762199195
17,16003018,154,0.5798580166847254,0.5798580205575135,0.15971603336945073,1.1120456454584562,-0.33955778706075423,1,1,2,3,0.5798580166847254,0.42014198331527464
17,16003018,155,0.5798580205575135,0.5798580240400937,0.1597160411150269,1.1120456454584562,-0.33955778706075423,1,1,2,3,0.5798580205575135,0.42014197944248655
17,16003018,156,0.5798580240400937,0.5798580271717817,0.15971604808018736,1.1120456454584562,-0.33955778706075423,1,1,2,3,0.5798580240400937,0.4201419759599063
17,16003018,157,0.5798580271717817,0.5798580235589145,0.1597160543435634,1.1120456454584562,-0.33955778706075423,0,1,2,3,0.5798580271717817,0.4201419728282183
17,16003018,158,0.5798580235589145,0.5798580260913202,0.15971604711782894,1.1120456454584562,-0.33955778706075423,1,1,2,3,0.5798580235589145,0.42014197644108553
17,16003018,159,0.5798580260913202,0.5798580283685699,0.1597160521826404,1.1120456454584562,-0.33955778706075423,1,1,2,3,0.5798580260913202,0.4201419739086798
17,16003018,160,0.5798580283685699,0.5798580304163722,0.15971605673713984,1.1120456454584562,-0.33955778706075423,1,1,2,3,0.5798580283685699,0.4201419716314301
17,16003018,161,0.5798580304163722,0.5798580280539282,0.15971606083274437,1.1120456454584562,-0.33955778706075423,0,1,2,3,0.5798580304163722,0.4201419695836278
17,16003018,162,0.5798580280539282,0.5798580259295153,0.15971605610785633,1.1120456454584562,-0.33955778706075423,0,1,2,3,0.5798580280539282,0.42014197194607183
17,16003018,163,0.5798580259295153,0.5798580240191507,0.1597160518590306,1.1120456454584562,-0.33955778706075423,0,1,2,3,0.5798580259295153,0.4201419740704847
17,16003018,164,0.5798580240191507,0.579858025358203,0.1597160480383013,1.1120456454584562,-0.33955778706075423,1,1,2,3,0.5798580240191507,0.42014197598084935
17,16003018,165,0.579858025358203,0.5798580265623373,0.15971605071640593,1.1120456454584562,-0.33955778706075423,1,1,2,3,0.579858025358203,0.42014197464179703
17,16003018,166,0.5798580265623373,0.5798580276451476,0.15971605312467463,1.1120456454584562,-0.33955778706075423,1,1,2,3,0.5798580265623373,0.4201419734376627
17,16003018,167,0.5798580276451476,0.5798580286188578,0.1597160552902952,1.1120456454584562,-0.33955778706075423,1,1,2,3,0.5798580276451476,0.4201419723548524
17,16003018,168,0.5798580286188578,0.5798580294944605,0.15971605723771565,1.1120456454584562,-0.33955778706075423,1,1,2,3,0.5798580286188578,0.4201419713811422
17,16003018,169,0.5798580294944605,0.5798580302818409,0.15971605898892105,1.1120456454584562,-0.33955778706075423,1,1,2,3,0.5798580294944605,0.4201419705055395
17,16003018,170,0.5798580302818409,0.5798580309898875,0.15971606056368182,1.1120456454584562,-0.33955778706075423,1,1,2,3,0.5798580302818409,0.4201419697181591
17,16003018,171,0.5798580309898875,0.579858031626594,0.15971606197977506,1.1120456454584562,-0.33955778706075423,1,1,2,3,0.5798580309898875,0.42014196901011247
17,16003018,172,0.579858031626594,0.5798580308920586,0.159716063253188,1.1120456454584562,-0.33955778706075423,0,1,2,3,0.579858031626594,0.420141968373406
17,16003018,173,0.5798580308920586,0.5798580302315322,0.15971606178411712,1.1120456454584562,-0.33955778706075423,0,1,2,3,0.5798580308920586,0.42014196910794144
17,16003018,174,0.5798580302315322,0.5798580306945219,0.1597160604630643,1.1120456454584562,-0.33955778706075423,1,1,2,3,0.5798580302315322,0.42014196976846785
17,16003018,175,0.5798580306945219,0.5798580311108625,0.15971606138904382,1.1120456454584562,-0.33955778706075423,1,1,2,3,0.5798580306945219,0.4201419693054781
17,16003018,176,0.5798580311108625,0.5798580314852543,0.15971606222172507,1.1120456454584562,-0.33955778706075423,1,1,2,3,0.5798580311108625,0.42014196888913746
17,16003018,177,0.5798580314852543,0.5798580318219235,0.15971606297050855,1.1120456454584562,-0.33955778706075423,1,1,2,3,0.5798580314852543,0.4201419685147457
17,16003018,178,0.5798580318219235,0.5798580321246714,0.15971606364384705,1.1120456454584562,-0.33955778706075423,1,1,2,3,0.5798580318219235,0.4201419681780765
17,16003018,179,0.5798580321246714,0.5798580317754068,0.1597160642493427,1.1120456454584562,-0.33955778706075423,0,1,2,3,0.5798580321246714,0.42014196787532865
17,16003018,180,0.5798580317754068,0.5798580314613329,0.1597160635508137,1.1120456454584562,-0.33955778706075423,0,1,2,3,0.5798580317754068,0.42014196822459315
17,16003018,181,0.5798580314613329,0.579858031178904,0.1597160629226657,1.1120456454584562,-0.33955778706075423,0,1,2,3,0.5798580314613329,0.42014196853866714
17,16003018,182,0.579858031178904,0.5798580309249316,0.159716062357808,1.1120456454584562,-0.33955778706075423,0,1,2,3,0.579858031178904,0.420141968821096
17,16003018,183,0.5798580309249316,0.5798580311029511,0.1597160618498632,1.1120456454584562,-0.33955778706075423,1,1,2,3,0.5798580309249316,0.4201419690750684
17,16003018,184,0.5798580311029511,0.5798580312630341,0.15971606220590218,1.1120456454584562,-0.33955778706075423,1,1,2,3,0.5798580311029511,0.4201419688970489
17,16003018,185,0.5798580312630341,0.5798580310783545,0.1597160625260683,1.1120456454584562,-0.33955778706075423,0,1,2,3,0.5798580312630341,0.42014196873696585
17,16003018,186,0.5798580310783545,0.579858031207804,0.15971606215670908,1.1120456454584562,-0.33955778706075423,1,1,2,3,0.5798580310783545,0.42014196892164546
17,16003018,187,0.579858031207804,0.5798580310584649,0.15971606241560798,1.1120456454584562,-0.33955778706075423,0,1,2,3,0.579858031207804,0.420141968792196
17,16003018,188,0.5798580310584649,0.5798580311631428,0.1597160621169298,1.1120456454584562,-0.33955778706075423,1,1,2,3,0.5798580310584649,0.4201419689415351
17,16003018,189,0.5798580311631428,0.5798580312572738,0.15971606232628566,1.1120456454584562,-0.33955778706075423,1,1,2,3,0.5798580311631428,0.42014196883685717
17,16003018,190,0.5798580312572738,0.5798580313419204,0.1597160625145475,1.1120456454584562,-0.33955778706075423,1,1,2,3,0.5798580312572738,0.42014196874272625
17,16003018,191,0.5798580313419204,0.5798580312442679,0.15971606268384075,1.1120456454584562,-0.33955778706075423,0,1,2,3,0.5798580313419204,0.4201419686580796
17,16003018,192,0.5798580312442679,0.5798580313127165,0.15971606248853587,1.1120456454584562,-0.33955778706075423,1,1,2,3,0.5798580312442679,0.42014196875573206
17,16003018,193,0.5798580313127165,0.5798580313742684,0.15971606262543303,1.1120456454584562,-0.33955778706075423,1,1,2,3,0.5798580313127165,0.4201419686872835
17,16003018,194,0.5798580313742684,0.5798580313032591,0.15971606274853678,1.1120456454584562,-0.33955778706075423,0,1,2,3,0.5798580313742684,0.4201419686257316
17,16003018,195,0.5798580313032591,0.5798580313530324,0.15971606260651816,1.1120456454584562,-0.33955778706075423,1,1,2,3,0.5798580313032591,0.4201419686967409
17,16003018,196,0.5798580313530324,0.5798580313977908,0.15971606270606475,1.1120456454584562,-0.33955778706075423,1,1,2,3,0.5798580313530324,0.4201419686469676
17,16003018,197,0.5798580313977908,0.5798580314380394,0.1597160627955816,1.1120456454584562,-0.33955778706075423,1,1,2,3,0.5798580313977908,0.4201419686022092
17,16003018,198,0.5798580314380394,0.5798580314742328,0.15971606287607876,1.1120456454584562,-0.33955778706075423,1,1,2,3,0.5798580314380394,0.4201419685619606
17,16003018,199,0.5798580314742328,0.5798580315067794,0.15971606294846552,1.1120456454584562,-0.33955778706075423,1,1,2,3,0.5798580314742328,0.42014196852576724
17,16003018,200,0.5798580315067794,0.5798580314692319,0.15971606301355878,1.1120456454584562,-0.33955778706075423,0,1,2,3,0.5798580315067794,0.4201419684932206
17,16003018,201,0.5798580314692319,0.5798580314955504,0.15971606293846374,1.1120456454584562,-0.33955778706075423,1,1,2,3,0.5798580314692319,0.42014196853076813
17,16003018,202,0.5798580314955504,0.5798580315192171,0.15971606299110075,1.1120456454584562,-0.33955778706075423,1,1,2,3,0.5798580314955504,0.4201419685044496
17,16003018,203,0.5798580315192171,0.5798580315404993,0.15971606303843422,1.1120456454584562,-0.33955778706075423,1,1,2,3,0.5798580315192171,0.4201419684807829
17,16003018,204,0.5798580315404993,0.5798580315596371,0.15971606308099862,1.1120456454584562,-0.33955778706075423,1,1,2,3,0.5798580315404993,0.4201419684595007
17,16003018,205,0.5798580315596371,0.5798580315768467,0.15971606311927422,1.1120456454584562,-0.33955778706075423,1,1,2,3,0.5798580315596371,0.4201419684403629
17,16003018,206,0.5798580315768467,0.5798580315569929,0.15971606315369336,1.1120456454584562,-0.33955778706075423,0,1,2,3,0.5798580315768467,0.4201419684231533
17,16003018,207,0.5798580315569929,0.5798580315709092,0.15971606311398578,1.1120456454584562,-0.33955778706075423,1,1,2,3,0.5798580315569929,0.4201419684430071
17,16003018,208,0.5798580315709092,0.5798580315548547,0.1597160631418184,1.1120456454584562,-0.33955778706075423,0,1,2,3,0.5798580315709092,0.4201419684290908
17,16003018,209,0.5798580315548547,0.5798580315404177,0.15971606310970943,1.1120456454584562,-0.33955778706075423,0,1,2,3,0.5798580315548547,0.4201419684451453
17,16003018,210,0.5798580315404177,0.5798580315505372,0.1597160630808354,1.1120456454584562,-0.33955778706075423,1,1,2,3,0.5798580315404177,0.4201419684595823
17,16003018,211,0.5798580315505372,0.5798580315388628,0.15971606310107433,1.1120456454584562,-0.33955778706075423,0,1,2,3,0.5798580315505372,0.42014196844946283
17,16003018,212,0.5798580315388628,0.5798580315470458,0.15971606307772568,1.1120456454584562,-0.33955778706075423,1,1,2,3,0.5798580315388628,0.42014196846113716
17,16003018,213,0.5798580315470458,0.5798580315544044,0.1597160630940917,1.1120456454584562,-0.33955778706075423,1,1,2,3,0.5798580315470458,0.42014196845295415
17,16003018,214,0.5798580315544044,0.5798580315610214,0.15971606310880881,1.1120456454584562,-0.33955778706075423,1,1,2,3,0.5798580315544044,0.4201419684455956
17,16003018,215,0.5798580315610214,0.5798580315669718,0.1597160631220429,1.1120456454584562,-0.33955778706075423,1,1,2,3,0.5798580315610214,0.42014196843897855
17,16003018,216,0.5798580315669718,0.5798580315723227,0.1597160631339436,1.1120456454584562,-0.33955778706075423,1,1,2,3,0.5798580315669718,0.4201419684330282
17,16003018,217,0.5798580315723227,0.5798580315661498,0.15971606314464548,1.1120456454584562,-0.33955778706075423,0,1,2,3,0.5798580315723227,0.42014196842767726
17,16003018,218,0.5798580315661498,0.5798580315605987,0.15971606313229958,1.1120456454584562,-0.33955778706075423,0,1,2,3,0.5798580315661498,0.4201419684338502
17,16003018,219,0.5798580315605987,0.5798580315556069,0.15971606312119735,1.1120456454584562,-0.33955778706075423,0,1,2,3,0.5798580315605987,0.4201419684394013
17,16003018,220,0.5798580315556069,0.5798580315591059,0.15971606311121378,1.1120456454584562,-0.33955778706075423,1,1,2,3,0.5798580315556069,0.4201419684443931
17,16003018,221,0.5798580315591059,0.5798580315622521,0.15971606311821174,1.1120456454584562,-0.33955778706075423,1,1,2,3,0.5798580315591059,0.42014196844089413
17,16003018,222,0.5798580315622521,0.5798580315650815,0.15971606312450426,1.1120456454584562,-0.33955778706075423,1,1,2,3,0.5798580315622521,0.42014196843774787
17,16003018,223,0.5798580315650815,0.5798580315676258,0.15971606313016307,1.1120456454584562,-0.33955778706075423,1,1,2,3,0.5798580315650815,0.42014196843491847
17,16003018,224,0.5798580315676258,0.5798580315646906,0.15971606313525166,1.1120456454584562,-0.33955778706075423,0,1,2,3,0.5798580315676258,0.42014196843237417
17,16003018,225,0.5798580315646906,0.5798580315620512,0.15971606312938125,1.1120456454584562,-0.33955778706075423,0,1,2,3,0.5798580315646906,0.4201419684353094
17,16003018,226,0.5798580315620512,0.5798580315639013,0.15971606312410236,1.1120456454584562,-0.33955778706075423,1,1,2,3,0.5798580315620512,0.4201419684379488
17,16003018,227,0.5798580315639013,0.5798580315617669,0.1597160631278025,1.1120456454584562,-0.33955778706075423,0,1,2,3,0.5798580315639013,0.42014196843609874
17,16003018,228,0.5798580315617669,0.5798580315632629,0.1597160631235337,1.1120456454584562,-0.33955778706075423,1,1,2,3,0.5798580315617669,0.42014196843823315
17,16003018,229,0.5798580315632629,0.5798580315646082,0.15971606312652575,1.1120456454584562,-0.33955778706075423,1,1,2,3,0.5798580315632629,0.4201419684367371
17,16003018,230,0.5798580315646082,0.5798580315630563,0.1597160631292165,1.1120456454584562,-0.33955778706075423,0,1,2,3,0.5798580315646082,0.42014196843539175
17,16003018,231,0.5798580315630563,0.5798580315641442,0.15971606312611253,1.1120456454584562,-0.33955778706075423,1,1,2,3,0.5798580315630563,0.42014196843694374
17,16003018,232,0.5798580315641442,0.5798580315651224,0.15971606312828834,1.1120456454584562,-0.33955778706075423,1,1,2,3,0.5798580315641442,0.42014196843585583
17,16003018,233,0.5798580315651224,0.5798580315660021,0.15971606313024478,1.1120456454584562,-0.33955778706075423,1,1,2,3,0.5798580315651224,0.4201419684348776
17,16003018,234,0.5798580315660021,0.5798580315667933,0.15971606313200426,1.1120456454584562,-0.33955778706075423,1,1,2,3,0.5798580315660021,0.42014196843399787
17,16003018,235,0.5798580315667933,0.5798580315658807,0.15971606313358655,1.1120456454584562,-0.33955778706075423,0,1,2,3,0.5798580315667933,0.4201419684332067
17,16003018,236,0.5798580315658807,0.5798580315650599,0.15971606313176134,1.1120456454584562,-0.33955778706075423,0,1,2,3,0.5798580315658807,0.42014196843411933
17,16003018,237,0.5798580315650599,0.5798580315656352,0.15971606313011977,1.1120456454584562,-0.33955778706075423,1,1,2,3,0.5798580315650599,0.4201419684349401
17,16003018,238,0.5798580315656352,0.5798580315649715,0.1597160631312704,1.1120456454584562,-0.33955778706075423,0,1,2,3,0.5798580315656352,0.4201419684343648
17,16003018,239,0.5798580315649715,0.5798580315654366,0.15971606312994302,1.1120456454584562,-0.33955778706075423,1,1,2,3,0.5798580315649715,0.4201419684350285
17,16003018,240,0.5798580315654366,0.5798580315658549,0.15971606313087316,1.1120456454584562,-0.33955778706075423,1,1,2,3,0.5798580315654366,0.4201419684345634
18,16023151,1,0.5,0.6666666666666666,0,0.8974455200104438,-0.186405589730662,1,1,2,1,0.5,0.5
18,16023151,2,0.6666666666666666,0.48684337222123875,0.33333333333333326,0.8974455200104438,-0.186405589730662,0,1,2,1,0.6666666666666666,0.33333333333333337
18,16023151,3,0.48684337222123875,0.5965331844203472,0.026313255557522508,0.8974455200104438,-0.186405589730662,1,1,2,1,0.48684337222123875,0.5131566277787613
18,16023151,4,0.5965331844203472,0.6672465534384036,0.1930663688406944,0.8974455200104438,-0.186405589730662,1,1,2,1,0.5965331844203472,0.4034668155796528
18,16023151,5,0.6672465534384036,0.716379354147356,0.3344931068768071,0.8974455200104438,-0.186405589730662,1,1,2,1,0.6672465534384036,0.33275344656159644
18,16023151,6,0.716379354147356,0.7523200349294092,0.43275870829471197,0.8974455200104438,-0.186405589730662,1,1,2,1,0.716379354147356,0.283620645852644
18,16023151,7,0.7523200349294092,0.7796118558679127,0.5046400698588185,0.8974455200104438,-0.186405589730662,1,1,2,1,0.7523200349294092,0.24767996507059076
18,16023151,8,0.7796118558679127,0.8009299513715001,0.5592237117358254,0.8974455200104438,-0.186405589730662,1,1,2,1,0.7796118558679127,0.2203881441320873
18,16023151,9,0.8009299513715001,0.6940153781733586,0.6018599027430003,0.8974455200104438,-0.186405589730662,0,1,2,1,0.8009299513715001,0.19907004862849986
18,16023151,10,0.6940153781733586,0.7255311469117658,0.38803075634671713,0.8974455200104438,-0.186405589730662,1,1,2,1,0.6940153781733586,0.30598462182664143
18,16023151,11,0.7255311469117658,0.6376796910658931,0.4510622938235316,0.8974455200104438,-0.186405589730662,0,1,2,1,0.7255311469117658,0.2744688530882342
18,16023151,12,0.6376796910658931,0.674435036199961,0.2753593821317861,0.8974455200104438,-0.186405589730662,1,1,2,1,0.6376796910658931,0.36232030893410694
18,16023151,13,0.674435036199961,0.7053876369653841,0.34887007239992207,0.8974455200104438,-0.186405589730662,1,1,2,1,0.674435036199961,0.32556496380003896
18,16023151,14,0.7053876369653841,0.6275802341193061,0.4107752739307682,0.8974455200104438,-0.186405589730662,0,1,2,1,0.7053876369653841,0.2946123630346159
18,16023151,15,0.6275802341193061,0.6628146841174871,0.25516046823861216,0.8974455200104438,-0.186405589730662,1,1,2,1,0.6275802341193061,0.3724197658806939
18,16023151,16,0.6628146841174871,0.6931198508936643,0.32562936823497424,0.8974455200104438,-0.186405589730662,1,1,2,1,0.6628146841174871,0.3371853158825129
18,16023151,17,0.6931198508936643,0.71931903364897,0.3862397017873287,0.8974455200104438,-0.186405589730662,1,1,2,1,0.6931198508936643,0.30688014910633565
18,16023151,18,0.71931903364897,0.6455470772754073,0.43863806729793997,0.8974455200104438,-0.186405589730662,0,1,2,1,0.71931903364897,0.28068096635103
18,16023151,19,0.6455470772754073,0.5812413826092715,0.29109415455081455,0.8974455200104438,-0.186405589730662,0,1,2,1,0.6455470772754073,0.3544529227245927
18,16023151,20,0.5812413826092715,0.5249994538659336,0.162482765218543,0.8974455200104438,-0.186405589730662,0,1,2,1,0.5812413826092715,0.4187586173907285
18,16023151,21,0.5249994538659336,0.47566603742802943,0.049998907731867215,0.8974455200104438,-0.186405589730662,0,1,2,1,0.5249994538659336,0.4750005461340664
18,16023151,22,0.47566603742802943,0.5244567963503647,0.04866792514394114,0.8974455200104438,-0.186405589730662,1,1,2,1,0.47566603742802943,0.5243339625719705
18,16023151,23,0.5244567963503647,0.5674611133233591,0.04891359270072937,0.8974455200104438,-0.186405589730662,1,1,2,1,0.5244567963503647,0.4755432036496353
18,16023151,24,0.5674611133233591,0.6054406585724569,0.13492222664671827,0.8974455200104438,-0.186405589730662,1,1,2,1,0.5674611133233591,0.43253888667664087
18,16023151,25,0.6054406585724569,0.6390414681199529,0.21088131714491376,0.8974455200104438,-0.186405589730662,1,1,2,1,0.6054406585724569,0.3945593414275431
18,16023151,26,0.6390414681199529,0.5792552187693549,0.27808293623990576,0.8974455200104438,-0.186405589730662,0,1,2,1,0.6390414681199529,0.3609585318800471
18,16023151,27,0.5792552187693549,0.6152873273592511,0.15851043753870986,0.8974455200104438,-0.186405589730662,1,1,2,1,0.5792552187693549,0.42074478123064507
18,16023151,28,0.6152873273592511,0.6472977577044172,0.23057465471850214,0.8974455200104438,-0.186405589730662,1,1,2,1,0.6152873273592511,0.38471267264074893
18,16023151,29,0.6472977577044172,0.6757662345472237,0.29459551540883444,0.8974455200104438,-0.186405589730662,1,1,2,1,0.6472977577044172,0.3527022422955828
18,16023151,30,0.6757662345472237,0.7011090992851754,0.35153246909444746,0.8974455200104438,-0.186405589730662,1,1,2,1,0.6757662345472237,0.32423376545277627
18,16023151,31,0.7011090992851754,0.7236888914015726,0.4022181985703508,0.8974455200104438,-0.186405589730662,1,1,2,1,0.7011090992851754,0.2988909007148246
18,16023151,32,0.7236888914015726,0.656449444937836,0.4473777828031451,0.8974455200104438,-0.186405589730662,0,1,2,1,0.7236888914015726,0.27631110859842745
18,16023151,33,0.656449444937836,0.6835883584751465,0.31289888987567194,0.8974455200104438,-0.186405589730662,1,1,2,1,0.656449444937836,0.34355055506216403
18,16023151,34,0.6835883584751465,0.7078181177409557,0.3671767169502931,0.8974455200104438,-0.186405589730662,1,1,2,1,0.6835883584751465,0.31641164152485346
18,16023151,35,0.7078181177409557,0.7294623212937487,0.4156362354819114,0.8974455200104438,-0.186405589730662,1,1,2,1,0.7078181177409557,0.2921818822590443
18,16023151,36,0.7294623212937487,0.7488062557892119,0.4589246425874973,0.8974455200104438,-0.186405589730662,1,1,2,1,0.7294623212937487,0.27053767870625134
18,16023151,37,0.7488062557892119,0.6796934582935291,0.4976125115784238,0.8974455200104438,-0.186405589730662,0,1,2,1,0.7488062557892119,0.2511937442107881
18,16023151,38,0.6796934582935291,0.6178749777796116,0.35938691658705824,0.8974455200104438,-0.186405589730662,0,1,2,1,0.6796934582935291,0.3203065417064709
18,16023151,39,0.6178749777796116,0.5625617805936965,0.2357499555592233,0.8974455200104438,-0.186405589730662,0,1,2,1,0.6178749777796116,0.38212502222038836
18,16023151,40,0.5625617805936965,0.5130539459117592,0.1251235611873931,0.8974455200104438,-0.186405589730662,0,1,2,1,0.5625617805936965,0.43743821940630345
18,16023151,41,0.5130539459117592,0.46872986968468805,0.02610789182351847,0.8974455200104438,-0.186405589730662,0,1,2,1,0.5130539459117592,0.48694605408824077
18,16023151,42,0.46872986968468805,0.4290369160372317,0.0625402606306239,0.8974455200104438,-0.186405589730662,0,1,2,1,0.46872986968468805,0.531270130315312
18,16023151,43,0.4290369160372317,0.39348329637360646,0.14192616792553658,0.8974455200104438,-0.186405589730662,0,1,2,1,0.4290369160372317,0.5709630839627683
18,16023151,44,0.39348329637360646,0.4473393812974913,0.21303340725278708,0.8974455200104438,-0.186405589730662,1,1,2,1,0.39348329637360646,0.6065167036263935
18,16023151,45,0.4473393812974913,0.4955973863163777,0.10532123740501742,0.8974455200104438,-0.186405589730662,1,1,2,1,0.4473393812974913,0.5526606187025087
18,16023151,46,0.4955973863163777,0.5388461270172212,0.00880522736724465,0.8974455200104438,-0.186405589730662,1,1,2,1,0.4955973863163777,0.5044026136836224
18,16023151,47,0.5388461270172212,0.5776111342188117,0.07769225403444247,0.8974455200104438,-0.186405589730662,1,1,2,1,0.5388461270172212,0.46115387298277877
18,16023151,48,0.5776111342188117,0.6123617186406103,0.15522226843762343,0.8974455200104438,-0.186405589730662,1,1,2,1,0.5776111342188117,0.4223888657811883
18,16023151,49,0.6123617186406103,0.6435171963443966,0.22472343728122057,0.8974455200104438,-0.186405589730662,1,1,2,1,0.6123617186406103,0.3876382813593897
18,16023151,50,0.6435171963443966,0.5860357278200142,0.28703439268879327,0.8974455200104438,-0.186405589730662,0,1,2,1,0.6435171963443966,0.35648280365560336
18,16023151,51,0.5860357278200142,0.5344908783304315,0.17207145564002846,0.8974455200104438,-0.186405589730662,0,1,2,1,0.5860357278200142,0.41396427217998577
18,16023151,52,0.5344908783304315,0.5736204859086762,0.06898175666086304,0.8974455200104438,-0.186405589730662,1,1,2,1,0.5344908783304315,0.4655091216695685
18,16023151,53,0.5736204859086762,0.6087143635195585,0.1472409718173524,0.8974455200104438,-0.186405589730662,1,1,2,1,0.5736204859086762,0.4263795140913238
18,16023151,54,0.6087143635195585,0.5548857939845672,0.2174287270391171,0.8974455200104438,-0.186405589730662,0,1,2,1,0.6087143635195585,0.39128563648044146
18,16023151,55,0.5548857939845672,0.5918868043233877,0.10977158796913433,0.8974455200104438,-0.186405589730662,1,1,2,1,0.5548857939845672,0.44511420601543283
18,16023151,56,0.5918868043233877,0.5398125854071849,0.1837736086467754,0.8974455200104438,-0.186405589730662,0,1,2,1,0.5918868043233877,0.4081131956766123
18,16023151,57,0.5398125854071849,0.5783465364982971,0.07962517081436982,0.8974455200104438,-0.186405589730662,1,1,2,1,0.5398125854071849,0.4601874145928151
18,16023151,58,0.5783465364982971,0.6129155941263074,0.1566930729965943,0.8974455200104438,-0.186405589730662,1,1,2,1,0.5783465364982971,0.42165346350170285
18,16023151,59,0.6129155941263074,0.6439289237122288,0.22583118825261472,0.8974455200104438,-0.186405589730662,1,1,2,1,0.6129155941263074,0.38708440587369264
18,16023151,60,0.6439289237122288,0.6717532315711915,0.2878578474244575,0.8974455200104438,-0.186405589730662,1,1,2,1,0.6439289237122288,0.35607107628777124
18,16023151,61,0.6717532315711915,0.6115213232170205,0.343506463142383,0.8974455200104438,-0.186405589730662,0,1,2,1,0.6717532315711915,0.3282467684288085
18,16023151,62,0.6115213232170205,0.5574797059893171,0.22304264643404093,0.8974455200104438,-0.186405589730662,0,1,2,1,0.6115213232170205,0.38847867678297954
18,16023151,63,0.5574797059893171,0.5941681268817112,0.11495941197863413,0.8974455200104438,-0.186405589730662,1,1,2,1,0.5574797059893171,0.44252029401068294
18,16023151,64,0.5941681268817112,0.6270874921669864,0.18833625376342233,0.8974455200104438,-0.186405589730662,1,1,2,1,0.5941681268817112,0.40583187311828883
18,16023151,65,0.6270874921669864,0.5714635061556654,0.2541749843339729,0.8974455200104438,-0.186405589730662,0,1,2,1,0.6270874921669864,0.37291250783301355
18,16023151,66,0.5714635061556654,0.6067076344108863,0.14292701231133087,0.8974455200104438,-0.186405589730662,1,1,2,1,0.5714635061556654,0.42853649384433457
18,16023151,67,0.6067076344108863,0.6383328115155699,0.21341526882177253,0.8974455200104438,-0.186405589730662,1,1,2,1,0.6067076344108863,0.39329236558911373
18,16023151,68,0.6383328115155699,0.666711055060218,0.27666562303113973,0.8974455200104438,-0.186405589730662,1,1,2,1,0.6383328115155699,0.36166718848443014
18,16023151,69,0.666711055060218,0.6070358756852737,0.333422110120436,0.8974455200104438,-0.186405589730662,0,1,2,1,0.666711055060218,0.333288944939782
18,16023151,70,0.6070358756852737,0.6386222055793032,0.21407175137054746,0.8974455200104438,-0.186405589730662,1,1,2,1,0.6070358756852737,0.39296412431472627
18,16023151,71,0.6386222055793032,0.5818342815055703,0.2772444111586063,0.8974455200104438,-0.186405589730662,0,1,2,1,0.6386222055793032,0.36137779442069684
18,16023151,72,0.5818342815055703,0.6160034150543978,0.16366856301114052,0.8974455200104438,-0.186405589730662,1,1,2,1,0.5818342815055703,0.41816571849442974
18,16023151,73,0.6160034150543978,0.6466660681840336,0.23200683010879564,0.8974455200104438,-0.186405589730662,1,1,2,1,0.6160034150543978,0.3839965849456022
18,16023151,74,0.6466660681840336,0.6741822905588096,0.2933321363680672,0.8974455200104438,-0.186405589730662,1,1,2,1,0.6466660681840336,0.3533339318159664
18,16023151,75,0.6741822905588096,0.6988751206086942,0.34836458111761925,0.8974455200104438,-0.186405589730662,1,1,2,1,0.6741822905588096,0.3258177094411904
18,16023151,76,0.6988751206086942,0.7210343980498446,0.39775024121738833,0.8974455200104438,-0.186405589730662,1,1,2,1,0.6988751206086942,0.30112487939130583
18,16023151,77,0.7210343980498446,0.6558034184655538,0.4420687960996892,0.8974455200104438,-0.186405589730662,0,1,2,1,0.7210343980498446,0.2789656019501554
18,16023151,78,0.6558034184655538,0.6823797239467977,0.3116068369311076,0.8974455200104438,-0.186405589730662,1,1,2,1,0.6558034184655538,0.3441965815344462
18,16023151,79,0.6823797239467977,0.6211161289493967,0.3647594478935954,0.8974455200104438,-0.186405589730662,0,1,2,1,0.6823797239467977,0.3176202760532023
18,16023151,80,0.6211161289493967,0.6512493577457494,0.24223225789879343,0.8974455200104438,-0.186405589730662,1,1,2,1,0.6211161289493967,0.3788838710506033
18,16023151,81,0.6512493577457494,0.6782914420032756,0.30249871549149887,0.8974455200104438,-0.186405589730662,1,1,2,1,0.6512493577457494,0.34875064225425056
18,16023151,82,0.6782914420032756,0.6174499004313073,0.35658288400655125,0.8974455200104438,-0.186405589730662,0,1,2,1,0.6782914420032756,0.3217085579967244
18,16023151,83,0.6174499004313073,0.6479579502444286,0.23489980086261464,0.8974455200104438,-0.186405589730662,1,1,2,1,0.6174499004313073,0.3825500995686927
18,16023151,84,0.6479579502444286,0.6753366431120083,0.2959159004888572,0.8974455200104438,-0.186405589730662,1,1,2,1,0.6479579502444286,0.3520420497555714
18,16023151,85,0.6753366431120083,0.6999070292247295,0.3506732862240165,0.8974455200104438,-0.186405589730662,1,1,2,1,0.6753366431120083,0.32466335688799175
18,16023151,86,0.6999070292247295,0.6368510314663256,0.39981405844945894,0.8974455200104438,-0.186405589730662,0,1,2,1,0.6999070292247295,0.30009297077527053
18,16023151,87,0.6368510314663256,0.5802626346372198,0.2737020629326512,0.8974455200104438,-0.186405589730662,0,1,2,1,0.6368510314663256,0.3631489685336744
18,16023151,88,0.5802626346372198,0.614583306170581,0.16052526927443966,0.8974455200104438,-0.186405589730662,1,1,2,1,0.5802626346372198,0.41973736536278017
18,16023151,89,0.614583306170581,0.5602794345616882,0.22916661234116198,0.8974455200104438,-0.186405589730662,0,1,2,1,0.614583306170581,0.385416693829419
18,16023151,90,0.5602794345616882,0.5966491672270686,0.12055886912337632,0.8974455200104438,-0.186405589730662,1,1,2,1,0.5602794345616882,0.43972056543831184
18,16023151,91,0.5966491672270686,0.5441851790284077,0.19329833445413724,0.8974455200104438,-0.186405589730662,0,1,2,1,0.5966491672270686,0.4033508327729314
18,16023151,92,0.5441851790284077,0.5822051683635154,0.08837035805681537,0.8974455200104438,-0.186405589730662,1,1,2,1,0.5441851790284077,0.4558148209715923
18,16023151,93,0.5822051683635154,0.6163257458080136,0.16441033672703087,0.8974455200104438,-0.186405589730662,1,1,2,1,0.5822051683635154,0.41779483163648456
18,16023151,94,0.6163257458080136,0.646946870277091,0.23265149161602716,0.8974455200104438,-0.186405589730662,1,1,2,1,0.6163257458080136,0.3836742541919864
18,16023151,95,0.646946870277091,0.6744274720622481,0.29389374055418194,0.8974455200104438,-0.186405589730662,1,1,2,1,0.646946870277091,0.35305312972290903
18,16023151,96,0.6744274720622481,0.6990896626499715,0.34885494412449614,0.8974455200104438,-0.186405589730662,1,1,2,1,0.6744274720622481,0.32557252793775193
18,16023151,97,0.6990896626499715,0.7212225123863067,0.39817932529994304,0.8974455200104438,-0.186405589730662,1,1,2,1,0.6990896626499715,0.3009103373500285
18,16023151,98,0.7212225123863067,0.741085440388089,0.4424450247726135,0.8974455200104438,-0.186405589730662,1,1,2,1,0.7212225123863067,0.27877748761369325
18,16023151,99,0.741085440388089,0.6738099263157493,0.482170880776178,0.8974455200104438,-0.186405589730662,0,1,2,1,0.741085440388089,0.258914559611911
18,16023151,100,0.6738099263157493,0.6134340595760426,0.34761985263149864,0.8974455200104438,-0.186405589730662,0,1,2,1,0.6738099263157493,0.3261900736842507
18,16023151,101,0.6134340595760426,0.6443512274697646,0.22686811915208516,0.8974455200104438,-0.186405589730662,1,1,2,1,0.6134340595760426,0.3865659404239574
18,16023151,102,0.6443512274697646,0.5869967175174428,0.2887024549395292,0.8974455200104438,-0.186405589730662,0,1,2,1,0.6443512274697646,0.3556487725302354
18,16023151,103,0.5869967175174428,0.6206250962246699,0.1739934350348855,0.8974455200104438,-0.186405589730662,1,1,2,1,0.5869967175174428,0.41300328248255724
18,16023151,104,0.6206250962246699,0.5657039826124031,0.24125019244933976,0.8974455200104438,-0.186405589730662,0,1,2,1,0.6206250962246699,0.3793749037753301
18,16023151,105,0.5657039826124031,0.6015159693035657,0.13140796522480613,0.8974455200104438,-0.186405589730662,1,1,2,1,0.5657039826124031,0.43429601738759693
18,16023151,106,0.6015159693035657,0.6336552090277067,0.2030319386071313,0.8974455200104438,-0.186405589730662,1,1,2,1,0.6015159693035657,0.39848403069643434
18,16023151,107,0.6336552090277067,0.5773979523877047,0.26731041805541333,0.8974455200104438,-0.186405589730662,0,1,2,1,0.6336552090277067,0.36634479097229333
18,16023151,108,0.5773979523877047,0.5269102145903359,0.1547959047754095,0.8974455200104438,-0.186405589730662,0,1,2,1,0.5773979523877047,0.42260204761229525
18,16023151,109,0.5269102145903359,0.5667005794156006,0.05382042918067187,0.8974455200104438,-0.186405589730662,1,1,2,1,0.5269102145903359,0.47308978540966407
18,16023151,110,0.5667005794156006,0.6024102155655495,0.13340115883120118,0.8974455200104438,-0.186405589730662,1,1,2,1,0.5667005794156006,0.4332994205843994
18,16023151,111,0.6024102155655495,0.5493574428648823,0.20482043113109905,0.8974455200104438,-0.186405589730662,0,1,2,1,0.6024102155655495,0.3975897844344505
18,16023151,112,0.5493574428648823,0.5868456643544246,0.09871488572976461,0.8974455200104438,-0.186405589730662,1,1,2,1,0.5493574428648823,0.4506425571351177
18,16023151,113,0.5868456643544246,0.6204892677539682,0.1736913287088493,0.8974455200104438,-0.186405589730662,1,1,2,1,0.5868456643544246,0.41315433564557535
18,16023151,114,0.6204892677539682,0.6506825422997708,0.24097853550793635,0.8974455200104438,-0.186405589730662,1,1,2,1,0.6204892677539682,0.3795107322460318
18,16023151,115,0.6506825422997708,0.5926793040645201,0.3013650845995417,0.8974455200104438,-0.186405589730662,0,1,2,1,0.6506825422997708,0.34931745770022915
18,16023151,116,0.5926793040645201,0.6257246019261016,0.18535860812904015,0.8974455200104438,-0.186405589730662,1,1,2,1,0.5926793040645201,0.4073206959354799
18,16023151,117,0.6257246019261016,0.5702809559728049,0.25144920385220315,0.8974455200104438,-0.186405589730662,0,1,2,1,0.6257246019261016,0.3742753980738984
18,16023151,118,0.5702809559728049,0.6056232913230021,0.14056191194560985,0.8974455200104438,-0.186405589730662,1,1,2,1,0.5702809559728049,0.4297190440271951
18,16023151,119,0.6056232913230021,0.6373410955811916,0.21124658264600416,0.8974455200104438,-0.186405589730662,1,1,2,1,0.6056232913230021,0.3943767086769979
18,16023151,120,0.6373410955811916,0.6658060838144525,0.2746821911623831,0.8974455200104438,-0.186405589730662,1,1,2,1,0.6373410955811916,0.36265890441880844
18,16023151,121,0.6658060838144525,0.6062519466425356,0.331612167628905,0.8974455200104438,-0.186405589730662,0,1,2,1,0.6658060838144525,0.3341939161855475
18,16023151,122,0.6062519466425356,0.5528053728543074,0.21250389328507113,0.8974455200104438,-0.186405589730662,0,1,2,1,0.6062519466425356,0.39374805335746443
18,16023151,123,0.5528053728543074,0.5048400006071502,0.10561074570861484,0.8974455200104438,-0.186405589730662,0,1,2,1,0.5528053728543074,0.4471946271456926
18,16023151,124,0.5048400006071502,0.46179370502181005,0.009680001214300349,0.8974455200104438,-0.186405589730662,0,1,2,1,0.5048400006071502,0.4951599993928498
18,16023151,125,0.46179370502181005,0.4231620102480179,0.0764125899563799,0.8974455200104438,-0.186405589730662,0,1,2,1,0.46179370502181005,0.53820629497819
18,16023151,126,0.4231620102480179,0.4735920191677734,0.15367597950396417,0.8974455200104438,-0.186405589730662,1,1,2,1,0.4231620102480179,0.5768379897519821
18,16023151,127,0.4735920191677734,0.5188501949788665,0.05281596166445324,0.8974455200104438,-0.186405589730662,1,1,2,1,0.4735920191677734,0.5264079808322266
18,16023151,128,0.5188501949788665,0.5594669342371268,0.03770038995773306,0.8974455200104438,-0.186405589730662,1,1,2,1,0.5188501949788665,0.48114980502113347
18,16023151,129,0.5594669342371268,0.5959182385855368,0.11893386847425358,0.8974455200104438,-0.186405589730662,1,1,2,1,0.5594669342371268,0.4405330657628732
18,16023151,130,0.5959182385855368,0.6286312932682074,0.19183647717107366,0.8974455200104438,-0.186405589730662,1,1,2,1,0.5959182385855368,0.40408176141446317
18,16023151,131,0.6286312932682074,0.6579894735287488,0.25726258653641487,0.8974455200104438,-0.186405589730662,1,1,2,1,0.6286312932682074,0.37136870673179256
18,16023151,132,0.6579894735287488,0.6843368375687787,0.31597894705749763,0.8974455200104438,-0.186405589730662,1,1,2,1,0.6579894735287488,0.3420105264712512
18,16023151,133,0.6843368375687787,0.7079821587243221,0.36867367513755744,0.8974455200104438,-0.186405589730662,1,1,2,1,0.6843368375687787,0.3156631624312213
18,16023151,134,0.7079821587243221,0.72920254411714025,0.41596431744864426,0.8974455200104438,-0.186405589730662,1,1,2,1,0.7079821587243221,0.29201784127567787
18,16023151,135,0.72920254411714025,0.7482466821912598,0.4584050882342805,0.8974455200104438,-0.186405589730662,1,1,2,1,0.72920254411714025,0.27079745588285975
18,16023151,136,0.7482466821912598,0.7653377571953367,0.49649336438251956,0.8974455200104438,-0.186405589730662,1,1,2,1,0.7482466821912598,0.2517533178087402
18,16023151,137,0.7653377571953367,0.6955762817246218,0.5306755143906734,0.8974455200104438,-0.186405589730662,0,1,2,1,0.7653377571953367,0.2346622428046633
18,16023151,138,0.6955762817246218,0.6329691622039253,0.39115256344924365,0.8974455200104438,-0.186405589730662,0,1,2,1,0.6955762817246218,0.3044237182753782
18,16023151,139,0.6329691622039253,0.6618824646093168,0.2659383244078506,0.8974455200104438,-0.186405589730662,1,1,2,1,0.6329691622039253,0.3670308377960747
18,16023151,140,0.6618824646093168,0.6878305769498486,0.32376492921863353,0.8974455200104438,-0.186405589730662,1,1,2,1,0.6618824646093168,0.33811753539068323
18,16023151,141,0.6878305769498486,0.6260178190255922,0.37566115389969723,0.8974455200104438,-0.186405589730662,0,1,2,1,0.6878305769498486,0.3121694230501514
18,16023151,142,0.6260178190255922,0.6556440109872905,0.25203563805118434,0.8974455200104438,-0.186405589730662,1,1,2,1,0.6260178190255922,0.37398218097440783
18,16023151,143,0.6556440109872905,0.5971321324822841,0.31128802197458105,0.8974455200104438,-0.186405589730662,0,1,2,1,0.6556440109872905,0.3443559890127095
18,16023151,144,0.5971321324822841,0.6297206804110148,0.19426426496456828,0.8974455200104438,-0.186405589730662,1,1,2,1,0.5971321324822841,0.40286786751771586
18,16023151,145,0.6297206804110148,0.6589671258531221,0.2594413608220296,0.8974455200104438,-0.186405589730662,1,1,2,1,0.6297206804110148,0.3702793195889852
18,16023151,146,0.6589671258531221,0.6001144495575258,0.31793425170624423,0.8974455200104438,-0.186405589730662,0,1,2,1,0.6589671258531221,0.3410328741468779
18,16023151,147,0.6001144495575258,0.6323971461957837,0.2002288991150516,0.8974455200104438,-0.186405589730662,1,1,2,1,0.6001144495575258,0.3998855504424742
18,16023151,148,0.6323971461957837,0.6613691070230936,0.2647942923915674,0.8974455200104438,-0.186405589730662,1,1,2,1,0.6323971461957837,0.3676028538042163
18,16023151,149,0.6613691070230936,0.6873698629543541,0.3227382140461872,0.8974455200104438,-0.186405589730662,1,1,2,1,0.6613691070230936,0.3386308929769064
18,16023151,150,0.6873698629543541,0.7107041244636396,0.3747397259087082,0.8974455200104438,-0.186405589730662,1,1,2,1,0.6873698629543541,0.3126301370456459
18,16023151,151,0.7107041244636396,0.7316453525811515,0.42140824892727924,0.8974455200104438,-0.186405589730662,1,1,2,1,0.7107041244636396,0.2892958755363604
18,16023151,152,0.7316453525811515,0.7504389636675091,0.463290705162303,0.8974455200104438,-0.186405589730662,1,1,2,1,0.7316453525811515,0.2683546474188485
18,16023151,153,0.7504389636675091,0.7673052055233363,0.5008779273350181,0.8974455200104438,-0.186405589730662,1,1,2,1,0.7504389636675091,0.24956103633249094
18,16023151,154,0.7673052055233363,0.6973419771668331,0.5346104110466725,0.8974455200104438,-0.186405589730662,0,1,2,1,0.7673052055233363,0.23269479447666375
18,16023151,155,0.6973419771668331,0.7196535529214138,0.3946839543336662,0.8974455200104438,-0.186405589730662,1,1,2,1,0.6973419771668331,0.3026580228331669
18,16023151,156,0.7196535529214138,0.654577215862454,0.4393071058428275,0.8974455200104438,-0.186405589730662,0,1,2,1,0.7196535529214138,0.28034644707858625
18,16023151,157,0.654577215862454,0.596174749200864,0.309154431724908,0.8974455200104438,-0.186405589730662,0,1,2,1,0.654577215862454,0.345422784137546
18,16023151,158,0.596174749200864,0.543761717533045,0.192349498401728,0.8974455200104438,-0.186405589730662,0,1,2,1,0.596174749200864,0.403825250799136
18,16023151,159,0.543761717533045,0.5818236370537223,0.08752343506609006,0.8974455200104438,-0.186405589730662,1,1,2,1,0.543761717533045,0.45623828246695497
18,16023151,160,0.5818236370537223,0.6159821360031204,0.16364727410744462,0.8974455200104438,-0.186405589730662,1,1,2,1,0.5818236370537223,0.4181763629462777
18,16023151,161,0.6159821360031204,0.6466375276884718,0.2319642720062407,0.8974455200104438,-0.186405589730662,1,1,2,1,0.6159821360031204,0.38401786399687965
18,16023151,162,0.6466375276884718,0.5890493124838982,0.29327505537694365,0.8974455200104438,-0.186405589730662,0,1,2,1,0.6466375276884718,0.3533624723115282
18,16023151,163,0.5890493124838982,0.6224667857955364,0.1780986249677965,0.8974455200104438,-0.186405589730662,1,1,2,1,0.5890493124838982,0.41095068751610175
18,16023151,164,0.6224667857955364,0.6524571473909965,0.24493357159107276,0.8974455200104438,-0.186405589730662,1,1,2,1,0.6224667857955364,0.3775332142044636
18,16023151,165,0.6524571473909965,0.6793718629531857,0.30491429478199295,0.8974455200104438,-0.186405589730662,1,1,2,1,0.6524571473909965,0.3475428526090035
18,16023151,166,0.6793718629531857,0.7035263537801937,0.3587437259063715,0.8974455200104438,-0.186405589730662,1,1,2,1,0.6793718629531857,0.32062813704681425
18,16023151,167,0.7035263537801937,0.6401039350169265,0.40705270756038736,0.8974455200104438,-0.186405589730662,0,1,2,1,0.7035263537801937,0.2964736462198063
18,16023151,168,0.6401039350169265,0.583185769575049,0.28020787003385306,0.8974455200104438,-0.186405589730662,0,1,2,1,0.6401039350169265,0.35989606498307347
18,16023151,169,0.583185769575049,0.6172045751963863,0.16637153915009795,0.8974455200104438,-0.186405589730662,1,1,2,1,0.583185769575049,0.416814230424951
18,16023151,170,0.6172045751963863,0.5626348418301432,0.23440915039277255,0.8974455200104438,-0.186405589730662,0,1,2,1,0.6172045751963863,0.3827954248036137
18,16023151,171,0.5626348418301432,0.5136614791828974,0.12526968366028646,0.8974455200104438,-0.186405589730662,0,1,2,1,0.5626348418301432,0.43736515816985677
18,16023151,172,0.5136614791828974,0.5548103122114584,0.02732295836579479,0.8974455200104438,-0.186405589730662,1,1,2,1,0.5136614791828974,0.4863385208171026
18,16023151,173,0.5548103122114584,0.5917391480116633,0.10962062442291676,0.8974455200104438,-0.186405589730662,1,1,2,1,0.5548103122114584,0.4451896877885416
18,16023151,174,0.5917391480116633,0.6248807662155137,0.18347829602332655,0.8974455200104438,-0.186405589730662,1,1,2,1,0.5917391480116633,0.4082608519883367
18,16023151,175,0.6248807662155137,0.6546235629628204,0.2497615324310274,0.8974455200104438,-0.186405589730662,1,1,2,1,0.6248807662155137,0.3751192337844863
18,16023151,176,0.6546235629628204,0.6813161026275713,0.30924712592564085,0.8974455200104438,-0.186405589730662,1,1,2,1,0.6546235629628204,0.3453764370371796
18,16023151,177,0.6813161026275713,0.620171445124914,0.3626322052551425,0.8974455200104438,-0.186405589730662,0,1,2,1,0.6813161026275713,0.31868389737242875
18,16023151,178,0.620171445124914,0.5652974462241024,0.2403428902498279,0.8974455200104438,-0.186405589730662,0,1,2,1,0.620171445124914,0.37982855487508604
18,16023151,179,0.5652974462241024,0.6011507793370192,0.13059489244820477,0.8974455200104438,-0.186405589730662,1,1,2,1,0.5652974462241024,0.4347025537758976
18,16023151,180,0.6011507793370192,0.6333271924942057,0.20230155867403843,0.8974455200104438,-0.186405589730662,1,1,2,1,0.6011507793370192,0.3988492206629808
18,16023151,181,0.6333271924942057,0.5771040128140874,0.2666543849884113,0.8974455200104438,-0.186405589730662,0,1,2,1,0.6333271924942057,0.36667280750579434
18,16023151,182,0.5771040128140874,0.6117465295951219,0.15420802562817482,0.8974455200104438,-0.186405589730662,1,1,2,1,0.5771040128140874,0.4228959871859126
18,16023151,183,0.6117465295951219,0.5577365436094123,0.22349305919024376,0.8974455200104438,-0.186405589730662,0,1,2,1,0.6117465295951219,0.3882534704048781
18,16023151,184,0.5577365436094123,0.5943652811114915,0.11547308721882454,0.8974455200104438,-0.186405589730662,1,1,2,1,0.5577365436094123,0.44226345639058773
18,16023151,185,0.5943652811114915,0.5421378200505164,0.1887305622229829,0.8974455200104438,-0.186405589730662,0,1,2,1,0.5943652811114915,0.40563471888850855
18,16023151,186,0.5421378200505164,0.5803662765247439,0.08427564010103272,0.8974455200104438,-0.186405589730662,1,1,2,1,0.5421378200505164,0.45786217994948364
18,16023151,187,0.5803662765247439,0.6146742335132339,0.16073255304948786,0.8974455200104438,-0.186405589730662,1,1,2,1,0.5803662765247439,0.41963372347525607
18,16023151,188,0.6146742335132339,0.5603639984213656,0.22934846702646783,0.8974455200104438,-0.186405589730662,0,1,2,1,0.6146742335132339,0.3853257664867661
18,16023151,189,0.5603639984213656,0.5967232786325537,0.12072799684273128,0.8974455200104438,-0.186405589730662,1,1,2,1,0.5603639984213656,0.43963600157863436
18,16023151,190,0.5967232786325537,0.6293537517611756,0.1934465572651074,0.8974455200104438,-0.186405589730662,1,1,2,1,0.5967232786325537,0.4032767213674463
18,16023151,191,0.6293537517611756,0.658637823680066,0.25870750352235117,0.8974455200104438,-0.186405589730662,1,1,2,1,0.6293537517611756,0.3706462482388244
18,16023151,192,0.658637823680066,0.6849186828263343,0.3172756473601319,0.8974455200104438,-0.186405589730662,1,1,2,1,0.658637823680066,0.34136217631993404
18,16023151,193,0.6849186828263343,0.7085043221251484,0.36983736565266856,0.8974455200104438,-0.186405589730662,1,1,2,1,0.6849186828263343,0.3150813171736657
18,16023151,194,0.7085043221251484,0.7296711484472056,0.4170086442502967,0.8974455200104438,-0.186405589730662,1,1,2,1,0.7085043221251484,0.29149567787485164
18,16023151,195,0.7296711484472056,0.6635674645722042,0.4593422968944112,0.8974455200104438,-0.186405589730662,0,1,2,1,0.7296711484472056,0.2703288515527944
18,16023151,196,0.6635674645722042,0.68934276695271,0.32713492914440834,0.8974455200104438,-0.186405589730662,1,1,2,1,0.6635674645722042,0.33643253542779583
18,16023151,197,0.68934276695271,0.7124746965984458,0.37868553390542004,0.8974455200104438,-0.186405589730662,1,1,2,1,0.68934276695271,0.31065723304729
18,16023151,198,0.7124746965984458,0.6481345859116219,0.4249493931968915,0.8974455200104438,-0.186405589730662,0,1,2,1,0.7124746965984458,0.28752530340155424
18,16023151,199,0.6481345859116219,0.6754925991348383,0.29626917182324375,0.8974455200104438,-0.186405589730662,1,1,2,1,0.6481345859116219,0.3518654140883781
18,16023151,200,0.6754925991348383,0.6149451682287298,0.35098519826967656,0.8974455200104438,-0.186405589730662,0,1,2,1,0.6754925991348383,0.3245074008651617
18,16023151,201,0.6149451682287298,0.6457069049226173,0.2298903364574596,0.8974455200104438,-0.186405589730662,1,1,2,1,0.6149451682287298,0.3850548317712702
18,16023151,202,0.6457069049226173,0.6733138877045062,0.2914138098452346,0.8974455200104438,-0.186405589730662,1,1,2,1,0.6457069049226173,0.3542930950773827
18,16023151,203,0.6733138877045062,0.6980896507216833,0.34662777540901235,0.8974455200104438,-0.186405589730662,1,1,2,1,0.6733138877045062,0.3266861122954938
18,16023151,204,0.6980896507216833,0.6352247909473435,0.39617930144336655,0.8974455200104438,-0.186405589730662,0,1,2,1,0.6980896507216833,0.3019103492783167
18,16023151,205,0.6352247909473435,0.6639067614753218,0.27044958189468704,0.8974455200104438,-0.186405589730662,1,1,2,1,0.6352247909473435,0.3647752090526565
18,16023151,206,0.6639067614753218,0.6045475101354216,0.3278135229506436,0.8974455200104438,-0.186405589730662,0,1,2,1,0.6639067614753218,0.3360932385246782
18,16023151,207,0.6045475101354216,0.6363755732439721,0.20909502027084326,0.8974455200104438,-0.186405589730662,1,1,2,1,0.6045475101354216,0.39545248986457837
18,16023151,208,0.6363755732439721,0.5798397685990276,0.2727511464879442,0.8974455200104438,-0.186405589730662,0,1,2,1,0.6363755732439721,0.3636244267560279
18,16023151,209,0.5798397685990276,0.6142017212919135,0.15967953719805528,0.8974455200104438,-0.186405589730662,1,1,2,1,0.5798397685990276,0.42016023140097236
18,16023151,210,0.6142017212919135,0.6450397017941174,0.22840344258382705,0.8974455200104438,-0.186405589730662,1,1,2,1,0.6142017212919135,0.3857982787080865
18,16023151,211,0.6450397017941174,0.5876153519532471,0.2900794035882348,0.8974455200104438,-0.186405589730662,0,1,2,1,0.6450397017941174,0.3549602982058826
18,16023151,212,0.5876153519532471,0.6211798837373608,0.1752307039064942,0.8974455200104438,-0.186405589730662,1,1,2,1,0.5876153519532471,0.4123846480467529
18,16023151,213,0.6211798837373608,0.6513022224176706,0.24235976747472154,0.8974455200104438,-0.186405589730662,1,1,2,1,0.6211798837373608,0.37882011626263923
18,16023151,214,0.6513022224176706,0.5932356230323863,0.3026044448353411,0.8974455200104438,-0.186405589730662,0,1,2,1,0.6513022224176706,0.34869777758232945
18,16023151,215,0.5932356230323863,0.6262237708376988,0.1864712460647726,0.8974455200104438,-0.186405589730662,1,1,2,1,0.5932356230323863,0.4067643769676137
18,16023151,216,0.6262237708376988,0.6558288362985988,0.2524475416753975,0.8974455200104438,-0.186405589730662,1,1,2,1,0.6262237708376988,0.37377622916230124
18,16023151,217,0.6558288362985988,0.6823977696657612,0.31165767259719757,0.8974455200104438,-0.186405589730662,1,1,2,1,0.6558288362985988,0.3441711637014012
18,16023151,218,0.6823977696657612,0.7062419398873047,0.3647955393315223,0.8974455200104438,-0.186405589730662,1,1,2,1,0.6823977696657612,0.31760223033423884
18,16023151,219,0.7062419398873047,0.6425410263476785,0.4124838797746093,0.8974455200104438,-0.186405589730662,0,1,2,1,0.7062419398873047,0.29375806011269534
18,16023151,220,0.6425410263476785,0.5853729268714944,0.285082052695357,0.8974455200104438,-0.186405589730662,0,1,2,1,0.6425410263476785,0.3574589736523215
18,16023151,221,0.5853729268714944,0.6191674293919,0.1707458537429889,0.8974455200104438,-0.186405589730662,1,1,2,1,0.5853729268714944,0.41462707312850555
18,16023151,222,0.6191674293919,0.6494961542795947,0.2383348587837999,0.8974455200104438,-0.186405589730662,1,1,2,1,0.6191674293919,0.38083257060810005
18,16023151,223,0.6494961542795947,0.6767145325575048,0.29899230855918946,0.8974455200104438,-0.186405589730662,1,1,2,1,0.6494961542795947,0.35050384572040527
18,16023151,224,0.6767145325575048,0.7011415442048188,0.3534290651150096,0.8974455200104438,-0.186405589730662,1,1,2,1,0.6767145325575048,0.3232854674424952
18,16023151,225,0.7011415442048188,0.6379636990934534,0.40228308840963756,0.8974455200104438,-0.186405589730662,0,1,2,1,0.7011415442048188,0.2988584557951812
18,16023151,226,0.6379636990934534,0.5812650250346176,0.2759273981869068,0.8974455200104438,-0.186405589730662,0,1,2,1,0.6379636990934534,0.3620363009065466
18,16023151,227,0.5812650250346176,0.615480811291208,0.16253005006923527,0.8974455200104438,-0.186405589730662,1,1,2,1,0.5812650250346176,0.41873497496538237
18,16023151,228,0.615480811291208,0.6461876153807014,0.23096162258241604,0.8974455200104438,-0.186405589730662,1,1,2,1,0.615480811291208,0.384519188708792
18,16023151,229,0.6461876153807014,0.6737452991445596,0.2923752307614027,0.8974455200104438,-0.186405589730662,1,1,2,1,0.6461876153807014,0.35381238461929865
18,16023151,230,0.6737452991445596,0.6133770616996371,0.3474905982891192,0.8974455200104438,-0.186405589730662,0,1,2,1,0.6737452991445596,0.3262547008554404
18,16023151,231,0.6133770616996371,0.5591998574539164,0.22675412339927425,0.8974455200104438,-0.186405589730662,0,1,2,1,0.6133770616996371,0.3866229383003629
18,16023151,232,0.5591998574539164,0.5105787682170259,0.11839971490783285,0.8974455200104438,-0.186405589730662,0,1,2,1,0.5591998574539164,0.4408001425460836
18,16023151,233,0.5105787682170259,0.5520437467837285,0.021157536434051716,0.8974455200104438,-0.186405589730662,1,1,2,1,0.5105787682170259,0.48942123178297414
18,16023151,234,0.5520437467837285,0.5041565487554712,0.10408749356745695,0.8974455200104438,-0.186405589730662,0,1,2,1,0.5520437467837285,0.4479562532162715
18,16023151,235,0.5041565487554712,0.5462801546993621,0.008313097510942447,0.8974455200104438,-0.186405589730662,1,1,2,1,0.5041565487554712,0.4958434512445288
18,16023151,236,0.5462801546993621,0.5840837961403307,0.09256030939872417,0.8974455200104438,-0.186405589730662,1,1,2,1,0.5462801546993621,0.4537198453006379
18,16023151,237,0.5840837961403307,0.5329107475115585,0.16816759228066136,0.8974455200104438,-0.186405589730662,0,1,2,1,0.5840837961403307,0.4159162038596693
18,16023151,238,0.5329107475115585,0.5720854815543988,0.06582149502311707,0.8974455200104438,-0.186405589730662,1,1,2,1,0.5329107475115585,0.46708925248844146
18,16023151,239,0.5720854815543988,0.607242671118705,0.1441709631087975,0.8974455200104438,-0.186405589730662,1,1,2,1,0.5720854815543988,0.42791451844560124
18,16023151,240,0.607242671118705,0.6387943333893162,0.21448534223741,0.8974455200104438,-0.186405589730662,1,1,2,1,0.607242671118705,0.392757328881295
19,16023171,1,0.5,0.3333333333333333,0,1.0487299516159259,-0.72961728852925,0,2,1,1,0.5,0.5
19,16023171,2,0.3333333333333333,0.4939820694145733,0.33333333333333337,1.0487299516159259,-0.72961728852925,1,2,1,1,0.6666666666666667,0.3333333333333333
19,16023171,3,0.4939820694145733,0.5921514576551236,0.012035861170853424,1.0487299516159259,-0.72961728852925,1,2,1,1,0.5060179305854267,0.4939820694145733
19,16023171,4,0.5921514576551236,0.4996140165302182,0.18430291531024712,1.0487299516159259,-0.72961728852925,0,2,1,1,0.40784854234487644,0.5921514576551236
19,16023171,5,0.4996140165302182,0.4330969427240262,7.719669395636064e-4,1.0487299516159259,-0.72961728852925,0,2,1,1,0.5003859834697818,0.4996140165302182
19,16023171,6,0.4330969427240262,0.3830278390290327,0.13380611455194757,1.0487299516159259,-0.72961728852925,0,2,1,1,0.5669030572759738,0.4330969427240262
19,16023171,7,0.3830278390290327,0.4429225464437612,0.2339443219419346,1.0487299516159259,-0.72961728852925,1,2,1,1,0.6169721609709673,0.3830278390290327
19,16023171,8,0.4429225464437612,0.40394361938659884,0.11415490711247755,1.0487299516159259,-0.72961728852925,0,2,1,1,0.5570774535562388,0.4429225464437612
19,16023171,9,0.40394361938659884,0.4491816521180523,0.19211276122680232,1.0487299516159259,-0.72961728852925,1,2,1,1,0.5960563806134012,0.40394361938659884
19,16023171,10,0.4491816521180523,0.48681825995568695,0.10163669576389545,1.0487299516159259,-0.72961728852925,1,2,1,1,0.5508183478819477,0.4491816521180523
19,16023171,11,0.48681825995568695,0.4565255407843027,0.0263634800886261,1.0487299516159259,-0.72961728852925,0,2,1,1,0.513181740044313,0.48681825995568695
19,16023171,12,0.4565255407843027,0.43064087642111465,0.08694891843139463,1.0487299516159259,-0.72961728852925,0,2,1,1,0.5434744592156973,0.4565255407843027
19,16023171,13,0.43064087642111465,0.4082909511360179,0.1387182471577707,1.0487299516159259,-0.72961728852925,0,2,1,1,0.5693591235788853,0.43064087642111465
19,16023171,14,0.4082909511360179,0.3888186365750269,0.18341809772796425,1.0487299516159259,-0.72961728852925,0,2,1,1,0.5917090488639821,0.4082909511360179
19,16023171,15,0.3888186365750269,0.37171998337527645,0.22236272684994618,1.0487299516159259,-0.72961728852925,0,2,1,1,0.6111813634249731,0.3888186365750269
19,16023171,16,0.37171998337527645,0.35660203613035746,0.2565600332494471,1.0487299516159259,-0.72961728852925,0,2,1,1,0.6282800166247235,0.37171998337527645
19,16023171,17,0.35660203613035746,0.37944362835235723,0.2867959277392851,1.0487299516159259,-0.72961728852925,1,2,1,1,0.6433979638696425,0.35660203613035746
19,16023171,18,0.37944362835235723,0.36631692635947455,0.24111274329528554,1.0487299516159259,-0.72961728852925,0,2,1,1,0.6205563716476428,0.37944362835235723
19,16023171,19,0.36631692635947455,0.35451991294709184,0.2673661472810509,1.0487299516159259,-0.72961728852925,0,2,1,1,0.6336830736405255,0.36631692635947455
19,16023171,20,0.35451991294709184,0.3727521447244492,0.2909601741058163,1.0487299516159259,-0.72961728852925,1,2,1,1,0.6454800870529082,0.35451991294709184
19,16023171,21,0.3727521447244492,0.3892734209012272,0.25449571055110165,1.0487299516159259,-0.72961728852925,1,2,1,1,0.6272478552755508,0.3727521447244492
19,16023171,22,0.3892734209012272,0.3792546355288458,0.22145315819754563,1.0487299516159259,-0.72961728852925,0,2,1,1,0.6107265790987728,0.3892734209012272
19,16023171,23,0.3792546355288458,0.37011429724117273,0.24149072894230839,1.0487299516159259,-0.72961728852925,0,2,1,1,0.6207453644711542,0.3792546355288458
19,16023171,24,0.37011429724117273,0.36175079588321174,0.25977140551765454,1.0487299516159259,-0.72961728852925,0,2,1,1,0.6298857027588273,0.37011429724117273
19,16023171,25,0.36175079588321174,0.3540774665232317,0.2764984082335765,1.0487299516159259,-0.72961728852925,0,2,1,1,0.6382492041167882,0.36175079588321174
19,16023171,26,0.3540774665232317,0.3661824344763561,0.2918450669535366,1.0487299516159259,-0.72961728852925,1,2,1,1,0.6459225334767683,0.3540774665232317
19,16023171,27,0.3661824344763561,0.37734128616201534,0.26763513104728776,1.0487299516159259,-0.72961728852925,1,2,1,1,0.6338175655236439,0.3661824344763561
19,16023171,28,0.37734128616201534,0.3707702547575688,0.2453174276759693,1.0487299516159259,-0.72961728852925,0,2,1,1,0.6226587138379847,0.37734128616201534
19,16023171,29,0.3707702547575688,0.3646883519182203,0.2584594904848624,1.0487299516159259,-0.72961728852925,0,2,1,1,0.6292297452424311,0.3707702547575688
19,16023171,30,0.3646883519182203,0.3739726938926685,0.2706232961635594,1.0487299516159259,-0.72961728852925,1,2,1,1,0.6353116480817798,0.3646883519182203
19,16023171,31,0.3739726938926685,0.3825956437400747,0.25205461221466297,1.0487299516159259,-0.72961728852925,1,2,1,1,0.6260273061073315,0.3739726938926685
19,16023171,32,0.3825956437400747,0.37737982222333866,0.23480871251985058,1.0487299516159259,-0.72961728852925,0,2,1,1,0.6174043562599253,0.3825956437400747
19,16023171,33,0.37737982222333866,0.3725211230759612,0.2452403555533227,1.0487299516159259,-0.72961728852925,0,2,1,1,0.6226201777766613,0.37737982222333866
19,16023171,34,0.3725211230759612,0.37976235413373516,0.2549577538480776,1.0487299516159259,-0.72961728852925,1,2,1,1,0.6274788769240388,0.3725211230759612
19,16023171,35,0.37976235413373516,0.3754115744569922,0.24047529173252968,1.0487299516159259,-0.72961728852925,0,2,1,1,0.6202376458662648,0.37976235413373516
19,16023171,36,0.3754115744569922,0.3713434785553818,0.24917685108601562,1.0487299516159259,-0.72961728852925,0,2,1,1,0.6245884255430079,0.3754115744569922
19,16023171,37,0.3713434785553818,0.3774550567077534,0.2573130428892364,1.0487299516159259,-0.72961728852925,1,2,1,1,0.6286565214446183,0.3713434785553818
19,16023171,38,0.3774550567077534,0.3738030772185605,0.24508988658449316,1.0487299516159259,-0.72961728852925,0,2,1,1,0.6225449432922465,0.3774550567077534
19,16023171,39,0.3738030772185605,0.3703779103801197,0.252393845562879,1.0487299516159259,-0.72961728852925,0,2,1,1,0.6261969227814395,0.3738030772185605
19,16023171,40,0.3703779103801197,0.3671625932220585,0.2592441792397606,1.0487299516159259,-0.72961728852925,0,2,1,1,0.6296220896198803,0.3703779103801197
19,16023171,41,0.3671625932220585,0.36414173204155625,0.26567481355588296,1.0487299516159259,-0.72961728852925,0,2,1,1,0.6328374067779414,0.3671625932220585
19,16023171,42,0.36414173204155625,0.36882792466508857,0.2717165359168875,1.0487299516159259,-0.72961728852925,1,2,1,1,0.6358582679584437,0.36414173204155625
19,16023171,43,0.36882792466508857,0.3732374534076245,0.26234415066982286,1.0487299516159259,-0.72961728852925,1,2,1,1,0.6311720753349115,0.36882792466508857
19,16023171,44,0.3732374534076245,0.37063167113038137,0.253525093184751,1.0487299516159259,-0.72961728852925,0,2,1,1,0.6267625465923755,0.3732374534076245
19,16023171,45,0.37063167113038137,0.37458301251991827,0.25873665773923726,1.0487299516159259,-0.72961728852925,1,2,1,1,0.6293683288696186,0.37063167113038137
19,16023171,46,0.37458301251991827,0.3722330007252219,0.25083397496016346,1.0487299516159259,-0.72961728852925,0,2,1,1,0.6254169874800817,0.37458301251991827
19,16023171,47,0.3722330007252219,0.37001606226104383,0.25553399854955616,1.0487299516159259,-0.72961728852925,0,2,1,1,0.6277669992747781,0.3722330007252219
19,16023171,48,0.37001606226104383,0.3679235089243035,0.25996787547791234,1.0487299516159259,-0.72961728852925,0,2,1,1,0.6299839377389562,0.37001606226104383
19,16023171,49,0.3679235089243035,0.37113692740765014,0.26415298215139305,1.0487299516159259,-0.72961728852925,1,2,1,1,0.6320764910756965,0.3679235089243035
19,16023171,50,0.37113692740765014,0.369246667673154,0.2577261451846997,1.0487299516159259,-0.72961728852925,0,2,1,1,0.6288630725923499,0.37113692740765014
19,16023171,51,0.369246667673154,0.3674598300072587,0.261506664653692,1.0487299516159259,-0.72961728852925,0,2,1,1,0.6307533323268459,0.369246667673154
19,16023171,52,0.3674598300072587,0.37021248745848434,0.26508033998548264,1.0487299516159259,-0.72961728852925,1,2,1,1,0.6325401699927413,0.3674598300072587
19,16023171,53,0.37021248745848434,0.36859684359231265,0.2595750250830313,1.0487299516159259,-0.72961728852925,0,2,1,1,0.6297875125415157,0.37021248745848434
19,16023171,54,0.36859684359231265,0.3670676925846053,0.2628063128153747,1.0487299516159259,-0.72961728852925,0,2,1,1,0.6314031564076874,0.36859684359231265
19,16023171,55,0.3670676925846053,0.36942970213942977,0.2658646148307894,1.0487299516159259,-0.72961728852925,1,2,1,1,0.6329323074153947,0.3670676925846053
19,16023171,56,0.36942970213942977,0.3680459427070773,0.26114059572114046,1.0487299516159259,-0.72961728852925,0,2,1,1,0.6305702978605703,0.36942970213942977
19,16023171,57,0.3680459427070773,0.36673487818038547,0.2639081145858454,1.0487299516159259,-0.72961728852925,0,2,1,1,0.6319540572929228,0.3680459427070773
19,16023171,58,0.36673487818038547,0.3687646330628112,0.26653024363922906,1.0487299516159259,-0.72961728852925,1,2,1,1,0.6332651218196146,0.36673487818038547
19,16023171,59,0.3687646330628112,0.36757741697156726,0.2624707338743776,1.0487299516159259,-0.72961728852925,0,2,1,1,0.6312353669371888,0.3687646330628112
19,16023171,60,0.36757741697156726,0.36645155959761766,0.2648451660568655,1.0487299516159259,-0.72961728852925,0,2,1,1,0.6324225830284327,0.36757741697156726
19,16023171,61,0.36645155959761766,0.368197961959997,0.2670968808047647,1.0487299516159259,-0.72961728852925,1,2,1,1,0.6335484404023823,0.36645155959761766
19,16023171,62,0.368197961959997,0.3671778691479114,0.263604076080006,1.0487299516159259,-0.72961728852925,0,2,1,1,0.631802038040003,0.368197961959997
19,16023171,63,0.3671778691479114,0.36620975631747865,0.2656442617041772,1.0487299516159259,-0.72961728852925,0,2,1,1,0.6328221308520886,0.3671778691479114
19,16023171,64,0.36620975631747865,0.36529076370577573,0.2675804873650427,1.0487299516159259,-0.72961728852925,0,2,1,1,0.6337902436825213,0.36620975631747865
19,16023171,65,0.36529076370577573,0.3644182088145055,0.26941847258844853,1.0487299516159259,-0.72961728852925,0,2,1,1,0.6347092362942243,0.36529076370577573
19,16023171,66,0.3644182088145055,0.36358957356679555,0.27116358237098903,1.0487299516159259,-0.72961728852925,0,2,1,1,0.6355817911854945,0.3644182088145055
19,16023171,67,0.36358957356679555,0.36280249256322583,0.2728208528664089,1.0487299516159259,-0.72961728852925,0,2,1,1,0.6364104264332044,0.36358957356679555
19,16023171,68,0.36280249256322583,0.3620547423277872,0.27439501487354834,1.0487299516159259,-0.72961728852925,0,2,1,1,0.6371975074367742,0.36280249256322583
19,16023171,69,0.3620547423277872,0.36323640990748635,0.27589051534442555,1.0487299516159259,-0.72961728852925,1,2,1,1,0.6379452576722128,0.3620547423277872
19,16023171,70,0.36323640990748635,0.36255809373390996,0.2735271801850273,1.0487299516159259,-0.72961728852925,0,2,1,1,0.6367635900925137,0.36323640990748635
19,16023171,71,0.36255809373390996,0.3636283125069815,0.2748838125321801,1.0487299516159259,-0.72961728852925,1,2,1,1,0.6374419062660901,0.36255809373390996
19,16023171,72,0.3636283125069815,0.36464572169649506,0.27274337498603696,1.0487299516159259,-0.72961728852925,1,2,1,1,0.6363716874930185,0.3636283125069815
19,16023171,73,0.36464572169649506,0.36405825596064,0.2707085566070099,1.0487299516159259,-0.72961728852925,0,2,1,1,0.6353542783035049,0.36464572169649506
19,16023171,74,0.36405825596064,0.3634996207895316,0.27188348807872,1.0487299516159259,-0.72961728852925,0,2,1,1,0.63594174403936,0.36405825596064
19,16023171,75,0.3634996207895316,0.3629683317588264,0.27300075842093685,1.0487299516159259,-0.72961728852925,0,2,1,1,0.6365003792104684,0.3634996207895316
19,16023171,76,0.3629683317588264,0.3638058333902469,0.27406333648234715,1.0487299516159259,-0.72961728852925,1,2,1,1,0.6370316682411736,0.3629683317588264
19,16023171,77,0.3638058333902469,0.36460253136315773,0.2723883332195062,1.0487299516159259,-0.72961728852925,1,2,1,1,0.636194166609753,0.3638058333902469
19,16023171,78,0.36460253136315773,0.3641422964254574,0.27079493727368453,1.0487299516159259,-0.72961728852925,0,2,1,1,0.6353974686368422,0.36460253136315773
19,16023171,79,0.3641422964254574,0.36370438822082946,0.27171540714908515,1.0487299516159259,-0.72961728852925,0,2,1,1,0.6358577035745425,0.3641422964254574
19,16023171,80,0.36370438822082946,0.3643930408564083,0.2725912235583411,1.0487299516159259,-0.72961728852925,1,2,1,1,0.6362956117791705,0.36370438822082946
19,16023171,81,0.3643930408564083,0.36399541952363007,0.27121391828718344,1.0487299516159259,-0.72961728852925,0,2,1,1,0.6356069591435918,0.3643930408564083
19,16023171,82,0.36399541952363007,0.36462013664356935,0.27200916095273986,1.0487299516159259,-0.72961728852925,1,2,1,1,0.6360045804763699,0.36399541952363007
19,16023171,83,0.36462013664356935,0.36521477316217676,0.2707597267128613,1.0487299516159259,-0.72961728852925,1,2,1,1,0.6353798633564307,0.36462013664356935
19,16023171,84,0.36521477316217676,0.36578082482726687,0.26957045367564647,1.0487299516159259,-0.72961728852925,1,2,1,1,0.6347852268378232,0.36521477316217676
19,16023171,85,0.36578082482726687,0.3654521338753824,0.26843835034546626,1.0487299516159259,-0.72961728852925,0,2,1,1,0.6342191751727331,0.36578082482726687
19,16023171,86,0.3654521338753824,0.3659658399553856,0.2690957322492352,1.0487299516159259,-0.72961728852925,1,2,1,1,0.6345478661246176,0.3654521338753824
19,16023171,87,0.3659658399553856,0.36645496290659285,0.26806832008922876,1.0487299516159259,-0.72961728852925,1,2,1,1,0.6340341600446144,0.3659658399553856
19,16023171,88,0.36645496290659285,0.3661701456203403,0.2670900741868143,1.0487299516159259,-0.72961728852925,0,2,1,1,0.6335450370934071,0.36645496290659285
19,16023171,89,0.3661701456203403,0.3666141497233456,0.26765970875931944,1.0487299516159259,-0.72961728852925,1,2,1,1,0.6338298543796597,0.3661701456203403
19,16023171,90,0.3666141497233456,0.3663554143996918,0.2667717005533088,1.0487299516159259,-0.72961728852925,0,2,1,1,0.6333858502766544,0.3666141497233456
19,16023171,91,0.3663554143996918,0.3661089976937993,0.26728917120061635,1.0487299516159259,-0.72961728852925,0,2,1,1,0.6336445856003081,0.3663554143996918
19,16023171,92,0.3661089976937993,0.365874299842551,0.2677820046124014,1.0487299516159259,-0.72961728852925,0,2,1,1,0.6338910023062008,0.3661089976937993
19,16023171,93,0.365874299842551,0.366240672591635,0.268251400314898,1.0487299516159259,-0.72961728852925,1,2,1,1,0.634125700157449,0.365874299842551
19,16023171,94,0.366240672591635,0.3660274338305202,0.26751865481673,1.0487299516159259,-0.72961728852925,0,2,1,1,0.633759327408365,0.366240672591635
19,16023171,95,0.3660274338305202,0.36582430481413825,0.26794513233895956,1.0487299516159259,-0.72961728852925,0,2,1,1,0.6339725661694797,0.3660274338305202
19,16023171,96,0.36582430481413825,0.3656307972334496,0.2683513903717235,1.0487299516159259,-0.72961728852925,0,2,1,1,0.6341756951858617,0.36582430481413825
19,16023171,97,0.3656307972334496,0.3654464471889102,0.2687384055331008,1.0487299516159259,-0.72961728852925,0,2,1,1,0.6343692027665504,0.3656307972334496
19,16023171,98,0.3654464471889102,0.3652708138953116,0.26910710562217965,1.0487299516159259,-0.72961728852925,0,2,1,1,0.6345535528110898,0.3654464471889102
19,16023171,99,0.3652708138953116,0.3651034784620694,0.26945837220937685,1.0487299516159259,-0.72961728852925,0,2,1,1,0.6347291861046884,0.3652708138953116
19,16023171,100,0.3651034784620694,0.36494404274397785,0.26979304307586116,1.0487299516159259,-0.72961728852925,0,2,1,1,0.6348965215379305,0.3651034784620694
19,16023171,101,0.36494404274397785,0.3651939051452793,0.2701119145120443,1.0487299516159259,-0.72961728852925,1,2,1,1,0.6350559572560222,0.36494404274397785
19,16023171,102,0.3651939051452793,0.36504901317354904,0.26961218970944145,1.0487299516159259,-0.72961728852925,0,2,1,1,0.6348060948547207,0.3651939051452793
19,16023171,103,0.36504901317354904,0.3649109469661628,0.2699019736529019,1.0487299516159259,-0.72961728852925,0,2,1,1,0.6349509868264509,0.36504901317354904
19,16023171,104,0.3649109469661628,0.36477938081003797,0.27017810606767445,1.0487299516159259,-0.72961728852925,0,2,1,1,0.6350890530338372,0.3649109469661628
19,16023171,105,0.36477938081003797,0.364985724063533,0.27044123837992406,1.0487299516159259,-0.72961728852925,1,2,1,1,0.6352206191899621,0.36477938081003797
19,16023171,106,0.364985724063533,0.36486614907330606,0.27002855187293395,1.0487299516159259,-0.72961728852925,0,2,1,1,0.635014275936467,0.364985724063533
19,16023171,107,0.36486614907330606,0.3650536338962095,0.2702677018533879,1.0487299516159259,-0.72961728852925,1,2,1,1,0.6351338509266939,0.36486614907330606
19,16023171,108,0.3650536338962095,0.36494495315881637,0.26989273220758103,1.0487299516159259,-0.72961728852925,0,2,1,1,0.6349463661037905,0.3650536338962095
19,16023171,109,0.36494495315881637,0.36484137483800494,0.27011009368236727,1.0487299516159259,-0.72961728852925,0,2,1,1,0.6350550468411836,0.36494495315881637
19,16023171,110,0.36484137483800494,0.36474265704626674,0.2703172503239901,1.0487299516159259,-0.72961728852925,0,2,1,1,0.6351586251619951,0.36484137483800494
19,16023171,111,0.36474265704626674,0.3646485695760319,0.2705146859074665,1.0487299516159259,-0.72961728852925,0,2,1,1,0.6352573429537333,0.36474265704626674
19,16023171,112,0.3646485695760319,0.3647962326181474,0.27070286084793616,1.0487299516159259,-0.72961728852925,1,2,1,1,0.635351430423968,0.3646485695760319
19,16023171,113,0.3647962326181474,0.3649369754880983,0.27040753476370516,1.0487299516159259,-0.72961728852925,1,2,1,1,0.6352037673818526,0.3647962326181474
19,16023171,114,0.3649369754880983,0.36507112511647416,0.27012604902380344,1.0487299516159259,-0.72961728852925,1,2,1,1,0.6350630245119018,0.3649369754880983
19,16023171,115,0.36507112511647416,0.36499334461590005,0.2698577497670517,1.0487299516159259,-0.72961728852925,0,2,1,1,0.6349288748835258,0.36507112511647416
19,16023171,116,0.36499334461590005,0.36491920512628206,0.2700133107681999,1.0487299516159259,-0.72961728852925,0,2,1,1,0.6350066553841,0.36499334461590005
19,16023171,117,0.36491920512628206,0.3648485350119847,0.27016158974743587,1.0487299516159259,-0.72961728852925,0,2,1,1,0.6350807948737179,0.36491920512628206
19,16023171,118,0.3648485350119847,0.36495937333054934,0.27030292997603056,1.0487299516159259,-0.72961728852925,1,2,1,1,0.6351514649880152,0.3648485350119847
19,16023171,119,0.36495937333054934,0.3648951321316287,0.2700812533389013,1.0487299516159259,-0.72961728852925,0,2,1,1,0.6350406266694506,0.36495937333054934
19,16023171,120,0.3648951321316287,0.36483389429045987,0.27020973573674256,1.0487299516159259,-0.72961728852925,0,2,1,1,0.6351048678683713,0.3648951321316287
19,16023171,121,0.36483389429045987,0.36492994874511653,0.27033221141908026,1.0487299516159259,-0.72961728852925,1,2,1,1,0.6351661057095401,0.36483389429045987
19,16023171,122,0.36492994874511653,0.3650215150287341,0.27014010250976694,1.0487299516159259,-0.72961728852925,1,2,1,1,0.6350700512548835,0.36492994874511653
19,16023171,123,0.3650215150287341,0.3649684282233504,0.2699569699425318,1.0487299516159259,-0.72961728852925,0,2,1,1,0.6349784849712659,0.3650215150287341
19,16023171,124,0.3649684282233504,0.36505165757324365,0.2700631435532992,1.0487299516159259,-0.72961728852925,1,2,1,1,0.6350315717766496,0.3649684282233504
19,16023171,125,0.36505165757324365,0.36513100088950495,0.2698966848535127,1.0487299516159259,-0.72961728852925,1,2,1,1,0.6349483424267564,0.36505165757324365
19,16023171,126,0.36513100088950495,0.3650849795909776,0.2697379982209901,1.0487299516159259,-0.72961728852925,0,2,1,1,0.634868999110495,0.36513100088950495
19,16023171,127,0.3650849795909776,0.36504110611557156,0.26983004081804485,1.0487299516159259,-0.72961728852925,0,2,1,1,0.6349150204090224,0.3650849795909776
19,16023171,128,0.36504110611557156,0.3649992798061719,0.2699177877688569,1.0487299516159259,-0.72961728852925,0,2,1,1,0.6349588938844284,0.36504110611557156
19,16023171,129,0.3649992798061719,0.3649594047609199,0.27000144038765617,1.0487299516159259,-0.72961728852925,0,2,1,1,0.6350007201938281,0.3649992798061719
19,16023171,130,0.3649594047609199,0.36492138960511533,0.27008119047816015,1.0487299516159259,-0.72961728852925,0,2,1,1,0.6350405952390801,0.3649594047609199
19,16023171,131,0.36492138960511533,0.36488514727437094,0.27015722078976934,1.0487299516159259,-0.72961728852925,0,2,1,1,0.6350786103948847,0.36492138960511533
19,16023171,132,0.36488514727437094,0.3648505948084379,0.27022970545125813,1.0487299516159259,-0.72961728852925,0,2,1,1,0.6351148527256291,0.36488514727437094
19,16023171,133,0.3648505948084379,0.3649047952583413,0.2702988103831242,1.0487299516159259,-0.72961728852925,1,2,1,1,0.635149405191562,0.3648505948084379
19,16023171,134,0.3649047952583413,0.3648733825524537,0.2701904094833174,1.0487299516159259,-0.72961728852925,0,2,1,1,0.6350952047416587,0.3649047952583413
19,16023171,135,0.3648733825524537,0.36484343384697393,0.27025323489509256,1.0487299516159259,-0.72961728852925,0,2,1,1,0.6351266174475463,0.3648733825524537
19,16023171,136,0.36484343384697393,0.36481488071699397,0.27031313230605214,1.0487299516159259,-0.72961728852925,0,2,1,1,0.6351565661530261,0.36484343384697393
19,16023171,137,0.36481488071699397,0.36485967775007316,0.27037023856601206,1.0487299516159259,-0.72961728852925,1,2,1,1,0.635185119283006,0.36481488071699397
19,16023171,138,0.36485967775007316,0.36483371874310705,0.2702806444998537,1.0487299516159259,-0.72961728852925,0,2,1,1,0.6351403222499268,0.36485967775007316
19,16023171,139,0.36483371874310705,0.36487444340201397,0.2703325625137859,1.0487299516159259,-0.72961728852925,1,2,1,1,0.635166281256893,0.36483371874310705
19,16023171,140,0.36487444340201397,0.3648508426464866,0.27025111319597206,1.0487299516159259,-0.72961728852925,0,2,1,1,0.6351255565979861,0.36487444340201397
19,16023171,141,0.3648508426464866,0.36488786563889136,0.2702983147070268,1.0487299516159259,-0.72961728852925,1,2,1,1,0.6351491573535134,0.3648508426464866
19,16023171,142,0.36488786563889136,0.3648664087427067,0.2702242687222173,1.0487299516159259,-0.72961728852925,0,2,1,1,0.6351121343611086,0.36488786563889136
19,16023171,143,0.3648664087427067,0.3649000669441701,0.2702671825145866,1.0487299516159259,-0.72961728852925,1,2,1,1,0.6351335912572933,0.3648664087427067
19,16023171,144,0.3649000669441701,0.3648805590330182,0.2701998661116598,1.0487299516159259,-0.72961728852925,0,2,1,1,0.6350999330558299,0.3649000669441701
19,16023171,145,0.3648805590330182,0.3649111585896582,0.2702388819339636,1.0487299516159259,-0.72961728852925,1,2,1,1,0.6351194409669818,0.3648805590330182
19,16023171,146,0.3649111585896582,0.36494033378612606,0.27017768282068355,1.0487299516159259,-0.72961728852925,1,2,1,1,0.6350888414103417,0.3649111585896582
19,16023171,147,0.36494033378612606,0.36492342134516564,0.2701193324277479,1.0487299516159259,-0.72961728852925,0,2,1,1,0.6350596662138739,0.36494033378612606
19,16023171,148,0.36492342134516564,0.3649072960240679,0.2701531573096687,1.0487299516159259,-0.72961728852925,0,2,1,1,0.6350765786548344,0.36492342134516564
19,16023171,149,0.3649072960240679,0.3648919211331967,0.2701854079518642,1.0487299516159259,-0.72961728852925,0,2,1,1,0.6350927039759321,0.3649072960240679
19,16023171,150,0.3648919211331967,0.3649160371644144,0.27021615773360663,1.0487299516159259,-0.72961728852925,1,2,1,1,0.6351080788668033,0.3648919211331967
19,16023171,151,0.3649160371644144,0.36493903105574194,0.2701679256711712,1.0487299516159259,-0.72961728852925,1,2,1,1,0.6350839628355855,0.3649160371644144
19,16023171,152,0.36493903105574194,0.3649257016613692,0.27012193788851613,1.0487299516159259,-0.72961728852925,0,2,1,1,0.6350609689442581,0.36493903105574194
19,16023171,153,0.3649257016613692,0.3649129924163778,0.27014859667726165,1.0487299516159259,-0.72961728852925,0,2,1,1,0.6350742983386308,0.3649257016613692
19,16023171,154,0.3649129924163778,0.3649008744333295,0.2701740151672444,1.0487299516159259,-0.72961728852925,0,2,1,1,0.6350870075836221,0.3649129924163778
19,16023171,155,0.3649008744333295,0.3648893201735846,0.27019825113334095,1.0487299516159259,-0.72961728852925,0,2,1,1,0.6350991255666705,0.3649008744333295
19,16023171,156,0.3648893201735846,0.3648783033840352,0.2702213596528308,1.0487299516159259,-0.72961728852925,0,2,1,1,0.6351106798264154,0.3648893201735846
19,16023171,157,0.3648783033840352,0.3648677990368335,0.2702433932319296,1.0487299516159259,-0.72961728852925,0,2,1,1,0.6351216966159647,0.3648783033840352
19,16023171,158,0.3648677990368335,0.36485778327196833,0.27026440192633305,1.0487299516159259,-0.72961728852925,0,2,1,1,0.6351322009631666,0.3648677990368335
19,16023171,159,0.36485778327196833,0.3648734957859592,0.27028443345606334,1.0487299516159259,-0.72961728852925,1,2,1,1,0.6351422167280316,0.36485778327196833
19,16023171,160,0.3648734957859592,0.3648643894568977,0.27025300842808164,1.0487299516159259,-0.72961728852925,0,2,1,1,0.6351265042140408,0.3648734957859592
19,16023171,161,0.3648643894568977,0.36487867496612886,0.2702712210862046,1.0487299516159259,-0.72961728852925,1,2,1,1,0.6351356105431023,0.3648643894568977
19,16023171,162,0.36487867496612886,0.3648703954724475,0.2702426500677423,1.0487299516159259,-0.72961728852925,0,2,1,1,0.6351213250338712,0.36487867496612886
19,16023171,163,0.3648703954724475,0.3648833836383702,0.27025920905510503,1.0487299516159259,-0.72961728852925,1,2,1,1,0.6351296045275525,0.3648703954724475
19,16023171,164,0.3648833836383702,0.36487585588594307,0.2702332327232596,1.0487299516159259,-0.72961728852925,0,2,1,1,0.6351166163616297,0.3648833836383702
19,16023171,165,0.36487585588594307,0.3648686781676578,0.27024828822811386,1.0487299516159259,-0.72961728852925,0,2,1,1,0.6351241441140569,0.36487585588594307
19,16023171,166,0.3648686781676578,0.3648618341960533,0.27026264366468444,1.0487299516159259,-0.72961728852925,0,2,1,1,0.6351313218323422,0.3648686781676578
19,16023171,167,0.3648618341960533,0.3648553084425555,0.27027633160789344,1.0487299516159259,-0.72961728852925,0,2,1,1,0.6351381658039468,0.3648618341960533
19,16023171,168,0.3648553084425555,0.36486554616654165,0.27028938311488904,1.0487299516159259,-0.72961728852925,1,2,1,1,0.6351446915574446,0.3648553084425555
19,16023171,169,0.36486554616654165,0.36485961289032887,0.2702689076669167,1.0487299516159259,-0.72961728852925,0,2,1,1,0.6351344538334583,0.36486554616654165
19,16023171,170,0.36485961289032887,0.36485395546439486,0.27028077421934227,1.0487299516159259,-0.72961728852925,0,2,1,1,0.6351403871096711,0.36485961289032887
19,16023171,171,0.36485395546439486,0.36484856105695157,0.2702920890712103,1.0487299516159259,-0.72961728852925,0,2,1,1,0.6351460445356052,0.36485395546439486
19,16023171,172,0.36484856105695157,0.3648434174337401,0.27030287788609686,1.0487299516159259,-0.72961728852925,0,2,1,1,0.6351514389430484,0.36484856105695157
19,16023171,173,0.3648434174337401,0.3648385129301486,0.2703131651325198,1.0487299516159259,-0.72961728852925,0,2,1,1,0.63515658256626,0.3648434174337401
19,16023171,174,0.3648385129301486,0.364846207761253,0.27032297413970285,1.0487299516159259,-0.72961728852925,1,2,1,1,0.6351614870698514,0.3648385129301486
19,16023171,175,0.364846207761253,0.364853544886746,0.27030758447749403,1.0487299516159259,-0.72961728852925,1,2,1,1,0.635153792238747,0.364846207761253
19,16023171,176,0.364853544886746,0.36486054094219444,0.27029291022650803,1.0487299516159259,-0.72961728852925,1,2,1,1,0.635146455113254,0.364853544886746
19,16023171,177,0.36486054094219444,0.36485648641666096,0.2702789181156111,1.0487299516159259,-0.72961728852925,0,2,1,1,0.6351394590578056,0.36486054094219444
19,16023171,178,0.36485648641666096,0.3648526203605276,0.2702870271666781,1.0487299516159259,-0.72961728852925,0,2,1,1,0.635143513583339,0.36485648641666096
19,16023171,179,0.3648526203605276,0.36485868563942647,0.27029475927894475,1.0487299516159259,-0.72961728852925,1,2,1,1,0.6351473796394724,0.3648526203605276
19,16023171,180,0.36485868563942647,0.36485517055609207,0.27028262872114706,1.0487299516159259,-0.72961728852925,0,2,1,1,0.6351413143605735,0.36485868563942647
19,16023171,181,0.36485517055609207,0.36486068516484016,0.27028965888781586,1.0487299516159259,-0.72961728852925,1,2,1,1,0.6351448294439079,0.36485517055609207
19,16023171,182,0.36486068516484016,0.36485748918841937,0.2702786296703197,1.0487299516159259,-0.72961728852925,0,2,1,1,0.6351393148351598,0.36486068516484016
19,16023171,183,0.36485748918841937,0.36486250313182306,0.27028502162316126,1.0487299516159259,-0.72961728852925,1,2,1,1,0.6351425108115807,0.36485748918841937
19,16023171,184,0.36486250313182306,0.36485959729023154,0.2702749937363539,1.0487299516159259,-0.72961728852925,0,2,1,1,0.6351374968681769,0.36486250313182306
19,16023171,185,0.36485959729023154,0.3648568265081013,0.2702808054195369,1.0487299516159259,-0.72961728852925,0,2,1,1,0.6351404027097685,0.36485959729023154
19,16023171,186,0.3648568265081013,0.3648611734136617,0.2702863469837974,1.0487299516159259,-0.72961728852925,1,2,1,1,0.6351431734918986,0.3648568265081013
19,16023171,187,0.3648611734136617,0.3648653182862187,0.2702776531726766,1.0487299516159259,-0.72961728852925,1,2,1,1,0.6351388265863382,0.3648611734136617
19,16023171,188,0.3648653182862187,0.36486291608461335,0.2702693634275626,1.0487299516159259,-0.72961728852925,0,2,1,1,0.6351346817137813,0.3648653182862187
19,16023171,189,0.36486291608461335,0.364860625528605,0.2702741678307733,1.0487299516159259,-0.72961728852925,0,2,1,1,0.6351370839153867,0.36486291608461335
19,16023171,190,0.364860625528605,0.36485844142817514,0.27027874894279,1.0487299516159259,-0.72961728852925,0,2,1,1,0.635139374471395,0.364860625528605
19,16023171,191,0.36485844142817514,0.3648563588346744,0.2702831171436497,1.0487299516159259,-0.72961728852925,0,2,1,1,0.6351415585718249,0.36485844142817514
19,16023171,192,0.3648563588346744,0.3648543730295881,0.27028728233065125,1.0487299516159259,-0.72961728852925,0,2,1,1,0.6351436411653256,0.3648563588346744
19,16023171,193,0.3648543730295881,0.36485247951382566,0.27029125394082376,1.0487299516159259,-0.72961728852925,0,2,1,1,0.6351456269704119,0.3648543730295881
19,16023171,194,0.36485247951382566,0.3648506739975085,0.2702950409723487,1.0487299516159259,-0.72961728852925,0,2,1,1,0.6351475204861743,0.36485247951382566
19,16023171,195,0.3648506739975085,0.36485350663798377,0.27029865200498304,1.0487299516159259,-0.72961728852925,1,2,1,1,0.6351493260024915,0.3648506739975085
19,16023171,196,0.36485350663798377,0.36485620763620114,0.27029298672403246,1.0487299516159259,-0.72961728852925,1,2,1,1,0.6351464933620162,0.36485350663798377
19,16023171,197,0.36485620763620114,0.364854642294489,0.27028758472759773,1.0487299516159259,-0.72961728852925,0,2,1,1,0.6351437923637988,0.36485620763620114
19,16023171,198,0.364854642294489,0.3648531496983431,0.270290715411022,1.0487299516159259,-0.72961728852925,0,2,1,1,0.6351453577055111,0.364854642294489
19,16023171,199,0.3648531496983431,0.3648517264666019,0.2702937006033138,1.0487299516159259,-0.72961728852925,0,2,1,1,0.6351468503016569,0.3648531496983431
19,16023171,200,0.3648517264666019,0.36485395934298104,0.2702965470667962,1.0487299516159259,-0.72961728852925,1,2,1,1,0.6351482735333981,0.3648517264666019
19,16023171,201,0.36485395934298104,0.36485266530695193,0.2702920813140379,1.0487299516159259,-0.72961728852925,0,2,1,1,0.635146040657019,0.36485395934298104
19,16023171,202,0.36485266530695193,0.3648514314066357,0.27029466938609614,1.0487299516159259,-0.72961728852925,0,2,1,1,0.6351473346930481,0.36485266530695193
19,16023171,203,0.3648514314066357,0.3648533672490879,0.27029713718672865,1.0487299516159259,-0.72961728852925,1,2,1,1,0.6351485685933643,0.3648514314066357
19,16023171,204,0.3648533672490879,0.3648522453570212,0.2702932655018242,1.0487299516159259,-0.72961728852925,0,2,1,1,0.6351466327509121,0.3648533672490879
19,16023171,205,0.3648522453570212,0.364854005467307,0.2702955092859576,1.0487299516159259,-0.72961728852925,1,2,1,1,0.6351477546429788,0.3648522453570212
19,16023171,206,0.364854005467307,0.3648529854155021,0.270291989065386,1.0487299516159259,-0.72961728852925,0,2,1,1,0.6351459945326929,0.364854005467307
19,16023171,207,0.3648529854155021,0.3648520127657266,0.2702940291689958,1.0487299516159259,-0.72961728852925,0,2,1,1,0.635147014584498,0.3648529854155021
19,16023171,208,0.3648520127657266,0.364851085314993,0.2702959744685468,1.0487299516159259,-0.72961728852925,0,2,1,1,0.6351479872342733,0.3648520127657266
19,16023171,209,0.364851085314993,0.36485020096271487,0.270297829370014,1.0487299516159259,-0.72961728852925,0,2,1,1,0.635148914685007,0.364851085314993
19,16023171,210,0.36485020096271487,0.3648515884147942,0.27029959807457027,1.0487299516159259,-0.72961728852925,1,2,1,1,0.6351497990372852,0.36485020096271487
19,16023171,211,0.3648515884147942,0.3648507843394057,0.2702968231704116,1.0487299516159259,-0.72961728852925,0,2,1,1,0.6351484115852057,0.3648515884147942
19,16023171,212,0.3648507843394057,0.36485001762880326,0.2702984313211886,1.0487299516159259,-0.72961728852925,0,2,1,1,0.6351492156605942,0.3648507843394057
19,16023171,213,0.36485001762880326,0.36485122051545643,0.2702999647423935,1.0487299516159259,-0.72961728852925,1,2,1,1,0.6351499823711968,0.36485001762880326
19,16023171,214,0.36485122051545643,0.3648523675052507,0.27029755896908714,1.0487299516159259,-0.72961728852925,1,2,1,1,0.6351487794845436,0.36485122051545643
19,16023171,215,0.3648523675052507,0.3648534611958268,0.27029526498949863,1.0487299516159259,-0.72961728852925,1,2,1,1,0.6351476324947494,0.3648523675052507
19,16023171,216,0.3648534611958268,0.364854504064092,0.2702930776083464,1.0487299516159259,-0.72961728852925,1,2,1,1,0.6351465388041733,0.3648534611958268
19,16023171,217,0.364854504064092,0.3648538996793192,0.27029099187181604,1.0487299516159259,-0.72961728852925,0,2,1,1,0.635145495935908,0.364854504064092
19,16023171,218,0.3648538996793192,0.3648533233793212,0.2702922006413616,1.0487299516159259,-0.72961728852925,0,2,1,1,0.6351461003206809,0.3648538996793192
19,16023171,219,0.3648533233793212,0.36485277385897225,0.2702933532413576,1.0487299516159259,-0.72961728852925,0,2,1,1,0.6351466766206788,0.3648533233793212
19,16023171,220,0.36485277385897225,0.3648522498738036,0.2702944522820555,1.0487299516159259,-0.72961728852925,0,2,1,1,0.6351472261410278,0.36485277385897225
19,16023171,221,0.3648522498738036,0.3648530719441866,0.2702955002523928,1.0487299516159259,-0.72961728852925,1,2,1,1,0.6351477501261964,0.3648522498738036
19,16023171,222,0.3648530719441866,0.36485385581468244,0.2702938561116268,1.0487299516159259,-0.72961728852925,1,2,1,1,0.6351469280558134,0.3648530719441866
19,16023171,223,0.36485385581468244,0.3648534015304969,0.2702922883706351,1.0487299516159259,-0.72961728852925,0,2,1,1,0.6351461441853176,0.36485385581468244
19,16023171,224,0.3648534015304969,0.3648529683558533,0.2702931969390062,1.0487299516159259,-0.72961728852925,0,2,1,1,0.635146598469503,0.3648534015304969
19,16023171,225,0.3648529683558533,0.36485255530979915,0.2702940632882934,1.0487299516159259,-0.72961728852925,0,2,1,1,0.6351470316441468,0.3648529683558533
19,16023171,226,0.36485255530979915,0.3648521614569701,0.2702948893804017,1.0487299516159259,-0.72961728852925,0,2,1,1,0.6351474446902008,0.36485255530979915
19,16023171,227,0.3648521614569701,0.36485178590547085,0.27029567708605984,1.0487299516159259,-0.72961728852925,0,2,1,1,0.6351478385430299,0.3648521614569701
19,16023171,228,0.36485178590547085,0.3648514278048551,0.2702964281890583,1.0487299516159259,-0.72961728852925,0,2,1,1,0.6351482140945292,0.36485178590547085
19,16023171,229,0.3648514278048551,0.36485108634419866,0.27029714439028985,1.0487299516159259,-0.72961728852925,0,2,1,1,0.6351485721951449,0.3648514278048551
19,16023171,230,0.36485108634419866,0.3648516220581884,0.2702978273116027,1.0487299516159259,-0.72961728852925,1,2,1,1,0.6351489136558013,0.36485108634419866
19,16023171,231,0.3648516220581884,0.36485131159302964,0.27029675588362323,1.0487299516159259,-0.72961728852925,0,2,1,1,0.6351483779418117,0.3648516220581884
19,16023171,232,0.36485131159302964,0.36485179867816225,0.2702973768139407,1.0487299516159259,-0.72961728852925,1,2,1,1,0.6351486884069704,0.36485131159302964
19,16023171,233,0.36485179867816225,0.36485151639491165,0.2702964026436755,1.0487299516159259,-0.72961728852925,0,2,1,1,0.6351482013218377,0.36485179867816225
19,16023171,234,0.36485151639491165,0.36485124722849904,0.2702969672101767,1.0487299516159259,-0.72961728852925,0,2,1,1,0.6351484836050884,0.36485151639491165
19,16023171,235,0.36485124722849904,0.3648516695207008,0.2702975055430019,1.0487299516159259,-0.72961728852925,1,2,1,1,0.635148752771501,0.36485124722849904
19,16023171,236,0.3648516695207008,0.3648520721903257,0.2702966609585984,1.0487299516159259,-0.72961728852925,1,2,1,1,0.6351483304792992,0.3648516695207008
19,16023171,237,0.3648520721903257,0.3648518388285794,0.27029585561934855,1.0487299516159259,-0.72961728852925,0,2,1,1,0.6351479278096743,0.3648520721903257
19,16023171,238,0.3648518388285794,0.36485220494646664,0.2702963223428412,1.0487299516159259,-0.72961728852925,1,2,1,1,0.6351481611714206,0.3648518388285794
19,16023171,239,0.36485220494646664,0.3648519927676564,0.2702955901070667,1.0487299516159259,-0.72961728852925,0,2,1,1,0.6351477950535334,0.36485220494646664
19,16023171,240,0.3648519927676564,0.3648517904480793,0.2702960144646872,1.0487299516159259,-0.72961728852925,0,2,1,1,0.6351480072323437,0.3648519927676564
20,16023209,1,0.5,0.6666666666666666,0,1.2892599251525,-0.67545278316225,1,1,2,3,0.5,0.5
20,16023209,2,0.6666666666666666,0.5337190949254743,0.33333333333333326,1.2892599251525,-0.67545278316225,0,1,2,3,0.6666666666666666,0.33333333333333337
20,16023209,3,0.5337190949254743,0.4473179933645777,0.06743818985094863,1.2892599251525,-0.67545278316225,0,1,2,3,0.5337190949254743,0.4662809050745257
20,16023209,4,0.4473179933645777,0.38829042186202595,0.10536401327084455,1.2892599251525,-0.67545278316225,0,1,2,3,0.4473179933645777,0.5526820066354223
20,16023209,5,0.38829042186202595,0.4386788251811473,0.2234191562759481,1.2892599251525,-0.67545278316225,1,1,2,3,0.38829042186202595,0.611709578137974
20,16023209,6,0.4386788251811473,0.475146762725561,0.12264234963770537,1.2892599251525,-0.67545278316225,1,1,2,3,0.4386788251811473,0.5613211748188527
20,16023209,7,0.475146762725561,0.5019971571454096,0.049706474548878,1.2892599251525,-0.67545278316225,1,1,2,3,0.475146762725561,0.524853237274439
20,16023209,8,0.5019971571454096,0.4819093872841775,0.003994314290819201,1.2892599251525,-0.67545278316225,0,1,2,3,0.5019971571454096,0.4980028428545904
20,16023209,9,0.4819093872841775,0.49749687489808964,0.03618122543164504,1.2892599251525,-0.67545278316225,1,1,2,3,0.4819093872841775,0.5180906127158225
20,16023209,10,0.49749687489808964,0.5093120524907228,0.005006250203820728,1.2892599251525,-0.67545278316225,1,1,2,3,0.49749687489808964,0.5025031251019103
20,16023209,11,0.5093120524907228,0.5183158712491259,0.01862410498144551,1.2892599251525,-0.67545278316225,1,1,2,3,0.5093120524907228,0.49068794750927724
20,16023209,12,0.5183158712491259,0.5252052787423245,0.03663174249825185,1.2892599251525,-0.67545278316225,1,1,2,3,0.5183158712491259,0.4816841287508741
20,16023209,13,0.5252052787423245,0.5304932569223767,0.050410557484648955,1.2892599251525,-0.67545278316225,1,1,2,3,0.5252052787423245,0.4747947212576755
20,16023209,14,0.5304932569223767,0.5345617660150452,0.0609865138447534,1.2892599251525,-0.67545278316225,1,1,2,3,0.5304932569223767,0.4695067430776233
20,16023209,15,0.5345617660150452,0.5376977888836431,0.06912353203009047,1.2892599251525,-0.67545278316225,1,1,2,3,0.5345617660150452,0.46543823398495476
20,16023209,16,0.5376977888836431,0.535118206279082,0.07539557776728611,1.2892599251525,-0.67545278316225,0,1,2,3,0.5376977888836431,0.46230221111635694
20,16023209,17,0.535118206279082,0.5369969294247416,0.07023641255816404,1.2892599251525,-0.67545278316225,1,1,2,3,0.535118206279082,0.464881793720918
20,16023209,18,0.5369969294247416,0.5354503900747922,0.07399385884948328,1.2892599251525,-0.67545278316225,0,1,2,3,0.5369969294247416,0.46300307057525836
20,16023209,19,0.5354503900747922,0.5342535243473175,0.07090078014958445,1.2892599251525,-0.67545278316225,0,1,2,3,0.5354503900747922,0.4645496099252078
20,16023209,20,0.5342535243473175,0.5351282311284935,0.06850704869463509,1.2892599251525,-0.67545278316225,1,1,2,3,0.5342535243473175,0.46574647565268246
20,16023209,21,0.5351282311284935,0.5344093379333097,0.070256462256987,1.2892599251525,-0.67545278316225,0,1,2,3,0.5351282311284935,0.4648717688715065
20,16023209,22,0.5344093379333097,0.5349349542983947,0.06881867586661938,1.2892599251525,-0.67545278316225,1,1,2,3,0.5344093379333097,0.4655906620666903
20,16023209,23,0.5349349542983947,0.5353423125276029,0.06986990859678932,1.2892599251525,-0.67545278316225,1,1,2,3,0.5349349542983947,0.46506504570160534
20,16023209,24,0.5353423125276029,0.5356580769255836,0.07068462505520579,1.2892599251525,-0.67545278316225,1,1,2,3,0.5353423125276029,0.4646576874723971
20,16023209,25,0.5356580769255836,0.5353981044800926,0.0713161538511673,1.2892599251525,-0.67545278316225,0,1,2,3,0.5356580769255836,0.46434192307441635
20,16023209,26,0.5353981044800926,0.5355879922855797,0.07079620896018524,1.2892599251525,-0.67545278316225,1,1,2,3,0.5353981044800926,0.4646018955199074
20,16023209,27,0.5355879922855797,0.5357352334884616,0.07117598457115948,1.2892599251525,-0.67545278316225,1,1,2,3,0.5355879922855797,0.46441200771442026
20,16023209,28,0.5357352334884616,0.5358494135302855,0.07147046697692327,1.2892599251525,-0.67545278316225,1,1,2,3,0.5357352334884616,0.46426476651153836
20,16023209,29,0.5358494135302855,0.5357553481925013,0.07169882706057096,1.2892599251525,-0.67545278316225,0,1,2,3,0.5358494135302855,0.4641505864697145
20,16023209,30,0.5357553481925013,0.5356823974390094,0.07151069638500251,1.2892599251525,-0.67545278316225,0,1,2,3,0.5357553481925013,0.46424465180749874
20,16023209,31,0.5356823974390094,0.535735670693451,0.07136479487801872,1.2892599251525,-0.67545278316225,1,1,2,3,0.5356823974390094,0.46431760256099064
20,16023209,32,0.535735670693451,0.5357769880987823,0.07147134138690192,1.2892599251525,-0.67545278316225,1,1,2,3,0.535735670693451,0.46426432930654904
20,16023209,33,0.5357769880987823,0.5357429497706082,0.07155397619756454,1.2892599251525,-0.67545278316225,0,1,2,3,0.5357769880987823,0.46422301190121773
20,16023209,34,0.5357429497706082,0.5357678055764229,0.07148589954121642,1.2892599251525,-0.67545278316225,1,1,2,3,0.5357429497706082,0.4642570502293918
20,16023209,35,0.5357678055764229,0.535787083963878,0.07153561115284579,1.2892599251525,-0.67545278316225,1,1,2,3,0.5357678055764229,0.4642321944235771
20,16023209,36,0.535787083963878,0.5357712011277598,0.07157416792775595,1.2892599251525,-0.67545278316225,0,1,2,3,0.535787083963878,0.464212916036122
20,16023209,37,0.5357712011277598,0.535782799003023,0.07154240225551955,1.2892599251525,-0.67545278316225,1,1,2,3,0.5357712011277598,0.4642287988722402
20,16023209,38,0.535782799003023,0.5357917946038665,0.0715655980060459,1.2892599251525,-0.67545278316225,1,1,2,3,0.535782799003023,0.46421720099697705
20,16023209,39,0.5357917946038665,0.5357987718438939,0.071583589207733,1.2892599251525,-0.67545278316225,1,1,2,3,0.5357917946038665,0.4642082053961335
20,16023209,40,0.5357987718438939,0.5357930233003638,0.07159754368778781,1.2892599251525,-0.67545278316225,0,1,2,3,0.5357987718438939,0.4642012281561061
20,16023209,41,0.5357930233003638,0.5357885645442942,0.07158604660072765,1.2892599251525,-0.67545278316225,0,1,2,3,0.5357930233003638,0.4642069766996362
20,16023209,42,0.5357885645442942,0.535785106182565,0.07157712908858849,1.2892599251525,-0.67545278316225,0,1,2,3,0.5357885645442942,0.46421143545570576
20,16023209,43,0.535785106182565,0.5357824237565593,0.07157021236513006,1.2892599251525,-0.67545278316225,0,1,2,3,0.535785106182565,0.46421489381743497
20,16023209,44,0.5357824237565593,0.5357803431710242,0.07156484751311853,1.2892599251525,-0.67545278316225,0,1,2,3,0.5357824237565593,0.46421757624344073
20,16023209,45,0.5357803431710242,0.5357787293930693,0.07156068634204837,1.2892599251525,-0.67545278316225,0,1,2,3,0.5357803431710242,0.4642196568289758
20,16023209,46,0.5357787293930693,0.5357799078063927,0.0715574587861385,1.2892599251525,-0.67545278316225,1,1,2,3,0.5357787293930693,0.46422127060693075
20,16023209,47,0.5357799078063927,0.535780821827807,0.07155981561278546,1.2892599251525,-0.67545278316225,1,1,2,3,0.5357799078063927,0.46422009219360727
20,16023209,48,0.535780821827807,0.5357815307772648,0.0715616436556139,1.2892599251525,-0.67545278316225,1,1,2,3,0.535780821827807,0.46421917817219305
20,16023209,49,0.5357815307772648,0.535782080665358,0.07156306155452952,1.2892599251525,-0.67545278316225,1,1,2,3,0.5357815307772648,0.46421846922273524
20,16023209,50,0.535782080665358,0.535782507179528,0.07156416133071608,1.2892599251525,-0.67545278316225,1,1,2,3,0.535782080665358,0.46421791933464196
20,16023209,51,0.535782507179528,0.5357821557808722,0.07156501435905605,1.2892599251525,-0.67545278316225,0,1,2,3,0.535782507179528,0.464217492820472
20,16023209,52,0.5357821557808722,0.5357824123782695,0.07156431156174436,1.2892599251525,-0.67545278316225,1,1,2,3,0.5357821557808722,0.4642178442191278
20,16023209,53,0.5357824123782695,0.5357826114050839,0.07156482475653902,1.2892599251525,-0.67545278316225,1,1,2,3,0.5357824123782695,0.4642175876217305
20,16023209,54,0.5357826114050839,0.5357827657779527,0.07156522281016775,1.2892599251525,-0.67545278316225,1,1,2,3,0.5357826114050839,0.4642173885949161
20,16023209,55,0.5357827657779527,0.5357828855155082,0.07156553155590539,1.2892599251525,-0.67545278316225,1,1,2,3,0.5357827657779527,0.4642172342220473
20,16023209,56,0.5357828855155082,0.5357829783885831,0.07156577103101647,1.2892599251525,-0.67545278316225,1,1,2,3,0.5357828855155082,0.46421711448449177
20,16023209,57,0.5357829783885831,0.5357830504245316,0.07156595677716626,1.2892599251525,-0.67545278316225,1,1,2,3,0.5357829783885831,0.46421702161141687
20,16023209,58,0.5357830504245316,0.5357829910751024,0.07156610084906312,1.2892599251525,-0.67545278316225,0,1,2,3,0.5357830504245316,0.46421694957546844
20,16023209,59,0.5357829910751024,0.535783034413043,0.07156598215020482,1.2892599251525,-0.67545278316225,1,1,2,3,0.5357829910751024,0.4642170089248976
20,16023209,60,0.535783034413043,0.5357830680276281,0.07156606882608596,1.2892599251525,-0.67545278316225,1,1,2,3,0.535783034413043,0.464216965586957
20,16023209,61,0.5357830680276281,0.5357830941004028,0.07156613605525619,1.2892599251525,-0.67545278316225,1,1,2,3,0.5357830680276281,0.4642169319723719
20,16023209,62,0.5357830941004028,0.5357830726193986,0.07156618820080562,1.2892599251525,-0.67545278316225,0,1,2,3,0.5357830941004028,0.4642169058995972
20,16023209,63,0.5357830726193986,0.535783055957899,0.07156614523879723,1.2892599251525,-0.67545278316225,0,1,2,3,0.5357830726193986,0.4642169273806014
20,16023209,64,0.535783055957899,0.5357830681244026,0.07156611191579798,1.2892599251525,-0.67545278316225,1,1,2,3,0.535783055957899,0.464216944042101
20,16023209,65,0.5357830681244026,0.5357830775612145,0.07156613624880515,1.2892599251525,-0.67545278316225,1,1,2,3,0.5357830681244026,0.4642169318755974
20,16023209,66,0.5357830775612145,0.5357830848807716,0.07156615512242892,1.2892599251525,-0.67545278316225,1,1,2,3,0.5357830775612145,0.46421692243878554
20,16023209,67,0.5357830848807716,0.5357830905581039,0.07156616976154329,1.2892599251525,-0.67545278316225,1,1,2,3,0.5357830848807716,0.46421691511922836
20,16023209,68,0.5357830905581039,0.535783094961663,0.07156618111620783,1.2892599251525,-0.67545278316225,1,1,2,3,0.5357830905581039,0.4642169094418961
20,16023209,69,0.535783094961663,0.5357830983772343,0.07156618992332597,1.2892599251525,-0.67545278316225,1,1,2,3,0.535783094961663,0.464216905038337
20,16023209,70,0.5357830983772343,0.5357831010264836,0.07156619675446851,1.2892599251525,-0.67545278316225,1,1,2,3,0.5357830983772343,0.46421690162276574
20,16023209,71,0.5357831010264836,0.535783098843803,0.07156620205296726,1.2892599251525,-0.67545278316225,0,1,2,3,0.5357831010264836,0.46421689897351637
20,16023209,72,0.535783098843803,0.5357831004376327,0.07156619768760608,1.2892599251525,-0.67545278316225,1,1,2,3,0.535783098843803,0.46421690115619696
20,16023209,73,0.5357831004376327,0.5357830991244981,0.07156620087526533,1.2892599251525,-0.67545278316225,0,1,2,3,0.5357831004376327,0.46421689956236734
20,16023209,74,0.5357830991244981,0.5357831000833707,0.07156619824899613,1.2892599251525,-0.67545278316225,1,1,2,3,0.5357830991244981,0.46421690087550194
20,16023209,75,0.5357831000833707,0.5357831008271096,0.07156620016674142,1.2892599251525,-0.67545278316225,1,1,2,3,0.5357831000833707,0.4642168999166293
20,16023209,76,0.5357831008271096,0.5357831014039821,0.07156620165421912,1.2892599251525,-0.67545278316225,1,1,2,3,0.5357831008271096,0.46421689917289044
20,16023209,77,0.5357831014039821,0.5357831018514271,0.07156620280796422,1.2892599251525,-0.67545278316225,1,1,2,3,0.5357831014039821,0.4642168985960179
20,16023209,78,0.5357831018514271,0.5357831014827833,0.07156620370285416,1.2892599251525,-0.67545278316225,0,1,2,3,0.5357831018514271,0.4642168981485729
20,16023209,79,0.5357831014827833,0.535783101196849,0.0715662029655666,1.2892599251525,-0.67545278316225,0,1,2,3,0.5357831014827833,0.4642168985172167
20,16023209,80,0.535783101196849,0.5357831009750672,0.07156620239369804,1.2892599251525,-0.67545278316225,0,1,2,3,0.535783101196849,0.464216898803151
20,16023209,81,0.5357831009750672,0.5357831011370159,0.07156620195013441,1.2892599251525,-0.67545278316225,1,1,2,3,0.5357831009750672,0.4642168990249328
20,16023209,82,0.5357831011370159,0.5357831010035885,0.07156620227403176,1.2892599251525,-0.67545278316225,0,1,2,3,0.5357831011370159,0.4642168988629841
20,16023209,83,0.5357831010035885,0.5357831011010195,0.071566202007177,1.2892599251525,-0.67545278316225,1,1,2,3,0.5357831010035885,0.4642168989964115
20,16023209,84,0.5357831011010195,0.5357831011765906,0.07156620220203891,1.2892599251525,-0.67545278316225,1,1,2,3,0.5357831011010195,0.46421689889898055
20,16023209,85,0.5357831011765906,0.5357831012352064,0.07156620235318112,1.2892599251525,-0.67545278316225,1,1,2,3,0.5357831011765906,0.46421689882340944
20,16023209,86,0.5357831012352064,0.5357831011869135,0.0715662024704129,1.2892599251525,-0.67545278316225,0,1,2,3,0.5357831012352064,0.46421689876479355
20,16023209,87,0.5357831011869135,0.5357831012221779,0.07156620237382705,1.2892599251525,-0.67545278316225,1,1,2,3,0.5357831011869135,0.4642168988130865
20,16023209,88,0.5357831012221779,0.5357831012495302,0.07156620244435574,1.2892599251525,-0.67545278316225,1,1,2,3,0.5357831012221779,0.46421689877782213
20,16023209,89,0.5357831012495302,0.535783101226995,0.07156620249906043,1.2892599251525,-0.67545278316225,0,1,2,3,0.5357831012495302,0.4642168987504698
20,16023209,90,0.535783101226995,0.5357831012434506,0.07156620245399004,1.2892599251525,-0.67545278316225,1,1,2,3,0.535783101226995,0.464216898773005
20,16023209,91,0.5357831012434506,0.535783101229893,0.07156620248690126,1.2892599251525,-0.67545278316225,0,1,2,3,0.5357831012434506,0.46421689875654937
20,16023209,92,0.535783101229893,0.5357831012397929,0.07156620245978607,1.2892599251525,-0.67545278316225,1,1,2,3,0.535783101229893,0.46421689877010697
20,16023209,93,0.5357831012397929,0.5357831012316365,0.07156620247958578,1.2892599251525,-0.67545278316225,0,1,2,3,0.5357831012397929,0.4642168987602071
20,16023209,94,0.5357831012316365,0.5357831012375925,0.07156620246327305,1.2892599251525,-0.67545278316225,1,1,2,3,0.5357831012316365,0.4642168987683635
20,16023209,95,0.5357831012375925,0.5357831012422122,0.07156620247518508,1.2892599251525,-0.67545278316225,1,1,2,3,0.5357831012375925,0.46421689876240746
20,16023209,96,0.5357831012422122,0.5357831012457953,0.07156620248442436,1.2892599251525,-0.67545278316225,1,1,2,3,0.5357831012422122,0.4642168987577878
20,16023209,97,0.5357831012457953,0.5357831012485746,0.07156620249159062,1.2892599251525,-0.67545278316225,1,1,2,3,0.5357831012457953,0.4642168987542047
20,16023209,98,0.5357831012485746,0.5357831012462848,0.07156620249714929,1.2892599251525,-0.67545278316225,0,1,2,3,0.5357831012485746,0.46421689875142536
20,16023209,99,0.5357831012462848,0.5357831012479568,0.07156620249256962,1.2892599251525,-0.67545278316225,1,1,2,3,0.5357831012462848,0.4642168987537152
20,16023209,100,0.5357831012479568,0.5357831012465792,0.07156620249591361,1.2892599251525,-0.67545278316225,0,1,2,3,0.5357831012479568,0.4642168987520432
20,16023209,101,0.5357831012465792,0.5357831012475852,0.07156620249315848,1.2892599251525,-0.67545278316225,1,1,2,3,0.5357831012465792,0.46421689875342076
20,16023209,102,0.5357831012475852,0.5357831012467564,0.07156620249517043,1.2892599251525,-0.67545278316225,0,1,2,3,0.5357831012475852,0.4642168987524148
20,16023209,103,0.5357831012467564,0.5357831012473616,0.07156620249351286,1.2892599251525,-0.67545278316225,1,1,2,3,0.5357831012467564,0.46421689875324357
20,16023209,104,0.5357831012473616,0.535783101246863,0.07156620249472323,1.2892599251525,-0.67545278316225,0,1,2,3,0.5357831012473616,0.4642168987526384
20,16023209,105,0.535783101246863,0.5357831012472272,0.07156620249372603,1.2892599251525,-0.67545278316225,1,1,2,3,0.535783101246863,0.464216898753137
20,16023209,106,0.5357831012472272,0.5357831012469272,0.07156620249445433,1.2892599251525,-0.67545278316225,0,1,2,3,0.5357831012472272,0.46421689875277283
20,16023209,107,0.5357831012469272,0.5357831012471462,0.07156620249385437,1.2892599251525,-0.67545278316225,1,1,2,3,0.5357831012469272,0.4642168987530728
20,16023209,108,0.5357831012471462,0.5357831012473161,0.07156620249429246,1.2892599251525,-0.67545278316225,1,1,2,3,0.5357831012471462,0.46421689875285377
20,16023209,109,0.5357831012473161,0.5357831012474479,0.07156620249463219,1.2892599251525,-0.67545278316225,1,1,2,3,0.5357831012473161,0.4642168987526839
20,16023209,110,0.5357831012474479,0.5357831012473393,0.07156620249489576,1.2892599251525,-0.67545278316225,0,1,2,3,0.5357831012474479,0.4642168987525521
20,16023209,111,0.5357831012473393,0.535783101247255,0.0715662024946786,1.2892599251525,-0.67545278316225,0,1,2,3,0.5357831012473393,0.4642168987526607
20,16023209,112,0.535783101247255,0.5357831012471898,0.07156620249451007,1.2892599251525,-0.67545278316225,0,1,2,3,0.535783101247255,0.46421689875274497
20,16023209,113,0.5357831012471898,0.5357831012472375,0.0715662024943795,1.2892599251525,-0.67545278316225,1,1,2,3,0.5357831012471898,0.46421689875281025
20,16023209,114,0.5357831012472375,0.5357831012472745,0.07156620249447498,1.2892599251525,-0.67545278316225,1,1,2,3,0.5357831012472375,0.4642168987527625
20,16023209,115,0.5357831012472745,0.5357831012473031,0.07156620249454893,1.2892599251525,-0.67545278316225,1,1,2,3,0.5357831012472745,0.46421689875272554
20,16023209,116,0.5357831012473031,0.5357831012473254,0.07156620249460621,1.2892599251525,-0.67545278316225,1,1,2,3,0.5357831012473031,0.4642168987526969
20,16023209,117,0.5357831012473254,0.5357831012473071,0.07156620249465084,1.2892599251525,-0.67545278316225,0,1,2,3,0.5357831012473254,0.4642168987526746
20,16023209,118,0.5357831012473071,0.5357831012473205,0.0715662024946142,1.2892599251525,-0.67545278316225,1,1,2,3,0.5357831012473071,0.4642168987526929
20,16023209,119,0.5357831012473205,0.535783101247331,0.07156620249464107,1.2892599251525,-0.67545278316225,1,1,2,3,0.5357831012473205,0.46421689875267946
20,16023209,120,0.535783101247331,0.535783101247339,0.07156620249466195,1.2892599251525,-0.67545278316225,1,1,2,3,0.535783101247331,0.464216898752669
20,16023209,121,0.535783101247339,0.5357831012473323,0.07156620249467793,1.2892599251525,-0.67545278316225,0,1,2,3,0.535783101247339,0.46421689875266103
20,16023209,122,0.5357831012473323,0.5357831012473372,0.07156620249466461,1.2892599251525,-0.67545278316225,1,1,2,3,0.5357831012473323,0.4642168987526677
20,16023209,123,0.5357831012473372,0.5357831012473409,0.07156620249467438,1.2892599251525,-0.67545278316225,1,1,2,3,0.5357831012473372,0.4642168987526628
20,16023209,124,0.5357831012473409,0.5357831012473439,0.07156620249468171,1.2892599251525,-0.67545278316225,1,1,2,3,0.5357831012473409,0.46421689875265915
20,16023209,125,0.5357831012473439,0.5357831012473414,0.0715662024946877,1.2892599251525,-0.67545278316225,0,1,2,3,0.5357831012473439,0.46421689875265615
20,16023209,126,0.5357831012473414,0.5357831012473432,0.07156620249468282,1.2892599251525,-0.67545278316225,1,1,2,3,0.5357831012473414,0.4642168987526586
20,16023209,127,0.5357831012473432,0.5357831012473417,0.07156620249468637,1.2892599251525,-0.67545278316225,0,1,2,3,0.5357831012473432,0.4642168987526568
20,16023209,128,0.5357831012473417,0.5357831012473429,0.07156620249468348,1.2892599251525,-0.67545278316225,1,1,2,3,0.5357831012473417,0.46421689875265826
20,16023209,129,0.5357831012473429,0.5357831012473419,0.0715662024946857,1.2892599251525,-0.67545278316225,0,1,2,3,0.5357831012473429,0.46421689875265715
20,16023209,130,0.5357831012473419,0.5357831012473425,0.0715662024946837,1.2892599251525,-0.67545278316225,1,1,2,3,0.5357831012473419,0.46421689875265815
20,16023209,131,0.5357831012473425,0.5357831012473421,0.07156620249468504,1.2892599251525,-0.67545278316225,0,1,2,3,0.5357831012473425,0.4642168987526575
20,16023209,132,0.5357831012473421,0.5357831012473424,0.07156620249468415,1.2892599251525,-0.67545278316225,1,1,2,3,0.5357831012473421,0.4642168987526579
20,16023209,133,0.5357831012473424,0.5357831012473427,0.07156620249468482,1.2892599251525,-0.67545278316225,1,1,2,3,0.5357831012473424,0.4642168987526576
20,16023209,134,0.5357831012473427,0.5357831012473425,0.07156620249468548,1.2892599251525,-0.67545278316225,0,1,2,3,0.5357831012473427,0.46421689875265726
20,16023209,135,0.5357831012473425,0.5357831012473423,0.07156620249468504,1.2892599251525,-0.67545278316225,0,1,2,3,0.5357831012473425,0.4642168987526575
20,16023209,136,0.5357831012473423,0.5357831012473424,0.0715662024946846,1.2892599251525,-0.67545278316225,1,1,2,3,0.5357831012473423,0.4642168987526577
20,16023209,137,0.5357831012473424,0.5357831012473426,0.07156620249468482,1.2892599251525,-0.67545278316225,1,1,2,3,0.5357831012473424,0.4642168987526576
20,16023209,138,0.5357831012473426,0.5357831012473426,0.07156620249468526,1.2892599251525,-0.67545278316225,1,1,2,3,0.5357831012473426,0.46421689875265737
20,16023209,139,0.5357831012473426,0.5357831012473427,0.07156620249468526,1.2892599251525,-0.67545278316225,1,1,2,3,0.5357831012473426,0.46421689875265737
20,16023209,140,0.5357831012473427,0.5357831012473429,0.07156620249468548,1.2892599251525,-0.67545278316225,1,1,2,3,0.5357831012473427,0.46421689875265726
20,16023209,141,0.5357831012473429,0.5357831012473427,0.0715662024946857,1.2892599251525,-0.67545278316225,0,1,2,3,0.5357831012473429,0.46421689875265715
20,16023209,142,0.5357831012473427,0.5357831012473427,0.07156620249468548,1.2892599251525,-0.67545278316225,1,1,2,3,0.5357831012473427,0.46421689875265726
20,16023209,143,0.5357831012473427,0.5357831012473427,0.07156620249468548,1.2892599251525,-0.67545278316225,1,1,2,3,0.5357831012473427,0.46421689875265726
20,16023209,144,0.5357831012473427,0.5357831012473427,0.07156620249468548,1.2892599251525,-0.67545278316225,0,1,2,3,0.5357831012473427,0.46421689875265726
20,16023209,145,0.5357831012473427,0.5357831012473427,0.07156620249468548,1.2892599251525,-0.67545278316225,1,1,2,3,0.5357831012473427,0.46421689875265726
20,16023209,146,0.5357831012473427,0.5357831012473427,0.07156620249468548,1.2892599251525,-0.67545278316225,0,1,2,3,0.5357831012473427,0.46421689875265726
20,16023209,147,0.5357831012473427,0.5357831012473426,0.07156620249468548,1.2892599251525,-0.67545278316225,0,1,2,3,0.5357831012473427,0.46421689875265726
20,16023209,148,0.5357831012473426,0.5357831012473427,0.07156620249468526,1.2892599251525,-0.67545278316225,1,1,2,3,0.5357831012473426,0.46421689875265737
20,16023209,149,0.5357831012473427,0.5357831012473426,0.07156620249468548,1.2892599251525,-0.67545278316225,0,1,2,3,0.5357831012473427,0.46421689875265726
20,16023209,150,0.5357831012473426,0.5357831012473426,0.07156620249468526,1.2892599251525,-0.67545278316225,1,1,2,3,0.5357831012473426,0.46421689875265737
20,16023209,151,0.5357831012473426,0.5357831012473426,0.07156620249468526,1.2892599251525,-0.67545278316225,1,1,2,3,0.5357831012473426,0.46421689875265737
20,16023209,152,0.5357831012473426,0.5357831012473427,0.07156620249468526,1.2892599251525,-0.67545278316225,1,1,2,3,0.5357831012473426,0.46421689875265737
20,16023209,153,0.5357831012473427,0.5357831012473427,0.07156620249468548,1.2892599251525,-0.67545278316225,1,1,2,3,0.5357831012473427,0.46421689875265726
20,16023209,154,0.5357831012473427,0.5357831012473427,0.07156620249468548,1.2892599251525,-0.67545278316225,1,1,2,3,0.5357831012473427,0.46421689875265726
20,16023209,155,0.5357831012473427,0.5357831012473427,0.07156620249468548,1.2892599251525,-0.67545278316225,1,1,2,3,0.5357831012473427,0.46421689875265726
20,16023209,156,0.5357831012473427,0.5357831012473427,0.07156620249468548,1.2892599251525,-0.67545278316225,0,1,2,3,0.5357831012473427,0.46421689875265726
20,16023209,157,0.5357831012473427,0.5357831012473427,0.07156620249468548,1.2892599251525,-0.67545278316225,1,1,2,3,0.5357831012473427,0.46421689875265726
20,16023209,158,0.5357831012473427,0.5357831012473427,0.07156620249468548,1.2892599251525,-0.67545278316225,1,1,2,3,0.5357831012473427,0.46421689875265726
20,16023209,159,0.5357831012473427,0.5357831012473427,0.07156620249468548,1.2892599251525,-0.67545278316225,1,1,2,3,0.5357831012473427,0.46421689875265726
20,16023209,160,0.5357831012473427,0.5357831012473427,0.07156620249468548,1.2892599251525,-0.67545278316225,0,1,2,3,0.5357831012473427,0.46421689875265726
20,16023209,161,0.5357831012473427,0.5357831012473427,0.07156620249468548,1.2892599251525,-0.67545278316225,0,1,2,3,0.5357831012473427,0.46421689875265726
20,16023209,162,0.5357831012473427,0.5357831012473426,0.07156620249468548,1.2892599251525,-0.67545278316225,1,1,2,3,0.5357831012473427,0.46421689875265726
20,16023209,163,0.5357831012473426,0.5357831012473427,0.07156620249468526,1.2892599251525,-0.67545278316225,1,1,2,3,0.5357831012473426,0.46421689875265737
20,16023209,164,0.5357831012473427,0.5357831012473427,0.07156620249468548,1.2892599251525,-0.67545278316225,0,1,2,3,0.5357831012473427,0.46421689875265726
20,16023209,165,0.5357831012473427,0.5357831012473426,0.07156620249468548,1.2892599251525,-0.67545278316225,1,1,2,3,0.5357831012473427,0.46421689875265726
20,16023209,166,0.5357831012473426,0.5357831012473427,0.07156620249468526,1.2892599251525,-0.67545278316225,1,1,2,3,0.5357831012473426,0.46421689875265737
20,16023209,167,0.5357831012473427,0.5357831012473427,0.07156620249468548,1.2892599251525,-0.67545278316225,1,1,2,3,0.5357831012473427,0.46421689875265726
20,16023209,168,0.5357831012473427,0.5357831012473427,0.07156620249468548,1.2892599251525,-0.67545278316225,1,1,2,3,0.5357831012473427,0.46421689875265726
20,16023209,169,0.5357831012473427,0.5357831012473427,0.07156620249468548,1.2892599251525,-0.67545278316225,1,1,2,3,0.5357831012473427,0.46421689875265726
20,16023209,170,0.5357831012473427,0.5357831012473427,0.07156620249468548,1.2892599251525,-0.67545278316225,1,1,2,3,0.5357831012473427,0.46421689875265726
20,16023209,171,0.5357831012473427,0.5357831012473427,0.07156620249468548,1.2892599251525,-0.67545278316225,0,1,2,3,0.5357831012473427,0.46421689875265726
20,16023209,172,0.5357831012473427,0.5357831012473427,0.07156620249468548,1.2892599251525,-0.67545278316225,1,1,2,3,0.5357831012473427,0.46421689875265726
20,16023209,173,0.5357831012473427,0.5357831012473427,0.07156620249468548,1.2892599251525,-0.67545278316225,0,1,2,3,0.5357831012473427,0.46421689875265726
20,16023209,174,0.5357831012473427,0.5357831012473429,0.07156620249468548,1.2892599251525,-0.67545278316225,0,1,2,3,0.5357831012473427,0.46421689875265726
20,16023209,175,0.5357831012473429,0.5357831012473427,0.0715662024946857,1.2892599251525,-0.67545278316225,1,1,2,3,0.5357831012473429,0.46421689875265715
20,16023209,176,0.5357831012473427,0.5357831012473427,0.07156620249468548,1.2892599251525,-0.67545278316225,0,1,2,3,0.5357831012473427,0.46421689875265726
20,16023209,177,0.5357831012473427,0.5357831012473429,0.07156620249468548,1.2892599251525,-0.67545278316225,1,1,2,3,0.5357831012473427,0.46421689875265726
20,16023209,178,0.5357831012473429,0.5357831012473429,0.0715662024946857,1.2892599251525,-0.67545278316225,1,1,2,3,0.5357831012473429,0.46421689875265715
20,16023209,179,0.5357831012473429,0.5357831012473427,0.0715662024946857,1.2892599251525,-0.67545278316225,1,1,2,3,0.5357831012473429,0.46421689875265715
20,16023209,180,0.5357831012473427,0.5357831012473429,0.07156620249468548,1.2892599251525,-0.67545278316225,0,1,2,3,0.5357831012473427,0.46421689875265726
20,16023209,181,0.5357831012473429,0.5357831012473429,0.0715662024946857,1.2892599251525,-0.67545278316225,0,1,2,3,0.5357831012473429,0.46421689875265715
20,16023209,182,0.5357831012473429,0.5357831012473429,0.0715662024946857,1.2892599251525,-0.67545278316225,1,1,2,3,0.5357831012473429,0.46421689875265715
20,16023209,183,0.5357831012473429,0.5357831012473429,0.0715662024946857,1.2892599251525,-0.67545278316225,1,1,2,3,0.5357831012473429,0.46421689875265715
20,16023209,184,0.5357831012473429,0.5357831012473429,0.0715662024946857,1.2892599251525,-0.67545278316225,1,1,2,3,0.5357831012473429,0.46421689875265715
20,16023209,185,0.5357831012473429,0.5357831012473429,0.0715662024946857,1.2892599251525,-0.67545278316225,1,1,2,3,0.5357831012473429,0.46421689875265715
20,16023209,186,0.5357831012473429,0.5357831012473429,0.0715662024946857,1.2892599251525,-0.67545278316225,0,1,2,3,0.5357831012473429,0.46421689875265715
20,16023209,187,0.5357831012473429,0.5357831012473429,0.0715662024946857,1.2892599251525,-0.67545278316225,0,1,2,3,0.5357831012473429,0.46421689875265715
20,16023209,188,0.5357831012473429,0.5357831012473429,0.0715662024946857,1.2892599251525,-0.67545278316225,1,1,2,3,0.5357831012473429,0.46421689875265715
20,16023209,189,0.5357831012473429,0.5357831012473429,0.0715662024946857,1.2892599251525,-0.67545278316225,0,1,2,3,0.5357831012473429,0.46421689875265715
20,16023209,190,0.5357831012473429,0.5357831012473429,0.0715662024946857,1.2892599251525,-0.67545278316225,1,1,2,3,0.5357831012473429,0.46421689875265715
20,16023209,191,0.5357831012473429,0.535783101247343,0.0715662024946857,1.2892599251525,-0.67545278316225,1,1,2,3,0.5357831012473429,0.46421689875265715
20,16023209,192,0.535783101247343,0.535783101247343,0.07156620249468593,1.2892599251525,-0.67545278316225,1,1,2,3,0.535783101247343,0.46421689875265704
20,16023209,193,0.535783101247343,0.535783101247343,0.07156620249468593,1.2892599251525,-0.67545278316225,1,1,2,3,0.535783101247343,0.46421689875265704
20,16023209,194,0.535783101247343,0.5357831012473429,0.07156620249468593,1.2892599251525,-0.67545278316225,0,1,2,3,0.535783101247343,0.46421689875265704
20,16023209,195,0.5357831012473429,0.5357831012473429,0.0715662024946857,1.2892599251525,-0.67545278316225,1,1,2,3,0.5357831012473429,0.46421689875265715
20,16023209,196,0.5357831012473429,0.535783101247343,0.0715662024946857,1.2892599251525,-0.67545278316225,1,1,2,3,0.5357831012473429,0.46421689875265715
20,16023209,197,0.535783101247343,0.535783101247343,0.07156620249468593,1.2892599251525,-0.67545278316225,1,1,2,3,0.535783101247343,0.46421689875265704
20,16023209,198,0.535783101247343,0.535783101247343,0.07156620249468593,1.2892599251525,-0.67545278316225,1,1,2,3,0.535783101247343,0.46421689875265704
20,16023209,199,0.535783101247343,0.535783101247343,0.07156620249468593,1.2892599251525,-0.67545278316225,0,1,2,3,0.535783101247343,0.46421689875265704
20,16023209,200,0.535783101247343,0.535783101247343,0.07156620249468593,1.2892599251525,-0.67545278316225,0,1,2,3,0.535783101247343,0.46421689875265704
20,16023209,201,0.535783101247343,0.535783101247343,0.07156620249468593,1.2892599251525,-0.67545278316225,0,1,2,3,0.535783101247343,0.46421689875265704
20,16023209,202,0.535783101247343,0.535783101247343,0.07156620249468593,1.2892599251525,-0.67545278316225,1,1,2,3,0.535783101247343,0.46421689875265704
20,16023209,203,0.535783101247343,0.5357831012473431,0.07156620249468593,1.2892599251525,-0.67545278316225,1,1,2,3,0.535783101247343,0.46421689875265704
20,16023209,204,0.5357831012473431,0.535783101247343,0.07156620249468615,1.2892599251525,-0.67545278316225,0,1,2,3,0.5357831012473431,0.4642168987526569
20,16023209,205,0.535783101247343,0.535783101247343,0.07156620249468593,1.2892599251525,-0.67545278316225,1,1,2,3,0.535783101247343,0.46421689875265704
20,16023209,206,0.535783101247343,0.535783101247343,0.07156620249468593,1.2892599251525,-0.67545278316225,1,1,2,3,0.535783101247343,0.46421689875265704
20,16023209,207,0.535783101247343,0.535783101247343,0.07156620249468593,1.2892599251525,-0.67545278316225,1,1,2,3,0.535783101247343,0.46421689875265704
20,16023209,208,0.535783101247343,0.535783101247343,0.07156620249468593,1.2892599251525,-0.67545278316225,0,1,2,3,0.535783101247343,0.46421689875265704
20,16023209,209,0.535783101247343,0.535783101247343,0.07156620249468593,1.2892599251525,-0.67545278316225,0,1,2,3,0.535783101247343,0.46421689875265704
20,16023209,210,0.535783101247343,0.535783101247343,0.07156620249468593,1.2892599251525,-0.67545278316225,1,1,2,3,0.535783101247343,0.46421689875265704
20,16023209,211,0.535783101247343,0.535783101247343,0.07156620249468593,1.2892599251525,-0.67545278316225,1,1,2,3,0.535783101247343,0.46421689875265704
20,16023209,212,0.535783101247343,0.5357831012473429,0.07156620249468593,1.2892599251525,-0.67545278316225,1,1,2,3,0.535783101247343,0.46421689875265704
20,16023209,213,0.5357831012473429,0.5357831012473429,0.0715662024946857,1.2892599251525,-0.67545278316225,0,1,2,3,0.5357831012473429,0.46421689875265715
20,16023209,214,0.5357831012473429,0.5357831012473429,0.0715662024946857,1.2892599251525,-0.67545278316225,1,1,2,3,0.5357831012473429,0.46421689875265715
20,16023209,215,0.5357831012473429,0.5357831012473429,0.0715662024946857,1.2892599251525,-0.67545278316225,1,1,2,3,0.5357831012473429,0.46421689875265715
20,16023209,216,0.5357831012473429,0.5357831012473429,0.0715662024946857,1.2892599251525,-0.67545278316225,0,1,2,3,0.5357831012473429,0.46421689875265715
20,16023209,217,0.5357831012473429,0.5357831012473429,0.0715662024946857,1.2892599251525,-0.67545278316225,1,1,2,3,0.5357831012473429,0.46421689875265715
20,16023209,218,0.5357831012473429,0.535783101247343,0.0715662024946857,1.2892599251525,-0.67545278316225,1,1,2,3,0.5357831012473429,0.46421689875265715
20,16023209,219,0.535783101247343,0.5357831012473429,0.07156620249468593,1.2892599251525,-0.67545278316225,0,1,2,3,0.535783101247343,0.46421689875265704
20,16023209,220,0.5357831012473429,0.535783101247343,0.0715662024946857,1.2892599251525,-0.67545278316225,1,1,2,3,0.5357831012473429,0.46421689875265715
20,16023209,221,0.535783101247343,0.535783101247343,0.07156620249468593,1.2892599251525,-0.67545278316225,1,1,2,3,0.535783101247343,0.46421689875265704
20,16023209,222,0.535783101247343,0.535783101247343,0.07156620249468593,1.2892599251525,-0.67545278316225,0,1,2,3,0.535783101247343,0.46421689875265704
20,16023209,223,0.535783101247343,0.5357831012473429,0.07156620249468593,1.2892599251525,-0.67545278316225,1,1,2,3,0.535783101247343,0.46421689875265704
20,16023209,224,0.5357831012473429,0.5357831012473429,0.0715662024946857,1.2892599251525,-0.67545278316225,0,1,2,3,0.5357831012473429,0.46421689875265715
20,16023209,225,0.5357831012473429,0.5357831012473429,0.0715662024946857,1.2892599251525,-0.67545278316225,1,1,2,3,0.5357831012473429,0.46421689875265715
20,16023209,226,0.5357831012473429,0.5357831012473429,0.0715662024946857,1.2892599251525,-0.67545278316225,1,1,2,3,0.5357831012473429,0.46421689875265715
20,16023209,227,0.5357831012473429,0.5357831012473429,0.0715662024946857,1.2892599251525,-0.67545278316225,0,1,2,3,0.5357831012473429,0.46421689875265715
20,16023209,228,0.5357831012473429,0.5357831012473429,0.0715662024946857,1.2892599251525,-0.67545278316225,0,1,2,3,0.5357831012473429,0.46421689875265715
20,16023209,229,0.5357831012473429,0.535783101247343,0.0715662024946857,1.2892599251525,-0.67545278316225,1,1,2,3,0.5357831012473429,0.46421689875265715
20,16023209,230,0.535783101247343,0.535783101247343,0.07156620249468593,1.2892599251525,-0.67545278316225,1,1,2,3,0.535783101247343,0.46421689875265704
20,16023209,231,0.535783101247343,0.5357831012473429,0.07156620249468593,1.2892599251525,-0.67545278316225,0,1,2,3,0.535783101247343,0.46421689875265704
20,16023209,232,0.5357831012473429,0.5357831012473429,0.0715662024946857,1.2892599251525,-0.67545278316225,1,1,2,3,0.5357831012473429,0.46421689875265715
20,16023209,233,0.5357831012473429,0.5357831012473429,0.0715662024946857,1.2892599251525,-0.67545278316225,1,1,2,3,0.5357831012473429,0.46421689875265715
20,16023209,234,0.5357831012473429,0.5357831012473429,0.0715662024946857,1.2892599251525,-0.67545278316225,1,1,2,3,0.5357831012473429,0.46421689875265715
20,16023209,235,0.5357831012473429,0.5357831012473429,0.0715662024946857,1.2892599251525,-0.67545278316225,1,1,2,3,0.5357831012473429,0.46421689875265715
20,16023209,236,0.5357831012473429,0.535783101247343,0.0715662024946857,1.2892599251525,-0.67545278316225,1,1,2,3,0.5357831012473429,0.46421689875265715
20,16023209,237,0.535783101247343,0.5357831012473429,0.07156620249468593,1.2892599251525,-0.67545278316225,1,1,2,3,0.535783101247343,0.46421689875265704
20,16023209,238,0.5357831012473429,0.535783101247343,0.0715662024946857,1.2892599251525,-0.67545278316225,0,1,2,3,0.5357831012473429,0.46421689875265715
20,16023209,239,0.535783101247343,0.535783101247343,0.07156620249468593,1.2892599251525,-0.67545278316225,1,1,2,3,0.535783101247343,0.46421689875265704
20,16023209,240,0.535783101247343,0.535783101247343,0.07156620249468593,1.2892599251525,-0.67545278316225,0,1,2,3,0.535783101247343,0.46421689875265704
21,16026769,1,0.5,0.3333333333333333,0,0.7894615569368358,-1.1120878289925,0,2,1,2,0.5,0.5
21,16026769,2,0.3333333333333333,0.2638897334027417,0.33333333333333337,0.7894615569368358,-1.1120878289925,0,2,1,2,0.6666666666666667,0.3333333333333333
21,16026769,3,0.2638897334027417,0.22661805311816702,0.4722205331945166,0.7894615569368358,-1.1120878289925,0,2,1,2,0.7361102665972583,0.2638897334027417
21,16026769,4,0.22661805311816702,0.4077685896809186,0.546763893763666,0.7894615569368358,-1.1120878289925,1,2,1,2,0.773381946881833,0.22661805311816702
21,16026769,5,0.4077685896809186,0.33806911060694383,0.18446282063816277,0.7894615569368358,-1.1120878289925,0,2,1,2,0.5922314103190813,0.4077685896809186
21,16026769,6,0.33806911060694383,0.28987421537399466,0.32386177878611233,0.7894615569368358,-1.1120878289925,0,2,1,2,0.6619308893930562,0.33806911060694383
21,16026769,7,0.28987421537399466,0.25540018170801243,0.4202515692520107,0.7894615569368358,-1.1120878289925,0,2,1,2,0.7101257846260054,0.28987421537399466
21,16026769,8,0.25540018170801243,0.39589190894597653,0.48919963658397514,0.7894615569368358,-1.1120878289925,1,2,1,2,0.7445998182919875,0.25540018170801243
21,16026769,9,0.39589190894597653,0.33896153358483505,0.20821618210804693,0.7894615569368358,-1.1120878289925,0,2,1,2,0.6041080910540235,0.39589190894597653
21,16026769,10,0.33896153358483505,0.29594246912587885,0.3220769328303299,0.7894615569368358,-1.1120878289925,0,2,1,2,0.661038466415165,0.33896153358483505
21,16026769,11,0.29594246912587885,0.4194329417222254,0.4081150617482423,0.7894615569368358,-1.1120878289925,1,2,1,2,0.7040575308741212,0.29594246912587885
21,16026769,12,0.4194329417222254,0.5143887813846063,0.1611341165555492,0.7894615569368358,-1.1120878289925,1,2,1,2,0.5805670582777747,0.4194329417222254
21,16026769,13,0.5143887813846063,0.4346872252422754,0.028777562769212617,0.7894615569368358,-1.1120878289925,0,2,1,2,0.4856112186153937,0.5143887813846063
21,16026769,14,0.4346872252422754,0.5248323243480277,0.13062554951544925,0.7894615569368358,-1.1120878289925,1,2,1,2,0.5653127747577247,0.4346872252422754
21,16026769,15,0.5248323243480277,0.5951073361726326,0.04966464869605547,0.7894615569368358,-1.1120878289925,1,2,1,2,0.47516767565197227,0.5248323243480277
21,16026769,16,0.5951073361726326,0.6500407271595021,0.19021467234526512,0.7894615569368358,-1.1120878289925,1,2,1,2,0.40489266382736744,0.5951073361726326
21,16026769,17,0.6500407271595021,0.5430207602468742,0.30008145431900424,0.7894615569368358,-1.1120878289925,0,2,1,2,0.3499592728404979,0.6500407271595021
21,16026769,18,0.5430207602468742,0.45904770388776756,0.08604152049374836,0.7894615569368358,-1.1120878289925,0,2,1,2,0.4569792397531258,0.5430207602468742
21,16026769,19,0.45904770388776756,0.3930726024712404,0.08190459222446489,0.7894615569368358,-1.1120878289925,0,2,1,2,0.5409522961122324,0.45904770388776756
21,16026769,20,0.3930726024712404,0.3411849549545233,0.21385479505751925,0.7894615569368358,-1.1120878289925,0,2,1,2,0.6069273975287597,0.3930726024712404
21,16026769,21,0.3411849549545233,0.4492295102584108,0.31763009009095344,0.7894615569368358,-1.1120878289925,1,2,1,2,0.6588150450454767,0.3411849549545233
21,16026769,22,0.4492295102584108,0.3855947658451396,0.10154097948317842,0.7894615569368358,-1.1120878289925,0,2,1,2,0.5507704897415893,0.4492295102584108
21,16026769,23,0.3855947658451396,0.33545085188759316,0.22881046830972085,0.7894615569368358,-1.1120878289925,0,2,1,2,0.6144052341548605,0.3855947658451396
21,16026769,24,0.33545085188759316,0.4444352954664953,0.3290982962248137,0.7894615569368358,-1.1120878289925,1,2,1,2,0.6645491481124068,0.33545085188759316
21,16026769,25,0.4444352954664953,0.38193745762728576,0.11112940906700941,0.7894615569368358,-1.1120878289925,0,2,1,2,0.5555647045335047,0.4444352954664953
21,16026769,26,0.38193745762728576,0.3326428191410749,0.23612508474542848,0.7894615569368358,-1.1120878289925,0,2,1,2,0.6180625423727142,0.38193745762728576
21,16026769,27,0.3326428191410749,0.4420851842549966,0.3347143617178502,0.7894615569368358,-1.1120878289925,1,2,1,2,0.6673571808589251,0.3326428191410749
21,16026769,28,0.4420851842549966,0.3801432412596263,0.1158296314900068,0.7894615569368358,-1.1120878289925,0,2,1,2,0.5579148157450033,0.4420851842549966
21,16026769,29,0.3801432412596263,0.47952844541792927,0.23971351748074743,0.7894615569368358,-1.1120878289925,1,2,1,2,0.6198567587403737,0.3801432412596263
21,16026769,30,0.47952844541792927,0.5579614711973611,0.040943109164141456,0.7894615569368358,-1.1120878289925,1,2,1,2,0.5204715545820707,0.47952844541792927
21,16026769,31,0.5579614711973611,0.47164139659486615,0.11592294239472212,0.7894615569368358,-1.1120878289925,0,2,1,2,0.44203852880263894,0.5579614711973611
21,16026769,32,0.47164139659486615,0.4035100463828808,0.056717206810267706,0.7894615569368358,-1.1120878289925,0,2,1,2,0.5283586034051339,0.47164139659486615
21,16026769,33,0.4035100463828808,0.3497323293971947,0.1929799072342384,0.7894615569368358,-1.1120878289925,0,2,1,2,0.5964899536171192,0.4035100463828808
21,16026769,34,0.3497323293971947,0.3072827244724863,0.30053534120561065,0.7894615569368358,-1.1120878289925,0,2,1,2,0.6502676706028053,0.3497323293971947
21,16026769,35,0.3072827244724863,0.4219547753555259,0.38543455105502744,0.7894615569368358,-1.1120878289925,1,2,1,2,0.6927172755275137,0.3072827244724863
21,16026769,36,0.4219547753555259,0.36430105053119405,0.15609044928894822,0.7894615569368358,-1.1120878289925,0,2,1,2,0.578045224644474,0.4219547753555259
21,16026769,37,0.36430105053119405,0.318788728878032,0.2713978989376119,0.7894615569368358,-1.1120878289925,0,2,1,2,0.6356989494688059,0.36430105053119405
21,16026769,38,0.318788728878032,0.28286041857232663,0.362422542243936,0.7894615569368358,-1.1120878289925,0,2,1,2,0.681211271121968,0.318788728878032
21,16026769,39,0.28286041857232663,0.2544975940908711,0.43427916285534673,0.7894615569368358,-1.1120878289925,0,2,1,2,0.7171395814276733,0.28286041857232663
21,16026769,40,0.2544975940908711,0.3802692867013242,0.49100481181825784,0.7894615569368358,-1.1120878289925,1,2,1,2,0.7455024059091289,0.2544975940908711
21,16026769,41,0.3802692867013242,0.3313980046601376,0.2394614265973516,0.7894615569368358,-1.1120878289925,0,2,1,2,0.6197307132986758,0.3802692867013242
21,16026769,42,0.3313980046601376,0.29281680622333,0.33720399067972484,0.7894615569368358,-1.1120878289925,0,2,1,2,0.6686019953398624,0.3313980046601376
21,16026769,43,0.29281680622333,0.2623589318057474,0.41436638755334,0.7894615569368358,-1.1120878289925,0,2,1,2,0.7071831937766699,0.29281680622333
21,16026769,44,0.2623589318057474,0.3864712421836353,0.47528213638850525,0.7894615569368358,-1.1120878289925,1,2,1,2,0.7376410681942527,0.2623589318057474
21,16026769,45,0.3864712421836353,0.48445214037980133,0.22705751563272936,0.7894615569368358,-1.1120878289925,1,2,1,2,0.6135287578163646,0.3864712421836353
21,16026769,46,0.48445214037980133,0.41364754246583735,0.031095719240397335,0.7894615569368358,-1.1120878289925,0,2,1,2,0.5155478596201987,0.48445214037980133
21,16026769,47,0.41364754246583735,0.3577503897667403,0.1727049150683253,0.7894615569368358,-1.1120878289925,0,2,1,2,0.5863524575341627,0.41364754246583735
21,16026769,48,0.3577503897667403,0.4617773417656278,0.28449922046651943,0.7894615569368358,-1.1120878289925,1,2,1,2,0.6422496102332598,0.3577503897667403
21,16026769,49,0.4617773417656278,0.39574717113513747,0.07644531646874442,0.7894615569368358,-1.1120878289925,0,2,1,2,0.5382226582343722,0.4617773417656278
21,16026769,50,0.39574717113513747,0.3436190529038299,0.20850565772972507,0.7894615569368358,-1.1120878289925,0,2,1,2,0.6042528288648625,0.39574717113513747
21,16026769,51,0.3436190529038299,0.3024660091635158,0.31276189419234024,0.7894615569368358,-1.1120878289925,0,2,1,2,0.6563809470961701,0.3436190529038299
21,16026769,52,0.3024660091635158,0.26997732652569917,0.3950679816729684,0.7894615569368358,-1.1120878289925,0,2,1,2,0.6975339908364842,0.3024660091635158
21,16026769,53,0.26997732652569917,0.3924833307452636,0.46004534694860166,0.7894615569368358,-1.1120878289925,1,2,1,2,0.7300226734743008,0.26997732652569917
21,16026769,54,0.3924833307452636,0.34104254275417,0.21503333850947282,0.7894615569368358,-1.1120878289925,0,2,1,2,0.6075166692547365,0.3924833307452636
21,16026769,55,0.34104254275417,0.30043205713655974,0.31791491449166,0.7894615569368358,-1.1120878289925,0,2,1,2,0.65895745724583,0.34104254275417
21,16026769,56,0.30043205713655974,0.2683716642146266,0.3991358857268805,0.7894615569368358,-1.1120878289925,0,2,1,2,0.6995679428634403,0.30043205713655974
21,16026769,57,0.2683716642146266,0.3912155316365656,0.4632566715707468,0.7894615569368358,-1.1120878289925,1,2,1,2,0.7316283357853735,0.2683716642146266
21,16026769,58,0.3912155316365656,0.48819599669368924,0.21756893672686883,0.7894615569368358,-1.1120878289925,1,2,1,2,0.6087844683634345,0.3912155316365656
21,16026769,59,0.48819599669368924,0.4166040723084349,0.023608006612621524,0.7894615569368358,-1.1120878289925,0,2,1,2,0.5118040033063107,0.48819599669368924
21,16026769,60,0.4166040723084349,0.5082392424083741,0.16679185538313024,0.7894615569368358,-1.1120878289925,1,2,1,2,0.5833959276915651,0.4166040723084349
21,16026769,61,0.5082392424083741,0.43242745928264853,0.016478484816748296,0.7894615569368358,-1.1120878289925,0,2,1,2,0.49176075759162585,0.5082392424083741
21,16026769,62,0.43242745928264853,0.3725769819160121,0.13514508143470294,0.7894615569368358,-1.1120878289925,0,2,1,2,0.5675725407173515,0.43242745928264853
21,16026769,63,0.3725769819160121,0.4734815266456525,0.25484603616797585,0.7894615569368358,-1.1120878289925,1,2,1,2,0.6274230180839879,0.3725769819160121
21,16026769,64,0.4734815266456525,0.40498759506050586,0.053036946708694965,0.7894615569368358,-1.1120878289925,0,2,1,2,0.5265184733543475,0.4734815266456525
21,16026769,65,0.40498759506050586,0.35091427406890474,0.1900248098789883,0.7894615569368358,-1.1120878289925,0,2,1,2,0.5950124049394941,0.40498759506050586
21,16026769,66,0.35091427406890474,0.4563796398446889,0.2981714518621905,0.7894615569368358,-1.1120878289925,1,2,1,2,0.6490857259310953,0.35091427406890474
21,16026769,67,0.4563796398446889,0.5396404870313855,0.08724072031062224,0.7894615569368358,-1.1120878289925,1,2,1,2,0.5436203601553111,0.4563796398446889
21,16026769,68,0.5396404870313855,0.4572175578278571,0.0792809740627709,0.7894615569368358,-1.1120878289925,0,2,1,2,0.46035951296861455,0.5396404870313855
21,16026769,69,0.4572175578278571,0.39214782609184184,0.08556488434428577,0.7894615569368358,-1.1120878289925,0,2,1,2,0.5427824421721429,0.4572175578278571
21,16026769,70,0.39214782609184184,0.3407777757872589,0.2157043478163163,0.7894615569368358,-1.1120878289925,0,2,1,2,0.6078521739081582,0.39214782609184184
21,16026769,71,0.3407777757872589,0.3002230967796376,0.31844444842548225,0.7894615569368358,-1.1120878289925,0,2,1,2,0.6592222242127411,0.3407777757872589
21,16026769,72,0.3002230967796376,0.41636089498550716,0.3995538064407248,0.7894615569368358,-1.1120878289925,1,2,1,2,0.6997769032203625,0.3002230967796376
21,16026769,73,0.41636089498550716,0.3598930639337332,0.16727821002898569,0.7894615569368358,-1.1120878289925,0,2,1,2,0.5836391050144929,0.41636089498550716
21,16026769,74,0.3598930639337332,0.315313882593824,0.28021387213253357,0.7894615569368358,-1.1120878289925,0,2,1,2,0.6401069360662668,0.3598930639337332
21,16026769,75,0.315313882593824,0.2801203329848301,0.36937223481235204,0.7894615569368358,-1.1120878289925,0,2,1,2,0.684686117406176,0.315313882593824
21,16026769,76,0.2801203329848301,0.40049053380228183,0.43975933403033984,0.7894615569368358,-1.1120878289925,1,2,1,2,0.7198796670151699,0.2801203329848301
21,16026769,77,0.40049053380228183,0.49551817944595683,0.19901893239543633,0.7894615569368358,-1.1120878289925,1,2,1,2,0.5995094661977182,0.40049053380228183
21,16026769,78,0.49551817944595683,0.42238469773332904,0.00896364110808634,0.7894615569368358,-1.1120878289925,0,2,1,2,0.5044818205540431,0.49551817944595683
21,16026769,79,0.42238469773332904,0.5128027798524976,0.15523060453334192,0.7894615569368358,-1.1120878289925,1,2,1,2,0.577615302266671,0.42238469773332904
21,16026769,80,0.5128027798524976,0.43603022545591524,0.025605559704995118,0.7894615569368358,-1.1120878289925,0,2,1,2,0.48719722014750244,0.5128027798524976
21,16026769,81,0.43603022545591524,0.523575399218122,0.1279395490881695,0.7894615569368358,-1.1120878289925,1,2,1,2,0.5639697745440848,0.43603022545591524
21,16026769,82,0.523575399218122,0.44453479443099136,0.047150798436244035,0.7894615569368358,-1.1120878289925,0,2,1,2,0.476424600781878,0.523575399218122
21,16026769,83,0.44453479443099136,0.5302894293664034,0.11093041113801727,0.7894615569368358,-1.1120878289925,1,2,1,2,0.5554652055690086,0.44453479443099136
21,16026769,84,0.5302894293664034,0.44983526320268935,0.060578858732806884,0.7894615569368358,-1.1120878289925,0,2,1,2,0.46971057063359656,0.5302894293664034
21,16026769,85,0.44983526320268935,0.5344739456255131,0.1003294735946213,0.7894615569368358,-1.1120878289925,1,2,1,2,0.5501647367973106,0.44983526320268935
21,16026769,86,0.5344739456255131,0.45313877797338986,0.06894789125102618,0.7894615569368358,-1.1120878289925,0,2,1,2,0.4655260543744869,0.5344739456255131
21,16026769,87,0.45313877797338986,0.5370819434970958,0.09372244405322028,0.7894615569368358,-1.1120878289925,1,2,1,2,0.5468612220266101,0.45313877797338986
21,16026769,88,0.5370819434970958,0.45519769206514954,0.07416388699419163,0.7894615569368358,-1.1120878289925,0,2,1,2,0.4629180565029042,0.5370819434970958
21,16026769,89,0.45519769206514954,0.5387073769953388,0.08960461586970092,0.7894615569368358,-1.1120878289925,1,2,1,2,0.5448023079348505,0.45519769206514954
21,16026769,90,0.5387073769953388,0.45648090934526503,0.07741475399067754,0.7894615569368358,-1.1120878289925,0,2,1,2,0.46129262300466123,0.5387073769953388
21,16026769,91,0.45648090934526503,0.5397204276909708,0.08703818130946994,0.7894615569368358,-1.1120878289925,1,2,1,2,0.5435190906547349,0.45648090934526503
21,16026769,92,0.5397204276909708,0.457280673937179,0.07944085538194168,0.7894615569368358,-1.1120878289925,0,2,1,2,0.46027957230902916,0.5397204276909708
21,16026769,93,0.457280673937179,0.3921976575930559,0.08543865212564195,0.7894615569368358,-1.1120878289925,0,2,1,2,0.5427193260628209,0.457280673937179
21,16026769,94,0.3921976575930559,0.34081711818476196,0.21560468481388817,0.7894615569368358,-1.1120878289925,0,2,1,2,0.6078023424069441,0.3921976575930559
21,16026769,95,0.34081711818476196,0.44840831102693984,0.3183657636304761,0.7894615569368358,-1.1120878289925,1,2,1,2,0.6591828818152381,0.34081711818476196
21,16026769,96,0.44840831102693984,0.3851932681629966,0.10318337794612031,0.7894615569368358,-1.1120878289925,0,2,1,2,0.5515916889730601,0.44840831102693984
21,16026769,97,0.3851932681629966,0.3352874220041327,0.2296134636740068,0.7894615569368358,-1.1120878289925,0,2,1,2,0.6148067318370034,0.3851932681629966
21,16026769,98,0.3352874220041327,0.2958886749967603,0.3294251559917346,0.7894615569368358,-1.1120878289925,0,2,1,2,0.6647125779958674,0.3352874220041327
21,16026769,99,0.2958886749967603,0.26478487884386603,0.4082226500064794,0.7894615569368358,-1.1120878289925,0,2,1,2,0.7041113250032397,0.2958886749967603
21,16026769,100,0.26478487884386603,0.24022962750692112,0.47043024231226793,0.7894615569368358,-1.1120878289925,0,2,1,2,0.735215121156134,0.26478487884386603
21,16026769,101,0.24022962750692112,0.22084420055583337,0.5195407449861578,0.7894615569368358,-1.1120878289925,0,2,1,2,0.7597703724930789,0.24022962750692112
21,16026769,102,0.22084420055583337,0.3536943046751488,0.5583115988883333,0.7894615569368358,-1.1120878289925,1,2,1,2,0.7791557994441667,0.22084420055583337
21,16026769,103,0.3536943046751488,0.458574354711217,0.29261139064970243,0.7894615569368358,-1.1120878289925,1,2,1,2,0.6463056953248512,0.3536943046751488
21,16026769,104,0.458574354711217,0.39321896884310176,0.08285129057756602,0.7894615569368358,-1.1120878289925,0,2,1,2,0.541425645288783,0.458574354711217
21,16026769,105,0.39321896884310176,0.34162340416181586,0.21356206231379649,0.7894615569368358,-1.1120878289925,0,2,1,2,0.6067810311568982,0.39321896884310176
21,16026769,106,0.34162340416181586,0.4490448427973573,0.3167531916763683,0.7894615569368358,-1.1120878289925,1,2,1,2,0.6583765958381842,0.34162340416181586
21,16026769,107,0.4490448427973573,0.38569578553124334,0.10191031440528542,0.7894615569368358,-1.1120878289925,0,2,1,2,0.5509551572026428,0.4490448427973573
21,16026769,108,0.38569578553124334,0.3356841401516299,0.22860842893751332,0.7894615569368358,-1.1120878289925,0,2,1,2,0.6143042144687567,0.38569578553124334
21,16026769,109,0.3356841401516299,0.2962018687253755,0.3286317196967402,0.7894615569368358,-1.1120878289925,0,2,1,2,0.66431585984837,0.3356841401516299
21,16026769,110,0.2962018687253755,0.2650321332538695,0.40759626254924897,0.7894615569368358,-1.1120878289925,0,2,1,2,0.7037981312746244,0.2962018687253755
21,16026769,111,0.2650321332538695,0.3885789788179582,0.46993573349226103,0.7894615569368358,-1.1120878289925,1,2,1,2,0.7349678667461306,0.2650321332538695
21,16026769,112,0.3885789788179582,0.33796031041288394,0.22284204236408356,0.7894615569368358,-1.1120878289925,0,2,1,2,0.6114210211820418,0.3885789788179582
21,16026769,113,0.33796031041288394,0.44615297110232066,0.32407937917423213,0.7894615569368358,-1.1120878289925,1,2,1,2,0.6620396895871161,0.33796031041288394
21,16026769,114,0.44615297110232066,0.5315669174592703,0.10769405779535868,0.7894615569368358,-1.1120878289925,1,2,1,2,0.5538470288976793,0.44615297110232066
21,16026769,115,0.5315669174592703,0.45084379107586725,0.06313383491854063,0.7894615569368358,-1.1120878289925,0,2,1,2,0.4684330825407297,0.5315669174592703
21,16026769,116,0.45084379107586725,0.3871159860404502,0.0983124178482655,0.7894615569368358,-1.1120878289925,0,2,1,2,0.5491562089241327,0.45084379107586725
21,16026769,117,0.3871159860404502,0.3368053338570436,0.22576802791909956,0.7894615569368358,-1.1120878289925,0,2,1,2,0.6128840139595497,0.3871159860404502
21,16026769,118,0.3368053338570436,0.29708700805383675,0.3263893322859128,0.7894615569368358,-1.1120878289925,0,2,1,2,0.6631946661429564,0.3368053338570436
21,16026769,119,0.29708700805383675,0.4138850701846564,0.4058259838923265,0.7894615569368358,-1.1120878289925,1,2,1,2,0.7029129919461632,0.29708700805383675
21,16026769,120,0.4138850701846564,0.3579384967033174,0.17222985963068715,0.7894615569368358,-1.1120878289925,0,2,1,2,0.5861149298153436,0.4138850701846564
21,16026769,121,0.3579384967033174,0.3137708276974655,0.2841230065933652,0.7894615569368358,-1.1120878289925,0,2,1,2,0.6420615032966825,0.3579384967033174
21,16026769,122,0.3137708276974655,0.27890215095783927,0.372458344605069,0.7894615569368358,-1.1120878289925,0,2,1,2,0.6862291723025344,0.3137708276974655
21,16026769,123,0.27890215095783927,0.25137467113064943,0.44219569808432146,0.7894615569368358,-1.1120878289925,0,2,1,2,0.7210978490421607,0.27890215095783927
21,16026769,124,0.25137467113064943,0.3777969375060225,0.49725065773870114,0.7894615569368358,-1.1120878289925,1,2,1,2,0.7486253288693505,0.25137467113064943
21,16026769,125,0.3777969375060225,0.32944830329191377,0.244406124987955,0.7894615569368358,-1.1120878289925,0,2,1,2,0.6222030624939775,0.3777969375060225
21,16026769,126,0.32944830329191377,0.4394330687077605,0.34110339341617246,0.7894615569368358,-1.1120878289925,1,2,1,2,0.6705516967080862,0.32944830329191377
21,16026769,127,0.4394330687077605,0.37810765939400204,0.121133862584479,0.7894615569368358,-1.1120878289925,0,2,1,2,0.5605669312922394,0.4394330687077605
21,16026769,128,0.37810765939400204,0.32969360627737504,0.24378468121199592,0.7894615569368358,-1.1120878289925,0,2,1,2,0.621892340605998,0.37810765939400204
21,16026769,129,0.32969360627737504,0.2914725725263009,0.3406127874452499,0.7894615569368358,-1.1120878289925,0,2,1,2,0.670306393722625,0.32969360627737504
21,16026769,130,0.2914725725263009,0.40945268917172034,0.41705485494739825,0.7894615569368358,-1.1120878289925,1,2,1,2,0.7085274274736991,0.2914725725263009
21,16026769,131,0.40945268917172034,0.35443930228792514,0.18109462165655932,0.7894615569368358,-1.1120878289925,0,2,1,2,0.5905473108282797,0.40945268917172034
21,16026769,132,0.35443930228792514,0.31100834822627615,0.2911213954241497,0.7894615569368358,-1.1120878289925,0,2,1,2,0.6455606977120749,0.35443930228792514
21,16026769,133,0.31100834822627615,0.42487543307178965,0.3779833035474477,0.7894615569368358,-1.1120878289925,1,2,1,2,0.6889916517737238,0.31100834822627615
21,16026769,134,0.42487543307178965,0.3666149656995126,0.1502491338564207,0.7894615569368358,-1.1120878289925,0,2,1,2,0.5751245669282103,0.42487543307178965
21,16026769,135,0.3666149656995126,0.32062056641992726,0.26677006860097485,0.7894615569368358,-1.1120878289925,0,2,1,2,0.6333850343004874,0.3666149656995126
21,16026769,136,0.32062056641992726,0.28430975635429145,0.3587588671601455,0.7894615569368358,-1.1120878289925,0,2,1,2,0.6793794335800727,0.32062056641992726
21,16026769,137,0.28430975635429145,0.40379792116451046,0.4313804872914171,0.7894615569368358,-1.1120878289925,1,2,1,2,0.7156902436457085,0.28430975635429145
21,16026769,138,0.40379792116451046,0.34997508033283764,0.19240415767097907,0.7894615569368358,-1.1120878289925,0,2,1,2,0.5962020788354896,0.40379792116451046
21,16026769,139,0.34997508033283764,0.455638170069375,0.3000498393343247,0.7894615569368358,-1.1120878289925,1,2,1,2,0.6500249196671624,0.34997508033283764
21,16026769,140,0.455638170069375,0.5390551174035382,0.08872365986124997,0.7894615569368358,-1.1120878289925,1,2,1,2,0.544361829930625,0.455638170069375
21,16026769,141,0.5390551174035382,0.4567554370626117,0.07811023480707635,0.7894615569368358,-1.1120878289925,0,2,1,2,0.4609448825964618,0.5390551174035382
21,16026769,142,0.4567554370626117,0.5399371567435329,0.08648912587477664,0.7894615569368358,-1.1120878289925,1,2,1,2,0.5432445629373883,0.4567554370626117
21,16026769,143,0.5399371567435329,0.6056059266715162,0.07987431348706586,0.7894615569368358,-1.1120878289925,1,2,1,2,0.46006284325646707,0.5399371567435329
21,16026769,144,0.6056059266715162,0.6574488960209889,0.2112118533430325,0.7894615569368358,-1.1120878289925,1,2,1,2,0.39439407332848375,0.6056059266715162
21,16026769,145,0.6574488960209889,0.5502227738615795,0.31489779204197776,0.7894615569368358,-1.1120878289925,0,2,1,2,0.3425511039790111,0.6574488960209889
21,16026769,146,0.5502227738615795,0.46557187251731286,0.10044554772315895,0.7894615569368358,-1.1120878289925,0,2,1,2,0.4497772261384205,0.5502227738615795
21,16026769,147,0.46557187251731286,0.3987432401459616,0.06885625496537429,0.7894615569368358,-1.1120878289925,0,2,1,2,0.5344281274826872,0.46557187251731286
21,16026769,148,0.3987432401459616,0.34598460398611525,0.20251351970807685,0.7894615569368358,-1.1120878289925,0,2,1,2,0.6012567598540384,0.3987432401459616
21,16026769,149,0.34598460398611525,0.304333688941499,0.3080307920277695,0.7894615569368358,-1.1120878289925,0,2,1,2,0.6540153960138848,0.34598460398611525
21,16026769,150,0.304333688941499,0.2714518927025323,0.39133262211700204,0.7894615569368358,-1.1120878289925,0,2,1,2,0.6956663110585011,0.304333688941499
21,16026769,151,0.2714518927025323,0.24549297864883787,0.45709621459493543,0.7894615569368358,-1.1120878289925,0,2,1,2,0.7285481072974678,0.2714518927025323
21,16026769,152,0.24549297864883787,0.22499941394361875,0.5090140427023242,0.7894615569368358,-1.1120878289925,0,2,1,2,0.7545070213511621,0.24549297864883787
21,16026769,153,0.22499941394361875,0.20882053244425064,0.5500011721127624,0.7894615569368358,-1.1120878289925,0,2,1,2,0.7750005860563812,0.22499941394361875
21,16026769,154,0.20882053244425064,0.3442020809245355,0.5823589351114987,0.7894615569368358,-1.1120878289925,1,2,1,2,0.7911794675557493,0.20882053244425064
21,16026769,155,0.3442020809245355,0.3029264555100284,0.31159583815092895,0.7894615569368358,-1.1120878289925,0,2,1,2,0.6557979190754645,0.3442020809245355
21,16026769,156,0.3029264555100284,0.4184950894650225,0.3941470889799432,0.7894615569368358,-1.1120878289925,1,2,1,2,0.6970735444899716,0.3029264555100284
21,16026769,157,0.4184950894650225,0.5097320831601955,0.16300982106995499,0.7894615569368358,-1.1120878289925,1,2,1,2,0.5815049105349774,0.4184950894650225
21,16026769,158,0.5097320831601955,0.4336060287947504,0.01946416632039094,0.7894615569368358,-1.1120878289925,0,2,1,2,0.49026791683980453,0.5097320831601955
21,16026769,159,0.4336060287947504,0.5216615888502204,0.13278794241049918,0.7894615569368358,-1.1120878289925,1,2,1,2,0.5663939712052496,0.4336060287947504
21,16026769,160,0.5216615888502204,0.44302391493028437,0.04332317770044081,0.7894615569368358,-1.1120878289925,0,2,1,2,0.4783384111497796,0.5216615888502204
21,16026769,161,0.44302391493028437,0.529096647901833,0.11395217013943126,0.7894615569368358,-1.1120878289925,1,2,1,2,0.5569760850697156,0.44302391493028437
21,16026769,162,0.529096647901833,0.44889360822508767,0.058193295803665945,0.7894615569368358,-1.1120878289925,0,2,1,2,0.470903352098167,0.529096647901833
21,16026769,163,0.44889360822508767,0.3855763916508176,0.10221278354982466,0.7894615569368358,-1.1120878289925,0,2,1,2,0.5511063917749124,0.44889360822508767
21,16026769,164,0.3855763916508176,0.48374403673146005,0.22884721669836483,0.7894615569368358,-1.1120878289925,1,2,1,2,0.6144236083491824,0.3855763916508176
21,16026769,165,0.48374403673146005,0.4130894651993741,0.032511926537079905,0.7894615569368358,-1.1120878289925,0,2,1,2,0.51625596326854,0.48374403673146005
21,16026769,166,0.4130894651993741,0.5054645506112211,0.17382106960125177,0.7894615569368358,-1.1120878289925,1,2,1,2,0.5869105348006258,0.4130894651993741
21,16026769,167,0.5054645506112211,0.43023697590435844,0.010929101222442172,0.7894615569368358,-1.1120878289925,0,2,1,2,0.4945354493887789,0.5054645506112211
21,16026769,168,0.43023697590435844,0.37084769765169656,0.13952604819128311,0.7894615569368358,-1.1120878289925,0,2,1,2,0.5697630240956415,0.43023697590435844
21,16026769,169,0.37084769765169656,0.3239621455769951,0.2583046046966069,0.7894615569368358,-1.1120878289925,0,2,1,2,0.6291523023483034,0.37084769765169656
21,16026769,170,0.3239621455769951,0.28694780463825825,0.3520757088460098,0.7894615569368358,-1.1120878289925,0,2,1,2,0.6760378544230049,0.3239621455769951
21,16026769,171,0.28694780463825825,0.25772640541177216,0.4261043907234835,0.7894615569368358,-1.1120878289925,0,2,1,2,0.7130521953617417,0.28694780463825825
21,16026769,172,0.25772640541177216,0.38281138754083016,0.4845471891764557,0.7894615569368358,-1.1120878289925,1,2,1,2,0.7422735945882278,0.25772640541177216
21,16026769,173,0.38281138754083016,0.33340701882358004,0.23437722491833968,0.7894615569368358,-1.1120878289925,0,2,1,2,0.6171886124591699,0.38281138754083016
21,16026769,174,0.33340701882358004,0.29440416897657823,0.3331859623528399,0.7894615569368358,-1.1120878289925,0,2,1,2,0.66659298117642,0.33340701882358004
21,16026769,175,0.29440416897657823,0.4117670718696631,0.41119166204684354,0.7894615569368358,-1.1120878289925,1,2,1,2,0.7055958310234218,0.29440416897657823
21,16026769,176,0.4117670718696631,0.356266418455992,0.1764658562606738,0.7894615569368358,-1.1120878289925,0,2,1,2,0.5882329281303369,0.4117670718696631
21,16026769,177,0.356266418455992,0.31245078620102357,0.287467163088016,0.7894615569368358,-1.1120878289925,0,2,1,2,0.643733581544008,0.356266418455992
21,16026769,178,0.31245078620102357,0.2778600289428443,0.37509842759795287,0.7894615569368358,-1.1120878289925,0,2,1,2,0.6875492137989765,0.31245078620102357
21,16026769,179,0.2778600289428443,0.3987061093204504,0.44427994211431143,0.7894615569368358,-1.1120878289925,1,2,1,2,0.7221399710571557,0.2778600289428443
21,16026769,180,0.3987061093204504,0.4941094440850694,0.20258778135909916,0.7894615569368358,-1.1120878289925,1,2,1,2,0.6012938906795495,0.3987061093204504
21,16026769,181,0.4941094440850694,0.42127255582703915,0.01178111182986119,0.7894615569368358,-1.1120878289925,0,2,1,2,0.5058905559149306,0.4941094440850694
21,16026769,182,0.42127255582703915,0.5119247860786929,0.1574548883459217,0.7894615569368358,-1.1120878289925,1,2,1,2,0.5787274441729608,0.42127255582703915
21,16026769,183,0.5119247860786929,0.43533708345468725,0.0238495721573857,0.7894615569368358,-1.1120878289925,0,2,1,2,0.48807521392130715,0.5119247860786929
21,16026769,184,0.43533708345468725,0.523028189957197,0.1293258330906255,0.7894615569368358,-1.1120878289925,1,2,1,2,0.5646629165453128,0.43533708345468725
21,16026769,185,0.523028189957197,0.4441027939679097,0.04605637991439404,0.7894615569368358,-1.1120878289925,0,2,1,2,0.476971810042803,0.523028189957197
21,16026769,186,0.4441027939679097,0.3817942279683506,0.11179441206418061,0.7894615569368358,-1.1120878289925,0,2,1,2,0.5558972060320904,0.4441027939679097
21,16026769,187,0.3817942279683506,0.3326040104438371,0.23641154406329878,0.7894615569368358,-1.1120878289925,0,2,1,2,0.6182057720316494,0.3817942279683506
21,16026769,188,0.3326040104438371,0.44192437818914554,0.33479197911232583,0.7894615569368358,-1.1120878289925,1,2,1,2,0.667395989556163,0.3326040104438371
21,16026769,189,0.44192437818914554,0.3800744524559917,0.11615124362170892,0.7894615569368358,-1.1120878289925,0,2,1,2,0.5580756218108545,0.44192437818914554
21,16026769,190,0.3800744524559917,0.4794004672485409,0.2398510950880166,0.7894615569368358,-1.1120878289925,1,2,1,2,0.6199255475440083,0.3800744524559917
21,16026769,191,0.4794004672485409,0.4096603840727255,0.041199065502918186,0.7894615569368358,-1.1120878289925,0,2,1,2,0.5205995327514591,0.4794004672485409
21,16026769,192,0.4096603840727255,0.3546032694278418,0.18067923185454904,0.7894615569368358,-1.1120878289925,0,2,1,2,0.5903396159272745,0.4096603840727255
21,16026769,193,0.3546032694278418,0.3111377939798421,0.29079346114431637,0.7894615569368358,-1.1120878289925,0,2,1,2,0.6453967305721582,0.3546032694278418
21,16026769,194,0.3111377939798421,0.2768234720596644,0.3777244120403158,0.7894615569368358,-1.1120878289925,0,2,1,2,0.6888622060201579,0.3111377939798421
21,16026769,195,0.2768234720596644,0.3978877875096017,0.4463530558806712,0.7894615569368358,-1.1120878289925,1,2,1,2,0.7231765279403356,0.2768234720596644
21,16026769,196,0.3978877875096017,0.34530925701592885,0.20422442498079663,0.7894615569368358,-1.1120878289925,0,2,1,2,0.6021122124903984,0.3978877875096017
21,16026769,197,0.34530925701592885,0.303800528470943,0.3093814859681423,0.7894615569368358,-1.1120878289925,0,2,1,2,0.6546907429840712,0.34530925701592885
21,16026769,198,0.303800528470943,0.41918513646562255,0.39239894305811396,0.7894615569368358,-1.1120878289925,1,2,1,2,0.6961994715290569,0.303800528470943
21,16026769,199,0.41918513646562255,0.3621226952813762,0.1616297270687549,0.7894615569368358,-1.1120878289925,0,2,1,2,0.5808148635343775,0.41918513646562255
21,16026769,200,0.3621226952813762,0.46522824507971694,0.2757546094372476,0.7894615569368358,-1.1120878289925,1,2,1,2,0.6378773047186238,0.3621226952813762
21,16026769,201,0.46522824507971694,0.39847195949407094,0.06954350984056612,0.7894615569368358,-1.1120878289925,0,2,1,2,0.5347717549202831,0.46522824507971694
21,16026769,202,0.39847195949407094,0.34577043834030685,0.20305608101185812,0.7894615569368358,-1.1120878289925,0,2,1,2,0.6015280405059291,0.39847195949407094
21,16026769,203,0.34577043834030685,0.45231876685558914,0.3084591233193863,0.7894615569368358,-1.1120878289925,1,2,1,2,0.6542295616596931,0.34577043834030685
21,16026769,204,0.45231876685558914,0.38828042271600893,0.09536246628882172,0.7894615569368358,-1.1120878289925,0,2,1,2,0.5476812331444109,0.45231876685558914
21,16026769,205,0.38828042271600893,0.3377246118479189,0.22343915456798213,0.7894615569368358,-1.1120878289925,0,2,1,2,0.6117195772839911,0.38828042271600893
21,16026769,206,0.3377246118479189,0.445966896146065,0.3245507763041622,0.7894615569368358,-1.1120878289925,1,2,1,2,0.6622753881520811,0.3377246118479189
21,16026769,207,0.445966896146065,0.3832658649762065,0.10806620770787001,0.7894615569368358,-1.1120878289925,0,2,1,2,0.554033103853935,0.445966896146065
21,16026769,208,0.3832658649762065,0.3337658112873049,0.23346827004758697,0.7894615569368358,-1.1120878289925,0,2,1,2,0.6167341350237935,0.3832658649762065
21,16026769,209,0.3337658112873049,0.2946874218336077,0.33246837742539015,0.7894615569368358,-1.1120878289925,0,2,1,2,0.666234188712695,0.3337658112873049
21,16026769,210,0.2946874218336077,0.4119906891111804,0.4106251563327846,0.7894615569368358,-1.1120878289925,1,2,1,2,0.7053125781663923,0.2946874218336077
21,16026769,211,0.4119906891111804,0.3564429556716382,0.17601862177763916,0.7894615569368358,-1.1120878289925,0,2,1,2,0.5880093108888196,0.4119906891111804
21,16026769,212,0.3564429556716382,0.46074430900441743,0.2871140886567236,0.7894615569368358,-1.1120878289925,1,2,1,2,0.6435570443283618,0.3564429556716382
21,16026769,213,0.46074430900441743,0.39493206433885975,0.07851138199116514,0.7894615569368358,-1.1120878289925,0,2,1,2,0.5392556909955826,0.46074430900441743
21,16026769,214,0.39493206433885975,0.3429758271996806,0.2101358713222805,0.7894615569368358,-1.1120878289925,0,2,1,2,0.6050679356611403,0.39493206433885975
21,16026769,215,0.3429758271996806,0.3019583753352048,0.31404834560063877,0.7894615569368358,-1.1120878289925,0,2,1,2,0.6570241728003194,0.3429758271996806
21,16026769,216,0.3019583753352048,0.269576673924694,0.3960832493295904,0.7894615569368358,-1.1120878289925,0,2,1,2,0.6980416246647951,0.3019583753352048
21,16026769,217,0.269576673924694,0.39216671897116095,0.46084665215061205,0.7894615569368358,-1.1120878289925,1,2,1,2,0.730423326075306,0.269576673924694
21,16026769,218,0.39216671897116095,0.48894684679850164,0.2156665620576781,0.7894615569368358,-1.1120878289925,1,2,1,2,0.607833281028839,0.39216671897116095
21,16026769,219,0.48894684679850164,0.56535103719362,0.02210630640299671,0.7894615569368358,-1.1120878289925,1,2,1,2,0.5110531532014984,0.48894684679850164
21,16026769,220,0.56535103719362,0.477515054841176,0.13070207438724002,0.7894615569368358,-1.1120878289925,0,2,1,2,0.43464896280638,0.56535103719362
21,16026769,221,0.477515054841176,0.5563260769164117,0.044969890317647976,0.7894615569368358,-1.1120878289925,1,2,1,2,0.522484945158824,0.477515054841176
21,16026769,222,0.5563260769164117,0.4703901956494381,0.11265215383282334,0.7894615569368358,-1.1120878289925,0,2,1,2,0.44367392308358833,0.5563260769164117
21,16026769,223,0.4703901956494381,0.5507012744859465,0.05921960870112375,0.7894615569368358,-1.1120878289925,1,2,1,2,0.5296098043505619,0.4703901956494381
21,16026769,224,0.5507012744859465,0.46594963036522097,0.10140254897189305,0.7894615569368358,-1.1120878289925,0,2,1,2,0.4492987255140535,0.5507012744859465
21,16026769,225,0.46594963036522097,0.547195618902989,0.06810073926955806,0.7894615569368358,-1.1120878289925,1,2,1,2,0.534050369634779,0.46594963036522097
21,16026769,226,0.547195618902989,0.6113362035088874,0.09439123780597791,0.7894615569368358,-1.1120878289925,1,2,1,2,0.45280438109701104,0.547195618902989
21,16026769,227,0.6113362035088874,0.5138185758364264,0.2226724070177748,0.7894615569368358,-1.1120878289925,0,2,1,2,0.3886637964911126,0.6113362035088874
21,16026769,228,0.5138185758364264,0.43683215766533867,0.027637151672852855,0.7894615569368358,-1.1120878289925,0,2,1,2,0.48618142416357357,0.5138185758364264
21,16026769,229,0.43683215766533867,0.37605434011300143,0.12633568466932266,0.7894615569368358,-1.1120878289925,0,2,1,2,0.5631678423346613,0.43683215766533867
21,16026769,230,0.37605434011300143,0.32807258964091035,0.24789131977399714,0.7894615569368358,-1.1120878289925,0,2,1,2,0.6239456598869986,0.37605434011300143
21,16026769,231,0.32807258964091035,0.2901928422086585,0.3438548207181793,0.7894615569368358,-1.1120878289925,0,2,1,2,0.6719274103590896,0.32807258964091035
21,16026769,232,0.2901928422086585,0.4084423912826914,0.41961431558268303,0.7894615569368358,-1.1120878289925,1,2,1,2,0.7098071577913415,0.2901928422086585
21,16026769,233,0.4084423912826914,0.3536417109434837,0.18311521743461723,0.7894615569368358,-1.1120878289925,0,2,1,2,0.5915576087173087,0.4084423912826914
21,16026769,234,0.3536417109434837,0.31037868052169487,0.29271657811303264,0.7894615569368358,-1.1120878289925,0,2,1,2,0.6463582890565163,0.3536417109434837
21,16026769,235,0.31037868052169487,0.2762241811671038,0.37924263895661026,0.7894615569368358,-1.1120878289925,0,2,1,2,0.6896213194783052,0.31037868052169487
21,16026769,236,0.2762241811671038,0.24926051693023019,0.4475516376657924,0.7894615569368358,-1.1120878289925,0,2,1,2,0.7237758188328962,0.2762241811671038
21,16026769,237,0.24926051693023019,0.22797374058106584,0.5014789661395396,0.7894615569368358,-1.1120878289925,0,2,1,2,0.7507394830697698,0.24926051693023019
21,16026769,238,0.22797374058106584,0.21116864898228835,0.5440525188378683,0.7894615569368358,-1.1120878289925,0,2,1,2,0.7720262594189342,0.22797374058106584
21,16026769,239,0.21116864898228835,0.3460558286625239,0.5776627020354232,0.7894615569368358,-1.1120878289925,1,2,1,2,0.7888313510177116,0.21116864898228835
21,16026769,240,0.3460558286625239,0.45254407154370135,0.30788834267495224,0.7894615569368358,-1.1120878289925,1,2,1,2,0.6539441713374761,0.3460558286625239
22,16029770,1,0.5,0.6666666666666666,0,1.0610235309279776,-0.33924112831569997,1,1,2,3,0.5,0.5
22,16029770,2,0.6666666666666666,0.7537566595258088,0.33333333333333326,1.0610235309279776,-0.33924112831569997,1,1,2,3,0.6666666666666666,0.33333333333333337
22,16029770,3,0.7537566595258088,0.6144053877903467,0.5075133190516177,1.0610235309279776,-0.33924112831569997,0,1,2,3,0.7537566595258088,0.24624334047419116
22,16029770,4,0.6144053877903467,0.6770195436995694,0.2288107755806934,1.0610235309279776,-0.33924112831569997,1,1,2,3,0.6144053877903467,0.3855946122096533
22,16029770,5,0.6770195436995694,0.7220714597834377,0.3540390873991388,1.0610235309279776,-0.33924112831569997,1,1,2,3,0.6770195436995694,0.3229804563004306
22,16029770,6,0.7220714597834377,0.7559890346472743,0.44414291956687535,1.0610235309279776,-0.33924112831569997,1,1,2,3,0.7220714597834377,0.2779285402165623
22,16029770,7,0.7559890346472743,0.6864361809532823,0.5119780692945486,1.0610235309279776,-0.33924112831569997,0,1,2,3,0.7559890346472743,0.2440109653527257
22,16029770,8,0.6864361809532823,0.7146178911529893,0.3728723619065646,1.0610235309279776,-0.33924112831569997,1,1,2,3,0.6864361809532823,0.3135638190467177
22,16029770,9,0.7146178911529893,0.7376292035380894,0.4292357823059787,1.0610235309279776,-0.33924112831569997,1,1,2,3,0.7146178911529893,0.28538210884701065
22,16029770,10,0.7376292035380894,0.6911445386112463,0.4752584070761787,1.0610235309279776,-0.33924112831569997,0,1,2,3,0.7376292035380894,0.26237079646191064
22,16029770,11,0.6911445386112463,0.710624576071891,0.3822890772224925,1.0610235309279776,-0.33924112831569997,1,1,2,3,0.6911445386112463,0.30885546138875375
22,16029770,12,0.710624576071891,0.7272330791925611,0.421249152143782,1.0610235309279776,-0.33924112831569997,1,1,2,3,0.710624576071891,0.289375423928109
22,16029770,13,0.7272330791925611,0.6939342355474869,0.45446615838512217,1.0610235309279776,-0.33924112831569997,0,1,2,3,0.7272330791925611,0.2727669208074389
22,16029770,14,0.6939342355474869,0.7081674412111024,0.3878684710949738,1.0610235309279776,-0.33924112831569997,1,1,2,3,0.6939342355474869,0.3060657644525131
22,16029770,15,0.7081674412111024,0.7206285788194929,0.41633488242220484,1.0610235309279776,-0.33924112831569997,1,1,2,3,0.7081674412111024,0.2918325587888976
22,16029770,16,0.7206285788194929,0.6957555942384933,0.4412571576389859,1.0610235309279776,-0.33924112831569997,0,1,2,3,0.7206285788194929,0.27937142118050706
22,16029770,17,0.6957555942384933,0.7065248642359849,0.3915111884769866,1.0610235309279776,-0.33924112831569997,1,1,2,3,0.6957555942384933,0.3042444057615067
22,16029770,18,0.7065248642359849,0.6860075055005245,0.41304972847196986,1.0610235309279776,-0.33924112831569997,0,1,2,3,0.7065248642359849,0.29347513576401507
22,16029770,19,0.6860075055005245,0.6676391418990909,0.37201501100104895,1.0610235309279776,-0.33924112831569997,0,1,2,3,0.6860075055005245,0.3139924944994755
22,16029770,20,0.6676391418990909,0.6766412982700356,0.3352782837981818,1.0610235309279776,-0.33924112831569997,1,1,2,3,0.6676391418990909,0.3323608581009091
22,16029770,21,0.6766412982700356,0.684764155086671,0.3532825965400712,1.0610235309279776,-0.33924112831569997,1,1,2,3,0.6766412982700356,0.3233587017299644
22,16029770,22,0.684764155086671,0.6921182395056916,0.369528310173342,1.0610235309279776,-0.33924112831569997,1,1,2,3,0.684764155086671,0.315235844913329
22,16029770,23,0.6921182395056916,0.6987965688567791,0.38423647901138325,1.0610235309279776,-0.33924112831569997,1,1,2,3,0.6921182395056916,0.3078817604943084
22,16029770,24,0.6987965688567791,0.6861927155415124,0.3975931377135582,1.0610235309279776,-0.33924112831569997,0,1,2,3,0.6987965688567791,0.3012034311432209
22,16029770,25,0.6861927155415124,0.6746865304199172,0.3723854310830248,1.0610235309279776,-0.33924112831569997,0,1,2,3,0.6861927155415124,0.3138072844584876
22,16029770,26,0.6746865304199172,0.6641583078036637,0.34937306083983444,1.0610235309279776,-0.33924112831569997,0,1,2,3,0.6746865304199172,0.3253134695800828
22,16029770,27,0.6641583078036637,0.6694919064939002,0.3283166156073274,1.0610235309279776,-0.33924112831569997,1,1,2,3,0.6641583078036637,0.3358416921963363
22,16029770,28,0.6694919064939002,0.6604396294320455,0.33898381298780045,1.0610235309279776,-0.33924112831569997,0,1,2,3,0.6694919064939002,0.3305080935060998
22,16029770,29,0.6604396294320455,0.6651083569270106,0.32087925886409097,1.0610235309279776,-0.33924112831569997,1,1,2,3,0.6604396294320455,0.3395603705679545
22,16029770,30,0.6651083569270106,0.6694120543156756,0.3302167138540213,1.0610235309279776,-0.33924112831569997,1,1,2,3,0.6651083569270106,0.33489164307298935
22,16029770,31,0.6694120543156756,0.6620741889435388,0.33882410863135126,1.0610235309279776,-0.33924112831569997,0,1,2,3,0.6694120543156756,0.33058794568432437
22,16029770,32,0.6620741889435388,0.6658521531459509,0.3241483778870775,1.0610235309279776,-0.33924112831569997,1,1,2,3,0.6620741889435388,0.33792581105646124
22,16029770,33,0.6658521531459509,0.6693492530886527,0.33170430629190184,1.0610235309279776,-0.33924112831569997,1,1,2,3,0.6658521531459509,0.3341478468540491
22,16029770,34,0.6693492530886527,0.6725902030642711,0.33869850617730535,1.0610235309279776,-0.33924112831569997,1,1,2,3,0.6693492530886527,0.3306507469113473
22,16029770,35,0.6725902030642711,0.6669684142052988,0.34518040612854217,1.0610235309279776,-0.33924112831569997,0,1,2,3,0.6725902030642711,0.3274097969357289
22,16029770,36,0.6669684142052988,0.6617473721376707,0.3339368284105977,1.0610235309279776,-0.33924112831569997,0,1,2,3,0.6669684142052988,0.33303158579470116
22,16029770,37,0.6617473721376707,0.6644537340494803,0.3234947442753413,1.0610235309279776,-0.33924112831569997,1,1,2,3,0.6617473721376707,0.33825262786232935
22,16029770,38,0.6644537340494803,0.6669717619166707,0.32890746809896054,1.0610235309279776,-0.33924112831569997,1,1,2,3,0.6644537340494803,0.33554626595051973
22,16029770,39,0.6669717619166707,0.6693164775141492,0.33394352383334147,1.0610235309279776,-0.33924112831569997,1,1,2,3,0.6669717619166707,0.33302823808332926
22,16029770,40,0.6693164775141492,0.671501472031056,0.3386329550282985,1.0610235309279776,-0.33924112831569997,1,1,2,3,0.6693164775141492,0.33068352248585076
22,16029770,41,0.671501472031056,0.6735390702159662,0.34300294406211207,1.0610235309279776,-0.33924112831569997,1,1,2,3,0.671501472031056,0.32849852796894397
22,16029770,42,0.6735390702159662,0.6699710287113687,0.3470781404319323,1.0610235309279776,-0.33924112831569997,0,1,2,3,0.6735390702159662,0.32646092978403385
22,16029770,43,0.6699710287113687,0.6666394249365686,0.3399420574227374,1.0610235309279776,-0.33924112831569997,0,1,2,3,0.6699710287113687,0.3300289712886313
22,16029770,44,0.6666394249365686,0.6683428575905432,0.33327884987313716,1.0610235309279776,-0.33924112831569997,1,1,2,3,0.6666394249365686,0.3333605750634314
22,16029770,45,0.6683428575905432,0.669935185402259,0.3366857151810865,1.0610235309279776,-0.33924112831569997,1,1,2,3,0.6683428575905432,0.33165714240945676
22,16029770,46,0.669935185402259,0.6671792558085836,0.3398703708045181,1.0610235309279776,-0.33924112831569997,0,1,2,3,0.669935185402259,0.33006481459774095
22,16029770,47,0.6671792558085836,0.6685875578289221,0.33435851161716723,1.0610235309279776,-0.33924112831569997,1,1,2,3,0.6671792558085836,0.3328207441914164
22,16029770,48,0.6685875578289221,0.6699058677237467,0.3371751156578442,1.0610235309279776,-0.33924112831569997,1,1,2,3,0.6685875578289221,0.3314124421710779
22,16029770,49,0.6699058677237467,0.6676214330900315,0.33981173544749343,1.0610235309279776,-0.33924112831569997,0,1,2,3,0.6699058677237467,0.3300941322762533
22,16029770,50,0.6676214330900315,0.6654812687575724,0.33524286618006305,1.0610235309279776,-0.33924112831569997,0,1,2,3,0.6676214330900315,0.3323785669099685
22,16029770,51,0.6654812687575724,0.6665838256238902,0.3309625375151448,1.0610235309279776,-0.33924112831569997,1,1,2,3,0.6654812687575724,0.3345187312424276
22,16029770,52,0.6665838256238902,0.6646954734598679,0.33316765124778036,1.0610235309279776,-0.33924112831569997,0,1,2,3,0.6665838256238902,0.3334161743761098
22,16029770,53,0.6646954734598679,0.6656718795180199,0.3293909469197358,1.0610235309279776,-0.33924112831569997,1,1,2,3,0.6646954734598679,0.3353045265401321
22,16029770,54,0.6656718795180199,0.6665878268706585,0.33134375903603974,1.0610235309279776,-0.33924112831569997,1,1,2,3,0.6656718795180199,0.33432812048198013
22,16029770,55,0.6665878268706585,0.6674472993077231,0.3331756537413171,1.0610235309279776,-0.33924112831569997,1,1,2,3,0.6665878268706585,0.33341217312934146
22,16029770,56,0.6674472993077231,0.6682539904810255,0.3348945986154461,1.0610235309279776,-0.33924112831569997,1,1,2,3,0.6674472993077231,0.33255270069227694
22,16029770,57,0.6682539904810255,0.6668615163097011,0.33650798096205103,1.0610235309279776,-0.33924112831569997,0,1,2,3,0.6682539904810255,0.3317460095189745
22,16029770,58,0.6668615163097011,0.6675765017753698,0.3337230326194023,1.0610235309279776,-0.33924112831569997,1,1,2,3,0.6668615163097011,0.33313848369029886
22,16029770,59,0.6675765017753698,0.668248045201142,0.3351530035507395,1.0610235309279776,-0.33924112831569997,1,1,2,3,0.6675765017753698,0.33242349822463024
22,16029770,60,0.668248045201142,0.6688789146769913,0.336496090402284,1.0610235309279776,-0.33924112831569997,1,1,2,3,0.668248045201142,0.331751954798858
22,16029770,61,0.6688789146769913,0.6694716872354575,0.3377578293539827,1.0610235309279776,-0.33924112831569997,1,1,2,3,0.6688789146769913,0.33112108532300866
22,16029770,62,0.6694716872354575,0.6700287636938571,0.33894337447091494,1.0610235309279776,-0.33924112831569997,1,1,2,3,0.6694716872354575,0.33052831276454253
22,16029770,63,0.6700287636938571,0.6705523821616247,0.3400575273877142,1.0610235309279776,-0.33924112831569997,1,1,2,3,0.6700287636938571,0.3299712363061429
22,16029770,64,0.6705523821616247,0.6710446303521591,0.34110476432324943,1.0610235309279776,-0.33924112831569997,1,1,2,3,0.6705523821616247,0.3294476178383753
22,16029770,65,0.6710446303521591,0.671507456821975,0.3420892607043182,1.0610235309279776,-0.33924112831569997,1,1,2,3,0.6710446303521591,0.3289553696478409
22,16029770,66,0.671507456821975,0.6719426812455698,0.34301491364395,1.0610235309279776,-0.33924112831569997,1,1,2,3,0.671507456821975,0.328492543178025
22,16029770,67,0.6719426812455698,0.6711793022949353,0.34388536249113955,1.0610235309279776,-0.33924112831569997,0,1,2,3,0.6719426812455698,0.3280573187544302
22,16029770,68,0.6711793022949353,0.6715654492122582,0.34235860458987055,1.0610235309279776,-0.33924112831569997,1,1,2,3,0.6711793022949353,0.3288206977050647
22,16029770,69,0.6715654492122582,0.6719287026383521,0.3431308984245165,1.0610235309279776,-0.33924112831569997,1,1,2,3,0.6715654492122582,0.32843455078774175
22,16029770,70,0.6719287026383521,0.6722704574265,0.3438574052767043,1.0610235309279776,-0.33924112831569997,1,1,2,3,0.6719287026383521,0.32807129736164786
22,16029770,71,0.6722704574265,0.671669990558028,0.3445409148530001,1.0610235309279776,-0.33924112831569997,0,1,2,3,0.6722704574265,0.32772954257349995
22,16029770,72,0.671669990558028,0.6711049480554081,0.343339981116056,1.0610235309279776,-0.33924112831569997,0,1,2,3,0.671669990558028,0.328330009441972
22,16029770,73,0.6711049480554081,0.6705731913773831,0.3422098961108162,1.0610235309279776,-0.33924112831569997,0,1,2,3,0.6711049480554081,0.3288950519445919
22,16029770,74,0.6705731913773831,0.6708429678555836,0.3411463827547663,1.0610235309279776,-0.33924112831569997,1,1,2,3,0.6705731913773831,0.32942680862261686
22,16029770,75,0.6708429678555836,0.6703714058884007,0.34168593571116723,1.0610235309279776,-0.33924112831569997,0,1,2,3,0.6708429678555836,0.3291570321444164
22,16029770,76,0.6703714058884007,0.6699275148151026,0.34074281177680144,1.0610235309279776,-0.33924112831569997,0,1,2,3,0.6703714058884007,0.3296285941115993
22,16029770,77,0.6699275148151026,0.6701533276016602,0.3398550296302052,1.0610235309279776,-0.33924112831569997,1,1,2,3,0.6699275148151026,0.3300724851848974
22,16029770,78,0.6701533276016602,0.670365919524277,0.3403066552033205,1.0610235309279776,-0.33924112831569997,1,1,2,3,0.6701533276016602,0.32984667239833976
22,16029770,79,0.670365919524277,0.6705660773841203,0.3407318390485541,1.0610235309279776,-0.33924112831569997,1,1,2,3,0.670365919524277,0.32963408047572296
22,16029770,80,0.6705660773841203,0.6702164617910443,0.34113215476824066,1.0610235309279776,-0.33924112831569997,0,1,2,3,0.6705660773841203,0.32943392261587967
22,16029770,81,0.6702164617910443,0.6703941614829553,0.34043292358208865,1.0610235309279776,-0.33924112831569997,1,1,2,3,0.6702164617910443,0.3297835382089557
22,16029770,82,0.6703941614829553,0.6700839453200077,0.34078832296591055,1.0610235309279776,-0.33924112831569997,0,1,2,3,0.6703941614829553,0.3296058385170447
22,16029770,83,0.6700839453200077,0.6702417162736684,0.3401678906400154,1.0610235309279776,-0.33924112831569997,1,1,2,3,0.6700839453200077,0.3299160546799923
22,16029770,84,0.6702417162736684,0.669966425489064,0.3404834325473367,1.0610235309279776,-0.33924112831569997,0,1,2,3,0.6702417162736684,0.32975828372633165
22,16029770,85,0.669966425489064,0.6701065102311576,0.3399328509781281,1.0610235309279776,-0.33924112831569997,1,1,2,3,0.669966425489064,0.33003357451093596
22,16029770,86,0.6701065102311576,0.6698621860385963,0.3402130204623153,1.0610235309279776,-0.33924112831569997,0,1,2,3,0.6701065102311576,0.32989348976884236
22,16029770,87,0.6698621860385963,0.6699865731590645,0.3397243720771925,1.0610235309279776,-0.33924112831569997,1,1,2,3,0.6698621860385963,0.33013781396140374
22,16029770,88,0.6699865731590645,0.6697697111695996,0.339973146318129,1.0610235309279776,-0.33924112831569997,0,1,2,3,0.6699865731590645,0.3300134268409355
22,16029770,89,0.6697697111695996,0.6698801644112915,0.3395394223391992,1.0610235309279776,-0.33924112831569997,1,1,2,3,0.6697697111695996,0.3302302888304004
22,16029770,90,0.6698801644112915,0.6699842092034015,0.339760328822583,1.0610235309279776,-0.33924112831569997,1,1,2,3,0.6698801644112915,0.3301198355887085
22,16029770,91,0.6699842092034015,0.6700822203999178,0.33996841840680303,1.0610235309279776,-0.33924112831569997,1,1,2,3,0.6699842092034015,0.3300157907965985
22,16029770,92,0.6700822203999178,0.670174550587647,0.34016444079983565,1.0610235309279776,-0.33924112831569997,1,1,2,3,0.6700822203999178,0.3299177796000822
22,16029770,93,0.670174550587647,0.6700134362928708,0.34034910117529393,1.0610235309279776,-0.33924112831569997,0,1,2,3,0.670174550587647,0.32982544941235303
22,16029770,94,0.6700134362928708,0.6700954307919328,0.3400268725857416,1.0610235309279776,-0.33924112831569997,1,1,2,3,0.6700134362928708,0.3299865637071292
22,16029770,95,0.6700954307919328,0.670172678668877,0.3401908615838656,1.0610235309279776,-0.33924112831569997,1,1,2,3,0.6700954307919328,0.3299045692080672
22,16029770,96,0.670172678668877,0.6702454563774631,0.34034535733775395,1.0610235309279776,-0.33924112831569997,1,1,2,3,0.670172678668877,0.329827321331123
22,16029770,97,0.6702454563774631,0.6703140240826857,0.34049091275492627,1.0610235309279776,-0.33924112831569997,1,1,2,3,0.6702454563774631,0.32975454362253687
22,16029770,98,0.6703140240826857,0.6701942966433811,0.3406280481653714,1.0610235309279776,-0.33924112831569997,0,1,2,3,0.6703140240826857,0.3296859759173143
22,16029770,99,0.6701942966433811,0.6700814906553717,0.3403885932867623,1.0610235309279776,-0.33924112831569997,0,1,2,3,0.6701942966433811,0.32980570335661885
22,16029770,100,0.6700814906553717,0.6701388922480496,0.3401629813107434,1.0610235309279776,-0.33924112831569997,1,1,2,3,0.6700814906553717,0.3299185093446283
22,16029770,101,0.6701388922480496,0.6701929773547348,0.34027778449609913,1.0610235309279776,-0.33924112831569997,1,1,2,3,0.6701388922480496,0.32986110775195043
22,16029770,102,0.6701929773547348,0.6702439384117137,0.34038595470946964,1.0610235309279776,-0.33924112831569997,1,1,2,3,0.6701929773547348,0.3298070226452652
22,16029770,103,0.6702439384117137,0.6701549707172434,0.3404878768234274,1.0610235309279776,-0.33924112831569997,0,1,2,3,0.6702439384117137,0.3297560615882863
22,16029770,104,0.6701549707172434,0.6702002321472365,0.3403099414344868,1.0610235309279776,-0.33924112831569997,1,1,2,3,0.6701549707172434,0.3298450292827566
22,16029770,105,0.6702002321472365,0.6702428810283951,0.3404004642944729,1.0610235309279776,-0.33924112831569997,1,1,2,3,0.6702002321472365,0.32979976785276355
22,16029770,106,0.6702428810283951,0.6702830686701968,0.34048576205679026,1.0610235309279776,-0.33924112831569997,1,1,2,3,0.6702428810283951,0.32975711897160487
22,16029770,107,0.6702830686701968,0.6703209375617892,0.34056613734039365,1.0610235309279776,-0.33924112831569997,1,1,2,3,0.6702830686701968,0.3297169313298032
22,16029770,108,0.6703209375617892,0.6703566218925301,0.34064187512357846,1.0610235309279776,-0.33924112831569997,1,1,2,3,0.6703209375617892,0.32967906243821077
22,16029770,109,0.6703566218925301,0.6702942925633427,0.3407132437850602,1.0610235309279776,-0.33924112831569997,0,1,2,3,0.6703566218925301,0.3296433781074699
22,16029770,110,0.6702942925633427,0.6702355576452312,0.34058858512668544,1.0610235309279776,-0.33924112831569997,0,1,2,3,0.6702942925633427,0.3297057074366573
22,16029770,111,0.6702355576452312,0.6702654315383683,0.3404711152904625,1.0610235309279776,-0.33924112831569997,1,1,2,3,0.6702355576452312,0.32976444235476876
22,16029770,112,0.6702654315383683,0.6702935831775481,0.3405308630767365,1.0610235309279776,-0.33924112831569997,1,1,2,3,0.6702654315383683,0.32973456846163174
22,16029770,113,0.6702935831775481,0.6703201120741069,0.3405871663550961,1.0610235309279776,-0.33924112831569997,1,1,2,3,0.6702935831775481,0.32970641682245194
22,16029770,114,0.6703201120741069,0.67034511196482,0.3406402241482138,1.0610235309279776,-0.33924112831569997,1,1,2,3,0.6703201120741069,0.3296798879258931
22,16029770,115,0.67034511196482,0.6703014446680668,0.3406902239296401,1.0610235309279776,-0.33924112831569997,0,1,2,3,0.67034511196482,0.32965488803517995
22,16029770,116,0.6703014446680668,0.6702602935631617,0.3406028893361337,1.0610235309279776,-0.33924112831569997,0,1,2,3,0.6703014446680668,0.32969855533193315
22,16029770,117,0.6702602935631617,0.6702812229053814,0.3405205871263235,1.0610235309279776,-0.33924112831569997,1,1,2,3,0.6702602935631617,0.32973970643683825
22,16029770,118,0.6702812229053814,0.6703009465123472,0.3405624458107628,1.0610235309279776,-0.33924112831569997,1,1,2,3,0.6702812229053814,0.3297187770946186
22,16029770,119,0.6703009465123472,0.6702665002808783,0.34060189302469435,1.0610235309279776,-0.33924112831569997,0,1,2,3,0.6703009465123472,0.3296990534876528
22,16029770,120,0.6702665002808783,0.6702340381203905,0.3405330005617566,1.0610235309279776,-0.33924112831569997,0,1,2,3,0.6702665002808783,0.3297334997191217
22,16029770,121,0.6702340381203905,0.6702505503370739,0.340468076240781,1.0610235309279776,-0.33924112831569997,1,1,2,3,0.6702340381203905,0.3297659618796095
22,16029770,122,0.6702505503370739,0.6702661116227367,0.34050110067414785,1.0610235309279776,-0.33924112831569997,1,1,2,3,0.6702505503370739,0.3297494496629261
22,16029770,123,0.6702661116227367,0.6702389377645751,0.3405322232454735,1.0610235309279776,-0.33924112831569997,0,1,2,3,0.6702661116227367,0.32973388837726325
22,16029770,124,0.6702389377645751,0.6702527599618601,0.3404778755291502,1.0610235309279776,-0.33924112831569997,1,1,2,3,0.6702389377645751,0.3297610622354249
22,16029770,125,0.6702527599618601,0.6702657863155793,0.34050551992372013,1.0610235309279776,-0.33924112831569997,1,1,2,3,0.6702527599618601,0.32974724003813993
22,16029770,126,0.6702657863155793,0.6702780626956912,0.34053157263115863,1.0610235309279776,-0.33924112831569997,1,1,2,3,0.6702657863155793,0.3297342136844207
22,16029770,127,0.6702780626956912,0.6702566237653885,0.34055612539138247,1.0610235309279776,-0.33924112831569997,0,1,2,3,0.6702780626956912,0.32972193730430877
22,16029770,128,0.6702566237653885,0.6702364190075811,0.34051324753077705,1.0610235309279776,-0.33924112831569997,0,1,2,3,0.6702566237653885,0.3297433762346115
22,16029770,129,0.6702364190075811,0.6702466966048953,0.34047283801516226,1.0610235309279776,-0.33924112831569997,1,1,2,3,0.6702364190075811,0.32976358099241887
22,16029770,130,0.6702466966048953,0.6702563826138597,0.34049339320979066,1.0610235309279776,-0.33924112831569997,1,1,2,3,0.6702466966048953,0.32975330339510467
22,16029770,131,0.6702563826138597,0.6702655111131283,0.34051276522771934,1.0610235309279776,-0.33924112831569997,1,1,2,3,0.6702563826138597,0.32974361738614033
22,16029770,132,0.6702655111131283,0.670249570030965,0.34053102222625653,1.0610235309279776,-0.33924112831569997,0,1,2,3,0.6702655111131283,0.32973448888687173
22,16029770,133,0.670249570030965,0.6702345464104216,0.34049914006192994,1.0610235309279776,-0.33924112831569997,0,1,2,3,0.670249570030965,0.32975042996903503
22,16029770,134,0.6702345464104216,0.6702421886667308,0.34046909282084314,1.0610235309279776,-0.33924112831569997,1,1,2,3,0.6702345464104216,0.32976545358957843
22,16029770,135,0.6702421886667308,0.6702493911197883,0.3404843773334616,1.0610235309279776,-0.33924112831569997,1,1,2,3,0.6702421886667308,0.3297578113332692
22,16029770,136,0.6702493911197883,0.6702561790942959,0.34049878223957664,1.0610235309279776,-0.33924112831569997,1,1,2,3,0.6702493911197883,0.3297506088802117
22,16029770,137,0.6702561790942959,0.6702443255580035,0.3405123581885918,1.0610235309279776,-0.33924112831569997,0,1,2,3,0.6702561790942959,0.3297438209057041
22,16029770,138,0.6702443255580035,0.6702331541117463,0.340488651116007,1.0610235309279776,-0.33924112831569997,0,1,2,3,0.6702443255580035,0.3297556744419965
22,16029770,139,0.6702331541117463,0.6702388369215174,0.34046630822349266,1.0610235309279776,-0.33924112831569997,1,1,2,3,0.6702331541117463,0.32976684588825367
22,16029770,140,0.6702388369215174,0.6702441927430369,0.34047767384303484,1.0610235309279776,-0.33924112831569997,1,1,2,3,0.6702388369215174,0.3297611630784826
22,16029770,141,0.6702441927430369,0.6702348404785975,0.34048838548607385,1.0610235309279776,-0.33924112831569997,0,1,2,3,0.6702441927430369,0.3297558072569631
22,16029770,142,0.6702348404785975,0.6702395978794536,0.340469680957195,1.0610235309279776,-0.33924112831569997,1,1,2,3,0.6702348404785975,0.3297651595214025
22,16029770,143,0.6702395978794536,0.6702440815601716,0.3404791957589073,1.0610235309279776,-0.33924112831569997,1,1,2,3,0.6702395978794536,0.32976040212054636
22,16029770,144,0.6702440815601716,0.6702483072750428,0.34048816312034313,1.0610235309279776,-0.33924112831569997,1,1,2,3,0.6702440815601716,0.32975591843982843
22,16029770,145,0.6702483072750428,0.6702522898709729,0.3404966145500856,1.0610235309279776,-0.33924112831569997,1,1,2,3,0.6702483072750428,0.3297516927249572
22,16029770,146,0.6702522898709729,0.670256043339814,0.3405045797419457,1.0610235309279776,-0.33924112831569997,1,1,2,3,0.6702522898709729,0.32974771012902715
22,16029770,147,0.670256043339814,0.6702494887317128,0.34051208667962807,1.0610235309279776,-0.33924112831569997,0,1,2,3,0.670256043339814,0.32974395666018597
22,16029770,148,0.6702494887317128,0.6702528228296744,0.3404989774634255,1.0610235309279776,-0.33924112831569997,1,1,2,3,0.6702494887317128,0.32975051126828725
22,16029770,149,0.6702528228296744,0.6702470006210434,0.3405056456593487,1.0610235309279776,-0.33924112831569997,0,1,2,3,0.6702528228296744,0.32974717717032564
22,16029770,150,0.6702470006210434,0.6702499622073381,0.34049400124208673,1.0610235309279776,-0.33924112831569997,1,1,2,3,0.6702470006210434,0.32975299937895663
22,16029770,151,0.6702499622073381,0.6702527534212331,0.34049992441467625,1.0610235309279776,-0.33924112831569997,1,1,2,3,0.6702499622073381,0.3297500377926619
22,16029770,152,0.6702527534212331,0.6702553840659918,0.3405055068424663,1.0610235309279776,-0.33924112831569997,1,1,2,3,0.6702527534212331,0.32974724657876686
22,16029770,153,0.6702553840659918,0.670250790209873,0.34051076813198367,1.0610235309279776,-0.33924112831569997,0,1,2,3,0.6702553840659918,0.32974461593400817
22,16029770,154,0.670250790209873,0.670253126942759,0.340501580419746,1.0610235309279776,-0.33924112831569997,1,1,2,3,0.670250790209873,0.329749209790127
22,16029770,155,0.670253126942759,0.6702553292561404,0.3405062538855179,1.0610235309279776,-0.33924112831569997,1,1,2,3,0.670253126942759,0.32974687305724104
22,16029770,156,0.6702553292561404,0.6702514833815826,0.3405106585122808,1.0610235309279776,-0.33924112831569997,0,1,2,3,0.6702553292561404,0.3297446707438596
22,16029770,157,0.6702514833815826,0.6702534396411931,0.34050296676316516,1.0610235309279776,-0.33924112831569997,1,1,2,3,0.6702514833815826,0.3297485166184174
22,16029770,158,0.6702534396411931,0.6702500234683139,0.3405068792823862,1.0610235309279776,-0.33924112831569997,0,1,2,3,0.6702534396411931,0.3297465603588069
22,16029770,159,0.6702500234683139,0.6702468038015149,0.3405000469366277,1.0610235309279776,-0.33924112831569997,0,1,2,3,0.6702500234683139,0.32974997653168614
22,16029770,160,0.6702468038015149,0.6702484415637578,0.3404936076030298,1.0610235309279776,-0.33924112831569997,1,1,2,3,0.6702468038015149,0.3297531961984851
22,16029770,161,0.6702484415637578,0.6702499851197162,0.3404968831275157,1.0610235309279776,-0.33924112831569997,1,1,2,3,0.6702484415637578,0.32975155843624215
22,16029770,162,0.6702499851197162,0.6702472896725915,0.34049997023943246,1.0610235309279776,-0.33924112831569997,0,1,2,3,0.6702499851197162,0.32975001488028377
22,16029770,163,0.6702472896725915,0.6702486607769974,0.340494579345183,1.0610235309279776,-0.33924112831569997,1,1,2,3,0.6702472896725915,0.3297527103274085
22,16029770,164,0.6702486607769974,0.6702499530153123,0.3404973215539948,1.0610235309279776,-0.33924112831569997,1,1,2,3,0.6702486607769974,0.3297513392230026
22,16029770,165,0.6702499530153123,0.670247696431183,0.34049990603062463,1.0610235309279776,-0.33924112831569997,0,1,2,3,0.6702499530153123,0.3297500469846877
22,16029770,166,0.670247696431183,0.6702488442968287,0.34049539286236596,1.0610235309279776,-0.33924112831569997,1,1,2,3,0.670247696431183,0.329752303568817
22,16029770,167,0.6702488442968287,0.6702468398320851,0.3404976885936575,1.0610235309279776,-0.33924112831569997,0,1,2,3,0.6702488442968287,0.32975115570317126
22,16029770,168,0.6702468398320851,0.6702478594552009,0.3404936796641702,1.0610235309279776,-0.33924112831569997,1,1,2,3,0.6702468398320851,0.3297531601679149
22,16029770,169,0.6702478594552009,0.6702488204311154,0.34049571891040187,1.0610235309279776,-0.33924112831569997,1,1,2,3,0.6702478594552009,0.32975214054479907
22,16029770,170,0.6702488204311154,0.6702471423219033,0.3404976408622309,1.0610235309279776,-0.33924112831569997,0,1,2,3,0.6702488204311154,0.32975117956888456
22,16029770,171,0.6702471423219033,0.6702479959355272,0.3404942846438066,1.0610235309279776,-0.33924112831569997,1,1,2,3,0.6702471423219033,0.3297528576780967
22,16029770,172,0.6702479959355272,0.670246505312237,0.3404959918710544,1.0610235309279776,-0.33924112831569997,0,1,2,3,0.6702479959355272,0.3297520040644728
22,16029770,173,0.670246505312237,0.6702472635585369,0.3404930106244739,1.0610235309279776,-0.33924112831569997,1,1,2,3,0.670246505312237,0.32975349468776305
22,16029770,174,0.6702472635585369,0.6702459394736172,0.34049452711707384,1.0610235309279776,-0.33924112831569997,0,1,2,3,0.6702472635585369,0.3297527364414631
22,16029770,175,0.6702459394736172,0.6702466130073851,0.3404918789472344,1.0610235309279776,-0.33924112831569997,1,1,2,3,0.6702459394736172,0.3297540605263828
22,16029770,176,0.6702466130073851,0.6702472478015635,0.34049322601477017,1.0610235309279776,-0.33924112831569997,1,1,2,3,0.6702466130073851,0.3297533869926149
22,16029770,177,0.6702472478015635,0.6702478460844474,0.34049449560312706,1.0610235309279776,-0.33924112831569997,1,1,2,3,0.6702472478015635,0.32975275219843647
22,16029770,178,0.6702478460844474,0.6702468013319172,0.34049569216889486,1.0610235309279776,-0.33924112831569997,0,1,2,3,0.6702478460844474,0.32975215391555257
22,16029770,179,0.6702468013319172,0.6702473327738775,0.3404936026638343,1.0610235309279776,-0.33924112831569997,1,1,2,3,0.6702468013319172,0.32975319866808284
22,16029770,180,0.6702473327738775,0.6702478336492782,0.340494665547755,1.0610235309279776,-0.33924112831569997,1,1,2,3,0.6702473327738775,0.3297526672261225
22,16029770,181,0.6702478336492782,0.670246958994363,0.3404956672985564,1.0610235309279776,-0.33924112831569997,0,1,2,3,0.6702478336492782,0.3297521663507218
22,16029770,182,0.670246958994363,0.6702474039114455,0.3404939179887261,1.0610235309279776,-0.33924112831569997,1,1,2,3,0.670246958994363,0.32975304100563696
22,16029770,183,0.6702474039114455,0.6702478232387333,0.3404948078228911,1.0610235309279776,-0.33924112831569997,1,1,2,3,0.6702474039114455,0.32975259608855445
22,16029770,184,0.6702478232387333,0.6702470909871522,0.34049564647746666,1.0610235309279776,-0.33924112831569997,0,1,2,3,0.6702478232387333,0.32975217676126667
22,16029770,185,0.6702470909871522,0.6702474634668439,0.34049418197430437,1.0610235309279776,-0.33924112831569997,1,1,2,3,0.6702470909871522,0.3297529090128478
22,16029770,186,0.6702474634668439,0.6702478145231645,0.3404949269336879,1.0610235309279776,-0.33924112831569997,1,1,2,3,0.6702474634668439,0.32975253653315606
22,16029770,187,0.6702478145231645,0.6702472014897893,0.340495629046329,1.0610235309279776,-0.33924112831569997,0,1,2,3,0.6702478145231645,0.3297521854768355
22,16029770,188,0.6702472014897893,0.6702475133258613,0.34049440297957867,1.0610235309279776,-0.33924112831569997,1,1,2,3,0.6702472014897893,0.32975279851021067
22,16029770,189,0.6702475133258613,0.6702478072265994,0.3404950266517226,1.0610235309279776,-0.33924112831569997,1,1,2,3,0.6702475133258613,0.3297524866741387
22,16029770,190,0.6702478072265994,0.6702480842235833,0.34049561445319876,1.0610235309279776,-0.33924112831569997,1,1,2,3,0.6702478072265994,0.3297521927734006
22,16029770,191,0.6702480842235833,0.6702483452890569,0.34049616844716657,1.0610235309279776,-0.33924112831569997,1,1,2,3,0.6702480842235833,0.3297519157764167
22,16029770,192,0.6702483452890569,0.6702478894013925,0.3404966905781137,1.0610235309279776,-0.33924112831569997,0,1,2,3,0.6702483452890569,0.32975165471094314
22,16029770,193,0.6702478894013925,0.6702474597340896,0.3404957788027849,1.0610235309279776,-0.33924112831569997,0,1,2,3,0.6702478894013925,0.32975211059860754
22,16029770,194,0.6702474597340896,0.6702476782959176,0.3404949194681792,1.0610235309279776,-0.33924112831569997,1,1,2,3,0.6702474597340896,0.3297525402659104
22,16029770,195,0.6702476782959176,0.6702478842871977,0.34049535659183516,1.0610235309279776,-0.33924112831569997,1,1,2,3,0.6702476782959176,0.3297523217040824
22,16029770,196,0.6702478842871977,0.6702480784309351,0.34049576857439545,1.0610235309279776,-0.33924112831569997,1,1,2,3,0.6702478842871977,0.3297521157128023
22,16029770,197,0.6702480784309351,0.6702477394061245,0.3404961568618703,1.0610235309279776,-0.33924112831569997,0,1,2,3,0.6702480784309351,0.32975192156906485
22,16029770,198,0.6702477394061245,0.6702479118600664,0.34049547881224895,1.0610235309279776,-0.33924112831569997,1,1,2,3,0.6702477394061245,0.3297522605938755
22,16029770,199,0.6702479118600664,0.6702480743953845,0.34049582372013276,1.0610235309279776,-0.33924112831569997,1,1,2,3,0.6702479118600664,0.3297520881399336
22,16029770,200,0.6702480743953845,0.6702477905669499,0.34049614879076895,1.0610235309279776,-0.33924112831569997,0,1,2,3,0.6702480743953845,0.3297519256046155
22,16029770,201,0.6702477905669499,0.6702475230627761,0.3404955811338999,1.0610235309279776,-0.33924112831569997,0,1,2,3,0.6702477905669499,0.32975220943305006
22,16029770,202,0.6702475230627761,0.6702476591359923,0.34049504612555226,1.0610235309279776,-0.33924112831569997,1,1,2,3,0.6702475230627761,0.32975247693722387
22,16029770,203,0.6702476591359923,0.6702477873830314,0.34049531827198454,1.0610235309279776,-0.33924112831569997,1,1,2,3,0.6702476591359923,0.32975234086400773
22,16029770,204,0.6702477873830314,0.6702479082540161,0.34049557476606274,1.0610235309279776,-0.33924112831569997,1,1,2,3,0.6702477873830314,0.32975221261696863
22,16029770,205,0.6702479082540161,0.6702480221731801,0.3404958165080323,1.0610235309279776,-0.33924112831569997,1,1,2,3,0.6702479082540161,0.32975209174598386
22,16029770,206,0.6702480221731801,0.6702478232410373,0.34049604434636027,1.0610235309279776,-0.33924112831569997,0,1,2,3,0.6702480221731801,0.32975197782681986
22,16029770,207,0.6702478232410373,0.6702479244331409,0.34049564648207453,1.0610235309279776,-0.33924112831569997,1,1,2,3,0.6702478232410373,0.32975217675896273
22,16029770,208,0.6702479244331409,0.6702477477257727,0.3404958488662817,1.0610235309279776,-0.33924112831569997,0,1,2,3,0.6702479244331409,0.32975207556685915
22,16029770,209,0.6702477477257727,0.6702475811816,0.34049549545154534,1.0610235309279776,-0.33924112831569997,0,1,2,3,0.6702477477257727,0.32975225227422733
22,16029770,210,0.6702475811816,0.6702476658987909,0.3404951623632,1.0610235309279776,-0.33924112831569997,1,1,2,3,0.6702475811816,0.3297524188184
22,16029770,211,0.6702476658987909,0.6702477457435384,0.34049533179758185,1.0610235309279776,-0.33924112831569997,1,1,2,3,0.6702476658987909,0.3297523341012091
22,16029770,212,0.6702477457435384,0.6702478209960792,0.3404954914870768,1.0610235309279776,-0.33924112831569997,1,1,2,3,0.6702477457435384,0.3297522542564616
22,16029770,213,0.6702478209960792,0.6702476895858769,0.3404956419921583,1.0610235309279776,-0.33924112831569997,0,1,2,3,0.6702478209960792,0.32975217900392084
22,16029770,214,0.6702476895858769,0.6702477564312032,0.34049537917175376,1.0610235309279776,-0.33924112831569997,1,1,2,3,0.6702476895858769,0.3297523104141231
22,16029770,215,0.6702477564312032,0.670247819431978,0.3404955128624063,1.0610235309279776,-0.33924112831569997,1,1,2,3,0.6702477564312032,0.32975224356879684
22,16029770,216,0.670247819431978,0.6702477094164898,0.34049563886395595,1.0610235309279776,-0.33924112831569997,0,1,2,3,0.670247819431978,0.329752180568022
22,16029770,217,0.6702477094164898,0.6702477653788195,0.3404954188329796,1.0610235309279776,-0.33924112831569997,1,1,2,3,0.6702477094164898,0.3297522905835102
22,16029770,218,0.6702477653788195,0.6702476676542762,0.34049553075763894,1.0610235309279776,-0.33924112831569997,0,1,2,3,0.6702477653788195,0.32975223462118053
22,16029770,219,0.6702476676542762,0.6702477173644965,0.34049533530855247,1.0610235309279776,-0.33924112831569997,1,1,2,3,0.6702476676542762,0.32975233234572376
22,16029770,220,0.6702477173644965,0.6702477642156802,0.340495434728993,1.0610235309279776,-0.33924112831569997,1,1,2,3,0.6702477173644965,0.3297522826355035
22,16029770,221,0.6702477642156802,0.6702478083722626,0.34049552843136044,1.0610235309279776,-0.33924112831569997,1,1,2,3,0.6702477642156802,0.3297522357843198
22,16029770,222,0.6702478083722626,0.6702477312635569,0.3404956167445252,1.0610235309279776,-0.33924112831569997,0,1,2,3,0.6702478083722626,0.3297521916277374
22,16029770,223,0.6702477312635569,0.6702477704869688,0.3404954625271137,1.0610235309279776,-0.33924112831569997,1,1,2,3,0.6702477312635569,0.32975226873644314
22,16029770,224,0.6702477704869688,0.6702477019928509,0.34049554097393764,1.0610235309279776,-0.33924112831569997,0,1,2,3,0.6702477704869688,0.3297522295130312
22,16029770,225,0.6702477019928509,0.6702477368342264,0.34049540398570177,1.0610235309279776,-0.33924112831569997,1,1,2,3,0.6702477019928509,0.3297522980071491
22,16029770,226,0.6702477368342264,0.6702477696717353,0.3404954736684529,1.0610235309279776,-0.33924112831569997,1,1,2,3,0.6702477368342264,0.32975226316577355
22,16029770,227,0.6702477696717353,0.6702478006206282,0.34049553934347054,1.0610235309279776,-0.33924112831569997,1,1,2,3,0.6702477696717353,0.32975223032826473
22,16029770,228,0.6702478006206282,0.6702477465759302,0.34049560124125633,1.0610235309279776,-0.33924112831569997,0,1,2,3,0.6702478006206282,0.32975219937937184
22,16029770,229,0.6702477465759302,0.6702477740672159,0.34049549315186045,1.0610235309279776,-0.33924112831569997,1,1,2,3,0.6702477465759302,0.3297522534240698
22,16029770,230,0.6702477740672159,0.6702477999773687,0.34049554813443184,1.0610235309279776,-0.33924112831569997,1,1,2,3,0.6702477740672159,0.3297522259327841
22,16029770,231,0.6702477999773687,0.6702478243973263,0.34049559995473744,1.0610235309279776,-0.33924112831569997,1,1,2,3,0.6702477999773687,0.3297522000226313
22,16029770,232,0.6702478243973263,0.6702478474127959,0.34049564879465266,1.0610235309279776,-0.33924112831569997,1,1,2,3,0.6702478243973263,0.32975217560267367
22,16029770,233,0.6702478474127959,0.670247869104555,0.3404956948255917,1.0610235309279776,-0.33924112831569997,1,1,2,3,0.6702478474127959,0.32975215258720414
22,16029770,234,0.670247869104555,0.6702478895487359,0.34049573820911005,1.0610235309279776,-0.33924112831569997,1,1,2,3,0.670247869104555,0.329752130895445
22,16029770,235,0.6702478895487359,0.6702479088170916,0.34049577909747186,1.0610235309279776,-0.33924112831569997,1,1,2,3,0.6702478895487359,0.32975211045126407
22,16029770,236,0.6702479088170916,0.6702479269772486,0.34049581763418324,1.0610235309279776,-0.33924112831569997,1,1,2,3,0.6702479088170916,0.3297520911829084
22,16029770,237,0.6702479269772486,0.6702478952649432,0.3404958539544971,1.0610235309279776,-0.33924112831569997,0,1,2,3,0.6702479269772486,0.32975207302275145
22,16029770,238,0.6702478952649432,0.6702478653765369,0.34049579052988643,1.0610235309279776,-0.33924112831569997,0,1,2,3,0.6702478952649432,0.3297521047350568
22,16029770,239,0.6702478653765369,0.6702478372071294,0.3404957307530738,1.0610235309279776,-0.33924112831569997,0,1,2,3,0.6702478653765369,0.3297521346234631
22,16029770,240,0.6702478372071294,0.6702478106578547,0.3404956744142589,1.0610235309279776,-0.33924112831569997,0,1,2,3,0.6702478372071294,0.32975216279287056
23,16029774,1,0.5,0.3333333333333333,0,1.0740795441035225,-0.2896665987376925,0,2,1,3,0.5,0.5
23,16029774,2,0.3333333333333333,0.49090843179403076,0.33333333333333337,1.0740795441035225,-0.2896665987376925,1,2,1,3,0.6666666666666667,0.3333333333333333
23,16029774,3,0.49090843179403076,0.3967460002638609,0.018183136411938472,1.0740795441035225,-0.2896665987376925,0,2,1,3,0.5090915682059692,0.49090843179403076
23,16029774,4,0.3967460002638609,0.333029510773544,0.20650799947227816,1.0740795441035225,-0.2896665987376925,0,2,1,3,0.603253999736139,0.3967460002638609
23,16029774,5,0.333029510773544,0.2871485389201709,0.33394097845291204,1.0740795441035225,-0.2896665987376925,0,2,1,3,0.6669704892264561,0.333029510773544
23,16029774,6,0.2871485389201709,0.3609860404025804,0.4257029221596582,1.0740795441035225,-0.2896665987376925,1,2,1,3,0.7128514610798291,0.2871485389201709
23,16029774,7,0.3609860404025804,0.41844582300861255,0.27802791919483916,1.0740795441035225,-0.2896665987376925,1,2,1,3,0.6390139595974196,0.3609860404025804
23,16029774,8,0.41844582300861255,0.3837586272283905,0.1631083539827749,1.0740795441035225,-0.2896665987376925,0,2,1,3,0.5815541769913875,0.41844582300861255
23,16029774,9,0.3837586272283905,0.42599349469461956,0.23248274554321902,1.0740795441035225,-0.2896665987376925,1,2,1,3,0.6162413727716095,0.3837586272283905
23,16029774,10,0.42599349469461956,0.4609964210805348,0.1480130106107609,1.0740795441035225,-0.2896665987376925,1,2,1,3,0.5740065053053804,0.42599349469461956
23,16029774,11,0.4609964210805348,0.49040920768167906,0.07800715783893042,1.0740795441035225,-0.2896665987376925,1,2,1,3,0.5390035789194652,0.4609964210805348
23,16029774,12,0.49040920768167906,0.4662095459798093,0.01918158463664188,1.0740795441035225,-0.2896665987376925,0,2,1,3,0.5095907923183209,0.49040920768167906
23,16029774,13,0.4662095459798093,0.44543399099710085,0.06758090804038142,1.0740795441035225,-0.2896665987376925,0,2,1,3,0.5337904540201908,0.4662095459798093
23,16029774,14,0.44543399099710085,0.4274467391397604,0.1091320180057983,1.0740795441035225,-0.2896665987376925,0,2,1,3,0.5545660090028992,0.44543399099710085
23,16029774,15,0.4274467391397604,0.4117593150532923,0.14510652172047922,1.0740795441035225,-0.2896665987376925,0,2,1,3,0.5725532608602396,0.4274467391397604
23,16029774,16,0.4117593150532923,0.3979902041845776,0.17648136989341545,1.0740795441035225,-0.2896665987376925,0,2,1,3,0.5882406849467077,0.4117593150532923
23,16029774,17,0.3979902041845776,0.415256142880312,0.20401959163084482,1.0740795441035225,-0.2896665987376925,1,2,1,3,0.6020097958154225,0.3979902041845776
23,16029774,18,0.415256142880312,0.4038055320938485,0.16948771423937603,1.0740795441035225,-0.2896665987376925,0,2,1,3,0.584743857119688,0.415256142880312
23,16029774,19,0.4038055320938485,0.3936042868023259,0.19238893581230299,1.0740795441035225,-0.2896665987376925,0,2,1,3,0.5961944679061515,0.4038055320938485
23,16029774,20,0.3936042868023259,0.38448061130968275,0.2127914263953482,1.0740795441035225,-0.2896665987376925,0,2,1,3,0.606395713197674,0.3936042868023259
23,16029774,21,0.38448061130968275,0.39668187705785535,0.2310387773806345,1.0740795441035225,-0.2896665987376925,1,2,1,3,0.6155193886903172,0.38448061130968275
23,16029774,22,0.39668187705785535,0.4076666803406997,0.2066362458842893,1.0740795441035225,-0.2896665987376925,1,2,1,3,0.6033181229421447,0.39668187705785535
23,16029774,23,0.4076666803406997,0.4004452537910171,0.1846666393186006,1.0740795441035225,-0.2896665987376925,0,2,1,3,0.5923333196593004,0.4076666803406997
23,16029774,24,0.4004452537910171,0.3939088962099677,0.19910949241796583,1.0740795441035225,-0.2896665987376925,0,2,1,3,0.599554746208983,0.4004452537910171
23,16029774,25,0.3939088962099677,0.3879790001671062,0.21218220758006456,1.0740795441035225,-0.2896665987376925,0,2,1,3,0.6060911037900323,0.3939088962099677
23,16029774,26,0.3879790001671062,0.3959129680550712,0.22404199966578764,1.0740795441035225,-0.2896665987376925,1,2,1,3,0.6120209998328938,0.3879790001671062
23,16029774,27,0.3959129680550712,0.39086336577946673,0.2081740638898576,1.0740795441035225,-0.2896665987376925,0,2,1,3,0.6040870319449287,0.3959129680550712
23,16029774,28,0.39086336577946673,0.3975753105445574,0.21827326844106654,1.0740795441035225,-0.2896665987376925,1,2,1,3,0.6091366342205333,0.39086336577946673
23,16029774,29,0.3975753105445574,0.39326421558596103,0.20484937891088517,1.0740795441035225,-0.2896665987376925,0,2,1,3,0.6024246894554426,0.3975753105445574
23,16029774,30,0.39326421558596103,0.3893188516304228,0.21347156882807794,1.0740795441035225,-0.2896665987376925,0,2,1,3,0.606735784414039,0.39326421558596103
23,16029774,31,0.3893188516304228,0.39461461108767476,0.22136229673915442,1.0740795441035225,-0.2896665987376925,1,2,1,3,0.6106811483695772,0.3893188516304228
23,16029774,32,0.39461461108767476,0.39947335511708804,0.21077077782465048,1.0740795441035225,-0.2896665987376925,1,2,1,3,0.6053853889123253,0.39461461108767476
23,16029774,33,0.39947335511708804,0.3963157279078589,0.20105328976582393,1.0740795441035225,-0.2896665987376925,0,2,1,3,0.600526644882912,0.39947335511708804
23,16029774,34,0.3963157279078589,0.3934125125182534,0.2073685441842822,1.0740795441035225,-0.2896665987376925,0,2,1,3,0.6036842720921411,0.3963157279078589
23,16029774,35,0.3934125125182534,0.39074071365415636,0.21317497496349325,1.0740795441035225,-0.2896665987376925,0,2,1,3,0.6065874874817466,0.3934125125182534
23,16029774,36,0.39074071365415636,0.38827976823412974,0.21851857269168729,1.0740795441035225,-0.2896665987376925,0,2,1,3,0.6092592863458437,0.39074071365415636
23,16029774,37,0.38827976823412974,0.38601123881664295,0.22344046353174052,1.0740795441035225,-0.2896665987376925,0,2,1,3,0.6117202317658703,0.38827976823412974
23,16029774,38,0.38601123881664295,0.38391855248097667,0.2279775223667141,1.0740795441035225,-0.2896665987376925,0,2,1,3,0.613988761183357,0.38601123881664295
23,16029774,39,0.38391855248097667,0.38198677744895165,0.23216289503804666,1.0740795441035225,-0.2896665987376925,0,2,1,3,0.6160814475190233,0.38391855248097667
23,16029774,40,0.38198677744895165,0.3846691984443796,0.2360264451020967,1.0740795441035225,-0.2896665987376925,1,2,1,3,0.6180132225510484,0.38198677744895165
23,16029774,41,0.3846691984443796,0.3871483271476881,0.23066160311124084,1.0740795441035225,-0.2896665987376925,1,2,1,3,0.6153308015556205,0.3846691984443796
23,16029774,42,0.3871483271476881,0.3894407875321892,0.2257033457046238,1.0740795441035225,-0.2896665987376925,1,2,1,3,0.6128516728523119,0.3871483271476881
23,16029774,43,0.3894407875321892,0.3879922313734485,0.22111842493562162,1.0740795441035225,-0.2896665987376925,0,2,1,3,0.6105592124678108,0.3894407875321892
23,16029774,44,0.3879922313734485,0.38665147872923156,0.22401553725310297,1.0740795441035225,-0.2896665987376925,0,2,1,3,0.6120077686265515,0.3879922313734485
23,16029774,45,0.38665147872923156,0.3854099848047886,0.2266970425415369,1.0740795441035225,-0.2896665987376925,0,2,1,3,0.6133485212707684,0.38665147872923156
23,16029774,46,0.3854099848047886,0.3842599536003344,0.22918003039042278,1.0740795441035225,-0.2896665987376925,0,2,1,3,0.6145900151952114,0.3854099848047886
23,16029774,47,0.3842599536003344,0.38319426264337064,0.23148009279933124,1.0740795441035225,-0.2896665987376925,0,2,1,3,0.6157400463996656,0.3842599536003344
23,16029774,48,0.38319426264337064,0.38220639655306504,0.23361147471325872,1.0740795441035225,-0.2896665987376925,0,2,1,3,0.6168057373566294,0.38319426264337064
23,16029774,49,0.38220639655306504,0.38129038823819994,0.23558720689386992,1.0740795441035225,-0.2896665987376925,0,2,1,3,0.6177936034469349,0.38220639655306504
23,16029774,50,0.38129038823819994,0.38257079367364094,0.23741922352360012,1.0740795441035225,-0.2896665987376925,1,2,1,3,0.6187096117618001,0.38129038823819994
23,16029774,51,0.38257079367364094,0.383758719459404,0.23485841265271812,1.0740795441035225,-0.2896665987376925,1,2,1,3,0.6174292063263591,0.38257079367364094
23,16029774,52,0.383758719459404,0.38486111757302094,0.23248256108119203,1.0740795441035225,-0.2896665987376925,1,2,1,3,0.616241280540596,0.383758719459404
23,16029774,53,0.38486111757302094,0.385884380488637,0.23027776485395812,1.0740795441035225,-0.2896665987376925,1,2,1,3,0.615138882426979,0.38486111757302094
23,16029774,54,0.385884380488637,0.38524363868450173,0.22823123902272602,1.0740795441035225,-0.2896665987376925,0,2,1,3,0.6141156195113631,0.385884380488637
23,16029774,55,0.38524363868450173,0.3861278197377634,0.22951272263099654,1.0740795441035225,-0.2896665987376925,1,2,1,3,0.6147563613154983,0.38524363868450173
23,16029774,56,0.3861278197377634,0.3855734787921548,0.22774436052447322,1.0740795441035225,-0.2896665987376925,0,2,1,3,0.6138721802622367,0.3861278197377634
23,16029774,57,0.3855734787921548,0.38505853739219337,0.22885304241569038,1.0740795441035225,-0.2896665987376925,0,2,1,3,0.6144265212078452,0.3855734787921548
23,16029774,58,0.38505853739219337,0.3845801194734436,0.22988292521561327,1.0740795441035225,-0.2896665987376925,0,2,1,3,0.6149414626078067,0.38505853739219337
23,16029774,59,0.3845801194734436,0.3841355691158672,0.23083976105311277,1.0740795441035225,-0.2896665987376925,0,2,1,3,0.6154198805265564,0.3845801194734436
23,16029774,60,0.3841355691158672,0.3837224323312859,0.23172886176826557,1.0740795441035225,-0.2896665987376925,0,2,1,3,0.6158644308841328,0.3841355691158672
23,16029774,61,0.3837224323312859,0.3833384405358511,0.23255513533742822,1.0740795441035225,-0.2896665987376925,0,2,1,3,0.6162775676687141,0.3837224323312859
23,16029774,62,0.3833384405358511,0.38387247055105056,0.23332311892829782,1.0740795441035225,-0.2896665987376925,1,2,1,3,0.6166615594641489,0.3833384405358511
23,16029774,63,0.38387247055105056,0.3843689402034617,0.23225505889789888,1.0740795441035225,-0.2896665987376925,1,2,1,3,0.6161275294489494,0.38387247055105056
23,16029774,64,0.3843689402034617,0.38483053836043446,0.23126211959307663,1.0740795441035225,-0.2896665987376925,1,2,1,3,0.6156310597965383,0.3843689402034617
23,16029774,65,0.38483053836043446,0.38454212864297505,0.23033892327913108,1.0740795441035225,-0.2896665987376925,0,2,1,3,0.6151694616395655,0.38483053836043446
23,16029774,66,0.38454212864297505,0.3842739274089187,0.2309157427140499,1.0740795441035225,-0.2896665987376925,0,2,1,3,0.6154578713570249,0.38454212864297505
23,16029774,67,0.3842739274089187,0.38402449821348156,0.23145214518216262,1.0740795441035225,-0.2896665987376925,0,2,1,3,0.6157260725910814,0.3842739274089187
23,16029774,68,0.38402449821348156,0.3837925094568843,0.23195100357303688,1.0740795441035225,-0.2896665987376925,0,2,1,3,0.6159755017865185,0.38402449821348156
23,16029774,69,0.3837925094568843,0.38357672636645235,0.23241498108623138,1.0740795441035225,-0.2896665987376925,0,2,1,3,0.6162074905431156,0.3837925094568843
23,16029774,70,0.38357672636645235,0.383876776494874,0.2328465472670953,1.0740795441035225,-0.2896665987376925,1,2,1,3,0.6164232736335477,0.38357672636645235
23,16029774,71,0.383876776494874,0.38415590206428846,0.232246447010252,1.0740795441035225,-0.2896665987376925,1,2,1,3,0.6161232235051259,0.383876776494874
23,16029774,72,0.38415590206428846,0.38441557712016333,0.23168819587142309,1.0740795441035225,-0.2896665987376925,1,2,1,3,0.6158440979357116,0.38415590206428846
23,16029774,73,0.38441557712016333,0.3842534788273921,0.23116884575967334,1.0740795441035225,-0.2896665987376925,0,2,1,3,0.6155844228798366,0.38441557712016333
23,16029774,74,0.3842534788273921,0.38447838876645607,0.23149304234521584,1.0740795441035225,-0.2896665987376925,1,2,1,3,0.6157465211726079,0.3842534788273921
23,16029774,75,0.38447838876645607,0.38433794741535865,0.23104322246708786,1.0740795441035225,-0.2896665987376925,0,2,1,3,0.615521611233544,0.38447838876645607
23,16029774,76,0.38433794741535865,0.38420726753635676,0.2313241051692827,1.0740795441035225,-0.2896665987376925,0,2,1,3,0.6156620525846414,0.38433794741535865
23,16029774,77,0.38420726753635676,0.384085665809052,0.2315854649272865,1.0740795441035225,-0.2896665987376925,0,2,1,3,0.6157927324636432,0.38420726753635676
23,16029774,78,0.384085665809052,0.38397250739340033,0.23182866838189597,1.0740795441035225,-0.2896665987376925,0,2,1,3,0.615914334190948,0.384085665809052
23,16029774,79,0.38397250739340033,0.3838672024039594,0.23205498521319934,1.0740795441035225,-0.2896665987376925,0,2,1,3,0.6160274926065996,0.38397250739340033
23,16029774,80,0.3838672024039594,0.38376920265195213,0.23226559519208123,1.0740795441035225,-0.2896665987376925,0,2,1,3,0.6161327975960407,0.3838672024039594
23,16029774,81,0.38376920265195213,0.38367799863331375,0.23246159469609573,1.0740795441035225,-0.2896665987376925,0,2,1,3,0.6162307973480479,0.38376920265195213
23,16029774,82,0.38367799863331375,0.38359311674286145,0.2326440027333725,1.0740795441035225,-0.2896665987376925,0,2,1,3,0.6163220013666862,0.38367799863331375
23,16029774,83,0.38359311674286145,0.38351411669649127,0.2328137665142771,1.0740795441035225,-0.2896665987376925,0,2,1,3,0.6164068832571385,0.38359311674286145
23,16029774,84,0.38351411669649127,0.38344058914489776,0.23297176660701746,1.0740795441035225,-0.2896665987376925,0,2,1,3,0.6164858833035087,0.38351411669649127
23,16029774,85,0.38344058914489776,0.3833721534637471,0.23311882171020448,1.0740795441035225,-0.2896665987376925,0,2,1,3,0.6165594108551022,0.38344058914489776
23,16029774,86,0.3833721534637471,0.3833084557065251,0.23325569307250582,1.0740795441035225,-0.2896665987376925,0,2,1,3,0.6166278465362529,0.3833721534637471
23,16029774,87,0.3833084557065251,0.3832491667074535,0.23338308858694978,1.0740795441035225,-0.2896665987376925,0,2,1,3,0.6166915442934748,0.3833084557065251
23,16029774,88,0.3832491667074535,0.38333175792032503,0.23350166658509297,1.0740795441035225,-0.2896665987376925,1,2,1,3,0.6167508332925464,0.3832491667074535
23,16029774,89,0.38333175792032503,0.3834086353707428,0.23333648415934993,1.0740795441035225,-0.2896665987376925,1,2,1,3,0.616668242079675,0.38333175792032503
23,16029774,90,0.3834086353707428,0.38336079278037233,0.23318272925851435,1.0740795441035225,-0.2896665987376925,0,2,1,3,0.6165913646292571,0.3834086353707428
23,16029774,91,0.38336079278037233,0.3833162586536365,0.23327841443925534,1.0740795441035225,-0.2896665987376925,0,2,1,3,0.6166392072196276,0.38336079278037233
23,16029774,92,0.3833162586536365,0.3832748036377217,0.233367482692727,1.0740795441035225,-0.2896665987376925,0,2,1,3,0.6166837413463635,0.3833162586536365
23,16029774,93,0.3832748036377217,0.38333255059638455,0.2334503927245566,1.0740795441035225,-0.2896665987376925,1,2,1,3,0.6167251963622783,0.3832748036377217
23,16029774,94,0.38333255059638455,0.38338630621320724,0.2333348988072309,1.0740795441035225,-0.2896665987376925,1,2,1,3,0.6166674494036155,0.38333255059638455
23,16029774,95,0.38338630621320724,0.3834363469083769,0.23322738757358552,1.0740795441035225,-0.2896665987376925,1,2,1,3,0.6166136937867928,0.38338630621320724
23,16029774,96,0.3834363469083769,0.38348292988564375,0.23312730618324617,1.0740795441035225,-0.2896665987376925,1,2,1,3,0.6165636530916231,0.3834363469083769
23,16029774,97,0.38348292988564375,0.3834539301853789,0.2330341402287125,1.0740795441035225,-0.2896665987376925,0,2,1,3,0.6165170701143563,0.38348292988564375
23,16029774,98,0.3834539301853789,0.3834269338156352,0.23309213962924225,1.0740795441035225,-0.2896665987376925,0,2,1,3,0.6165460698146211,0.3834539301853789
23,16029774,99,0.3834269338156352,0.38340180217769715,0.2331461323687296,1.0740795441035225,-0.2896665987376925,0,2,1,3,0.6165730661843648,0.3834269338156352
23,16029774,100,0.38340180217769715,0.38343679720063534,0.2331963956446057,1.0740795441035225,-0.2896665987376925,1,2,1,3,0.6165981978223029,0.38340180217769715
23,16029774,101,0.38343679720063534,0.38341501432077746,0.23312640559872932,1.0740795441035225,-0.2896665987376925,0,2,1,3,0.6165632027993646,0.38343679720063534
23,16029774,102,0.38341501432077746,0.3833947356251915,0.23316997135844508,1.0740795441035225,-0.2896665987376925,0,2,1,3,0.6165849856792225,0.38341501432077746
23,16029774,103,0.3833947356251915,0.38337585712817857,0.233210528749617,1.0740795441035225,-0.2896665987376925,0,2,1,3,0.6166052643748086,0.3833947356251915
23,16029774,104,0.38337585712817857,0.383358282048193,0.23324828574364287,1.0740795441035225,-0.2896665987376925,0,2,1,3,0.6166241428718214,0.38337585712817857
23,16029774,105,0.383358282048193,0.3833419203066694,0.233283435903614,1.0740795441035225,-0.2896665987376925,0,2,1,3,0.616641717951807,0.383358282048193
23,16029774,106,0.3833419203066694,0.3833266880619902,0.23331615938666117,1.0740795441035225,-0.2896665987376925,0,2,1,3,0.6166580796933305,0.3833419203066694
23,16029774,107,0.3833266880619902,0.3833125072760929,0.23334662387601957,1.0740795441035225,-0.2896665987376925,0,2,1,3,0.6166733119380098,0.3833266880619902
23,16029774,108,0.3833125072760929,0.3833322607224736,0.2333749854478142,1.0740795441035225,-0.2896665987376925,1,2,1,3,0.6166874927239071,0.3833125072760929
23,16029774,109,0.3833322607224736,0.38335065077160513,0.23333547855505277,1.0740795441035225,-0.2896665987376925,1,2,1,3,0.6166677392775264,0.3833322607224736
23,16029774,110,0.38335065077160513,0.3833392067417783,0.23329869845678974,1.0740795441035225,-0.2896665987376925,0,2,1,3,0.6166493492283949,0.38335065077160513
23,16029774,111,0.3833392067417783,0.38332855251027464,0.2333215865164434,1.0740795441035225,-0.2896665987376925,0,2,1,3,0.6166607932582218,0.3833392067417783
23,16029774,112,0.38332855251027464,0.3833186335377947,0.2333428949794507,1.0740795441035225,-0.2896665987376925,0,2,1,3,0.6166714474897254,0.38332855251027464
23,16029774,113,0.3833186335377947,0.3833324503363053,0.23336273292441057,1.0740795441035225,-0.2896665987376925,1,2,1,3,0.6166813664622053,0.3833186335377947
23,16029774,114,0.3833324503363053,0.38332385266324687,0.23333509932738938,1.0740795441035225,-0.2896665987376925,0,2,1,3,0.6166675496636946,0.3833324503363053
23,16029774,115,0.38332385266324687,0.3833158482565002,0.23335229467350627,1.0740795441035225,-0.2896665987376925,0,2,1,3,0.6166761473367531,0.38332385266324687
23,16029774,116,0.3833158482565002,0.3833269983264922,0.23336830348699955,1.0740795441035225,-0.2896665987376925,1,2,1,3,0.6166841517434998,0.3833158482565002
23,16029774,117,0.3833269983264922,0.38333737905562376,0.2333460033470156,1.0740795441035225,-0.2896665987376925,1,2,1,3,0.6166730016735078,0.3833269983264922
23,16029774,118,0.38333737905562376,0.3833309193452049,0.23332524188875248,1.0740795441035225,-0.2896665987376925,0,2,1,3,0.6166626209443762,0.38333737905562376
23,16029774,119,0.3833309193452049,0.383339917242444,0.23333816130959018,1.0740795441035225,-0.2896665987376925,1,2,1,3,0.6166690806547951,0.3833309193452049
23,16029774,120,0.383339917242444,0.3833482943455188,0.23332016551511203,1.0740795441035225,-0.2896665987376925,1,2,1,3,0.616660082757556,0.383339917242444
23,16029774,121,0.3833482943455188,0.3833560934983209,0.23330341130896237,1.0740795441035225,-0.2896665987376925,1,2,1,3,0.6166517056544811,0.3833482943455188
23,16029774,122,0.3833560934983209,0.38335123989220965,0.2332878130033582,1.0740795441035225,-0.2896665987376925,0,2,1,3,0.6166439065016791,0.3833560934983209
23,16029774,123,0.38335123989220965,0.3833467211306181,0.2332975202155807,1.0740795441035225,-0.2896665987376925,0,2,1,3,0.6166487601077904,0.38335123989220965
23,16029774,124,0.3833467211306181,0.38334251410723724,0.23330655773876385,1.0740795441035225,-0.2896665987376925,0,2,1,3,0.6166532788693819,0.3833467211306181
23,16029774,125,0.38334251410723724,0.3833385973110049,0.23331497178552552,1.0740795441035225,-0.2896665987376925,0,2,1,3,0.6166574858927627,0.38334251410723724
23,16029774,126,0.3833385973110049,0.38333495071586715,0.23332280537799022,1.0740795441035225,-0.2896665987376925,0,2,1,3,0.6166614026889952,0.3833385973110049
23,16029774,127,0.38333495071586715,0.38334003013830803,0.2333300985682657,1.0740795441035225,-0.2896665987376925,1,2,1,3,0.6166650492841328,0.38333495071586715
23,16029774,128,0.38334003013830803,0.3833368692443476,0.23331993972338394,1.0740795441035225,-0.2896665987376925,0,2,1,3,0.6166599698616919,0.38334003013830803
23,16029774,129,0.3833368692443476,0.3833339263962553,0.23332626151130476,1.0740795441035225,-0.2896665987376925,0,2,1,3,0.6166631307556524,0.3833368692443476
23,16029774,130,0.3833339263962553,0.38333118655026366,0.2333321472074894,1.0740795441035225,-0.2896665987376925,0,2,1,3,0.6166660736037447,0.3833339263962553
23,16029774,131,0.38333118655026366,0.38333500300707885,0.23333762689947268,1.0740795441035225,-0.2896665987376925,1,2,1,3,0.6166688134497363,0.38333118655026366
23,16029774,132,0.38333500300707885,0.383332628083135,0.2333299939858423,1.0740795441035225,-0.2896665987376925,0,2,1,3,0.6166649969929212,0.38333500300707885
23,16029774,133,0.383332628083135,0.383335936211376,0.23333474383372999,1.0740795441035225,-0.2896665987376925,1,2,1,3,0.6166673719168649,0.383332628083135
23,16029774,134,0.383335936211376,0.3833338776030073,0.23332812757724797,1.0740795441035225,-0.2896665987376925,0,2,1,3,0.616664063788624,0.383335936211376
23,16029774,135,0.3833338776030073,0.3833367451134204,0.2333322447939854,1.0740795441035225,-0.2896665987376925,1,2,1,3,0.6166661223969927,0.3833338776030073
23,16029774,136,0.3833367451134204,0.3833349606889419,0.23332650977315916,1.0740795441035225,-0.2896665987376925,0,2,1,3,0.6166632548865796,0.3833367451134204
23,16029774,137,0.3833349606889419,0.38333329934885374,0.2333300786221162,1.0740795441035225,-0.2896665987376925,0,2,1,3,0.6166650393110581,0.3833349606889419
23,16029774,138,0.38333329934885374,0.38333561349836287,0.23333340130229252,1.0740795441035225,-0.2896665987376925,1,2,1,3,0.6166667006511463,0.38333329934885374
23,16029774,139,0.38333561349836287,0.38333417342871007,0.23332877300327426,1.0740795441035225,-0.2896665987376925,0,2,1,3,0.6166643865016371,0.38333561349836287
23,16029774,140,0.38333417342871007,0.3833361793570555,0.23333165314257986,1.0740795441035225,-0.2896665987376925,1,2,1,3,0.6166658265712899,0.38333417342871007
23,16029774,141,0.3833361793570555,0.3833380469257228,0.233327641285889,1.0740795441035225,-0.2896665987376925,1,2,1,3,0.6166638206429444,0.3833361793570555
23,16029774,142,0.3833380469257228,0.38333978567878396,0.23332390614855436,1.0740795441035225,-0.2896665987376925,1,2,1,3,0.6166619530742772,0.3833380469257228
23,16029774,143,0.38333978567878396,0.3833387036542555,0.23332042864243208,1.0740795441035225,-0.2896665987376925,0,2,1,3,0.6166602143212161,0.38333978567878396
23,16029774,144,0.3833387036542555,0.3833402108257854,0.23332259269148903,1.0740795441035225,-0.2896665987376925,1,2,1,3,0.6166612963457445,0.3833387036542555
23,16029774,145,0.3833402108257854,0.38333927291223324,0.2333195783484292,1.0740795441035225,-0.2896665987376925,0,2,1,3,0.6166597891742146,0.3833402108257854
23,16029774,146,0.38333927291223324,0.3833383996901842,0.23332145417553352,1.0740795441035225,-0.2896665987376925,0,2,1,3,0.6166607270877668,0.38333927291223324
23,16029774,147,0.3833383996901842,0.38333758669740076,0.23332320061963163,1.0740795441035225,-0.2896665987376925,0,2,1,3,0.6166616003098158,0.3833383996901842
23,16029774,148,0.38333758669740076,0.38333682977946654,0.2333248266051985,1.0740795441035225,-0.2896665987376925,0,2,1,3,0.6166624133025993,0.38333758669740076
23,16029774,149,0.38333682977946654,0.383337884112559,0.23332634044106693,1.0740795441035225,-0.2896665987376925,1,2,1,3,0.6166631702205334,0.38333682977946654
23,16029774,150,0.383337884112559,0.3833372280051796,0.23332423177488204,1.0740795441035225,-0.2896665987376925,0,2,1,3,0.616662115887441,0.383337884112559
23,16029774,151,0.3833372280051796,0.38333661715134165,0.23332554398964078,1.0740795441035225,-0.2896665987376925,0,2,1,3,0.6166627719948203,0.3833372280051796
23,16029774,152,0.38333661715134165,0.3833374680286416,0.2333267656973167,1.0740795441035225,-0.2896665987376925,1,2,1,3,0.6166633828486583,0.38333661715134165
23,16029774,153,0.3833374680286416,0.3833369385314958,0.2333250639427168,1.0740795441035225,-0.2896665987376925,0,2,1,3,0.6166625319713583,0.3833374680286416
23,16029774,154,0.3833369385314958,0.383336445554977,0.23332612293700838,1.0740795441035225,-0.2896665987376925,0,2,1,3,0.6166630614685042,0.3833369385314958
23,16029774,155,0.383336445554977,0.3833371322380452,0.23332710889004604,1.0740795441035225,-0.2896665987376925,1,2,1,3,0.616663554445023,0.383336445554977
23,16029774,156,0.3833371322380452,0.38333670491855343,0.23332573552390956,1.0740795441035225,-0.2896665987376925,0,2,1,3,0.6166628677619548,0.3833371322380452
23,16029774,157,0.38333670491855343,0.3833363070720957,0.23332659016289314,1.0740795441035225,-0.2896665987376925,0,2,1,3,0.6166632950814466,0.38333670491855343
23,16029774,158,0.3833363070720957,0.38333593666581617,0.2333273858558086,1.0740795441035225,-0.2896665987376925,0,2,1,3,0.61666369292790435,0.3833363070720957
23,16029774,159,0.38333593666581617,0.38333559180707805,0.23332812666836766,1.0740795441035225,-0.2896665987376925,0,2,1,3,0.6166640633341838,0.38333593666581617
23,16029774,160,0.38333559180707805,0.38333607217380655,0.2333288163858439,1.0740795441035225,-0.2896665987376925,1,2,1,3,0.616664408192922,0.38333559180707805
23,16029774,161,0.38333607217380655,0.38333651940892793,0.2333278556523869,1.0740795441035225,-0.2896665987376925,1,2,1,3,0.6166639278261934,0.38333607217380655
23,16029774,162,0.38333651940892793,0.3833362410971365,0.23332696118214413,1.0740795441035225,-0.2896665987376925,0,2,1,3,0.616663480591072,0.38333651940892793
23,16029774,163,0.3833362410971365,0.3833359819808774,0.23332751780572702,1.0740795441035225,-0.2896665987376925,0,2,1,3,0.6166637589028635,0.3833362410971365
23,16029774,164,0.3833359819808774,0.3833363429133041,0.23332803603824515,1.0740795441035225,-0.2896665987376925,1,2,1,3,0.6166640180191225,0.3833359819808774
23,16029774,165,0.3833363429133041,0.3833361183072606,0.2333273141733918,1.0740795441035225,-0.2896665987376925,0,2,1,3,0.6166636570866959,0.3833363429133041
23,16029774,166,0.3833361183072606,0.3833359091925468,0.23332776338547878,1.0740795441035225,-0.2896665987376925,0,2,1,3,0.6166638816927394,0.3833361183072606
23,16029774,167,0.3833359091925468,0.38333620047614414,0.23332818161490643,1.0740795441035225,-0.2896665987376925,1,2,1,3,0.6166640908074532,0.3833359091925468
23,16029774,168,0.38333620047614414,0.38333647166961965,0.23332759904771172,1.0740795441035225,-0.2896665987376925,1,2,1,3,0.6166637995238559,0.38333620047614414
23,16029774,169,0.38333647166961965,0.38333630290745835,0.2333270566607607,1.0740795441035225,-0.2896665987376925,0,2,1,3,0.6166635283303803,0.38333647166961965
23,16029774,170,0.38333630290745835,0.3833365379822078,0.2333273941850833,1.0740795441035225,-0.2896665987376925,1,2,1,3,0.6166636970925417,0.38333630290745835
23,16029774,171,0.3833365379822078,0.3833363916964759,0.23332692403558442,1.0740795441035225,-0.2896665987376925,0,2,1,3,0.6166634620177922,0.3833365379822078
23,16029774,172,0.3833363916964759,0.3833362555001907,0.23332721660704825,1.0740795441035225,-0.2896665987376925,0,2,1,3,0.6166636083035242,0.3833363916964759
23,16029774,173,0.3833362555001907,0.3833361286974694,0.23332748899961864,1.0740795441035225,-0.2896665987376925,0,2,1,3,0.6166637444998093,0.3833362555001907
23,16029774,174,0.3833361286974694,0.38333630532557883,0.23332774260506117,1.0740795441035225,-0.2896665987376925,1,2,1,3,0.6166638713025305,0.3833361286974694
23,16029774,175,0.38333630532557883,0.38333619541094477,0.23332738934884234,1.0740795441035225,-0.2896665987376925,0,2,1,3,0.6166636946744212,0.38333630532557883
23,16029774,176,0.38333619541094477,0.38333634851499937,0.23332760917811046,1.0740795441035225,-0.2896665987376925,1,2,1,3,0.6166638045890552,0.38333619541094477
23,16029774,177,0.38333634851499937,0.38333625323922554,0.23332730297000126,1.0740795441035225,-0.2896665987376925,0,2,1,3,0.6166636514850006,0.38333634851499937
23,16029774,178,0.38333625323922554,0.3833361645346812,0.2333274935215489,1.0740795441035225,-0.2896665987376925,0,2,1,3,0.6166637467607745,0.38333625323922554
23,16029774,179,0.3833361645346812,0.38333608194814234,0.23332767093063755,1.0740795441035225,-0.2896665987376925,0,2,1,3,0.6166638354653188,0.3833361645346812
23,16029774,180,0.38333608194814234,0.38333600505764454,0.23332783610371532,1.0740795441035225,-0.2896665987376925,0,2,1,3,0.6166639180518576,0.38333608194814234
23,16029774,181,0.38333600505764454,0.38333593347032674,0.23332798988471093,1.0740795441035225,-0.2896665987376925,0,2,1,3,0.6166639949423555,0.38333600505764454
23,16029774,182,0.38333593347032674,0.3833358668204245,0.23332813305934652,1.0740795441035225,-0.2896665987376925,0,2,1,3,0.6166640665296732,0.38333593347032674
23,16029774,183,0.3833358668204245,0.38333595965959977,0.23332826635915105,1.0740795441035225,-0.2896665987376925,1,2,1,3,0.6166641331795755,0.3833358668204245
23,16029774,184,0.38333595965959977,0.38333590188638433,0.23332808068080046,1.0740795441035225,-0.2896665987376925,0,2,1,3,0.6166640403404002,0.38333595965959977
23,16029774,185,0.38333590188638433,0.38333584809781523,0.23332819622723133,1.0740795441035225,-0.2896665987376925,0,2,1,3,0.6166640981136157,0.38333590188638433
23,16029774,186,0.38333584809781523,0.3833357980190688,0.23332830380436953,1.0740795441035225,-0.2896665987376925,0,2,1,3,0.6166641519021847,0.38333584809781523
23,16029774,187,0.3833357980190688,0.383335751394276,0.23332840396186239,1.0740795441035225,-0.2896665987376925,0,2,1,3,0.6166642019809312,0.3833357980190688
23,16029774,188,0.383335751394276,0.3833358163397492,0.233328497211448,1.0740795441035225,-0.2896665987376925,1,2,1,3,0.616664248605724,0.383335751394276
23,16029774,189,0.3833358163397492,0.3833358768059056,0.23332836732050155,1.0740795441035225,-0.2896665987376925,1,2,1,3,0.6166641836602508,0.3833358163397492
23,16029774,190,0.3833358768059056,0.3833358391782171,0.23332824638818883,1.0740795441035225,-0.2896665987376925,0,2,1,3,0.6166641231940944,0.3833358768059056
23,16029774,191,0.3833358391782171,0.383335891591262,0.23332832164356576,1.0740795441035225,-0.2896665987376925,1,2,1,3,0.6166641608217829,0.3833358391782171
23,16029774,192,0.383335891591262,0.3833358589749691,0.23332821681747595,1.0740795441035225,-0.2896665987376925,0,2,1,3,0.616664108408738,0.383335891591262
23,16029774,193,0.3833358589749691,0.3833359044074475,0.23332828205006184,1.0740795441035225,-0.2896665987376925,1,2,1,3,0.6166641410250309,0.3833358589749691
23,16029774,194,0.3833359044074475,0.3833358761351133,0.23332819118510495,1.0740795441035225,-0.2896665987376925,0,2,1,3,0.6166640955925524,0.3833359044074475
23,16029774,195,0.3833358761351133,0.38333591551672425,0.23332824772977345,1.0740795441035225,-0.2896665987376925,1,2,1,3,0.6166641238648867,0.3833358761351133
23,16029774,196,0.38333591551672425,0.3833358910098039,0.2333281689665515,1.0740795441035225,-0.2896665987376925,0,2,1,3,0.6166640844832758,0.38333591551672425
23,16029774,197,0.3833358910098039,0.38333592514642517,0.23332821798039216,1.0740795441035225,-0.2896665987376925,1,2,1,3,0.6166641089901961,0.3833358910098039
23,16029774,198,0.38333592514642517,0.3833359039034268,0.23332814970714966,1.0740795441035225,-0.2896665987376925,0,2,1,3,0.6166640748535748,0.38333592514642517
23,16029774,199,0.3833359039034268,0.3833358841255653,0.23332819219314638,1.0740795441035225,-0.2896665987376925,0,2,1,3,0.6166640960965732,0.3833359039034268
23,16029774,200,0.3833358841255653,0.38333586571178946,0.2333282317488694,1.0740795441035225,-0.2896665987376925,0,2,1,3,0.6166641158744347,0.3833358841255653
23,16029774,201,0.38333586571178946,0.38333584856801783,0.23332826857642108,1.0740795441035225,-0.2896665987376925,0,2,1,3,0.6166641342882105,0.38333586571178946
23,16029774,202,0.38333584856801783,0.38333587244823353,0.23332830286396433,1.0740795441035225,-0.2896665987376925,1,2,1,3,0.6166641514319822,0.38333584856801783
23,16029774,203,0.38333587244823353,0.38333589468142315,0.23332825510353294,1.0740795441035225,-0.2896665987376925,1,2,1,3,0.6166641275517665,0.38333587244823353
23,16029774,204,0.38333589468142315,0.3833358808458543,0.2333282106371537,1.0740795441035225,-0.2896665987376925,0,2,1,3,0.6166641053185768,0.38333589468142315
23,16029774,205,0.3833358808458543,0.38333586796452884,0.2333282383082914,1.0740795441035225,-0.2896665987376925,0,2,1,3,0.6166641191541458,0.3833358808458543
23,16029774,206,0.38333586796452884,0.38333585597163244,0.23332826407094232,1.0740795441035225,-0.2896665987376925,0,2,1,3,0.6166641320354711,0.38333586796452884
23,16029774,207,0.38333585597163244,0.3833358448058897,0.2333282880567351,1.0740795441035225,-0.2896665987376925,0,2,1,3,0.6166641440283676,0.38333585597163244
23,16029774,208,0.3833358448058897,0.38333583441025165,0.23332831038822055,1.0740795441035225,-0.2896665987376925,0,2,1,3,0.6166641551941103,0.3833358448058897
23,16029774,209,0.38333583441025165,0.3833358247316038,0.2333283311794967,1.0740795441035225,-0.2896665987376925,0,2,1,3,0.6166641655897483,0.38333583441025165
23,16029774,210,0.3833358247316038,0.38333581572049524,0.23332835053679235,1.0740795441035225,-0.2896665987376925,0,2,1,3,0.6166641752683961,0.3833358247316038
23,16029774,211,0.38333581572049524,0.3833358073308854,0.2333283685590095,1.0740795441035225,-0.2896665987376925,0,2,1,3,0.6166641842795048,0.38333581572049524
23,16029774,212,0.3833358073308854,0.3833358190170962,0.2333283853382292,1.0740795441035225,-0.2896665987376925,1,2,1,3,0.6166641926691145,0.3833358073308854
23,16029774,213,0.3833358190170962,0.38333581174484516,0.23332836196580764,1.0740795441035225,-0.2896665987376925,0,2,1,3,0.6166641809829039,0.3833358190170962
23,16029774,214,0.38333581174484516,0.3833358218746437,0.2333283765103097,1.0740795441035225,-0.2896665987376925,1,2,1,3,0.6166641882551549,0.38333581174484516
23,16029774,215,0.3833358218746437,0.38333583130578713,0.23332835625071258,1.0740795441035225,-0.2896665987376925,1,2,1,3,0.6166641781253563,0.3833358218746437
23,16029774,216,0.38333583130578713,0.3833358254368492,0.23332833738842573,1.0740795441035225,-0.2896665987376925,0,2,1,3,0.6166641686942129,0.38333583130578713
23,16029774,217,0.3833358254368492,0.3833358199726935,0.23332834912630163,1.0740795441035225,-0.2896665987376925,0,2,1,3,0.6166641745631508,0.3833358254368492
23,16029774,218,0.3833358199726935,0.38333582758392626,0.233328360054613,1.0740795441035225,-0.2896665987376925,1,2,1,3,0.6166641800273065,0.3833358199726935
23,16029774,219,0.38333582758392626,0.3833358228475068,0.23332834483214748,1.0740795441035225,-0.2896665987376925,0,2,1,3,0.6166641724160737,0.38333582758392626
23,16029774,220,0.3833358228475068,0.3833358294450478,0.23332835430498644,1.0740795441035225,-0.2896665987376925,1,2,1,3,0.6166641771524932,0.3833358228475068
23,16029774,221,0.3833358294450478,0.3833358253394418,0.2333283411099044,1.0740795441035225,-0.2896665987376925,0,2,1,3,0.6166641705549523,0.3833358294450478
23,16029774,222,0.3833358253394418,0.38333582151700063,0.23332834932111635,1.0740795441035225,-0.2896665987376925,0,2,1,3,0.6166641746605581,0.3833358253394418
23,16029774,223,0.38333582151700063,0.38333582684142614,0.23332835696599874,1.0740795441035225,-0.2896665987376925,1,2,1,3,0.6166641784829994,0.38333582151700063
23,16029774,224,0.38333582684142614,0.3833358235280715,0.23332834631714772,1.0740795441035225,-0.2896665987376925,0,2,1,3,0.6166641731585738,0.38333582684142614
23,16029774,225,0.3833358235280715,0.3833358204432399,0.233328352943857,1.0740795441035225,-0.2896665987376925,0,2,1,3,0.6166641764719285,0.3833358235280715
23,16029774,226,0.3833358204432399,0.38333581757116986,0.23332835911352023,1.0740795441035225,-0.2896665987376925,0,2,1,3,0.6166641795567601,0.3833358204432399
23,16029774,227,0.38333581757116986,0.3833358148971873,0.2333283648576603,1.0740795441035225,-0.2896665987376925,0,2,1,3,0.6166641824288301,0.38333581757116986
23,16029774,228,0.3833358148971873,0.3833358124076301,0.23332837020562536,1.0740795441035225,-0.2896665987376925,0,2,1,3,0.6166641851028127,0.3833358148971873
23,16029774,229,0.3833358124076301,0.3833358100897783,0.2333283751847398,1.0740795441035225,-0.2896665987376925,0,2,1,3,0.61666418759237,0.3833358124076301
23,16029774,230,0.3833358100897783,0.38333581331840344,0.2333283798204434,1.0740795441035225,-0.2896665987376925,1,2,1,3,0.6166641899102216,0.3833358100897783
23,16029774,231,0.38333581331840344,0.38333581632434943,0.23332837336319312,1.0740795441035225,-0.2896665987376925,1,2,1,3,0.6166641866815965,0.38333581331840344
23,16029774,232,0.38333581632434943,0.3833358191229745,0.23332836735130114,1.0740795441035225,-0.2896665987376925,1,2,1,3,0.6166641836756506,0.38333581632434943
23,16029774,233,0.3833358191229745,0.38333581738140876,0.23332836175405103,1.0740795441035225,-0.2896665987376925,0,2,1,3,0.6166641808770255,0.3833358191229745
23,16029774,234,0.38333581738140876,0.3833358157599592,0.23332836523718248,1.0740795441035225,-0.2896665987376925,0,2,1,3,0.6166641826185912,0.38333581738140876
23,16029774,235,0.3833358157599592,0.38333581425034147,0.23332836848008165,1.0740795441035225,-0.2896665987376925,0,2,1,3,0.6166641842400409,0.3833358157599592
23,16029774,236,0.38333581425034147,0.3833358163531462,0.23332837149931707,1.0740795441035225,-0.2896665987376925,1,2,1,3,0.6166641857496585,0.38333581425034147
23,16029774,237,0.3833358163531462,0.3833358150445848,0.23332836729370765,1.0740795441035225,-0.2896665987376925,0,2,1,3,0.6166641836468538,0.3833358163531462
23,16029774,238,0.3833358150445848,0.38333581382627524,0.2333283699108304,1.0740795441035225,-0.2896665987376925,0,2,1,3,0.6166641849554152,0.3833358150445848
23,16029774,239,0.38333581382627524,0.38333581552330553,0.23332837234744952,1.0740795441035225,-0.2896665987376925,1,2,1,3,0.6166641861737248,0.38333581382627524
23,16029774,240,0.38333581552330553,0.38333581710329123,0.23332836895338893,1.0740795441035225,-0.2896665987376925,1,2,1,3,0.6166641844766945,0.38333581552330553
24,16029776,1,0.5,0.3333333333333333,0,1.0821197741384758,-0.2137603314038375,0,1,2,3,0.5,0.5
24,16029776,2,0.3333333333333333,0.24497076404649304,0.33333333333333337,1.0821197741384758,-0.2137603314038375,0,1,2,3,0.3333333333333333,0.6666666666666667
24,16029776,3,0.24497076404649304,0.38072735442673744,0.5100584719070139,1.0821197741384758,-0.2137603314038375,1,1,2,3,0.24497076404649304,0.7550292359535069
24,16029776,4,0.38072735442673744,0.47269984480496097,0.23854529114652512,1.0821197741384758,-0.2137603314038375,1,1,2,3,0.38072735442673744,0.6192726455732626
24,16029776,5,0.47269984480496097,0.41223140278325193,0.054600310390078066,1.0821197741384758,-0.2137603314038375,0,1,2,3,0.47269984480496097,0.527300155195039
24,16029776,6,0.41223140278325193,0.4733874603484934,0.17553719443349614,1.0821197741384758,-0.2137603314038375,1,1,2,3,0.41223140278325193,0.5877685972167481
24,16029776,7,0.4733874603484934,0.5209465275761701,0.053225079303013234,1.0821197741384758,-0.2137603314038375,1,1,2,3,0.4733874603484934,0.5266125396515067
24,16029776,8,0.5209465275761701,0.4802570090423772,0.04189305515234021,1.0821197741384758,-0.2137603314038375,0,1,2,3,0.5209465275761701,0.4790534724238299
24,16029776,9,0.4802570090423772,0.5156371145484631,0.03948598191524555,1.0821197741384758,-0.2137603314038375,1,1,2,3,0.4802570090423772,0.5197429909576228
24,16029776,10,0.5156371145484631,0.48479105478699647,0.03127422909692612,1.0821197741384758,-0.2137603314038375,0,1,2,3,0.5156371145484631,0.48436288545153694
24,16029776,11,0.48479105478699647,0.5120124109742814,0.030417890426007066,1.0821197741384758,-0.2137603314038375,1,1,2,3,0.48479105478699647,0.5152089452130035
24,16029776,12,0.5120124109742814,0.5351048470190114,0.024024821948562813,1.0821197741384758,-0.2137603314038375,1,1,2,3,0.5120124109742814,0.4879875890257186
24,16029776,13,0.5351048470190114,0.5128594813558487,0.0702096940380228,1.0821197741384758,-0.2137603314038375,0,1,2,3,0.5351048470190114,0.4648951529809886
24,16029776,14,0.5128594813558487,0.5312625878917132,0.02571896271169738,1.0821197741384758,-0.2137603314038375,1,1,2,3,0.5128594813558487,0.4871405186441513
24,16029776,15,0.5312625878917132,0.5472694692451776,0.06252517578342642,1.0821197741384758,-0.2137603314038375,1,1,2,3,0.5312625878917132,0.4687374121082868
24,16029776,16,0.5472694692451776,0.5612785454597071,0.09453893849035522,1.0821197741384758,-0.2137603314038375,1,1,2,3,0.5472694692451776,0.4527305307548224
24,16029776,17,0.5612785454597071,0.5736057091165708,0.12255709091941425,1.0821197741384758,-0.2137603314038375,1,1,2,3,0.5612785454597071,0.4387214545402929
24,16029776,18,0.5736057091165708,0.5596486316127138,0.14721141823314166,1.0821197741384758,-0.2137603314038375,0,1,2,3,0.5736057091165708,0.4263942908834292
24,16029776,19,0.5596486316127138,0.5697936672255385,0.11929726322542766,1.0821197741384758,-0.2137603314038375,1,1,2,3,0.5596486316127138,0.44035136838728617
24,16029776,20,0.5697936672255385,0.5788348577531957,0.13958733445107696,1.0821197741384758,-0.2137603314038375,1,1,2,3,0.5697936672255385,0.4302063327744615
24,16029776,21,0.5788348577531957,0.5869191752913367,0.1576697155063913,1.0821197741384758,-0.2137603314038375,1,1,2,3,0.5788348577531957,0.42116514224680435
24,16029776,22,0.5869191752913367,0.5772040638930421,0.1738383505826735,1.0821197741384758,-0.2137603314038375,0,1,2,3,0.5869191752913367,0.41308082470866325
24,16029776,23,0.5772040638930421,0.5839431121385319,0.15440812778608426,1.0821197741384758,-0.2137603314038375,1,1,2,3,0.5772040638930421,0.42279593610695787
24,16029776,24,0.5839431121385319,0.5900176007946165,0.1678862242770638,1.0821197741384758,-0.2137603314038375,1,1,2,3,0.5839431121385319,0.4160568878614681
24,16029776,25,0.5900176007946165,0.5825864971127924,0.18003520158923303,1.0821197741384758,-0.2137603314038375,0,1,2,3,0.5900176007946165,0.4099823992053835
24,16029776,26,0.5825864971127924,0.5876807090503982,0.16517299422558485,1.0821197741384758,-0.2137603314038375,1,1,2,3,0.5825864971127924,0.4174135028872076
24,16029776,27,0.5876807090503982,0.5814753457735997,0.1753614181007963,1.0821197741384758,-0.2137603314038375,0,1,2,3,0.5876807090503982,0.41231929094960185
24,16029776,28,0.5814753457735997,0.5857598323526462,0.16295069154719943,1.0821197741384758,-0.2137603314038375,1,1,2,3,0.5814753457735997,0.4185246542264003
24,16029776,29,0.5857598323526462,0.5896564981323938,0.17151966470529234,1.0821197741384758,-0.2137603314038375,1,1,2,3,0.5857598323526462,0.41424016764735383
24,16029776,30,0.5896564981323938,0.5932051413340331,0.1793129962647877,1.0821197741384758,-0.2137603314038375,1,1,2,3,0.5896564981323938,0.41034350186760615
24,16029776,31,0.5932051413340331,0.5964407422638507,0.18641028266806625,1.0821197741384758,-0.2137603314038375,1,1,2,3,0.5932051413340331,0.4067948586659669
24,16029776,32,0.5964407422638507,0.5993941595043333,0.19288148452770137,1.0821197741384758,-0.2137603314038375,1,1,2,3,0.5964407422638507,0.4035592577361493
24,16029776,33,0.5993941595043333,0.595620286470583,0.19878831900866656,1.0821197741384758,-0.2137603314038375,0,1,2,3,0.5993941595043333,0.4006058404956667
24,16029776,34,0.595620286470583,0.5981204153143687,0.19124057294116592,1.0821197741384758,-0.2137603314038375,1,1,2,3,0.595620286470583,0.40437971352941704
24,16029776,35,0.5981204153143687,0.5949341222975113,0.19624083062873732,1.0821197741384758,-0.2137603314038375,0,1,2,3,0.5981204153143687,0.40187958468563134
24,16029776,36,0.5949341222975113,0.5970533618414787,0.1898682445950226,1.0821197741384758,-0.2137603314038375,1,1,2,3,0.5949341222975113,0.4050658777024887
24,16029776,37,0.5970533618414787,0.5943584158325472,0.19410672368295745,1.0821197741384758,-0.2137603314038375,0,1,2,3,0.5970533618414787,0.4029466381585213
24,16029776,38,0.5943584158325472,0.59188649002049,0.18871683166509445,1.0821197741384758,-0.2137603314038375,0,1,2,3,0.5943584158325472,0.4056415841674528
24,16029776,39,0.59188649002049,0.5935510769321058,0.18377298004097997,1.0821197741384758,-0.2137603314038375,1,1,2,3,0.59188649002049,0.40811350997951
24,16029776,40,0.5935510769321058,0.5950796416491336,0.1871021538642117,1.0821197741384758,-0.2137603314038375,1,1,2,3,0.5935510769321058,0.40644892306789415
24,16029776,41,0.5950796416491336,0.596483998214653,0.19015928329826726,1.0821197741384758,-0.2137603314038375,1,1,2,3,0.5950796416491336,0.40492035835086637
24,16029776,42,0.596483998214653,0.5977748297827703,0.19296799642930607,1.0821197741384758,-0.2137603314038375,1,1,2,3,0.596483998214653,0.40351600178534697
24,16029776,43,0.5977748297827703,0.5961240669073524,0.1955496595655406,1.0821197741384758,-0.2137603314038375,0,1,2,3,0.5977748297827703,0.4022251702172297
24,16029776,44,0.5961240669073524,0.5972221831088395,0.19224813381470485,1.0821197741384758,-0.2137603314038375,1,1,2,3,0.5961240669073524,0.4038759330926476
24,16029776,45,0.5972221831088395,0.5982327041682874,0.1944443662176789,1.0821197741384758,-0.2137603314038375,1,1,2,3,0.5972221831088395,0.40277781689116054
24,16029776,46,0.5982327041682874,0.599162921759937,0.1964654083365749,1.0821197741384758,-0.2137603314038375,1,1,2,3,0.5982327041682874,0.40176729583171256
24,16029776,47,0.599162921759937,0.6000194753568597,0.19832584351987403,1.0821197741384758,-0.2137603314038375,1,1,2,3,0.599162921759937,0.400837078240063
24,16029776,48,0.6000194753568597,0.598913779116025,0.20003895071371947,1.0821197741384758,-0.2137603314038375,0,1,2,3,0.6000194753568597,0.39998052464314027
24,16029776,49,0.598913779116025,0.5996434001498869,0.1978275582320499,1.0821197741384758,-0.2137603314038375,1,1,2,3,0.598913779116025,0.40108622088397505
24,16029776,50,0.5996434001498869,0.6003157587325711,0.19928680029977386,1.0821197741384758,-0.2137603314038375,1,1,2,3,0.5996434001498869,0.40035659985011307
24,16029776,51,0.6003157587325711,0.5994463336576991,0.2006315174651423,1.0821197741384758,-0.2137603314038375,0,1,2,3,0.6003157587325711,0.39968424126742885
24,16029776,52,0.5994463336576991,0.5986448092073545,0.19889266731539812,1.0821197741384758,-0.2137603314038375,0,1,2,3,0.5994463336576991,0.40055366634230094
24,16029776,53,0.5986448092073545,0.5991746470744742,0.19728961841470904,1.0821197741384758,-0.2137603314038375,1,1,2,3,0.5986448092073545,0.4013551907926455
24,16029776,54,0.5991746470744742,0.5996632785512859,0.19834929414894842,1.0821197741384758,-0.2137603314038375,1,1,2,3,0.5991746470744742,0.4008253529255258
24,16029776,55,0.5996632785512859,0.5990323984648185,0.19932655710257174,1.0821197741384758,-0.2137603314038375,0,1,2,3,0.5996632785512859,0.40033672144871413
24,16029776,56,0.5990323984648185,0.5984504076941367,0.19806479692963697,1.0821197741384758,-0.2137603314038375,0,1,2,3,0.5990323984648185,0.4009676015351815
24,16029776,57,0.5984504076941367,0.5988356154051068,0.19690081538827342,1.0821197741384758,-0.2137603314038375,1,1,2,3,0.5984504076941367,0.4015495923058633
24,16029776,58,0.5988356154051068,0.5991910630068491,0.19767123081021354,1.0821197741384758,-0.2137603314038375,1,1,2,3,0.5988356154051068,0.40116438459489323
24,16029776,59,0.5991910630068491,0.598732647486654,0.1983821260136982,1.0821197741384758,-0.2137603314038375,0,1,2,3,0.5991910630068491,0.4008089369931509
24,16029776,60,0.598732647486654,0.5990358726227962,0.197465294973308,1.0821197741384758,-0.2137603314038375,1,1,2,3,0.598732647486654,0.401267352513346
24,16029776,61,0.5990358726227962,0.5986449374576953,0.19807174524559246,1.0821197741384758,-0.2137603314038375,0,1,2,3,0.5990358726227962,0.40096412737720377
24,16029776,62,0.5986449374576953,0.5982840590478073,0.19728987491539063,1.0821197741384758,-0.2137603314038375,0,1,2,3,0.5986449374576953,0.4013550625423047
24,16029776,63,0.5982840590478073,0.598523199339976,0.1965681180956147,1.0821197741384758,-0.2137603314038375,1,1,2,3,0.5982840590478073,0.40171594095219265
24,16029776,64,0.598523199339976,0.5987439884900244,0.197046398679952,1.0821197741384758,-0.2137603314038375,1,1,2,3,0.598523199339976,0.401476800660024
24,16029776,65,0.5987439884900244,0.5989478490418295,0.19748797698004883,1.0821197741384758,-0.2137603314038375,1,1,2,3,0.5987439884900244,0.4012560115099756
24,16029776,66,0.5989478490418295,0.5986849992978664,0.19789569808365903,1.0821197741384758,-0.2137603314038375,0,1,2,3,0.5989478490418295,0.4010521509581705
24,16029776,67,0.5986849992978664,0.5988589870878852,0.1973699985957329,1.0821197741384758,-0.2137603314038375,1,1,2,3,0.5986849992978664,0.40131500070213355
24,16029776,68,0.5988589870878852,0.5990196636040394,0.19771797417577042,1.0821197741384758,-0.2137603314038375,1,1,2,3,0.5988589870878852,0.4011410129121148
24,16029776,69,0.5990196636040394,0.5988124080625173,0.1980393272080787,1.0821197741384758,-0.2137603314038375,0,1,2,3,0.5990196636040394,0.40098033639596065
24,16029776,70,0.5988124080625173,0.5989495574470466,0.19762481612503469,1.0821197741384758,-0.2137603314038375,1,1,2,3,0.5988124080625173,0.40118759193748266
24,16029776,71,0.5989495574470466,0.5987726759733372,0.19789911489409318,1.0821197741384758,-0.2137603314038375,0,1,2,3,0.5989495574470466,0.4010504425529534
24,16029776,72,0.5987726759733372,0.5988897513982523,0.19754535194667433,1.0821197741384758,-0.2137603314038375,1,1,2,3,0.5987726759733372,0.40122732402666283
24,16029776,73,0.5988897513982523,0.5989978934343426,0.19777950279650458,1.0821197741384758,-0.2137603314038375,1,1,2,3,0.5988897513982523,0.4011102486017477
24,16029776,74,0.5989978934343426,0.5988583839656244,0.19799578686868524,1.0821197741384758,-0.2137603314038375,0,1,2,3,0.5989978934343426,0.4010021065656574
24,16029776,75,0.5988583839656244,0.5989507057005726,0.19771676793124882,1.0821197741384758,-0.2137603314038375,1,1,2,3,0.5988583839656244,0.4011416160343756
24,16029776,76,0.5989507057005726,0.5990359909931264,0.19790141140114526,1.0821197741384758,-0.2137603314038375,1,1,2,3,0.5989507057005726,0.4010492942994274
24,16029776,77,0.5990359909931264,0.5991147782676837,0.19807198198625287,1.0821197741384758,-0.2137603314038375,1,1,2,3,0.5990359909931264,0.40096400900687357
24,16029776,78,0.5991147782676837,0.5990130857995029,0.19822955653536734,1.0821197741384758,-0.2137603314038375,0,1,2,3,0.5991147782676837,0.40088522173231633
24,16029776,79,0.5990130857995029,0.5990803530199302,0.1980261715990057,1.0821197741384758,-0.2137603314038375,1,1,2,3,0.5990130857995029,0.40098691420049715
24,16029776,80,0.5990803530199302,0.5991424993600167,0.19816070603986047,1.0821197741384758,-0.2137603314038375,1,1,2,3,0.5990803530199302,0.40091964698006977
24,16029776,81,0.5991424993600167,0.5991999157905255,0.19828499872003347,1.0821197741384758,-0.2137603314038375,1,1,2,3,0.5991424993600167,0.40085750063998327
24,16029776,82,0.5991999157905255,0.5991257793463662,0.1983998315810509,1.0821197741384758,-0.2137603314038375,0,1,2,3,0.5991999157905255,0.40080008420947455
24,16029776,83,0.5991257793463662,0.5991748036290075,0.19825155869273248,1.0821197741384758,-0.2137603314038375,1,1,2,3,0.5991257793463662,0.40087422065363376
24,16029776,84,0.5991748036290075,0.5991115065931224,0.1983496072580151,1.0821197741384758,-0.2137603314038375,0,1,2,3,0.5991748036290075,0.40082519637099245
24,16029776,85,0.5991115065931224,0.5991533663941592,0.1982230131862448,1.0821197741384758,-0.2137603314038375,1,1,2,3,0.5991115065931224,0.4008884934068776
24,16029776,86,0.5991533663941592,0.5990993221709795,0.19830673278831834,1.0821197741384758,-0.2137603314038375,0,1,2,3,0.5991533663941592,0.40084663360584083
24,16029776,87,0.5990993221709795,0.5991350652810984,0.198198644341959,1.0821197741384758,-0.2137603314038375,1,1,2,3,0.5990993221709795,0.4009006778290205
24,16029776,88,0.5991350652810984,0.5990889199912048,0.19827013056219678,1.0821197741384758,-0.2137603314038375,0,1,2,3,0.5991350652810984,0.4008649347189016
24,16029776,89,0.5990889199912048,0.5990462819982982,0.19817783998240968,1.0821197741384758,-0.2137603314038375,0,1,2,3,0.5990889199912048,0.40091108000879516
24,16029776,90,0.5990462819982982,0.5990068843474984,0.19809256399659647,1.0821197741384758,-0.2137603314038375,0,1,2,3,0.5990462819982982,0.40095371800170176
24,16029776,91,0.5990068843474984,0.5990329500190835,0.19801376869499676,1.0821197741384758,-0.2137603314038375,1,1,2,3,0.5990068843474984,0.4009931156525016
24,16029776,92,0.5990329500190835,0.59905703520249165,0.19806590003816704,1.0821197741384758,-0.2137603314038375,1,1,2,3,0.5990329500190835,0.4009670499809165
24,16029776,93,0.59905703520249165,0.5990259475424556,0.1981140704049833,1.0821197741384758,-0.2137603314038375,0,1,2,3,0.59905703520249165,0.40094296479750835
24,16029776,94,0.5990259475424556,0.5990465144089494,0.19805189508491128,1.0821197741384758,-0.2137603314038375,1,1,2,3,0.5990259475424556,0.40097405245754436
24,16029776,95,0.5990465144089494,0.5990655189930616,0.1980930288178988,1.0821197741384758,-0.2137603314038375,1,1,2,3,0.5990465144089494,0.4009534855910506
24,16029776,96,0.5990655189930616,0.5990830800732113,0.1981310379861232,1.0821197741384758,-0.2137603314038375,1,1,2,3,0.5990655189930616,0.4009344810069384
24,16029776,97,0.5990830800732113,0.5990993073818025,0.19816616014642263,1.0821197741384758,-0.2137603314038375,1,1,2,3,0.5990830800732113,0.4009169199267887
24,16029776,98,0.5990993073818025,0.5991143022964117,0.198198614763605,1.0821197741384758,-0.2137603314038375,1,1,2,3,0.5990993073818025,0.4009006926181975
24,16029776,99,0.5991143022964117,0.5991281584778336,0.19822860459282343,1.0821197741384758,-0.2137603314038375,1,1,2,3,0.5991143022964117,0.4008856977035883
24,16029776,100,0.5991281584778336,0.59914096245912,0.19825631695566726,1.0821197741384758,-0.2137603314038375,1,1,2,3,0.5991281584778336,0.40087184152216637
24,16029776,101,0.59914096245912,0.599152794189416,0.19828192491823993,1.0821197741384758,-0.2137603314038375,1,1,2,3,0.59914096245912,0.40085903754088004
24,16029776,102,0.599152794189416,0.5991375167772395,0.19830558837883205,1.0821197741384758,-0.2137603314038375,0,1,2,3,0.599152794189416,0.400847205810584
24,16029776,103,0.5991375167772395,0.599147620520168,0.19827503355447895,1.0821197741384758,-0.2137603314038375,1,1,2,3,0.5991375167772395,0.4008624832227605
24,16029776,104,0.599147620520168,0.5991345744715741,0.19829524104033602,1.0821197741384758,-0.2137603314038375,0,1,2,3,0.599147620520168,0.400852379479832
24,16029776,105,0.5991345744715741,0.5991432026387219,0.1982691489431483,1.0821197741384758,-0.2137603314038375,1,1,2,3,0.5991345744715741,0.40086542552842586
24,16029776,106,0.5991432026387219,0.5991320619733671,0.1982864052774438,1.0821197741384758,-0.2137603314038375,0,1,2,3,0.5991432026387219,0.4008567973612781
24,16029776,107,0.5991320619733671,0.5991217670659109,0.1982641239467342,1.0821197741384758,-0.2137603314038375,0,1,2,3,0.5991320619733671,0.4008679380266329
24,16029776,108,0.5991217670659109,0.5991285760829447,0.19824353413182183,1.0821197741384758,-0.2137603314038375,1,1,2,3,0.5991217670659109,0.4008782329340891
24,16029776,109,0.5991285760829447,0.5991348682129617,0.19825715216588935,1.0821197741384758,-0.2137603314038375,1,1,2,3,0.5991285760829447,0.4008714239170553
24,16029776,110,0.5991348682129617,0.5991267439918228,0.19826973642592338,1.0821197741384758,-0.2137603314038375,0,1,2,3,0.5991348682129617,0.4008651317870383
24,16029776,111,0.5991267439918228,0.599132117264511,0.1982534879836455,1.0821197741384758,-0.2137603314038375,1,1,2,3,0.5991267439918228,0.40087325600817725
24,16029776,112,0.599132117264511,0.5991370826680811,0.19826423452902198,1.0821197741384758,-0.2137603314038375,1,1,2,3,0.599132117264511,0.400867882735489
24,16029776,113,0.5991370826680811,0.5991416711698758,0.19827416533616216,1.0821197741384758,-0.2137603314038375,1,1,2,3,0.5991370826680811,0.4008629173319189
24,16029776,114,0.5991416711698758,0.5991357464480827,0.19828334233975164,1.0821197741384758,-0.2137603314038375,0,1,2,3,0.5991416711698758,0.4008583288301242
24,16029776,115,0.5991357464480827,0.5991396648980253,0.1982714928961653,1.0821197741384758,-0.2137603314038375,1,1,2,3,0.5991357464480827,0.40086425355191735
24,16029776,116,0.5991396648980253,0.5991346053760568,0.19827932979605056,1.0821197741384758,-0.2137603314038375,0,1,2,3,0.5991396648980253,0.4008603351019747
24,16029776,117,0.5991346053760568,0.5991379516274667,0.19826921075211357,1.0821197741384758,-0.2137603314038375,1,1,2,3,0.5991346053760568,0.4008653946239432
24,16029776,118,0.5991379516274667,0.5991410438990659,0.1982759032549335,1.0821197741384758,-0.2137603314038375,1,1,2,3,0.5991379516274667,0.40086204837253325
24,16029776,119,0.5991410438990659,0.5991439014706684,0.19828208779813172,1.0821197741384758,-0.2137603314038375,1,1,2,3,0.5991410438990659,0.40085895610093414
24,16029776,120,0.5991439014706684,0.5991465421581339,0.19828780294133685,1.0821197741384758,-0.2137603314038375,1,1,2,3,0.5991439014706684,0.4008560985293316
24,16029776,121,0.5991465421581339,0.5991489824245871,0.1982930843162678,1.0821197741384758,-0.2137603314038375,1,1,2,3,0.5991465421581339,0.4008534578418661
24,16029776,122,0.5991489824245871,0.5991512374831814,0.19829796484917428,1.0821197741384758,-0.2137603314038375,1,1,2,3,0.5991489824245871,0.40085101757541286
24,16029776,123,0.5991512374831814,0.599148325605855,0.19830247496636288,1.0821197741384758,-0.2137603314038375,0,1,2,3,0.5991512374831814,0.40084876251681856
24,16029776,124,0.599148325605855,0.5991502513751016,0.19829665121170992,1.0821197741384758,-0.2137603314038375,1,1,2,3,0.599148325605855,0.40085167439414504
24,16029776,125,0.5991502513751016,0.5991477647027244,0.19830050275020317,1.0821197741384758,-0.2137603314038375,0,1,2,3,0.5991502513751016,0.4008497486248984
24,16029776,126,0.5991477647027244,0.5991454667544043,0.1982955294054487,1.0821197741384758,-0.2137603314038375,0,1,2,3,0.5991477647027244,0.40085223529727565
24,16029776,127,0.5991454667544043,0.5991433432059707,0.19829093350880855,1.0821197741384758,-0.2137603314038375,0,1,2,3,0.5991454667544043,0.4008545332455957
24,16029776,128,0.5991433432059707,0.5991413808206203,0.19828668641194147,1.0821197741384758,-0.2137603314038375,0,1,2,3,0.5991433432059707,0.40085665679402926
24,16029776,129,0.5991413808206203,0.5991426786779992,0.1982827616412406,1.0821197741384758,-0.2137603314038375,1,1,2,3,0.5991413808206203,0.4008586191793797
24,16029776,130,0.5991426786779992,0.599143878037734,0.1982853573559984,1.0821197741384758,-0.2137603314038375,1,1,2,3,0.5991426786779992,0.4008573213220008
24,16029776,131,0.599143878037734,0.5991449863754782,0.1982877560754679,1.0821197741384758,-0.2137603314038375,1,1,2,3,0.599143878037734,0.40085612196226605
24,16029776,132,0.5991449863754782,0.599146010599446,0.1982899727509564,1.0821197741384758,-0.2137603314038375,1,1,2,3,0.5991449863754782,0.4008550136245218
24,16029776,133,0.599146010599446,0.5991469570934923,0.1982920211988921,1.0821197741384758,-0.2137603314038375,1,1,2,3,0.599146010599446,0.40085398940055395
24,16029776,134,0.5991469570934923,0.5991478317569219,0.1982939141869846,1.0821197741384758,-0.2137603314038375,1,1,2,3,0.5991469570934923,0.4008530429065077
24,16029776,135,0.5991478317569219,0.5991486400412737,0.19829566351384376,1.0821197741384758,-0.2137603314038375,1,1,2,3,0.5991478317569219,0.4008521682430781
24,16029776,136,0.5991486400412737,0.5991475963358036,0.19829728008254732,1.0821197741384758,-0.2137603314038375,0,1,2,3,0.5991486400412737,0.40085135995872634
24,16029776,137,0.5991475963358036,0.5991482865954092,0.19829519267160722,1.0821197741384758,-0.2137603314038375,1,1,2,3,0.5991475963358036,0.4008524036641964
24,16029776,138,0.5991482865954092,0.5991473952912822,0.1982965731908184,1.0821197741384758,-0.2137603314038375,0,1,2,3,0.5991482865954092,0.4008517134045908
24,16029776,139,0.5991473952912822,0.5991479847601857,0.1982947905825645,1.0821197741384758,-0.2137603314038375,1,1,2,3,0.5991473952912822,0.40085260470871775
24,16029776,140,0.5991479847601857,0.5991485294943067,0.19829596952037143,1.0821197741384758,-0.2137603314038375,1,1,2,3,0.5991479847601857,0.4008520152398143
24,16029776,141,0.5991485294943067,0.5991478261003315,0.1982970589886135,1.0821197741384758,-0.2137603314038375,0,1,2,3,0.5991485294943067,0.40085147050569325
24,16029776,142,0.5991478261003315,0.5991482912933713,0.19829565220066292,1.0821197741384758,-0.2137603314038375,1,1,2,3,0.5991478261003315,0.40085217389966854
24,16029776,143,0.5991482912933713,0.5991476906080069,0.19829658258674265,1.0821197741384758,-0.2137603314038375,0,1,2,3,0.5991482912933713,0.4008517087066287
24,16029776,144,0.5991476906080069,0.5991480878745031,0.19829538121601376,1.0821197741384758,-0.2137603314038375,1,1,2,3,0.5991476906080069,0.4008523093919931
24,16029776,145,0.5991480878745031,0.5991484549927254,0.19829617574900626,1.0821197741384758,-0.2137603314038375,1,1,2,3,0.5991480878745031,0.40085191212549687
24,16029776,146,0.5991484549927254,0.599147980947046,0.1982969099854508,1.0821197741384758,-0.2137603314038375,0,1,2,3,0.5991484549927254,0.4008515450072746
24,16029776,147,0.599147980947046,0.5991482944595021,0.19829596189409204,1.0821197741384758,-0.2137603314038375,1,1,2,3,0.599147980947046,0.400852019052954
24,16029776,148,0.5991482944595021,0.5991478896330323,0.19829658891900426,1.0821197741384758,-0.2137603314038375,0,1,2,3,0.5991482944595021,0.40085170554049787
24,16029776,149,0.5991478896330323,0.5991475155284024,0.19829577926606468,1.0821197741384758,-0.2137603314038375,0,1,2,3,0.5991478896330323,0.40085211036696766
24,16029776,150,0.5991475155284024,0.5991477629448149,0.1982950310568048,1.0821197741384758,-0.2137603314038375,1,1,2,3,0.5991475155284024,0.4008524844715976
24,16029776,151,0.5991477629448149,0.5991479915851027,0.19829552588962973,1.0821197741384758,-0.2137603314038375,1,1,2,3,0.5991477629448149,0.40085223705518513
24,16029776,152,0.5991479915851027,0.5991482028741777,0.19829598317020536,1.0821197741384758,-0.2137603314038375,1,1,2,3,0.5991479915851027,0.4008520084148973
24,16029776,153,0.5991482028741777,0.5991483981288139,0.1982964057483554,1.0821197741384758,-0.2137603314038375,1,1,2,3,0.5991482028741777,0.4008517971258223
24,16029776,154,0.5991483981288139,0.5991485785658544,0.19829679625762786,1.0821197741384758,-0.2137603314038375,1,1,2,3,0.5991483981288139,0.40085160187118607
24,16029776,155,0.5991485785658544,0.5991487453097945,0.1982971571317087,1.0821197741384758,-0.2137603314038375,1,1,2,3,0.5991485785658544,0.40085142143414565
24,16029776,156,0.5991487453097945,0.5991488993997915,0.1982974906195889,1.0821197741384758,-0.2137603314038375,1,1,2,3,0.5991487453097945,0.40085125469020555
24,16029776,157,0.5991488993997915,0.5991490417961411,0.1982977987995831,1.0821197741384758,-0.2137603314038375,1,1,2,3,0.5991488993997915,0.40085110060020845
24,16029776,158,0.5991490417961411,0.5991488579246665,0.1982980835922823,1.0821197741384758,-0.2137603314038375,0,1,2,3,0.5991490417961411,0.40085095820385885
24,16029776,159,0.5991488579246665,0.5991486880068942,0.1982977158493331,1.0821197741384758,-0.2137603314038375,0,1,2,3,0.5991488579246665,0.40085114207533346
24,16029776,160,0.5991486880068942,0.599148800382675,0.1982973760137885,1.0821197741384758,-0.2137603314038375,1,1,2,3,0.5991486880068942,0.40085131199310575
24,16029776,161,0.599148800382675,0.5991486552758247,0.19829760076535008,1.0821197741384758,-0.2137603314038375,0,1,2,3,0.599148800382675,0.40085119961732496
24,16029776,162,0.5991486552758247,0.5991485211808792,0.19829731055164945,1.0821197741384758,-0.2137603314038375,0,1,2,3,0.5991486552758247,0.4008513447241753
24,16029776,163,0.5991485211808792,0.5991486098651535,0.1982970423617585,1.0821197741384758,-0.2137603314038375,1,1,2,3,0.5991485211808792,0.40085147881912075
24,16029776,164,0.5991486098651535,0.5991486918193385,0.198297219730307,1.0821197741384758,-0.2137603314038375,1,1,2,3,0.5991486098651535,0.4008513901348465
24,16029776,165,0.5991486918193385,0.5991487675541702,0.198297383638677,1.0821197741384758,-0.2137603314038375,1,1,2,3,0.5991486918193385,0.4008513081806615
24,16029776,166,0.5991487675541702,0.5991488375416257,0.19829753510834047,1.0821197741384758,-0.2137603314038375,1,1,2,3,0.5991487675541702,0.40085123244582976
24,16029776,167,0.5991488375416257,0.5991489022178643,0.19829767508325147,1.0821197741384758,-0.2137603314038375,1,1,2,3,0.5991488375416257,0.40085116245837427
24,16029776,168,0.5991489022178643,0.5991489619859455,0.19829780443572864,1.0821197741384758,-0.2137603314038375,1,1,2,3,0.5991489022178643,0.4008510977821357
24,16029776,169,0.5991489619859455,0.5991488848094889,0.19829792397189094,1.0821197741384758,-0.2137603314038375,0,1,2,3,0.5991489619859455,0.40085103801405453
24,16029776,170,0.5991488848094889,0.5991489358504177,0.19829776961897783,1.0821197741384758,-0.2137603314038375,1,1,2,3,0.5991488848094889,0.4008511151905111
24,16029776,171,0.5991489358504177,0.5991489830179494,0.19829787170083546,1.0821197741384758,-0.2137603314038375,1,1,2,3,0.5991489358504177,0.40085106414958227
24,16029776,172,0.5991489830179494,0.5991490266060293,0.19829796603589878,1.0821197741384758,-0.2137603314038375,1,1,2,3,0.5991489830179494,0.4008510169820506
24,16029776,173,0.5991490266060293,0.5991489703222328,0.19829805321205862,1.0821197741384758,-0.2137603314038375,0,1,2,3,0.5991490266060293,0.4008509733939707
24,16029776,174,0.5991489703222328,0.5991490075457165,0.1982979406444656,1.0821197741384758,-0.2137603314038375,1,1,2,3,0.5991489703222328,0.4008510296777672
24,16029776,175,0.5991490075457165,0.599149041944384,0.19829801509143308,1.0821197741384758,-0.2137603314038375,1,1,2,3,0.5991490075457165,0.40085099245428346
24,16029776,176,0.599149041944384,0.5991489975265575,0.19829808388876802,1.0821197741384758,-0.2137603314038375,0,1,2,3,0.599149041944384,0.400850958055616
24,16029776,177,0.5991489975265575,0.5991489564795106,0.19829799505311496,1.0821197741384758,-0.2137603314038375,0,1,2,3,0.5991489975265575,0.4008510024734425
24,16029776,178,0.5991489564795106,0.5991489185474412,0.19829791295902122,1.0821197741384758,-0.2137603314038375,0,1,2,3,0.5991489564795106,0.4008510435204894
24,16029776,179,0.5991489185474412,0.5991489436339523,0.19829783709488247,1.0821197741384758,-0.2137603314038375,1,1,2,3,0.5991489185474412,0.40085108145255877
24,16029776,180,0.5991489436339523,0.599148966816699,0.19829788726790465,1.0821197741384758,-0.2137603314038375,1,1,2,3,0.5991489436339523,0.4008510563660477
24,16029776,181,0.599148966816699,0.5991489882401545,0.1982979336333981,1.0821197741384758,-0.2137603314038375,1,1,2,3,0.599148966816699,0.40085103318330095
24,16029776,182,0.5991489882401545,0.5991490080378277,0.198297976480309,1.0821197741384758,-0.2137603314038375,1,1,2,3,0.5991489882401545,0.4008510117598455
24,16029776,183,0.5991490080378277,0.5991490263330959,0.19829801607565534,1.0821197741384758,-0.2137603314038375,1,1,2,3,0.5991490080378277,0.40085099196217233
24,16029776,184,0.5991490263330959,0.5991490432399739,0.19829805266619172,1.0821197741384758,-0.2137603314038375,1,1,2,3,0.5991490263330959,0.40085097366690414
24,16029776,185,0.5991490432399739,0.5991490214086972,0.19829808647994773,1.0821197741384758,-0.2137603314038375,0,1,2,3,0.5991490432399739,0.40085095676002613
24,16029776,186,0.5991490214086972,0.5991490358468865,0.19829804281739438,1.0821197741384758,-0.2137603314038375,1,1,2,3,0.5991490214086972,0.4008509785913028
24,16029776,187,0.5991490358468865,0.5991490172033439,0.198298071693773,1.0821197741384758,-0.2137603314038375,0,1,2,3,0.5991490358468865,0.4008509641531135
24,16029776,188,0.5991490172033439,0.5991490295333146,0.1982980344066878,1.0821197741384758,-0.2137603314038375,1,1,2,3,0.5991490172033439,0.4008509827966561
24,16029776,189,0.5991490295333146,0.5991490136120431,0.19829805906662923,1.0821197741384758,-0.2137603314038375,0,1,2,3,0.5991490295333146,0.4008509704666854
24,16029776,190,0.5991490136120431,0.5991490241416307,0.19829802722408618,1.0821197741384758,-0.2137603314038375,1,1,2,3,0.5991490136120431,0.4008509863879569
24,16029776,191,0.5991490241416307,0.5991490105451328,0.19829804828326147,1.0821197741384758,-0.2137603314038375,0,1,2,3,0.5991490241416307,0.40085097585836926
24,16029776,192,0.5991490105451328,0.5991489979804447,0.19829802109026562,1.0821197741384758,-0.2137603314038375,0,1,2,3,0.5991490105451328,0.4008509894548672
24,16029776,193,0.5991489979804447,0.5991490062901449,0.19829799596088948,1.0821197741384758,-0.2137603314038375,1,1,2,3,0.5991489979804447,0.40085100201955526
24,16029776,194,0.5991490062901449,0.5991489955601127,0.19829801258028978,1.0821197741384758,-0.2137603314038375,0,1,2,3,0.5991490062901449,0.4008509937098551
24,16029776,195,0.5991489955601127,0.5991490026564569,0.1982979911202254,1.0821197741384758,-0.2137603314038375,1,1,2,3,0.5991489955601127,0.4008510044398873
24,16029776,196,0.5991490026564569,0.5991490092142745,0.19829800531291375,1.0821197741384758,-0.2137603314038375,1,1,2,3,0.5991490026564569,0.4008509973435431
24,16029776,197,0.5991490092142745,0.599149015274433,0.198298018428549,1.0821197741384758,-0.2137603314038375,1,1,2,3,0.5991490092142745,0.4008509907857255
24,16029776,198,0.599149015274433,0.5991490074491568,0.19829803054886597,1.0821197741384758,-0.2137603314038375,0,1,2,3,0.599149015274433,0.400850984725567
24,16029776,199,0.5991490074491568,0.5991490126244304,0.19829801489831356,1.0821197741384758,-0.2137603314038375,1,1,2,3,0.5991490074491568,0.4008509925508432
24,16029776,200,0.5991490126244304,0.5991490174069634,0.19829802524886087,1.0821197741384758,-0.2137603314038375,1,1,2,3,0.5991490126244304,0.40085098737556957
24,16029776,201,0.5991490174069634,0.5991490218265599,0.19829803481392672,1.0821197741384758,-0.2137603314038375,1,1,2,3,0.5991490174069634,0.40085098259303664
24,16029776,202,0.5991490218265599,0.5991490259107626,0.19829804365311987,1.0821197741384758,-0.2137603314038375,1,1,2,3,0.5991490218265599,0.40085097817344006
24,16029776,203,0.5991490259107626,0.5991490296850238,0.19829805182152516,1.0821197741384758,-0.2137603314038375,1,1,2,3,0.5991490259107626,0.4008509740892374
24,16029776,204,0.5991490296850238,0.5991490331728643,0.19829805937004763,1.0821197741384758,-0.2137603314038375,1,1,2,3,0.5991490296850238,0.4008509703149762
24,16029776,205,0.5991490331728643,0.5991490286691343,0.19829806634572855,1.0821197741384758,-0.2137603314038375,0,1,2,3,0.5991490331728643,0.4008509668271357
24,16029776,206,0.5991490286691343,0.5991490316476916,0.19829805733826866,1.0821197741384758,-0.2137603314038375,1,1,2,3,0.5991490286691343,0.40085097133086567
24,16029776,207,0.5991490316476916,0.5991490278015819,0.19829806329538324,1.0821197741384758,-0.2137603314038375,0,1,2,3,0.5991490316476916,0.4008509683523084
24,16029776,208,0.5991490278015819,0.5991490242473454,0.19829805560316371,1.0821197741384758,-0.2137603314038375,0,1,2,3,0.5991490278015819,0.40085097219841814
24,16029776,209,0.5991490242473454,0.5991490209628324,0.1982980484946908,1.0821197741384758,-0.2137603314038375,0,1,2,3,0.5991490242473454,0.4008509757526546
24,16029776,210,0.5991490209628324,0.5991490231350562,0.1982980419256648,1.0821197741384758,-0.2137603314038375,1,1,2,3,0.5991490209628324,0.4008509790371676
24,16029776,211,0.5991490231350562,0.5991490203301375,0.1982980462701125,1.0821197741384758,-0.2137603314038375,0,1,2,3,0.5991490231350562,0.40085097686494375
24,16029776,212,0.5991490203301375,0.5991490177380779,0.198298040660275,1.0821197741384758,-0.2137603314038375,0,1,2,3,0.5991490203301375,0.4008509796698625
24,16029776,213,0.5991490177380779,0.5991490194523454,0.19829803547615588,1.0821197741384758,-0.2137603314038375,1,1,2,3,0.5991490177380779,0.40085098226192206
24,16029776,214,0.5991490194523454,0.5991490210365208,0.1982980389046909,1.0821197741384758,-0.2137603314038375,1,1,2,3,0.5991490194523454,0.40085098054765456
24,16029776,215,0.5991490210365208,0.5991490225004765,0.19829804207304158,1.0821197741384758,-0.2137603314038375,1,1,2,3,0.5991490210365208,0.4008509789634792
24,16029776,216,0.5991490225004765,0.5991490238533357,0.19829804500095305,1.0821197741384758,-0.2137603314038375,1,1,2,3,0.5991490225004765,0.4008509774995235
24,16029776,217,0.5991490238533357,0.5991490251035292,0.19829804770667137,1.0821197741384758,-0.2137603314038375,1,1,2,3,0.5991490238533357,0.4008509761466643
24,16029776,218,0.5991490251035292,0.5991490262588482,0.19829805020705837,1.0821197741384758,-0.2137603314038375,1,1,2,3,0.5991490251035292,0.4008509748964708
24,16029776,219,0.5991490262588482,0.5991490247670241,0.1982980525176965,1.0821197741384758,-0.2137603314038375,0,1,2,3,0.5991490262588482,0.40085097374115175
24,16029776,220,0.5991490247670241,0.599149025753647,0.19829804953404828,1.0821197741384758,-0.2137603314038375,1,1,2,3,0.5991490247670241,0.40085097523297586
24,16029776,221,0.599149025753647,0.5991490244796543,0.19829805150729407,1.0821197741384758,-0.2137603314038375,0,1,2,3,0.599149025753647,0.40085097424635296
24,16029776,222,0.5991490244796543,0.5991490253222138,0.1982980489593087,1.0821197741384758,-0.2137603314038375,1,1,2,3,0.5991490244796543,0.40085097552034565
24,16029776,223,0.5991490253222138,0.5991490261008333,0.19829805064442763,1.0821197741384758,-0.2137603314038375,1,1,2,3,0.5991490253222138,0.4008509746777862
24,16029776,224,0.5991490261008333,0.599149026820365,0.19829805220166663,1.0821197741384758,-0.2137603314038375,1,1,2,3,0.5991490261008333,0.4008509738991667
24,16029776,225,0.599149026820365,0.5991490258912582,0.19829805364072994,1.0821197741384758,-0.2137603314038375,0,1,2,3,0.599149026820365,0.40085097317963503
24,16029776,226,0.5991490258912582,0.5991490250326593,0.19829805178251636,1.0821197741384758,-0.2137603314038375,0,1,2,3,0.5991490258912582,0.4008509741087418
24,16029776,227,0.5991490250326593,0.5991490242392177,0.19829805006531864,1.0821197741384758,-0.2137603314038375,0,1,2,3,0.5991490250326593,0.4008509749673407
24,16029776,228,0.5991490242392177,0.599149024763963,0.19829804847843535,1.0821197741384758,-0.2137603314038375,1,1,2,3,0.5991490242392177,0.4008509757607823
24,16029776,229,0.599149024763963,0.5991490252488866,0.19829804952792607,1.0821197741384758,-0.2137603314038375,1,1,2,3,0.599149024763963,0.40085097523603697
24,16029776,230,0.5991490252488866,0.5991490256970103,0.19829805049777316,1.0821197741384758,-0.2137603314038375,1,1,2,3,0.5991490252488866,0.4008509747511134
24,16029776,231,0.5991490256970103,0.5991490251183633,0.19829805139402068,1.0821197741384758,-0.2137603314038375,0,1,2,3,0.5991490256970103,0.40085097430298966
24,16029776,232,0.5991490251183633,0.5991490255010535,0.19829805023672664,1.0821197741384758,-0.2137603314038375,1,1,2,3,0.5991490251183633,0.4008509748816367
24,16029776,233,0.5991490255010535,0.5991490250068988,0.19829805100210707,1.0821197741384758,-0.2137603314038375,0,1,2,3,0.5991490255010535,0.40085097449894647
24,16029776,234,0.5991490250068988,0.5991490245502444,0.19829805001379763,1.0821197741384758,-0.2137603314038375,0,1,2,3,0.5991490250068988,0.4008509749931012
24,16029776,235,0.5991490245502444,0.5991490248522544,0.19829804910048887,1.0821197741384758,-0.2137603314038375,1,1,2,3,0.5991490245502444,0.40085097544975556
24,16029776,236,0.5991490248522544,0.5991490251313454,0.19829804970450882,1.0821197741384758,-0.2137603314038375,1,1,2,3,0.5991490248522544,0.4008509751477456
24,16029776,237,0.5991490251313454,0.5991490253892567,0.19829805026269076,1.0821197741384758,-0.2137603314038375,1,1,2,3,0.5991490251313454,0.4008509748686546
24,16029776,238,0.5991490253892567,0.5991490256275959,0.19829805077851348,1.0821197741384758,-0.2137603314038375,1,1,2,3,0.5991490253892567,0.40085097461074326
24,16029776,239,0.5991490256275959,0.5991490258478479,0.19829805125519173,1.0821197741384758,-0.2137603314038375,1,1,2,3,0.5991490256275959,0.40085097437240413
24,16029776,240,0.5991490258478479,0.5991490260513854,0.1982980516956958,1.0821197741384758,-0.2137603314038375,1,1,2,3,0.5991490258478479,0.4008509741521521
