"k","variable","param","simulated","estimated","median","q5","q95","bias","abs_bias","covered_90","rhat","ess_bulk","ess_tail"
1,"mu_alpha","alpha",1.628,1.96632522835,1.9627711,1.7020496,2.235800775,0.33832522835,0.33832522835,FALSE,1.00050151210087,4211.46730135585,6505.31331492083
1,"mu_beta","beta",0.185,0.196877788012325,0.19599249,0.1084698895,0.287630979,0.011877788012325,0.011877788012325,TRUE,1.00087029616737,2566.38210495196,4507.71717546591
1,"mu_lambda","lambda",0.0239,0.0200538119400983,0.018783747,0.00413133591,0.04036392135,-0.00384618805990167,0.00384618805990167,TRUE,1.00000246763945,8184.54306918529,6473.00637410574
1,"mu_delta","delta",0.703,0.738064353318333,0.739151165,0.606060588,0.865004376,0.0350643533183334,0.0350643533183334,TRUE,1.00032178692881,4356.70144923271,6738.68961427354
1,"mu_eta","eta",-0.744,-0.740632120646667,-0.740038715,-0.8338691485,-0.648238645,0.00336787935333338,0.00336787935333338,TRUE,1.00017999527523,6463.86647236442,8574.53761126629
2,"mu_alpha","alpha",2.602,2.67701626275,2.67331755,2.382590915,2.983173545,0.0750162627500002,0.0750162627500002,TRUE,1.0005620712107,5368.76964388227,7070.72417570029
2,"mu_beta","beta",0.185,0.224186857684558,0.223693075,0.144188834,0.305805046,0.0391868576845583,0.0391868576845583,TRUE,1.00051014932771,4233.51875503198,5898.35704688106
2,"mu_lambda","lambda",0.0239,0.0179660770039552,0.0174913705,0.00470874678,0.03288345345,-0.00593392299604475,0.00593392299604475,TRUE,1.00001191029859,10193.5189670172,7027.35816018788
2,"mu_delta","delta",0.703,0.641514037679167,0.644481725,0.506371612,0.7655784,-0.0614859623208333,0.0614859623208333,TRUE,1.00054080762873,4730.9919857176,6769.87912651211
2,"mu_eta","eta",-0.744,-0.664326742519167,-0.6647573,-0.756629644,-0.5723312915,0.0796732574808333,0.0796732574808333,TRUE,1.00097233197311,5303.46221551069,6718.43404110475
3,"mu_alpha","alpha",3.697,3.78699789228333,3.7795175,3.44417738,4.15713348,0.0899978922833333,0.0899978922833333,TRUE,1.00039615326663,5405.92644197376,7225.23000676384
3,"mu_beta","beta",0.185,0.20190555157205,0.20190642,0.1220237,0.283182764,0.01690555157205,0.01690555157205,TRUE,0.99996342508522,3913.0769005549,5736.3497645477
3,"mu_lambda","lambda",0.0239,0.02694118293365,0.0271018525,0.01429150155,0.0388281331,0.00304118293365,0.00304118293365,TRUE,1.00059893528228,9877.23609299128,6007.35372273834
3,"mu_delta","delta",0.703,0.8390760916475,0.83705692,0.724215353,0.958703044,0.1360760916475,0.1360760916475,FALSE,1.00097188765827,1872.92711906338,3565.79120263334
3,"mu_eta","eta",-0.744,-0.863423801470833,-0.86396207,-0.946666771,-0.7781382485,-0.119423801470833,0.119423801470833,FALSE,1.0019894904807,3466.75443826845,5335.16758193691
4,"mu_alpha","alpha",1.628,1.47492819102167,1.47164775,1.229357435,1.73381583,-0.153071808978333,0.153071808978333,TRUE,1.00071403767475,6269.01447152009,8144.23968297673
4,"mu_beta","beta",0.352,0.456727522608333,0.456589285,0.3749202805,0.541225846,0.104727522608333,0.104727522608333,FALSE,1.00016946294727,5717.25523451877,7500.85364190447
4,"mu_lambda","lambda",0.0239,0.0200209923519488,0.019596956,0.00551231038,0.0357619022,-0.00387900764805117,0.00387900764805117,TRUE,1.00002665089723,11303.838071539,7267.79595804563
4,"mu_delta","delta",0.703,0.732395632648333,0.734450695,0.6624674035,0.7963129795,0.0293956326483333,0.0293956326483333,TRUE,1.0001947942082,10967.7408912396,7948.79640939952
4,"mu_eta","eta",-0.744,-0.649706417988333,-0.649306495,-0.7375153955,-0.5622508885,0.0942935820116667,0.0942935820116667,FALSE,1.00031126489899,6843.38314371805,8029.65185257113
5,"mu_alpha","alpha",2.602,2.61999804546667,2.61523775,2.31120063,2.93843147,0.0179980454666668,0.0179980454666668,TRUE,1.0008005992053,2888.43464230755,4651.36578526283
5,"mu_beta","beta",0.352,0.386623202253333,0.38614851,0.31064515,0.4659423765,0.0346232022533334,0.0346232022533334,TRUE,1.00101602159066,2592.37548151695,5126.7034243601
5,"mu_lambda","lambda",0.0239,0.0234250346444425,0.0235744635,0.009845616415,0.0365046523,-0.000474965355557501,0.000474965355557501,TRUE,1.00121936366836,6366.1954941423,3697.62558352496
5,"mu_delta","delta",0.703,0.793352841446667,0.792441265,0.6828109635,0.9057924535,0.0903528414466667,0.0903528414466667,TRUE,1.00090030949808,2747.4421629287,4431.95007084342
5,"mu_eta","eta",-0.744,-0.683576373255,-0.683221035,-0.752091617,-0.617448098,0.060423626745,0.060423626745,TRUE,1.00044245698194,4320.88449620013,5718.39762892762
6,"mu_alpha","alpha",3.697,3.264883654875,3.26028395,2.969194815,3.57546982,-0.432116345125,0.432116345125,FALSE,1.00014698433962,6219.93492597571,7941.38057952596
6,"mu_beta","beta",0.352,0.378694136930833,0.378539375,0.2876856705,0.472259194,0.0266941369308333,0.0266941369308333,TRUE,1.00129670209792,3457.28339727831,5868.05001679653
6,"mu_lambda","lambda",0.0239,0.0312616597232583,0.0313236965,0.01753230915,0.04472156535,0.00736165972325833,0.00736165972325833,TRUE,1.00032220755675,9656.33702378114,6803.1887163195
6,"mu_delta","delta",0.703,0.8149095834175,0.81612588,0.7087974875,0.9153470485,0.1119095834175,0.1119095834175,FALSE,1.00112429462573,2745.09870564159,5125.92356063899
6,"mu_eta","eta",-0.744,-0.7761844373475,-0.775468345,-0.8636579645,-0.6905685845,-0.0321844373475,0.0321844373475,TRUE,1.0002257618342,4086.04437513452,5829.9112493751
7,"mu_alpha","alpha",1.628,1.54762766134167,1.54119885,1.29390563,1.81899732,-0.0803723386583333,0.0803723386583333,TRUE,1.00138735068102,3463.03205137084,5765.42197370435
7,"mu_beta","beta",0.518,0.460449139456667,0.45983656,0.3665426395,0.557345915,-0.0575508605433334,0.0575508605433334,TRUE,1.0005747769896,2904.60625165216,5325.40418133063
7,"mu_lambda","lambda",0.0239,0.0231556617946644,0.0231023795,0.00704880753,0.03924415885,-0.000744338205335586,0.000744338205335586,TRUE,1.00049025453543,7907.08559389756,5675.3229624671
7,"mu_delta","delta",0.703,0.718615732970833,0.719281205,0.591435905,0.841533466,0.0156157329708334,0.0156157329708334,TRUE,1.00328852216448,3777.96390875768,5939.5771056913
7,"mu_eta","eta",-0.744,-0.743884934736667,-0.743465475,-0.832114521,-0.6590269645,0.00011506526333338,0.00011506526333338,TRUE,1.00034330303061,4587.51446234287,7418.53017982371
8,"mu_alpha","alpha",2.602,2.68334150836667,2.6776816,2.400618345,2.98318126,0.0813415083666666,0.0813415083666666,TRUE,1.00017089376758,5248.9655856878,7138.27740820657
8,"mu_beta","beta",0.518,0.51415164298,0.51344092,0.43296833,0.5980350145,-0.00384835701999997,0.00384835701999997,TRUE,1.0007187494136,4727.89169816962,6814.92013126766
8,"mu_lambda","lambda",0.0239,0.016554273237614,0.0164440705,0.00525057599,0.0283777847,-0.007345726762386,0.007345726762386,TRUE,1.00076742714996,9417.44516200977,5467.09811256518
8,"mu_delta","delta",0.703,0.6214323597225,0.623197635,0.522026407,0.714501428,-0.0815676402775,0.0815676402775,TRUE,1.00111132005049,3797.68304837386,5734.92559798229
8,"mu_eta","eta",-0.744,-0.7763721724175,-0.77564795,-0.855612614,-0.6981471345,-0.0323721724175,0.0323721724175,TRUE,1.00094573700705,4118.29199392258,6450.55888778347
9,"mu_alpha","alpha",3.697,3.633409224325,3.62723045,3.32403218,3.968805815,-0.0635907756750003,0.0635907756750003,TRUE,1.00012898920264,7327.00357933169,7926.35770574204
9,"mu_beta","beta",0.518,0.501528530146667,0.501421965,0.425216863,0.57962669,-0.0164714698533334,0.0164714698533334,TRUE,1.00058772436014,6033.12277721,7790.35146291832
9,"mu_lambda","lambda",0.0239,0.0280397768248158,0.028198499,0.0144352267,0.0410073655,0.00413977682481583,0.00413977682481583,TRUE,1.00035161110736,7836.08545787475,6592.88641765824
9,"mu_delta","delta",0.703,0.654059328553333,0.65403893,0.5443348465,0.7625395225,-0.0489406714466666,0.0489406714466666,TRUE,1.00153615617678,2770.59956286246,4458.41392090788
9,"mu_eta","eta",-0.744,-0.800360104084167,-0.799268055,-0.8732728115,-0.730087168,-0.0563601040841667,0.0563601040841667,TRUE,1.0000777433493,4716.90386696077,7368.24807241945
10,"mu_alpha","alpha",1.628,1.54389782185833,1.5374896,1.30771575,1.792873095,-0.0841021781416667,0.0841021781416667,TRUE,1.00075145267466,5510.08793503414,7878.33965865277
10,"mu_beta","beta",0.185,0.152943492038658,0.15224279,0.0832724039,0.224801075,-0.0320565079613417,0.0320565079613417,TRUE,0.999987610229795,5248.44456373199,7379.45816340304
10,"mu_lambda","lambda",0.0512,0.060936364679675,0.061061217,0.03460442535,0.0861441521,0.00973636467967499,0.00973636467967499,TRUE,1.00029555963578,12067.0399322071,6971.74486588732
10,"mu_delta","delta",0.703,0.685338867796667,0.6901583,0.5371024645,0.8199112835,-0.0176611322033333,0.0176611322033333,TRUE,1.00018184422131,8232.75895722423,8061.24202738181
10,"mu_eta","eta",-0.744,-0.708877322195833,-0.70866203,-0.7954896945,-0.6215505255,0.0351226778041667,0.0351226778041667,TRUE,1.00003724385923,10871.4647888819,10229.6616003896
11,"mu_alpha","alpha",2.602,2.728854541475,2.7237187,2.398410925,3.080264615,0.126854541475,0.126854541475,TRUE,1.00061526587534,3437.70864751843,5474.79914733866
11,"mu_beta","beta",0.185,0.232120237697583,0.231430225,0.16146619,0.304920616,0.0471202376975833,0.0471202376975833,TRUE,1.00046484345097,3954.77045837514,6350.94124716607
11,"mu_lambda","lambda",0.0512,0.05837174930975,0.0583194195,0.0367613014,0.08042313235,0.00717174930974999,0.00717174930974999,TRUE,1.00089922218735,5066.6871693911,5957.5387780173
11,"mu_delta","delta",0.703,0.71866435518,0.72103964,0.5718349975,0.8609439375,0.0156643551800001,0.0156643551800001,TRUE,1.00050377519221,3817.30031599398,4879.75318870535
11,"mu_eta","eta",-0.744,-0.7216336493675,-0.72035082,-0.8040789525,-0.645336976,0.0223663506325,0.0223663506325,TRUE,1.00108317098083,5078.33667474782,6709.67623239927
12,"mu_alpha","alpha",3.697,3.666610625025,3.6610486,3.30992777,4.043462225,-0.0303893749749999,0.0303893749749999,TRUE,1.00021021081684,8427.44581786914,8161.98217085555
12,"mu_beta","beta",0.185,0.177978347403242,0.1774445,0.11548501,0.24214066,-0.00702165259675833,0.00702165259675833,TRUE,1.00011775150838,9316.59178844969,9141.73369115557
12,"mu_lambda","lambda",0.0512,0.0421919845501583,0.0420796185,0.02435559605,0.0598146514,-0.00900801544984167,0.00900801544984167,TRUE,1.00019571453824,11576.0715915854,8218.83439271491
12,"mu_delta","delta",0.703,0.79043433276,0.790131575,0.681550473,0.89781874,0.08743433276,0.08743433276,TRUE,1.00043203465582,5830.91757678263,7512.15202611017
12,"mu_eta","eta",-0.744,-0.7471359620825,-0.74712449,-0.836013393,-0.6593333095,-0.0031359620825,0.0031359620825,TRUE,1.00030391040657,7143.75981251454,8290.26567405453
13,"mu_alpha","alpha",1.628,1.58086496949167,1.57682945,1.341567505,1.830418795,-0.0471350305083331,0.0471350305083331,TRUE,1.00056711031912,5681.36848123355,6838.92332287271
13,"mu_beta","beta",0.352,0.391839538654167,0.39109122,0.304171921,0.483744587,0.0398395386541667,0.0398395386541667,TRUE,1.00024936799041,4382.16122227149,6676.08471767506
13,"mu_lambda","lambda",0.0512,0.0728756501425,0.073067451,0.053755949,0.0914659511,0.0216756501425,0.0216756501425,FALSE,1.00038727526038,12223.8095165491,8067.33112631699
13,"mu_delta","delta",0.703,0.60371077606,0.60712099,0.501292674,0.695015686,-0.0992892239399999,0.0992892239399999,FALSE,0.999915422615732,8486.97489530978,6613.93362385683
13,"mu_eta","eta",-0.744,-0.755899606454167,-0.755625555,-0.868613149,-0.6443429925,-0.0118996064541667,0.0118996064541667,TRUE,0.999942524555429,4947.63413695676,6780.07908718795
14,"mu_alpha","alpha",2.602,2.50234865979167,2.49581925,2.194073575,2.827067855,-0.0996513402083332,0.0996513402083332,TRUE,1.00063596330041,4001.46516767307,6683.58136225804
14,"mu_beta","beta",0.352,0.392417421419167,0.391728085,0.328454106,0.458042619,0.0404174214191667,0.0404174214191667,TRUE,1.00044003840491,5914.79752120545,7505.27482622479
14,"mu_lambda","lambda",0.0512,0.0478245559481167,0.0479805475,0.0323581901,0.06270813215,-0.00337544405188334,0.00337544405188334,TRUE,1.00014714668323,9999.89381666617,7110.62769797244
14,"mu_delta","delta",0.703,0.736665780683333,0.738749855,0.624152025,0.842395066,0.0336657806833334,0.0336657806833334,TRUE,1.00050847685406,4546.22488010382,5490.20815884029
14,"mu_eta","eta",-0.744,-0.6987842222175,-0.69845521,-0.772055961,-0.625802438,0.0452157777825,0.0452157777825,TRUE,1.00084794841758,5238.24810016362,6742.79108579851
15,"mu_alpha","alpha",3.697,3.686611507975,3.6804279,3.353573015,4.04329762,-0.0103884920250001,0.0103884920250001,TRUE,1.00086843716615,5916.85353449958,8096.07546560781
15,"mu_beta","beta",0.352,0.295342997598583,0.29470627,0.193588469,0.3988888505,-0.0566570024014166,0.0566570024014166,TRUE,1.00024176363226,3238.12311594821,5506.08228732692
15,"mu_lambda","lambda",0.0512,0.0611129082320833,0.061013035,0.0382166297,0.0844768601,0.00991290823208333,0.00991290823208333,TRUE,1.00052711692202,5365.44646485607,7597.61977152421
15,"mu_delta","delta",0.703,0.67766336418,0.677182945,0.516712509,0.8380172275,-0.02533663582,0.02533663582,TRUE,1.00192945013262,2227.5266956915,4249.62688773725
15,"mu_eta","eta",-0.744,-0.734413630375833,-0.73498506,-0.83490797,-0.6322044645,0.0095863696241667,0.0095863696241667,TRUE,1.00040948323511,3169.09959545714,5265.55062892983
16,"mu_alpha","alpha",1.628,1.53820250922333,1.5335651,1.27673609,1.82198436,-0.0897974907766665,0.0897974907766665,TRUE,1.00057688166578,5720.74549545644,7563.08907121997
16,"mu_beta","beta",0.518,0.56706873629,0.565852425,0.473539238,0.6640340395,0.04906873629,0.04906873629,TRUE,1.00063190869992,5063.88648429755,7669.41548891864
16,"mu_lambda","lambda",0.0512,0.0435164195274333,0.043797257,0.026055364,0.059741099,-0.00768358047256667,0.00768358047256667,TRUE,1.00018634634236,10349.1620945643,6143.29645425561
16,"mu_delta","delta",0.703,0.667393596786667,0.67069853,0.5604421835,0.7631837615,-0.0356064032133333,0.0356064032133333,TRUE,1.00059472875542,7378.33872732393,7515.27972923994
16,"mu_eta","eta",-0.744,-0.734289471623333,-0.73348256,-0.820948225,-0.648867952,0.00971052837666664,0.00971052837666664,TRUE,1.00026507881534,6325.79183917737,7587.58784226112
17,"mu_alpha","alpha",2.602,2.56564214243333,2.5631682,2.335708555,2.80943756,-0.0363578575666663,0.0363578575666663,TRUE,1.00068581339964,9899.12190769654,8340.29093455242
17,"mu_beta","beta",0.518,0.492879483285,0.492141995,0.424004344,0.5643987575,-0.025120516715,0.025120516715,TRUE,1.00004564087311,9716.6853568606,9258.27364016179
17,"mu_lambda","lambda",0.0512,0.03480243050135,0.034422294,0.0160839317,0.0547450902,-0.01639756949865,0.01639756949865,TRUE,1.000146513368,10150.7801904538,8169.24688364116
17,"mu_delta","delta",0.703,0.7259318062175,0.725440465,0.615645651,0.838738237,0.0229318062175,0.0229318062175,TRUE,1.00049013176302,4525.98067021025,6025.2622664491
17,"mu_eta","eta",-0.744,-0.697694288921667,-0.69713599,-0.7981338705,-0.599479615,0.0463057110783334,0.0463057110783334,TRUE,1.0007285590263,4754.65975642672,6517.97266817538
18,"mu_alpha","alpha",3.697,3.7276153101,3.7190802,3.463487765,4.019432705,0.0306153101,0.0306153101,TRUE,0.999866922327263,7523.61444166979,7706.85424357992
18,"mu_beta","beta",0.518,0.527439580306667,0.52615367,0.431902221,0.6267449535,0.0094395803066667,0.0094395803066667,TRUE,1.00152788712098,3640.74099649973,5934.56216765583
18,"mu_lambda","lambda",0.0512,0.04335815033755,0.043046362,0.0254069125,0.0622019811,-0.00784184966245,0.00784184966245,TRUE,1.00073457741931,5092.79401715933,5764.93604570311
18,"mu_delta","delta",0.703,0.691415829533333,0.692618615,0.624980838,0.754013572,-0.0115841704666666,0.0115841704666666,TRUE,1.0002042221749,4840.73595350672,6923.03666360565
18,"mu_eta","eta",-0.744,-0.696320623051667,-0.69584652,-0.7742822885,-0.6205734,0.0476793769483334,0.0476793769483334,TRUE,1.0007364883952,3255.66257025313,5234.53859996835
19,"mu_alpha","alpha",1.628,1.44208668768583,1.43736095,1.19217184,1.70304139,-0.185913312314167,0.185913312314167,TRUE,1.00108527653902,5250.48865565052,7484.7790288546
19,"mu_beta","beta",0.185,0.235244620541917,0.234174815,0.147221996,0.325897,0.0502446205419167,0.0502446205419167,TRUE,1.00022265485664,3577.4841009876,6038.93254643707
19,"mu_lambda","lambda",0.0808,0.09823462439625,0.098182104,0.06642956375,0.1306280845,0.01743462439625,0.01743462439625,TRUE,1.00011011281599,9324.47810654259,8759.10360571645
19,"mu_delta","delta",0.703,0.640672798451667,0.64524861,0.49506941,0.7741948575,-0.0623272015483333,0.0623272015483333,TRUE,1.00031860322646,5959.62332227342,7287.43589805851
19,"mu_eta","eta",-0.744,-0.7281025091575,-0.72896653,-0.8363696,-0.6175131905,0.0158974908425,0.0158974908425,TRUE,1.00009520295638,7848.8957996503,8569.86503772544
20,"mu_alpha","alpha",2.602,2.81332499110833,2.80774245,2.51042151,3.133968435,0.211324991108333,0.211324991108333,TRUE,1.00006124692848,6575.33437407152,7205.25716666002
20,"mu_beta","beta",0.185,0.21286945132925,0.212326685,0.1342079435,0.292006188,0.02786945132925,0.02786945132925,TRUE,1.00014631108005,5713.17506734743,7248.00545256686
20,"mu_lambda","lambda",0.0808,0.0717485279148333,0.071075378,0.04289309375,0.102625862,-0.00905147208516667,0.00905147208516667,TRUE,1.00033686219431,6631.65580877753,7692.58805941552
20,"mu_delta","delta",0.703,0.703058351668333,0.70551218,0.607697104,0.789366614,5.83516683333452e-05,5.83516683333452e-05,TRUE,0.99993557676235,6547.06715702477,8022.06407775224
20,"mu_eta","eta",-0.744,-0.743862665965833,-0.743330005,-0.8477924945,-0.642857602,0.000137334034166714,0.000137334034166714,TRUE,1.00052050776481,5751.20658450121,6071.12091612073
21,"mu_alpha","alpha",3.697,4.00129601838333,3.99453415,3.617179905,4.407945865,0.304296018383333,0.304296018383333,TRUE,1.00039345977255,5232.57743229421,6431.54937947268
21,"mu_beta","beta",0.185,0.0756770557442752,0.0757743935,-0.01489054385,0.165866594,-0.109322944255725,0.109322944255725,FALSE,1.00061937518645,3816.02000080844,5514.52728279713
21,"mu_lambda","lambda",0.0808,0.0855641615254167,0.0851301675,0.0639158161,0.1084552695,0.00476416152541667,0.00476416152541667,TRUE,1.00107332623883,5153.36584344092,6320.89413736938
21,"mu_delta","delta",0.703,0.707511502920833,0.709277465,0.618800007,0.7874720665,0.00451150292083335,0.00451150292083335,TRUE,1.00122896138386,3884.91285351632,5264.90541336074
21,"mu_eta","eta",-0.744,-0.806825057329167,-0.80710765,-0.892825416,-0.720067422,-0.0628250573291667,0.0628250573291667,TRUE,1.00030683581271,5090.86262127314,6795.46159551777
22,"mu_alpha","alpha",1.628,1.70489263365,1.699418,1.44611691,1.982038705,0.0768926336500002,0.0768926336500002,TRUE,1.0010294558007,3863.71794582055,5732.32778916616
22,"mu_beta","beta",0.352,0.39967614662,0.39900407,0.3151778865,0.485390492,0.04767614662,0.04767614662,TRUE,1.00146508283748,3358.47666590195,5211.34317196065
22,"mu_lambda","lambda",0.0808,0.08451271603825,0.0845210655,0.06334514055,0.105718264,0.00371271603825001,0.00371271603825001,TRUE,1.00023316530073,8843.74902958541,7715.98657397785
22,"mu_delta","delta",0.703,0.80557891593,0.80585354,0.6540822995,0.9576896315,0.10257891593,0.10257891593,TRUE,1.00036897294387,3764.21046639421,5400.48831803912
22,"mu_eta","eta",-0.744,-0.7418636375325,-0.74096288,-0.8372635925,-0.648950694,0.00213636246750004,0.00213636246750004,TRUE,1.00031798715127,5414.17270614559,8151.5999740812
23,"mu_alpha","alpha",2.602,2.73906769739167,2.73692005,2.48379919,3.004061145,0.137067697391667,0.137067697391667,TRUE,1.00018461901505,5229.42067573006,7707.3323161518
23,"mu_beta","beta",0.352,0.296271009513333,0.29562559,0.218040256,0.37632946,-0.0557289904866666,0.0557289904866666,TRUE,1.00121218486149,3457.49183110504,5959.66669997218
23,"mu_lambda","lambda",0.0808,0.0675920449844917,0.0668440165,0.03936877955,0.0981034959,-0.0132079550155083,0.0132079550155083,TRUE,1.00058999292184,3744.51203219814,5237.66395613121
23,"mu_delta","delta",0.703,0.447156063345833,0.449938195,0.3005854215,0.5887178555,-0.255843936654167,0.255843936654167,FALSE,1.00135432980272,4067.90026254419,5179.37365430528
23,"mu_eta","eta",-0.744,-0.724464751675,-0.724269985,-0.815773104,-0.63331626,0.019535248325,0.019535248325,TRUE,1.00138312535676,3867.60995631631,6450.86301171867
24,"mu_alpha","alpha",3.697,3.79781609541667,3.7879716,3.48402351,4.138660085,0.100816095416667,0.100816095416667,TRUE,1.0006554718216,4723.47701580855,6547.6360823711
24,"mu_beta","beta",0.352,0.2997363096055,0.29899404,0.2121595365,0.389383495,-0.0522636903945,0.0522636903945,TRUE,1.00077791155353,3217.95246504536,5157.77344697123
24,"mu_lambda","lambda",0.0808,0.0998335063314167,0.09954089,0.07542287845,0.1252159225,0.0190335063314167,0.0190335063314167,TRUE,1.00130196058597,3039.44556850614,5100.13890037564
24,"mu_delta","delta",0.703,0.786467163666667,0.78719383,0.710465051,0.8592792715,0.0834671636666667,0.0834671636666667,FALSE,1.00107228944074,2881.65517306353,4758.14506433993
24,"mu_eta","eta",-0.744,-0.780024117953333,-0.77975748,-0.861292921,-0.698268218,-0.0360241179533334,0.0360241179533334,TRUE,1.00007597838975,3483.95707113699,5402.63827486983
25,"mu_alpha","alpha",1.628,1.4593437597675,1.45454805,1.19275981,1.74271875,-0.1686562402325,0.1686562402325,TRUE,1.00061985596032,3257.87099689669,5475.23527823457
25,"mu_beta","beta",0.518,0.543490926100833,0.54245274,0.4616486515,0.6286113225,0.0254909261008334,0.0254909261008334,TRUE,1.00056352978388,3383.98106409844,5734.71565428316
25,"mu_lambda","lambda",0.0808,0.08046895859025,0.0802634415,0.0573235147,0.1045588425,-0.000331041409750002,0.000331041409750002,TRUE,1.00001891013924,5866.83094613603,6545.82280353602
25,"mu_delta","delta",0.703,0.637100575034167,0.639118855,0.481655093,0.784465153,-0.0658994249658333,0.0658994249658333,TRUE,1.00093369407943,3298.42001018125,5152.61761449964
25,"mu_eta","eta",-0.744,-0.806082486863333,-0.80578925,-0.912742471,-0.6982590335,-0.0620824868633333,0.0620824868633333,TRUE,1.00074581080225,3252.27651424851,5184.81821070096
26,"mu_alpha","alpha",2.602,2.61400964278333,2.6104929,2.313553065,2.92612691,0.0120096427833336,0.0120096427833336,TRUE,1.00018554818215,3607.34545350006,5941.23868047957
26,"mu_beta","beta",0.518,0.531463570629167,0.53082058,0.442876665,0.619907315,0.0134635706291667,0.0134635706291667,TRUE,1.00111853858503,3312.79624357005,5649.66159892098
26,"mu_lambda","lambda",0.0808,0.07553430421075,0.0755991575,0.05946212155,0.09116287245,-0.00526569578925,0.00526569578925,TRUE,1.00007422945217,7877.22821065354,7707.21972192704
26,"mu_delta","delta",0.703,0.777273296130833,0.779408395,0.701430236,0.845032513,0.0742732961308333,0.0742732961308333,TRUE,1.00162196489899,3252.05494380079,4608.49825060125
26,"mu_eta","eta",-0.744,-0.742349053435,-0.74153687,-0.806839619,-0.6800772425,0.00165094656499998,0.00165094656499998,TRUE,1.00046351845457,5570.18727529073,7711.27716139143
27,"mu_alpha","alpha",3.697,3.801724826525,3.794757,3.468742845,4.159148995,0.104724826525,0.104724826525,TRUE,1.00062127986446,7408.28876334794,7806.12984673061
27,"mu_beta","beta",0.518,0.475638520140833,0.475201965,0.386484496,0.567395368,-0.0423614798591667,0.0423614798591667,TRUE,1.00213070544192,5423.75424923955,6781.77011774483
27,"mu_lambda","lambda",0.0808,0.0698845636556667,0.0696084395,0.0482087745,0.0926138819,-0.0109154363443333,0.0109154363443333,TRUE,1.00056559708794,5730.78818851514,7357.52913042563
27,"mu_delta","delta",0.703,0.648964167301667,0.649487455,0.564857264,0.730317443,-0.0540358326983333,0.0540358326983333,TRUE,1.00077106110219,4567.27952799356,5910.44539808282
27,"mu_eta","eta",-0.744,-0.736181373020833,-0.736545995,-0.834502374,-0.636635051,0.00781862697916669,0.00781862697916669,TRUE,1.00181724531758,3431.50803231002,5726.86501257882
28,"mu_alpha","alpha",1.628,1.73074498295833,1.7274703,1.43528214,2.03813448,0.102744982958333,0.102744982958333,TRUE,1.00044354639635,3719.43135244124,6418.51594388281
28,"mu_beta","beta",0.185,0.127925760418003,0.12786452,0.0497639744,0.2063253725,-0.0570742395819966,0.0570742395819966,TRUE,1.00036677711616,3976.16787162534,6596.33440456806
28,"mu_lambda","lambda",0.0239,0.0258581405359433,0.0252455605,0.006992660865,0.04719346685,0.00195814053594333,0.00195814053594333,TRUE,0.999859507448056,10484.548143314,6866.24721932057
28,"mu_delta","delta",0.937,0.917933885175,0.91745029,0.783697541,1.05152449,-0.0190661148250001,0.0190661148250001,TRUE,1.0006251008438,2638.62942293546,6355.66474310713
28,"mu_eta","eta",-0.744,-0.763507260364167,-0.76430173,-0.849656202,-0.6740817625,-0.0195072603641667,0.0195072603641667,TRUE,1.00016744888904,8418.00932899963,8489.85182462112
29,"mu_alpha","alpha",2.602,2.429633588825,2.4267488,2.16730284,2.7085455,-0.172366411175,0.172366411175,TRUE,1.00009091410036,5416.60488973567,7469.70660222681
29,"mu_beta","beta",0.185,0.2409012006751,0.240907995,0.150234374,0.332962989,0.0559012006751,0.0559012006751,TRUE,1.00020928911171,3360.0625677151,5372.72309209543
29,"mu_lambda","lambda",0.0239,0.0382473953050833,0.0383861645,0.02085181125,0.05497518875,0.0143473953050833,0.0143473953050833,TRUE,1.00041903849643,9155.57813443517,6700.38255383977
29,"mu_delta","delta",0.937,1.02102939386,1.01650075,0.883473198,1.170302955,0.0840293938599999,0.0840293938599999,TRUE,1.00069412135225,3592.06941311597,6045.30047030419
29,"mu_eta","eta",-0.744,-0.711608685053333,-0.710661885,-0.8136696755,-0.614315062,0.0323913149466667,0.0323913149466667,TRUE,1.00065862619038,5704.7746216996,7399.56022573123
30,"mu_alpha","alpha",3.697,3.82985464371667,3.82378345,3.485692215,4.192980965,0.132854643716667,0.132854643716667,TRUE,1.00065094254082,6180.6136691007,7832.96257770335
30,"mu_beta","beta",0.185,0.202924098479707,0.201671585,0.102931047,0.3047449895,0.0179240984797067,0.0179240984797067,TRUE,1.0008000423514,2964.05434227712,5010.94101634521
30,"mu_lambda","lambda",0.0239,0.0220234450583083,0.0222320925,0.01018345335,0.033334795,-0.00187655494169167,0.00187655494169167,TRUE,1.00031732582639,10260.3238336155,4946.9142854334
30,"mu_delta","delta",0.937,0.973258300114167,0.96907815,0.8518721875,1.108489395,0.0362583001141666,0.0362583001141666,TRUE,1.00231848778917,2234.2902329525,4654.73339725526
30,"mu_eta","eta",-0.744,-0.7657447375625,-0.76515424,-0.861121197,-0.670281907,-0.0217447375625001,0.0217447375625001,TRUE,1.00071658169897,3733.35263815545,6277.2321376728
31,"mu_alpha","alpha",1.628,1.806708434425,1.80296995,1.54798724,2.0781334,0.178708434425,0.178708434425,TRUE,1.00052635555733,4688.56635409346,6750.25018292707
31,"mu_beta","beta",0.352,0.357040962295833,0.356438545,0.2829213915,0.4337322685,0.00504096229583334,0.00504096229583334,TRUE,1.00028369537129,4271.23957435595,6238.78661015041
31,"mu_lambda","lambda",0.0239,0.0260146393834236,0.0254236095,0.008227657725,0.04596549155,0.00211463938342358,0.00211463938342358,TRUE,1.00002980495152,8671.16044625355,6740.1924720856
31,"mu_delta","delta",0.937,0.9688415897075,0.965857155,0.8431794685,1.11152014,0.0318415897075,0.0318415897075,TRUE,1.00066311063579,3455.55554550299,5040.46992012844
31,"mu_eta","eta",-0.744,-0.888904846518333,-0.888863275,-0.967683052,-0.810899162,-0.144904846518333,0.144904846518333,FALSE,1.00064807553685,8130.98735743908,8590.58525104266
32,"mu_alpha","alpha",2.602,2.42650203336667,2.42069495,2.195785535,2.67122844,-0.175497966633333,0.175497966633333,TRUE,1.00033458479119,7936.60590938246,8757.01561243606
32,"mu_beta","beta",0.352,0.3729958710225,0.372179495,0.27375272,0.4767179315,0.0209958710225,0.0209958710225,TRUE,1.00104725180676,3272.07856618831,5447.38094936329
32,"mu_lambda","lambda",0.0239,0.0125419367554201,0.012052471,0.00189782573,0.0248302316,-0.0113580632445799,0.0113580632445799,TRUE,1.00017626588074,11969.0844986789,6720.06925077872
32,"mu_delta","delta",0.937,0.9001941114975,0.897457275,0.8059762245,1.002909695,-0.0368058885025001,0.0368058885025001,TRUE,1.00160541573163,3204.8777044838,4649.85586734132
32,"mu_eta","eta",-0.744,-0.804328470850833,-0.80453581,-0.915708158,-0.692388481,-0.0603284708508334,0.0603284708508334,TRUE,1.00060098649388,4464.97872932933,6559.62592780042
33,"mu_alpha","alpha",3.697,3.46654462084167,3.4590835,3.140927115,3.812862885,-0.230455379158333,0.230455379158333,TRUE,1.00043175636984,4696.78571021404,6662.85370371207
33,"mu_beta","beta",0.352,0.360334327696667,0.359429005,0.293389252,0.431093335,0.0083343276966667,0.0083343276966667,TRUE,1.00045805043077,5489.77854839969,7153.35801051371
33,"mu_lambda","lambda",0.0239,0.0262572322366083,0.02636375,0.01410875475,0.0377962935,0.00235723223660833,0.00235723223660833,TRUE,1.00024067203537,7873.70552488954,4995.81226180328
33,"mu_delta","delta",0.937,0.8792557240275,0.878345335,0.793662168,0.967113053,-0.0577442759725001,0.0577442759725001,TRUE,1.00112642610663,3176.48645651316,5075.34196750153
33,"mu_eta","eta",-0.744,-0.708786155443333,-0.708233025,-0.7808110815,-0.639342023,0.0352138445566667,0.0352138445566667,TRUE,1.00052559391023,4668.89543795855,6748.19098204225
34,"mu_alpha","alpha",1.628,1.55281742923333,1.55012465,1.35541626,1.760173135,-0.0751825707666665,0.0751825707666665,TRUE,1.00064101600695,7091.21520647051,7772.91932212462
34,"mu_beta","beta",0.518,0.505418218765833,0.504690275,0.421975389,0.591921406,-0.0125817812341666,0.0125817812341666,TRUE,1.00063846252092,5036.13492361316,7691.19596706712
34,"mu_lambda","lambda",0.0239,0.0202380679866443,0.019946656,0.005442291915,0.0359183937,-0.00366193201335567,0.00366193201335567,TRUE,1.0002088903509,10717.1257721602,7015.57565048162
34,"mu_delta","delta",0.937,0.806963108818333,0.80635553,0.680492751,0.9346903405,-0.130036891181667,0.130036891181667,FALSE,1.00011468622456,5715.12918538537,7451.5999926294
34,"mu_eta","eta",-0.744,-0.678590990859167,-0.678768965,-0.764515931,-0.593648874,0.0654090091408334,0.0654090091408334,TRUE,1.00044577454915,6510.98263692523,8584.31911826214
35,"mu_alpha","alpha",2.602,2.42928767786667,2.4230934,2.160687,2.71416406,-0.172712322133333,0.172712322133333,TRUE,1.00159242176926,4471.78164163188,6706.51162954132
35,"mu_beta","beta",0.518,0.525835898883333,0.52466091,0.442240482,0.614245193,0.00783589888333336,0.00783589888333336,TRUE,1.00106321142993,3968.92116009019,5564.16055855889
35,"mu_lambda","lambda",0.0239,0.0191167563208031,0.01871099,0.00561905931,0.03386011965,-0.00478324367919692,0.00478324367919692,TRUE,1.00023027283131,6324.29677220032,5522.00897685771
35,"mu_delta","delta",0.937,1.00829691144167,1.0026162,0.8375312995,1.19943614,0.0712969114416666,0.0712969114416666,TRUE,1.03305107969768,129.08257805803,3163.24079532242
35,"mu_eta","eta",-0.744,-0.743546818198333,-0.7463869,-0.8527037,-0.6262911085,0.000453181801666647,0.000453181801666647,TRUE,1.07584827953062,36.6624541270517,71.5959397063512
36,"mu_alpha","alpha",3.697,3.64993700085833,3.6422665,3.33855828,3.98763571,-0.0470629991416667,0.0470629991416667,TRUE,1.00055558624853,9484.06768729333,8471.96112839012
36,"mu_beta","beta",0.518,0.468562500760833,0.467686795,0.3781205595,0.563777237,-0.0494374992391667,0.0494374992391667,TRUE,1.00032002388332,5687.3312151489,7128.54340303471
36,"mu_lambda","lambda",0.0239,0.0178249321158992,0.0177857635,0.00665885314,0.0289247317,-0.00607506788410083,0.00607506788410083,TRUE,0.999958639043981,11728.1494836687,6683.76918883334
36,"mu_delta","delta",0.937,0.954219660666667,0.952401895,0.8647906385,1.04926515,0.0172196606666666,0.0172196606666666,TRUE,1.00012218169017,3767.69746455298,5867.08659819565
36,"mu_eta","eta",-0.744,-0.772885998364167,-0.77229932,-0.877648493,-0.6725831795,-0.0288859983641667,0.0288859983641667,TRUE,1.0012401063405,4126.9603499892,6747.72979906634
37,"mu_alpha","alpha",1.628,1.60207465899583,1.597132,1.23639228,1.98328501,-0.0259253410041667,0.0259253410041667,TRUE,1.00082777038899,2272.18565308659,3895.92313407193
37,"mu_beta","beta",0.185,0.216165622550482,0.21525712,0.1292185885,0.3062101745,0.0311656225504817,0.0311656225504817,TRUE,1.00111154602107,2768.68944833928,4514.03380297159
37,"mu_lambda","lambda",0.0512,0.0592310879183333,0.059338656,0.04123891445,0.07692612405,0.00803108791833333,0.00803108791833333,TRUE,1.00085342794656,11576.4864140218,6632.15197230265
37,"mu_delta","delta",0.937,1.01675943999583,1.01601175,0.8411878475,1.1970288,0.0797594399958332,0.0797594399958332,TRUE,1.00512491313637,1754.36428223829,5032.87065927699
37,"mu_eta","eta",-0.744,-0.835056572038333,-0.83507751,-0.9371165495,-0.732386198,-0.0910565720383334,0.0910565720383334,TRUE,1.00487409326153,2504.30709413201,1684.44656359965
38,"mu_alpha","alpha",2.602,2.62356783785833,2.6227228,2.33790261,2.932540165,0.0215678378583335,0.0215678378583335,TRUE,1.0003595882579,4931.45851301154,7206.86731364652
38,"mu_beta","beta",0.185,0.209203070793375,0.20843671,0.1076211575,0.315047923,0.024203070793375,0.024203070793375,TRUE,1.00066368751454,2384.31907831116,4432.6096465764
38,"mu_lambda","lambda",0.0512,0.0528587388244167,0.052908685,0.0305903659,0.07514284725,0.00165873882441667,0.00165873882441667,TRUE,1.00087960292007,6477.08353975103,6415.90819035863
38,"mu_delta","delta",0.937,0.916898152415,0.91691078,0.786516715,1.04830188,-0.0201018475850001,0.0201018475850001,TRUE,1.00084067739061,3836.9980941684,4854.394760672
38,"mu_eta","eta",-0.744,-0.800229024380833,-0.800257165,-0.882976775,-0.7179795755,-0.0562290243808333,0.0562290243808333,TRUE,1.00047593837495,6048.83143891977,7719.704355397
39,"mu_alpha","alpha",3.697,3.86339599090833,3.8592245,3.538832715,4.21333207,0.166395990908333,0.166395990908333,TRUE,0.999811341181252,4990.8459765722,7111.20922820087
39,"mu_beta","beta",0.185,0.237954356159,0.23727565,0.1561009785,0.3214827375,0.052954356159,0.052954356159,TRUE,1.00082540162209,3593.77124987859,5679.55084834439
39,"mu_lambda","lambda",0.0512,0.053969190908,0.0541023425,0.04077487695,0.06645210345,0.002769190908,0.002769190908,TRUE,0.999965657309612,8774.15313662711,7288.72359125189
39,"mu_delta","delta",0.937,0.936939056445833,0.93057099,0.7895946125,1.10696166,-6.0943554166748e-05,6.0943554166748e-05,TRUE,1.00122582028734,1686.77861560364,2863.81644534765
39,"mu_eta","eta",-0.744,-0.731014893045,-0.730395665,-0.81040345,-0.652270258,0.012985106955,0.012985106955,TRUE,1.00026280146009,4353.03628066661,6438.38876060272
40,"mu_alpha","alpha",1.628,1.6338617135675,1.62989515,1.40160965,1.87877823,0.00586171356750009,0.00586171356750009,TRUE,1.00049344074887,3718.47312205826,6118.52092562654
40,"mu_beta","beta",0.352,0.435662778403333,0.43447205,0.333980227,0.5399043155,0.0836627784033334,0.0836627784033334,TRUE,1.00219849433317,1728.11695421839,2893.2567759746
40,"mu_lambda","lambda",0.0512,0.06377178809925,0.063843812,0.04713319735,0.08006514075,0.01257178809925,0.01257178809925,TRUE,1.0003655817642,11205.575679154,6730.21183589987
40,"mu_delta","delta",0.937,1.056945757085,1.05248135,0.875034669,1.254644385,0.119945757085,0.119945757085,TRUE,1.00262613851513,2834.55468496845,4773.91904079285
40,"mu_eta","eta",-0.744,-0.723830611220833,-0.72429558,-0.8255261285,-0.623322578,0.0201693887791666,0.0201693887791666,TRUE,1.00051648165937,3992.94846199337,5598.04351778683
41,"mu_alpha","alpha",2.602,2.82114650998333,2.82041235,2.473132415,3.169339945,0.219146509983334,0.219146509983334,TRUE,1.00042025689853,5614.43335841398,7637.05570808826
41,"mu_beta","beta",0.352,0.3047751318643,0.30373742,0.198755806,0.411728025,-0.0472248681357,0.0472248681357,TRUE,1.00100814227367,3148.8872395304,5512.24632023436
41,"mu_lambda","lambda",0.0512,0.0567632422628333,0.0567419225,0.03842507855,0.07485354495,0.00556324226283333,0.00556324226283333,TRUE,1.00007233549056,9810.71674499468,7623.26513410262
41,"mu_delta","delta",0.937,0.9429479592,0.9409302,0.8544454005,1.038132895,0.00594795919999991,0.00594795919999991,TRUE,1.00026643589863,3973.55073532846,5813.17157243255
41,"mu_eta","eta",-0.744,-0.718902127365833,-0.719517335,-0.815291526,-0.6203271865,0.0250978726341666,0.0250978726341666,TRUE,1.00060410330409,5231.21281987776,7197.19575553029
42,"mu_alpha","alpha",3.697,3.42593312565,3.4188949,3.13631379,3.744668035,-0.27106687435,0.27106687435,TRUE,1.00014673606388,8977.62388443795,8688.84751724772
42,"mu_beta","beta",0.352,0.406055035878333,0.405482645,0.335154813,0.4798968535,0.0540550358783334,0.0540550358783334,TRUE,0.999993430326852,7455.78518106793,8933.74826309377
42,"mu_lambda","lambda",0.0512,0.0419354507796167,0.041745151,0.02422134215,0.0597545724,-0.00926454922038333,0.00926454922038333,TRUE,1.00007699853875,8772.69960128661,7649.2895198874
42,"mu_delta","delta",0.937,0.978382430239167,0.978187935,0.866163919,1.09092316,0.0413824302391667,0.0413824302391667,TRUE,1.00014015801173,4788.58559297353,7130.03053746231
42,"mu_eta","eta",-0.744,-0.686336511326667,-0.686161755,-0.763337114,-0.6097285175,0.0576634886733334,0.0576634886733334,TRUE,0.999963201192103,6431.10344876292,7937.09901814389
43,"mu_alpha","alpha",1.628,1.7098208413,1.7060353,1.41664245,2.019465895,0.0818208413000001,0.0818208413000001,TRUE,1.00070190205143,3763.37968677086,6106.8010494675
43,"mu_beta","beta",0.518,0.404253829498333,0.403469015,0.3363590115,0.4760037365,-0.113746170501667,0.113746170501667,FALSE,1.00071111728431,5176.42272136036,6822.04901855396
43,"mu_lambda","lambda",0.0512,0.0580643441585,0.0582867185,0.03952423435,0.07567902145,0.0068643441585,0.0068643441585,TRUE,1.00095308915197,9841.41233025437,7277.21185532461
43,"mu_delta","delta",0.937,0.966699568505,0.964620175,0.83308741,1.10917327,0.029699568505,0.029699568505,TRUE,1.0009874722486,3878.47090622814,6140.21382492602
43,"mu_eta","eta",-0.744,-0.751002128254167,-0.74994266,-0.846073181,-0.6563032445,-0.00700212825416668,0.00700212825416668,TRUE,1.00010162008176,4819.19631930119,7237.86081772276
44,"mu_alpha","alpha",2.602,2.70158044231667,2.69664045,2.414229215,3.002941275,0.0995804423166669,0.0995804423166669,TRUE,1.00114899106235,7738.2352464989,9178.18925954911
44,"mu_beta","beta",0.518,0.504221210214167,0.503826245,0.426079471,0.5841113165,-0.0137787897858334,0.0137787897858334,TRUE,1.00196409946577,7013.08490035268,8351.74156301682
44,"mu_lambda","lambda",0.0512,0.0697558717745833,0.069613478,0.05042799675,0.08925488985,0.0185558717745833,0.0185558717745833,TRUE,1.00102734520574,9095.45773113727,8697.22994672199
44,"mu_delta","delta",0.937,0.95309087626,0.948233135,0.8419778115,1.08112877,0.0160908762599999,0.0160908762599999,TRUE,1.05126770154025,57.9587375770829,225.066122448141
44,"mu_eta","eta",-0.744,-0.726529979748333,-0.73257118,-0.8233717615,-0.6076633575,0.0174700202516667,0.0174700202516667,TRUE,1.09618007952016,27.8084478240635,136.058802221252
45,"mu_alpha","alpha",3.697,3.65285465620833,3.6467276,3.32705323,3.99742535,-0.0441453437916666,0.0441453437916666,TRUE,1.00046009555162,7589.4564688495,7478.81492620058
45,"mu_beta","beta",0.518,0.5149521416875,0.51394662,0.409703973,0.6223856385,-0.00304785831249998,0.00304785831249998,TRUE,1.00003939798589,4747.98854382147,7190.44789711642
45,"mu_lambda","lambda",0.0512,0.0361633738166083,0.0362306545,0.02032965435,0.05177890455,-0.0150366261833917,0.0150366261833917,TRUE,1.00049404086915,9462.83910047744,6721.9510827992
45,"mu_delta","delta",0.937,0.907934685654167,0.905548105,0.818957067,1.00461721,-0.0290653143458334,0.0290653143458334,TRUE,1.00038852092232,3640.38280049059,4876.84570693162
45,"mu_eta","eta",-0.744,-0.7019920544375,-0.702007655,-0.7934274585,-0.6096861135,0.0420079455625,0.0420079455625,TRUE,1.00122158103103,3924.68268914912,6423.36877331206
46,"mu_alpha","alpha",1.628,1.59333569728333,1.5913976,1.39144898,1.799484535,-0.0346643027166667,0.0346643027166667,TRUE,0.999850376195873,5173.47487832885,6891.03086401406
46,"mu_beta","beta",0.185,0.170861496929792,0.16994953,0.09563782435,0.2484282425,-0.0141385030702083,0.0141385030702083,TRUE,1.00085535434192,3182.55776278776,5416.74991832538
46,"mu_lambda","lambda",0.0808,0.110438643107,0.109917775,0.0775348343,0.144804358,0.029638643107,0.029638643107,TRUE,1.00012706572478,5906.49436589946,6767.23532296947
46,"mu_delta","delta",0.937,1.02650249057167,1.0253629,0.838559157,1.22162717,0.0895024905716666,0.0895024905716666,TRUE,1.00053484529121,2974.64763614797,3770.9764417118
46,"mu_eta","eta",-0.744,-0.7158599370275,-0.7167726,-0.830629462,-0.60022501,0.0281400629725,0.0281400629725,TRUE,1.00125094894124,3318.20592650778,5835.05062594373
47,"mu_alpha","alpha",2.602,2.51808695984167,2.51526185,2.202969915,2.842911035,-0.083913040158333,0.083913040158333,TRUE,1.00018724213249,6203.85220145117,8155.92108705657
47,"mu_beta","beta",0.185,0.0878089574210947,0.0872441155,0.0003173098385,0.1754938545,-0.0971910425789053,0.0971910425789053,FALSE,1.00002938313964,5012.89680991972,6721.45937946599
47,"mu_lambda","lambda",0.0808,0.105577627773583,0.105311635,0.07703573855,0.13527531,0.0247776277735833,0.0247776277735833,TRUE,1.00028616774959,9126.2724476587,9066.58980783051
47,"mu_delta","delta",0.937,0.959867909618333,0.96126532,0.841525644,1.071435705,0.0228679096183333,0.0228679096183333,TRUE,1.00044172900567,6003.42042608123,7781.23933507966
47,"mu_eta","eta",-0.744,-0.737270366216667,-0.737482455,-0.8335764765,-0.641772076,0.00672963378333336,0.00672963378333336,TRUE,1.0002324566948,9085.17190476308,9526.68890182374
48,"mu_alpha","alpha",3.697,3.47903556144167,3.4727323,3.191669555,3.78171886,-0.217964438558333,0.217964438558333,TRUE,0.999909340975668,10269.9858388931,8987.60437355731
48,"mu_beta","beta",0.185,0.114256311124643,0.113890655,0.04340396485,0.186155299,-0.070743688875357,0.070743688875357,TRUE,1.00015690801997,7366.99804209646,8882.60464464714
48,"mu_lambda","lambda",0.0808,0.0760452398304167,0.075858813,0.0551891895,0.09678775415,-0.00475476016958333,0.00475476016958333,TRUE,0.999950728794709,9230.02886808724,8428.16084614249
48,"mu_delta","delta",0.937,0.8718733903425,0.87165905,0.7209245475,1.023510655,-0.0651266096575001,0.0651266096575001,TRUE,1.00023011305294,4147.34933307143,6201.94833286494
48,"mu_eta","eta",-0.744,-0.747698662553333,-0.74739724,-0.855446555,-0.641518408,-0.00369866255333329,0.00369866255333329,TRUE,1.00066586231697,5258.40499779512,7367.70664749906
49,"mu_alpha","alpha",1.628,1.6187811830775,1.6137396,1.34661577,1.91559111,-0.00921881692249982,0.00921881692249982,TRUE,1.00145845716487,5308.50623901558,7334.62825242287
49,"mu_beta","beta",0.352,0.362373525696667,0.36192587,0.2822228565,0.4445854905,0.0103735256966667,0.0103735256966667,TRUE,1.00034499505042,5822.64469604552,7711.57191523454
49,"mu_lambda","lambda",0.0808,0.103698435250917,0.10306078,0.0736346822,0.1351594485,0.0228984352509167,0.0228984352509167,TRUE,1.00010950479093,8274.95119563428,8482.44454207154
49,"mu_delta","delta",0.937,0.834804778164167,0.837372925,0.690409909,0.9701267525,-0.102195221835833,0.102195221835833,TRUE,1.00074147864161,6358.70696965659,7251.64819736613
49,"mu_eta","eta",-0.744,-0.7426015216725,-0.742971365,-0.821159578,-0.665587107,0.00139847832749995,0.00139847832749995,TRUE,1.00006466939486,11132.7653850058,9193.3720859991
50,"mu_alpha","alpha",2.602,2.56213424081667,2.55715205,2.239213745,2.89739886,-0.0398657591833333,0.0398657591833333,TRUE,1.00049940925863,4519.38344229429,6660.79492596842
50,"mu_beta","beta",0.352,0.385987674165,0.385711485,0.301564276,0.4722694025,0.033987674165,0.033987674165,TRUE,1.000925858755,4535.28779409601,6485.005715565
50,"mu_lambda","lambda",0.0808,0.0847679960951667,0.084654397,0.06198128735,0.1082316645,0.00396799609516667,0.00396799609516667,TRUE,0.999973016632669,6193.11373910297,7845.61647310883
50,"mu_delta","delta",0.937,0.857828993775833,0.855291125,0.7321110095,0.992511232,-0.0791710062241667,0.0791710062241667,TRUE,1.00040789104894,2870.45805035719,4496.45754517131
50,"mu_eta","eta",-0.744,-0.8230756925225,-0.82243051,-0.9051241175,-0.741880413,-0.0790756925225,0.0790756925225,TRUE,1.00011937618728,5849.6935130612,7819.59024657239
51,"mu_alpha","alpha",3.697,3.69030182114167,3.6853325,3.394175685,4.013561465,-0.00669817885833357,0.00669817885833357,TRUE,1.00071719809642,7182.78212211004,6885.93642072142
51,"mu_beta","beta",0.352,0.38210861113,0.38128233,0.313516317,0.4521005415,0.03010861113,0.03010861113,TRUE,1.000419076653,6764.29481041357,7740.42178681068
51,"mu_lambda","lambda",0.0808,0.1076536997365,0.10752868,0.08793544405,0.1275353845,0.0268536997365,0.0268536997365,FALSE,1.00088530970124,5874.71906893982,7766.65379718576
51,"mu_delta","delta",0.937,0.98344631172,0.980933575,0.8461617465,1.12788363,0.0464463117199999,0.0464463117199999,TRUE,1.00230885714991,2427.35378921321,4627.19115295903
51,"mu_eta","eta",-0.744,-0.7167687740075,-0.71615166,-0.806107919,-0.630463997,0.0272312259924999,0.0272312259924999,TRUE,1.00046136584004,3821.7915531021,6238.3099390956
52,"mu_alpha","alpha",1.628,1.548648449875,1.54548865,1.351093125,1.755532075,-0.0793515501249999,0.0793515501249999,TRUE,1.00035629426197,6972.95741625485,8040.99500065805
52,"mu_beta","beta",0.518,0.449226787283333,0.44863778,0.3649734995,0.536389247,-0.0687732127166667,0.0687732127166667,TRUE,1.00056597634323,4310.39890982763,6388.8831562093
52,"mu_lambda","lambda",0.0808,0.0646005765953,0.0642695745,0.04037814905,0.08951335405,-0.0161994234047,0.0161994234047,TRUE,1.00020748658155,8139.29648865734,8192.45282594813
52,"mu_delta","delta",0.937,0.975472109839167,0.97218357,0.8537518645,1.1080427,0.0384721098391666,0.0384721098391666,TRUE,1.00053266557671,4142.81109925854,5588.10172203418
52,"mu_eta","eta",-0.744,-0.77886631774,-0.78016177,-0.881184993,-0.675327452,-0.03486631774,0.03486631774,TRUE,1.00052847013896,5281.52608315163,7083.0010099442
53,"mu_alpha","alpha",2.602,2.45700177235833,2.453809,2.20013794,2.72788883,-0.144998227641667,0.144998227641667,TRUE,1.00018903397003,7536.47702997206,8527.82382437447
53,"mu_beta","beta",0.518,0.482953735149167,0.48219597,0.384866315,0.5843060855,-0.0350462648508333,0.0350462648508333,TRUE,1.00198815909951,3765.86318666566,6671.78762854203
53,"mu_lambda","lambda",0.0808,0.0815598103273333,0.0814326525,0.0574910145,0.106574301,0.000759810327333341,0.000759810327333341,TRUE,1.00005408444511,6401.33803557392,7933.80614062472
53,"mu_delta","delta",0.937,1.02891227435,1.020794,0.929857497,1.15399497,0.09191227435,0.09191227435,TRUE,1.00033663190914,3682.12401568804,5620.38744183293
53,"mu_eta","eta",-0.744,-0.774758379661667,-0.774759665,-0.8907410005,-0.658134083,-0.0307583796616667,0.0307583796616667,TRUE,1.00109790607248,3590.49403529778,5815.19441286798
54,"mu_alpha","alpha",3.697,3.33461870465833,3.33136855,2.997221825,3.68564416,-0.362381295341667,0.362381295341667,FALSE,1.00003318237089,8106.68832957782,9045.37869782014
54,"mu_beta","beta",0.518,0.578337655485,0.57798944,0.4668626295,0.6916423035,0.060337655485,0.060337655485,TRUE,1.00089262814618,4952.79737146201,6357.36771717908
54,"mu_lambda","lambda",0.0808,0.07333170037325,0.072861427,0.05012448365,0.0978068059,-0.00746829962675,0.00746829962675,TRUE,1.00012466596422,6807.926346587,7860.20565207769
54,"mu_delta","delta",0.937,0.90152433562,0.899310685,0.8017622175,1.006228285,-0.03547566438,0.03547566438,TRUE,1.0004791612712,4445.63381039947,6259.72177680925
54,"mu_eta","eta",-0.744,-0.734269049685833,-0.73390892,-0.8103930015,-0.658514515,0.00973095031416671,0.00973095031416671,TRUE,1.00062326488874,7102.36686538111,8348.98409735727
55,"mu_alpha","alpha",1.628,1.60675441833333,1.6029433,1.402388345,1.822558905,-0.0212455816666666,0.0212455816666666,TRUE,1.00059789168175,4479.72160356133,7296.59413233558
55,"mu_beta","beta",0.185,0.178718608977708,0.178205005,0.102275548,0.256561883,-0.00628139102229167,0.00628139102229167,TRUE,1.00041289545544,3532.85346171123,5063.59539876755
55,"mu_lambda","lambda",0.0239,0.0246914863744991,0.024618868,0.007291668375,0.04240172925,0.000791486374499082,0.000791486374499082,TRUE,1.00016953583969,8055.26597924623,4771.81396093988
55,"mu_delta","delta",1.171,1.05113961594083,1.0466263,0.861362588,1.25149832,-0.119860384059167,0.119860384059167,TRUE,1.00194904906385,1838.13200597302,4052.8909591471
55,"mu_eta","eta",-0.744,-0.698370515143333,-0.69979996,-0.8140307885,-0.5775079895,0.0456294848566666,0.0456294848566666,TRUE,1.00063223674438,4362.13343748647,6220.16642710915
56,"mu_alpha","alpha",2.602,2.70258457686667,2.69708775,2.40869757,3.01604301,0.100584576866667,0.100584576866667,TRUE,1.00023247985739,5414.23429460704,7332.69381041742
56,"mu_beta","beta",0.185,0.103555829297492,0.103045685,0.0124112621,0.1968776265,-0.0814441707025079,0.0814441707025079,TRUE,1.00130035099459,2682.16099822269,4341.06809526835
56,"mu_lambda","lambda",0.0239,0.02968701408265,0.029849881,0.01650458705,0.0423851369,0.00578701408265,0.00578701408265,TRUE,1.00050733271615,14417.3082773527,6969.82771696496
56,"mu_delta","delta",1.171,1.21192525810333,1.2094662,1.08777306,1.34463069,0.0409252581033333,0.0409252581033333,TRUE,1.00121380112661,4610.87938746765,5924.97127938749
56,"mu_eta","eta",-0.744,-0.755463965888333,-0.755120705,-0.839945138,-0.671510713,-0.0114639658883333,0.0114639658883333,TRUE,1.00035707792453,6059.87305614562,7866.4724957073
57,"mu_alpha","alpha",3.697,3.48875637294167,3.48127935,3.25135327,3.74515971,-0.208243627058333,0.208243627058333,TRUE,1.00035850467029,6893.13203719338,7442.89853941353
57,"mu_beta","beta",0.185,0.247104770812917,0.24690999,0.1671734785,0.3281728155,0.0621047708129167,0.0621047708129167,TRUE,1.00117254966735,3035.70378885399,4942.70547326252
57,"mu_lambda","lambda",0.0239,0.0285606530838142,0.0286202335,0.01329746185,0.043372866,0.00466065308381416,0.00466065308381416,TRUE,1.00054784824005,5261.33483475366,4669.23455287923
57,"mu_delta","delta",1.171,1.13408617426,1.1294919,0.97749564,1.30370994,-0.0369138257400001,0.0369138257400001,TRUE,1.00286650621156,2366.92542969378,4178.64178079792
57,"mu_eta","eta",-0.744,-0.847340888749167,-0.84530605,-0.95678239,-0.742620217,-0.103340888749167,0.103340888749167,TRUE,1.00224101957226,2538.58174322013,4992.05427690452
58,"mu_alpha","alpha",1.628,1.77193818168333,1.76938015,1.567272185,1.990460185,0.143938181683333,0.143938181683333,TRUE,1.00012381046831,4531.82109280588,6551.85869941859
58,"mu_beta","beta",0.352,0.312540496183333,0.31237835,0.226473804,0.3994774405,-0.0394595038166666,0.0394595038166666,TRUE,1.0021033722173,2279.13842016037,3921.51064272641
58,"mu_lambda","lambda",0.0239,0.0330637499077917,0.033122045,0.01688112835,0.0488489241,0.00916374990779166,0.00916374990779166,TRUE,0.999963814560184,10912.6923262845,6122.63274327461
58,"mu_delta","delta",1.171,1.18172277058333,1.17637695,1.0576276,1.32183762,0.0107227705833333,0.0107227705833333,TRUE,1.00083957746518,3332.15503329764,5197.32386961877
58,"mu_eta","eta",-0.744,-0.85414067455,-0.85230382,-0.936970003,-0.7738797005,-0.11014067455,0.11014067455,FALSE,1.0007708408731,5207.05869386808,6411.88541322218
59,"mu_alpha","alpha",2.602,2.30876394855833,2.3050271,2.001415145,2.632414785,-0.293236051441667,0.293236051441667,TRUE,1.00058510760969,3638.5799436768,5738.23393575828
59,"mu_beta","beta",0.352,0.4140985139725,0.41348521,0.340927896,0.489288774,0.0620985139725,0.0620985139725,TRUE,1.00142515817708,4278.28747545271,7005.28969953507
59,"mu_lambda","lambda",0.0239,0.0182445867103213,0.017677808,0.005003724295,0.03360020325,-0.00565541328967867,0.00565541328967867,TRUE,1.000180849406,8444.12483949021,6831.40676354538
59,"mu_delta","delta",1.171,1.20371990607583,1.2005386,1.10038759,1.317107525,0.0327199060758332,0.0327199060758332,TRUE,1.00068636767797,4273.39231282913,6838.92165852925
59,"mu_eta","eta",-0.744,-0.6903808738925,-0.68984688,-0.7791958985,-0.6032184495,0.0536191261075,0.0536191261075,TRUE,1.00177911623283,3161.8954867246,5897.1777133953
60,"mu_alpha","alpha",3.697,4.01618854795833,4.0093038,3.69747823,4.366872425,0.319188547958333,0.319188547958333,FALSE,1.0002441386424,7096.46140029006,8383.12504447202
60,"mu_beta","beta",0.352,0.320097284169417,0.31906982,0.2336278905,0.408249357,-0.0319027158305833,0.0319027158305833,TRUE,1.00057000909938,4304.63999591236,6185.20577084834
60,"mu_lambda","lambda",0.0239,0.0134467046538202,0.0132868085,0.003444393075,0.0240017425,-0.0104532953461798,0.0104532953461798,TRUE,1.00043070755763,7775.75840426215,4072.463243985
60,"mu_delta","delta",1.171,1.11383770137417,1.10931505,1.027985135,1.21427826,-0.0571622986258333,0.0571622986258333,TRUE,1.00079543251804,3747.3867771121,5652.55729571044
60,"mu_eta","eta",-0.744,-0.627734523603333,-0.62668445,-0.7322886735,-0.5263706145,0.116265476396667,0.116265476396667,FALSE,1.00058998159643,3055.04011738899,5439.45176941251
61,"mu_alpha","alpha",1.628,1.63373487144083,1.6309173,1.354461295,1.928047705,0.0057348714408334,0.0057348714408334,TRUE,1.00287558638404,2306.79979848181,4549.77858558138
61,"mu_beta","beta",0.518,0.5849788054225,0.583888375,0.5181011425,0.655478002,0.0669788054225,0.0669788054225,FALSE,1.00052643828232,4222.63829833222,6129.02198020977
61,"mu_lambda","lambda",0.0239,0.042704415719625,0.042820742,0.0278376981,0.0571245394,0.018804415719625,0.018804415719625,FALSE,1.00009739070078,8058.97567430474,6498.41861670081
61,"mu_delta","delta",1.171,1.19759731618833,1.1893223,1.029013955,1.395777305,0.0265973161883333,0.0265973161883333,TRUE,1.00175284860647,2087.20183937775,4306.71042855256
61,"mu_eta","eta",-0.744,-0.746381952039167,-0.74666912,-0.8371782465,-0.6555134025,-0.00238195203916669,0.00238195203916669,TRUE,1.00335729300077,2799.70973518288,4370.27224691612
62,"mu_alpha","alpha",2.602,2.71035119745833,2.70564085,2.40759918,3.03331499,0.108351197458334,0.108351197458334,TRUE,0.999901580642802,8571.11846239822,8981.18548520855
62,"mu_beta","beta",0.518,0.560245678134167,0.559322885,0.494692364,0.6284219165,0.0422456781341667,0.0422456781341667,TRUE,1.00023874253043,11322.1917873642,9500.20702436002
62,"mu_lambda","lambda",0.0239,0.038186421062825,0.0384543925,0.02190475635,0.05371611235,0.014286421062825,0.014286421062825,TRUE,1.00039455142943,10606.4865911179,7734.02366825369
62,"mu_delta","delta",1.171,1.32641402485167,1.3184886,1.14704499,1.530541215,0.155414024851667,0.155414024851667,TRUE,1.01060015556179,906.624613828204,3808.34121483429
62,"mu_eta","eta",-0.744,-0.756356054595,-0.75627689,-0.860975337,-0.6538908105,-0.012356054595,0.012356054595,TRUE,1.00327196775433,4309.91626884645,6248.18351455062
63,"mu_alpha","alpha",3.697,3.637471046825,3.6296039,3.32465941,3.97517485,-0.0595289531750001,0.0595289531750001,TRUE,1.00032318641767,6759.1616061233,7829.72233560931
63,"mu_beta","beta",0.518,0.5279450817925,0.52702191,0.44398443,0.61686856,0.00994508179249998,0.00994508179249998,TRUE,1.00149344080783,4291.09273150111,6390.0783623623
63,"mu_lambda","lambda",0.0239,0.0159476756573782,0.015526946,0.004750949695,0.02854031885,-0.00795232434262183,0.00795232434262183,TRUE,1.00073431961421,7907.80944739364,6026.7182882839
63,"mu_delta","delta",1.171,1.27561546155,1.2715783,1.16906761,1.39341986,0.10461546155,0.10461546155,TRUE,1.00057594763517,3494.56503662174,5463.46768914886
63,"mu_eta","eta",-0.744,-0.7479833993025,-0.74723445,-0.822835925,-0.676001811,-0.00398339930250002,0.00398339930250002,TRUE,1.00082687296745,4149.19604158985,6397.09325383688
64,"mu_alpha","alpha",1.628,1.461202216965,1.4564814,1.232330985,1.7075926,-0.166797783035,0.166797783035,TRUE,1.00037052869101,5904.14484793322,8273.24748199876
64,"mu_beta","beta",0.185,0.154259362972334,0.154489535,0.0774642562,0.233032702,-0.0307406370276658,0.0307406370276658,TRUE,1.00065049942803,4099.21568773126,6663.07829001275
64,"mu_lambda","lambda",0.0512,0.047114836976525,0.0464657345,0.0202608793,0.07632311285,-0.004085163023475,0.004085163023475,TRUE,1.00039795156914,9866.76270941014,8279.50456357154
64,"mu_delta","delta",1.171,1.150867916265,1.1473063,1.02978302,1.28374426,-0.0201320837350001,0.0201320837350001,TRUE,1.00040488017841,4858.1802915094,6734.74766544712
64,"mu_eta","eta",-0.744,-0.802094386458333,-0.80118001,-0.897556135,-0.710956303,-0.0580943864583333,0.0580943864583333,TRUE,1.00011152972148,10677.7450008312,8839.07070131208
65,"mu_alpha","alpha",2.602,2.615437229125,2.6125063,2.287091535,2.958616585,0.013437229125,0.013437229125,TRUE,1.00078648691242,3779.32078447118,6330.27545824007
65,"mu_beta","beta",0.185,0.232798764431333,0.23271545,0.143259907,0.3222751355,0.0477987644313333,0.0477987644313333,TRUE,1.00055673757998,3032.90885363212,5355.42372025488
65,"mu_lambda","lambda",0.0512,0.0446115836189667,0.0448371445,0.0267729469,0.0619314904,-0.00658841638103334,0.00658841638103334,TRUE,1.00040992424296,8758.88366052123,6865.33856761707
65,"mu_delta","delta",1.171,1.15793503104167,1.15151685,1.020843375,1.313214665,-0.0130649689583333,0.0130649689583333,TRUE,1.00112982571694,3387.73224094044,5174.7437279935
65,"mu_eta","eta",-0.744,-0.713841979106667,-0.71329513,-0.7869045925,-0.6431187175,0.0301580208933333,0.0301580208933333,TRUE,1.00018724353251,6559.29291188578,7983.86768800223
66,"mu_alpha","alpha",3.697,4.030354439025,4.02532935,3.71212238,4.37330592,0.333354439025,0.333354439025,FALSE,1.00014751998287,10676.6954430112,9120.90333728893
66,"mu_beta","beta",0.185,0.247403029881083,0.24683855,0.167327886,0.330674296,0.0624030298810833,0.0624030298810833,TRUE,1.0000789921949,7204.24252562169,8630.92143367862
66,"mu_lambda","lambda",0.0512,0.0490817073819167,0.049189417,0.0343575544,0.0635287542,-0.00211829261808334,0.00211829261808334,TRUE,1.00051061167898,13319.0965863172,8999.74218051604
66,"mu_delta","delta",1.171,1.1417694051025,1.13805095,1.027599475,1.26672563,-0.0292305948975,0.0292305948975,TRUE,1.00012964844943,5147.28160284254,6836.87820987408
66,"mu_eta","eta",-0.744,-0.705720712970833,-0.70516224,-0.781055641,-0.6324820855,0.0382792870291666,0.0382792870291666,TRUE,1.00013959039282,6861.13932673553,8436.99596715473
67,"mu_alpha","alpha",1.628,1.69059873956667,1.684462,1.39125146,2.01048731,0.0625987395666667,0.0625987395666667,TRUE,1.00060782471082,4555.05155771731,6643.23166362899
67,"mu_beta","beta",0.352,0.413758925305833,0.41364821,0.307015428,0.5212381575,0.0617589253058334,0.0617589253058334,TRUE,1.00200079403511,3180.36179394173,4510.603186796
67,"mu_lambda","lambda",0.0512,0.06238931365925,0.0622279725,0.03818033775,0.08624556295,0.01118931365925,0.01118931365925,TRUE,1.00019547205412,10469.1573904499,8353.45059166396
67,"mu_delta","delta",1.171,1.15601331183667,1.15460845,1.06505087,1.25095827,-0.0149866881633334,0.0149866881633334,TRUE,1.00086654731025,6080.77765110391,7867.86156497428
67,"mu_eta","eta",-0.744,-0.79109259319,-0.790022975,-0.903196953,-0.6816112645,-0.04709259319,0.04709259319,TRUE,1.00060558514149,5731.64299960499,8099.60595667428
68,"mu_alpha","alpha",2.602,2.59508834765,2.5914734,2.302037045,2.898203945,-0.00691165234999991,0.00691165234999991,TRUE,1.00053879575991,5443.50959081366,7159.67789269483
68,"mu_beta","beta",0.352,0.3433117887125,0.343326085,0.2649901155,0.422486678,-0.00868821128749997,0.00868821128749997,TRUE,1.00037832535861,4603.83210444125,6518.39347413856
68,"mu_lambda","lambda",0.0512,0.0487947944771333,0.0487947765,0.03016022785,0.0671167818,-0.00240520552286667,0.00240520552286667,TRUE,1.00012835970468,9325.8587587619,7223.10370932959
68,"mu_delta","delta",1.171,1.0869676268725,1.0823493,0.9731960275,1.216318695,-0.0840323731275001,0.0840323731275001,TRUE,1.00080251306577,4031.73211815104,6120.42718541844
68,"mu_eta","eta",-0.744,-0.705110183336667,-0.70414061,-0.807931198,-0.6044637565,0.0388898166633334,0.0388898166633334,TRUE,1.00058754353668,4700.29141569495,6954.3646590011
69,"mu_alpha","alpha",3.697,3.740166735325,3.73366435,3.389100455,4.109240675,0.0431667353249998,0.0431667353249998,TRUE,1.00090605212289,5899.99815638578,7272.33031898177
69,"mu_beta","beta",0.352,0.3687521428,0.36775378,0.258359504,0.481757597,0.0167521428,0.0167521428,TRUE,1.00152871450881,2776.18741000215,4967.61262156582
69,"mu_lambda","lambda",0.0512,0.0484512387311417,0.048164722,0.02886506585,0.06874685925,-0.00274876126885833,0.00274876126885833,TRUE,1.00008356112925,6307.4128438317,6858.41977137553
69,"mu_delta","delta",1.171,1.25581680395417,1.25204025,1.142792815,1.38284719,0.0848168039541666,0.0848168039541666,TRUE,1.000801800764,4011.58576413816,5084.75820446242
69,"mu_eta","eta",-0.744,-0.772797773610833,-0.771995195,-0.8658089585,-0.683727938,-0.0287977736108334,0.0287977736108334,TRUE,1.00063395714328,3852.6580439421,6370.21160598016
70,"mu_alpha","alpha",1.628,1.66843560900833,1.664388,1.42716414,1.921813875,0.0404356090083335,0.0404356090083335,TRUE,1.0008717676488,4098.15354255496,6275.43794223534
70,"mu_beta","beta",0.518,0.570141019570833,0.56866165,0.474661326,0.6702281265,0.0521410195708333,0.0521410195708333,TRUE,1.00044310894783,2931.51642742606,5562.3411853125
70,"mu_lambda","lambda",0.0512,0.06220379335725,0.0623438115,0.04404260495,0.0800862082,0.01100379335725,0.01100379335725,TRUE,1.00034888702241,8390.41436670073,6821.85320671246
70,"mu_delta","delta",1.171,1.24401175510833,1.2399612,1.108776285,1.394651055,0.0730117551083334,0.0730117551083334,TRUE,1.00097677658082,3455.85422101106,6148.9022002021
70,"mu_eta","eta",-0.744,-0.753650698775833,-0.75400803,-0.83626375,-0.670756814,-0.00965069877583336,0.00965069877583336,TRUE,1.00058630062755,4489.20826179377,6500.56600832746
71,"mu_alpha","alpha",2.602,2.44121536539167,2.43746555,2.15527306,2.73642226,-0.160784634608333,0.160784634608333,TRUE,1.00046868260622,4887.42178724563,7012.43158012029
71,"mu_beta","beta",0.518,0.513977604213333,0.51246959,0.4193015935,0.612354838,-0.00402239578666663,0.00402239578666663,TRUE,1.00090234960424,3104.77667991595,4628.24165704818
71,"mu_lambda","lambda",0.0512,0.0253656066166122,0.025331149,0.0107791966,0.04009085675,-0.0258343933833878,0.0258343933833878,FALSE,1.00001538359882,8511.89486569116,5285.21004620653
71,"mu_delta","delta",1.171,1.19830120432583,1.19217435,1.06596299,1.352077895,0.0273012043258334,0.0273012043258334,TRUE,1.00243718308449,3255.35554569337,5297.22214207188
71,"mu_eta","eta",-0.744,-0.834996146060833,-0.83433801,-0.9293665075,-0.7450708175,-0.0909961460608334,0.0909961460608334,FALSE,1.00141341006807,4252.39897268673,6290.11175867746
72,"mu_alpha","alpha",3.697,3.68527491149167,3.67569485,3.407663655,3.988863815,-0.0117250885083333,0.0117250885083333,TRUE,1.00028161379985,6353.28942225955,7810.52310653302
72,"mu_beta","beta",0.518,0.58620759108,0.585786785,0.484985588,0.6881730235,0.06820759108,0.06820759108,TRUE,1.00071883319926,3030.58171995902,5286.36264547093
72,"mu_lambda","lambda",0.0512,0.039984744205775,0.0401507035,0.0259519822,0.05387569985,-0.011215255794225,0.011215255794225,TRUE,1.00041384170248,7069.10412120667,6265.23984668851
72,"mu_delta","delta",1.171,1.12551048316083,1.11660045,1.012459905,1.265266635,-0.0454895168391667,0.0454895168391667,TRUE,1.00414674025576,2179.81243468297,3861.62353922071
72,"mu_eta","eta",-0.744,-0.6835886729175,-0.68192743,-0.77260376,-0.600027034,0.0604113270825,0.0604113270825,TRUE,1.00134098146344,2885.97685031554,5051.75744116906
73,"mu_alpha","alpha",1.628,1.49877365518583,1.49491725,1.292547135,1.71712544,-0.129226344814167,0.129226344814167,TRUE,1.00039178876622,5319.66695296298,7452.05414065647
73,"mu_beta","beta",0.185,0.242688715953167,0.242159325,0.175511353,0.311338349,0.0576887159531667,0.0576887159531667,TRUE,1.00045174114558,4623.97356269696,6649.25494420379
73,"mu_lambda","lambda",0.0808,0.0799894134008333,0.0799970035,0.0581516782,0.101438724,-0.000810586599166663,0.000810586599166663,TRUE,1.00041219652328,11783.0734945037,8281.83759712036
73,"mu_delta","delta",1.171,1.1711963234875,1.16655875,1.021169955,1.33436278,0.000196323487499983,0.000196323487499983,TRUE,1.00181014891923,3793.94562086098,5956.21959296446
73,"mu_eta","eta",-0.744,-0.645768492999167,-0.646386365,-0.761700626,-0.5284232325,0.0982315070008333,0.0982315070008333,TRUE,1.00125054864357,2505.5850983493,4502.07461443415
74,"mu_alpha","alpha",2.602,2.78006638130833,2.77828635,2.424388195,3.148762925,0.178066381308334,0.178066381308334,TRUE,1.00041771911166,3234.01820314286,5430.46882157233
74,"mu_beta","beta",0.185,0.20163928836675,0.201803335,0.1110701915,0.294457876,0.01663928836675,0.01663928836675,TRUE,1.00251981593049,2380.79276475904,4549.73145264806
74,"mu_lambda","lambda",0.0808,0.0723704568599167,0.0723470035,0.05011381975,0.09435186695,-0.00842954314008333,0.00842954314008333,TRUE,1.00077707143047,5794.17080350152,6354.05907673101
74,"mu_delta","delta",1.171,1.13769541571167,1.1340874,1.01830921,1.27113726,-0.0333045842883333,0.0333045842883333,TRUE,1.00058919286015,2484.18699557646,4019.13207546524
74,"mu_eta","eta",-0.744,-0.8818292996975,-0.879867595,-0.975901463,-0.7925760945,-0.1378292996975,0.1378292996975,FALSE,1.00039570699543,4113.92439427192,6501.89496464132
75,"mu_alpha","alpha",3.697,3.75955211523333,3.7557707,3.42915548,4.11426228,0.0625521152333333,0.0625521152333333,TRUE,1.00068901494124,6526.24170616389,7485.50078992916
75,"mu_beta","beta",0.185,0.21921982757125,0.218684045,0.139474251,0.3014807785,0.03421982757125,0.03421982757125,TRUE,1.00023462428484,5450.49064614371,7957.05885493151
75,"mu_lambda","lambda",0.0808,0.0957980854446667,0.095701479,0.0759075983,0.115964142,0.0149980854446667,0.0149980854446667,TRUE,1.00006612988594,7524.61107746307,7558.16115982699
75,"mu_delta","delta",1.171,1.132087707385,1.1268099,0.997611718,1.2859066,-0.0389122926150001,0.0389122926150001,TRUE,1.00032467612208,3540.7423963942,6023.74118503525
75,"mu_eta","eta",-0.744,-0.725768101811667,-0.72569722,-0.802689253,-0.649319529,0.0182318981883334,0.0182318981883334,TRUE,1.00059936323392,5422.99304812373,7170.97912093331
76,"mu_alpha","alpha",1.628,1.62939898667833,1.6213579,1.32061871,1.959227325,0.00139898667833349,0.00139898667833349,TRUE,1.00252701541392,4172.33176762658,6802.57616151909
76,"mu_beta","beta",0.352,0.29408780007,0.293544665,0.218045539,0.3731652895,-0.05791219993,0.05791219993,TRUE,1.00007552073616,5081.1012460153,7749.60768492985
76,"mu_lambda","lambda",0.0808,0.121748089228,0.121503385,0.09583714245,0.1477683635,0.040948089228,0.040948089228,FALSE,0.999910083900916,10980.2303153871,8800.80101396062
76,"mu_delta","delta",1.171,1.17106536701083,1.16892705,1.071523745,1.27714892,6.53670108332616e-05,6.53670108332616e-05,TRUE,1.00069406147384,6763.2119151233,8576.20307937097
76,"mu_eta","eta",-0.744,-0.841383045083333,-0.84133946,-0.933780724,-0.7495035425,-0.0973830450833333,0.0973830450833333,FALSE,1.00040004499656,8604.66360873962,8503.97203962275
77,"mu_alpha","alpha",2.602,2.502356320575,2.49594535,2.154117555,2.88563536,-0.0996436794249997,0.0996436794249997,TRUE,1.0008493940994,4582.78461358991,6452.92302419776
77,"mu_beta","beta",0.352,0.3511372171625,0.350390805,0.267552756,0.4392220185,-0.000862782837499965,0.000862782837499965,TRUE,1.00090031640159,4696.06118010566,7126.23446223214
77,"mu_lambda","lambda",0.0808,0.0776779206995833,0.0774939275,0.05341581535,0.1023686625,-0.00312207930041666,0.00312207930041666,TRUE,1.00028024868681,8255.93023292272,8621.28008526061
77,"mu_delta","delta",1.171,1.1393232364025,1.1348831,1.031372595,1.26073105,-0.0316767635974999,0.0316767635974999,TRUE,1.0004837894474,3650.94397721093,6658.94592062704
77,"mu_eta","eta",-0.744,-0.916173915366667,-0.91536695,-1.024843835,-0.8106761325,-0.172173915366667,0.172173915366667,FALSE,1.00148945598501,5070.10449060978,6931.80073803438
78,"mu_alpha","alpha",3.697,3.613793742075,3.6050497,3.305755145,3.94887842,-0.0832062579250001,0.0832062579250001,TRUE,0.999991509955941,6167.15719038573,6655.89156096932
78,"mu_beta","beta",0.352,0.410190149293667,0.408453555,0.298710379,0.5233369115,0.0581901492936667,0.0581901492936667,TRUE,1.00233531205551,2218.70276619882,3998.84431042578
78,"mu_lambda","lambda",0.0808,0.08344707205925,0.0831093915,0.0621923257,0.106034545,0.00264707205925001,0.00264707205925001,TRUE,1.00139454090609,4067.54934755421,6392.03374805078
78,"mu_delta","delta",1.171,1.20445639224417,1.2003187,1.07263406,1.354655175,0.0334563922441666,0.0334563922441666,TRUE,1.00094223723175,3334.13254042928,4907.86680356383
78,"mu_eta","eta",-0.744,-0.688183825025,-0.686998225,-0.8126773915,-0.5694925555,0.055816174975,0.055816174975,TRUE,1.00506974783284,2393.33037263882,4005.53205078241
79,"mu_alpha","alpha",1.628,1.667331614475,1.6654528,1.47747661,1.863322455,0.039331614475,0.039331614475,TRUE,1.00007438367796,8480.0489037403,9496.42696321084
79,"mu_beta","beta",0.518,0.472321421476667,0.471902955,0.394106295,0.5515850035,-0.0456785785233333,0.0456785785233333,TRUE,1.0004173252947,5477.23465422948,7396.09331364145
79,"mu_lambda","lambda",0.0808,0.0657045834805,0.0656840595,0.04251343525,0.08924920385,-0.0150954165195,0.0150954165195,TRUE,1.00027612393948,8422.0650610507,7788.68015670832
79,"mu_delta","delta",1.171,1.18078873574583,1.1756898,1.06082635,1.316830175,0.00978873574583328,0.00978873574583328,TRUE,1.00078689839245,5553.20429298809,7252.29158500551
79,"mu_eta","eta",-0.744,-0.829553156871667,-0.82999319,-0.929031716,-0.7304605695,-0.0855531568716666,0.0855531568716666,TRUE,1.0004616922724,5991.15460511996,7726.01507827907
80,"mu_alpha","alpha",2.602,2.53105042166667,2.52495995,2.13459235,2.954628705,-0.0709495783333334,0.0709495783333334,TRUE,1.00106966547113,3044.08398108551,4894.95502742975
80,"mu_beta","beta",0.518,0.499706639653333,0.49898811,0.4113240095,0.5907590415,-0.0182933603466667,0.0182933603466667,TRUE,1.00165411262639,3756.40238916303,6894.18307217083
80,"mu_lambda","lambda",0.0808,0.0833356444734167,0.083357573,0.05893996025,0.108229,0.00253564447341667,0.00253564447341667,TRUE,1.00040596309956,5506.04202716838,6447.57410523983
80,"mu_delta","delta",1.171,1.10354071890333,1.09968145,0.9646112675,1.25659616,-0.0674592810966668,0.0674592810966668,TRUE,1.0004427853591,3064.56981796748,4711.08011191536
80,"mu_eta","eta",-0.744,-0.699543886925833,-0.698767565,-0.80607389,-0.59312678,0.0444561130741666,0.0444561130741666,TRUE,1.00090695917523,3293.46216153203,5869.89307613168
81,"mu_alpha","alpha",3.697,3.7318397383,3.72491155,3.406739395,4.0788147,0.0348397383000001,0.0348397383000001,TRUE,0.999965186706424,7138.16606915736,8043.23213008888
81,"mu_beta","beta",0.518,0.511614992708333,0.510376415,0.425014447,0.600759376,-0.00638500729166669,0.00638500729166669,TRUE,1.0002856589191,5020.0650458922,5945.28993096627
81,"mu_lambda","lambda",0.0808,0.0763452333823333,0.076320642,0.0592619748,0.09375501425,-0.00445476661766667,0.00445476661766667,TRUE,0.999989306984542,6984.03408183341,7438.31123351881
81,"mu_delta","delta",1.171,1.19179143929,1.1869989,1.08938908,1.312084655,0.0207914392899999,0.0207914392899999,TRUE,1.00092491332428,4172.08309795483,5734.87538571562
81,"mu_eta","eta",-0.744,-0.772857336038333,-0.771801575,-0.8621265725,-0.686568281,-0.0288573360383333,0.0288573360383333,TRUE,1.00112637580206,4278.93878525921,7035.44442497476
82,"mu_alpha","alpha",1.628,1.55251848235833,1.5495497,1.38183452,1.734597425,-0.0754815176416666,0.0754815176416666,TRUE,1.00056778809197,5952.31591567672,7422.28063465906
82,"mu_beta","beta",0.185,0.185622246887967,0.184513055,0.108145388,0.265742518,0.000622246887966665,0.000622246887966665,TRUE,1.00025423043253,3332.30842031733,5857.54012491891
82,"mu_lambda","lambda",0.0239,0.0387209549485642,0.0388546325,0.019404438,0.05797071325,0.0148209549485642,0.0148209549485642,TRUE,0.999964077787941,10399.0327668765,5928.22367264689
82,"mu_delta","delta",0.703,0.614443685016667,0.617038575,0.49123824,0.726734081,-0.0885563149833333,0.0885563149833333,TRUE,1.00047779567611,7677.26636233284,7407.48255831264
82,"mu_eta","eta",-0.477,-0.47853622759,-0.47740496,-0.5838784795,-0.375185691,-0.00153622758999999,0.00153622758999999,TRUE,1.00099547432489,5677.57629798244,7124.21919091166
83,"mu_alpha","alpha",2.602,2.8409757625,2.83656455,2.51969929,3.181797615,0.2389757625,0.2389757625,TRUE,1.00081406081617,5611.40323852222,7878.14237520354
83,"mu_beta","beta",0.185,0.256884281027917,0.256508835,0.1532920205,0.361671661,0.0718842810279167,0.0718842810279167,TRUE,1.00140327616855,3680.44027858259,5965.85923390059
83,"mu_lambda","lambda",0.0239,0.0249556510237233,0.0250467865,0.0096409153,0.03981943635,0.00105565102372333,0.00105565102372333,TRUE,1.00054174762963,10290.570265906,6764.9700720221
83,"mu_delta","delta",0.703,0.782460065139167,0.78743807,0.639093154,0.907681213,0.0794600651391667,0.0794600651391667,TRUE,1.00097608615217,3751.77794547495,6585.43665023292
83,"mu_eta","eta",-0.477,-0.3752202852475,-0.375942505,-0.4560134095,-0.2960447845,0.1017797147525,0.1017797147525,FALSE,1.00016890207055,6289.56648649678,7883.40889971861
84,"mu_alpha","alpha",3.697,3.68685042139167,3.67910425,3.3618202,4.037566385,-0.0101495786083334,0.0101495786083334,TRUE,1.0002350042346,7845.35473569503,8427.88586742791
84,"mu_beta","beta",0.185,0.131685178911922,0.13131699,0.05869317535,0.206152707,-0.0533148210880783,0.0533148210880783,TRUE,1.00067291337932,6817.0292298172,8243.82734766553
84,"mu_lambda","lambda",0.0239,0.0362825735847383,0.036562302,0.0210578194,0.05076782445,0.0123825735847383,0.0123825735847383,TRUE,0.999909149046574,9961.38657778972,7334.13364031224
84,"mu_delta","delta",0.703,0.589669050315833,0.59411974,0.4536660545,0.7130428025,-0.113330949684167,0.113330949684167,TRUE,1.00055910007212,8740.25393852544,7793.7953126399
84,"mu_eta","eta",-0.477,-0.4954061784825,-0.49539008,-0.5825854715,-0.4089087545,-0.0184061784825,0.0184061784825,TRUE,1.00080365366656,5533.52455032945,7772.04266734075
85,"mu_alpha","alpha",1.628,1.90099869125833,1.89705385,1.656001195,2.15675131,0.272998691258334,0.272998691258334,FALSE,1.00005333518199,5442.44222035386,8066.84948773943
85,"mu_beta","beta",0.352,0.351136949194167,0.350477515,0.2789650915,0.4253019195,-0.000863050805833321,0.000863050805833321,TRUE,1.00024821626218,5431.69662203923,6611.28743714639
85,"mu_lambda","lambda",0.0239,0.0316323333126833,0.0318173225,0.0136679792,0.04855293095,0.00773233331268334,0.00773233331268334,TRUE,1.00011701239229,10697.6654117092,7724.23316782929
85,"mu_delta","delta",0.703,0.710300186965,0.71460067,0.5627764705,0.841753985,0.00730018696500001,0.00730018696500001,TRUE,1.0001088470064,6023.73432107595,6697.76649238754
85,"mu_eta","eta",-0.477,-0.520223408728333,-0.52060421,-0.607628871,-0.4311484635,-0.0432234087283333,0.0432234087283333,TRUE,1.00008328966912,5555.61972889868,7105.82271707053
86,"mu_alpha","alpha",2.602,2.66840738624167,2.66621165,2.378473855,2.974250775,0.066407386241667,0.066407386241667,TRUE,1.00037587473458,6021.42192014231,7828.14454269986
86,"mu_beta","beta",0.352,0.469436087526667,0.46836993,0.374993649,0.5666135575,0.117436087526667,0.117436087526667,FALSE,1.00115535082613,4043.41700241362,6197.06595245799
86,"mu_lambda","lambda",0.0239,0.0246288742111025,0.024615641,0.01037201745,0.03912384345,0.000728874211102497,0.000728874211102497,TRUE,1.0000876497961,8713.05024711051,4873.70244749538
86,"mu_delta","delta",0.703,0.737175777664167,0.7382579,0.645687759,0.8235716895,0.0341757776641667,0.0341757776641667,TRUE,1.00069611714288,6989.9553295322,6503.33447889057
86,"mu_eta","eta",-0.477,-0.390438714041667,-0.39022753,-0.486570079,-0.293691364,0.0865612859583333,0.0865612859583333,TRUE,1.00062183351811,3338.46894155089,5467.9027801366
87,"mu_alpha","alpha",3.697,3.90065003066667,3.8914696,3.497759995,4.334484485,0.203650030666667,0.203650030666667,TRUE,1.00050659684236,4247.80306106686,5797.06868990664
87,"mu_beta","beta",0.352,0.27821281434375,0.278677265,0.19435619,0.3621970275,-0.07378718565625,0.07378718565625,TRUE,0.999968147599849,3766.6331171829,5245.75215604615
87,"mu_lambda","lambda",0.0239,0.0292881999173167,0.0295504555,0.0171209877,0.04052231815,0.00538819991731667,0.00538819991731667,TRUE,1.0002227778975,6408.59667565733,3549.83801621952
87,"mu_delta","delta",0.703,0.712424634199167,0.71404417,0.6154196855,0.8038424405,0.00942463419916673,0.00942463419916673,TRUE,1.00068266958898,4635.91712072406,5349.36907064606
87,"mu_eta","eta",-0.477,-0.517186925744167,-0.51643362,-0.61290199,-0.4249714645,-0.0401869257441667,0.0401869257441667,TRUE,1.00034504527346,2917.07772930596,5168.94838773758
88,"mu_alpha","alpha",1.628,1.78087030739167,1.77835715,1.492175845,2.08123914,0.152870307391667,0.152870307391667,TRUE,1.00072494324315,3236.44022698829,4859.80303965247
88,"mu_beta","beta",0.518,0.62085936919,0.619717225,0.5468420175,0.6990598485,0.10285936919,0.10285936919,FALSE,1.00014490947622,4524.98718282119,7285.94438576859
88,"mu_lambda","lambda",0.0239,0.0284932599540492,0.0286040765,0.0133818077,0.04273461735,0.00459325995404916,0.00459325995404916,TRUE,1.00041313856529,8208.84956467336,5427.70663204892
88,"mu_delta","delta",0.703,0.589415351054167,0.58563308,0.3131832275,0.8789003515,-0.113584648945833,0.113584648945833,TRUE,1.00030495539353,3087.54075838886,4936.61767397716
88,"mu_eta","eta",-0.477,-0.40297593679,-0.403112855,-0.498770812,-0.3064020775,0.07402406321,0.07402406321,TRUE,1.00192335784796,2820.69054871797,5415.96792802905
89,"mu_alpha","alpha",2.602,2.76975236600833,2.7633327,2.411038295,3.152079985,0.167752366008334,0.167752366008334,TRUE,1.00088091959732,2499.36354778952,4568.37850372401
89,"mu_beta","beta",0.518,0.457578798533333,0.45681198,0.3639553065,0.551070623,-0.0604212014666667,0.0604212014666667,TRUE,1.00111303131982,2267.45140728821,4037.86144454848
89,"mu_lambda","lambda",0.0239,0.0213948875402102,0.0211848985,0.006935817265,0.03646034145,-0.00250511245978975,0.00250511245978975,TRUE,1.00061896921774,4406.89069644129,3518.99405495793
89,"mu_delta","delta",0.703,0.568360491276667,0.570680685,0.347030902,0.7834735295,-0.134639508723333,0.134639508723333,TRUE,1.00031528904968,3103.83454883883,4798.69071182124
89,"mu_eta","eta",-0.477,-0.43338570586,-0.4332441,-0.513564365,-0.35201331,0.04361429414,0.04361429414,TRUE,1.00028252793577,2621.11676170266,4554.50145241091
90,"mu_alpha","alpha",3.697,3.65295670933333,3.6473675,3.389647895,3.937456065,-0.0440432906666666,0.0440432906666666,TRUE,1.00020337070743,11148.5110809563,9091.99566407646
90,"mu_beta","beta",0.518,0.545339079983333,0.54380107,0.4615605205,0.6333631485,0.0273390799833333,0.0273390799833333,TRUE,1.00086373356826,6823.5098445122,8494.86771249683
90,"mu_lambda","lambda",0.0239,0.0305052062885,0.030692242,0.01742607465,0.0432057337,0.0066052062885,0.0066052062885,TRUE,1.00001521439089,8423.25005580776,6731.05353886644
90,"mu_delta","delta",0.703,0.754673239445,0.752564415,0.655383866,0.8596428355,0.051673239445,0.051673239445,TRUE,1.00168155659364,3047.90299344282,5674.46849492689
90,"mu_eta","eta",-0.477,-0.6078261903625,-0.60737496,-0.6976935475,-0.518229753,-0.1308261903625,0.1308261903625,FALSE,1.00149140686322,3531.66603155673,6000.06336462248
91,"mu_alpha","alpha",1.628,1.62282734243333,1.617088,1.36520039,1.895962785,-0.00517265756666663,0.00517265756666663,TRUE,1.00037022257659,5845.98975013597,7338.04117043642
91,"mu_beta","beta",0.185,0.193299372927367,0.19278258,0.1054223925,0.284810585,0.00829937292736668,0.00829937292736668,TRUE,1.00031473024916,4601.38897313334,6567.88308370605
91,"mu_lambda","lambda",0.0512,0.0654263814015833,0.065279074,0.04446956325,0.0869121503,0.0142263814015833,0.0142263814015833,TRUE,1.00086423374674,13384.8916582352,8047.83390120935
91,"mu_delta","delta",0.703,0.669994012160833,0.67502857,0.5444820905,0.771476449,-0.0330059878391666,0.0330059878391666,TRUE,1.00030042732902,8022.79409127955,7658.79137071707
91,"mu_eta","eta",-0.477,-0.597491288866667,-0.59694923,-0.7115459505,-0.4864562105,-0.120491288866667,0.120491288866667,FALSE,1.0001370450331,8009.51365048942,8132.86575265206
92,"mu_alpha","alpha",2.602,2.55453533100833,2.5528098,2.27969789,2.83830315,-0.0474646689916667,0.0474646689916667,TRUE,1.00006870201426,6280.68836945028,8767.58629752033
92,"mu_beta","beta",0.185,0.149534855006492,0.14915344,0.0690342305,0.2315828445,-0.0354651449935083,0.0354651449935083,TRUE,1.00028483814027,4045.5546438203,6500.21149819318
92,"mu_lambda","lambda",0.0512,0.06758239361475,0.0673045005,0.0438531073,0.0918112154,0.01638239361475,0.01638239361475,TRUE,1.00025428373302,8078.81059254002,8672.21446602167
92,"mu_delta","delta",0.703,0.679410325724167,0.68154309,0.5337337735,0.8174127255,-0.0235896742758333,0.0235896742758333,TRUE,1.0007278517862,5226.45400328255,6685.5712785642
92,"mu_eta","eta",-0.477,-0.493726718708333,-0.4948584,-0.608160615,-0.376853276,-0.0167267187083334,0.0167267187083334,TRUE,1.00119194473812,4419.6654159125,6360.76480597877
93,"mu_alpha","alpha",3.697,3.51203254390833,3.5035664,3.179351805,3.8705685,-0.184967456091667,0.184967456091667,TRUE,1.000629430059,4760.7453833397,6335.84992618006
93,"mu_beta","beta",0.185,0.184713644970955,0.18429497,0.1022200975,0.2670032365,-0.000286355029045005,0.000286355029045005,TRUE,1.00083800856383,3848.47645432086,5231.33714664037
93,"mu_lambda","lambda",0.0512,0.0525455416775833,0.052496443,0.0344651177,0.07052413555,0.00134554167758333,0.00134554167758333,TRUE,1.00059995268265,6512.73415182926,7728.93011689872
93,"mu_delta","delta",0.703,0.779992693768333,0.782271695,0.6794316565,0.8734285385,0.0769926937683334,0.0769926937683334,TRUE,1.00083469676066,4393.21367631389,5677.16371995264
93,"mu_eta","eta",-0.477,-0.573216802419167,-0.57293693,-0.651546914,-0.494046218,-0.0962168024191666,0.0962168024191666,FALSE,1.00039877952143,4129.14487067442,6788.58778155071
94,"mu_alpha","alpha",1.628,1.5487390961,1.545688,1.326298095,1.779810255,-0.0792609038999998,0.0792609038999998,TRUE,1.00104609782146,3942.0555523382,6624.0733167806
94,"mu_beta","beta",0.352,0.489652210775,0.48935563,0.4273909995,0.553174616,0.137652210775,0.137652210775,FALSE,0.99992920729315,5889.20439065735,8107.47215199137
94,"mu_lambda","lambda",0.0512,0.0423136952402167,0.0426310075,0.0260814242,0.0575338686,-0.00888630475978334,0.00888630475978334,TRUE,1.00066736075511,9792.90649855277,5460.30867264309
94,"mu_delta","delta",0.703,0.811095280941667,0.81504766,0.703571685,0.906579324,0.108095280941667,0.108095280941667,FALSE,1.00036074459985,5429.41444669756,6294.74578248379
94,"mu_eta","eta",-0.477,-0.526077143014167,-0.526779585,-0.6189213425,-0.4305755225,-0.0490771430141667,0.0490771430141667,TRUE,1.00104530430942,4191.71662934635,6228.16169503328
95,"mu_alpha","alpha",2.602,2.43271007343333,2.42907935,2.1760753,2.70284447,-0.169289926566667,0.169289926566667,TRUE,1.00023660883389,5774.15301993463,6938.97532780469
95,"mu_beta","beta",0.352,0.355840500519167,0.35519765,0.2643152065,0.4498119725,0.00384050051916668,0.00384050051916668,TRUE,1.00033318496259,3384.78215089109,5417.24526522355
95,"mu_lambda","lambda",0.0512,0.057520452923,0.0577041435,0.0404870695,0.0739209903,0.006320452923,0.006320452923,TRUE,0.999854563443053,10418.1539965018,7882.34284418988
95,"mu_delta","delta",0.703,0.688523468663333,0.694648095,0.556012782,0.799651771,-0.0144765313366666,0.0144765313366666,TRUE,1.0002865743124,7931.18507833695,7031.81183237178
95,"mu_eta","eta",-0.477,-0.4557825929575,-0.455475375,-0.53209016,-0.3798619595,0.0212174070425,0.0212174070425,TRUE,1.00039248306905,5424.28539227302,6915.76150169582
96,"mu_alpha","alpha",3.697,3.73229966799167,3.7245142,3.438972495,4.049562485,0.0352996679916666,0.0352996679916666,TRUE,1.00144933886903,4749.3218567046,6794.85676408533
96,"mu_beta","beta",0.352,0.400370818724167,0.40003716,0.301738877,0.5010654705,0.0483708187241667,0.0483708187241667,TRUE,1.0011498498178,2909.20856824982,4906.06783929964
96,"mu_lambda","lambda",0.0512,0.0557265084228333,0.0556000815,0.0381799304,0.0737881516,0.00452650842283333,0.00452650842283333,TRUE,1.00132519601889,4594.54846670112,5645.22923928773
96,"mu_delta","delta",0.703,0.8088897386675,0.80980872,0.7248573325,0.8869964345,0.1058897386675,0.1058897386675,FALSE,1.00085807282012,3468.44589734579,5383.1352092078
96,"mu_eta","eta",-0.477,-0.430727687985833,-0.430874675,-0.5230850965,-0.3352434605,0.0462723120141666,0.0462723120141666,TRUE,1.00276950242026,2328.00666176477,3907.30341228305
97,"mu_alpha","alpha",1.628,1.67338183384167,1.67010805,1.40850133,1.945646535,0.0453818338416667,0.0453818338416667,TRUE,1.00075504591677,5179.79971419114,7638.04631387147
97,"mu_beta","beta",0.518,0.57623912484,0.575806705,0.4788130165,0.677074941,0.0582391248399999,0.0582391248399999,TRUE,1.00005266410064,4327.02668737631,5887.9769403041
97,"mu_lambda","lambda",0.0512,0.0483568878251,0.0484796115,0.03067234255,0.0653234917,-0.0028431121749,0.0028431121749,TRUE,1.00028149264046,9798.37358790967,6483.02290189174
97,"mu_delta","delta",0.703,0.832065893745,0.835791135,0.673348051,0.9778545805,0.129065893745,0.129065893745,TRUE,1.00053587636896,5074.50357813141,6540.41876900406
97,"mu_eta","eta",-0.477,-0.492564303721667,-0.49272048,-0.574946746,-0.4088035355,-0.0155643037216667,0.0155643037216667,TRUE,1.00018713866764,5055.31499491093,7158.91616056909
98,"mu_alpha","alpha",2.602,2.56749111791667,2.5646134,2.263193425,2.88391555,-0.0345088820833332,0.0345088820833332,TRUE,1.00020467900519,4714.96678691321,5871.37546859405
98,"mu_beta","beta",0.518,0.522481481043333,0.52105483,0.4273511135,0.6220525035,0.00448148104333335,0.00448148104333335,TRUE,1.0003566508873,4467.67224760197,6901.75117151115
98,"mu_lambda","lambda",0.0512,0.0552829962415,0.055452655,0.0424090728,0.067758617,0.0040829962415,0.0040829962415,TRUE,1.00033522140359,13715.2482776516,7060.88494958723
98,"mu_delta","delta",0.703,0.6545137199675,0.65552837,0.5134816745,0.792130583,-0.0484862800325,0.0484862800325,TRUE,1.00045593292715,4653.60060219644,6052.2340465619
98,"mu_eta","eta",-0.477,-0.435477011773333,-0.43684583,-0.5469638065,-0.3213182205,0.0415229882266667,0.0415229882266667,TRUE,1.00045304921513,2793.37463358423,5121.52832680125
99,"mu_alpha","alpha",3.697,3.96301263835,3.960207,3.728391215,4.21204424,0.26601263835,0.26601263835,FALSE,1.00002457902568,13877.8947821022,8118.40885878208
99,"mu_beta","beta",0.518,0.478355859455833,0.477538655,0.3890739685,0.569915355,-0.0396441405441667,0.0396441405441667,TRUE,1.00014738948779,6941.76747163281,7340.39391599149
99,"mu_lambda","lambda",0.0512,0.07185893053775,0.0718563115,0.0568942796,0.08657025055,0.02065893053775,0.02065893053775,FALSE,1.00011512062115,9173.49006737332,8598.68406843196
99,"mu_delta","delta",0.703,0.742365729971667,0.74686705,0.6200355945,0.8519102815,0.0393657299716668,0.0393657299716668,TRUE,1.00018522292567,7283.7416196466,7074.37899164252
99,"mu_eta","eta",-0.477,-0.404003883235,-0.404581185,-0.486942328,-0.3179309505,0.072996116765,0.072996116765,TRUE,1.00049581871461,4742.9098648487,7092.1313418678
100,"mu_alpha","alpha",1.628,1.75371785473333,1.7491695,1.521995285,1.997401585,0.125717854733334,0.125717854733334,TRUE,1.00024653538246,6677.21008131823,8419.26596330763
100,"mu_beta","beta",0.185,0.221729463395725,0.22147482,0.123633736,0.3210316005,0.036729463395725,0.036729463395725,TRUE,1.00114360133279,3610.92771367221,4985.76020271986
100,"mu_lambda","lambda",0.0808,0.102566155914667,0.10230389,0.0749631493,0.1311699695,0.0217661559146667,0.0217661559146667,TRUE,1.00051816265199,9366.71864470696,8908.13301201646
100,"mu_delta","delta",0.703,0.683065595045,0.691282585,0.5128408215,0.8211287915,-0.019934404955,0.019934404955,TRUE,1.00032694079859,5666.12071962142,7717.51021932262
100,"mu_eta","eta",-0.477,-0.5706457895575,-0.57109535,-0.662455674,-0.4795123285,-0.0936457895575,0.0936457895575,FALSE,1.00006849733019,9778.13263695054,9624.4847831595
101,"mu_alpha","alpha",2.602,2.75262817711667,2.7506695,2.493345555,3.01896144,0.150628177116667,0.150628177116667,TRUE,1.0001224502979,8824.04868297586,8111.33348803887
101,"mu_beta","beta",0.185,0.235642086065033,0.23535271,0.1357723325,0.3386163845,0.0506420860650333,0.0506420860650333,TRUE,1.00043259937012,4082.3079249192,6109.87990461075
101,"mu_lambda","lambda",0.0808,0.0855470355884167,0.0853239325,0.06410037555,0.107606516,0.00474703558841667,0.00474703558841667,TRUE,1.00049243949263,8597.08561791524,8916.97862591165
101,"mu_delta","delta",0.703,0.868333579811667,0.86800184,0.738773315,1.00002344,0.165333579811667,0.165333579811667,FALSE,1.00080267498878,5922.27511856353,7223.33870906192
101,"mu_eta","eta",-0.477,-0.504530277985,-0.505171085,-0.5812756115,-0.426342608,-0.0275302779850001,0.0275302779850001,TRUE,1.0004205204745,8051.88015606342,8607.48089263131
102,"mu_alpha","alpha",3.697,3.82227121470833,3.8141261,3.46945138,4.20229782,0.125271214708333,0.125271214708333,TRUE,1.00053681936182,5498.86913682567,7101.31289081373
102,"mu_beta","beta",0.185,0.20486547891255,0.20439118,0.102793655,0.308965094,0.01986547891255,0.01986547891255,TRUE,1.00147734959391,3296.52683871909,5580.55103296595
102,"mu_lambda","lambda",0.0808,0.0709210028145,0.0707549945,0.0507511585,0.09165923075,-0.00987899718549999,0.00987899718549999,TRUE,1.00072555540324,6307.83991643551,7509.41645294629
102,"mu_delta","delta",0.703,0.804820208039167,0.80795891,0.648095304,0.952296359,0.101820208039167,0.101820208039167,TRUE,1.00179387540566,3201.70829684103,5599.19485556726
102,"mu_eta","eta",-0.477,-0.494637134558333,-0.4949057,-0.5896332695,-0.400106828,-0.0176371345583334,0.0176371345583334,TRUE,1.00070023935317,3828.63901981196,5672.00384112017
103,"mu_alpha","alpha",1.628,1.75599748225833,1.7534871,1.52122027,2.005039495,0.127997482258333,0.127997482258333,TRUE,1.0000765500788,6582.02971586007,7606.15622059031
103,"mu_beta","beta",0.352,0.376350120849167,0.37639692,0.2894072565,0.462044858,0.0243501208491667,0.0243501208491667,TRUE,1.00031495335004,4532.64591274854,6831.76027795645
103,"mu_lambda","lambda",0.0808,0.08847673947775,0.0885152675,0.0701103024,0.1066620965,0.00767673947775001,0.00767673947775001,TRUE,0.999986656215433,16060.0515129199,9141.90352117613
103,"mu_delta","delta",0.703,0.764992281153333,0.76923894,0.614401391,0.9020266735,0.0619922811533333,0.0619922811533333,TRUE,1.00009468907674,7446.6672108193,7511.30259436467
103,"mu_eta","eta",-0.477,-0.353727361082333,-0.353012075,-0.4546547655,-0.2562844345,0.123272638917667,0.123272638917667,FALSE,0.999905941808461,6391.60979664934,8445.59317642487
104,"mu_alpha","alpha",2.602,2.27108192248333,2.2663455,2.017811025,2.54145934,-0.330918077516666,0.330918077516666,FALSE,1.00053637591555,5058.03887539655,6890.21643565693
104,"mu_beta","beta",0.352,0.348619525785833,0.34792503,0.2789824765,0.421907505,-0.00338047421416665,0.00338047421416665,TRUE,1.00038559139336,5994.0428923083,7772.74003516937
104,"mu_lambda","lambda",0.0808,0.07237894503625,0.0724018705,0.0533935674,0.09132649115,-0.00842105496374999,0.00842105496374999,TRUE,1.00043096077416,8738.96385020788,7137.85938354815
104,"mu_delta","delta",0.703,0.7047348573475,0.709703165,0.5480467095,0.84233667,0.00173485734750001,0.00173485734750001,TRUE,1.00017851518749,5576.06057245801,6144.33667037737
104,"mu_eta","eta",-0.477,-0.5467850685,-0.54587563,-0.6426849155,-0.4525342075,-0.0697850685,0.0697850685,TRUE,1.00019398701353,4349.09858374828,6310.01361218258
105,"mu_alpha","alpha",3.697,3.9674870518,3.96075625,3.63708126,4.31702533,0.2704870518,0.2704870518,TRUE,1.00017188327455,7089.69957644403,6955.38726873266
105,"mu_beta","beta",0.352,0.315459699469,0.314630755,0.2227516435,0.409045724,-0.036540300531,0.036540300531,TRUE,1.00030874275379,4473.46248982415,6706.12084413753
105,"mu_lambda","lambda",0.0808,0.0948664250788333,0.094539846,0.07435331305,0.115910844,0.0140664250788333,0.0140664250788333,TRUE,1.00014303784142,5781.11138485782,7932.97603812
105,"mu_delta","delta",0.703,0.721608969328333,0.7256721,0.5589457765,0.869339094,0.0186089693283333,0.0186089693283333,TRUE,1.0005101560685,4437.50906308125,6028.76398680827
105,"mu_eta","eta",-0.477,-0.4612888462125,-0.46141747,-0.550172755,-0.3713364675,0.0157111537875,0.0157111537875,TRUE,1.00161245474787,3153.60023064943,5836.92694322107
106,"mu_alpha","alpha",1.628,1.47561382327667,1.47045475,1.216797345,1.743353605,-0.152386176723333,0.152386176723333,TRUE,1.0004198450459,4406.72257607387,6432.71456756369
106,"mu_beta","beta",0.518,0.554385559145,0.55350679,0.4767387955,0.6341988635,0.036385559145,0.036385559145,TRUE,1.00080477047033,5193.9885767293,6740.49529794223
106,"mu_lambda","lambda",0.0808,0.08743963752175,0.0871039625,0.0627112982,0.1127483955,0.00663963752175001,0.00663963752175001,TRUE,1.0004408222276,6733.80016079878,7682.13714389686
106,"mu_delta","delta",0.703,0.62381317127075,0.6317712,0.392057757,0.8224541645,-0.07918682872925,0.07918682872925,TRUE,1.00066700034872,4927.14904766331,5371.07295474934
106,"mu_eta","eta",-0.477,-0.509233627060833,-0.509218365,-0.5844057995,-0.4322742125,-0.0322336270608333,0.0322336270608333,TRUE,1.00021561350691,6191.85959520911,7745.95254979003
107,"mu_alpha","alpha",2.602,2.5992673009,2.59106865,2.23721761,2.984430295,-0.00273269910000007,0.00273269910000007,TRUE,1.00062881798639,3413.85791202312,5683.87263483358
107,"mu_beta","beta",0.518,0.519816014975,0.51880276,0.4105963455,0.6324333365,0.00181601497499995,0.00181601497499995,TRUE,1.00179216505101,2771.58721541028,4864.56069427256
107,"mu_lambda","lambda",0.0808,0.084116752042,0.0841382805,0.0644527653,0.1034467785,0.00331675204200001,0.00331675204200001,TRUE,0.999974924284418,6431.83316014041,7424.83534067386
107,"mu_delta","delta",0.703,0.745730659368333,0.73530052,0.542511056,0.9847109425,0.0427306593683334,0.0427306593683334,TRUE,1.00967649268394,510.159388008099,1195.22045693369
107,"mu_eta","eta",-0.477,-0.4844365900175,-0.48436164,-0.571868244,-0.3972428695,-0.00743659001750002,0.00743659001750002,TRUE,1.00143386217673,2501.25240764028,5371.67991407445
108,"mu_alpha","alpha",3.697,3.64898771898333,3.6427372,3.35205146,3.960738015,-0.0480122810166668,0.0480122810166668,TRUE,1.00012578592411,5906.65306751763,7018.4403241349
108,"mu_beta","beta",0.518,0.528213952526667,0.527833455,0.4175704625,0.6418015935,0.0102139525266667,0.0102139525266667,TRUE,1.00158555011438,2881.53093646666,4902.52393006052
108,"mu_lambda","lambda",0.0808,0.0836487004845833,0.083427209,0.0624260062,0.105262415,0.00284870048458334,0.00284870048458334,TRUE,1.00057875202051,3483.05823739136,4951.07739484812
108,"mu_delta","delta",0.703,0.666844379035,0.66953671,0.5596413735,0.7639820925,-0.0361556209649999,0.0361556209649999,TRUE,1.00046850506013,3810.72942026583,5449.62061097625
108,"mu_eta","eta",-0.477,-0.442308632644167,-0.442330625,-0.5373057905,-0.34706599,0.0346913673558333,0.0346913673558333,TRUE,1.0007866711001,2332.78306425793,4257.23599692302
109,"mu_alpha","alpha",1.628,1.358978116905,1.3564647,1.149339445,1.581342515,-0.269021883095,0.269021883095,FALSE,1.00079470325039,3718.82721538162,6343.2281498793
109,"mu_beta","beta",0.185,0.117511870784628,0.11739114,0.02332505575,0.2130891145,-0.0674881292153717,0.0674881292153717,TRUE,1.00095285259325,2390.52262553349,4020.24035557527
109,"mu_lambda","lambda",0.0239,0.025294628177525,0.024969242,0.00674286994,0.0448446291,0.001394628177525,0.001394628177525,TRUE,1.0005593291159,10339.5034330665,6062.84006604078
109,"mu_delta","delta",0.937,1.05091358793333,1.0496269,0.920583933,1.182958255,0.113913587933333,0.113913587933333,TRUE,1.00259396841092,2579.153982951,3866.10863824601
109,"mu_eta","eta",-0.477,-0.46658478769,-0.467743885,-0.5430339875,-0.3872252005,0.01041521231,0.01041521231,TRUE,1.00021703059393,7265.4751189363,8476.55697870784
110,"mu_alpha","alpha",2.602,2.53114396651667,2.52692815,2.297995385,2.78266289,-0.070856033483333,0.070856033483333,TRUE,1.00038343747957,7399.90145935137,8258.6493724072
110,"mu_beta","beta",0.185,0.172104213980608,0.17140957,0.0778116911,0.267648805,-0.0128957860193917,0.0128957860193917,TRUE,1.00065866683608,3372.35671464109,5599.19427049373
110,"mu_lambda","lambda",0.0239,0.0343142209048333,0.0344253575,0.01989340515,0.0483681555,0.0104142209048333,0.0104142209048333,TRUE,1.00115170404923,12501.0814950333,6891.19103923118
110,"mu_delta","delta",0.937,0.8185293062,0.820717395,0.7342793335,0.8960409065,-0.1184706938,0.1184706938,FALSE,1.00031461845642,8788.98090287822,7532.413998753
110,"mu_eta","eta",-0.477,-0.514684434228333,-0.514281425,-0.5974600085,-0.433601718,-0.0376844342283333,0.0376844342283333,TRUE,1.00011113831932,7583.54027496509,7758.34370386262
111,"mu_alpha","alpha",3.697,3.80025449365833,3.7983456,3.39414378,4.22075978,0.103254493658333,0.103254493658333,TRUE,1.00033220203294,4214.33858788341,6240.09818900686
111,"mu_beta","beta",0.185,0.159815327320374,0.159423735,0.0703889766,0.251758476,-0.0251846726796258,0.0251846726796258,TRUE,1.00038750322038,3008.55421600079,5508.61632604691
111,"mu_lambda","lambda",0.0239,0.0175489725592899,0.0171311365,0.00486738359,0.0318225318,-0.00635102744071009,0.00635102744071009,TRUE,1.00022430431561,7503.79585301511,6588.65088497574
111,"mu_delta","delta",0.937,0.963621470021667,0.95889295,0.8158150155,1.128128725,0.0266214700216666,0.0266214700216666,TRUE,1.00027507246033,3294.65914357993,4694.3939510618
111,"mu_eta","eta",-0.477,-0.569735464594167,-0.56913734,-0.654360875,-0.4872717535,-0.0927354645941667,0.0927354645941667,FALSE,1.00061351131478,3629.94890125328,6444.38821261399
112,"mu_alpha","alpha",1.628,1.52458919631083,1.52230285,1.289032885,1.76584765,-0.103410803689167,0.103410803689167,TRUE,1.00109415097373,5719.1721241123,7418.81975619152
112,"mu_beta","beta",0.352,0.4272937751425,0.426725005,0.338899113,0.5172654615,0.0752937751425,0.0752937751425,TRUE,1.00027300140101,4764.07717569165,6851.14057291221
112,"mu_lambda","lambda",0.0239,0.0371947894900417,0.0372716015,0.0222357717,0.051745393,0.0132947894900417,0.0132947894900417,TRUE,1.00028545804816,16399.6015633719,7697.29250250068
112,"mu_delta","delta",0.937,0.889913349205,0.89304313,0.7689963465,1.000493085,-0.0470866507950001,0.0470866507950001,TRUE,1.00037736709136,7592.38831109913,7481.32155944954
112,"mu_eta","eta",-0.477,-0.422717606530833,-0.42275724,-0.505940782,-0.3387752495,0.0542823934691666,0.0542823934691666,TRUE,1.00057217683145,6966.25758405002,7840.35767095855
113,"mu_alpha","alpha",2.602,2.83420982110833,2.82580185,2.458362155,3.23085789,0.232209821108333,0.232209821108333,TRUE,1.00216405601614,3074.75233658319,5423.61185381735
113,"mu_beta","beta",0.352,0.313201025051667,0.31209944,0.223216253,0.4091280605,-0.0387989749483333,0.0387989749483333,TRUE,1.00112607919591,3045.41916363303,5708.60812899982
113,"mu_lambda","lambda",0.0239,0.0102226920456807,0.0092897736,0.001449873035,0.0221105525,-0.0136773079543193,0.0136773079543193,FALSE,1.00013223868415,10086.8121314954,7630.82051444269
113,"mu_delta","delta",0.937,0.909675148380833,0.907017325,0.807885078,1.01751228,-0.0273248516191668,0.0273248516191668,TRUE,1.00127668445808,3613.38943775968,4966.7135304985
113,"mu_eta","eta",-0.477,-0.4933565982325,-0.49293438,-0.59325313,-0.392606808,-0.0163565982325,0.0163565982325,TRUE,1.00036834830271,3634.93641904905,5910.99592463709
114,"mu_alpha","alpha",3.697,3.68807790363333,3.6823202,3.322844455,4.075325785,-0.00892209636666674,0.00892209636666674,TRUE,1.0002409299077,7178.47209101939,8356.30800091492
114,"mu_beta","beta",0.352,0.325967643501667,0.32545287,0.2478541085,0.40647243,-0.0260323564983333,0.0260323564983333,TRUE,1.00033790568762,6236.12458224152,8005.98365137923
114,"mu_lambda","lambda",0.0239,0.01949392757459,0.019136142,0.0060345724,0.03419009625,-0.00440607242541,0.00440607242541,TRUE,0.999954217517459,10632.0754645196,7446.9959007241
114,"mu_delta","delta",0.937,0.989318671815,0.98517605,0.886768818,1.105670435,0.0523186718149999,0.0523186718149999,TRUE,1.00139608976032,3528.60319152709,7155.47100425848
114,"mu_eta","eta",-0.477,-0.4409599073325,-0.441023895,-0.5208614095,-0.3618547005,0.0360400926675,0.0360400926675,TRUE,1.00074719095409,4905.52315587549,6618.90015514263
115,"mu_alpha","alpha",1.628,1.42534590776417,1.41925925,1.15685189,1.70153867,-0.202654092235833,0.202654092235833,TRUE,1.00051513002631,3251.46141281031,5632.47000814024
115,"mu_beta","beta",0.518,0.564135329415,0.562620155,0.47437344,0.6576290825,0.046135329415,0.046135329415,TRUE,1.00041810981807,3164.53996021991,5210.18736018821
115,"mu_lambda","lambda",0.0239,0.0302846309046792,0.030508001,0.01317981855,0.04686010005,0.00638463090467917,0.00638463090467917,TRUE,0.999964775951878,8777.59216176266,6295.01842084128
115,"mu_delta","delta",0.937,0.9738326309425,0.968898925,0.8083377765,1.16010174,0.0368326309425,0.0368326309425,TRUE,1.00057975767177,2164.16440408031,2536.02684186665
115,"mu_eta","eta",-0.477,-0.497474137605,-0.496518465,-0.606574027,-0.38927771,-0.020474137605,0.020474137605,TRUE,1.00212594230859,1848.47954429177,4024.65270199047
116,"mu_alpha","alpha",2.602,2.918701966075,2.91484855,2.6496603,3.19971363,0.316701966075,0.316701966075,FALSE,1.00040838830948,7370.28134340406,8730.29079357279
116,"mu_beta","beta",0.518,0.561943169158333,0.56173929,0.4549340765,0.67059299,0.0439431691583333,0.0439431691583333,TRUE,1.00082607060445,3876.58587419287,6327.18391002901
116,"mu_lambda","lambda",0.0239,0.0399200615806667,0.0400270395,0.02806456665,0.05144707945,0.0160200615806667,0.0160200615806667,FALSE,0.999984607335899,15242.6318307664,7666.30984862513
116,"mu_delta","delta",0.937,0.919385086526667,0.917516105,0.808168649,1.03853441,-0.0176149134733334,0.0176149134733334,TRUE,1.00052679709214,3797.91709624788,5433.56615277931
116,"mu_eta","eta",-0.477,-0.474222550970833,-0.47391557,-0.572153081,-0.376358763,0.00277744902916666,0.00277744902916666,TRUE,1.00040692414865,3591.29770768706,5833.96385092562
117,"mu_alpha","alpha",3.697,3.784063532275,3.78081435,3.39945733,4.18668201,0.0870635322749997,0.0870635322749997,TRUE,1.00016870560991,4766.23584285875,6697.22664083007
117,"mu_beta","beta",0.518,0.445718088644167,0.444953525,0.353629484,0.542043307,-0.0722819113558333,0.0722819113558333,TRUE,1.00116805200015,3888.34152744168,6334.30354805582
117,"mu_lambda","lambda",0.0239,0.01360821193257,0.0127294985,0.00306864226,0.02714255955,-0.01029178806743,0.01029178806743,TRUE,1.00035985857128,6531.76746783882,6434.15781311753
117,"mu_delta","delta",0.937,0.856132490980833,0.855387695,0.6820852605,1.027270645,-0.0808675090191667,0.0808675090191667,TRUE,1.00024224266363,3358.78765959765,5612.85122122422
117,"mu_eta","eta",-0.477,-0.465343983479167,-0.464283675,-0.5459005385,-0.3881212435,0.0116560165208333,0.0116560165208333,TRUE,1.0008210110562,2967.3101513461,4965.3115570541
118,"mu_alpha","alpha",1.628,1.75874284765833,1.7557867,1.516534275,2.00925566,0.130742847658333,0.130742847658333,TRUE,1.0013809160876,5362.52601437616,6892.26115891425
118,"mu_beta","beta",0.185,0.196263031455875,0.195491535,0.1137287065,0.2815771905,0.011263031455875,0.011263031455875,TRUE,1.00021451195961,3845.33226433588,6106.05826954439
118,"mu_lambda","lambda",0.0512,0.0545164488088083,0.053988286,0.0280790269,0.08210429795,0.00331644880880833,0.00331644880880833,TRUE,1.00000435096484,7925.9539867401,6880.2595428727
118,"mu_delta","delta",0.937,0.992499373569167,0.988452565,0.8848585065,1.1136899,0.0554993735691666,0.0554993735691666,TRUE,1.0006146844426,4009.88978349455,5292.06223998373
118,"mu_eta","eta",-0.477,-0.478012064208333,-0.477272925,-0.5698330775,-0.3877377385,-0.00101206420833333,0.00101206420833333,TRUE,1.00033014729045,6561.89669632432,8015.71251155346
119,"mu_alpha","alpha",2.602,2.61693973680833,2.61446815,2.33337781,2.91018422,0.0149397368083335,0.0149397368083335,TRUE,1.00050291953698,6113.3633952986,7713.36757813783
119,"mu_beta","beta",0.185,0.19292480416385,0.193179025,0.1047827705,0.279776375,0.00792480416385,0.00792480416385,TRUE,1.00066369636376,4375.69212736497,6677.58088184077
119,"mu_lambda","lambda",0.0512,0.0479192141691833,0.0474350995,0.0242447442,0.07323730165,-0.00328078583081667,0.00328078583081667,TRUE,1.00063583722993,7609.34832777061,7428.66210383275
119,"mu_delta","delta",0.937,0.814640671918333,0.819336675,0.6697376975,0.9450877045,-0.122359328081667,0.122359328081667,TRUE,1.0009742897054,5211.44065686579,6695.89111997953
119,"mu_eta","eta",-0.477,-0.401529910635,-0.40103165,-0.497998776,-0.3066107985,0.075470089365,0.075470089365,TRUE,1.00106598542148,5224.12018590641,7371.49886522395
120,"mu_alpha","alpha",3.697,3.95176658996667,3.94391815,3.56262235,4.36848573,0.254766589966667,0.254766589966667,TRUE,1.00007718999852,6659.47613953198,7433.94300717502
120,"mu_beta","beta",0.185,0.236251582488167,0.235685755,0.150940318,0.321382364,0.0512515824881667,0.0512515824881667,TRUE,1.00010144945376,5627.06302254156,7136.18560310217
120,"mu_lambda","lambda",0.0512,0.0385398469422833,0.0384252935,0.02221779475,0.05513756665,-0.0126601530577167,0.0126601530577167,TRUE,1.00046742660685,8715.8658991725,7755.32478069354
120,"mu_delta","delta",0.937,0.905141883803333,0.90841756,0.8071376345,0.9908774945,-0.0318581161966667,0.0318581161966667,TRUE,1.00058837700215,4444.7850931646,6633.34738811286
120,"mu_eta","eta",-0.477,-0.492168485038333,-0.492301795,-0.5901315025,-0.3954115195,-0.0151684850383333,0.0151684850383333,TRUE,1.00114740854851,3916.46272603435,5880.15318427688
121,"mu_alpha","alpha",1.628,1.62645813573667,1.6212967,1.346797175,1.92592702,-0.00154186426333314,0.00154186426333314,TRUE,1.00110730031372,3572.87028682202,5663.90121025964
121,"mu_beta","beta",0.352,0.3525457845225,0.352396065,0.2684605725,0.4376196135,0.000545784522500037,0.000545784522500037,TRUE,1.00047841519108,3800.0615597016,6085.25769052803
121,"mu_lambda","lambda",0.0512,0.0626837944624167,0.0626492425,0.04031739325,0.0854748228,0.0114837944624167,0.0114837944624167,TRUE,1.00018091510974,9204.96988756295,7330.84803417642
121,"mu_delta","delta",0.937,0.879743243155833,0.878933045,0.7126427,1.051596445,-0.0572567568441668,0.0572567568441668,TRUE,1.00083678099846,4090.06673816638,5904.38301966987
121,"mu_eta","eta",-0.477,-0.366969908195833,-0.366187325,-0.4516170415,-0.284089632,0.110030091804167,0.110030091804167,FALSE,1.0006958333276,5521.05897994416,8037.56686855086
122,"mu_alpha","alpha",2.602,2.4559746956,2.44868425,2.14576322,2.78598251,-0.1460253044,0.1460253044,TRUE,1.00076067308825,4606.84775959742,6146.98337736162
122,"mu_beta","beta",0.352,0.4055727111575,0.40478376,0.331057443,0.483785369,0.0535727111575,0.0535727111575,TRUE,1.00017225879946,5521.15722432344,7442.94078137744
122,"mu_lambda","lambda",0.0512,0.0743266349108333,0.0744540765,0.05555908595,0.09246641415,0.0231266349108333,0.0231266349108333,FALSE,1.00021502597515,9608.7477533318,7996.42005554918
122,"mu_delta","delta",0.937,0.988413181989167,0.98914403,0.808010706,1.162440765,0.0514131819891667,0.0514131819891667,TRUE,1.00019362908968,3716.58179637734,6342.86586449603
122,"mu_eta","eta",-0.477,-0.489533884025833,-0.489645645,-0.5796105915,-0.3999313365,-0.0125338840258333,0.0125338840258333,TRUE,0.999881616651622,4884.40873528485,6633.20469603783
123,"mu_alpha","alpha",3.697,3.86451690933333,3.85829425,3.569591165,4.180976015,0.167516909333333,0.167516909333333,TRUE,1.00067342944718,6699.39220189252,7492.37585413791
123,"mu_beta","beta",0.352,0.396839122659167,0.39640909,0.2862507185,0.510867151,0.0448391226591667,0.0448391226591667,TRUE,1.00228165926474,2698.94149283401,4757.27558676228
123,"mu_lambda","lambda",0.0512,0.059178797511,0.059175162,0.04677565715,0.0714414308,0.007978797511,0.007978797511,TRUE,0.999873734882785,10953.1104545397,7850.33356575776
123,"mu_delta","delta",0.937,0.924016301660833,0.91926352,0.7454716225,1.120535745,-0.0129836983391667,0.0129836983391667,TRUE,1.00034246733212,3179.52589379534,4861.53441449492
123,"mu_eta","eta",-0.477,-0.423495283495833,-0.423630465,-0.510169175,-0.3387776445,0.0535047165041667,0.0535047165041667,TRUE,1.0010953927504,2970.23501377849,4999.29795095963
124,"mu_alpha","alpha",1.628,1.71050981626667,1.70597015,1.431320865,2.010274195,0.0825098162666669,0.0825098162666669,TRUE,1.00084066107296,3528.82976981599,5768.94611287968
124,"mu_beta","beta",0.518,0.566188670381667,0.56505384,0.469224607,0.668733287,0.0481886703816666,0.0481886703816666,TRUE,1.00132579169664,2891.04428220084,5196.75139544655
124,"mu_lambda","lambda",0.0512,0.0310106383367558,0.030565216,0.0120142212,0.05141743385,-0.0201893616632442,0.0201893616632442,TRUE,1.00055786160671,7793.1066030312,6480.80513910948
124,"mu_delta","delta",0.937,1.00609206943,1.00110045,0.8415136845,1.18564516,0.0690920694299999,0.0690920694299999,TRUE,1.00088180241289,3667.19082540089,5232.3287980292
124,"mu_eta","eta",-0.477,-0.3552518045275,-0.35652625,-0.452885959,-0.2560236835,0.1217481954725,0.1217481954725,FALSE,1.00152946736653,3229.46779335749,5620.5067233533
125,"mu_alpha","alpha",2.602,2.52762875661667,2.5241725,2.276022135,2.79140762,-0.0743712433833332,0.0743712433833332,TRUE,1.00065296583899,5381.25513852852,6712.86294495116
125,"mu_beta","beta",0.518,0.589387892099167,0.588836245,0.4960701355,0.6852985545,0.0713878920991666,0.0713878920991666,TRUE,1.00081404063549,3698.86463088056,6703.11572952812
125,"mu_lambda","lambda",0.0512,0.0444103487557583,0.044587412,0.02911399595,0.05905949595,-0.00678965124424167,0.00678965124424167,TRUE,1.00005273385321,7905.91142648888,6442.30846083815
125,"mu_delta","delta",0.937,0.897323323865,0.89194253,0.751071931,1.05835433,-0.039676676135,0.039676676135,TRUE,1.0004609362405,2689.419918786,3709.40456359358
125,"mu_eta","eta",-0.477,-0.504225721189167,-0.50463056,-0.595219315,-0.4117791585,-0.0272257211891667,0.0272257211891667,TRUE,1.00135446607047,2592.290200242,4718.26705658866
126,"mu_alpha","alpha",3.697,3.77446423154167,3.7680791,3.306331785,4.259437885,0.0774642315416667,0.0774642315416667,TRUE,1.00043180889309,4382.98409019848,6481.26183957772
126,"mu_beta","beta",0.518,0.627662897325,0.62685129,0.5184446735,0.739893174,0.109662897325,0.109662897325,FALSE,1.00071810871599,3572.26679335502,5530.30153364617
126,"mu_lambda","lambda",0.0512,0.05475853746875,0.0542768375,0.0350287224,0.0758197949,0.00355853746875,0.00355853746875,TRUE,1.00050386307971,4600.58916380586,6597.28044985405
126,"mu_delta","delta",0.937,1.098888537635,1.089076,0.9220982675,1.310331435,0.161888537635,0.161888537635,TRUE,1.03575249209669,117.47938365968,451.149753377667
126,"mu_eta","eta",-0.477,-0.426999905765833,-0.427619605,-0.532118548,-0.3195812955,0.0500000942341666,0.0500000942341666,TRUE,1.04078261849987,87.4802573912874,1141.32518634973
127,"mu_alpha","alpha",1.628,1.781252495775,1.77740455,1.546991895,2.02470549,0.153252495775,0.153252495775,TRUE,1.00070731069372,5795.4076404747,7478.43994299693
127,"mu_beta","beta",0.185,0.151643973514129,0.15119641,0.08871503375,0.215639478,-0.0333560264858708,0.0333560264858708,TRUE,0.999991381427764,6313.52071382409,8850.20874557259
127,"mu_lambda","lambda",0.0808,0.0794126692605,0.0792208625,0.04931170905,0.1091413285,-0.0013873307395,0.0013873307395,TRUE,0.99996375874104,9030.29283204856,7796.71664850356
127,"mu_delta","delta",0.937,0.9820096903625,0.98253535,0.842854696,1.11826814,0.0450096903624999,0.0450096903624999,TRUE,1.00077338256969,3824.04476218403,5494.63634103713
127,"mu_eta","eta",-0.477,-0.582887522929167,-0.582601535,-0.712672795,-0.452243699,-0.105887522929167,0.105887522929167,TRUE,1.00049361127457,5509.62931899947,8241.79481942445
128,"mu_alpha","alpha",2.602,2.56064240978333,2.5559153,2.29665358,2.840733275,-0.0413575902166667,0.0413575902166667,TRUE,1.00054788700133,6148.92393678684,7765.25295632788
128,"mu_beta","beta",0.185,0.181649025004208,0.180776495,0.1115427535,0.253575645,-0.00335097499579168,0.00335097499579168,TRUE,1.00021495418751,5527.82925332513,7059.02619687546
128,"mu_lambda","lambda",0.0808,0.07171608166325,0.071748542,0.05109831165,0.09206037105,-0.00908391833675,0.00908391833675,TRUE,1.00039322142966,8531.43543918323,6763.79049519923
128,"mu_delta","delta",0.937,0.866370832564167,0.86981124,0.731569063,0.9886197715,-0.0706291674358334,0.0706291674358334,TRUE,1.00012466840599,5296.66047718444,5643.00143242468
128,"mu_eta","eta",-0.477,-0.505015796181667,-0.504953875,-0.580504497,-0.4292624785,-0.0280157961816667,0.0280157961816667,TRUE,1.0000995852154,8275.31239144929,8823.05733949775
129,"mu_alpha","alpha",3.697,3.48594863596667,3.4813764,3.21812945,3.77248285,-0.211051364033334,0.211051364033334,TRUE,0.999965836762227,8769.37717580375,8959.81507992181
129,"mu_beta","beta",0.185,0.220144871233367,0.21957752,0.1295739745,0.313094637,0.0351448712333667,0.0351448712333667,TRUE,1.00106054081741,4030.69445182369,6626.47707653704
129,"mu_lambda","lambda",0.0808,0.0861144218289167,0.0858610325,0.0674918817,0.105958451,0.00531442182891667,0.00531442182891667,TRUE,0.999953394789048,8354.30125504102,9052.89429106158
129,"mu_delta","delta",0.937,0.959573593824167,0.95477493,0.842732979,1.095058275,0.0225735938241666,0.0225735938241666,TRUE,1.00089799945071,3323.16358553507,5948.96836567685
129,"mu_eta","eta",-0.477,-0.437191928600833,-0.437082345,-0.527028954,-0.346721321,0.0398080713991666,0.0398080713991666,TRUE,1.0002664080609,4456.88622495293,6470.43037148154
130,"mu_alpha","alpha",1.628,1.58817402954833,1.58173,1.277084745,1.913358885,-0.0398259704516666,0.0398259704516666,TRUE,1.00037100165245,2924.86086708341,5145.04181564077
130,"mu_beta","beta",0.352,0.33125144335675,0.33089656,0.244132149,0.420356458,-0.02074855664325,0.02074855664325,TRUE,1.00083504882727,3156.39240244576,5407.08764987149
130,"mu_lambda","lambda",0.0808,0.10691374230925,0.10649244,0.08169757345,0.1335840295,0.02611374230925,0.02611374230925,FALSE,1.00077132373104,7419.34441065503,8192.42794302556
130,"mu_delta","delta",0.937,0.9122151762875,0.91259756,0.7425455165,1.07951501,-0.0247848237125,0.0247848237125,TRUE,1.00140348078951,3428.75283149751,4926.70924388373
130,"mu_eta","eta",-0.477,-0.394794418282,-0.39496574,-0.5094526725,-0.2807393855,0.082205581718,0.082205581718,TRUE,1.00094707179515,4586.25716826742,5727.6002372568
131,"mu_alpha","alpha",2.602,2.84372637054167,2.83701015,2.57596092,3.132413955,0.241726370541667,0.241726370541667,TRUE,1.00041176196984,5425.7224199954,7516.40595086556
131,"mu_beta","beta",0.352,0.335714352678333,0.33578735,0.2532841495,0.419700628,-0.0162856473216667,0.0162856473216667,TRUE,1.00062965926536,4038.86603811111,6239.31783936203
131,"mu_lambda","lambda",0.0808,0.0757526605245833,0.075768494,0.062086637,0.0893330402,-0.00504733947541666,0.00504733947541666,TRUE,0.999961807212338,14170.8251231317,8336.78964629945
131,"mu_delta","delta",0.937,0.813372916415,0.817637485,0.6429742235,0.96868644,-0.123627083585,0.123627083585,TRUE,1.0001981596219,3873.76830392463,6017.61180898461
131,"mu_eta","eta",-0.477,-0.380953800066667,-0.381507545,-0.4652297635,-0.297306589,0.0960461999333333,0.0960461999333333,FALSE,1.00058300062121,3619.84521728459,6338.52187407186
132,"mu_alpha","alpha",3.697,3.85293893269167,3.8472392,3.452799685,4.276909145,0.155938932691666,0.155938932691666,TRUE,1.00026900227048,4721.9446348496,7075.38332853936
132,"mu_beta","beta",0.352,0.31923911469,0.31932278,0.2528934925,0.3862448675,-0.03276088531,0.03276088531,TRUE,1.00036708996948,6423.59456971684,7482.20950698102
132,"mu_lambda","lambda",0.0808,0.0921010180989167,0.091890292,0.07155396185,0.113402332,0.0113010180989167,0.0113010180989167,TRUE,1.00050981022282,5299.51648195616,7074.7891655076
132,"mu_delta","delta",0.937,1.01568345486083,1.0068009,0.819151815,1.234404225,0.0786834548608333,0.0786834548608333,TRUE,1.003057785127,2607.92050654056,2689.8363645413
132,"mu_eta","eta",-0.477,-0.525479997608333,-0.52475874,-0.621635429,-0.43154189,-0.0484799976083333,0.0484799976083333,TRUE,1.0016055844409,2992.02851121507,5453.53752644001
133,"mu_alpha","alpha",1.628,1.65838327259167,1.65620495,1.42028269,1.907228265,0.0303832725916668,0.0303832725916668,TRUE,1.00040600902516,5707.42134239268,7154.00209915
133,"mu_beta","beta",0.518,0.543635227045,0.54293594,0.4634895135,0.625352831,0.025635227045,0.025635227045,TRUE,1.00043688614736,5536.71483102019,7298.90784617951
133,"mu_lambda","lambda",0.0808,0.07639048342025,0.0763245665,0.0543930046,0.0989179098,-0.00440951657975,0.00440951657975,TRUE,1.00029446634032,8748.26300852925,8253.99241305443
133,"mu_delta","delta",0.937,0.838666065916667,0.84171224,0.601018575,1.064863245,-0.0983339340833334,0.0983339340833334,TRUE,1.0012199564123,4554.96918055052,6444.08770420516
133,"mu_eta","eta",-0.477,-0.374872016692333,-0.37507164,-0.476981715,-0.2735544195,0.102127983307667,0.102127983307667,FALSE,1.0018365412736,2755.2496409722,6679.45237410162
134,"mu_alpha","alpha",2.602,2.54097591160833,2.5377681,2.3106795,2.783445425,-0.0610240883916666,0.0610240883916666,TRUE,1.00105632620263,6620.00521313103,8158.54598549206
134,"mu_beta","beta",0.518,0.485785548913333,0.4848388,0.396326858,0.5784691025,-0.0322144510866667,0.0322144510866667,TRUE,1.00091205436008,3614.66947794191,5884.49344130206
134,"mu_lambda","lambda",0.0808,0.0707129567993333,0.0707840945,0.05465176615,0.08613257465,-0.0100870432006667,0.0100870432006667,TRUE,1.00028835221299,8613.19683988467,7196.57240075645
134,"mu_delta","delta",0.937,0.940648100685,0.93896654,0.7602738425,1.128748035,0.00364810068499999,0.00364810068499999,TRUE,1.00079172873522,3972.26314787967,5505.72090115395
134,"mu_eta","eta",-0.477,-0.431156773165,-0.431859755,-0.5183115605,-0.343316777,0.045843226835,0.045843226835,TRUE,1.00086733624611,3242.32900029325,5502.38446569235
135,"mu_alpha","alpha",3.697,3.78568380398333,3.7786981,3.48023922,4.11763703,0.0886838039833333,0.0886838039833333,TRUE,1.00053016406955,10876.6888317994,8700.67760082839
135,"mu_beta","beta",0.518,0.66570789458,0.66471501,0.5791063015,0.754910196,0.14770789458,0.14770789458,FALSE,1.00023345618406,8784.68924599132,9143.44383999055
135,"mu_lambda","lambda",0.0808,0.0986354741364167,0.0984907135,0.08222126095,0.1155753705,0.0178354741364167,0.0178354741364167,FALSE,1.00023457814437,9452.57095773537,9453.64640313638
135,"mu_delta","delta",0.937,0.980377924244167,0.97927313,0.8281866455,1.13159995,0.0433779242441666,0.0433779242441666,TRUE,1.0005205126465,4851.79416316012,6853.35963816742
135,"mu_eta","eta",-0.477,-0.376181859804167,-0.376253245,-0.439735962,-0.3118869085,0.100818140195833,0.100818140195833,FALSE,1.00016772915726,6486.7458028268,8195.9687272506
136,"mu_alpha","alpha",1.628,1.71460575138333,1.71263125,1.44144112,1.998517055,0.0866057513833334,0.0866057513833334,TRUE,1.00066426971941,3419.1221293149,6082.28699790354
136,"mu_beta","beta",0.185,0.180025408465683,0.17970554,0.08865152085,0.2701901665,-0.00497459153431667,0.00497459153431667,TRUE,1.00089914269768,2614.73283647632,4781.85669052899
136,"mu_lambda","lambda",0.0239,0.018426398677119,0.017913167,0.003967250185,0.0345124537,-0.005473601322881,0.005473601322881,TRUE,1.00007778448105,11874.8459376185,6141.40794928301
136,"mu_delta","delta",1.171,1.06179447564583,1.05872945,0.9527062035,1.181926275,-0.109205524354167,0.109205524354167,TRUE,1.00019211044937,5716.36811032579,6740.00297781335
136,"mu_eta","eta",-0.477,-0.4559735819825,-0.455873835,-0.5697690865,-0.3436514145,0.0210264180175,0.0210264180175,TRUE,1.00064341125095,3978.52864714007,6698.43298018768
137,"mu_alpha","alpha",2.602,2.82376721028333,2.81914805,2.570886135,3.094065255,0.221767210283334,0.221767210283334,TRUE,1.00018211301965,6148.40137255676,7605.57476149321
137,"mu_beta","beta",0.185,0.256884831058833,0.25624882,0.17197253,0.343853063,0.0718848310588333,0.0718848310588333,TRUE,1.00024551618242,3505.1993357592,6073.52635240699
137,"mu_lambda","lambda",0.0239,0.0446148002539667,0.044744284,0.03068425775,0.05803066435,0.0207148002539667,0.0207148002539667,FALSE,1.00036452148637,12362.2513964468,8006.28218468521
137,"mu_delta","delta",1.171,1.13695029257833,1.13116705,0.968121886,1.32807184,-0.0340497074216668,0.0340497074216668,TRUE,1.00058265787797,2718.58013954407,4992.12433728333
137,"mu_eta","eta",-0.477,-0.503402383785833,-0.503798555,-0.6075790425,-0.3994219415,-0.0264023837858334,0.0264023837858334,TRUE,1.00185888807504,2942.82784643856,5268.20962581129
138,"mu_alpha","alpha",3.697,3.57778815346667,3.5711084,3.295923305,3.87443722,-0.119211846533334,0.119211846533334,TRUE,1.00004793324589,7118.55900855233,7446.09573185462
138,"mu_beta","beta",0.185,0.206179690150858,0.20569649,0.127704931,0.2878958505,0.0211796901508583,0.0211796901508583,TRUE,1.00073120103259,4265.68181594878,6589.02453401754
138,"mu_lambda","lambda",0.0239,0.0287494517495083,0.0288282925,0.0165291645,0.0406119739,0.00484945174950833,0.00484945174950833,TRUE,1.00015240458894,10380.6898193037,6355.00126892142
138,"mu_delta","delta",1.171,1.2455888070425,1.24161755,1.080411255,1.42674251,0.0745888070425,0.0745888070425,TRUE,1.00121075084624,2729.09673675545,5791.97963628363
138,"mu_eta","eta",-0.477,-0.493314153955833,-0.49380588,-0.5811712195,-0.4035810885,-0.0163141539558334,0.0163141539558334,TRUE,1.0022490400184,3251.00943133793,5519.86313434009
139,"mu_alpha","alpha",1.628,1.7374503595,1.73449925,1.524889935,1.958786715,0.1094503595,0.1094503595,TRUE,1.00023539061834,5390.54632776952,7949.52772515982
139,"mu_beta","beta",0.352,0.336434814137083,0.336472165,0.246421976,0.4258342795,-0.0155651858629167,0.0155651858629167,TRUE,1.0014041174369,3002.37165669368,4953.46085580819
139,"mu_lambda","lambda",0.0239,0.0380808301295417,0.0382658455,0.0221147528,0.05326148185,0.0141808301295417,0.0141808301295417,TRUE,1.00011918486928,13074.8885812665,6423.26994980047
139,"mu_delta","delta",1.171,1.1664938430475,1.15886595,1.050139775,1.310832285,-0.00450615695250001,0.00450615695250001,TRUE,1.00041799315401,3316.21829758943,4363.95645741607
139,"mu_eta","eta",-0.477,-0.443060053155833,-0.443203125,-0.579541732,-0.306307952,0.0339399468441666,0.0339399468441666,TRUE,1.00266942732068,3135.72562519,5735.77574514835
140,"mu_alpha","alpha",2.602,2.46552953521667,2.45952925,2.20888268,2.739445325,-0.136470464783333,0.136470464783333,TRUE,1.00075564145074,7647.16620481096,8960.22572930261
140,"mu_beta","beta",0.352,0.3766065877575,0.375534375,0.301894092,0.454846898,0.0246065877575,0.0246065877575,TRUE,1.00024405118437,6512.09507437408,7995.89354620286
140,"mu_lambda","lambda",0.0239,0.0189616561210825,0.018733658,0.006415862045,0.0321538015,-0.0049383438789175,0.0049383438789175,TRUE,1.00011177604002,11978.2592922445,6864.65264708601
140,"mu_delta","delta",1.171,1.09182232614917,1.09247745,0.9850135235,1.1959236,-0.0791776738508334,0.0791776738508334,TRUE,1.00061069269837,4985.86545600874,5269.75604992815
140,"mu_eta","eta",-0.477,-0.460738809053333,-0.46051463,-0.5447023015,-0.377601678,0.0162611909466667,0.0162611909466667,TRUE,1.00003340959239,5579.14460576024,7613.00438251488
141,"mu_alpha","alpha",3.697,3.53820839448333,3.53362935,3.27710256,3.817278535,-0.158791605516667,0.158791605516667,TRUE,1.00023530348483,8317.43843472995,8139.58654838217
141,"mu_beta","beta",0.352,0.352497049751667,0.35187219,0.2725440325,0.4340859745,0.000497049751666701,0.000497049751666701,TRUE,1.0008415823429,4835.19626921086,6800.24347644674
141,"mu_lambda","lambda",0.0239,0.0246007997158167,0.0245018765,0.0108718616,0.03862677895,0.000700799715816665,0.000700799715816665,TRUE,1.00037559285209,9148.40960458186,6752.83384567244
141,"mu_delta","delta",1.171,1.14741539963167,1.1476072,1.05436503,1.240740985,-0.0235846003683333,0.0235846003683333,TRUE,1.00052582028474,3912.20872096552,5494.78035170491
141,"mu_eta","eta",-0.477,-0.496740439756667,-0.49605363,-0.5792118655,-0.416701035,-0.0197404397566667,0.0197404397566667,TRUE,1.00045392242531,3806.08098972796,6066.67252527714
142,"mu_alpha","alpha",1.628,1.64370598515,1.6380423,1.397555495,1.9083914,0.0157059851500001,0.0157059851500001,TRUE,1.00075228920036,3631.3289527248,6498.89135087982
142,"mu_beta","beta",0.518,0.512693911314167,0.51208626,0.407302885,0.6205982055,-0.00530608868583338,0.00530608868583338,TRUE,1.00060311116683,2272.7236301274,3880.52198915007
142,"mu_lambda","lambda",0.0239,0.0220212384111217,0.0220930165,0.008141384105,0.03588632975,-0.00187876158887833,0.00187876158887833,TRUE,1.00097406234026,9829.23415371628,5016.74653631748
142,"mu_delta","delta",1.171,1.1309835364725,1.12722095,1.01112838,1.267428115,-0.0400164635275,0.0400164635275,TRUE,1.00054811027567,4269.48791890477,5215.91029129665
142,"mu_eta","eta",-0.477,-0.514949208049167,-0.514961855,-0.604543293,-0.425449386,-0.0379492080491667,0.0379492080491667,TRUE,1.00045814203475,3937.02598214376,6001.54874966372
143,"mu_alpha","alpha",2.602,2.43806071135833,2.43171635,2.11481172,2.776368805,-0.163939288641667,0.163939288641667,TRUE,1.0010555370745,2787.62920426725,4616.25020703204
143,"mu_beta","beta",0.518,0.493621999300833,0.49263557,0.393354934,0.596122774,-0.0243780006991667,0.0243780006991667,TRUE,1.00134304651737,2525.53684328621,4380.53829861325
143,"mu_lambda","lambda",0.0239,0.0297829167335583,0.0301284845,0.01488863325,0.04345742725,0.00588291673355833,0.00588291673355833,TRUE,1.0001142397619,7139.96035728731,5469.43114957511
143,"mu_delta","delta",1.171,1.25702334392167,1.257419,1.094232145,1.42305949,0.0860233439216667,0.0860233439216667,TRUE,1.0005448721426,3807.98039972543,5465.51410185935
143,"mu_eta","eta",-0.477,-0.457782160664167,-0.45762829,-0.544929955,-0.3704030805,0.0192178393358333,0.0192178393358333,TRUE,1.00011289856922,2782.74964180644,4764.91820586282
144,"mu_alpha","alpha",3.697,3.62808735573333,3.6198561,3.20238619,4.085934525,-0.0689126442666668,0.0689126442666668,TRUE,1.00030940485007,4845.85487625825,6987.08777274524
144,"mu_beta","beta",0.518,0.586768891796667,0.58620818,0.502037868,0.6748756645,0.0687688917966667,0.0687688917966667,TRUE,1.00064709561188,5639.58953640527,7389.06766578862
144,"mu_lambda","lambda",0.0239,0.0465885766299167,0.046888285,0.03286364805,0.05897046015,0.0226885766299167,0.0226885766299167,FALSE,1.00059393026244,9146.32170230999,6673.23962662505
144,"mu_delta","delta",1.171,1.16599703496667,1.16187615,1.06061593,1.286655995,-0.00500296503333342,0.00500296503333342,TRUE,1.00109264892459,4912.34780670249,5668.86072244894
144,"mu_eta","eta",-0.477,-0.4750428486425,-0.47496355,-0.555606584,-0.394806844,0.00195715135749996,0.00195715135749996,TRUE,1.00064248460546,3361.72169260688,5692.46958650286
145,"mu_alpha","alpha",1.628,1.660459421,1.6546256,1.420096815,1.91415467,0.0324594210000002,0.0324594210000002,TRUE,1.00090661577928,6019.67840302841,7731.89782992141
145,"mu_beta","beta",0.185,0.243615835450917,0.243765045,0.165308722,0.322526212,0.0586158354509167,0.0586158354509167,TRUE,1.0005103230697,5268.01916830897,6865.10282271812
145,"mu_lambda","lambda",0.0512,0.0577993905363417,0.057746348,0.0365147608,0.07922633975,0.00659939053634166,0.00659939053634166,TRUE,1.00028528842795,13276.5468515909,7215.50587400387
145,"mu_delta","delta",1.171,1.231840116895,1.2309223,1.115599585,1.351990945,0.0608401168949999,0.0608401168949999,TRUE,1.0007509457778,3439.19293361925,5649.67581684578
145,"mu_eta","eta",-0.477,-0.552502003895833,-0.552436005,-0.656483362,-0.448908918,-0.0755020038958334,0.0755020038958334,TRUE,1.00037772206689,4988.50676026577,7485.54535934086
146,"mu_alpha","alpha",2.602,2.66512560653333,2.6610696,2.31938738,3.024036755,0.0631256065333337,0.0631256065333337,TRUE,1.00041918007112,3372.70809357761,6567.05760562568
146,"mu_beta","beta",0.185,0.198383931932075,0.19805568,0.1068334925,0.293151364,0.013383931932075,0.013383931932075,TRUE,1.00098821216741,2557.78423980543,5034.46117550061
146,"mu_lambda","lambda",0.0512,0.0611088030732583,0.06102207,0.03810591255,0.0847957397,0.00990880307325833,0.00990880307325833,TRUE,0.999973703330334,6461.08368075246,6511.21368308222
146,"mu_delta","delta",1.171,1.10939263581667,1.1089008,0.958322164,1.26261072,-0.0616073641833335,0.0616073641833335,TRUE,1.00049496763489,3204.64207657476,5396.38810493448
146,"mu_eta","eta",-0.477,-0.5562510543825,-0.556250355,-0.661104195,-0.4521398895,-0.0792510543825,0.0792510543825,TRUE,1.0015623826189,3106.25053675262,5297.89488735648
147,"mu_alpha","alpha",3.697,3.702394691775,3.69606705,3.384138715,4.04085686,0.00539469177499985,0.00539469177499985,TRUE,1.00021348474339,8046.71705092031,8944.05278700718
147,"mu_beta","beta",0.185,0.224488079766417,0.22428096,0.1511975925,0.2988717185,0.0394880797664167,0.0394880797664167,TRUE,0.999884518944363,6757.75125640881,8136.20073563298
147,"mu_lambda","lambda",0.0512,0.0463519410654417,0.0458521725,0.02562008445,0.0688859495,-0.00484805893455834,0.00484805893455834,TRUE,1.00051995640953,7331.00287683992,8041.36465085139
147,"mu_delta","delta",1.171,1.09250375395333,1.0913151,0.975632553,1.21446745,-0.0784962460466667,0.0784962460466667,TRUE,1.0003164096169,5111.5031919598,7900.54643783236
147,"mu_eta","eta",-0.477,-0.50003269207,-0.499597535,-0.5778707125,-0.4230761975,-0.02303269207,0.02303269207,TRUE,1.00009586745716,5110.62118049236,7781.4127017484
148,"mu_alpha","alpha",1.628,1.37243822129833,1.3698292,1.143239125,1.612130895,-0.255561778701667,0.255561778701667,FALSE,1.0007893549396,3901.5040560832,5810.17797466334
148,"mu_beta","beta",0.352,0.299030655578333,0.298603955,0.224612651,0.3735516645,-0.0529693444216666,0.0529693444216666,TRUE,1.00120622102776,3250.21129279286,5597.95020783089
148,"mu_lambda","lambda",0.0512,0.045736970192325,0.0452316305,0.01960921755,0.07367117205,-0.005463029807675,0.005463029807675,TRUE,1.00186464616171,7032.00495560671,6994.64472014927
148,"mu_delta","delta",1.171,1.16577881890417,1.1532297,1.01003932,1.36489654,-0.00522118109583336,0.00522118109583336,TRUE,1.06305476810913,42.1476059999465,79.2400870498864
148,"mu_eta","eta",-0.477,-0.501849417846667,-0.502551265,-0.6160172185,-0.3830483785,-0.0248494178466667,0.0248494178466667,TRUE,1.04122336388222,76.1041920469321,3162.89763397508
149,"mu_alpha","alpha",2.602,2.44739034111667,2.4414899,2.137144835,2.77097321,-0.154609658883333,0.154609658883333,TRUE,1.00090754402164,3614.49195154294,5691.34091922054
149,"mu_beta","beta",0.352,0.315626925039167,0.314887475,0.2323533075,0.400631534,-0.0363730749608333,0.0363730749608333,TRUE,1.00168442515607,3089.83880912857,5865.9992794289
149,"mu_lambda","lambda",0.0512,0.0447178424412417,0.044725215,0.0268646602,0.06242445155,-0.00648215755875833,0.00648215755875833,TRUE,1.000043237797,8232.64070928274,7411.36262020263
149,"mu_delta","delta",1.171,1.25190161170833,1.24726635,1.096675235,1.425574955,0.0809016117083332,0.0809016117083332,TRUE,1.00010262549902,3725.63292031709,5564.19065548608
149,"mu_eta","eta",-0.477,-0.470265845888333,-0.469997765,-0.5696566505,-0.371924821,0.00673415411166667,0.00673415411166667,TRUE,1.00053478563155,3129.13767962708,4687.97735306104
150,"mu_alpha","alpha",3.697,3.944282230475,3.9361677,3.56120705,4.360606935,0.247282230475,0.247282230475,TRUE,1.0002995173652,5025.71985364936,6304.0456711309
150,"mu_beta","beta",0.352,0.30662760235,0.305887445,0.2380335975,0.377470823,-0.04537239765,0.04537239765,TRUE,1.00081430409418,5943.65453122547,7145.75378928305
150,"mu_lambda","lambda",0.0512,0.0552677301736667,0.0553233535,0.0395092333,0.0707289375,0.00406773017366666,0.00406773017366666,TRUE,1.00065330142469,6661.52324624227,7000.18933003726
150,"mu_delta","delta",1.171,1.27654226625833,1.2693266,1.10725491,1.468863655,0.105542266258333,0.105542266258333,TRUE,1.00389211254512,1780.15024614491,3780.52855970909
150,"mu_eta","eta",-0.477,-0.4856976843075,-0.48471724,-0.5890075045,-0.387266706,-0.00869768430750001,0.00869768430750001,TRUE,1.00140329232763,2305.99901746033,4272.62497804911
151,"mu_alpha","alpha",1.628,1.57107250696667,1.5668457,1.33369245,1.82275689,-0.0569274930333332,0.0569274930333332,TRUE,1.00090676980632,7206.61743589924,8248.8225129061
151,"mu_beta","beta",0.518,0.452325581114167,0.45175044,0.3709650415,0.5365965475,-0.0656744188858334,0.0656744188858334,TRUE,1.0003489148383,6512.49226677077,7911.67835735852
151,"mu_lambda","lambda",0.0512,0.0613245075202917,0.0611081565,0.03823314435,0.0849296222,0.0101245075202917,0.0101245075202917,TRUE,1.00020300129191,11106.1693790001,9169.31073823012
151,"mu_delta","delta",1.171,1.21420225099333,1.21288715,1.122781235,1.30724793,0.0432022509933332,0.0432022509933332,TRUE,1.00083796661038,7718.87344041747,8086.18881789327
151,"mu_eta","eta",-0.477,-0.490855865015833,-0.49104152,-0.5616741335,-0.416927503,-0.0138558650158334,0.0138558650158334,TRUE,1.00000146758375,8133.9022339275,8466.73207066992
152,"mu_alpha","alpha",2.602,2.56287215666667,2.55767275,2.309124115,2.83144887,-0.0391278433333331,0.0391278433333331,TRUE,1.00055789862467,5074.38670251037,6531.16952855185
152,"mu_beta","beta",0.518,0.481124247055,0.48021758,0.404195993,0.5616847105,-0.036875752945,0.036875752945,TRUE,1.00072910449698,4359.00195952105,6434.07830211627
152,"mu_lambda","lambda",0.0512,0.0556023700181667,0.055677228,0.03755093355,0.07345443355,0.00440237001816667,0.00440237001816667,TRUE,1.00019072929582,6230.77688148337,6134.14554248406
152,"mu_delta","delta",1.171,1.16255689491417,1.1592556,0.9860687995,1.35184136,-0.00844310508583335,0.00844310508583335,TRUE,1.00109182119178,3492.94531597539,4947.41690301301
152,"mu_eta","eta",-0.477,-0.377689331445,-0.37657398,-0.465193533,-0.2934033595,0.099310668555,0.099310668555,FALSE,1.00218894026457,2919.50000561151,4581.45534344145
153,"mu_alpha","alpha",3.697,3.54718263515,3.53998255,3.23183948,3.881621965,-0.14981736485,0.14981736485,TRUE,1.00076451699058,7843.51899575681,8504.92084915972
153,"mu_beta","beta",0.518,0.517089523298333,0.51639362,0.419712536,0.616683036,-0.000910476701666663,0.000910476701666663,TRUE,1.00310549676212,4646.68570485031,6709.63855550286
153,"mu_lambda","lambda",0.0512,0.0397543293037417,0.039525829,0.0227796733,0.05766162805,-0.0114456706962583,0.0114456706962583,TRUE,1.00150439529058,6769.18839504263,6356.84897488781
153,"mu_delta","delta",1.171,1.30743978046917,1.30345085,1.1216268,1.50765292,0.136439780469167,0.136439780469167,TRUE,1.00506926185796,1412.26306583186,3574.89966293023
153,"mu_eta","eta",-0.477,-0.527320142953333,-0.527458375,-0.61530353,-0.438676746,-0.0503201429533333,0.0503201429533333,TRUE,1.00550882861526,1851.68446960886,4481.86515422575
154,"mu_alpha","alpha",1.628,1.58411465959417,1.5820904,1.320708065,1.863177255,-0.0438853404058333,0.0438853404058333,TRUE,1.00027995084038,4720.16352629354,7194.81284484196
154,"mu_beta","beta",0.185,0.223222190057167,0.222416325,0.1488322795,0.299069734,0.0382221900571667,0.0382221900571667,TRUE,1.00031436312261,4361.07349559204,6953.91171226075
154,"mu_lambda","lambda",0.0808,0.104824887595917,0.10465071,0.07233698325,0.1381481195,0.0240248875959167,0.0240248875959167,TRUE,1.00048100153576,8195.1587674952,7910.77491862165
154,"mu_delta","delta",1.171,1.20138957728917,1.19736695,1.06661751,1.34808295,0.0303895772891667,0.0303895772891667,TRUE,1.00092044733356,3725.63455524855,6220.84874188595
154,"mu_eta","eta",-0.477,-0.43098160001,-0.43229147,-0.549311003,-0.308196008,0.04601839999,0.04601839999,TRUE,1.00028880803972,4698.27487571414,7598.00784239361
155,"mu_alpha","alpha",2.602,2.53844550933333,2.53356615,2.24580571,2.8462549,-0.0635544906666667,0.0635544906666667,TRUE,0.999978755042729,5616.78198510604,8083.25793208661
155,"mu_beta","beta",0.185,0.198471083301075,0.197860815,0.09186442015,0.3068819985,0.013471083301075,0.013471083301075,TRUE,1.00138388659723,2856.53252668876,4626.5742544778
155,"mu_lambda","lambda",0.0808,0.0870240447653333,0.0866661025,0.05939672875,0.116100658,0.00622404476533334,0.00622404476533334,TRUE,1.00007904959903,5910.76889565655,7072.42905741178
155,"mu_delta","delta",1.171,1.23825266922167,1.2383673,1.123832065,1.35226089,0.0672526692216666,0.0672526692216666,TRUE,0.999920931587775,5893.36307053166,6224.53344025224
155,"mu_eta","eta",-0.477,-0.4913418781725,-0.490397095,-0.5783857395,-0.40770544,-0.0143418781725,0.0143418781725,TRUE,1.0009253915512,6524.00783915041,8335.66883360035
156,"mu_alpha","alpha",3.697,3.81074293336667,3.80331475,3.55428134,4.09605484,0.113742933366666,0.113742933366666,TRUE,1.00018386131873,10234.5241937757,7650.61552386624
156,"mu_beta","beta",0.185,0.2250612632295,0.224877365,0.1445139675,0.304907259,0.0400612632295,0.0400612632295,TRUE,1.00018137945059,6157.22200664597,8280.82164550557
156,"mu_lambda","lambda",0.0808,0.08080083155325,0.0807421185,0.06037901855,0.1011014635,8.31553250008055e-07,8.31553250008055e-07,TRUE,1.00064293599917,7211.6394580961,7229.3595275571
156,"mu_delta","delta",1.171,1.10009608465333,1.0971257,0.993987336,1.217701115,-0.0709039153466666,0.0709039153466666,TRUE,1.00062565826814,5829.41844975692,6991.10129090852
156,"mu_eta","eta",-0.477,-0.5817840139725,-0.580603905,-0.676451922,-0.4869408465,-0.1047840139725,0.1047840139725,FALSE,1.00044339608505,4884.66531609867,7266.80397169784
157,"mu_alpha","alpha",1.628,1.506908984555,1.4992909,1.21116493,1.824539895,-0.121091015445,0.121091015445,TRUE,1.00215423411129,2505.80302324354,4214.04366084075
157,"mu_beta","beta",0.352,0.490990351573333,0.49033643,0.418280983,0.5660674795,0.138990351573333,0.138990351573333,FALSE,1.00080402820559,4053.36096713617,6293.21733989619
157,"mu_lambda","lambda",0.0808,0.0887871722649167,0.088853623,0.0656963223,0.111254667,0.00798717226491667,0.00798717226491667,TRUE,1.00060035578168,6584.95365144867,7051.05526555215
157,"mu_delta","delta",1.171,1.1826470109475,1.1834519,0.930110766,1.432775555,0.0116470109475,0.0116470109475,TRUE,1.00073336753376,2395.80682860561,4044.28058609264
157,"mu_eta","eta",-0.477,-0.475816707805833,-0.476202055,-0.5548910185,-0.394076979,0.00118329219416663,0.00118329219416663,TRUE,1.00075262365785,4963.21524114315,6005.30036804847
158,"mu_alpha","alpha",2.602,2.680514605775,2.67662195,2.44005407,2.93182232,0.0785146057750001,0.0785146057750001,TRUE,1.00058679944098,6195.85521360308,7470.72695479697
158,"mu_beta","beta",0.352,0.355046387821667,0.353889,0.2611143305,0.4547004775,0.00304638782166666,0.00304638782166666,TRUE,1.00046880988074,3021.79915335456,4855.15763412965
158,"mu_lambda","lambda",0.0808,0.08588153877475,0.085677361,0.06194560965,0.1102169655,0.00508153877475,0.00508153877475,TRUE,1.00026102753088,5086.61131234379,7331.38884271461
158,"mu_delta","delta",1.171,1.1878761573925,1.1886422,1.0074821,1.37048968,0.0168761573925,0.0168761573925,TRUE,1.00066781572942,3825.8032093516,5621.68278824092
158,"mu_eta","eta",-0.477,-0.4676158048375,-0.467213035,-0.553895686,-0.383437174,0.0093841951625,0.0093841951625,TRUE,1.00043593159966,4051.22321718169,5486.37242604435
159,"mu_alpha","alpha",3.697,3.6937009112,3.69067435,3.310276515,4.09647404,-0.00329908879999996,0.00329908879999996,TRUE,1.00189620671984,3651.80630208972,5667.03759644686
159,"mu_beta","beta",0.352,0.347327960221667,0.34746739,0.2494708075,0.444361488,-0.0046720397783333,0.0046720397783333,TRUE,1.00167173674395,2734.0705541577,4382.81229027318
159,"mu_lambda","lambda",0.0808,0.1029191388515,0.10277782,0.08039586025,0.125860097,0.0221191388515,0.0221191388515,TRUE,1.00031047707189,3997.11136808208,6307.96453204298
159,"mu_delta","delta",1.171,1.276160738795,1.27325765,1.08830473,1.47585293,0.105160738795,0.105160738795,TRUE,1.00154806873332,2937.55198922596,5323.57474964963
159,"mu_eta","eta",-0.477,-0.473185967274167,-0.47290339,-0.574877193,-0.373194761,0.00381403272583331,0.00381403272583331,TRUE,1.00374467260048,2147.4727557101,4472.75778805272
160,"mu_alpha","alpha",1.628,1.662082616375,1.65815505,1.42561423,1.91122677,0.0340826163750001,0.0340826163750001,TRUE,1.00037336521276,4381.67417789104,6701.75294893439
160,"mu_beta","beta",0.518,0.61880606011,0.617261685,0.5177766565,0.7205603745,0.10080606011,0.10080606011,TRUE,1.00073145053031,3294.50944791197,5667.24799596973
160,"mu_lambda","lambda",0.0808,0.07553271321075,0.075411491,0.05378344035,0.0974956112,-0.00526728678924999,0.00526728678924999,TRUE,1.00026846372644,6333.878883115,6526.00356077538
160,"mu_delta","delta",1.171,1.1657911133975,1.1595962,0.9920225335,1.360629085,-0.00520888660249996,0.00520888660249996,TRUE,1.00102537666515,3075.96528702859,4394.3406881198
160,"mu_eta","eta",-0.477,-0.427359664148333,-0.426827505,-0.513289157,-0.3412061425,0.0496403358516667,0.0496403358516667,TRUE,1.00159965727425,3079.60460425115,5730.4613152356
161,"mu_alpha","alpha",2.602,2.59040754860833,2.58379045,2.241717655,2.963026465,-0.0115924513916665,0.0115924513916665,TRUE,1.00092551092971,4165.19969102511,6535.77705569899
161,"mu_beta","beta",0.518,0.524043105869167,0.5231274,0.433105683,0.617952084,0.00604310586916668,0.00604310586916668,TRUE,1.00034979100765,4402.83016374577,6273.33722958452
161,"mu_lambda","lambda",0.0808,0.0787837646660833,0.0785980935,0.05977574695,0.09780774445,-0.00201623533391666,0.00201623533391666,TRUE,1.00008274010201,7085.56517500943,7734.17922954492
161,"mu_delta","delta",1.171,1.2573116285925,1.25127235,1.11972542,1.41416644,0.0863116285924999,0.0863116285924999,TRUE,1.00047523149545,3618.75724601176,4827.34270653935
161,"mu_eta","eta",-0.477,-0.502707862078333,-0.5031839,-0.590387643,-0.4151520555,-0.0257078620783333,0.0257078620783333,TRUE,1.00034460632491,3323.57151565094,5708.28682478549
162,"mu_alpha","alpha",3.697,3.97789535425833,3.9731969,3.64470916,4.33221237,0.280895354258333,0.280895354258333,TRUE,0.999878194775885,8003.88163342579,8153.86140446514
162,"mu_beta","beta",0.518,0.581131723276667,0.58084973,0.45674255,0.7080567655,0.0631317232766666,0.0631317232766666,TRUE,1.0006902288905,3214.16921606569,5490.38827740309
162,"mu_lambda","lambda",0.0808,0.0918250496560833,0.091796533,0.07566296025,0.108361957,0.0110250496560833,0.0110250496560833,TRUE,1.00010484678688,7912.60395159337,8556.39288158178
162,"mu_delta","delta",1.171,1.03857631608667,1.0348856,0.9387384935,1.14997971,-0.132423683913333,0.132423683913333,FALSE,1.00044675843651,4958.86117217017,6123.47464216983
162,"mu_eta","eta",-0.477,-0.487359316085833,-0.487270955,-0.5690143955,-0.404911078,-0.0103593160858333,0.0103593160858333,TRUE,1.00010895423478,3725.8131974549,4967.00979984814
163,"mu_alpha","alpha",1.628,1.56270258855833,1.56057145,1.38331255,1.750084045,-0.0652974114416665,0.0652974114416665,TRUE,1.00048735227542,6922.52452187624,7959.7169231595
163,"mu_beta","beta",0.185,0.166478874343092,0.16606769,0.08632513975,0.2476632085,-0.0185211256569083,0.0185211256569083,TRUE,1.00053402127711,4327.40778064997,6328.26539317244
163,"mu_lambda","lambda",0.0239,0.0329429662550192,0.0328643305,0.01342203525,0.05233303715,0.00904296625501917,0.00904296625501917,TRUE,1.00072269605706,11507.8019726163,7093.70052405216
163,"mu_delta","delta",0.703,0.672357627675,0.67224508,0.5135299235,0.8292354155,-0.030642372325,0.030642372325,TRUE,1.00057366592634,5607.18497820162,6905.58219471668
163,"mu_eta","eta",-0.227,-0.200110754596575,-0.199128565,-0.29482313,-0.106504035,0.026889245403425,0.026889245403425,TRUE,1.00014554032619,7520.4801639725,8214.61212970358
164,"mu_alpha","alpha",2.602,2.86115467756667,2.8577789,2.56858682,3.167193685,0.259154677566667,0.259154677566667,TRUE,1.00036436507561,5577.98948308355,7810.62704199652
164,"mu_beta","beta",0.185,0.2112219078883,0.210697345,0.122206337,0.3009137125,0.0262219078883,0.0262219078883,TRUE,1.00076440972875,2796.96422599335,4759.22365741033
164,"mu_lambda","lambda",0.0239,0.0187898331784125,0.018340549,0.0050953027,0.0340689927,-0.0051101668215875,0.0051101668215875,TRUE,1.00008616405189,8743.27628358348,6277.0471840453
164,"mu_delta","delta",0.703,0.618447752271667,0.62681942,0.435653645,0.771766164,-0.0845522477283333,0.0845522477283333,TRUE,1.00124915609702,4633.24019293597,6381.20925715436
164,"mu_eta","eta",-0.227,-0.173396195842292,-0.17374072,-0.2513008105,-0.0939458626,0.0536038041577084,0.0536038041577084,TRUE,1.00054081692822,5058.26124983927,6829.60486212093
165,"mu_alpha","alpha",3.697,3.713656571775,3.7102867,3.378972855,4.05133563,0.016656571775,0.016656571775,TRUE,0.99992078864203,4837.17034334649,7314.49419097393
165,"mu_beta","beta",0.185,0.200603647120633,0.20013761,0.1125922615,0.2893337345,0.0156036471206333,0.0156036471206333,TRUE,1.00046424020108,2863.41754008484,4872.44056055017
165,"mu_lambda","lambda",0.0239,0.0234755390685233,0.0234755925,0.0105262487,0.03639559325,-0.000424460931476668,0.000424460931476668,TRUE,0.999969601846053,8094.40507981223,5308.95041960975
165,"mu_delta","delta",0.703,0.600308790681667,0.60289629,0.4798724575,0.714125467,-0.102691209318333,0.102691209318333,TRUE,1.00004827938695,6851.10106931227,7157.53948062167
165,"mu_eta","eta",-0.227,-0.182195153750133,-0.182446825,-0.2646944525,-0.100488363,0.0448048462498667,0.0448048462498667,TRUE,1.00087823602014,2867.12479896266,5115.93255551262
166,"mu_alpha","alpha",1.628,1.59284583200583,1.58485175,1.293793825,1.92232054,-0.0351541679941665,0.0351541679941665,TRUE,1.00212829269966,3528.42301114543,6230.31785077126
166,"mu_beta","beta",0.352,0.384933945106667,0.384733455,0.2919984235,0.480194086,0.0329339451066667,0.0329339451066667,TRUE,1.00131556687147,3769.59754435038,5922.64306928538
166,"mu_lambda","lambda",0.0239,0.025210623678114,0.0252841815,0.00954893977,0.04046705975,0.001310623678114,0.001310623678114,TRUE,0.999927028715546,11235.7141502084,5991.37381960929
166,"mu_delta","delta",0.703,0.7511615962,0.7545154,0.617788966,0.878196731,0.0481615962,0.0481615962,TRUE,1.00037929108355,6009.20249806192,7430.70441515813
166,"mu_eta","eta",-0.227,-0.260085075373192,-0.26013639,-0.3603578075,-0.161692795,-0.0330850753731916,0.0330850753731916,TRUE,1.00025101140267,5043.34351962482,7377.93497240949
167,"mu_alpha","alpha",2.602,2.93541476843333,2.9294915,2.63565432,3.249778155,0.333414768433333,0.333414768433333,FALSE,1.00029302279528,5103.32490824316,7552.7555669148
167,"mu_beta","beta",0.352,0.3895835471775,0.389827395,0.2998096035,0.4819039415,0.0375835471775,0.0375835471775,TRUE,1.00096321900543,4241.57769393685,6605.95401541822
167,"mu_lambda","lambda",0.0239,0.0196225074767833,0.019293229,0.005942747375,0.0346023765,-0.00427749252321667,0.00427749252321667,TRUE,1.00022141409917,8877.8584650721,6760.4249013979
167,"mu_delta","delta",0.703,0.703532938479167,0.70598158,0.6348677375,0.765083049,0.000532938479166689,0.000532938479166689,TRUE,1.00017484990055,9347.4728793807,7845.40847667192
167,"mu_eta","eta",-0.227,-0.190360529112176,-0.190589995,-0.284874052,-0.0957154031,0.0366394708878239,0.0366394708878239,TRUE,1.00116790697353,3469.16501511555,5830.86886200192
168,"mu_alpha","alpha",3.697,3.75812013123333,3.7510443,3.44905932,4.09051838,0.0611201312333334,0.0611201312333334,TRUE,1.0002231565033,7275.5300755059,7205.72300727149
168,"mu_beta","beta",0.352,0.369289894433333,0.368926295,0.276996795,0.4631076845,0.0172898944333333,0.0172898944333333,TRUE,1.00050592503078,3947.45477868936,6214.12757078161
168,"mu_lambda","lambda",0.0239,0.0218286070205017,0.021905734,0.009527463505,0.0336608883,-0.00207139297949833,0.00207139297949833,TRUE,1.00005465245737,9130.70893790568,6622.4137571799
168,"mu_delta","delta",0.703,0.639457842029167,0.638650805,0.498702406,0.780077371,-0.0635421579708333,0.0635421579708333,TRUE,1.00065886579323,3548.27864450421,5348.13628416705
168,"mu_eta","eta",-0.227,-0.248352512158917,-0.2479697,-0.351994284,-0.1455018525,-0.0213525121589166,0.0213525121589166,TRUE,1.00075935094895,2270.19018226345,4107.55791970488
169,"mu_alpha","alpha",1.628,1.68004717045,1.6767491,1.447198385,1.926531895,0.0520471704500001,0.0520471704500001,TRUE,0.999990330477561,4390.22765606557,6652.93246273171
169,"mu_beta","beta",0.518,0.506089358305833,0.505608815,0.4171121935,0.5967595885,-0.0119106416941667,0.0119106416941667,TRUE,1.0003328798078,3920.38044515474,5995.73963021791
169,"mu_lambda","lambda",0.0239,0.0271504256505692,0.0269788315,0.0105179662,0.04395245335,0.00325042565056917,0.00325042565056917,TRUE,1.00006352884281,9885.51778272058,5735.44171343104
169,"mu_delta","delta",0.703,0.709990656206667,0.713017595,0.5897867185,0.8171839255,0.00699065620666672,0.00699065620666672,TRUE,1.00033821927836,7879.32399735435,8081.62722473351
169,"mu_eta","eta",-0.227,-0.229480365239942,-0.22914626,-0.320633861,-0.139623134,-0.00248036523994166,0.00248036523994166,TRUE,1.00120015306761,3692.498720968,5752.6117880039
170,"mu_alpha","alpha",2.602,2.29604837415,2.2930747,1.975534085,2.62752336,-0.30595162585,0.30595162585,TRUE,0.999970272084663,4836.54114390761,7532.36140801103
170,"mu_beta","beta",0.518,0.548421514364167,0.547966785,0.4740078065,0.6252027615,0.0304215143641666,0.0304215143641666,TRUE,1.00056411272533,6976.32072946282,8338.8173495147
170,"mu_lambda","lambda",0.0239,0.0306569705500833,0.0308817475,0.01601714115,0.0444928719,0.00675697055008333,0.00675697055008333,TRUE,1.00055537259192,10461.1988265796,6214.01800436002
170,"mu_delta","delta",0.703,0.859874029283333,0.861396345,0.7190380365,0.9925719485,0.156874029283333,0.156874029283333,FALSE,1.00097666050103,5189.20318963066,7427.24478603102
170,"mu_eta","eta",-0.227,-0.227602045334083,-0.22790818,-0.309316379,-0.1441287615,-0.00060204533408334,0.00060204533408334,TRUE,1.00038115206822,4219.22582716262,6816.72651266862
171,"mu_alpha","alpha",3.697,3.80563017781667,3.79423315,3.448703965,4.19886979,0.108630177816667,0.108630177816667,TRUE,1.00005679530719,4387.67630875121,5936.53505522126
171,"mu_beta","beta",0.518,0.5277400954575,0.52620287,0.427545152,0.6300158335,0.00974009545749999,0.00974009545749999,TRUE,1.00026225285144,2893.69669280377,5602.97576668757
171,"mu_lambda","lambda",0.0239,0.0227069360063472,0.0228353555,0.0118668885,0.0328895272,-0.00119306399365275,0.00119306399365275,TRUE,1.00064801511954,7225.13300216259,4690.70441738155
171,"mu_delta","delta",0.703,0.747866661938333,0.74922536,0.5858027885,0.9033283505,0.0448666619383333,0.0448666619383333,TRUE,1.00028399691943,2791.34157469592,4174.07182391976
171,"mu_eta","eta",-0.227,-0.150826862333705,-0.15089938,-0.2347743655,-0.06733389235,0.076173137666295,0.076173137666295,TRUE,1.00210962139397,2273.19628853687,4152.86324374438
172,"mu_alpha","alpha",1.628,1.638538211525,1.63406195,1.37531816,1.920914735,0.0105382115250001,0.0105382115250001,TRUE,1.00037958269428,5929.55892310103,7245.12272611576
172,"mu_beta","beta",0.185,0.173793827206933,0.173369525,0.094507149,0.2560404175,-0.0112061727930667,0.0112061727930667,TRUE,1.00051804169568,5747.22123676312,7380.30415700705
172,"mu_lambda","lambda",0.0512,0.0879165249595,0.087466009,0.0632441849,0.112966017,0.0367165249595,0.0367165249595,FALSE,1.00021742574157,12855.3578464072,9212.4656779048
172,"mu_delta","delta",0.703,0.738300229395,0.741819105,0.628445019,0.835825921,0.035300229395,0.035300229395,TRUE,1.00045558974263,7073.77326639188,7763.57226616747
172,"mu_eta","eta",-0.227,-0.27367728193425,-0.27267959,-0.3712478215,-0.1804921635,-0.04667728193425,0.04667728193425,TRUE,0.999953321465257,9437.56361946905,9187.09080966252
173,"mu_alpha","alpha",2.602,2.612711282875,2.60710465,2.261218425,2.97344426,0.010711282875,0.010711282875,TRUE,1.00036618741849,5165.37138006693,7380.05218793965
173,"mu_beta","beta",0.185,0.213862053204175,0.213077455,0.1112081255,0.3187383405,0.028862053204175,0.028862053204175,TRUE,1.00091906657385,3620.92104680154,5608.85536474719
173,"mu_lambda","lambda",0.0512,0.0640452241229333,0.063758255,0.04097257595,0.0878127665,0.0128452241229333,0.0128452241229333,TRUE,1.00128946532242,9081.26570703476,7384.48924290936
173,"mu_delta","delta",0.703,0.673042459203333,0.675842955,0.5401564035,0.7970023735,-0.0299575407966666,0.0299575407966666,TRUE,1.00012188035161,6816.53474283885,7396.35176453425
173,"mu_eta","eta",-0.227,-0.242351267258,-0.241951015,-0.337601063,-0.1480597045,-0.015351267258,0.015351267258,TRUE,1.00071562140206,5898.8019601667,7615.28429271592
174,"mu_alpha","alpha",3.697,3.82460028986667,3.8201743,3.494195625,4.172977815,0.127600289866666,0.127600289866666,TRUE,1.00034370735224,4400.12303852284,5791.89309433429
174,"mu_beta","beta",0.185,0.256044420118667,0.255783655,0.173191286,0.3405338695,0.0710444201186667,0.0710444201186667,TRUE,1.00167096587861,3340.86511275372,4804.1588217324
174,"mu_lambda","lambda",0.0512,0.05941921349425,0.0590046465,0.0386477348,0.08141983565,0.00821921349425,0.00821921349425,TRUE,1.00021721254041,4279.5731472991,5862.26013877957
174,"mu_delta","delta",0.703,0.696029095491667,0.700189235,0.5777166615,0.798391538,-0.00697090450833326,0.00697090450833326,TRUE,1.00085952873684,4217.75779664262,5745.007113136
174,"mu_eta","eta",-0.227,-0.226791956391725,-0.22729973,-0.3145021845,-0.137767831,0.000208043608275005,0.000208043608275005,TRUE,1.00173142923916,2575.34017663394,4188.8389997482
175,"mu_alpha","alpha",1.628,1.75395884588333,1.7495745,1.490095365,2.038225535,0.125958845883333,0.125958845883333,TRUE,1.00107478366156,4471.69366527777,6966.14372500095
175,"mu_beta","beta",0.352,0.3244566661575,0.32425509,0.2366125945,0.4119885645,-0.0275433338425,0.0275433338425,TRUE,1.00103750141298,4062.44919610155,6111.18407116436
175,"mu_lambda","lambda",0.0512,0.0466897737606833,0.0469515565,0.027857688,0.0647974719,-0.00451022623931667,0.00451022623931667,TRUE,1.0000454960114,11234.0910411581,7330.85968365038
175,"mu_delta","delta",0.703,0.711452230666667,0.71279382,0.5777060635,0.83957594,0.00845223066666667,0.00845223066666667,TRUE,1.00048128686837,5542.33948087347,6752.99876433788
175,"mu_eta","eta",-0.227,-0.222598134098259,-0.222957965,-0.3203698555,-0.1248146355,0.00440186590174085,0.00440186590174085,TRUE,1.00027301888132,5398.70343494471,7998.62627192026
176,"mu_alpha","alpha",2.602,2.778126570575,2.77256215,2.47874899,3.09233137,0.176126570575,0.176126570575,TRUE,1.00017353949752,4912.46081677846,7374.57237963325
176,"mu_beta","beta",0.352,0.310037542625,0.30937363,0.2319997175,0.3898870745,-0.041962457375,0.041962457375,TRUE,1.00010058230831,5364.1725333977,7651.58560390881
176,"mu_lambda","lambda",0.0512,0.039936689838925,0.039485669,0.01950845545,0.0617357904,-0.011263310161075,0.011263310161075,TRUE,1.00072158594126,8401.68575844148,7016.86090790311
176,"mu_delta","delta",0.703,0.6334071885625,0.63695874,0.475911336,0.780087108,-0.0695928114375,0.0695928114375,TRUE,1.0004637826671,5788.1780182043,6864.24559736308
176,"mu_eta","eta",-0.227,-0.171619807353236,-0.17148114,-0.2503842235,-0.0930899111,0.0553801926467642,0.0553801926467642,TRUE,1.00079910322142,4738.91503285944,7037.88107432437
177,"mu_alpha","alpha",3.697,3.82453051275833,3.81506735,3.498259735,4.171446315,0.127530512758333,0.127530512758333,TRUE,1.00002092649235,6164.20466039886,7878.25803601449
177,"mu_beta","beta",0.352,0.276014750271333,0.275530455,0.199181117,0.3544055435,-0.0759852497286667,0.0759852497286667,TRUE,1.00029161967764,4714.68296564757,6957.51800011594
177,"mu_lambda","lambda",0.0512,0.0513029563753333,0.051431056,0.03493364125,0.06732132105,0.000102956375333328,0.000102956375333328,TRUE,1.00031915141664,8086.06752205751,6299.17090886993
177,"mu_delta","delta",0.703,0.567814935469167,0.573072285,0.402844411,0.714466766,-0.135185064530833,0.135185064530833,TRUE,1.00035698074029,6061.97087812096,6450.95892268445
177,"mu_eta","eta",-0.227,-0.3608193952625,-0.36068258,-0.4416969705,-0.2804405945,-0.1338193952625,0.1338193952625,FALSE,1.002288984832,3201.28738991418,5717.94220332293
178,"mu_alpha","alpha",1.628,1.50043592380833,1.49912705,1.297756765,1.71111745,-0.127564076191667,0.127564076191667,TRUE,0.999973416621167,8091.24533595852,8459.03447165809
178,"mu_beta","beta",0.518,0.508816008796667,0.508402915,0.391884277,0.628478527,-0.00918399120333335,0.00918399120333335,TRUE,1.00181143005724,3212.24063389264,4929.69881269406
178,"mu_lambda","lambda",0.0512,0.0406520382696667,0.040786811,0.02528770045,0.05536164225,-0.0105479617303333,0.0105479617303333,TRUE,0.999968003063256,16631.1180062349,7796.72943575771
178,"mu_delta","delta",0.703,0.748980663930833,0.754043285,0.6675274785,0.813462113,0.0459806639308333,0.0459806639308333,TRUE,1.00032858790515,10223.4608548307,6912.3966195689
178,"mu_eta","eta",-0.227,-0.281280387033417,-0.28025931,-0.3699515135,-0.196941736,-0.0542803870334167,0.0542803870334167,TRUE,1.00038347064298,6482.72238900012,8181.29465532595
179,"mu_alpha","alpha",2.602,2.56232066724167,2.5583384,2.164805355,2.97990974,-0.0396793327583334,0.0396793327583334,TRUE,1.00266565835651,2737.72998398743,4509.3762208888
179,"mu_beta","beta",0.518,0.504739666420833,0.50448688,0.42220214,0.5919466755,-0.0132603335791667,0.0132603335791667,TRUE,1.00076714874973,3889.02267234612,6420.99337234575
179,"mu_lambda","lambda",0.0512,0.041569621219925,0.041172915,0.0211139791,0.06315290785,-0.009630378780075,0.009630378780075,TRUE,1.00033830118299,6061.58168929539,6468.64438760316
179,"mu_delta","delta",0.703,0.536152858232333,0.54073465,0.3671635525,0.688609299,-0.166847141767667,0.166847141767667,FALSE,1.00031188349933,5393.70207167364,5530.25854629282
179,"mu_eta","eta",-0.227,-0.28254340488875,-0.28240194,-0.3613082885,-0.204305013,-0.05554340488875,0.05554340488875,TRUE,1.00185063379498,3766.51372231447,6376.32983021732
180,"mu_alpha","alpha",3.697,3.69480586363333,3.68903185,3.35300217,4.05037495,-0.00219413636666665,0.00219413636666665,TRUE,1.00063450271659,8027.5796018593,8617.05125913486
180,"mu_beta","beta",0.518,0.539231116775,0.5380371,0.4545841835,0.62902972,0.021231116775,0.021231116775,TRUE,1.00028409174473,7405.34092656748,8171.90911613458
180,"mu_lambda","lambda",0.0512,0.0408021374730417,0.0408111755,0.02483929335,0.05705426665,-0.0103978625269583,0.0103978625269583,TRUE,1.0000733776016,8289.20054168661,7080.29324550763
180,"mu_delta","delta",0.703,0.700180746305,0.702802435,0.5491168525,0.8420180535,-0.00281925369499991,0.00281925369499991,TRUE,1.0005102721827,6756.87474441635,7413.99216791485
180,"mu_eta","eta",-0.227,-0.220503528706333,-0.219945195,-0.300310178,-0.1424326205,0.00649647129366668,0.00649647129366668,TRUE,1.00034535943159,4240.77917801199,6437.68761890949
181,"mu_alpha","alpha",1.628,2.00949791450833,2.00784145,1.800210705,2.229297345,0.381497914508333,0.381497914508333,FALSE,1.00014023862542,9138.41383186274,9652.02833333825
181,"mu_beta","beta",0.185,0.165561861374495,0.165419575,0.08409795275,0.24694822,-0.019438138625505,0.019438138625505,TRUE,1.00052125014667,5392.72133586129,6563.78897099069
181,"mu_lambda","lambda",0.0808,0.07977294454975,0.079608939,0.06192547185,0.09760887075,-0.00102705545025,0.00102705545025,TRUE,1.00002635543918,18851.374324547,7741.35156215755
181,"mu_delta","delta",0.703,0.753725795041667,0.755383045,0.6632847845,0.837623233,0.0507257950416667,0.0507257950416667,TRUE,1.00018902588584,6522.66733142511,8271.02448228362
181,"mu_eta","eta",-0.227,-0.300299271986083,-0.300627985,-0.410641546,-0.1901671205,-0.0732992719860834,0.0732992719860834,TRUE,1.00041178042344,7060.22449805705,8134.79736095445
182,"mu_alpha","alpha",2.602,2.811010391575,2.8061603,2.51096867,3.126224025,0.209010391575,0.209010391575,TRUE,1.00055608588759,6279.95274013777,8101.57282872173
182,"mu_beta","beta",0.185,0.191599177573917,0.19113134,0.128182215,0.256694361,0.00659917757391668,0.00659917757391668,TRUE,1.00053877251636,6915.46398945343,8586.80724172858
182,"mu_lambda","lambda",0.0808,0.0514294211388667,0.050985589,0.0295801345,0.0745822456,-0.0293705788611333,0.0293705788611333,FALSE,1.00022797905612,8432.19494722369,7802.72010046819
182,"mu_delta","delta",0.703,0.666860760643333,0.671815725,0.5231430275,0.79578542,-0.0361392393566666,0.0361392393566666,TRUE,1.00005439209403,7590.47301016332,7474.09728162801
182,"mu_eta","eta",-0.227,-0.290053161454167,-0.290216685,-0.3607679925,-0.2174883245,-0.0630531614541666,0.0630531614541666,TRUE,1.00018162798542,8527.67754332042,9348.18585307686
183,"mu_alpha","alpha",3.697,3.98158270673333,3.9739316,3.66232418,4.324737365,0.284582706733333,0.284582706733333,TRUE,1.00017794260019,8951.31971540806,8699.95391322668
183,"mu_beta","beta",0.185,0.220616776297508,0.219847455,0.137381689,0.305317525,0.0356167762975083,0.0356167762975083,TRUE,1.00061729552092,6773.17876669886,7901.13752083111
183,"mu_lambda","lambda",0.0808,0.0914747928746667,0.091378762,0.06869620895,0.1148592085,0.0106747928746667,0.0106747928746667,TRUE,1.00003559717788,6492.43602589401,7934.59198570006
183,"mu_delta","delta",0.703,0.754542172055833,0.75555711,0.6499626365,0.855150573,0.0515421720558333,0.0515421720558333,TRUE,1.00054354869577,6605.64560999585,8079.56647520397
183,"mu_eta","eta",-0.227,-0.284485634769083,-0.28450761,-0.3864469355,-0.182226123,-0.0574856347690833,0.0574856347690833,TRUE,1.0001271905007,4617.39686059348,6610.72978030522
184,"mu_alpha","alpha",1.628,1.65497247210833,1.6502725,1.43515488,1.88839202,0.0269724721083335,0.0269724721083335,TRUE,1.00025308452583,6018.23076605287,7158.61386992221
184,"mu_beta","beta",0.352,0.286157281411667,0.28620988,0.2171841165,0.35723332,-0.0658427185883333,0.0658427185883333,TRUE,1.00037098875877,6069.02956941381,7915.55312760908
184,"mu_lambda","lambda",0.0808,0.0548243956319417,0.0550045195,0.03271436555,0.0762083722,-0.0259756043680583,0.0259756043680583,FALSE,1.00008701925468,11046.9255119602,8285.05794367789
184,"mu_delta","delta",0.703,0.7325260399825,0.734496655,0.602057867,0.8564528375,0.0295260399825,0.0295260399825,TRUE,1.00019141751946,6019.88738707685,7023.95175331062
184,"mu_eta","eta",-0.227,-0.234998847650008,-0.235417755,-0.3347003235,-0.135352616,-0.00799884765000833,0.00799884765000833,TRUE,0.999985439920116,6015.04846931213,8210.8638563395
185,"mu_alpha","alpha",2.602,2.876894456075,2.8715416,2.562807375,3.217665885,0.274894456075,0.274894456075,TRUE,1.00043009726039,6127.17410386538,6963.30297168712
185,"mu_beta","beta",0.352,0.182942831213482,0.1826506,0.1147196865,0.252706666,-0.169057168786518,0.169057168786518,FALSE,1.00020673153599,6579.1961438048,7908.56517095901
185,"mu_lambda","lambda",0.0808,0.07805418526525,0.0777988395,0.05102822465,0.106074535,-0.00274581473475,0.00274581473475,TRUE,1.00002068120068,6574.09272608185,8284.4445958215
185,"mu_delta","delta",0.703,0.820344599361667,0.820526665,0.7111950815,0.9269547615,0.117344599361667,0.117344599361667,FALSE,1.00037237489046,4851.71698034007,6107.89885528722
185,"mu_eta","eta",-0.227,-0.213974702556267,-0.21440069,-0.312312449,-0.115901106,0.0130252974437333,0.0130252974437333,TRUE,1.00041226408769,5016.64299013427,6923.75035545978
186,"mu_alpha","alpha",3.697,3.81533585451667,3.8111085,3.54434532,4.10335403,0.118335854516666,0.118335854516666,TRUE,0.999853591069318,8408.39325062793,8166.70970153117
186,"mu_beta","beta",0.352,0.297405077582833,0.29701688,0.209585847,0.386485694,-0.0545949224171666,0.0545949224171666,TRUE,1.00123571891582,4345.60190733399,6459.78946044715
186,"mu_lambda","lambda",0.0808,0.0937293857743333,0.0937155915,0.07601509245,0.111614067,0.0129293857743333,0.0129293857743333,TRUE,1.00068106142025,6678.82031920648,6905.8088962578
186,"mu_delta","delta",0.703,0.758529586111583,0.767897055,0.516722295,0.965397808,0.0555295861115834,0.0555295861115834,TRUE,1.00050214189006,3790.33656942825,5294.09662980408
186,"mu_eta","eta",-0.227,-0.292627826260833,-0.293044865,-0.3584008175,-0.2264674355,-0.0656278262608333,0.0656278262608333,TRUE,1.00061951305292,4373.36170301167,6993.62535056593
187,"mu_alpha","alpha",1.628,1.44130967804917,1.4359427,1.18743114,1.7141771,-0.186690321950833,0.186690321950833,TRUE,1.00021693626665,4218.62364763609,5491.39935823649
187,"mu_beta","beta",0.518,0.462597227600833,0.46224888,0.3896492755,0.5375831245,-0.0554027723991667,0.0554027723991667,TRUE,1.0000437653794,5330.51990116107,6861.46208249081
187,"mu_lambda","lambda",0.0808,0.06535361685475,0.065612724,0.04454443205,0.08521409605,-0.01544638314525,0.01544638314525,TRUE,1.00001731932655,11248.8952912825,6948.97112355358
187,"mu_delta","delta",0.703,0.651216124909167,0.653317925,0.5197653045,0.776981555,-0.0517838750908333,0.0517838750908333,TRUE,1.00051347453825,5773.29239981011,6659.93371619347
187,"mu_eta","eta",-0.227,-0.22380575920745,-0.224518325,-0.3092786625,-0.1358819775,0.00319424079255001,0.00319424079255001,TRUE,1.00058913073191,5617.72066472763,7301.39860546909
188,"mu_alpha","alpha",2.602,2.82876933155,2.8255997,2.53246265,3.136391105,0.22676933155,0.22676933155,TRUE,1.00015047792944,5730.3570613837,7263.63762845329
188,"mu_beta","beta",0.518,0.517220220414167,0.516352715,0.444304668,0.5928606465,-0.000779779585833307,0.000779779585833307,TRUE,1.00030443344498,6502.5277958141,7825.64124203824
188,"mu_lambda","lambda",0.0808,0.0964392449364167,0.096288944,0.07651778885,0.116330418,0.0156392449364167,0.0156392449364167,TRUE,1.00098923104523,6728.54261880636,8076.89318956617
188,"mu_delta","delta",0.703,0.804235313939167,0.801732965,0.6453107885,0.972903742,0.101235313939167,0.101235313939167,TRUE,1.0226330315574,337.563306191398,131.876867830587
188,"mu_eta","eta",-0.227,-0.230901641762742,-0.230604345,-0.3285273935,-0.134933914,-0.00390164176274166,0.00390164176274166,TRUE,1.03393450540875,100.284468808653,5477.02303234618
189,"mu_alpha","alpha",3.697,4.17420261245,4.1647126,3.82946028,4.54356685,0.47720261245,0.47720261245,FALSE,1.00119708729711,5699.68971975788,6322.390407138
189,"mu_beta","beta",0.518,0.454756522073333,0.453444185,0.364681138,0.546633888,-0.0632434779266667,0.0632434779266667,TRUE,1.00125847093921,4130.10676057694,6255.97335241968
189,"mu_lambda","lambda",0.0808,0.07676167302875,0.0761870845,0.05366384435,0.1008172565,-0.00403832697124999,0.00403832697124999,TRUE,1.00211839546261,3514.86330242925,5180.60802571677
189,"mu_delta","delta",0.703,0.5975715472175,0.60338725,0.4078285815,0.768611325,-0.1054284527825,0.1054284527825,TRUE,1.00090508581099,2879.09033464922,4261.51800224983
189,"mu_eta","eta",-0.227,-0.079246363229377,-0.0794141895,-0.165080111,0.00755690980499995,0.147753636770623,0.147753636770623,FALSE,1.00125022597351,2269.80812513235,4156.27661509596
190,"mu_alpha","alpha",1.628,1.85897087596667,1.85494405,1.6139302,2.12090606,0.230970875966667,0.230970875966667,TRUE,1.00006442119084,3959.68574131566,5796.55601317144
190,"mu_beta","beta",0.185,0.168182360251592,0.168344955,0.0925314408,0.2434382525,-0.0168176397484083,0.0168176397484083,TRUE,1.0009383830657,3448.17805047181,6056.42083102347
190,"mu_lambda","lambda",0.0239,0.0595618111539167,0.0600626295,0.03817056855,0.0796284668,0.0356618111539167,0.0356618111539167,FALSE,1.00129550743744,9437.836506495,6497.15274881055
190,"mu_delta","delta",0.937,1.06564171723667,1.0615202,0.907945206,1.23680586,0.128641717236667,0.128641717236667,TRUE,1.00124509449608,3187.1521592055,4998.17674447198
190,"mu_eta","eta",-0.227,-0.250611723890742,-0.25221187,-0.3644396845,-0.132461023,-0.0236117238907416,0.0236117238907416,TRUE,1.00029603255098,4506.94975232522,6521.69538084854
191,"mu_alpha","alpha",2.602,2.51709009080833,2.51126175,2.24550616,2.801263975,-0.0849099091916665,0.0849099091916665,TRUE,1.00076851728583,6971.37880104152,8832.18951196497
191,"mu_beta","beta",0.185,0.206458386875917,0.20625927,0.1423171435,0.2701648175,0.0214583868759167,0.0214583868759167,TRUE,1.00053000201046,7572.14441151616,8925.81850436447
191,"mu_lambda","lambda",0.0239,0.0256528178472567,0.0258164325,0.01158155695,0.03919520795,0.00175281784725666,0.00175281784725666,TRUE,1.0002029426424,13986.6731452768,7405.78876835484
191,"mu_delta","delta",0.937,0.995092195685,0.994075195,0.8832865965,1.111363655,0.0580921956849999,0.0580921956849999,TRUE,1.00005733005798,6608.86858224182,7916.64161005666
191,"mu_eta","eta",-0.227,-0.227662197227583,-0.22843129,-0.307950131,-0.143820448,-0.000662197227583317,0.000662197227583317,TRUE,1.00054800705765,7228.37926947782,8374.30361383001
192,"mu_alpha","alpha",3.697,3.76102270503333,3.7569162,3.48038534,4.05973012,0.0640227050333331,0.0640227050333331,TRUE,1.00067678285541,7244.97143594341,7706.30263468352
192,"mu_beta","beta",0.185,0.175652733414833,0.175898275,0.09490708475,0.256757889,-0.00934726658516666,0.00934726658516666,TRUE,1.00086586547974,3629.69067624876,5893.41887864273
192,"mu_lambda","lambda",0.0239,0.0103731085751264,0.0098082194,0.001474060075,0.0210186568,-0.0135268914248736,0.0135268914248736,FALSE,1.00017010355571,8481.67921411032,5582.45916065392
192,"mu_delta","delta",0.937,0.951978175984167,0.949066465,0.7820283065,1.12978702,0.0149781759841666,0.0149781759841666,TRUE,1.00384536029793,1647.55517023791,3381.47592786686
192,"mu_eta","eta",-0.227,-0.314046228511667,-0.31404896,-0.396448071,-0.2311476585,-0.0870462285116667,0.0870462285116667,FALSE,1.0006297449597,3108.29500179835,5481.28785932705
193,"mu_alpha","alpha",1.628,1.82941081055833,1.8241265,1.573935135,2.09821071,0.201410810558333,0.201410810558333,TRUE,1.00039000559269,5532.74774135839,7927.55473371314
193,"mu_beta","beta",0.352,0.300221568140833,0.299663145,0.227126979,0.3747509255,-0.0517784318591666,0.0517784318591666,TRUE,1.0007745531559,6134.12219310007,8437.55743230295
193,"mu_lambda","lambda",0.0239,0.0254724979647462,0.024961465,0.00789294568,0.0447630332,0.00157249796474616,0.00157249796474616,TRUE,0.999931096311167,10598.2442123798,7969.10875997838
193,"mu_delta","delta",0.937,0.99216435447,0.991083245,0.8876081845,1.10260992,0.0551643544699999,0.0551643544699999,TRUE,1.00047749080699,5473.31744178628,6396.65458230947
193,"mu_eta","eta",-0.227,-0.225377743615347,-0.22490779,-0.336509794,-0.114983262,0.00162225638465335,0.00162225638465335,TRUE,1.00025697760062,5499.16790857403,7316.94537312376
194,"mu_alpha","alpha",2.602,2.55200913284167,2.54739995,2.249470895,2.87236284,-0.0499908671583333,0.0499908671583333,TRUE,1.00200844875554,3479.00382018216,5490.79232131737
194,"mu_beta","beta",0.352,0.335545443796083,0.33503271,0.2361038755,0.438044659,-0.0164545562039167,0.0164545562039167,TRUE,1.00074864271933,2686.89562734638,4913.89101359214
194,"mu_lambda","lambda",0.0239,0.0307282780454233,0.030868807,0.01438435915,0.04680127215,0.00682827804542333,0.00682827804542333,TRUE,1.00012492682362,6771.72591753322,5121.96048073781
194,"mu_delta","delta",0.937,1.01638116365333,1.015966,0.833475387,1.20938651,0.0793811636533333,0.0793811636533333,TRUE,1.00278297795826,2920.57253186925,4641.69748789775
194,"mu_eta","eta",-0.227,-0.260830552511683,-0.261291825,-0.355240569,-0.1650635095,-0.0338305525116833,0.0338305525116833,TRUE,1.00092335267231,2791.75853346332,4931.97371999113
195,"mu_alpha","alpha",3.697,3.68777776271667,3.67973905,3.35730613,4.03972043,-0.00922223728333327,0.00922223728333327,TRUE,1.00005283876112,4866.1144067103,6483.94856440223
195,"mu_beta","beta",0.352,0.336819687613333,0.33600447,0.267239953,0.4104508165,-0.0151803123866667,0.0151803123866667,TRUE,1.0005676463036,5326.12385797227,7687.30914634429
195,"mu_lambda","lambda",0.0239,0.0289952895652333,0.029163226,0.0169847051,0.0401581377,0.00509528956523333,0.00509528956523333,TRUE,0.999868186667925,9445.87307193363,5171.47306215111
195,"mu_delta","delta",0.937,0.797915965704583,0.81022094,0.5780304835,0.9724249215,-0.139084034295417,0.139084034295417,TRUE,1.00188895756477,2977.32933594567,4296.74713308801
195,"mu_eta","eta",-0.227,-0.30590293252325,-0.30585233,-0.390932133,-0.2219015965,-0.07890293252325,0.07890293252325,TRUE,1.00143214296633,2965.0561126586,5228.23754747393
196,"mu_alpha","alpha",1.628,1.73479703679167,1.7289577,1.49774836,1.98533521,0.106797036791667,0.106797036791667,TRUE,1.00008170011454,3574.79549456726,5287.64927632712
196,"mu_beta","beta",0.518,0.580040450263333,0.579051765,0.5091272385,0.653981038,0.0620404502633333,0.0620404502633333,TRUE,1.00010804941365,5108.14554280288,7301.88656182437
196,"mu_lambda","lambda",0.0239,0.0270726213825467,0.027233677,0.0132128999,0.0405798753,0.00317262138254666,0.00317262138254666,TRUE,1.00032630957702,11239.2245936708,6183.01669612595
196,"mu_delta","delta",0.937,0.863831100136667,0.862518955,0.70190851,1.027271465,-0.0731688998633334,0.0731688998633334,TRUE,1.00007673364936,2841.01641171852,4949.72032951103
196,"mu_eta","eta",-0.227,-0.203448078183258,-0.203187955,-0.291505665,-0.1154075115,0.0235519218167417,0.0235519218167417,TRUE,1.00076635926687,3111.61039350536,4891.1309119501
197,"mu_alpha","alpha",2.602,2.574786508825,2.57170455,2.28973621,2.881999625,-0.0272134911749999,0.0272134911749999,TRUE,1.00033850256883,5267.93107246891,7466.3699489483
197,"mu_beta","beta",0.518,0.490800011030833,0.489527615,0.403562753,0.580802744,-0.0271999889691667,0.0271999889691667,TRUE,1.00063313021985,4174.39926405715,6544.51809252211
197,"mu_lambda","lambda",0.0239,0.0198939536968462,0.019511453,0.006022857515,0.0354702866,-0.00400604630315383,0.00400604630315383,TRUE,0.999829367007047,8205.33131166766,6944.19204566843
197,"mu_delta","delta",0.937,0.961149008171667,0.9609371,0.7865117535,1.137429825,0.0241490081716667,0.0241490081716667,TRUE,1.00180161896653,3927.86245899355,5826.74421859445
197,"mu_eta","eta",-0.227,-0.265812925935667,-0.265390805,-0.3546337095,-0.1771350095,-0.0388129259356667,0.0388129259356667,TRUE,1.00043022034149,3720.70181270317,5789.06653776591
198,"mu_alpha","alpha",3.697,3.69615221486667,3.6912909,3.378511,4.03053796,-0.000847785133333279,0.000847785133333279,TRUE,1.0011926971318,6732.88049649244,8184.51253219381
198,"mu_beta","beta",0.518,0.493227817201667,0.49288301,0.401463779,0.5860555275,-0.0247721827983334,0.0247721827983334,TRUE,1.00062795438615,4203.00165556103,6910.24057810238
198,"mu_lambda","lambda",0.0239,0.0334672490058667,0.0336152925,0.02187867995,0.0446029972,0.00956724900586666,0.00956724900586666,TRUE,1.00036807860847,11860.7819095072,7371.50938716527
198,"mu_delta","delta",0.937,0.932884355105833,0.935521705,0.7631379595,1.09614389,-0.00411564489416671,0.00411564489416671,TRUE,1.0018446714966,3439.98560542852,5207.90523683512
198,"mu_eta","eta",-0.227,-0.186733391564142,-0.186765275,-0.2697179185,-0.1035279005,0.0402666084358583,0.0402666084358583,TRUE,1.00051942694764,3295.85078191629,5437.02396489218
199,"mu_alpha","alpha",1.628,1.61374325830833,1.61060585,1.39958982,1.837526975,-0.0142567416916666,0.0142567416916666,TRUE,1.00007799896578,7074.71779067849,8751.80828685042
199,"mu_beta","beta",0.185,0.129323965082805,0.12899907,0.0633985831,0.1971249355,-0.0556760349171954,0.0556760349171954,TRUE,1.00059801536221,6172.03206997706,7653.62603007364
199,"mu_lambda","lambda",0.0512,0.0421634291229917,0.0423191285,0.02148228065,0.06190824505,-0.00903657087700833,0.00903657087700833,TRUE,1.00013778945316,13774.1326130941,7073.78944441541
199,"mu_delta","delta",0.937,1.0383656510575,1.036986,0.937385181,1.146832905,0.1013656510575,0.1013656510575,FALSE,1.00023159783504,5963.32259644656,7974.19733877682
199,"mu_eta","eta",-0.227,-0.299910439528333,-0.29997137,-0.3769005715,-0.2228161195,-0.0729104395283333,0.0729104395283333,TRUE,1.00053968661622,13690.9178461986,8931.06389218697
200,"mu_alpha","alpha",2.602,2.61604453709167,2.60997855,2.250699135,3.005284965,0.0140445370916669,0.0140445370916669,TRUE,1.00168422173589,3687.08864307624,5923.55659945399
200,"mu_beta","beta",0.185,0.141063461424151,0.140684775,0.06095412545,0.2226662405,-0.0439365385758492,0.0439365385758492,TRUE,1.00086952820233,4164.32557767138,6599.97264577415
200,"mu_lambda","lambda",0.0512,0.0520085751073333,0.0522358645,0.035120478,0.0684298265,0.000808575107333329,0.000808575107333329,TRUE,1.0003268311914,9256.04221390732,6094.79412029752
200,"mu_delta","delta",0.937,0.882564815814167,0.88298901,0.8013138905,0.963680107,-0.0544351841858334,0.0544351841858334,TRUE,1.00076280682409,5543.14330713248,6630.6590185141
200,"mu_eta","eta",-0.227,-0.251934210333583,-0.25202972,-0.362391548,-0.1394605795,-0.0249342103335833,0.0249342103335833,TRUE,1.00089689799713,3824.99557817953,5672.66372461157
201,"mu_alpha","alpha",3.697,3.78461196625,3.7795056,3.431607075,4.155081255,0.0876119662499999,0.0876119662499999,TRUE,1.00058226129451,4370.4875984955,6619.31799052021
201,"mu_beta","beta",0.185,0.124307428317609,0.123918355,0.0437232986,0.206702781,-0.0606925716823907,0.0606925716823907,TRUE,1.00085233809817,3447.90082299579,5537.0532117929
201,"mu_lambda","lambda",0.0512,0.0465474578566583,0.0466564785,0.029743756,0.06308774195,-0.00465254214334167,0.00465254214334167,TRUE,1.00033117409556,6123.67971130757,6198.74312642878
201,"mu_delta","delta",0.937,0.90547612681,0.907208675,0.6903481535,1.111816545,-0.0315238731900001,0.0315238731900001,TRUE,1.0017030942246,2814.57501611467,4820.66347271857
201,"mu_eta","eta",-0.227,-0.237398329894833,-0.237712615,-0.327835719,-0.147382527,-0.0103983298948333,0.0103983298948333,TRUE,1.0019460200276,2743.89174725693,5096.00602408062
202,"mu_alpha","alpha",1.628,1.57118130176917,1.567648,1.2962796,1.861387075,-0.0568186982308332,0.0568186982308332,TRUE,1.00025059732286,5068.41855842812,7440.03451739787
202,"mu_beta","beta",0.352,0.345677013904167,0.345182465,0.2746395435,0.419388112,-0.00632298609583332,0.00632298609583332,TRUE,1.00030235931031,6707.66226739125,7848.52655148364
202,"mu_lambda","lambda",0.0512,0.0322708176133984,0.031307675,0.01004793995,0.0582318017,-0.0189291823866016,0.0189291823866016,TRUE,1.00036075979078,9048.7827203381,7187.89621999852
202,"mu_delta","delta",0.937,0.909165847605,0.909976105,0.790302685,1.026876255,-0.0278341523950001,0.0278341523950001,TRUE,1.00018218536013,5187.84160832334,6987.30738090739
202,"mu_eta","eta",-0.227,-0.197039800801295,-0.19750446,-0.2871356025,-0.1051194555,0.029960199198705,0.029960199198705,TRUE,0.999950813607985,7403.71577970824,8607.42283496703
203,"mu_alpha","alpha",2.602,2.46847670035,2.4626617,2.15025311,2.805641955,-0.13352329965,0.13352329965,TRUE,1.0007695754874,5288.59012335907,7294.95814192202
203,"mu_beta","beta",0.352,0.390187065420167,0.39015244,0.2843455305,0.4957359735,0.0381870654201667,0.0381870654201667,TRUE,1.00166548763052,3650.79636340673,5345.58774945524
203,"mu_lambda","lambda",0.0512,0.048877385318,0.048899339,0.0323870104,0.0649493605,-0.00232261468200001,0.00232261468200001,TRUE,1.00029950673212,11691.2665118711,8092.33061496439
203,"mu_delta","delta",0.937,0.850869201325833,0.85212957,0.700192857,0.99640929,-0.0861307986741667,0.0861307986741667,TRUE,1.00039547488102,3768.1239380636,6231.95486485123
203,"mu_eta","eta",-0.227,-0.186082939670748,-0.18630383,-0.2837438605,-0.0876354657000001,0.0409170603292517,0.0409170603292517,TRUE,1.00054357863196,4349.74490901651,5792.40210565655
204,"mu_alpha","alpha",3.697,3.71096711544167,3.7072339,3.335676925,4.106245305,0.0139671154416665,0.0139671154416665,TRUE,1.00100071296515,4197.5031238046,6417.5203469544
204,"mu_beta","beta",0.352,0.342306069598333,0.341569595,0.2699978475,0.417687535,-0.00969393040166666,0.00969393040166666,TRUE,1.00049262992191,4724.26186302113,6397.16241771665
204,"mu_lambda","lambda",0.0512,0.0303861565351417,0.030029262,0.0140721461,0.04812252235,-0.0208138434648583,0.0208138434648583,FALSE,1.00061927787797,5892.91601298375,5661.27814215626
204,"mu_delta","delta",0.937,0.789151436675833,0.79475537,0.595353298,0.967863395,-0.147848563324167,0.147848563324167,TRUE,1.00236620533012,3330.05297757122,5177.54253391699
204,"mu_eta","eta",-0.227,-0.267599910270833,-0.26734743,-0.3389344675,-0.197664256,-0.0405999102708333,0.0405999102708333,TRUE,1.00390660325793,1601.45765271751,4880.64965389837
205,"mu_alpha","alpha",1.628,1.69241382625833,1.69018715,1.482149685,1.91260514,0.0644138262583334,0.0644138262583334,TRUE,1.00063902397656,5441.35464726528,7296.70816693358
205,"mu_beta","beta",0.518,0.54583245653,0.545012075,0.4742842955,0.6204271135,0.02783245653,0.02783245653,TRUE,1.00034302929182,5291.30176441961,7478.32228948844
205,"mu_lambda","lambda",0.0512,0.0662549786330833,0.066423292,0.0465532847,0.085299545,0.0150549786330833,0.0150549786330833,TRUE,1.00010336263624,8469.0564177262,7040.70513522411
205,"mu_delta","delta",0.937,0.889103528895833,0.888062835,0.739395979,1.04215955,-0.0478964711041667,0.0478964711041667,TRUE,1.00108322200006,3569.31086683338,4451.69032520388
205,"mu_eta","eta",-0.227,-0.221596114754637,-0.221308875,-0.3232168905,-0.121035917,0.00540388524536334,0.00540388524536334,TRUE,1.00188889802384,2961.54141574377,5606.26300972163
206,"mu_alpha","alpha",2.602,2.14656888283333,2.1445074,1.894653365,2.40230363,-0.455431117166667,0.455431117166667,FALSE,1.00013994524838,4362.86732451719,6376.96015096413
206,"mu_beta","beta",0.518,0.525585360656667,0.52463409,0.444984035,0.608890196,0.00758536065666671,0.00758536065666671,TRUE,1.00056469590567,3658.21313288943,6009.42394160879
206,"mu_lambda","lambda",0.0512,0.042533376259475,0.0420919045,0.0211542688,0.0645920677,-0.008666623740525,0.008666623740525,TRUE,1.00009315167315,5311.78276979753,4694.01705973198
206,"mu_delta","delta",0.937,0.883241197756667,0.88143816,0.709284613,1.061151025,-0.0537588022433334,0.0537588022433334,TRUE,1.00267950138401,3028.74520223501,4973.73452536317
206,"mu_eta","eta",-0.227,-0.252234292970458,-0.25260354,-0.3544769225,-0.148757267,-0.0252342929704583,0.0252342929704583,TRUE,1.00131328376383,2805.42868181892,4902.57044596716
207,"mu_alpha","alpha",3.697,3.55887113284167,3.55153605,3.242359115,3.90114573,-0.138128867158334,0.138128867158334,TRUE,1.00038103929585,7977.98685804846,8211.39648641977
207,"mu_beta","beta",0.518,0.588115237720833,0.58744108,0.4921321855,0.687353002,0.0701152377208333,0.0701152377208333,TRUE,1.00052535042787,5469.07566542711,8060.23184169665
207,"mu_lambda","lambda",0.0512,0.0621687914881667,0.0618998765,0.04451172345,0.0805456774,0.0109687914881667,0.0109687914881667,TRUE,0.999883996186417,7859.71825484012,7894.43061787181
207,"mu_delta","delta",0.937,1.01769849647083,1.0143389,0.87400357,1.17114508,0.0806984964708333,0.0806984964708333,TRUE,1.00035814133912,4606.67642667269,6555.12828010036
207,"mu_eta","eta",-0.227,-0.259724975687167,-0.259662935,-0.3354593975,-0.1857422715,-0.0327249756871667,0.0327249756871667,TRUE,1.00080732218853,4500.437352813,6415.05285105009
208,"mu_alpha","alpha",1.628,1.51795235925,1.5151561,1.319279785,1.724087075,-0.11004764075,0.11004764075,TRUE,1.00065219836735,8744.69317073075,7576.21158019707
208,"mu_beta","beta",0.185,0.212671921062658,0.212853005,0.12936986,0.2943881725,0.0276719210626583,0.0276719210626583,TRUE,1.00042265823564,5455.42036431865,7226.22810093068
208,"mu_lambda","lambda",0.0808,0.102751440388833,0.102252815,0.0673597344,0.139778512,0.0219514403888333,0.0219514403888333,TRUE,1.00043078367968,8779.98882785996,8536.78441624759
208,"mu_delta","delta",0.937,0.9304234076225,0.93135662,0.818000055,1.040928765,-0.00657659237750008,0.00657659237750008,TRUE,1.00022663494203,6201.47325687583,7502.99252424631
208,"mu_eta","eta",-0.227,-0.297867357086,-0.29623204,-0.414848614,-0.1847062565,-0.070867357086,0.070867357086,TRUE,1.00039497937756,8606.94572364324,8637.04388026806
209,"mu_alpha","alpha",2.602,2.665751090425,2.6619583,2.350868705,2.993174265,0.0637510904250003,0.0637510904250003,TRUE,1.00103015292245,4364.70785034008,7008.02723467579
209,"mu_beta","beta",0.185,0.136176468889303,0.13595179,0.0390228482,0.236218846,-0.0488235311106967,0.0488235311106967,TRUE,1.00244180416952,2743.96239712498,4235.94053486222
209,"mu_lambda","lambda",0.0808,0.0687454051925,0.0686064875,0.0443927256,0.09369120555,-0.0120545948075,0.0120545948075,TRUE,1.00063522936693,7493.89101175232,7771.81364639136
209,"mu_delta","delta",0.937,0.850959594601667,0.85210078,0.7222671255,0.9761026845,-0.0860404053983334,0.0860404053983334,TRUE,1.00132042710785,3821.52495174248,5658.78186572401
209,"mu_eta","eta",-0.227,-0.272895735099917,-0.27171107,-0.3779365485,-0.1699551515,-0.0458957350999167,0.0458957350999167,TRUE,1.00056838739437,4765.3196886354,6842.8413051774
210,"mu_alpha","alpha",3.697,3.894608884825,3.89040205,3.527318895,4.275141195,0.197608884825,0.197608884825,TRUE,1.00079057769719,6788.41598749916,8565.11260454454
210,"mu_beta","beta",0.185,0.188648391258808,0.18850604,0.1031647695,0.2742090725,0.00364839125880834,0.00364839125880834,TRUE,1.00010391835595,5274.17593436502,6446.96258099197
210,"mu_lambda","lambda",0.0808,0.0889296699463333,0.088704273,0.0635731679,0.1150279365,0.00812966994633334,0.00812966994633334,TRUE,1.00052416221963,5634.62802906474,7328.93208870905
210,"mu_delta","delta",0.937,0.9332563472725,0.935199855,0.81871132,1.04364579,-0.0037436527275001,0.0037436527275001,TRUE,1.00015147244544,5141.18534756056,7500.16653148693
210,"mu_eta","eta",-0.227,-0.158654442245383,-0.159240035,-0.2355738265,-0.0808287507000001,0.0683455577546167,0.0683455577546167,TRUE,1.00115519613797,5921.1905386897,6884.95010803121
211,"mu_alpha","alpha",1.628,1.61549757771667,1.610265,1.35949148,1.879498405,-0.0125024222833332,0.0125024222833332,TRUE,1.0002630365716,5032.03217912247,7232.07698356777
211,"mu_beta","beta",0.352,0.35020389245,0.349857175,0.2764167085,0.425654009,-0.00179610754999998,0.00179610754999998,TRUE,1.00036248971798,5733.11657151924,7747.68393207313
211,"mu_lambda","lambda",0.0808,0.0644244107673333,0.0642493175,0.03958804305,0.09008779335,-0.0163755892326667,0.0163755892326667,TRUE,1.00010868711119,9337.95433256571,8067.15194943953
211,"mu_delta","delta",0.937,0.98414233388,0.981212885,0.858397296,1.120987315,0.04714233388,0.04714233388,TRUE,1.00173686720166,3977.35737828238,4749.65521194605
211,"mu_eta","eta",-0.227,-0.230076039496668,-0.230603015,-0.3388067905,-0.1195975315,-0.00307603949666774,0.00307603949666774,TRUE,1.00072210019954,5550.58968875494,6961.87391804592
212,"mu_alpha","alpha",2.602,2.80708215390833,2.80211275,2.539367315,3.093313205,0.205082153908334,0.205082153908334,TRUE,1.00016203510758,5189.25919133382,6745.75341526619
212,"mu_beta","beta",0.352,0.413490259308333,0.412850795,0.3312261625,0.4978870705,0.0614902593083334,0.0614902593083334,TRUE,1.00070344122666,4053.57335733837,6443.56924642559
212,"mu_lambda","lambda",0.0808,0.1229326258815,0.12188654,0.0906644243,0.158502907,0.0421326258815,0.0421326258815,FALSE,1.0006971137633,3711.62236983078,5586.68863163576
212,"mu_delta","delta",0.937,0.9220954666375,0.92523653,0.6580207505,1.173545955,-0.0149045333625001,0.0149045333625001,TRUE,1.00136156924459,3083.95061246472,5190.90505252484
212,"mu_eta","eta",-0.227,-0.377037500365,-0.376624195,-0.474706174,-0.2820388275,-0.150037500365,0.150037500365,FALSE,1.00098955316639,2642.53438444669,4632.77074320748
213,"mu_alpha","alpha",3.697,3.5047121326,3.49889045,3.186318315,3.84748813,-0.1922878674,0.1922878674,TRUE,1.00097599457006,6649.7415473348,7966.96462361865
213,"mu_beta","beta",0.352,0.4066618784525,0.405800585,0.3265605435,0.489613163,0.0546618784525,0.0546618784525,TRUE,1.00097198865095,5180.84616469193,7443.46154980126
213,"mu_lambda","lambda",0.0808,0.0902497315110833,0.0902230035,0.07198997015,0.1083784035,0.00944973151108333,0.00944973151108333,TRUE,1.00072923551732,6963.71344118273,8259.91328913105
213,"mu_delta","delta",0.937,0.880936036096667,0.882833915,0.7598562415,0.9987256245,-0.0560639639033333,0.0560639639033333,TRUE,1.00019242315851,5071.60091439791,6672.42903046687
213,"mu_eta","eta",-0.227,-0.267434904494083,-0.26706845,-0.350206449,-0.1843254085,-0.0404349044940834,0.0404349044940834,TRUE,1.00074129403227,4333.34567157988,6068.64553117677
214,"mu_alpha","alpha",1.628,1.49849025336083,1.49078285,1.19813763,1.816411615,-0.129509746639167,0.129509746639167,TRUE,1.0007635940218,4906.58009133717,7157.72612856983
214,"mu_beta","beta",0.518,0.545053187019167,0.54422877,0.473750819,0.619060668,0.0270531870191667,0.0270531870191667,TRUE,1.00003643221726,8904.76952190818,8666.7100955679
214,"mu_lambda","lambda",0.0808,0.0901953726131667,0.089959521,0.06477220405,0.1164084255,0.00939537261316667,0.00939537261316667,TRUE,1.0000504013327,10425.463190594,8607.18676970686
214,"mu_delta","delta",0.937,0.984027225543333,0.976342575,0.888188191,1.10789689,0.0470272255433333,0.0470272255433333,TRUE,1.00036412878692,3975.73110388406,4316.64304457395
214,"mu_eta","eta",-0.227,-0.243972728482984,-0.244634115,-0.3493982355,-0.137497201,-0.0169727284829842,0.0169727284829842,TRUE,1.00012082476686,5121.04725640751,7233.41667791287
215,"mu_alpha","alpha",2.602,2.9267160832,2.92178545,2.586480275,3.282925705,0.3247160832,0.3247160832,TRUE,1.00059218246043,5337.28290706099,7358.01455053829
215,"mu_beta","beta",0.518,0.4389828808975,0.438501515,0.3428750475,0.537268045,-0.0790171191025,0.0790171191025,TRUE,1.00028578559333,4720.85022561353,6942.99759485301
215,"mu_lambda","lambda",0.0808,0.08958159634325,0.089376586,0.06588903155,0.114121473,0.00878159634325,0.00878159634325,TRUE,1.00110577569651,5846.1955028819,7918.62598530117
215,"mu_delta","delta",0.937,0.816477309774167,0.817695975,0.6571218425,0.971296366,-0.120522690225833,0.120522690225833,TRUE,1.00100829618581,4448.18094688891,6995.08924183797
215,"mu_eta","eta",-0.227,-0.15379792334013,-0.154358505,-0.2332679355,-0.07071128005,0.07320207665987,0.07320207665987,TRUE,1.00021257019202,5120.94504891911,7580.43639365336
216,"mu_alpha","alpha",3.697,3.98535455981667,3.9787582,3.705576095,4.287721995,0.288354559816667,0.288354559816667,FALSE,1.00033130239536,8131.38444322474,8281.91799733303
216,"mu_beta","beta",0.518,0.464510848465833,0.463688315,0.3821230265,0.5496121175,-0.0534891515341667,0.0534891515341667,TRUE,1.00003932316233,5883.63229405539,7406.07484770379
216,"mu_lambda","lambda",0.0808,0.0957024239519167,0.095564969,0.07583519695,0.116225566,0.0149024239519167,0.0149024239519167,TRUE,1.00041770152774,4552.02159803174,6270.99874947329
216,"mu_delta","delta",0.937,0.888466998815,0.884185755,0.7666878145,1.02659246,-0.048533001185,0.048533001185,TRUE,1.00285993342103,2826.99081656316,2735.1343997664
216,"mu_eta","eta",-0.227,-0.2041696502845,-0.20446355,-0.2832668545,-0.126577774,0.0228303497155,0.0228303497155,TRUE,1.00387760754183,2166.51978162254,4555.16819728487
217,"mu_alpha","alpha",1.628,1.535322057075,1.5325959,1.32033283,1.761394695,-0.092677942925,0.092677942925,TRUE,1.00027840722775,5371.18853499693,7344.34886133189
217,"mu_beta","beta",0.185,0.219760860700833,0.21870401,0.1554637365,0.2863807245,0.0347608607008333,0.0347608607008333,TRUE,1.0000473847295,5604.8420008417,7819.0149120445
217,"mu_lambda","lambda",0.0239,0.0175041755070743,0.016838881,0.003165558715,0.0342434052,-0.00639582449292567,0.00639582449292567,TRUE,1.00036152056097,12968.4897490531,6138.43283212565
217,"mu_delta","delta",1.171,1.05257146434167,1.0494305,0.9495608095,1.16611113,-0.118428535658333,0.118428535658333,FALSE,1.00048069928364,5106.62916109132,5946.62733450243
217,"mu_eta","eta",-0.227,-0.2870052194795,-0.28729481,-0.3917362735,-0.1815974455,-0.0600052194795,0.0600052194795,TRUE,1.00001094101671,6258.076253419,7855.86242344004
218,"mu_alpha","alpha",2.602,2.58592195884167,2.58351,2.27252437,2.90689987,-0.016078041158333,0.016078041158333,TRUE,1.00081897908494,4566.04801774895,7490.50583935298
218,"mu_beta","beta",0.185,0.305522497829667,0.3059592,0.217160233,0.3951008265,0.120522497829667,0.120522497829667,FALSE,1.00062160700279,3971.20518811107,6146.53320272646
218,"mu_lambda","lambda",0.0239,0.0415829940105917,0.0418494595,0.0247668034,0.05733940165,0.0176829940105917,0.0176829940105917,FALSE,1.00029207816564,9466.09402481486,6296.0031712006
218,"mu_delta","delta",1.171,1.1137566457925,1.1109872,1.006483555,1.22962053,-0.0572433542075002,0.0572433542075002,TRUE,1.00065677577107,4486.42179630533,6655.31883153146
218,"mu_eta","eta",-0.227,-0.147666910143647,-0.14805772,-0.2544733125,-0.04115103645,0.0793330898563525,0.0793330898563525,TRUE,1.00095945267187,3761.59496845017,6295.9880292549
219,"mu_alpha","alpha",3.697,3.3899760048,3.3848383,3.132843105,3.666517435,-0.3070239952,0.3070239952,FALSE,1.00043251427312,5780.9096711963,7954.63422243992
219,"mu_beta","beta",0.185,0.150767333105651,0.15099726,0.05265762615,0.2466710115,-0.0342326668943492,0.0342326668943492,TRUE,1.00162101722399,2278.09241632183,4050.58242886081
219,"mu_lambda","lambda",0.0239,0.0210238798113017,0.0207291585,0.00735222306,0.0354105321,-0.00287612018869833,0.00287612018869833,TRUE,1.00039225772791,7322.74663158126,5806.6848105868
219,"mu_delta","delta",1.171,1.10105987402667,1.09980435,0.9107799865,1.29400317,-0.0699401259733334,0.0699401259733334,TRUE,1.00208152053884,2795.2414906151,4977.42843664815
219,"mu_eta","eta",-0.227,-0.226923462833583,-0.22740641,-0.307734312,-0.1447887195,7.65371664166736e-05,7.65371664166736e-05,TRUE,1.00096082143999,3001.59294746213,5528.77248129776
220,"mu_alpha","alpha",1.628,1.66647082265833,1.66149305,1.41617929,1.932651385,0.0384708226583335,0.0384708226583335,TRUE,1.00016587720509,3475.21140906438,5908.32282760284
220,"mu_beta","beta",0.352,0.34425469088,0.342796695,0.2635813935,0.4303355455,-0.00774530911999999,0.00774530911999999,TRUE,1.00054791797843,2933.45388483144,4696.02684228284
220,"mu_lambda","lambda",0.0239,0.02629568237745,0.026335858,0.009842334195,0.04277639185,0.00239568237745,0.00239568237745,TRUE,0.999984032217316,9198.12353057207,5662.68373382938
220,"mu_delta","delta",1.171,1.35614264989917,1.34918185,1.191841565,1.54205759,0.185142649899167,0.185142649899167,FALSE,0.999998292383249,4120.74843882918,5160.05164800631
220,"mu_eta","eta",-0.227,-0.23230123950495,-0.232423705,-0.3352890095,-0.12915257,-0.00530123950494998,0.00530123950494998,TRUE,1.000383213475,4321.92368924304,6199.65922380101
221,"mu_alpha","alpha",2.602,2.74349349895833,2.73919725,2.466298565,3.03814908,0.141493498958333,0.141493498958333,TRUE,1.00046257278213,5316.75629384978,7680.55406525035
221,"mu_beta","beta",0.352,0.302238855555,0.301941845,0.233561571,0.372654769,-0.049761144445,0.049761144445,TRUE,1.00049730378049,5552.10485479595,7240.21079881462
221,"mu_lambda","lambda",0.0239,0.0235557527686408,0.0231048945,0.00787034018,0.04071494585,-0.000344247231359167,0.000344247231359167,TRUE,1.00013235279064,8575.44055813619,6466.12569007546
221,"mu_delta","delta",1.171,1.08086021310833,1.0802096,0.9675348505,1.19587322,-0.0901397868916667,0.0901397868916667,TRUE,1.00023874421373,5250.24982878128,6228.46230442179
221,"mu_eta","eta",-0.227,-0.216597150317467,-0.21742016,-0.3011723565,-0.130083243,0.0104028496825333,0.0104028496825333,TRUE,1.00049869560148,4510.96558423812,6330.41049980335
222,"mu_alpha","alpha",3.697,4.01520705760833,4.00789315,3.673258945,4.39414822,0.318207057608333,0.318207057608333,TRUE,1.00055472495465,4797.93982306426,6158.4812366557
222,"mu_beta","beta",0.352,0.3230272333425,0.32286166,0.2351716215,0.411036856,-0.0289727666575,0.0289727666575,TRUE,1.00201887083153,3086.81803891693,5354.05313172085
222,"mu_lambda","lambda",0.0239,0.0262213521967067,0.0263064355,0.01284679705,0.03924734935,0.00232135219670667,0.00232135219670667,TRUE,1.00029106764759,6905.00665123618,5819.17955508061
222,"mu_delta","delta",1.171,1.06283612827417,1.06234675,0.975137435,1.154510365,-0.108163871725833,0.108163871725833,FALSE,1.0001416883597,3274.47282764796,5884.17419196192
222,"mu_eta","eta",-0.227,-0.251103818752833,-0.251782595,-0.3206432665,-0.179910799,-0.0241038187528333,0.0241038187528333,TRUE,1.00053344311305,3069.70899250998,5400.66156766936
223,"mu_alpha","alpha",1.628,1.695501858175,1.6903207,1.41132854,1.99204923,0.0675018581750002,0.0675018581750002,TRUE,1.00110557870301,3928.12214488923,5794.96150191447
223,"mu_beta","beta",0.518,0.482310442768333,0.481913765,0.3889870435,0.5778402855,-0.0356895572316667,0.0356895572316667,TRUE,1.00070076479661,4018.42917589241,5718.21828591324
223,"mu_lambda","lambda",0.0239,0.030815612004775,0.0309380475,0.0158924383,0.0452150728,0.006915612004775,0.006915612004775,TRUE,1.00020144536662,12406.5357652869,6349.98017498801
223,"mu_delta","delta",1.171,1.20836502051667,1.20819755,1.11290151,1.30575261,0.0373650205166667,0.0373650205166667,TRUE,1.00018545215872,5596.3252725012,7223.26386892947
223,"mu_eta","eta",-0.227,-0.253224674311167,-0.25274177,-0.3446784755,-0.1632302845,-0.0262246743111667,0.0262246743111667,TRUE,1.00010444617143,4176.72884625316,6293.91235930005
224,"mu_alpha","alpha",2.602,2.52425707081667,2.5181214,2.24614728,2.825945235,-0.0777429291833331,0.0777429291833331,TRUE,1.00123154229702,5351.25850359783,7016.64942191407
224,"mu_beta","beta",0.518,0.561953771880833,0.56043101,0.4673239395,0.663350544,0.0439537718808333,0.0439537718808333,TRUE,1.00095846269653,3653.83386693861,5613.75626653554
224,"mu_lambda","lambda",0.0239,0.0103842329575035,0.00921308045,0.001407898255,0.02363647545,-0.0135157670424965,0.0135157670424965,FALSE,1.00025653604623,8348.47689253523,7445.87341538262
224,"mu_delta","delta",1.171,1.28563983730583,1.27804285,1.080915455,1.514721225,0.114639837305833,0.114639837305833,TRUE,1.00068100115686,3677.26416345397,5701.6005272599
224,"mu_eta","eta",-0.227,-0.308322897047083,-0.30939059,-0.402513292,-0.2128944665,-0.0813228970470833,0.0813228970470833,TRUE,1.00046687282747,3603.02599152652,5592.10745563682
225,"mu_alpha","alpha",3.697,3.73097862585,3.7240127,3.372614815,4.10918355,0.0339786258500001,0.0339786258500001,TRUE,1.00058932228615,5436.46867989753,6442.01518563638
225,"mu_beta","beta",0.518,0.592717698065833,0.59110032,0.5143343755,0.675031099,0.0747176980658333,0.0747176980658333,TRUE,1.00147787361882,5524.19050545036,7094.54363744834
225,"mu_lambda","lambda",0.0239,0.0208149109362692,0.020645726,0.008318552855,0.0339643073,-0.00308508906373084,0.00308508906373084,TRUE,1.00019124743844,7697.51270363593,6387.52891933676
225,"mu_delta","delta",1.171,1.1867483804325,1.1717731,1.018092165,1.40161113,0.0157483804325,0.0157483804325,TRUE,1.11240692657763,23.636367823089,209.217176474366
225,"mu_eta","eta",-0.227,-0.235140235694433,-0.23617173,-0.3282412565,-0.137565546,-0.00814023569443334,0.00814023569443334,TRUE,1.10181250619752,26.9193432029885,977.962979528501
226,"mu_alpha","alpha",1.628,1.5635165615875,1.55821775,1.277348635,1.867701355,-0.0644834384124999,0.0644834384124999,TRUE,1.00139891147331,2695.90210149831,4352.16170425789
226,"mu_beta","beta",0.185,0.0676560920767371,0.0666322725,-0.0130636826,0.1517066575,-0.117343907923263,0.117343907923263,FALSE,1.00488336162905,2605.21376622028,4578.64416581491
226,"mu_lambda","lambda",0.0512,0.0366634204620675,0.035597423,0.0100403283,0.067299951,-0.0145365795379325,0.0145365795379325,TRUE,1.00068399421019,5853.83647372261,4796.39976258647
226,"mu_delta","delta",1.171,1.11485369132917,1.11483655,0.9368962475,1.29189362,-0.0561463086708334,0.0561463086708334,TRUE,1.0011454990167,2974.84144547953,4647.76571780552
226,"mu_eta","eta",-0.227,-0.215210621733971,-0.215630185,-0.3526701,-0.0761943002000001,0.0117893782660292,0.0117893782660292,TRUE,1.00091847819104,4202.69590897878,6385.35302708525
227,"mu_alpha","alpha",2.602,2.19198533673333,2.1899124,1.941416385,2.45117147,-0.410014663266666,0.410014663266666,FALSE,0.999957177275196,5254.88329772038,7060.18024525648
227,"mu_beta","beta",0.185,0.106788668391267,0.106535795,0.02518464345,0.19002903,-0.0782113316087331,0.0782113316087331,TRUE,1.0006845447984,3429.46598013464,5354.45898278467
227,"mu_lambda","lambda",0.0512,0.052368699453025,0.0524585535,0.0325388917,0.07188606745,0.00116869945302499,0.00116869945302499,TRUE,1.00107298449268,10887.9743554741,7506.21181456374
227,"mu_delta","delta",1.171,1.18199990631333,1.1780219,1.04912159,1.330424405,0.0109999063133333,0.0109999063133333,TRUE,1.00066520196524,2974.55261600415,5813.69347108107
227,"mu_eta","eta",-0.227,-0.257237058631833,-0.25806972,-0.330486236,-0.181417936,-0.0302370586318333,0.0302370586318333,TRUE,1.00024794634829,8033.7253641669,8908.57517294473
228,"mu_alpha","alpha",3.697,4.03948644949167,4.03342625,3.710738355,4.38567741,0.342486449491666,0.342486449491666,FALSE,1.00036202674162,6844.47657274466,7673.97505132399
228,"mu_beta","beta",0.185,0.216429678819867,0.21582798,0.122795532,0.31140197,0.0314296788198667,0.0314296788198667,TRUE,1.00012300790477,4241.4190457857,6029.09613763114
228,"mu_lambda","lambda",0.0512,0.0671898590105,0.067310724,0.0558628053,0.0782456598,0.0159898590105,0.0159898590105,FALSE,1.00006065026084,15060.9721673975,8653.28472237501
228,"mu_delta","delta",1.171,1.17989173081417,1.17582205,1.0362009,1.336653805,0.00889173081416672,0.00889173081416672,TRUE,1.00288394254628,1991.21795831378,4147.7062894536
228,"mu_eta","eta",-0.227,-0.22803957829425,-0.22810437,-0.3169359675,-0.139472445,-0.00103957829425,0.00103957829425,TRUE,1.001387290173,1876.72121685334,5182.65003887092
229,"mu_alpha","alpha",1.628,1.85463288554167,1.85103075,1.617918505,2.101581045,0.226632885541667,0.226632885541667,TRUE,1.000145655816,6082.97167638425,7713.40634863489
229,"mu_beta","beta",0.352,0.28314611386,0.282916025,0.2042085005,0.3627429155,-0.06885388614,0.06885388614,TRUE,1.00099499919073,5246.03339487684,7750.81132380636
229,"mu_lambda","lambda",0.0512,0.0882883269453333,0.088106885,0.0637200797,0.113425133,0.0370883269453333,0.0370883269453333,FALSE,1.00027857331162,10182.3952104092,8854.19256906212
229,"mu_delta","delta",1.171,1.12881881621083,1.12469055,1.019598875,1.252595265,-0.0421811837891668,0.0421811837891668,TRUE,1.00089052579437,5018.40041754029,6785.89820947149
229,"mu_eta","eta",-0.227,-0.166178821526965,-0.167116725,-0.263716285,-0.0649332540000001,0.060821178473035,0.060821178473035,TRUE,1.00027016329331,6075.90387782646,7913.33364231889
230,"mu_alpha","alpha",2.602,2.77051433911667,2.766201,2.50109438,3.059200825,0.168514339116667,0.168514339116667,TRUE,0.99996603892198,7382.13676881979,9098.92312759503
230,"mu_beta","beta",0.352,0.356804331688333,0.35622442,0.2668584755,0.447805002,0.00480433168833333,0.00480433168833333,TRUE,1.00053286735631,5101.06544177292,7334.9035559541
230,"mu_lambda","lambda",0.0512,0.03544657154465,0.0352711055,0.01738870805,0.05438980055,-0.01575342845535,0.01575342845535,TRUE,0.999996021896683,9038.30890279617,7299.93718403316
230,"mu_delta","delta",1.171,1.18177264541833,1.178761,1.013585725,1.35694264,0.0107726454183332,0.0107726454183332,TRUE,1.00068677053129,3964.49018615265,6377.93352141675
230,"mu_eta","eta",-0.227,-0.319863995885417,-0.3198348,-0.39817382,-0.2414230715,-0.0928639958854166,0.0928639958854166,FALSE,1.00103402168098,5310.60018506541,7727.20379621037
231,"mu_alpha","alpha",3.697,3.96415162490833,3.9579364,3.68426872,4.262240115,0.267151624908333,0.267151624908333,TRUE,1.00012272348011,9389.43918919328,8606.32602956357
231,"mu_beta","beta",0.352,0.28569173125425,0.28544549,0.202814405,0.3692952175,-0.06630826874575,0.06630826874575,TRUE,0.999957340403124,5147.59361813133,7635.47655864308
231,"mu_lambda","lambda",0.0512,0.05698573875925,0.0567382485,0.03688302365,0.0779936587,0.00578573875924999,0.00578573875924999,TRUE,1.00026269444254,6034.39482567529,7107.42082591999
231,"mu_delta","delta",1.171,1.18053302158667,1.1713995,1.05299659,1.337671865,0.00953302158666669,0.00953302158666669,TRUE,1.00173963944214,1562.38915038514,2971.91815436599
231,"mu_eta","eta",-0.227,-0.185906601219958,-0.187028915,-0.2651662145,-0.102789043,0.0410933987800417,0.0410933987800417,TRUE,1.00127037984461,2694.78965970144,5353.6966720513
232,"mu_alpha","alpha",1.628,1.90742187775,1.90173515,1.59264603,2.238410065,0.27942187775,0.27942187775,TRUE,1.00191848682762,3338.47603941458,5981.52953190701
232,"mu_beta","beta",0.518,0.491405234323333,0.49102501,0.397810566,0.587625909,-0.0265947656766667,0.0265947656766667,TRUE,1.00099507167232,2963.83396910955,4821.49372844352
232,"mu_lambda","lambda",0.0512,0.0547052399601667,0.054863003,0.0378286795,0.0709002871,0.00350523996016666,0.00350523996016666,TRUE,1.00004785609459,10143.355829859,6818.50774557555
232,"mu_delta","delta",1.171,1.283488296075,1.27347645,1.161359475,1.43996209,0.112488296075,0.112488296075,TRUE,1.00183311725854,3113.32075813932,3581.49884482373
232,"mu_eta","eta",-0.227,-0.238373988267833,-0.239239855,-0.3300168875,-0.1440791545,-0.0113739882678333,0.0113739882678333,TRUE,1.0021643497287,3380.74666956677,5448.34792694779
233,"mu_alpha","alpha",2.602,2.49025215061667,2.485481,2.19083352,2.79779494,-0.111747849383333,0.111747849383333,TRUE,1.00078192527902,4770.60505499225,7010.6442215251
233,"mu_beta","beta",0.518,0.559651291915833,0.559209695,0.4511972555,0.671003441,0.0416512919158333,0.0416512919158333,TRUE,1.0003747241916,3343.57699292156,5481.46149593482
233,"mu_lambda","lambda",0.0512,0.0665692459461667,0.0665505645,0.04647918355,0.08660849815,0.0153692459461667,0.0153692459461667,TRUE,1.00053723201148,6846.22154715696,7743.46116195312
233,"mu_delta","delta",1.171,1.29342756021417,1.29169095,1.1705693,1.42002116,0.122427560214167,0.122427560214167,TRUE,1.0014987012915,4620.28024637934,6321.92647984153
233,"mu_eta","eta",-0.227,-0.268209108009375,-0.26866441,-0.355744408,-0.178662071,-0.041209108009375,0.041209108009375,TRUE,1.00119734391244,3758.66501437616,6415.85970034209
234,"mu_alpha","alpha",3.697,3.729139321825,3.724645,3.295966285,4.17835388,0.0321393218249999,0.0321393218249999,TRUE,1.00058044088486,3025.91361619086,5429.21203520376
234,"mu_beta","beta",0.518,0.450406304834167,0.449402005,0.383932339,0.5191368875,-0.0675936951658334,0.0675936951658334,TRUE,1.00126346180769,4724.13562040887,6344.74762397633
234,"mu_lambda","lambda",0.0512,0.0596836878509167,0.059685015,0.0415221694,0.0776884162,0.00848368785091667,0.00848368785091667,TRUE,1.00076874279172,4121.63811744363,6014.85369028702
234,"mu_delta","delta",1.171,1.31457997445167,1.30824005,1.11064018,1.545667295,0.143579974451667,0.143579974451667,TRUE,1.00398119296875,1962.2275688081,4878.32375867001
234,"mu_eta","eta",-0.227,-0.235297199738225,-0.235717035,-0.3196442465,-0.1496850455,-0.00829719973822499,0.00829719973822499,TRUE,1.00202677725899,1902.17855912658,3798.4810178431
235,"mu_alpha","alpha",1.628,1.89523319890833,1.89253935,1.662754585,2.13907314,0.267233198908333,0.267233198908333,FALSE,1.00019249993375,8651.61946373328,9385.69156755046
235,"mu_beta","beta",0.185,0.230846954321581,0.230023085,0.1347443355,0.329012577,0.0458469543215812,0.0458469543215812,TRUE,1.0004603117501,4054.60531238549,6407.61613883322
235,"mu_lambda","lambda",0.0808,0.0795491615021667,0.079439483,0.0531073183,0.1060662375,-0.00125083849783333,0.00125083849783333,TRUE,1.00051529882541,11162.2928060796,8297.78397141284
235,"mu_delta","delta",1.171,1.125823448425,1.1244541,0.984840523,1.270103995,-0.045176551575,0.045176551575,TRUE,1.00058624237372,5370.81050596946,6972.20458894171
235,"mu_eta","eta",-0.227,-0.252121957721833,-0.252693855,-0.338031635,-0.16498122,-0.0251219577218333,0.0251219577218333,TRUE,1.00022812412854,8606.25620036043,9429.51927769666
236,"mu_alpha","alpha",2.602,2.94013989795,2.93424625,2.56501057,3.3381064,0.33813989795,0.33813989795,TRUE,1.00075520772265,4461.95473583261,7152.28481413826
236,"mu_beta","beta",0.185,0.102880695127382,0.1026117,0.0293994656,0.175934409,-0.0821193048726183,0.0821193048726183,FALSE,1.00053406538674,6362.29844468622,7920.3240811766
236,"mu_lambda","lambda",0.0808,0.0808574508496667,0.0809787785,0.058784419,0.102506598,5.74508496666709e-05,5.74508496666709e-05,TRUE,1.00015417428226,10486.7676858784,8575.19951872529
236,"mu_delta","delta",1.171,1.15400929919667,1.15350595,1.04798525,1.26203828,-0.0169907008033334,0.0169907008033334,TRUE,1.00078128583039,5603.6077134383,8114.50966615939
236,"mu_eta","eta",-0.227,-0.294570558584083,-0.294464205,-0.399251136,-0.190123933,-0.0675705585840833,0.0675705585840833,TRUE,1.00023795436902,4900.39645184775,7118.52226146032
237,"mu_alpha","alpha",3.697,3.64175104819167,3.63467855,3.34083152,3.96236037,-0.0552489518083332,0.0552489518083332,TRUE,1.00016037317956,7073.06573086164,8105.48623427628
237,"mu_beta","beta",0.185,0.170749930584806,0.17034507,0.0697162778,0.2706535165,-0.0142500694151942,0.0142500694151942,TRUE,1.00060475620298,3237.84720882452,5389.00649999241
237,"mu_lambda","lambda",0.0808,0.0928364025365833,0.0928671485,0.07442407085,0.1108647945,0.0120364025365833,0.0120364025365833,TRUE,1.00032283465238,7826.92347540075,7786.18178796664
237,"mu_delta","delta",1.171,1.09447673046417,1.0916117,0.935047118,1.26142965,-0.0765232695358333,0.0765232695358333,TRUE,1.00263101286875,2662.34333822779,4797.75405225966
237,"mu_eta","eta",-0.227,-0.188604082441528,-0.189375195,-0.285134543,-0.08957642815,0.0383959175584717,0.0383959175584717,TRUE,1.00113950922873,3794.26194631754,6253.65787697324
238,"mu_alpha","alpha",1.628,1.42096289990833,1.42081795,1.24390249,1.59794365,-0.207037100091667,0.207037100091667,FALSE,1.00061667256547,5196.54061696029,7676.07214239495
238,"mu_beta","beta",0.352,0.3146627390675,0.313722985,0.2416850965,0.38802248,-0.0373372609325,0.0373372609325,TRUE,0.999947834605326,3749.71458138751,5690.28793175453
238,"mu_lambda","lambda",0.0808,0.0780590413671667,0.07799026,0.05263487015,0.1044006305,-0.00274095863283333,0.00274095863283333,TRUE,1.00075034140549,7270.27052257052,7185.15150746783
238,"mu_delta","delta",1.171,1.24123895939583,1.2405237,1.06855914,1.41417053,0.0702389593958332,0.0702389593958332,TRUE,1.00028796021264,2644.54878481394,4955.43008474538
238,"mu_eta","eta",-0.227,-0.34929015963825,-0.349671355,-0.4487137545,-0.2465437455,-0.12229015963825,0.12229015963825,FALSE,1.00008373721624,4407.5233271265,6491.70429594277
239,"mu_alpha","alpha",2.602,2.63667376120833,2.63289915,2.32929079,2.957550115,0.0346737612083334,0.0346737612083334,TRUE,1.00115361968039,4432.34581279646,7002.75927075309
239,"mu_beta","beta",0.352,0.377020611351667,0.37657077,0.278500632,0.478118768,0.0250206113516667,0.0250206113516667,TRUE,1.00072385797135,3400.64298215897,5826.87576684675
239,"mu_lambda","lambda",0.0808,0.086192804654,0.086052246,0.06378052845,0.109197153,0.00539280465400001,0.00539280465400001,TRUE,1.00016388757609,6365.99077505938,7362.03912024607
239,"mu_delta","delta",1.171,1.13197273984083,1.1291164,0.983216906,1.29054201,-0.0390272601591668,0.0390272601591668,TRUE,1.00036714958711,3471.57290761517,5470.52070613221
239,"mu_eta","eta",-0.227,-0.2524411029136,-0.25297168,-0.3507174845,-0.151347481,-0.0254411029136,0.0254411029136,TRUE,0.999848420178462,3723.6371565093,5626.36915752747
240,"mu_alpha","alpha",3.697,3.56259586151667,3.5540501,3.29045035,3.85817835,-0.134404138483333,0.134404138483333,TRUE,1.00032153979986,11157.2320585327,9605.82385129358
240,"mu_beta","beta",0.352,0.351299867219167,0.35064376,0.2629101285,0.4422416685,-0.000700132780833307,0.000700132780833307,TRUE,0.999981590805357,6435.19028097119,7934.69688641525
240,"mu_lambda","lambda",0.0808,0.07616599444825,0.0759924205,0.0545512573,0.0978737180999999,-0.00463400555175,0.00463400555175,TRUE,1.00037754287148,7098.92655542596,7655.23728323324
240,"mu_delta","delta",1.171,1.127385561865,1.12373855,1.02741036,1.24079377,-0.0436144381350001,0.0436144381350001,TRUE,1.00147711653942,5742.48015779671,6822.1547900829
240,"mu_eta","eta",-0.227,-0.122495299455163,-0.12250051,-0.2187857775,-0.0256689061000001,0.104504700544837,0.104504700544837,FALSE,1.0007365517318,4341.32680734674,6532.75992419606
241,"mu_alpha","alpha",1.628,1.634027906975,1.63050975,1.40524767,1.87724733,0.00602790697500022,0.00602790697500022,TRUE,1.00048638068847,4463.01345398393,6768.96141900554
241,"mu_beta","beta",0.518,0.577201194584167,0.576542545,0.4929136815,0.663152351,0.0592011945841666,0.0592011945841666,TRUE,1.00046611792036,3781.85540239081,6035.4153606887
241,"mu_lambda","lambda",0.0808,0.0670761949133333,0.0670194655,0.0457407084,0.0891912163,-0.0137238050866667,0.0137238050866667,TRUE,1.00019664508921,6534.63154212454,6660.9430337188
241,"mu_delta","delta",1.171,1.24022508870333,1.23694035,1.02058566,1.472850285,0.0692250887033332,0.0692250887033332,TRUE,1.00089093948272,3566.89462741551,4058.43029620779
241,"mu_eta","eta",-0.227,-0.218457807140583,-0.219021945,-0.2968122015,-0.139402786,0.00854219285941668,0.00854219285941668,TRUE,1.00056080370437,3813.49045104549,5773.56701615702
242,"mu_alpha","alpha",2.602,2.602670921425,2.59940025,2.374002015,2.846545375,0.000670921425000248,0.000670921425000248,TRUE,1.00008577718932,9769.26277895863,9256.52146463677
242,"mu_beta","beta",0.518,0.5440886863825,0.544270865,0.457784065,0.6309308095,0.0260886863824999,0.0260886863824999,TRUE,1.0002995233091,6732.48506426749,7740.7709227585
242,"mu_lambda","lambda",0.0808,0.0912588826680833,0.0911885225,0.07496134985,0.1076070305,0.0104588826680833,0.0104588826680833,TRUE,1.0000873558471,11987.1980815314,8986.14657937356
242,"mu_delta","delta",1.171,0.999161210115833,0.99911978,0.8649083115,1.134264105,-0.171838789884167,0.171838789884167,FALSE,1.00081873812941,4369.10219240815,6220.1053101044
242,"mu_eta","eta",-0.227,-0.194135538010642,-0.194920255,-0.2812379575,-0.106516942,0.0328644619893583,0.0328644619893583,TRUE,1.00123600975839,5402.07408735881,7361.1299855408
243,"mu_alpha","alpha",3.697,4.05209079458333,4.04787235,3.690719875,4.439064015,0.355090794583333,0.355090794583333,TRUE,1.00054743423387,5946.39622301752,6969.56051421819
243,"mu_beta","beta",0.518,0.494409478084167,0.49461105,0.408216202,0.581250138,-0.0235905219158333,0.0235905219158333,TRUE,1.00053808284126,4914.66464677097,7036.13978189653
243,"mu_lambda","lambda",0.0808,0.07901647519925,0.078912985,0.0615986239,0.09691604515,-0.00178352480075,0.00178352480075,TRUE,1.00036001588279,6414.42089486019,7587.99323915337
243,"mu_delta","delta",1.171,1.09102898021333,1.0864856,0.9250629955,1.272530305,-0.0799710197866668,0.0799710197866668,TRUE,1.00056125433696,3317.87165382435,4841.64223385123
243,"mu_eta","eta",-0.227,-0.164429432788355,-0.164512625,-0.260547615,-0.06708279465,0.062570567211645,0.062570567211645,TRUE,1.00065450124302,2524.18528421068,4185.39110178992
